solid 
 facet normal -0.000000e+00 -1.000000e+00  0.000000e+00
   outer loop
     vertex  8.000000e+01  0.000000e+00  8.000000e+00
     vertex  0.000000e+00  0.000000e+00  8.000000e+00
     vertex  0.000000e+00  0.000000e+00  0.000000e+00
   endloop
 endfacet
 facet normal  0.000000e+00 -1.000000e+00  0.000000e+00
   outer loop
     vertex  8.000000e+01  0.000000e+00  0.000000e+00
     vertex  8.000000e+01  0.000000e+00  8.000000e+00
     vertex  0.000000e+00  0.000000e+00  0.000000e+00
   endloop
 endfacet
 facet normal -1.000000e+00  0.000000e+00  0.000000e+00
   outer loop
     vertex  0.000000e+00  0.000000e+00  0.000000e+00
     vertex  0.000000e+00  5.000000e+01  8.000000e+00
     vertex  0.000000e+00  5.000000e+01  0.000000e+00
   endloop
 endfacet
 facet normal -1.000000e+00  0.000000e+00  0.000000e+00
   outer loop
     vertex  0.000000e+00  0.000000e+00  0.000000e+00
     vertex  0.000000e+00  0.000000e+00  8.000000e+00
     vertex  0.000000e+00  5.000000e+01  8.000000e+00
   endloop
 endfacet
 facet normal  1.000000e+00  0.000000e+00  0.000000e+00
   outer loop
     vertex  8.000000e+01  5.000000e+01  0.000000e+00
     vertex  8.000000e+01  0.000000e+00  8.000000e+00
     vertex  8.000000e+01  0.000000e+00  0.000000e+00
   endloop
 endfacet
 facet normal  1.000000e+00  0.000000e+00 -0.000000e+00
   outer loop
     vertex  8.000000e+01  5.000000e+01  0.000000e+00
     vertex  8.000000e+01  5.000000e+01  8.000000e+00
     vertex  8.000000e+01  0.000000e+00  8.000000e+00
   endloop
 endfacet
 facet normal -0.000000e+00  0.000000e+00 -1.000000e+00
   outer loop
     vertex  7.240286e+00  7.104490e+00  0.000000e+00
     vertex  0.000000e+00  0.000000e+00  0.000000e+00
     vertex  7.161889e+00  7.181290e+00  0.000000e+00
   endloop
 endfacet
 facet normal  0.000000e+00 -0.000000e+00 -1.000000e+00
   outer loop
     vertex  7.085629e+00  7.260212e+00  0.000000e+00
     vertex  7.161889e+00  7.181290e+00  0.000000e+00
     vertex  0.000000e+00  0.000000e+00  0.000000e+00
   endloop
 endfacet
 facet normal -0.000000e+00  0.000000e+00 -1.000000e+00
   outer loop
     vertex  7.320760e+00  7.029870e+00  0.000000e+00
     vertex  0.000000e+00  0.000000e+00  0.000000e+00
     vertex  7.240286e+00  7.104490e+00  0.000000e+00
   endloop
 endfacet
 facet normal  0.000000e+00 -0.000000e+00 -1.000000e+00
   outer loop
     vertex  7.011562e+00  7.341196e+00  0.000000e+00
     vertex  7.085629e+00  7.260212e+00  0.000000e+00
     vertex  0.000000e+00  0.000000e+00  0.000000e+00
   endloop
 endfacet
 facet normal -0.000000e+00  0.000000e+00 -1.000000e+00
   outer loop
     vertex  7.403251e+00  6.957485e+00  0.000000e+00
     vertex  0.000000e+00  0.000000e+00  0.000000e+00
     vertex  7.320760e+00  7.029870e+00  0.000000e+00
   endloop
 endfacet
 facet normal  0.000000e+00 -0.000000e+00 -1.000000e+00
   outer loop
     vertex  6.939745e+00  7.424182e+00  0.000000e+00
     vertex  7.011562e+00  7.341196e+00  0.000000e+00
     vertex  0.000000e+00  0.000000e+00  0.000000e+00
   endloop
 endfacet
 facet normal -0.000000e+00  0.000000e+00 -1.000000e+00
   outer loop
     vertex  7.487697e+00  6.887391e+00  0.000000e+00
     vertex  0.000000e+00  0.000000e+00  0.000000e+00
     vertex  7.403251e+00  6.957485e+00  0.000000e+00
   endloop
 endfacet
 facet normal  0.000000e+00 -0.000000e+00 -1.000000e+00
   outer loop
     vertex  6.870232e+00  7.509106e+00  0.000000e+00
     vertex  6.939745e+00  7.424182e+00  0.000000e+00
     vertex  0.000000e+00  0.000000e+00  0.000000e+00
   endloop
 endfacet
 facet normal -0.000000e+00  0.000000e+00 -1.000000e+00
   outer loop
     vertex  7.574034e+00  6.819640e+00  0.000000e+00
     vertex  0.000000e+00  0.000000e+00  0.000000e+00
     vertex  7.487697e+00  6.887391e+00  0.000000e+00
   endloop
 endfacet
 facet normal  0.000000e+00 -0.000000e+00 -1.000000e+00
   outer loop
     vertex  6.803074e+00  7.595906e+00  0.000000e+00
     vertex  6.870232e+00  7.509106e+00  0.000000e+00
     vertex  0.000000e+00  0.000000e+00  0.000000e+00
   endloop
 endfacet
 facet normal -0.000000e+00  0.000000e+00 -1.000000e+00
   outer loop
     vertex  7.662197e+00  6.754283e+00  0.000000e+00
     vertex  0.000000e+00  0.000000e+00  0.000000e+00
     vertex  7.574034e+00  6.819640e+00  0.000000e+00
   endloop
 endfacet
 facet normal  0.000000e+00 -0.000000e+00 -1.000000e+00
   outer loop
     vertex  6.738324e+00  7.684516e+00  0.000000e+00
     vertex  6.803074e+00  7.595906e+00  0.000000e+00
     vertex  0.000000e+00  0.000000e+00  0.000000e+00
   endloop
 endfacet
 facet normal -0.000000e+00  0.000000e+00 -1.000000e+00
   outer loop
     vertex  7.752120e+00  6.691369e+00  0.000000e+00
     vertex  0.000000e+00  0.000000e+00  0.000000e+00
     vertex  7.662197e+00  6.754283e+00  0.000000e+00
   endloop
 endfacet
 facet normal  0.000000e+00 -0.000000e+00 -1.000000e+00
   outer loop
     vertex  6.676028e+00  7.774868e+00  0.000000e+00
     vertex  6.738324e+00  7.684516e+00  0.000000e+00
     vertex  0.000000e+00  0.000000e+00  0.000000e+00
   endloop
 endfacet
 facet normal -0.000000e+00  0.000000e+00 -1.000000e+00
   outer loop
     vertex  7.843736e+00  6.630946e+00  0.000000e+00
     vertex  0.000000e+00  0.000000e+00  0.000000e+00
     vertex  7.752120e+00  6.691369e+00  0.000000e+00
   endloop
 endfacet
 facet normal  0.000000e+00 -0.000000e+00 -1.000000e+00
   outer loop
     vertex  6.616235e+00  7.866896e+00  0.000000e+00
     vertex  6.676028e+00  7.774868e+00  0.000000e+00
     vertex  0.000000e+00  0.000000e+00  0.000000e+00
   endloop
 endfacet
 facet normal -0.000000e+00  0.000000e+00 -1.000000e+00
   outer loop
     vertex  7.936974e+00  6.573059e+00  0.000000e+00
     vertex  0.000000e+00  0.000000e+00  0.000000e+00
     vertex  7.843736e+00  6.630946e+00  0.000000e+00
   endloop
 endfacet
 facet normal  0.000000e+00 -0.000000e+00 -1.000000e+00
   outer loop
     vertex  6.558989e+00  7.960529e+00  0.000000e+00
     vertex  6.616235e+00  7.866896e+00  0.000000e+00
     vertex  0.000000e+00  0.000000e+00  0.000000e+00
   endloop
 endfacet
 facet normal -0.000000e+00  0.000000e+00 -1.000000e+00
   outer loop
     vertex  8.031765e+00  6.517752e+00  0.000000e+00
     vertex  0.000000e+00  0.000000e+00  0.000000e+00
     vertex  7.936974e+00  6.573059e+00  0.000000e+00
   endloop
 endfacet
 facet normal  0.000000e+00 -0.000000e+00 -1.000000e+00
   outer loop
     vertex  6.504333e+00  8.055697e+00  0.000000e+00
     vertex  6.558989e+00  7.960529e+00  0.000000e+00
     vertex  0.000000e+00  0.000000e+00  0.000000e+00
   endloop
 endfacet
 facet normal -0.000000e+00  0.000000e+00 -1.000000e+00
   outer loop
     vertex  8.128038e+00  6.465066e+00  0.000000e+00
     vertex  0.000000e+00  0.000000e+00  0.000000e+00
     vertex  8.031765e+00  6.517752e+00  0.000000e+00
   endloop
 endfacet
 facet normal  0.000000e+00 -0.000000e+00 -1.000000e+00
   outer loop
     vertex  6.452309e+00  8.152330e+00  0.000000e+00
     vertex  6.504333e+00  8.055697e+00  0.000000e+00
     vertex  0.000000e+00  0.000000e+00  0.000000e+00
   endloop
 endfacet
 facet normal -0.000000e+00  0.000000e+00 -1.000000e+00
   outer loop
     vertex  8.225720e+00  6.415041e+00  0.000000e+00
     vertex  0.000000e+00  0.000000e+00  0.000000e+00
     vertex  8.128038e+00  6.465066e+00  0.000000e+00
   endloop
 endfacet
 facet normal  0.000000e+00 -0.000000e+00 -1.000000e+00
   outer loop
     vertex  6.402955e+00  8.250353e+00  0.000000e+00
     vertex  6.452309e+00  8.152330e+00  0.000000e+00
     vertex  0.000000e+00  0.000000e+00  0.000000e+00
   endloop
 endfacet
 facet normal -0.000000e+00  0.000000e+00 -1.000000e+00
   outer loop
     vertex  8.324738e+00  6.367715e+00  0.000000e+00
     vertex  0.000000e+00  0.000000e+00  0.000000e+00
     vertex  8.225720e+00  6.415041e+00  0.000000e+00
   endloop
 endfacet
 facet normal  0.000000e+00 -0.000000e+00 -1.000000e+00
   outer loop
     vertex  6.356309e+00  8.349693e+00  0.000000e+00
     vertex  6.402955e+00  8.250353e+00  0.000000e+00
     vertex  0.000000e+00  0.000000e+00  0.000000e+00
   endloop
 endfacet
 facet normal -0.000000e+00  0.000000e+00 -1.000000e+00
   outer loop
     vertex  8.425017e+00  6.323122e+00  0.000000e+00
     vertex  0.000000e+00  0.000000e+00  0.000000e+00
     vertex  8.324738e+00  6.367715e+00  0.000000e+00
   endloop
 endfacet
 facet normal  0.000000e+00 -0.000000e+00 -1.000000e+00
   outer loop
     vertex  6.312406e+00  8.450275e+00  0.000000e+00
     vertex  6.356309e+00  8.349693e+00  0.000000e+00
     vertex  0.000000e+00  0.000000e+00  0.000000e+00
   endloop
 endfacet
 facet normal -0.000000e+00  0.000000e+00 -1.000000e+00
   outer loop
     vertex  8.526481e+00  6.281298e+00  0.000000e+00
     vertex  0.000000e+00  0.000000e+00  0.000000e+00
     vertex  8.425017e+00  6.323122e+00  0.000000e+00
   endloop
 endfacet
 facet normal  0.000000e+00 -0.000000e+00 -1.000000e+00
   outer loop
     vertex  6.271278e+00  8.552024e+00  0.000000e+00
     vertex  6.312406e+00  8.450275e+00  0.000000e+00
     vertex  0.000000e+00  0.000000e+00  0.000000e+00
   endloop
 endfacet
 facet normal -0.000000e+00  0.000000e+00 -1.000000e+00
   outer loop
     vertex  8.629055e+00  6.242273e+00  0.000000e+00
     vertex  0.000000e+00  0.000000e+00  0.000000e+00
     vertex  8.526481e+00  6.281298e+00  0.000000e+00
   endloop
 endfacet
 facet normal  0.000000e+00 -0.000000e+00 -1.000000e+00
   outer loop
     vertex  6.232958e+00  8.654863e+00  0.000000e+00
     vertex  6.271278e+00  8.552024e+00  0.000000e+00
     vertex  0.000000e+00  0.000000e+00  0.000000e+00
   endloop
 endfacet
 facet normal -0.000000e+00  0.000000e+00 -1.000000e+00
   outer loop
     vertex  8.732661e+00  6.206077e+00  0.000000e+00
     vertex  0.000000e+00  0.000000e+00  0.000000e+00
     vertex  8.629055e+00  6.242273e+00  0.000000e+00
   endloop
 endfacet
 facet normal  0.000000e+00 -0.000000e+00 -1.000000e+00
   outer loop
     vertex  6.197473e+00  8.758714e+00  0.000000e+00
     vertex  6.232958e+00  8.654863e+00  0.000000e+00
     vertex  0.000000e+00  0.000000e+00  0.000000e+00
   endloop
 endfacet
 facet normal -0.000000e+00  0.000000e+00 -1.000000e+00
   outer loop
     vertex  8.837220e+00  6.172737e+00  0.000000e+00
     vertex  0.000000e+00  0.000000e+00  0.000000e+00
     vertex  8.732661e+00  6.206077e+00  0.000000e+00
   endloop
 endfacet
 facet normal  0.000000e+00 -0.000000e+00 -1.000000e+00
   outer loop
     vertex  6.164851e+00  8.863500e+00  0.000000e+00
     vertex  6.197473e+00  8.758714e+00  0.000000e+00
     vertex  0.000000e+00  0.000000e+00  0.000000e+00
   endloop
 endfacet
 facet normal -0.000000e+00  0.000000e+00 -1.000000e+00
   outer loop
     vertex  8.942655e+00  6.142278e+00  0.000000e+00
     vertex  0.000000e+00  0.000000e+00  0.000000e+00
     vertex  8.837220e+00  6.172737e+00  0.000000e+00
   endloop
 endfacet
 facet normal  0.000000e+00 -0.000000e+00 -1.000000e+00
   outer loop
     vertex  6.135116e+00  8.969142e+00  0.000000e+00
     vertex  6.164851e+00  8.863500e+00  0.000000e+00
     vertex  0.000000e+00  0.000000e+00  0.000000e+00
   endloop
 endfacet
 facet normal -0.000000e+00  0.000000e+00 -1.000000e+00
   outer loop
     vertex  9.048886e+00  6.114722e+00  0.000000e+00
     vertex  0.000000e+00  0.000000e+00  0.000000e+00
     vertex  8.942655e+00  6.142278e+00  0.000000e+00
   endloop
 endfacet
 facet normal  0.000000e+00 -0.000000e+00 -1.000000e+00
   outer loop
     vertex  6.108290e+00  9.075559e+00  0.000000e+00
     vertex  6.135116e+00  8.969142e+00  0.000000e+00
     vertex  0.000000e+00  0.000000e+00  0.000000e+00
   endloop
 endfacet
 facet normal -0.000000e+00  0.000000e+00 -1.000000e+00
   outer loop
     vertex  9.155833e+00  6.090092e+00  0.000000e+00
     vertex  0.000000e+00  0.000000e+00  0.000000e+00
     vertex  9.048886e+00  6.114722e+00  0.000000e+00
   endloop
 endfacet
 facet normal  0.000000e+00 -0.000000e+00 -1.000000e+00
   outer loop
     vertex  6.084393e+00  9.182672e+00  0.000000e+00
     vertex  6.108290e+00  9.075559e+00  0.000000e+00
     vertex  0.000000e+00  0.000000e+00  0.000000e+00
   endloop
 endfacet
 facet normal -0.000000e+00  0.000000e+00 -1.000000e+00
   outer loop
     vertex  9.263415e+00  6.068404e+00  0.000000e+00
     vertex  0.000000e+00  0.000000e+00  0.000000e+00
     vertex  9.155833e+00  6.090092e+00  0.000000e+00
   endloop
 endfacet
 facet normal  0.000000e+00 -0.000000e+00 -1.000000e+00
   outer loop
     vertex  6.063445e+00  9.290401e+00  0.000000e+00
     vertex  6.084393e+00  9.182672e+00  0.000000e+00
     vertex  0.000000e+00  0.000000e+00  0.000000e+00
   endloop
 endfacet
 facet normal -0.000000e+00  0.000000e+00 -1.000000e+00
   outer loop
     vertex  9.371552e+00  6.049677e+00  0.000000e+00
     vertex  0.000000e+00  0.000000e+00  0.000000e+00
     vertex  9.263415e+00  6.068404e+00  0.000000e+00
   endloop
 endfacet
 facet normal  0.000000e+00 -0.000000e+00 -1.000000e+00
   outer loop
     vertex  6.045459e+00  9.398664e+00  0.000000e+00
     vertex  6.063445e+00  9.290401e+00  0.000000e+00
     vertex  0.000000e+00  0.000000e+00  0.000000e+00
   endloop
 endfacet
 facet normal -0.000000e+00  0.000000e+00 -1.000000e+00
   outer loop
     vertex  9.480162e+00  6.033923e+00  0.000000e+00
     vertex  0.000000e+00  0.000000e+00  0.000000e+00
     vertex  9.371552e+00  6.049677e+00  0.000000e+00
   endloop
 endfacet
 facet normal  0.000000e+00 -0.000000e+00 -1.000000e+00
   outer loop
     vertex  6.030450e+00  9.507379e+00  0.000000e+00
     vertex  6.045459e+00  9.398664e+00  0.000000e+00
     vertex  0.000000e+00  0.000000e+00  0.000000e+00
   endloop
 endfacet
 facet normal -0.000000e+00  0.000000e+00 -1.000000e+00
   outer loop
     vertex  9.589163e+00  6.021154e+00  0.000000e+00
     vertex  0.000000e+00  0.000000e+00  0.000000e+00
     vertex  9.480162e+00  6.033923e+00  0.000000e+00
   endloop
 endfacet
 facet normal  0.000000e+00 -0.000000e+00 -1.000000e+00
   outer loop
     vertex  6.018430e+00  9.616465e+00  0.000000e+00
     vertex  6.030450e+00  9.507379e+00  0.000000e+00
     vertex  0.000000e+00  0.000000e+00  0.000000e+00
   endloop
 endfacet
 facet normal -0.000000e+00  0.000000e+00 -1.000000e+00
   outer loop
     vertex  9.698474e+00  6.011381e+00  0.000000e+00
     vertex  0.000000e+00  0.000000e+00  0.000000e+00
     vertex  9.589163e+00  6.021154e+00  0.000000e+00
   endloop
 endfacet
 facet normal  0.000000e+00 -0.000000e+00 -1.000000e+00
   outer loop
     vertex  6.009407e+00  9.725840e+00  0.000000e+00
     vertex  6.018430e+00  9.616465e+00  0.000000e+00
     vertex  0.000000e+00  0.000000e+00  0.000000e+00
   endloop
 endfacet
 facet normal -0.000000e+00  0.000000e+00 -1.000000e+00
   outer loop
     vertex  9.808011e+00  6.004610e+00  0.000000e+00
     vertex  0.000000e+00  0.000000e+00  0.000000e+00
     vertex  9.698474e+00  6.011381e+00  0.000000e+00
   endloop
 endfacet
 facet normal  0.000000e+00 -0.000000e+00 -1.000000e+00
   outer loop
     vertex  6.003387e+00  9.835422e+00  0.000000e+00
     vertex  6.009407e+00  9.725840e+00  0.000000e+00
     vertex  0.000000e+00  0.000000e+00  0.000000e+00
   endloop
 endfacet
 facet normal -0.000000e+00  0.000000e+00 -1.000000e+00
   outer loop
     vertex  9.917693e+00  6.000847e+00  0.000000e+00
     vertex  0.000000e+00  0.000000e+00  0.000000e+00
     vertex  9.808011e+00  6.004610e+00  0.000000e+00
   endloop
 endfacet
 facet normal  0.000000e+00 -0.000000e+00 -1.000000e+00
   outer loop
     vertex  6.000376e+00  9.945127e+00  0.000000e+00
     vertex  6.003387e+00  9.835422e+00  0.000000e+00
     vertex  0.000000e+00  0.000000e+00  0.000000e+00
   endloop
 endfacet
 facet normal -0.000000e+00  0.000000e+00 -1.000000e+00
   outer loop
     vertex  1.002744e+01  6.000094e+00  0.000000e+00
     vertex  0.000000e+00  0.000000e+00  0.000000e+00
     vertex  9.917693e+00  6.000847e+00  0.000000e+00
   endloop
 endfacet
 facet normal  0.000000e+00 -0.000000e+00 -1.000000e+00
   outer loop
     vertex  6.000376e+00  1.005487e+01  0.000000e+00
     vertex  6.000376e+00  9.945127e+00  0.000000e+00
     vertex  0.000000e+00  0.000000e+00  0.000000e+00
   endloop
 endfacet
 facet normal  0.000000e+00  0.000000e+00 -1.000000e+00
   outer loop
     vertex  1.013716e+01  6.002352e+00  0.000000e+00
     vertex  0.000000e+00  0.000000e+00  0.000000e+00
     vertex  1.002744e+01  6.000094e+00  0.000000e+00
   endloop
 endfacet
 facet normal  0.000000e+00  0.000000e+00 -1.000000e+00
   outer loop
     vertex  6.003387e+00  1.016458e+01  0.000000e+00
     vertex  6.000376e+00  1.005487e+01  0.000000e+00
     vertex  0.000000e+00  0.000000e+00  0.000000e+00
   endloop
 endfacet
 facet normal  0.000000e+00  0.000000e+00 -1.000000e+00
   outer loop
     vertex  1.024678e+01  6.007620e+00  0.000000e+00
     vertex  0.000000e+00  0.000000e+00  0.000000e+00
     vertex  1.013716e+01  6.002352e+00  0.000000e+00
   endloop
 endfacet
 facet normal  0.000000e+00  0.000000e+00 -1.000000e+00
   outer loop
     vertex  6.009407e+00  1.027416e+01  0.000000e+00
     vertex  6.003387e+00  1.016458e+01  0.000000e+00
     vertex  0.000000e+00  0.000000e+00  0.000000e+00
   endloop
 endfacet
 facet normal  0.000000e+00  0.000000e+00 -1.000000e+00
   outer loop
     vertex  1.035621e+01  6.015893e+00  0.000000e+00
     vertex  0.000000e+00  0.000000e+00  0.000000e+00
     vertex  1.024678e+01  6.007620e+00  0.000000e+00
   endloop
 endfacet
 facet normal  0.000000e+00  0.000000e+00 -1.000000e+00
   outer loop
     vertex  6.018430e+00  1.038353e+01  0.000000e+00
     vertex  6.009407e+00  1.027416e+01  0.000000e+00
     vertex  0.000000e+00  0.000000e+00  0.000000e+00
   endloop
 endfacet
 facet normal  0.000000e+00  0.000000e+00 -1.000000e+00
   outer loop
     vertex  1.046538e+01  6.027165e+00  0.000000e+00
     vertex  0.000000e+00  0.000000e+00  0.000000e+00
     vertex  1.035621e+01  6.015893e+00  0.000000e+00
   endloop
 endfacet
 facet normal  0.000000e+00  0.000000e+00 -1.000000e+00
   outer loop
     vertex  6.030450e+00  1.049262e+01  0.000000e+00
     vertex  6.018430e+00  1.038353e+01  0.000000e+00
     vertex  0.000000e+00  0.000000e+00  0.000000e+00
   endloop
 endfacet
 facet normal  0.000000e+00  0.000000e+00 -1.000000e+00
   outer loop
     vertex  1.057420e+01  6.041427e+00  0.000000e+00
     vertex  0.000000e+00  0.000000e+00  0.000000e+00
     vertex  1.046538e+01  6.027165e+00  0.000000e+00
   endloop
 endfacet
 facet normal  0.000000e+00  0.000000e+00 -1.000000e+00
   outer loop
     vertex  6.045459e+00  1.060134e+01  0.000000e+00
     vertex  6.030450e+00  1.049262e+01  0.000000e+00
     vertex  0.000000e+00  0.000000e+00  0.000000e+00
   endloop
 endfacet
 facet normal  0.000000e+00  0.000000e+00 -1.000000e+00
   outer loop
     vertex  1.068258e+01  6.058670e+00  0.000000e+00
     vertex  0.000000e+00  0.000000e+00  0.000000e+00
     vertex  1.057420e+01  6.041427e+00  0.000000e+00
   endloop
 endfacet
 facet normal  0.000000e+00  0.000000e+00 -1.000000e+00
   outer loop
     vertex  6.063445e+00  1.070960e+01  0.000000e+00
     vertex  6.045459e+00  1.060134e+01  0.000000e+00
     vertex  0.000000e+00  0.000000e+00  0.000000e+00
   endloop
 endfacet
 facet normal  0.000000e+00  0.000000e+00 -1.000000e+00
   outer loop
     vertex  1.079045e+01  6.078879e+00  0.000000e+00
     vertex  0.000000e+00  0.000000e+00  0.000000e+00
     vertex  1.068258e+01  6.058670e+00  0.000000e+00
   endloop
 endfacet
 facet normal  0.000000e+00  0.000000e+00 -1.000000e+00
   outer loop
     vertex  6.084393e+00  1.081733e+01  0.000000e+00
     vertex  6.063445e+00  1.070960e+01  0.000000e+00
     vertex  0.000000e+00  0.000000e+00  0.000000e+00
   endloop
 endfacet
 facet normal  0.000000e+00  0.000000e+00 -1.000000e+00
   outer loop
     vertex  1.089772e+01  6.102040e+00  0.000000e+00
     vertex  0.000000e+00  0.000000e+00  0.000000e+00
     vertex  1.079045e+01  6.078879e+00  0.000000e+00
   endloop
 endfacet
 facet normal  0.000000e+00  0.000000e+00 -1.000000e+00
   outer loop
     vertex  6.108290e+00  1.092444e+01  0.000000e+00
     vertex  6.084393e+00  1.081733e+01  0.000000e+00
     vertex  0.000000e+00  0.000000e+00  0.000000e+00
   endloop
 endfacet
 facet normal  0.000000e+00  0.000000e+00 -1.000000e+00
   outer loop
     vertex  1.100432e+01  6.128136e+00  0.000000e+00
     vertex  0.000000e+00  0.000000e+00  0.000000e+00
     vertex  1.089772e+01  6.102040e+00  0.000000e+00
   endloop
 endfacet
 facet normal  0.000000e+00  0.000000e+00 -1.000000e+00
   outer loop
     vertex  6.135116e+00  1.103086e+01  0.000000e+00
     vertex  6.108290e+00  1.092444e+01  0.000000e+00
     vertex  0.000000e+00  0.000000e+00  0.000000e+00
   endloop
 endfacet
 facet normal  0.000000e+00  0.000000e+00 -1.000000e+00
   outer loop
     vertex  1.111017e+01  6.157146e+00  0.000000e+00
     vertex  0.000000e+00  0.000000e+00  0.000000e+00
     vertex  1.100432e+01  6.128136e+00  0.000000e+00
   endloop
 endfacet
 facet normal  0.000000e+00  0.000000e+00 -1.000000e+00
   outer loop
     vertex  6.164851e+00  1.113650e+01  0.000000e+00
     vertex  6.135116e+00  1.103086e+01  0.000000e+00
     vertex  0.000000e+00  0.000000e+00  0.000000e+00
   endloop
 endfacet
 facet normal  0.000000e+00  0.000000e+00 -1.000000e+00
   outer loop
     vertex  1.121517e+01  6.189048e+00  0.000000e+00
     vertex  0.000000e+00  0.000000e+00  0.000000e+00
     vertex  1.111017e+01  6.157146e+00  0.000000e+00
   endloop
 endfacet
 facet normal  0.000000e+00  0.000000e+00 -1.000000e+00
   outer loop
     vertex  6.197473e+00  1.124129e+01  0.000000e+00
     vertex  6.164851e+00  1.113650e+01  0.000000e+00
     vertex  0.000000e+00  0.000000e+00  0.000000e+00
   endloop
 endfacet
 facet normal  0.000000e+00  0.000000e+00 -1.000000e+00
   outer loop
     vertex  1.131927e+01  6.223820e+00  0.000000e+00
     vertex  0.000000e+00  0.000000e+00  0.000000e+00
     vertex  1.121517e+01  6.189048e+00  0.000000e+00
   endloop
 endfacet
 facet normal  0.000000e+00  0.000000e+00 -1.000000e+00
   outer loop
     vertex  6.232958e+00  1.134514e+01  0.000000e+00
     vertex  6.197473e+00  1.124129e+01  0.000000e+00
     vertex  0.000000e+00  0.000000e+00  0.000000e+00
   endloop
 endfacet
 facet normal  0.000000e+00  0.000000e+00 -1.000000e+00
   outer loop
     vertex  1.142237e+01  6.261434e+00  0.000000e+00
     vertex  0.000000e+00  0.000000e+00  0.000000e+00
     vertex  1.131927e+01  6.223820e+00  0.000000e+00
   endloop
 endfacet
 facet normal  0.000000e+00  0.000000e+00 -1.000000e+00
   outer loop
     vertex  1.152439e+01  6.301862e+00  0.000000e+00
     vertex  0.000000e+00  0.000000e+00  0.000000e+00
     vertex  1.142237e+01  6.261434e+00  0.000000e+00
   endloop
 endfacet
 facet normal  0.000000e+00  0.000000e+00 -1.000000e+00
   outer loop
     vertex  1.162528e+01  6.345075e+00  0.000000e+00
     vertex  0.000000e+00  0.000000e+00  0.000000e+00
     vertex  1.152439e+01  6.301862e+00  0.000000e+00
   endloop
 endfacet
 facet normal  0.000000e+00  0.000000e+00 -1.000000e+00
   outer loop
     vertex  7.161889e+00  3.718129e+01  0.000000e+00
     vertex  7.161889e+00  1.281871e+01  0.000000e+00
     vertex  7.085629e+00  1.273979e+01  0.000000e+00
   endloop
 endfacet
 facet normal -0.000000e+00  0.000000e+00 -1.000000e+00
   outer loop
     vertex  7.240286e+00  3.710449e+01  0.000000e+00
     vertex  7.161889e+00  1.281871e+01  0.000000e+00
     vertex  7.161889e+00  3.718129e+01  0.000000e+00
   endloop
 endfacet
 facet normal  0.000000e+00  0.000000e+00 -1.000000e+00
   outer loop
     vertex  7.240286e+00  3.710449e+01  0.000000e+00
     vertex  7.240286e+00  1.289551e+01  0.000000e+00
     vertex  7.161889e+00  1.281871e+01  0.000000e+00
   endloop
 endfacet
 facet normal  0.000000e+00 -0.000000e+00 -1.000000e+00
   outer loop
     vertex  7.085629e+00  3.726021e+01  0.000000e+00
     vertex  7.161889e+00  3.718129e+01  0.000000e+00
     vertex  7.085629e+00  1.273979e+01  0.000000e+00
   endloop
 endfacet
 facet normal -0.000000e+00  0.000000e+00 -1.000000e+00
   outer loop
     vertex  7.320760e+00  3.702987e+01  0.000000e+00
     vertex  7.240286e+00  1.289551e+01  0.000000e+00
     vertex  7.240286e+00  3.710449e+01  0.000000e+00
   endloop
 endfacet
 facet normal  0.000000e+00 -0.000000e+00 -1.000000e+00
   outer loop
     vertex  7.320760e+00  3.702987e+01  0.000000e+00
     vertex  7.403251e+00  1.304251e+01  0.000000e+00
     vertex  7.320760e+00  1.297013e+01  0.000000e+00
   endloop
 endfacet
 facet normal  0.000000e+00  0.000000e+00 -1.000000e+00
   outer loop
     vertex  7.320760e+00  3.702987e+01  0.000000e+00
     vertex  7.320760e+00  1.297013e+01  0.000000e+00
     vertex  7.240286e+00  1.289551e+01  0.000000e+00
   endloop
 endfacet
 facet normal  0.000000e+00  0.000000e+00 -1.000000e+00
   outer loop
     vertex  7.011562e+00  3.734120e+01  0.000000e+00
     vertex  7.085629e+00  3.726021e+01  0.000000e+00
     vertex  7.085629e+00  1.273979e+01  0.000000e+00
   endloop
 endfacet
 facet normal  0.000000e+00 -0.000000e+00 -1.000000e+00
   outer loop
     vertex  7.011562e+00  3.734120e+01  0.000000e+00
     vertex  7.085629e+00  1.273979e+01  0.000000e+00
     vertex  7.011562e+00  1.265880e+01  0.000000e+00
   endloop
 endfacet
 facet normal -0.000000e+00  0.000000e+00 -1.000000e+00
   outer loop
     vertex  7.403251e+00  3.695749e+01  0.000000e+00
     vertex  7.403251e+00  1.304251e+01  0.000000e+00
     vertex  7.320760e+00  3.702987e+01  0.000000e+00
   endloop
 endfacet
 facet normal  0.000000e+00  0.000000e+00 -1.000000e+00
   outer loop
     vertex  6.939745e+00  3.742418e+01  0.000000e+00
     vertex  7.011562e+00  3.734120e+01  0.000000e+00
     vertex  7.011562e+00  1.265880e+01  0.000000e+00
   endloop
 endfacet
 facet normal  0.000000e+00 -0.000000e+00 -1.000000e+00
   outer loop
     vertex  6.939745e+00  3.742418e+01  0.000000e+00
     vertex  7.011562e+00  1.265880e+01  0.000000e+00
     vertex  6.939745e+00  1.257582e+01  0.000000e+00
   endloop
 endfacet
 facet normal -0.000000e+00  0.000000e+00 -1.000000e+00
   outer loop
     vertex  7.487697e+00  3.688739e+01  0.000000e+00
     vertex  7.403251e+00  1.304251e+01  0.000000e+00
     vertex  7.403251e+00  3.695749e+01  0.000000e+00
   endloop
 endfacet
 facet normal  0.000000e+00  0.000000e+00 -1.000000e+00
   outer loop
     vertex  7.487697e+00  3.688739e+01  0.000000e+00
     vertex  7.487697e+00  1.311261e+01  0.000000e+00
     vertex  7.403251e+00  1.304251e+01  0.000000e+00
   endloop
 endfacet
 facet normal  0.000000e+00  0.000000e+00 -1.000000e+00
   outer loop
     vertex  6.870232e+00  3.750911e+01  0.000000e+00
     vertex  6.939745e+00  3.742418e+01  0.000000e+00
     vertex  6.939745e+00  1.257582e+01  0.000000e+00
   endloop
 endfacet
 facet normal  0.000000e+00 -0.000000e+00 -1.000000e+00
   outer loop
     vertex  6.870232e+00  3.750911e+01  0.000000e+00
     vertex  6.939745e+00  1.257582e+01  0.000000e+00
     vertex  6.870232e+00  1.249089e+01  0.000000e+00
   endloop
 endfacet
 facet normal  0.000000e+00  0.000000e+00 -1.000000e+00
   outer loop
     vertex  7.574034e+00  3.681964e+01  0.000000e+00
     vertex  7.574034e+00  1.318036e+01  0.000000e+00
     vertex  7.487697e+00  1.311261e+01  0.000000e+00
   endloop
 endfacet
 facet normal -0.000000e+00  0.000000e+00 -1.000000e+00
   outer loop
     vertex  7.574034e+00  3.681964e+01  0.000000e+00
     vertex  7.487697e+00  1.311261e+01  0.000000e+00
     vertex  7.487697e+00  3.688739e+01  0.000000e+00
   endloop
 endfacet
 facet normal  0.000000e+00  0.000000e+00 -1.000000e+00
   outer loop
     vertex  6.803074e+00  3.759591e+01  0.000000e+00
     vertex  6.870232e+00  3.750911e+01  0.000000e+00
     vertex  6.870232e+00  1.249089e+01  0.000000e+00
   endloop
 endfacet
 facet normal  0.000000e+00 -0.000000e+00 -1.000000e+00
   outer loop
     vertex  6.803074e+00  3.759591e+01  0.000000e+00
     vertex  6.870232e+00  1.249089e+01  0.000000e+00
     vertex  6.803074e+00  1.240409e+01  0.000000e+00
   endloop
 endfacet
 facet normal  0.000000e+00 -0.000000e+00 -1.000000e+00
   outer loop
     vertex  7.662197e+00  3.675428e+01  0.000000e+00
     vertex  7.752120e+00  1.330863e+01  0.000000e+00
     vertex  7.662197e+00  1.324572e+01  0.000000e+00
   endloop
 endfacet
 facet normal  0.000000e+00  0.000000e+00 -1.000000e+00
   outer loop
     vertex  7.662197e+00  3.675428e+01  0.000000e+00
     vertex  7.662197e+00  1.324572e+01  0.000000e+00
     vertex  7.574034e+00  1.318036e+01  0.000000e+00
   endloop
 endfacet
 facet normal -0.000000e+00  0.000000e+00 -1.000000e+00
   outer loop
     vertex  7.662197e+00  3.675428e+01  0.000000e+00
     vertex  7.574034e+00  1.318036e+01  0.000000e+00
     vertex  7.574034e+00  3.681964e+01  0.000000e+00
   endloop
 endfacet
 facet normal  0.000000e+00  0.000000e+00 -1.000000e+00
   outer loop
     vertex  6.738324e+00  3.768452e+01  0.000000e+00
     vertex  6.803074e+00  3.759591e+01  0.000000e+00
     vertex  6.803074e+00  1.240409e+01  0.000000e+00
   endloop
 endfacet
 facet normal  0.000000e+00 -0.000000e+00 -1.000000e+00
   outer loop
     vertex  6.738324e+00  3.768452e+01  0.000000e+00
     vertex  6.803074e+00  1.240409e+01  0.000000e+00
     vertex  6.738324e+00  1.231548e+01  0.000000e+00
   endloop
 endfacet
 facet normal  0.000000e+00 -0.000000e+00 -1.000000e+00
   outer loop
     vertex  7.752120e+00  3.669137e+01  0.000000e+00
     vertex  7.843736e+00  1.336905e+01  0.000000e+00
     vertex  7.752120e+00  1.330863e+01  0.000000e+00
   endloop
 endfacet
 facet normal -0.000000e+00  0.000000e+00 -1.000000e+00
   outer loop
     vertex  7.752120e+00  3.669137e+01  0.000000e+00
     vertex  7.752120e+00  1.330863e+01  0.000000e+00
     vertex  7.662197e+00  3.675428e+01  0.000000e+00
   endloop
 endfacet
 facet normal  0.000000e+00  0.000000e+00 -1.000000e+00
   outer loop
     vertex  6.676028e+00  3.777487e+01  0.000000e+00
     vertex  6.738324e+00  3.768452e+01  0.000000e+00
     vertex  6.738324e+00  1.231548e+01  0.000000e+00
   endloop
 endfacet
 facet normal  0.000000e+00 -0.000000e+00 -1.000000e+00
   outer loop
     vertex  6.676028e+00  3.777487e+01  0.000000e+00
     vertex  6.738324e+00  1.231548e+01  0.000000e+00
     vertex  6.676028e+00  1.222513e+01  0.000000e+00
   endloop
 endfacet
 facet normal -0.000000e+00  0.000000e+00 -1.000000e+00
   outer loop
     vertex  7.843736e+00  3.663095e+01  0.000000e+00
     vertex  7.843736e+00  1.336905e+01  0.000000e+00
     vertex  7.752120e+00  3.669137e+01  0.000000e+00
   endloop
 endfacet
 facet normal  0.000000e+00  0.000000e+00 -1.000000e+00
   outer loop
     vertex  6.616235e+00  3.786690e+01  0.000000e+00
     vertex  6.676028e+00  3.777487e+01  0.000000e+00
     vertex  6.676028e+00  1.222513e+01  0.000000e+00
   endloop
 endfacet
 facet normal  0.000000e+00 -0.000000e+00 -1.000000e+00
   outer loop
     vertex  6.616235e+00  3.786690e+01  0.000000e+00
     vertex  6.676028e+00  1.222513e+01  0.000000e+00
     vertex  6.616235e+00  1.213310e+01  0.000000e+00
   endloop
 endfacet
 facet normal -0.000000e+00  0.000000e+00 -1.000000e+00
   outer loop
     vertex  7.936974e+00  3.657306e+01  0.000000e+00
     vertex  7.843736e+00  1.336905e+01  0.000000e+00
     vertex  7.843736e+00  3.663095e+01  0.000000e+00
   endloop
 endfacet
 facet normal  0.000000e+00  0.000000e+00 -1.000000e+00
   outer loop
     vertex  7.936974e+00  3.657306e+01  0.000000e+00
     vertex  7.936974e+00  1.342694e+01  0.000000e+00
     vertex  7.843736e+00  1.336905e+01  0.000000e+00
   endloop
 endfacet
 facet normal  0.000000e+00  0.000000e+00 -1.000000e+00
   outer loop
     vertex  6.558989e+00  3.796053e+01  0.000000e+00
     vertex  6.616235e+00  3.786690e+01  0.000000e+00
     vertex  6.616235e+00  1.213310e+01  0.000000e+00
   endloop
 endfacet
 facet normal  0.000000e+00 -0.000000e+00 -1.000000e+00
   outer loop
     vertex  6.558989e+00  3.796053e+01  0.000000e+00
     vertex  6.616235e+00  1.213310e+01  0.000000e+00
     vertex  6.558989e+00  1.203947e+01  0.000000e+00
   endloop
 endfacet
 facet normal -0.000000e+00  0.000000e+00 -1.000000e+00
   outer loop
     vertex  8.031765e+00  3.651775e+01  0.000000e+00
     vertex  7.936974e+00  1.342694e+01  0.000000e+00
     vertex  7.936974e+00  3.657306e+01  0.000000e+00
   endloop
 endfacet
 facet normal  0.000000e+00  0.000000e+00 -1.000000e+00
   outer loop
     vertex  8.031765e+00  3.651775e+01  0.000000e+00
     vertex  8.031765e+00  1.348225e+01  0.000000e+00
     vertex  7.936974e+00  1.342694e+01  0.000000e+00
   endloop
 endfacet
 facet normal  0.000000e+00  0.000000e+00 -1.000000e+00
   outer loop
     vertex  6.504333e+00  3.805570e+01  0.000000e+00
     vertex  6.504333e+00  1.194430e+01  0.000000e+00
     vertex  6.452309e+00  1.184767e+01  0.000000e+00
   endloop
 endfacet
 facet normal  0.000000e+00  0.000000e+00 -1.000000e+00
   outer loop
     vertex  6.504333e+00  3.805570e+01  0.000000e+00
     vertex  6.558989e+00  3.796053e+01  0.000000e+00
     vertex  6.558989e+00  1.203947e+01  0.000000e+00
   endloop
 endfacet
 facet normal  0.000000e+00 -0.000000e+00 -1.000000e+00
   outer loop
     vertex  6.504333e+00  3.805570e+01  0.000000e+00
     vertex  6.558989e+00  1.203947e+01  0.000000e+00
     vertex  6.504333e+00  1.194430e+01  0.000000e+00
   endloop
 endfacet
 facet normal -0.000000e+00  0.000000e+00 -1.000000e+00
   outer loop
     vertex  8.128038e+00  3.646507e+01  0.000000e+00
     vertex  8.031765e+00  1.348225e+01  0.000000e+00
     vertex  8.031765e+00  3.651775e+01  0.000000e+00
   endloop
 endfacet
 facet normal  0.000000e+00 -0.000000e+00 -1.000000e+00
   outer loop
     vertex  8.128038e+00  3.646507e+01  0.000000e+00
     vertex  8.225720e+00  1.358496e+01  0.000000e+00
     vertex  8.128038e+00  1.353493e+01  0.000000e+00
   endloop
 endfacet
 facet normal  0.000000e+00  0.000000e+00 -1.000000e+00
   outer loop
     vertex  8.128038e+00  3.646507e+01  0.000000e+00
     vertex  8.128038e+00  1.353493e+01  0.000000e+00
     vertex  8.031765e+00  1.348225e+01  0.000000e+00
   endloop
 endfacet
 facet normal  0.000000e+00 -0.000000e+00 -1.000000e+00
   outer loop
     vertex  6.452309e+00  3.815233e+01  0.000000e+00
     vertex  6.504333e+00  3.805570e+01  0.000000e+00
     vertex  6.452309e+00  1.184767e+01  0.000000e+00
   endloop
 endfacet
 facet normal -0.000000e+00  0.000000e+00 -1.000000e+00
   outer loop
     vertex  8.225720e+00  3.641504e+01  0.000000e+00
     vertex  8.225720e+00  1.358496e+01  0.000000e+00
     vertex  8.128038e+00  3.646507e+01  0.000000e+00
   endloop
 endfacet
 facet normal  0.000000e+00 -0.000000e+00 -1.000000e+00
   outer loop
     vertex  6.402955e+00  3.825035e+01  0.000000e+00
     vertex  6.452309e+00  1.184767e+01  0.000000e+00
     vertex  6.402955e+00  1.174965e+01  0.000000e+00
   endloop
 endfacet
 facet normal  0.000000e+00  0.000000e+00 -1.000000e+00
   outer loop
     vertex  6.402955e+00  3.825035e+01  0.000000e+00
     vertex  6.402955e+00  1.174965e+01  0.000000e+00
     vertex  6.356309e+00  1.165031e+01  0.000000e+00
   endloop
 endfacet
 facet normal  0.000000e+00  0.000000e+00 -1.000000e+00
   outer loop
     vertex  6.402955e+00  3.825035e+01  0.000000e+00
     vertex  6.452309e+00  3.815233e+01  0.000000e+00
     vertex  6.452309e+00  1.184767e+01  0.000000e+00
   endloop
 endfacet
 facet normal -0.000000e+00  0.000000e+00 -1.000000e+00
   outer loop
     vertex  8.324738e+00  3.636771e+01  0.000000e+00
     vertex  8.225720e+00  1.358496e+01  0.000000e+00
     vertex  8.225720e+00  3.641504e+01  0.000000e+00
   endloop
 endfacet
 facet normal  0.000000e+00  0.000000e+00 -1.000000e+00
   outer loop
     vertex  8.324738e+00  3.636771e+01  0.000000e+00
     vertex  8.324738e+00  1.363229e+01  0.000000e+00
     vertex  8.225720e+00  1.358496e+01  0.000000e+00
   endloop
 endfacet
 facet normal  0.000000e+00  0.000000e+00 -1.000000e+00
   outer loop
     vertex  6.356309e+00  3.834969e+01  0.000000e+00
     vertex  6.356309e+00  1.165031e+01  0.000000e+00
     vertex  6.312406e+00  1.154973e+01  0.000000e+00
   endloop
 endfacet
 facet normal  0.000000e+00 -0.000000e+00 -1.000000e+00
   outer loop
     vertex  6.356309e+00  3.834969e+01  0.000000e+00
     vertex  6.402955e+00  3.825035e+01  0.000000e+00
     vertex  6.356309e+00  1.165031e+01  0.000000e+00
   endloop
 endfacet
 facet normal -0.000000e+00  0.000000e+00 -1.000000e+00
   outer loop
     vertex  8.425017e+00  3.632312e+01  0.000000e+00
     vertex  8.324738e+00  1.363229e+01  0.000000e+00
     vertex  8.324738e+00  3.636771e+01  0.000000e+00
   endloop
 endfacet
 facet normal  0.000000e+00  0.000000e+00 -1.000000e+00
   outer loop
     vertex  8.425017e+00  3.632312e+01  0.000000e+00
     vertex  8.425017e+00  1.367688e+01  0.000000e+00
     vertex  8.324738e+00  1.363229e+01  0.000000e+00
   endloop
 endfacet
 facet normal  0.000000e+00 -0.000000e+00 -1.000000e+00
   outer loop
     vertex  6.312406e+00  3.845027e+01  0.000000e+00
     vertex  6.356309e+00  3.834969e+01  0.000000e+00
     vertex  6.312406e+00  1.154973e+01  0.000000e+00
   endloop
 endfacet
 facet normal -0.000000e+00  0.000000e+00 -1.000000e+00
   outer loop
     vertex  8.526481e+00  3.628130e+01  0.000000e+00
     vertex  8.425017e+00  1.367688e+01  0.000000e+00
     vertex  8.425017e+00  3.632312e+01  0.000000e+00
   endloop
 endfacet
 facet normal  0.000000e+00 -0.000000e+00 -1.000000e+00
   outer loop
     vertex  8.526481e+00  3.628130e+01  0.000000e+00
     vertex  8.629055e+00  1.375773e+01  0.000000e+00
     vertex  8.526481e+00  1.371870e+01  0.000000e+00
   endloop
 endfacet
 facet normal  0.000000e+00  0.000000e+00 -1.000000e+00
   outer loop
     vertex  8.526481e+00  3.628130e+01  0.000000e+00
     vertex  8.526481e+00  1.371870e+01  0.000000e+00
     vertex  8.425017e+00  1.367688e+01  0.000000e+00
   endloop
 endfacet
 facet normal  0.000000e+00 -0.000000e+00 -1.000000e+00
   outer loop
     vertex  6.271278e+00  3.855202e+01  0.000000e+00
     vertex  6.312406e+00  1.154973e+01  0.000000e+00
     vertex  6.271278e+00  1.144798e+01  0.000000e+00
   endloop
 endfacet
 facet normal  0.000000e+00  0.000000e+00 -1.000000e+00
   outer loop
     vertex  6.271278e+00  3.855202e+01  0.000000e+00
     vertex  6.312406e+00  3.845027e+01  0.000000e+00
     vertex  6.312406e+00  1.154973e+01  0.000000e+00
   endloop
 endfacet
 facet normal -0.000000e+00  0.000000e+00 -1.000000e+00
   outer loop
     vertex  8.629055e+00  3.624227e+01  0.000000e+00
     vertex  8.629055e+00  1.375773e+01  0.000000e+00
     vertex  8.526481e+00  3.628130e+01  0.000000e+00
   endloop
 endfacet
 facet normal  0.000000e+00 -0.000000e+00 -1.000000e+00
   outer loop
     vertex  6.232958e+00  3.865486e+01  0.000000e+00
     vertex  6.271278e+00  1.144798e+01  0.000000e+00
     vertex  6.232958e+00  1.134514e+01  0.000000e+00
   endloop
 endfacet
 facet normal  0.000000e+00  0.000000e+00 -1.000000e+00
   outer loop
     vertex  6.232958e+00  3.865486e+01  0.000000e+00
     vertex  6.271278e+00  3.855202e+01  0.000000e+00
     vertex  6.271278e+00  1.144798e+01  0.000000e+00
   endloop
 endfacet
 facet normal  0.000000e+00 -0.000000e+00 -1.000000e+00
   outer loop
     vertex  8.732661e+00  3.620608e+01  0.000000e+00
     vertex  8.837220e+00  1.382726e+01  0.000000e+00
     vertex  8.732661e+00  1.379392e+01  0.000000e+00
   endloop
 endfacet
 facet normal  0.000000e+00  0.000000e+00 -1.000000e+00
   outer loop
     vertex  8.732661e+00  3.620608e+01  0.000000e+00
     vertex  8.732661e+00  1.379392e+01  0.000000e+00
     vertex  8.629055e+00  1.375773e+01  0.000000e+00
   endloop
 endfacet
 facet normal -0.000000e+00  0.000000e+00 -1.000000e+00
   outer loop
     vertex  8.732661e+00  3.620608e+01  0.000000e+00
     vertex  8.629055e+00  1.375773e+01  0.000000e+00
     vertex  8.629055e+00  3.624227e+01  0.000000e+00
   endloop
 endfacet
 facet normal -0.000000e+00  0.000000e+00 -1.000000e+00
   outer loop
     vertex  8.837220e+00  3.617274e+01  0.000000e+00
     vertex  8.837220e+00  1.382726e+01  0.000000e+00
     vertex  8.732661e+00  3.620608e+01  0.000000e+00
   endloop
 endfacet
 facet normal  0.000000e+00  0.000000e+00 -1.000000e+00
   outer loop
     vertex  8.942655e+00  3.614228e+01  0.000000e+00
     vertex  8.942655e+00  1.385772e+01  0.000000e+00
     vertex  8.837220e+00  1.382726e+01  0.000000e+00
   endloop
 endfacet
 facet normal -0.000000e+00  0.000000e+00 -1.000000e+00
   outer loop
     vertex  8.942655e+00  3.614228e+01  0.000000e+00
     vertex  8.837220e+00  1.382726e+01  0.000000e+00
     vertex  8.837220e+00  3.617274e+01  0.000000e+00
   endloop
 endfacet
 facet normal -0.000000e+00  0.000000e+00 -1.000000e+00
   outer loop
     vertex  9.048886e+00  3.611472e+01  0.000000e+00
     vertex  8.942655e+00  1.385772e+01  0.000000e+00
     vertex  8.942655e+00  3.614228e+01  0.000000e+00
   endloop
 endfacet
 facet normal  0.000000e+00  0.000000e+00 -1.000000e+00
   outer loop
     vertex  9.048886e+00  3.611472e+01  0.000000e+00
     vertex  9.048886e+00  1.388528e+01  0.000000e+00
     vertex  8.942655e+00  1.385772e+01  0.000000e+00
   endloop
 endfacet
 facet normal -0.000000e+00  0.000000e+00 -1.000000e+00
   outer loop
     vertex  9.155833e+00  3.609009e+01  0.000000e+00
     vertex  9.048886e+00  1.388528e+01  0.000000e+00
     vertex  9.048886e+00  3.611472e+01  0.000000e+00
   endloop
 endfacet
 facet normal  0.000000e+00  0.000000e+00 -1.000000e+00
   outer loop
     vertex  9.155833e+00  3.609009e+01  0.000000e+00
     vertex  9.155833e+00  1.390991e+01  0.000000e+00
     vertex  9.048886e+00  1.388528e+01  0.000000e+00
   endloop
 endfacet
 facet normal -0.000000e+00  0.000000e+00 -1.000000e+00
   outer loop
     vertex  9.263415e+00  3.606840e+01  0.000000e+00
     vertex  9.155833e+00  1.390991e+01  0.000000e+00
     vertex  9.155833e+00  3.609009e+01  0.000000e+00
   endloop
 endfacet
 facet normal  0.000000e+00 -0.000000e+00 -1.000000e+00
   outer loop
     vertex  9.263415e+00  3.606840e+01  0.000000e+00
     vertex  9.371552e+00  1.395032e+01  0.000000e+00
     vertex  9.263415e+00  1.393160e+01  0.000000e+00
   endloop
 endfacet
 facet normal  0.000000e+00  0.000000e+00 -1.000000e+00
   outer loop
     vertex  9.263415e+00  3.606840e+01  0.000000e+00
     vertex  9.263415e+00  1.393160e+01  0.000000e+00
     vertex  9.155833e+00  1.390991e+01  0.000000e+00
   endloop
 endfacet
 facet normal -0.000000e+00  0.000000e+00 -1.000000e+00
   outer loop
     vertex  9.371552e+00  3.604968e+01  0.000000e+00
     vertex  9.371552e+00  1.395032e+01  0.000000e+00
     vertex  9.263415e+00  3.606840e+01  0.000000e+00
   endloop
 endfacet
 facet normal -0.000000e+00  0.000000e+00 -1.000000e+00
   outer loop
     vertex  9.480162e+00  3.603392e+01  0.000000e+00
     vertex  9.371552e+00  1.395032e+01  0.000000e+00
     vertex  9.371552e+00  3.604968e+01  0.000000e+00
   endloop
 endfacet
 facet normal  0.000000e+00 -0.000000e+00 -1.000000e+00
   outer loop
     vertex  9.480162e+00  3.603392e+01  0.000000e+00
     vertex  9.589163e+00  1.397885e+01  0.000000e+00
     vertex  9.480162e+00  1.396608e+01  0.000000e+00
   endloop
 endfacet
 facet normal  0.000000e+00  0.000000e+00 -1.000000e+00
   outer loop
     vertex  9.480162e+00  3.603392e+01  0.000000e+00
     vertex  9.480162e+00  1.396608e+01  0.000000e+00
     vertex  9.371552e+00  1.395032e+01  0.000000e+00
   endloop
 endfacet
 facet normal -0.000000e+00  0.000000e+00 -1.000000e+00
   outer loop
     vertex  9.589163e+00  3.602115e+01  0.000000e+00
     vertex  9.589163e+00  1.397885e+01  0.000000e+00
     vertex  9.480162e+00  3.603392e+01  0.000000e+00
   endloop
 endfacet
 facet normal  0.000000e+00  0.000000e+00 -1.000000e+00
   outer loop
     vertex  9.698474e+00  3.601138e+01  0.000000e+00
     vertex  9.698474e+00  1.398862e+01  0.000000e+00
     vertex  9.589163e+00  1.397885e+01  0.000000e+00
   endloop
 endfacet
 facet normal -0.000000e+00  0.000000e+00 -1.000000e+00
   outer loop
     vertex  9.698474e+00  3.601138e+01  0.000000e+00
     vertex  9.589163e+00  1.397885e+01  0.000000e+00
     vertex  9.589163e+00  3.602115e+01  0.000000e+00
   endloop
 endfacet
 facet normal  0.000000e+00  0.000000e+00 -1.000000e+00
   outer loop
     vertex  9.808011e+00  3.600461e+01  0.000000e+00
     vertex  9.808011e+00  1.399539e+01  0.000000e+00
     vertex  9.698474e+00  1.398862e+01  0.000000e+00
   endloop
 endfacet
 facet normal -0.000000e+00  0.000000e+00 -1.000000e+00
   outer loop
     vertex  9.808011e+00  3.600461e+01  0.000000e+00
     vertex  9.698474e+00  1.398862e+01  0.000000e+00
     vertex  9.698474e+00  3.601138e+01  0.000000e+00
   endloop
 endfacet
 facet normal  0.000000e+00  0.000000e+00 -1.000000e+00
   outer loop
     vertex  9.917693e+00  3.600085e+01  0.000000e+00
     vertex  9.917693e+00  1.399915e+01  0.000000e+00
     vertex  9.808011e+00  1.399539e+01  0.000000e+00
   endloop
 endfacet
 facet normal -0.000000e+00  0.000000e+00 -1.000000e+00
   outer loop
     vertex  9.917693e+00  3.600085e+01  0.000000e+00
     vertex  9.808011e+00  1.399539e+01  0.000000e+00
     vertex  9.808011e+00  3.600461e+01  0.000000e+00
   endloop
 endfacet
 facet normal  0.000000e+00 -0.000000e+00 -1.000000e+00
   outer loop
     vertex  1.002744e+01  3.600009e+01  0.000000e+00
     vertex  1.013716e+01  1.399765e+01  0.000000e+00
     vertex  1.002744e+01  1.399991e+01  0.000000e+00
   endloop
 endfacet
 facet normal  0.000000e+00  0.000000e+00 -1.000000e+00
   outer loop
     vertex  1.002744e+01  3.600009e+01  0.000000e+00
     vertex  1.002744e+01  1.399991e+01  0.000000e+00
     vertex  9.917693e+00  1.399915e+01  0.000000e+00
   endloop
 endfacet
 facet normal -0.000000e+00  0.000000e+00 -1.000000e+00
   outer loop
     vertex  1.002744e+01  3.600009e+01  0.000000e+00
     vertex  9.917693e+00  1.399915e+01  0.000000e+00
     vertex  9.917693e+00  3.600085e+01  0.000000e+00
   endloop
 endfacet
 facet normal  0.000000e+00  0.000000e+00 -1.000000e+00
   outer loop
     vertex  1.013716e+01  3.600235e+01  0.000000e+00
     vertex  1.013716e+01  1.399765e+01  0.000000e+00
     vertex  1.002744e+01  3.600009e+01  0.000000e+00
   endloop
 endfacet
 facet normal  0.000000e+00  0.000000e+00 -1.000000e+00
   outer loop
     vertex  1.024678e+01  3.600762e+01  0.000000e+00
     vertex  1.024678e+01  1.399238e+01  0.000000e+00
     vertex  1.013716e+01  1.399765e+01  0.000000e+00
   endloop
 endfacet
 facet normal  0.000000e+00  0.000000e+00 -1.000000e+00
   outer loop
     vertex  1.024678e+01  3.600762e+01  0.000000e+00
     vertex  1.013716e+01  1.399765e+01  0.000000e+00
     vertex  1.013716e+01  3.600235e+01  0.000000e+00
   endloop
 endfacet
 facet normal  0.000000e+00 -0.000000e+00 -1.000000e+00
   outer loop
     vertex  1.035621e+01  3.601589e+01  0.000000e+00
     vertex  1.046538e+01  1.397284e+01  0.000000e+00
     vertex  1.035621e+01  1.398411e+01  0.000000e+00
   endloop
 endfacet
 facet normal  0.000000e+00  0.000000e+00 -1.000000e+00
   outer loop
     vertex  1.035621e+01  3.601589e+01  0.000000e+00
     vertex  1.035621e+01  1.398411e+01  0.000000e+00
     vertex  1.024678e+01  1.399238e+01  0.000000e+00
   endloop
 endfacet
 facet normal  0.000000e+00  0.000000e+00 -1.000000e+00
   outer loop
     vertex  1.035621e+01  3.601589e+01  0.000000e+00
     vertex  1.024678e+01  1.399238e+01  0.000000e+00
     vertex  1.024678e+01  3.600762e+01  0.000000e+00
   endloop
 endfacet
 facet normal  0.000000e+00  0.000000e+00 -1.000000e+00
   outer loop
     vertex  1.046538e+01  3.602716e+01  0.000000e+00
     vertex  1.046538e+01  1.397284e+01  0.000000e+00
     vertex  1.035621e+01  3.601589e+01  0.000000e+00
   endloop
 endfacet
 facet normal  0.000000e+00  0.000000e+00 -1.000000e+00
   outer loop
     vertex  1.057420e+01  3.604143e+01  0.000000e+00
     vertex  1.046538e+01  1.397284e+01  0.000000e+00
     vertex  1.046538e+01  3.602716e+01  0.000000e+00
   endloop
 endfacet
 facet normal  0.000000e+00  0.000000e+00 -1.000000e+00
   outer loop
     vertex  1.057420e+01  3.604143e+01  0.000000e+00
     vertex  1.057420e+01  1.395857e+01  0.000000e+00
     vertex  1.046538e+01  1.397284e+01  0.000000e+00
   endloop
 endfacet
 facet normal  0.000000e+00  0.000000e+00 -1.000000e+00
   outer loop
     vertex  1.068258e+01  3.605867e+01  0.000000e+00
     vertex  1.057420e+01  1.395857e+01  0.000000e+00
     vertex  1.057420e+01  3.604143e+01  0.000000e+00
   endloop
 endfacet
 facet normal  0.000000e+00  0.000000e+00 -1.000000e+00
   outer loop
     vertex  1.068258e+01  3.605867e+01  0.000000e+00
     vertex  1.068258e+01  1.394133e+01  0.000000e+00
     vertex  1.057420e+01  1.395857e+01  0.000000e+00
   endloop
 endfacet
 facet normal  0.000000e+00  0.000000e+00 -1.000000e+00
   outer loop
     vertex  1.079045e+01  3.607888e+01  0.000000e+00
     vertex  1.068258e+01  1.394133e+01  0.000000e+00
     vertex  1.068258e+01  3.605867e+01  0.000000e+00
   endloop
 endfacet
 facet normal  0.000000e+00  0.000000e+00 -1.000000e+00
   outer loop
     vertex  1.079045e+01  3.607888e+01  0.000000e+00
     vertex  1.079045e+01  1.392112e+01  0.000000e+00
     vertex  1.068258e+01  1.394133e+01  0.000000e+00
   endloop
 endfacet
 facet normal  0.000000e+00  0.000000e+00 -1.000000e+00
   outer loop
     vertex  1.089772e+01  3.610204e+01  0.000000e+00
     vertex  1.079045e+01  1.392112e+01  0.000000e+00
     vertex  1.079045e+01  3.607888e+01  0.000000e+00
   endloop
 endfacet
 facet normal  0.000000e+00  0.000000e+00 -1.000000e+00
   outer loop
     vertex  1.089772e+01  3.610204e+01  0.000000e+00
     vertex  1.089772e+01  1.389796e+01  0.000000e+00
     vertex  1.079045e+01  1.392112e+01  0.000000e+00
   endloop
 endfacet
 facet normal  0.000000e+00  0.000000e+00 -1.000000e+00
   outer loop
     vertex  1.100432e+01  3.612814e+01  0.000000e+00
     vertex  1.089772e+01  1.389796e+01  0.000000e+00
     vertex  1.089772e+01  3.610204e+01  0.000000e+00
   endloop
 endfacet
 facet normal  0.000000e+00 -0.000000e+00 -1.000000e+00
   outer loop
     vertex  1.100432e+01  3.612814e+01  0.000000e+00
     vertex  1.111017e+01  1.384285e+01  0.000000e+00
     vertex  1.100432e+01  1.387186e+01  0.000000e+00
   endloop
 endfacet
 facet normal  0.000000e+00  0.000000e+00 -1.000000e+00
   outer loop
     vertex  1.100432e+01  3.612814e+01  0.000000e+00
     vertex  1.100432e+01  1.387186e+01  0.000000e+00
     vertex  1.089772e+01  1.389796e+01  0.000000e+00
   endloop
 endfacet
 facet normal  0.000000e+00  0.000000e+00 -1.000000e+00
   outer loop
     vertex  1.111017e+01  3.615715e+01  0.000000e+00
     vertex  1.111017e+01  1.384285e+01  0.000000e+00
     vertex  1.100432e+01  3.612814e+01  0.000000e+00
   endloop
 endfacet
 facet normal  0.000000e+00  0.000000e+00 -1.000000e+00
   outer loop
     vertex  1.121517e+01  3.618905e+01  0.000000e+00
     vertex  1.121517e+01  1.381095e+01  0.000000e+00
     vertex  1.111017e+01  1.384285e+01  0.000000e+00
   endloop
 endfacet
 facet normal  0.000000e+00  0.000000e+00 -1.000000e+00
   outer loop
     vertex  1.121517e+01  3.618905e+01  0.000000e+00
     vertex  1.111017e+01  1.384285e+01  0.000000e+00
     vertex  1.111017e+01  3.615715e+01  0.000000e+00
   endloop
 endfacet
 facet normal  0.000000e+00  0.000000e+00 -1.000000e+00
   outer loop
     vertex  1.131927e+01  3.622382e+01  0.000000e+00
     vertex  1.121517e+01  1.381095e+01  0.000000e+00
     vertex  1.121517e+01  3.618905e+01  0.000000e+00
   endloop
 endfacet
 facet normal  0.000000e+00 -0.000000e+00 -1.000000e+00
   outer loop
     vertex  1.131927e+01  3.622382e+01  0.000000e+00
     vertex  1.142237e+01  1.373857e+01  0.000000e+00
     vertex  1.131927e+01  1.377618e+01  0.000000e+00
   endloop
 endfacet
 facet normal  0.000000e+00  0.000000e+00 -1.000000e+00
   outer loop
     vertex  1.131927e+01  3.622382e+01  0.000000e+00
     vertex  1.131927e+01  1.377618e+01  0.000000e+00
     vertex  1.121517e+01  1.381095e+01  0.000000e+00
   endloop
 endfacet
 facet normal  0.000000e+00  0.000000e+00 -1.000000e+00
   outer loop
     vertex  1.142237e+01  3.626143e+01  0.000000e+00
     vertex  1.142237e+01  1.373857e+01  0.000000e+00
     vertex  1.131927e+01  3.622382e+01  0.000000e+00
   endloop
 endfacet
 facet normal  0.000000e+00  0.000000e+00 -1.000000e+00
   outer loop
     vertex  1.152439e+01  3.630186e+01  0.000000e+00
     vertex  1.152439e+01  1.369814e+01  0.000000e+00
     vertex  1.142237e+01  1.373857e+01  0.000000e+00
   endloop
 endfacet
 facet normal  0.000000e+00  0.000000e+00 -1.000000e+00
   outer loop
     vertex  1.152439e+01  3.630186e+01  0.000000e+00
     vertex  1.142237e+01  1.373857e+01  0.000000e+00
     vertex  1.142237e+01  3.626143e+01  0.000000e+00
   endloop
 endfacet
 facet normal  0.000000e+00  0.000000e+00 -1.000000e+00
   outer loop
     vertex  1.162528e+01  3.634507e+01  0.000000e+00
     vertex  1.152439e+01  1.369814e+01  0.000000e+00
     vertex  1.152439e+01  3.630186e+01  0.000000e+00
   endloop
 endfacet
 facet normal  0.000000e+00  0.000000e+00 -1.000000e+00
   outer loop
     vertex  1.162528e+01  3.634507e+01  0.000000e+00
     vertex  1.162528e+01  1.365493e+01  0.000000e+00
     vertex  1.152439e+01  1.369814e+01  0.000000e+00
   endloop
 endfacet
 facet normal  0.000000e+00 -0.000000e+00 -1.000000e+00
   outer loop
     vertex  1.172493e+01  3.639104e+01  0.000000e+00
     vertex  1.182329e+01  1.356028e+01  0.000000e+00
     vertex  1.172493e+01  1.360896e+01  0.000000e+00
   endloop
 endfacet
 facet normal  0.000000e+00  0.000000e+00 -1.000000e+00
   outer loop
     vertex  1.172493e+01  3.639104e+01  0.000000e+00
     vertex  1.172493e+01  1.360896e+01  0.000000e+00
     vertex  1.162528e+01  1.365493e+01  0.000000e+00
   endloop
 endfacet
 facet normal  0.000000e+00  0.000000e+00 -1.000000e+00
   outer loop
     vertex  1.172493e+01  3.639104e+01  0.000000e+00
     vertex  1.162528e+01  1.365493e+01  0.000000e+00
     vertex  1.162528e+01  3.634507e+01  0.000000e+00
   endloop
 endfacet
 facet normal  0.000000e+00  0.000000e+00 -1.000000e+00
   outer loop
     vertex  1.182329e+01  3.643972e+01  0.000000e+00
     vertex  1.182329e+01  1.356028e+01  0.000000e+00
     vertex  1.172493e+01  3.639104e+01  0.000000e+00
   endloop
 endfacet
 facet normal  0.000000e+00  0.000000e+00 -1.000000e+00
   outer loop
     vertex  1.192028e+01  3.649108e+01  0.000000e+00
     vertex  1.182329e+01  1.356028e+01  0.000000e+00
     vertex  1.182329e+01  3.643972e+01  0.000000e+00
   endloop
 endfacet
 facet normal  0.000000e+00  0.000000e+00 -1.000000e+00
   outer loop
     vertex  1.192028e+01  3.649108e+01  0.000000e+00
     vertex  1.192028e+01  1.350892e+01  0.000000e+00
     vertex  1.182329e+01  1.356028e+01  0.000000e+00
   endloop
 endfacet
 facet normal  0.000000e+00  0.000000e+00 -1.000000e+00
   outer loop
     vertex  1.201582e+01  3.654508e+01  0.000000e+00
     vertex  1.201582e+01  1.345492e+01  0.000000e+00
     vertex  1.192028e+01  1.350892e+01  0.000000e+00
   endloop
 endfacet
 facet normal  0.000000e+00  0.000000e+00 -1.000000e+00
   outer loop
     vertex  1.201582e+01  3.654508e+01  0.000000e+00
     vertex  1.192028e+01  1.350892e+01  0.000000e+00
     vertex  1.192028e+01  3.649108e+01  0.000000e+00
   endloop
 endfacet
 facet normal  0.000000e+00  0.000000e+00 -1.000000e+00
   outer loop
     vertex  1.210984e+01  3.660168e+01  0.000000e+00
     vertex  1.201582e+01  1.345492e+01  0.000000e+00
     vertex  1.201582e+01  3.654508e+01  0.000000e+00
   endloop
 endfacet
 facet normal  0.000000e+00  0.000000e+00 -1.000000e+00
   outer loop
     vertex  1.210984e+01  3.660168e+01  0.000000e+00
     vertex  1.210984e+01  1.339832e+01  0.000000e+00
     vertex  1.201582e+01  1.345492e+01  0.000000e+00
   endloop
 endfacet
 facet normal  0.000000e+00 -0.000000e+00 -1.000000e+00
   outer loop
     vertex  1.220228e+01  3.666084e+01  0.000000e+00
     vertex  1.229306e+01  1.327748e+01  0.000000e+00
     vertex  1.220228e+01  1.333916e+01  0.000000e+00
   endloop
 endfacet
 facet normal  0.000000e+00  0.000000e+00 -1.000000e+00
   outer loop
     vertex  1.220228e+01  3.666084e+01  0.000000e+00
     vertex  1.220228e+01  1.333916e+01  0.000000e+00
     vertex  1.210984e+01  1.339832e+01  0.000000e+00
   endloop
 endfacet
 facet normal  0.000000e+00  0.000000e+00 -1.000000e+00
   outer loop
     vertex  1.220228e+01  3.666084e+01  0.000000e+00
     vertex  1.210984e+01  1.339832e+01  0.000000e+00
     vertex  1.210984e+01  3.660168e+01  0.000000e+00
   endloop
 endfacet
 facet normal  0.000000e+00  0.000000e+00 -1.000000e+00
   outer loop
     vertex  1.229306e+01  3.672252e+01  0.000000e+00
     vertex  1.229306e+01  1.327748e+01  0.000000e+00
     vertex  1.220228e+01  3.666084e+01  0.000000e+00
   endloop
 endfacet
 facet normal  0.000000e+00 -0.000000e+00 -1.000000e+00
   outer loop
     vertex  1.238211e+01  3.678666e+01  0.000000e+00
     vertex  1.246937e+01  1.314678e+01  0.000000e+00
     vertex  1.238211e+01  1.321334e+01  0.000000e+00
   endloop
 endfacet
 facet normal  0.000000e+00  0.000000e+00 -1.000000e+00
   outer loop
     vertex  1.238211e+01  3.678666e+01  0.000000e+00
     vertex  1.238211e+01  1.321334e+01  0.000000e+00
     vertex  1.229306e+01  1.327748e+01  0.000000e+00
   endloop
 endfacet
 facet normal  0.000000e+00  0.000000e+00 -1.000000e+00
   outer loop
     vertex  1.238211e+01  3.678666e+01  0.000000e+00
     vertex  1.229306e+01  1.327748e+01  0.000000e+00
     vertex  1.229306e+01  3.672252e+01  0.000000e+00
   endloop
 endfacet
 facet normal  0.000000e+00  0.000000e+00 -1.000000e+00
   outer loop
     vertex  1.246937e+01  3.685322e+01  0.000000e+00
     vertex  1.246937e+01  1.314678e+01  0.000000e+00
     vertex  1.238211e+01  3.678666e+01  0.000000e+00
   endloop
 endfacet
 facet normal  0.000000e+00  0.000000e+00 -1.000000e+00
   outer loop
     vertex  1.255477e+01  3.692215e+01  0.000000e+00
     vertex  1.246937e+01  1.314678e+01  0.000000e+00
     vertex  1.246937e+01  3.685322e+01  0.000000e+00
   endloop
 endfacet
 facet normal  0.000000e+00  0.000000e+00 -1.000000e+00
   outer loop
     vertex  1.255477e+01  3.692215e+01  0.000000e+00
     vertex  1.255477e+01  1.307785e+01  0.000000e+00
     vertex  1.246937e+01  1.314678e+01  0.000000e+00
   endloop
 endfacet
 facet normal  0.000000e+00  0.000000e+00 -1.000000e+00
   outer loop
     vertex  1.263824e+01  3.699339e+01  0.000000e+00
     vertex  1.255477e+01  1.307785e+01  0.000000e+00
     vertex  1.255477e+01  3.692215e+01  0.000000e+00
   endloop
 endfacet
 facet normal  0.000000e+00  0.000000e+00 -1.000000e+00
   outer loop
     vertex  1.263824e+01  3.699339e+01  0.000000e+00
     vertex  1.263824e+01  1.300661e+01  0.000000e+00
     vertex  1.255477e+01  1.307785e+01  0.000000e+00
   endloop
 endfacet
 facet normal  0.000000e+00 -0.000000e+00 -1.000000e+00
   outer loop
     vertex  1.271973e+01  3.706690e+01  0.000000e+00
     vertex  1.279918e+01  1.285738e+01  0.000000e+00
     vertex  1.271973e+01  1.293310e+01  0.000000e+00
   endloop
 endfacet
 facet normal  0.000000e+00  0.000000e+00 -1.000000e+00
   outer loop
     vertex  1.271973e+01  3.706690e+01  0.000000e+00
     vertex  1.271973e+01  1.293310e+01  0.000000e+00
     vertex  1.263824e+01  1.300661e+01  0.000000e+00
   endloop
 endfacet
 facet normal  0.000000e+00  0.000000e+00 -1.000000e+00
   outer loop
     vertex  1.271973e+01  3.706690e+01  0.000000e+00
     vertex  1.263824e+01  1.300661e+01  0.000000e+00
     vertex  1.263824e+01  3.699339e+01  0.000000e+00
   endloop
 endfacet
 facet normal  0.000000e+00 -0.000000e+00 -1.000000e+00
   outer loop
     vertex  1.279918e+01  3.714262e+01  0.000000e+00
     vertex  1.287651e+01  1.277951e+01  0.000000e+00
     vertex  1.279918e+01  1.285738e+01  0.000000e+00
   endloop
 endfacet
 facet normal  0.000000e+00  0.000000e+00 -1.000000e+00
   outer loop
     vertex  1.279918e+01  3.714262e+01  0.000000e+00
     vertex  1.279918e+01  1.285738e+01  0.000000e+00
     vertex  1.271973e+01  3.706690e+01  0.000000e+00
   endloop
 endfacet
 facet normal  0.000000e+00  0.000000e+00 -1.000000e+00
   outer loop
     vertex  0.000000e+00  5.000000e+01  0.000000e+00
     vertex  6.232958e+00  3.865486e+01  0.000000e+00
     vertex  6.232958e+00  1.134514e+01  0.000000e+00
   endloop
 endfacet
 facet normal  0.000000e+00  0.000000e+00 -1.000000e+00
   outer loop
     vertex  0.000000e+00  5.000000e+01  0.000000e+00
     vertex  7.161889e+00  4.281871e+01  0.000000e+00
     vertex  7.085629e+00  4.273979e+01  0.000000e+00
   endloop
 endfacet
 facet normal  0.000000e+00  0.000000e+00 -1.000000e+00
   outer loop
     vertex  0.000000e+00  5.000000e+01  0.000000e+00
     vertex  7.085629e+00  4.273979e+01  0.000000e+00
     vertex  7.011562e+00  4.265880e+01  0.000000e+00
   endloop
 endfacet
 facet normal  0.000000e+00  0.000000e+00 -1.000000e+00
   outer loop
     vertex  0.000000e+00  5.000000e+01  0.000000e+00
     vertex  7.011562e+00  4.265880e+01  0.000000e+00
     vertex  6.939745e+00  4.257582e+01  0.000000e+00
   endloop
 endfacet
 facet normal  0.000000e+00  0.000000e+00 -1.000000e+00
   outer loop
     vertex  0.000000e+00  5.000000e+01  0.000000e+00
     vertex  6.939745e+00  4.257582e+01  0.000000e+00
     vertex  6.870232e+00  4.249089e+01  0.000000e+00
   endloop
 endfacet
 facet normal  0.000000e+00  0.000000e+00 -1.000000e+00
   outer loop
     vertex  0.000000e+00  5.000000e+01  0.000000e+00
     vertex  6.870232e+00  4.249089e+01  0.000000e+00
     vertex  6.803074e+00  4.240409e+01  0.000000e+00
   endloop
 endfacet
 facet normal  0.000000e+00  0.000000e+00 -1.000000e+00
   outer loop
     vertex  0.000000e+00  5.000000e+01  0.000000e+00
     vertex  6.803074e+00  4.240409e+01  0.000000e+00
     vertex  6.738324e+00  4.231548e+01  0.000000e+00
   endloop
 endfacet
 facet normal  0.000000e+00  0.000000e+00 -1.000000e+00
   outer loop
     vertex  0.000000e+00  5.000000e+01  0.000000e+00
     vertex  6.738324e+00  4.231548e+01  0.000000e+00
     vertex  6.676028e+00  4.222513e+01  0.000000e+00
   endloop
 endfacet
 facet normal  0.000000e+00  0.000000e+00 -1.000000e+00
   outer loop
     vertex  0.000000e+00  5.000000e+01  0.000000e+00
     vertex  6.676028e+00  4.222513e+01  0.000000e+00
     vertex  6.616235e+00  4.213310e+01  0.000000e+00
   endloop
 endfacet
 facet normal  0.000000e+00  0.000000e+00 -1.000000e+00
   outer loop
     vertex  0.000000e+00  5.000000e+01  0.000000e+00
     vertex  6.616235e+00  4.213310e+01  0.000000e+00
     vertex  6.558989e+00  4.203947e+01  0.000000e+00
   endloop
 endfacet
 facet normal  0.000000e+00  0.000000e+00 -1.000000e+00
   outer loop
     vertex  0.000000e+00  5.000000e+01  0.000000e+00
     vertex  6.558989e+00  4.203947e+01  0.000000e+00
     vertex  6.504333e+00  4.194430e+01  0.000000e+00
   endloop
 endfacet
 facet normal  0.000000e+00  0.000000e+00 -1.000000e+00
   outer loop
     vertex  0.000000e+00  5.000000e+01  0.000000e+00
     vertex  6.504333e+00  4.194430e+01  0.000000e+00
     vertex  6.452309e+00  4.184767e+01  0.000000e+00
   endloop
 endfacet
 facet normal  0.000000e+00  0.000000e+00 -1.000000e+00
   outer loop
     vertex  0.000000e+00  5.000000e+01  0.000000e+00
     vertex  6.452309e+00  4.184767e+01  0.000000e+00
     vertex  6.402955e+00  4.174965e+01  0.000000e+00
   endloop
 endfacet
 facet normal  0.000000e+00  0.000000e+00 -1.000000e+00
   outer loop
     vertex  0.000000e+00  5.000000e+01  0.000000e+00
     vertex  6.402955e+00  4.174965e+01  0.000000e+00
     vertex  6.356309e+00  4.165031e+01  0.000000e+00
   endloop
 endfacet
 facet normal  0.000000e+00  0.000000e+00 -1.000000e+00
   outer loop
     vertex  0.000000e+00  5.000000e+01  0.000000e+00
     vertex  6.356309e+00  4.165031e+01  0.000000e+00
     vertex  6.312406e+00  4.154973e+01  0.000000e+00
   endloop
 endfacet
 facet normal  0.000000e+00  0.000000e+00 -1.000000e+00
   outer loop
     vertex  0.000000e+00  5.000000e+01  0.000000e+00
     vertex  6.312406e+00  4.154973e+01  0.000000e+00
     vertex  6.271278e+00  4.144798e+01  0.000000e+00
   endloop
 endfacet
 facet normal  0.000000e+00  0.000000e+00 -1.000000e+00
   outer loop
     vertex  0.000000e+00  5.000000e+01  0.000000e+00
     vertex  6.271278e+00  4.144798e+01  0.000000e+00
     vertex  6.232958e+00  4.134514e+01  0.000000e+00
   endloop
 endfacet
 facet normal  0.000000e+00  0.000000e+00 -1.000000e+00
   outer loop
     vertex  0.000000e+00  5.000000e+01  0.000000e+00
     vertex  6.232958e+00  4.134514e+01  0.000000e+00
     vertex  6.197473e+00  4.124129e+01  0.000000e+00
   endloop
 endfacet
 facet normal  0.000000e+00  0.000000e+00 -1.000000e+00
   outer loop
     vertex  0.000000e+00  5.000000e+01  0.000000e+00
     vertex  6.197473e+00  4.124129e+01  0.000000e+00
     vertex  6.164851e+00  4.113650e+01  0.000000e+00
   endloop
 endfacet
 facet normal  0.000000e+00  0.000000e+00 -1.000000e+00
   outer loop
     vertex  0.000000e+00  5.000000e+01  0.000000e+00
     vertex  6.164851e+00  4.113650e+01  0.000000e+00
     vertex  6.135116e+00  4.103086e+01  0.000000e+00
   endloop
 endfacet
 facet normal  0.000000e+00  0.000000e+00 -1.000000e+00
   outer loop
     vertex  0.000000e+00  5.000000e+01  0.000000e+00
     vertex  6.135116e+00  4.103086e+01  0.000000e+00
     vertex  6.108290e+00  4.092444e+01  0.000000e+00
   endloop
 endfacet
 facet normal  0.000000e+00  0.000000e+00 -1.000000e+00
   outer loop
     vertex  0.000000e+00  5.000000e+01  0.000000e+00
     vertex  6.108290e+00  4.092444e+01  0.000000e+00
     vertex  6.084393e+00  4.081733e+01  0.000000e+00
   endloop
 endfacet
 facet normal  0.000000e+00  0.000000e+00 -1.000000e+00
   outer loop
     vertex  0.000000e+00  5.000000e+01  0.000000e+00
     vertex  6.084393e+00  4.081733e+01  0.000000e+00
     vertex  6.063445e+00  4.070960e+01  0.000000e+00
   endloop
 endfacet
 facet normal  0.000000e+00  0.000000e+00 -1.000000e+00
   outer loop
     vertex  0.000000e+00  5.000000e+01  0.000000e+00
     vertex  6.063445e+00  4.070960e+01  0.000000e+00
     vertex  6.045459e+00  4.060134e+01  0.000000e+00
   endloop
 endfacet
 facet normal  0.000000e+00  0.000000e+00 -1.000000e+00
   outer loop
     vertex  0.000000e+00  5.000000e+01  0.000000e+00
     vertex  6.045459e+00  4.060134e+01  0.000000e+00
     vertex  6.030450e+00  4.049262e+01  0.000000e+00
   endloop
 endfacet
 facet normal  0.000000e+00  0.000000e+00 -1.000000e+00
   outer loop
     vertex  0.000000e+00  5.000000e+01  0.000000e+00
     vertex  6.030450e+00  4.049262e+01  0.000000e+00
     vertex  6.018430e+00  4.038353e+01  0.000000e+00
   endloop
 endfacet
 facet normal  0.000000e+00  0.000000e+00 -1.000000e+00
   outer loop
     vertex  0.000000e+00  5.000000e+01  0.000000e+00
     vertex  6.232958e+00  1.134514e+01  0.000000e+00
     vertex  0.000000e+00  0.000000e+00  0.000000e+00
   endloop
 endfacet
 facet normal  0.000000e+00  0.000000e+00 -1.000000e+00
   outer loop
     vertex  0.000000e+00  5.000000e+01  0.000000e+00
     vertex  6.018430e+00  4.038353e+01  0.000000e+00
     vertex  6.009407e+00  4.027416e+01  0.000000e+00
   endloop
 endfacet
 facet normal  0.000000e+00  0.000000e+00 -1.000000e+00
   outer loop
     vertex  0.000000e+00  5.000000e+01  0.000000e+00
     vertex  6.009407e+00  4.027416e+01  0.000000e+00
     vertex  6.003387e+00  4.016458e+01  0.000000e+00
   endloop
 endfacet
 facet normal  0.000000e+00  0.000000e+00 -1.000000e+00
   outer loop
     vertex  0.000000e+00  5.000000e+01  0.000000e+00
     vertex  6.003387e+00  4.016458e+01  0.000000e+00
     vertex  6.000376e+00  4.005487e+01  0.000000e+00
   endloop
 endfacet
 facet normal  0.000000e+00  0.000000e+00 -1.000000e+00
   outer loop
     vertex  0.000000e+00  5.000000e+01  0.000000e+00
     vertex  6.000376e+00  4.005487e+01  0.000000e+00
     vertex  6.000376e+00  3.994513e+01  0.000000e+00
   endloop
 endfacet
 facet normal  0.000000e+00  0.000000e+00 -1.000000e+00
   outer loop
     vertex  0.000000e+00  5.000000e+01  0.000000e+00
     vertex  6.000376e+00  3.994513e+01  0.000000e+00
     vertex  6.003387e+00  3.983542e+01  0.000000e+00
   endloop
 endfacet
 facet normal  0.000000e+00  0.000000e+00 -1.000000e+00
   outer loop
     vertex  0.000000e+00  5.000000e+01  0.000000e+00
     vertex  6.003387e+00  3.983542e+01  0.000000e+00
     vertex  6.009407e+00  3.972584e+01  0.000000e+00
   endloop
 endfacet
 facet normal  0.000000e+00  0.000000e+00 -1.000000e+00
   outer loop
     vertex  0.000000e+00  5.000000e+01  0.000000e+00
     vertex  6.009407e+00  3.972584e+01  0.000000e+00
     vertex  6.018430e+00  3.961647e+01  0.000000e+00
   endloop
 endfacet
 facet normal  0.000000e+00  0.000000e+00 -1.000000e+00
   outer loop
     vertex  0.000000e+00  5.000000e+01  0.000000e+00
     vertex  6.018430e+00  3.961647e+01  0.000000e+00
     vertex  6.030450e+00  3.950738e+01  0.000000e+00
   endloop
 endfacet
 facet normal  0.000000e+00  0.000000e+00 -1.000000e+00
   outer loop
     vertex  0.000000e+00  5.000000e+01  0.000000e+00
     vertex  6.030450e+00  3.950738e+01  0.000000e+00
     vertex  6.045459e+00  3.939866e+01  0.000000e+00
   endloop
 endfacet
 facet normal  0.000000e+00  0.000000e+00 -1.000000e+00
   outer loop
     vertex  0.000000e+00  5.000000e+01  0.000000e+00
     vertex  6.045459e+00  3.939866e+01  0.000000e+00
     vertex  6.063445e+00  3.929040e+01  0.000000e+00
   endloop
 endfacet
 facet normal  0.000000e+00  0.000000e+00 -1.000000e+00
   outer loop
     vertex  0.000000e+00  5.000000e+01  0.000000e+00
     vertex  6.063445e+00  3.929040e+01  0.000000e+00
     vertex  6.084393e+00  3.918267e+01  0.000000e+00
   endloop
 endfacet
 facet normal  0.000000e+00  0.000000e+00 -1.000000e+00
   outer loop
     vertex  0.000000e+00  5.000000e+01  0.000000e+00
     vertex  6.084393e+00  3.918267e+01  0.000000e+00
     vertex  6.108290e+00  3.907556e+01  0.000000e+00
   endloop
 endfacet
 facet normal  0.000000e+00  0.000000e+00 -1.000000e+00
   outer loop
     vertex  0.000000e+00  5.000000e+01  0.000000e+00
     vertex  6.108290e+00  3.907556e+01  0.000000e+00
     vertex  6.135116e+00  3.896914e+01  0.000000e+00
   endloop
 endfacet
 facet normal  0.000000e+00  0.000000e+00 -1.000000e+00
   outer loop
     vertex  0.000000e+00  5.000000e+01  0.000000e+00
     vertex  6.135116e+00  3.896914e+01  0.000000e+00
     vertex  6.164851e+00  3.886350e+01  0.000000e+00
   endloop
 endfacet
 facet normal  0.000000e+00  0.000000e+00 -1.000000e+00
   outer loop
     vertex  0.000000e+00  5.000000e+01  0.000000e+00
     vertex  6.164851e+00  3.886350e+01  0.000000e+00
     vertex  6.197473e+00  3.875871e+01  0.000000e+00
   endloop
 endfacet
 facet normal  0.000000e+00  0.000000e+00 -1.000000e+00
   outer loop
     vertex  0.000000e+00  5.000000e+01  0.000000e+00
     vertex  6.197473e+00  3.875871e+01  0.000000e+00
     vertex  6.232958e+00  3.865486e+01  0.000000e+00
   endloop
 endfacet
 facet normal  0.000000e+00  0.000000e+00 -1.000000e+00
   outer loop
     vertex  1.287651e+01  3.722049e+01  0.000000e+00
     vertex  1.287651e+01  1.277951e+01  0.000000e+00
     vertex  1.279918e+01  3.714262e+01  0.000000e+00
   endloop
 endfacet
 facet normal -0.000000e+00  0.000000e+00 -1.000000e+00
   outer loop
     vertex  7.240286e+00  4.289551e+01  0.000000e+00
     vertex  7.161889e+00  4.281871e+01  0.000000e+00
     vertex  0.000000e+00  5.000000e+01  0.000000e+00
   endloop
 endfacet
 facet normal  0.000000e+00  0.000000e+00 -1.000000e+00
   outer loop
     vertex  1.295168e+01  3.730045e+01  0.000000e+00
     vertex  1.287651e+01  1.277951e+01  0.000000e+00
     vertex  1.287651e+01  3.722049e+01  0.000000e+00
   endloop
 endfacet
 facet normal  0.000000e+00  0.000000e+00 -1.000000e+00
   outer loop
     vertex  1.295168e+01  3.730045e+01  0.000000e+00
     vertex  1.295168e+01  1.269955e+01  0.000000e+00
     vertex  1.287651e+01  1.277951e+01  0.000000e+00
   endloop
 endfacet
 facet normal -0.000000e+00  0.000000e+00 -1.000000e+00
   outer loop
     vertex  7.320760e+00  4.297013e+01  0.000000e+00
     vertex  7.240286e+00  4.289551e+01  0.000000e+00
     vertex  0.000000e+00  5.000000e+01  0.000000e+00
   endloop
 endfacet
 facet normal  0.000000e+00  0.000000e+00 -1.000000e+00
   outer loop
     vertex  1.302463e+01  3.738244e+01  0.000000e+00
     vertex  1.295168e+01  1.269955e+01  0.000000e+00
     vertex  1.295168e+01  3.730045e+01  0.000000e+00
   endloop
 endfacet
 facet normal  0.000000e+00 -0.000000e+00 -1.000000e+00
   outer loop
     vertex  1.302463e+01  3.738244e+01  0.000000e+00
     vertex  1.309530e+01  1.253359e+01  0.000000e+00
     vertex  1.302463e+01  1.261756e+01  0.000000e+00
   endloop
 endfacet
 facet normal  0.000000e+00  0.000000e+00 -1.000000e+00
   outer loop
     vertex  1.302463e+01  3.738244e+01  0.000000e+00
     vertex  1.302463e+01  1.261756e+01  0.000000e+00
     vertex  1.295168e+01  1.269955e+01  0.000000e+00
   endloop
 endfacet
 facet normal -0.000000e+00  0.000000e+00 -1.000000e+00
   outer loop
     vertex  7.403251e+00  4.304251e+01  0.000000e+00
     vertex  7.320760e+00  4.297013e+01  0.000000e+00
     vertex  0.000000e+00  5.000000e+01  0.000000e+00
   endloop
 endfacet
 facet normal  0.000000e+00  0.000000e+00 -1.000000e+00
   outer loop
     vertex  1.309530e+01  3.746641e+01  0.000000e+00
     vertex  1.309530e+01  1.253359e+01  0.000000e+00
     vertex  1.302463e+01  3.738244e+01  0.000000e+00
   endloop
 endfacet
 facet normal -0.000000e+00  0.000000e+00 -1.000000e+00
   outer loop
     vertex  7.487697e+00  4.311261e+01  0.000000e+00
     vertex  7.403251e+00  4.304251e+01  0.000000e+00
     vertex  0.000000e+00  5.000000e+01  0.000000e+00
   endloop
 endfacet
 facet normal  0.000000e+00 -0.000000e+00 -1.000000e+00
   outer loop
     vertex  1.316364e+01  3.755228e+01  0.000000e+00
     vertex  1.322960e+01  1.236001e+01  0.000000e+00
     vertex  1.316364e+01  1.244772e+01  0.000000e+00
   endloop
 endfacet
 facet normal  0.000000e+00  0.000000e+00 -1.000000e+00
   outer loop
     vertex  1.316364e+01  3.755228e+01  0.000000e+00
     vertex  1.316364e+01  1.244772e+01  0.000000e+00
     vertex  1.309530e+01  1.253359e+01  0.000000e+00
   endloop
 endfacet
 facet normal  0.000000e+00  0.000000e+00 -1.000000e+00
   outer loop
     vertex  1.316364e+01  3.755228e+01  0.000000e+00
     vertex  1.309530e+01  1.253359e+01  0.000000e+00
     vertex  1.309530e+01  3.746641e+01  0.000000e+00
   endloop
 endfacet
 facet normal -0.000000e+00  0.000000e+00 -1.000000e+00
   outer loop
     vertex  7.574034e+00  4.318036e+01  0.000000e+00
     vertex  7.487697e+00  4.311261e+01  0.000000e+00
     vertex  0.000000e+00  5.000000e+01  0.000000e+00
   endloop
 endfacet
 facet normal  0.000000e+00  0.000000e+00 -1.000000e+00
   outer loop
     vertex  1.322960e+01  3.763999e+01  0.000000e+00
     vertex  1.322960e+01  1.236001e+01  0.000000e+00
     vertex  1.316364e+01  3.755228e+01  0.000000e+00
   endloop
 endfacet
 facet normal -0.000000e+00  0.000000e+00 -1.000000e+00
   outer loop
     vertex  7.662197e+00  4.324572e+01  0.000000e+00
     vertex  7.574034e+00  4.318036e+01  0.000000e+00
     vertex  0.000000e+00  5.000000e+01  0.000000e+00
   endloop
 endfacet
 facet normal  0.000000e+00 -0.000000e+00 -1.000000e+00
   outer loop
     vertex  1.329313e+01  3.772948e+01  0.000000e+00
     vertex  1.335418e+01  1.217932e+01  0.000000e+00
     vertex  1.329313e+01  1.227052e+01  0.000000e+00
   endloop
 endfacet
 facet normal  0.000000e+00  0.000000e+00 -1.000000e+00
   outer loop
     vertex  1.329313e+01  3.772948e+01  0.000000e+00
     vertex  1.329313e+01  1.227052e+01  0.000000e+00
     vertex  1.322960e+01  1.236001e+01  0.000000e+00
   endloop
 endfacet
 facet normal  0.000000e+00  0.000000e+00 -1.000000e+00
   outer loop
     vertex  1.329313e+01  3.772948e+01  0.000000e+00
     vertex  1.322960e+01  1.236001e+01  0.000000e+00
     vertex  1.322960e+01  3.763999e+01  0.000000e+00
   endloop
 endfacet
 facet normal -0.000000e+00  0.000000e+00 -1.000000e+00
   outer loop
     vertex  7.752120e+00  4.330863e+01  0.000000e+00
     vertex  7.662197e+00  4.324572e+01  0.000000e+00
     vertex  0.000000e+00  5.000000e+01  0.000000e+00
   endloop
 endfacet
 facet normal  0.000000e+00 -0.000000e+00 -1.000000e+00
   outer loop
     vertex  1.335418e+01  3.782068e+01  0.000000e+00
     vertex  1.341271e+01  1.208648e+01  0.000000e+00
     vertex  1.335418e+01  1.217932e+01  0.000000e+00
   endloop
 endfacet
 facet normal  0.000000e+00  0.000000e+00 -1.000000e+00
   outer loop
     vertex  1.335418e+01  3.782068e+01  0.000000e+00
     vertex  1.335418e+01  1.217932e+01  0.000000e+00
     vertex  1.329313e+01  3.772948e+01  0.000000e+00
   endloop
 endfacet
 facet normal -0.000000e+00  0.000000e+00 -1.000000e+00
   outer loop
     vertex  7.843736e+00  4.336905e+01  0.000000e+00
     vertex  7.752120e+00  4.330863e+01  0.000000e+00
     vertex  0.000000e+00  5.000000e+01  0.000000e+00
   endloop
 endfacet
 facet normal  0.000000e+00 -0.000000e+00 -1.000000e+00
   outer loop
     vertex  1.341271e+01  3.791352e+01  0.000000e+00
     vertex  1.346867e+01  1.199207e+01  0.000000e+00
     vertex  1.341271e+01  1.208648e+01  0.000000e+00
   endloop
 endfacet
 facet normal  0.000000e+00  0.000000e+00 -1.000000e+00
   outer loop
     vertex  1.341271e+01  3.791352e+01  0.000000e+00
     vertex  1.341271e+01  1.208648e+01  0.000000e+00
     vertex  1.335418e+01  3.782068e+01  0.000000e+00
   endloop
 endfacet
 facet normal -0.000000e+00  0.000000e+00 -1.000000e+00
   outer loop
     vertex  7.936974e+00  4.342694e+01  0.000000e+00
     vertex  7.843736e+00  4.336905e+01  0.000000e+00
     vertex  0.000000e+00  5.000000e+01  0.000000e+00
   endloop
 endfacet
 facet normal  0.000000e+00  0.000000e+00 -1.000000e+00
   outer loop
     vertex  1.346867e+01  3.800793e+01  0.000000e+00
     vertex  1.346867e+01  1.199207e+01  0.000000e+00
     vertex  1.341271e+01  3.791352e+01  0.000000e+00
   endloop
 endfacet
 facet normal  0.000000e+00 -0.000000e+00 -1.000000e+00
   outer loop
     vertex  1.346867e+01  3.800793e+01  0.000000e+00
     vertex  1.352201e+01  1.189616e+01  0.000000e+00
     vertex  1.346867e+01  1.199207e+01  0.000000e+00
   endloop
 endfacet
 facet normal -0.000000e+00  0.000000e+00 -1.000000e+00
   outer loop
     vertex  8.031765e+00  4.348225e+01  0.000000e+00
     vertex  7.936974e+00  4.342694e+01  0.000000e+00
     vertex  0.000000e+00  5.000000e+01  0.000000e+00
   endloop
 endfacet
 facet normal  0.000000e+00  0.000000e+00 -1.000000e+00
   outer loop
     vertex  1.352201e+01  3.810384e+01  0.000000e+00
     vertex  1.352201e+01  1.189616e+01  0.000000e+00
     vertex  1.346867e+01  3.800793e+01  0.000000e+00
   endloop
 endfacet
 facet normal -0.000000e+00  0.000000e+00 -1.000000e+00
   outer loop
     vertex  8.128038e+00  4.353493e+01  0.000000e+00
     vertex  8.031765e+00  4.348225e+01  0.000000e+00
     vertex  0.000000e+00  5.000000e+01  0.000000e+00
   endloop
 endfacet
 facet normal  0.000000e+00  0.000000e+00 -1.000000e+00
   outer loop
     vertex  1.357270e+01  3.820117e+01  0.000000e+00
     vertex  1.357270e+01  1.179883e+01  0.000000e+00
     vertex  1.352201e+01  1.189616e+01  0.000000e+00
   endloop
 endfacet
 facet normal  0.000000e+00  0.000000e+00 -1.000000e+00
   outer loop
     vertex  1.357270e+01  3.820117e+01  0.000000e+00
     vertex  1.352201e+01  1.189616e+01  0.000000e+00
     vertex  1.352201e+01  3.810384e+01  0.000000e+00
   endloop
 endfacet
 facet normal -0.000000e+00  0.000000e+00 -1.000000e+00
   outer loop
     vertex  8.225720e+00  4.358496e+01  0.000000e+00
     vertex  8.128038e+00  4.353493e+01  0.000000e+00
     vertex  0.000000e+00  5.000000e+01  0.000000e+00
   endloop
 endfacet
 facet normal -0.000000e+00  0.000000e+00 -1.000000e+00
   outer loop
     vertex  8.324738e+00  4.363229e+01  0.000000e+00
     vertex  8.225720e+00  4.358496e+01  0.000000e+00
     vertex  0.000000e+00  5.000000e+01  0.000000e+00
   endloop
 endfacet
 facet normal -0.000000e+00  0.000000e+00 -1.000000e+00
   outer loop
     vertex  8.425017e+00  4.367688e+01  0.000000e+00
     vertex  8.324738e+00  4.363229e+01  0.000000e+00
     vertex  0.000000e+00  5.000000e+01  0.000000e+00
   endloop
 endfacet
 facet normal -0.000000e+00  0.000000e+00 -1.000000e+00
   outer loop
     vertex  8.526481e+00  4.371870e+01  0.000000e+00
     vertex  8.425017e+00  4.367688e+01  0.000000e+00
     vertex  0.000000e+00  5.000000e+01  0.000000e+00
   endloop
 endfacet
 facet normal -0.000000e+00  0.000000e+00 -1.000000e+00
   outer loop
     vertex  8.629055e+00  4.375773e+01  0.000000e+00
     vertex  8.526481e+00  4.371870e+01  0.000000e+00
     vertex  0.000000e+00  5.000000e+01  0.000000e+00
   endloop
 endfacet
 facet normal -0.000000e+00  0.000000e+00 -1.000000e+00
   outer loop
     vertex  8.732661e+00  4.379392e+01  0.000000e+00
     vertex  8.629055e+00  4.375773e+01  0.000000e+00
     vertex  0.000000e+00  5.000000e+01  0.000000e+00
   endloop
 endfacet
 facet normal -0.000000e+00  0.000000e+00 -1.000000e+00
   outer loop
     vertex  8.837220e+00  4.382726e+01  0.000000e+00
     vertex  8.732661e+00  4.379392e+01  0.000000e+00
     vertex  0.000000e+00  5.000000e+01  0.000000e+00
   endloop
 endfacet
 facet normal -0.000000e+00  0.000000e+00 -1.000000e+00
   outer loop
     vertex  8.942655e+00  4.385772e+01  0.000000e+00
     vertex  8.837220e+00  4.382726e+01  0.000000e+00
     vertex  0.000000e+00  5.000000e+01  0.000000e+00
   endloop
 endfacet
 facet normal -0.000000e+00  0.000000e+00 -1.000000e+00
   outer loop
     vertex  9.048886e+00  4.388528e+01  0.000000e+00
     vertex  8.942655e+00  4.385772e+01  0.000000e+00
     vertex  0.000000e+00  5.000000e+01  0.000000e+00
   endloop
 endfacet
 facet normal -0.000000e+00  0.000000e+00 -1.000000e+00
   outer loop
     vertex  9.155833e+00  4.390991e+01  0.000000e+00
     vertex  9.048886e+00  4.388528e+01  0.000000e+00
     vertex  0.000000e+00  5.000000e+01  0.000000e+00
   endloop
 endfacet
 facet normal -0.000000e+00  0.000000e+00 -1.000000e+00
   outer loop
     vertex  9.263415e+00  4.393160e+01  0.000000e+00
     vertex  9.155833e+00  4.390991e+01  0.000000e+00
     vertex  0.000000e+00  5.000000e+01  0.000000e+00
   endloop
 endfacet
 facet normal -0.000000e+00  0.000000e+00 -1.000000e+00
   outer loop
     vertex  9.371552e+00  4.395032e+01  0.000000e+00
     vertex  9.263415e+00  4.393160e+01  0.000000e+00
     vertex  0.000000e+00  5.000000e+01  0.000000e+00
   endloop
 endfacet
 facet normal -0.000000e+00  0.000000e+00 -1.000000e+00
   outer loop
     vertex  9.480162e+00  4.396608e+01  0.000000e+00
     vertex  9.371552e+00  4.395032e+01  0.000000e+00
     vertex  0.000000e+00  5.000000e+01  0.000000e+00
   endloop
 endfacet
 facet normal -0.000000e+00  0.000000e+00 -1.000000e+00
   outer loop
     vertex  9.589163e+00  4.397885e+01  0.000000e+00
     vertex  9.480162e+00  4.396608e+01  0.000000e+00
     vertex  0.000000e+00  5.000000e+01  0.000000e+00
   endloop
 endfacet
 facet normal -0.000000e+00  0.000000e+00 -1.000000e+00
   outer loop
     vertex  9.698474e+00  4.398862e+01  0.000000e+00
     vertex  9.589163e+00  4.397885e+01  0.000000e+00
     vertex  0.000000e+00  5.000000e+01  0.000000e+00
   endloop
 endfacet
 facet normal -0.000000e+00  0.000000e+00 -1.000000e+00
   outer loop
     vertex  9.808011e+00  4.399539e+01  0.000000e+00
     vertex  9.698474e+00  4.398862e+01  0.000000e+00
     vertex  0.000000e+00  5.000000e+01  0.000000e+00
   endloop
 endfacet
 facet normal -0.000000e+00  0.000000e+00 -1.000000e+00
   outer loop
     vertex  9.917693e+00  4.399915e+01  0.000000e+00
     vertex  9.808011e+00  4.399539e+01  0.000000e+00
     vertex  0.000000e+00  5.000000e+01  0.000000e+00
   endloop
 endfacet
 facet normal -0.000000e+00  0.000000e+00 -1.000000e+00
   outer loop
     vertex  1.002744e+01  4.399991e+01  0.000000e+00
     vertex  9.917693e+00  4.399915e+01  0.000000e+00
     vertex  0.000000e+00  5.000000e+01  0.000000e+00
   endloop
 endfacet
 facet normal  0.000000e+00  0.000000e+00 -1.000000e+00
   outer loop
     vertex  1.013716e+01  4.399765e+01  0.000000e+00
     vertex  1.002744e+01  4.399991e+01  0.000000e+00
     vertex  0.000000e+00  5.000000e+01  0.000000e+00
   endloop
 endfacet
 facet normal  0.000000e+00  0.000000e+00 -1.000000e+00
   outer loop
     vertex  1.024678e+01  4.399238e+01  0.000000e+00
     vertex  1.013716e+01  4.399765e+01  0.000000e+00
     vertex  0.000000e+00  5.000000e+01  0.000000e+00
   endloop
 endfacet
 facet normal  0.000000e+00  0.000000e+00 -1.000000e+00
   outer loop
     vertex  1.035621e+01  4.398411e+01  0.000000e+00
     vertex  1.024678e+01  4.399238e+01  0.000000e+00
     vertex  0.000000e+00  5.000000e+01  0.000000e+00
   endloop
 endfacet
 facet normal  0.000000e+00  0.000000e+00 -1.000000e+00
   outer loop
     vertex  1.046538e+01  4.397284e+01  0.000000e+00
     vertex  1.035621e+01  4.398411e+01  0.000000e+00
     vertex  0.000000e+00  5.000000e+01  0.000000e+00
   endloop
 endfacet
 facet normal  0.000000e+00  0.000000e+00 -1.000000e+00
   outer loop
     vertex  1.057420e+01  4.395857e+01  0.000000e+00
     vertex  1.046538e+01  4.397284e+01  0.000000e+00
     vertex  0.000000e+00  5.000000e+01  0.000000e+00
   endloop
 endfacet
 facet normal  0.000000e+00  0.000000e+00 -1.000000e+00
   outer loop
     vertex  1.068258e+01  4.394133e+01  0.000000e+00
     vertex  1.057420e+01  4.395857e+01  0.000000e+00
     vertex  0.000000e+00  5.000000e+01  0.000000e+00
   endloop
 endfacet
 facet normal  0.000000e+00  0.000000e+00 -1.000000e+00
   outer loop
     vertex  1.079045e+01  4.392112e+01  0.000000e+00
     vertex  1.068258e+01  4.394133e+01  0.000000e+00
     vertex  0.000000e+00  5.000000e+01  0.000000e+00
   endloop
 endfacet
 facet normal  0.000000e+00  0.000000e+00 -1.000000e+00
   outer loop
     vertex  1.089772e+01  4.389796e+01  0.000000e+00
     vertex  1.079045e+01  4.392112e+01  0.000000e+00
     vertex  0.000000e+00  5.000000e+01  0.000000e+00
   endloop
 endfacet
 facet normal  0.000000e+00  0.000000e+00 -1.000000e+00
   outer loop
     vertex  1.100432e+01  4.387186e+01  0.000000e+00
     vertex  1.089772e+01  4.389796e+01  0.000000e+00
     vertex  0.000000e+00  5.000000e+01  0.000000e+00
   endloop
 endfacet
 facet normal  0.000000e+00  0.000000e+00 -1.000000e+00
   outer loop
     vertex  1.111017e+01  4.384285e+01  0.000000e+00
     vertex  1.100432e+01  4.387186e+01  0.000000e+00
     vertex  0.000000e+00  5.000000e+01  0.000000e+00
   endloop
 endfacet
 facet normal  0.000000e+00  0.000000e+00 -1.000000e+00
   outer loop
     vertex  1.121517e+01  4.381095e+01  0.000000e+00
     vertex  1.111017e+01  4.384285e+01  0.000000e+00
     vertex  0.000000e+00  5.000000e+01  0.000000e+00
   endloop
 endfacet
 facet normal  0.000000e+00  0.000000e+00 -1.000000e+00
   outer loop
     vertex  1.131927e+01  4.377618e+01  0.000000e+00
     vertex  1.121517e+01  4.381095e+01  0.000000e+00
     vertex  0.000000e+00  5.000000e+01  0.000000e+00
   endloop
 endfacet
 facet normal  0.000000e+00  0.000000e+00 -1.000000e+00
   outer loop
     vertex  1.142237e+01  4.373857e+01  0.000000e+00
     vertex  1.131927e+01  4.377618e+01  0.000000e+00
     vertex  0.000000e+00  5.000000e+01  0.000000e+00
   endloop
 endfacet
 facet normal -0.000000e+00  0.000000e+00 -1.000000e+00
   outer loop
     vertex  6.716189e+01  7.181290e+00  0.000000e+00
     vertex  1.279918e+01  7.142621e+00  0.000000e+00
     vertex  1.287651e+01  7.220489e+00  0.000000e+00
   endloop
 endfacet
 facet normal -0.000000e+00  0.000000e+00 -1.000000e+00
   outer loop
     vertex  6.724029e+01  7.104490e+00  0.000000e+00
     vertex  1.271973e+01  7.066904e+00  0.000000e+00
     vertex  1.279918e+01  7.142621e+00  0.000000e+00
   endloop
 endfacet
 facet normal  0.000000e+00  0.000000e+00 -1.000000e+00
   outer loop
     vertex  6.724029e+01  7.104490e+00  0.000000e+00
     vertex  1.279918e+01  7.142621e+00  0.000000e+00
     vertex  6.716189e+01  7.181290e+00  0.000000e+00
   endloop
 endfacet
 facet normal -0.000000e+00  0.000000e+00 -1.000000e+00
   outer loop
     vertex  6.708563e+01  7.260212e+00  0.000000e+00
     vertex  1.287651e+01  7.220489e+00  0.000000e+00
     vertex  1.295168e+01  7.300450e+00  0.000000e+00
   endloop
 endfacet
 facet normal  0.000000e+00 -0.000000e+00 -1.000000e+00
   outer loop
     vertex  6.708563e+01  7.260212e+00  0.000000e+00
     vertex  6.716189e+01  7.181290e+00  0.000000e+00
     vertex  1.287651e+01  7.220489e+00  0.000000e+00
   endloop
 endfacet
 facet normal -0.000000e+00  0.000000e+00 -1.000000e+00
   outer loop
     vertex  6.732076e+01  7.029870e+00  0.000000e+00
     vertex  1.263824e+01  6.993395e+00  0.000000e+00
     vertex  1.271973e+01  7.066904e+00  0.000000e+00
   endloop
 endfacet
 facet normal  0.000000e+00  0.000000e+00 -1.000000e+00
   outer loop
     vertex  6.732076e+01  7.029870e+00  0.000000e+00
     vertex  1.271973e+01  7.066904e+00  0.000000e+00
     vertex  6.724029e+01  7.104490e+00  0.000000e+00
   endloop
 endfacet
 facet normal -0.000000e+00  0.000000e+00 -1.000000e+00
   outer loop
     vertex  6.701156e+01  7.341196e+00  0.000000e+00
     vertex  1.295168e+01  7.300450e+00  0.000000e+00
     vertex  1.302463e+01  7.382443e+00  0.000000e+00
   endloop
 endfacet
 facet normal  0.000000e+00 -0.000000e+00 -1.000000e+00
   outer loop
     vertex  6.701156e+01  7.341196e+00  0.000000e+00
     vertex  6.708563e+01  7.260212e+00  0.000000e+00
     vertex  1.295168e+01  7.300450e+00  0.000000e+00
   endloop
 endfacet
 facet normal -0.000000e+00  0.000000e+00 -1.000000e+00
   outer loop
     vertex  6.740325e+01  6.957485e+00  0.000000e+00
     vertex  1.255477e+01  6.922149e+00  0.000000e+00
     vertex  1.263824e+01  6.993395e+00  0.000000e+00
   endloop
 endfacet
 facet normal  0.000000e+00  0.000000e+00 -1.000000e+00
   outer loop
     vertex  6.740325e+01  6.957485e+00  0.000000e+00
     vertex  1.263824e+01  6.993395e+00  0.000000e+00
     vertex  6.732076e+01  7.029870e+00  0.000000e+00
   endloop
 endfacet
 facet normal -0.000000e+00  0.000000e+00 -1.000000e+00
   outer loop
     vertex  6.693975e+01  7.424182e+00  0.000000e+00
     vertex  1.302463e+01  7.382443e+00  0.000000e+00
     vertex  1.309530e+01  7.466406e+00  0.000000e+00
   endloop
 endfacet
 facet normal  0.000000e+00 -0.000000e+00 -1.000000e+00
   outer loop
     vertex  6.693975e+01  7.424182e+00  0.000000e+00
     vertex  6.701156e+01  7.341196e+00  0.000000e+00
     vertex  1.302463e+01  7.382443e+00  0.000000e+00
   endloop
 endfacet
 facet normal  0.000000e+00  0.000000e+00 -1.000000e+00
   outer loop
     vertex  6.748770e+01  6.887391e+00  0.000000e+00
     vertex  1.255477e+01  6.922149e+00  0.000000e+00
     vertex  6.740325e+01  6.957485e+00  0.000000e+00
   endloop
 endfacet
 facet normal -0.000000e+00  0.000000e+00 -1.000000e+00
   outer loop
     vertex  6.748770e+01  6.887391e+00  0.000000e+00
     vertex  1.246937e+01  6.853220e+00  0.000000e+00
     vertex  1.255477e+01  6.922149e+00  0.000000e+00
   endloop
 endfacet
 facet normal -0.000000e+00  0.000000e+00 -1.000000e+00
   outer loop
     vertex  6.687023e+01  7.509106e+00  0.000000e+00
     vertex  1.309530e+01  7.466406e+00  0.000000e+00
     vertex  1.316364e+01  7.552276e+00  0.000000e+00
   endloop
 endfacet
 facet normal  0.000000e+00 -0.000000e+00 -1.000000e+00
   outer loop
     vertex  6.687023e+01  7.509106e+00  0.000000e+00
     vertex  6.693975e+01  7.424182e+00  0.000000e+00
     vertex  1.309530e+01  7.466406e+00  0.000000e+00
   endloop
 endfacet
 facet normal  0.000000e+00  0.000000e+00 -1.000000e+00
   outer loop
     vertex  6.757403e+01  6.819640e+00  0.000000e+00
     vertex  1.246937e+01  6.853220e+00  0.000000e+00
     vertex  6.748770e+01  6.887391e+00  0.000000e+00
   endloop
 endfacet
 facet normal -0.000000e+00  0.000000e+00 -1.000000e+00
   outer loop
     vertex  6.757403e+01  6.819640e+00  0.000000e+00
     vertex  1.238211e+01  6.786659e+00  0.000000e+00
     vertex  1.246937e+01  6.853220e+00  0.000000e+00
   endloop
 endfacet
 facet normal -0.000000e+00  0.000000e+00 -1.000000e+00
   outer loop
     vertex  6.680307e+01  7.595906e+00  0.000000e+00
     vertex  1.316364e+01  7.552276e+00  0.000000e+00
     vertex  1.322960e+01  7.639989e+00  0.000000e+00
   endloop
 endfacet
 facet normal  0.000000e+00 -0.000000e+00 -1.000000e+00
   outer loop
     vertex  6.680307e+01  7.595906e+00  0.000000e+00
     vertex  6.687023e+01  7.509106e+00  0.000000e+00
     vertex  1.316364e+01  7.552276e+00  0.000000e+00
   endloop
 endfacet
 facet normal  0.000000e+00  0.000000e+00 -1.000000e+00
   outer loop
     vertex  6.766220e+01  6.754283e+00  0.000000e+00
     vertex  1.238211e+01  6.786659e+00  0.000000e+00
     vertex  6.757403e+01  6.819640e+00  0.000000e+00
   endloop
 endfacet
 facet normal -0.000000e+00  0.000000e+00 -1.000000e+00
   outer loop
     vertex  6.766220e+01  6.754283e+00  0.000000e+00
     vertex  1.229306e+01  6.722518e+00  0.000000e+00
     vertex  1.238211e+01  6.786659e+00  0.000000e+00
   endloop
 endfacet
 facet normal  0.000000e+00 -0.000000e+00 -1.000000e+00
   outer loop
     vertex  6.673832e+01  7.684516e+00  0.000000e+00
     vertex  6.680307e+01  7.595906e+00  0.000000e+00
     vertex  1.322960e+01  7.639989e+00  0.000000e+00
   endloop
 endfacet
 facet normal -0.000000e+00  0.000000e+00 -1.000000e+00
   outer loop
     vertex  6.673832e+01  7.684516e+00  0.000000e+00
     vertex  1.322960e+01  7.639989e+00  0.000000e+00
     vertex  1.329313e+01  7.729478e+00  0.000000e+00
   endloop
 endfacet
 facet normal  0.000000e+00  0.000000e+00 -1.000000e+00
   outer loop
     vertex  6.775212e+01  6.691369e+00  0.000000e+00
     vertex  1.229306e+01  6.722518e+00  0.000000e+00
     vertex  6.766220e+01  6.754283e+00  0.000000e+00
   endloop
 endfacet
 facet normal -0.000000e+00  0.000000e+00 -1.000000e+00
   outer loop
     vertex  6.775212e+01  6.691369e+00  0.000000e+00
     vertex  1.220228e+01  6.660844e+00  0.000000e+00
     vertex  1.229306e+01  6.722518e+00  0.000000e+00
   endloop
 endfacet
 facet normal  0.000000e+00 -0.000000e+00 -1.000000e+00
   outer loop
     vertex  6.667603e+01  7.774868e+00  0.000000e+00
     vertex  6.673832e+01  7.684516e+00  0.000000e+00
     vertex  1.329313e+01  7.729478e+00  0.000000e+00
   endloop
 endfacet
 facet normal -0.000000e+00  0.000000e+00 -1.000000e+00
   outer loop
     vertex  6.667603e+01  7.774868e+00  0.000000e+00
     vertex  1.329313e+01  7.729478e+00  0.000000e+00
     vertex  1.335418e+01  7.820677e+00  0.000000e+00
   endloop
 endfacet
 facet normal  0.000000e+00  0.000000e+00 -1.000000e+00
   outer loop
     vertex  6.784374e+01  6.630946e+00  0.000000e+00
     vertex  1.220228e+01  6.660844e+00  0.000000e+00
     vertex  6.775212e+01  6.691369e+00  0.000000e+00
   endloop
 endfacet
 facet normal -0.000000e+00  0.000000e+00 -1.000000e+00
   outer loop
     vertex  6.784374e+01  6.630946e+00  0.000000e+00
     vertex  1.210984e+01  6.601683e+00  0.000000e+00
     vertex  1.220228e+01  6.660844e+00  0.000000e+00
   endloop
 endfacet
 facet normal -0.000000e+00  0.000000e+00 -1.000000e+00
   outer loop
     vertex  6.661623e+01  7.866896e+00  0.000000e+00
     vertex  1.335418e+01  7.820677e+00  0.000000e+00
     vertex  1.341271e+01  7.913516e+00  0.000000e+00
   endloop
 endfacet
 facet normal  0.000000e+00 -0.000000e+00 -1.000000e+00
   outer loop
     vertex  6.661623e+01  7.866896e+00  0.000000e+00
     vertex  6.667603e+01  7.774868e+00  0.000000e+00
     vertex  1.335418e+01  7.820677e+00  0.000000e+00
   endloop
 endfacet
 facet normal  0.000000e+00  0.000000e+00 -1.000000e+00
   outer loop
     vertex  6.793697e+01  6.573059e+00  0.000000e+00
     vertex  1.210984e+01  6.601683e+00  0.000000e+00
     vertex  6.784374e+01  6.630946e+00  0.000000e+00
   endloop
 endfacet
 facet normal -0.000000e+00  0.000000e+00 -1.000000e+00
   outer loop
     vertex  6.793697e+01  6.573059e+00  0.000000e+00
     vertex  1.201582e+01  6.545080e+00  0.000000e+00
     vertex  1.210984e+01  6.601683e+00  0.000000e+00
   endloop
 endfacet
 facet normal  0.000000e+00 -0.000000e+00 -1.000000e+00
   outer loop
     vertex  6.655899e+01  7.960529e+00  0.000000e+00
     vertex  6.661623e+01  7.866896e+00  0.000000e+00
     vertex  1.341271e+01  7.913516e+00  0.000000e+00
   endloop
 endfacet
 facet normal -0.000000e+00  0.000000e+00 -1.000000e+00
   outer loop
     vertex  6.655899e+01  7.960529e+00  0.000000e+00
     vertex  1.341271e+01  7.913516e+00  0.000000e+00
     vertex  1.346867e+01  8.007926e+00  0.000000e+00
   endloop
 endfacet
 facet normal  0.000000e+00  0.000000e+00 -1.000000e+00
   outer loop
     vertex  6.803177e+01  6.517752e+00  0.000000e+00
     vertex  1.201582e+01  6.545080e+00  0.000000e+00
     vertex  6.793697e+01  6.573059e+00  0.000000e+00
   endloop
 endfacet
 facet normal -0.000000e+00  0.000000e+00 -1.000000e+00
   outer loop
     vertex  6.803177e+01  6.517752e+00  0.000000e+00
     vertex  1.192028e+01  6.491079e+00  0.000000e+00
     vertex  1.201582e+01  6.545080e+00  0.000000e+00
   endloop
 endfacet
 facet normal -0.000000e+00  0.000000e+00 -1.000000e+00
   outer loop
     vertex  6.650433e+01  8.055697e+00  0.000000e+00
     vertex  1.346867e+01  8.007926e+00  0.000000e+00
     vertex  1.352201e+01  8.103835e+00  0.000000e+00
   endloop
 endfacet
 facet normal  0.000000e+00 -0.000000e+00 -1.000000e+00
   outer loop
     vertex  6.650433e+01  8.055697e+00  0.000000e+00
     vertex  6.655899e+01  7.960529e+00  0.000000e+00
     vertex  1.346867e+01  8.007926e+00  0.000000e+00
   endloop
 endfacet
 facet normal  0.000000e+00  0.000000e+00 -1.000000e+00
   outer loop
     vertex  6.812804e+01  6.465066e+00  0.000000e+00
     vertex  1.192028e+01  6.491079e+00  0.000000e+00
     vertex  6.803177e+01  6.517752e+00  0.000000e+00
   endloop
 endfacet
 facet normal -0.000000e+00  0.000000e+00 -1.000000e+00
   outer loop
     vertex  6.812804e+01  6.465066e+00  0.000000e+00
     vertex  1.182329e+01  6.439718e+00  0.000000e+00
     vertex  1.192028e+01  6.491079e+00  0.000000e+00
   endloop
 endfacet
 facet normal -0.000000e+00  0.000000e+00 -1.000000e+00
   outer loop
     vertex  6.645231e+01  8.152330e+00  0.000000e+00
     vertex  1.352201e+01  8.103835e+00  0.000000e+00
     vertex  1.357270e+01  8.201172e+00  0.000000e+00
   endloop
 endfacet
 facet normal  0.000000e+00 -0.000000e+00 -1.000000e+00
   outer loop
     vertex  6.645231e+01  8.152330e+00  0.000000e+00
     vertex  6.650433e+01  8.055697e+00  0.000000e+00
     vertex  1.352201e+01  8.103835e+00  0.000000e+00
   endloop
 endfacet
 facet normal  0.000000e+00  0.000000e+00 -1.000000e+00
   outer loop
     vertex  6.822572e+01  6.415041e+00  0.000000e+00
     vertex  1.182329e+01  6.439718e+00  0.000000e+00
     vertex  6.812804e+01  6.465066e+00  0.000000e+00
   endloop
 endfacet
 facet normal -0.000000e+00  0.000000e+00 -1.000000e+00
   outer loop
     vertex  6.822572e+01  6.415041e+00  0.000000e+00
     vertex  1.172493e+01  6.391038e+00  0.000000e+00
     vertex  1.182329e+01  6.439718e+00  0.000000e+00
   endloop
 endfacet
 facet normal -0.000000e+00  0.000000e+00 -1.000000e+00
   outer loop
     vertex  6.640295e+01  8.250353e+00  0.000000e+00
     vertex  1.357270e+01  8.201172e+00  0.000000e+00
     vertex  1.362071e+01  8.299863e+00  0.000000e+00
   endloop
 endfacet
 facet normal  0.000000e+00 -0.000000e+00 -1.000000e+00
   outer loop
     vertex  6.640295e+01  8.250353e+00  0.000000e+00
     vertex  6.645231e+01  8.152330e+00  0.000000e+00
     vertex  1.357270e+01  8.201172e+00  0.000000e+00
   endloop
 endfacet
 facet normal  0.000000e+00  0.000000e+00 -1.000000e+00
   outer loop
     vertex  6.832474e+01  6.367715e+00  0.000000e+00
     vertex  1.172493e+01  6.391038e+00  0.000000e+00
     vertex  6.822572e+01  6.415041e+00  0.000000e+00
   endloop
 endfacet
 facet normal -0.000000e+00  0.000000e+00 -1.000000e+00
   outer loop
     vertex  6.832474e+01  6.367715e+00  0.000000e+00
     vertex  1.162528e+01  6.345075e+00  0.000000e+00
     vertex  1.172493e+01  6.391038e+00  0.000000e+00
   endloop
 endfacet
 facet normal -0.000000e+00  0.000000e+00 -1.000000e+00
   outer loop
     vertex  6.635631e+01  8.349693e+00  0.000000e+00
     vertex  1.362071e+01  8.299863e+00  0.000000e+00
     vertex  1.366599e+01  8.399833e+00  0.000000e+00
   endloop
 endfacet
 facet normal  0.000000e+00 -0.000000e+00 -1.000000e+00
   outer loop
     vertex  6.635631e+01  8.349693e+00  0.000000e+00
     vertex  6.640295e+01  8.250353e+00  0.000000e+00
     vertex  1.362071e+01  8.299863e+00  0.000000e+00
   endloop
 endfacet
 facet normal  0.000000e+00  0.000000e+00 -1.000000e+00
   outer loop
     vertex  6.842502e+01  6.323122e+00  0.000000e+00
     vertex  1.162528e+01  6.345075e+00  0.000000e+00
     vertex  6.832474e+01  6.367715e+00  0.000000e+00
   endloop
 endfacet
 facet normal -0.000000e+00  0.000000e+00 -1.000000e+00
   outer loop
     vertex  6.842502e+01  6.323122e+00  0.000000e+00
     vertex  0.000000e+00  0.000000e+00  0.000000e+00
     vertex  1.162528e+01  6.345075e+00  0.000000e+00
   endloop
 endfacet
 facet normal -0.000000e+00  0.000000e+00 -1.000000e+00
   outer loop
     vertex  6.631241e+01  8.450275e+00  0.000000e+00
     vertex  1.366599e+01  8.399833e+00  0.000000e+00
     vertex  1.370851e+01  8.501008e+00  0.000000e+00
   endloop
 endfacet
 facet normal  0.000000e+00 -0.000000e+00 -1.000000e+00
   outer loop
     vertex  6.631241e+01  8.450275e+00  0.000000e+00
     vertex  6.635631e+01  8.349693e+00  0.000000e+00
     vertex  1.366599e+01  8.399833e+00  0.000000e+00
   endloop
 endfacet
 facet normal -0.000000e+00  0.000000e+00 -1.000000e+00
   outer loop
     vertex  6.627128e+01  8.552024e+00  0.000000e+00
     vertex  1.370851e+01  8.501008e+00  0.000000e+00
     vertex  1.374823e+01  8.603312e+00  0.000000e+00
   endloop
 endfacet
 facet normal  0.000000e+00 -0.000000e+00 -1.000000e+00
   outer loop
     vertex  6.627128e+01  8.552024e+00  0.000000e+00
     vertex  6.631241e+01  8.450275e+00  0.000000e+00
     vertex  1.370851e+01  8.501008e+00  0.000000e+00
   endloop
 endfacet
 facet normal -0.000000e+00  0.000000e+00 -1.000000e+00
   outer loop
     vertex  6.623296e+01  8.654863e+00  0.000000e+00
     vertex  1.374823e+01  8.603312e+00  0.000000e+00
     vertex  1.378514e+01  8.706667e+00  0.000000e+00
   endloop
 endfacet
 facet normal  0.000000e+00 -0.000000e+00 -1.000000e+00
   outer loop
     vertex  6.623296e+01  8.654863e+00  0.000000e+00
     vertex  6.627128e+01  8.552024e+00  0.000000e+00
     vertex  1.374823e+01  8.603312e+00  0.000000e+00
   endloop
 endfacet
 facet normal -0.000000e+00  0.000000e+00 -1.000000e+00
   outer loop
     vertex  6.619747e+01  8.758714e+00  0.000000e+00
     vertex  1.378514e+01  8.706667e+00  0.000000e+00
     vertex  1.381920e+01  8.810995e+00  0.000000e+00
   endloop
 endfacet
 facet normal  0.000000e+00 -0.000000e+00 -1.000000e+00
   outer loop
     vertex  6.619747e+01  8.758714e+00  0.000000e+00
     vertex  6.623296e+01  8.654863e+00  0.000000e+00
     vertex  1.378514e+01  8.706667e+00  0.000000e+00
   endloop
 endfacet
 facet normal -0.000000e+00  0.000000e+00 -1.000000e+00
   outer loop
     vertex  6.616485e+01  8.863500e+00  0.000000e+00
     vertex  1.381920e+01  8.810995e+00  0.000000e+00
     vertex  1.385038e+01  8.916219e+00  0.000000e+00
   endloop
 endfacet
 facet normal  0.000000e+00 -0.000000e+00 -1.000000e+00
   outer loop
     vertex  6.616485e+01  8.863500e+00  0.000000e+00
     vertex  6.619747e+01  8.758714e+00  0.000000e+00
     vertex  1.381920e+01  8.810995e+00  0.000000e+00
   endloop
 endfacet
 facet normal -0.000000e+00  0.000000e+00 -1.000000e+00
   outer loop
     vertex  6.613512e+01  8.969142e+00  0.000000e+00
     vertex  1.385038e+01  8.916219e+00  0.000000e+00
     vertex  1.387866e+01  9.022258e+00  0.000000e+00
   endloop
 endfacet
 facet normal  0.000000e+00 -0.000000e+00 -1.000000e+00
   outer loop
     vertex  6.613512e+01  8.969142e+00  0.000000e+00
     vertex  6.616485e+01  8.863500e+00  0.000000e+00
     vertex  1.385038e+01  8.916219e+00  0.000000e+00
   endloop
 endfacet
 facet normal -0.000000e+00  0.000000e+00 -1.000000e+00
   outer loop
     vertex  6.610829e+01  9.075559e+00  0.000000e+00
     vertex  1.387866e+01  9.022258e+00  0.000000e+00
     vertex  1.390403e+01  9.129034e+00  0.000000e+00
   endloop
 endfacet
 facet normal  0.000000e+00 -0.000000e+00 -1.000000e+00
   outer loop
     vertex  6.610829e+01  9.075559e+00  0.000000e+00
     vertex  6.613512e+01  8.969142e+00  0.000000e+00
     vertex  1.387866e+01  9.022258e+00  0.000000e+00
   endloop
 endfacet
 facet normal -0.000000e+00  0.000000e+00 -1.000000e+00
   outer loop
     vertex  6.608439e+01  9.182672e+00  0.000000e+00
     vertex  1.390403e+01  9.129034e+00  0.000000e+00
     vertex  1.392645e+01  9.236465e+00  0.000000e+00
   endloop
 endfacet
 facet normal  0.000000e+00 -0.000000e+00 -1.000000e+00
   outer loop
     vertex  6.608439e+01  9.182672e+00  0.000000e+00
     vertex  6.610829e+01  9.075559e+00  0.000000e+00
     vertex  1.390403e+01  9.129034e+00  0.000000e+00
   endloop
 endfacet
 facet normal -0.000000e+00  0.000000e+00 -1.000000e+00
   outer loop
     vertex  6.606344e+01  9.290401e+00  0.000000e+00
     vertex  1.392645e+01  9.236465e+00  0.000000e+00
     vertex  1.394592e+01  9.344471e+00  0.000000e+00
   endloop
 endfacet
 facet normal  0.000000e+00 -0.000000e+00 -1.000000e+00
   outer loop
     vertex  6.606344e+01  9.290401e+00  0.000000e+00
     vertex  6.608439e+01  9.182672e+00  0.000000e+00
     vertex  1.392645e+01  9.236465e+00  0.000000e+00
   endloop
 endfacet
 facet normal -0.000000e+00  0.000000e+00 -1.000000e+00
   outer loop
     vertex  6.604546e+01  9.398664e+00  0.000000e+00
     vertex  1.394592e+01  9.344471e+00  0.000000e+00
     vertex  1.396242e+01  9.452970e+00  0.000000e+00
   endloop
 endfacet
 facet normal  0.000000e+00 -0.000000e+00 -1.000000e+00
   outer loop
     vertex  6.604546e+01  9.398664e+00  0.000000e+00
     vertex  6.606344e+01  9.290401e+00  0.000000e+00
     vertex  1.394592e+01  9.344471e+00  0.000000e+00
   endloop
 endfacet
 facet normal  0.000000e+00 -0.000000e+00 -1.000000e+00
   outer loop
     vertex  6.603045e+01  9.507379e+00  0.000000e+00
     vertex  6.604546e+01  9.398664e+00  0.000000e+00
     vertex  1.396242e+01  9.452970e+00  0.000000e+00
   endloop
 endfacet
 facet normal -0.000000e+00  0.000000e+00 -1.000000e+00
   outer loop
     vertex  6.603045e+01  9.507379e+00  0.000000e+00
     vertex  1.396242e+01  9.452970e+00  0.000000e+00
     vertex  1.397593e+01  9.561881e+00  0.000000e+00
   endloop
 endfacet
 facet normal -0.000000e+00  0.000000e+00 -1.000000e+00
   outer loop
     vertex  6.601843e+01  9.616465e+00  0.000000e+00
     vertex  1.397593e+01  9.561881e+00  0.000000e+00
     vertex  1.398646e+01  9.671122e+00  0.000000e+00
   endloop
 endfacet
 facet normal  0.000000e+00 -0.000000e+00 -1.000000e+00
   outer loop
     vertex  6.601843e+01  9.616465e+00  0.000000e+00
     vertex  6.603045e+01  9.507379e+00  0.000000e+00
     vertex  1.397593e+01  9.561881e+00  0.000000e+00
   endloop
 endfacet
 facet normal -0.000000e+00  0.000000e+00 -1.000000e+00
   outer loop
     vertex  6.600941e+01  9.725840e+00  0.000000e+00
     vertex  1.398646e+01  9.671122e+00  0.000000e+00
     vertex  1.399398e+01  9.780610e+00  0.000000e+00
   endloop
 endfacet
 facet normal  0.000000e+00 -0.000000e+00 -1.000000e+00
   outer loop
     vertex  6.600941e+01  9.725840e+00  0.000000e+00
     vertex  6.601843e+01  9.616465e+00  0.000000e+00
     vertex  1.398646e+01  9.671122e+00  0.000000e+00
   endloop
 endfacet
 facet normal -0.000000e+00  0.000000e+00 -1.000000e+00
   outer loop
     vertex  6.600339e+01  9.835422e+00  0.000000e+00
     vertex  1.399398e+01  9.780610e+00  0.000000e+00
     vertex  1.399849e+01  9.890264e+00  0.000000e+00
   endloop
 endfacet
 facet normal  0.000000e+00 -0.000000e+00 -1.000000e+00
   outer loop
     vertex  6.600339e+01  9.835422e+00  0.000000e+00
     vertex  6.600941e+01  9.725840e+00  0.000000e+00
     vertex  1.399398e+01  9.780610e+00  0.000000e+00
   endloop
 endfacet
 facet normal -0.000000e+00  0.000000e+00 -1.000000e+00
   outer loop
     vertex  6.600038e+01  9.945127e+00  0.000000e+00
     vertex  1.399849e+01  9.890264e+00  0.000000e+00
     vertex  1.400000e+01  1.000000e+01  0.000000e+00
   endloop
 endfacet
 facet normal  0.000000e+00 -0.000000e+00 -1.000000e+00
   outer loop
     vertex  6.600038e+01  9.945127e+00  0.000000e+00
     vertex  6.600339e+01  9.835422e+00  0.000000e+00
     vertex  1.399849e+01  9.890264e+00  0.000000e+00
   endloop
 endfacet
 facet normal -0.000000e+00  0.000000e+00 -1.000000e+00
   outer loop
     vertex  6.600038e+01  1.005487e+01  0.000000e+00
     vertex  1.400000e+01  1.000000e+01  0.000000e+00
     vertex  1.399849e+01  1.010974e+01  0.000000e+00
   endloop
 endfacet
 facet normal  0.000000e+00 -0.000000e+00 -1.000000e+00
   outer loop
     vertex  6.600038e+01  1.005487e+01  0.000000e+00
     vertex  6.600038e+01  9.945127e+00  0.000000e+00
     vertex  1.400000e+01  1.000000e+01  0.000000e+00
   endloop
 endfacet
 facet normal -0.000000e+00  0.000000e+00 -1.000000e+00
   outer loop
     vertex  6.600339e+01  1.016458e+01  0.000000e+00
     vertex  1.399849e+01  1.010974e+01  0.000000e+00
     vertex  1.399398e+01  1.021939e+01  0.000000e+00
   endloop
 endfacet
 facet normal  0.000000e+00  0.000000e+00 -1.000000e+00
   outer loop
     vertex  6.600339e+01  1.016458e+01  0.000000e+00
     vertex  6.600038e+01  1.005487e+01  0.000000e+00
     vertex  1.399849e+01  1.010974e+01  0.000000e+00
   endloop
 endfacet
 facet normal -0.000000e+00  0.000000e+00 -1.000000e+00
   outer loop
     vertex  6.600941e+01  1.027416e+01  0.000000e+00
     vertex  1.399398e+01  1.021939e+01  0.000000e+00
     vertex  1.398646e+01  1.032888e+01  0.000000e+00
   endloop
 endfacet
 facet normal  0.000000e+00  0.000000e+00 -1.000000e+00
   outer loop
     vertex  6.600941e+01  1.027416e+01  0.000000e+00
     vertex  6.600339e+01  1.016458e+01  0.000000e+00
     vertex  1.399398e+01  1.021939e+01  0.000000e+00
   endloop
 endfacet
 facet normal -0.000000e+00  0.000000e+00 -1.000000e+00
   outer loop
     vertex  6.601843e+01  1.038353e+01  0.000000e+00
     vertex  1.398646e+01  1.032888e+01  0.000000e+00
     vertex  1.397593e+01  1.043812e+01  0.000000e+00
   endloop
 endfacet
 facet normal  0.000000e+00  0.000000e+00 -1.000000e+00
   outer loop
     vertex  6.601843e+01  1.038353e+01  0.000000e+00
     vertex  6.600941e+01  1.027416e+01  0.000000e+00
     vertex  1.398646e+01  1.032888e+01  0.000000e+00
   endloop
 endfacet
 facet normal -0.000000e+00  0.000000e+00 -1.000000e+00
   outer loop
     vertex  6.603045e+01  1.049262e+01  0.000000e+00
     vertex  1.397593e+01  1.043812e+01  0.000000e+00
     vertex  1.396242e+01  1.054703e+01  0.000000e+00
   endloop
 endfacet
 facet normal  0.000000e+00  0.000000e+00 -1.000000e+00
   outer loop
     vertex  6.603045e+01  1.049262e+01  0.000000e+00
     vertex  6.601843e+01  1.038353e+01  0.000000e+00
     vertex  1.397593e+01  1.043812e+01  0.000000e+00
   endloop
 endfacet
 facet normal -0.000000e+00  0.000000e+00 -1.000000e+00
   outer loop
     vertex  6.604546e+01  1.060134e+01  0.000000e+00
     vertex  1.396242e+01  1.054703e+01  0.000000e+00
     vertex  1.394592e+01  1.065553e+01  0.000000e+00
   endloop
 endfacet
 facet normal  0.000000e+00  0.000000e+00 -1.000000e+00
   outer loop
     vertex  6.604546e+01  1.060134e+01  0.000000e+00
     vertex  6.603045e+01  1.049262e+01  0.000000e+00
     vertex  1.396242e+01  1.054703e+01  0.000000e+00
   endloop
 endfacet
 facet normal -0.000000e+00  0.000000e+00 -1.000000e+00
   outer loop
     vertex  6.606344e+01  1.070960e+01  0.000000e+00
     vertex  1.394592e+01  1.065553e+01  0.000000e+00
     vertex  1.392645e+01  1.076354e+01  0.000000e+00
   endloop
 endfacet
 facet normal  0.000000e+00  0.000000e+00 -1.000000e+00
   outer loop
     vertex  6.606344e+01  1.070960e+01  0.000000e+00
     vertex  6.604546e+01  1.060134e+01  0.000000e+00
     vertex  1.394592e+01  1.065553e+01  0.000000e+00
   endloop
 endfacet
 facet normal -0.000000e+00  0.000000e+00 -1.000000e+00
   outer loop
     vertex  6.608439e+01  1.081733e+01  0.000000e+00
     vertex  1.392645e+01  1.076354e+01  0.000000e+00
     vertex  1.390403e+01  1.087097e+01  0.000000e+00
   endloop
 endfacet
 facet normal  0.000000e+00  0.000000e+00 -1.000000e+00
   outer loop
     vertex  6.608439e+01  1.081733e+01  0.000000e+00
     vertex  6.606344e+01  1.070960e+01  0.000000e+00
     vertex  1.392645e+01  1.076354e+01  0.000000e+00
   endloop
 endfacet
 facet normal -0.000000e+00  0.000000e+00 -1.000000e+00
   outer loop
     vertex  6.610829e+01  1.092444e+01  0.000000e+00
     vertex  1.390403e+01  1.087097e+01  0.000000e+00
     vertex  1.387866e+01  1.097774e+01  0.000000e+00
   endloop
 endfacet
 facet normal  0.000000e+00  0.000000e+00 -1.000000e+00
   outer loop
     vertex  6.610829e+01  1.092444e+01  0.000000e+00
     vertex  6.608439e+01  1.081733e+01  0.000000e+00
     vertex  1.390403e+01  1.087097e+01  0.000000e+00
   endloop
 endfacet
 facet normal  0.000000e+00  0.000000e+00 -1.000000e+00
   outer loop
     vertex  6.613512e+01  1.103086e+01  0.000000e+00
     vertex  6.610829e+01  1.092444e+01  0.000000e+00
     vertex  1.387866e+01  1.097774e+01  0.000000e+00
   endloop
 endfacet
 facet normal -0.000000e+00  0.000000e+00 -1.000000e+00
   outer loop
     vertex  6.613512e+01  1.103086e+01  0.000000e+00
     vertex  1.387866e+01  1.097774e+01  0.000000e+00
     vertex  1.385038e+01  1.108378e+01  0.000000e+00
   endloop
 endfacet
 facet normal -0.000000e+00  0.000000e+00 -1.000000e+00
   outer loop
     vertex  6.616485e+01  1.113650e+01  0.000000e+00
     vertex  1.385038e+01  1.108378e+01  0.000000e+00
     vertex  1.381920e+01  1.118900e+01  0.000000e+00
   endloop
 endfacet
 facet normal  0.000000e+00  0.000000e+00 -1.000000e+00
   outer loop
     vertex  6.616485e+01  1.113650e+01  0.000000e+00
     vertex  6.613512e+01  1.103086e+01  0.000000e+00
     vertex  1.385038e+01  1.108378e+01  0.000000e+00
   endloop
 endfacet
 facet normal -0.000000e+00  0.000000e+00 -1.000000e+00
   outer loop
     vertex  6.619747e+01  1.124129e+01  0.000000e+00
     vertex  1.381920e+01  1.118900e+01  0.000000e+00
     vertex  1.378514e+01  1.129333e+01  0.000000e+00
   endloop
 endfacet
 facet normal  0.000000e+00  0.000000e+00 -1.000000e+00
   outer loop
     vertex  6.619747e+01  1.124129e+01  0.000000e+00
     vertex  6.616485e+01  1.113650e+01  0.000000e+00
     vertex  1.381920e+01  1.118900e+01  0.000000e+00
   endloop
 endfacet
 facet normal -0.000000e+00  0.000000e+00 -1.000000e+00
   outer loop
     vertex  6.623296e+01  1.134514e+01  0.000000e+00
     vertex  1.378514e+01  1.129333e+01  0.000000e+00
     vertex  1.374823e+01  1.139669e+01  0.000000e+00
   endloop
 endfacet
 facet normal  0.000000e+00  0.000000e+00 -1.000000e+00
   outer loop
     vertex  6.623296e+01  1.134514e+01  0.000000e+00
     vertex  6.619747e+01  1.124129e+01  0.000000e+00
     vertex  1.378514e+01  1.129333e+01  0.000000e+00
   endloop
 endfacet
 facet normal -0.000000e+00  0.000000e+00 -1.000000e+00
   outer loop
     vertex  6.627128e+01  1.144798e+01  0.000000e+00
     vertex  1.374823e+01  1.139669e+01  0.000000e+00
     vertex  1.370851e+01  1.149899e+01  0.000000e+00
   endloop
 endfacet
 facet normal  0.000000e+00  0.000000e+00 -1.000000e+00
   outer loop
     vertex  6.627128e+01  1.144798e+01  0.000000e+00
     vertex  6.623296e+01  1.134514e+01  0.000000e+00
     vertex  1.374823e+01  1.139669e+01  0.000000e+00
   endloop
 endfacet
 facet normal -0.000000e+00  0.000000e+00 -1.000000e+00
   outer loop
     vertex  6.631241e+01  1.154973e+01  0.000000e+00
     vertex  1.370851e+01  1.149899e+01  0.000000e+00
     vertex  1.366599e+01  1.160017e+01  0.000000e+00
   endloop
 endfacet
 facet normal  0.000000e+00  0.000000e+00 -1.000000e+00
   outer loop
     vertex  6.631241e+01  1.154973e+01  0.000000e+00
     vertex  6.627128e+01  1.144798e+01  0.000000e+00
     vertex  1.370851e+01  1.149899e+01  0.000000e+00
   endloop
 endfacet
 facet normal -0.000000e+00  0.000000e+00 -1.000000e+00
   outer loop
     vertex  6.635631e+01  1.165031e+01  0.000000e+00
     vertex  1.366599e+01  1.160017e+01  0.000000e+00
     vertex  1.362071e+01  1.170014e+01  0.000000e+00
   endloop
 endfacet
 facet normal  0.000000e+00  0.000000e+00 -1.000000e+00
   outer loop
     vertex  6.635631e+01  1.165031e+01  0.000000e+00
     vertex  6.631241e+01  1.154973e+01  0.000000e+00
     vertex  1.366599e+01  1.160017e+01  0.000000e+00
   endloop
 endfacet
 facet normal -0.000000e+00  0.000000e+00 -1.000000e+00
   outer loop
     vertex  6.640295e+01  1.174965e+01  0.000000e+00
     vertex  1.362071e+01  1.170014e+01  0.000000e+00
     vertex  1.357270e+01  1.179883e+01  0.000000e+00
   endloop
 endfacet
 facet normal  0.000000e+00  0.000000e+00 -1.000000e+00
   outer loop
     vertex  6.640295e+01  1.174965e+01  0.000000e+00
     vertex  6.635631e+01  1.165031e+01  0.000000e+00
     vertex  1.362071e+01  1.170014e+01  0.000000e+00
   endloop
 endfacet
 facet normal  0.000000e+00  0.000000e+00 -1.000000e+00
   outer loop
     vertex  8.000000e+01  0.000000e+00  0.000000e+00
     vertex  6.980801e+01  6.004610e+00  0.000000e+00
     vertex  6.991769e+01  6.000847e+00  0.000000e+00
   endloop
 endfacet
 facet normal  0.000000e+00  0.000000e+00 -1.000000e+00
   outer loop
     vertex  8.000000e+01  0.000000e+00  0.000000e+00
     vertex  6.991769e+01  6.000847e+00  0.000000e+00
     vertex  7.002744e+01  6.000094e+00  0.000000e+00
   endloop
 endfacet
 facet normal  0.000000e+00  0.000000e+00 -1.000000e+00
   outer loop
     vertex  8.000000e+01  0.000000e+00  0.000000e+00
     vertex  7.002744e+01  6.000094e+00  0.000000e+00
     vertex  7.013716e+01  6.002352e+00  0.000000e+00
   endloop
 endfacet
 facet normal  0.000000e+00  0.000000e+00 -1.000000e+00
   outer loop
     vertex  8.000000e+01  0.000000e+00  0.000000e+00
     vertex  7.013716e+01  6.002352e+00  0.000000e+00
     vertex  7.024678e+01  6.007620e+00  0.000000e+00
   endloop
 endfacet
 facet normal  0.000000e+00  0.000000e+00 -1.000000e+00
   outer loop
     vertex  8.000000e+01  0.000000e+00  0.000000e+00
     vertex  7.024678e+01  6.007620e+00  0.000000e+00
     vertex  7.035621e+01  6.015893e+00  0.000000e+00
   endloop
 endfacet
 facet normal  0.000000e+00  0.000000e+00 -1.000000e+00
   outer loop
     vertex  8.000000e+01  0.000000e+00  0.000000e+00
     vertex  7.035621e+01  6.015893e+00  0.000000e+00
     vertex  7.046538e+01  6.027165e+00  0.000000e+00
   endloop
 endfacet
 facet normal  0.000000e+00  0.000000e+00 -1.000000e+00
   outer loop
     vertex  8.000000e+01  0.000000e+00  0.000000e+00
     vertex  7.046538e+01  6.027165e+00  0.000000e+00
     vertex  7.057420e+01  6.041427e+00  0.000000e+00
   endloop
 endfacet
 facet normal  0.000000e+00  0.000000e+00 -1.000000e+00
   outer loop
     vertex  8.000000e+01  0.000000e+00  0.000000e+00
     vertex  7.057420e+01  6.041427e+00  0.000000e+00
     vertex  7.068258e+01  6.058670e+00  0.000000e+00
   endloop
 endfacet
 facet normal  0.000000e+00  0.000000e+00 -1.000000e+00
   outer loop
     vertex  8.000000e+01  0.000000e+00  0.000000e+00
     vertex  7.068258e+01  6.058670e+00  0.000000e+00
     vertex  7.079045e+01  6.078879e+00  0.000000e+00
   endloop
 endfacet
 facet normal  0.000000e+00  0.000000e+00 -1.000000e+00
   outer loop
     vertex  8.000000e+01  0.000000e+00  0.000000e+00
     vertex  7.079045e+01  6.078879e+00  0.000000e+00
     vertex  7.089772e+01  6.102040e+00  0.000000e+00
   endloop
 endfacet
 facet normal  0.000000e+00  0.000000e+00 -1.000000e+00
   outer loop
     vertex  8.000000e+01  0.000000e+00  0.000000e+00
     vertex  7.089772e+01  6.102040e+00  0.000000e+00
     vertex  7.100432e+01  6.128136e+00  0.000000e+00
   endloop
 endfacet
 facet normal  0.000000e+00  0.000000e+00 -1.000000e+00
   outer loop
     vertex  8.000000e+01  0.000000e+00  0.000000e+00
     vertex  7.100432e+01  6.128136e+00  0.000000e+00
     vertex  7.111017e+01  6.157146e+00  0.000000e+00
   endloop
 endfacet
 facet normal  0.000000e+00  0.000000e+00 -1.000000e+00
   outer loop
     vertex  8.000000e+01  0.000000e+00  0.000000e+00
     vertex  7.111017e+01  6.157146e+00  0.000000e+00
     vertex  7.121517e+01  6.189048e+00  0.000000e+00
   endloop
 endfacet
 facet normal  0.000000e+00  0.000000e+00 -1.000000e+00
   outer loop
     vertex  8.000000e+01  0.000000e+00  0.000000e+00
     vertex  7.121517e+01  6.189048e+00  0.000000e+00
     vertex  7.131927e+01  6.223820e+00  0.000000e+00
   endloop
 endfacet
 facet normal  0.000000e+00  0.000000e+00 -1.000000e+00
   outer loop
     vertex  8.000000e+01  0.000000e+00  0.000000e+00
     vertex  7.131927e+01  6.223820e+00  0.000000e+00
     vertex  7.142237e+01  6.261434e+00  0.000000e+00
   endloop
 endfacet
 facet normal  0.000000e+00  0.000000e+00 -1.000000e+00
   outer loop
     vertex  8.000000e+01  0.000000e+00  0.000000e+00
     vertex  7.142237e+01  6.261434e+00  0.000000e+00
     vertex  7.152439e+01  6.301862e+00  0.000000e+00
   endloop
 endfacet
 facet normal  0.000000e+00  0.000000e+00 -1.000000e+00
   outer loop
     vertex  8.000000e+01  0.000000e+00  0.000000e+00
     vertex  7.152439e+01  6.301862e+00  0.000000e+00
     vertex  7.162528e+01  6.345075e+00  0.000000e+00
   endloop
 endfacet
 facet normal  0.000000e+00  0.000000e+00 -1.000000e+00
   outer loop
     vertex  8.000000e+01  0.000000e+00  0.000000e+00
     vertex  7.162528e+01  6.345075e+00  0.000000e+00
     vertex  7.172493e+01  6.391038e+00  0.000000e+00
   endloop
 endfacet
 facet normal  0.000000e+00  0.000000e+00 -1.000000e+00
   outer loop
     vertex  8.000000e+01  0.000000e+00  0.000000e+00
     vertex  7.172493e+01  6.391038e+00  0.000000e+00
     vertex  7.182329e+01  6.439718e+00  0.000000e+00
   endloop
 endfacet
 facet normal  0.000000e+00  0.000000e+00 -1.000000e+00
   outer loop
     vertex  8.000000e+01  0.000000e+00  0.000000e+00
     vertex  7.182329e+01  6.439718e+00  0.000000e+00
     vertex  7.192028e+01  6.491079e+00  0.000000e+00
   endloop
 endfacet
 facet normal  0.000000e+00  0.000000e+00 -1.000000e+00
   outer loop
     vertex  8.000000e+01  0.000000e+00  0.000000e+00
     vertex  7.192028e+01  6.491079e+00  0.000000e+00
     vertex  7.201582e+01  6.545080e+00  0.000000e+00
   endloop
 endfacet
 facet normal  0.000000e+00  0.000000e+00 -1.000000e+00
   outer loop
     vertex  8.000000e+01  0.000000e+00  0.000000e+00
     vertex  7.201582e+01  6.545080e+00  0.000000e+00
     vertex  7.210984e+01  6.601683e+00  0.000000e+00
   endloop
 endfacet
 facet normal  0.000000e+00  0.000000e+00 -1.000000e+00
   outer loop
     vertex  8.000000e+01  0.000000e+00  0.000000e+00
     vertex  7.210984e+01  6.601683e+00  0.000000e+00
     vertex  7.220228e+01  6.660844e+00  0.000000e+00
   endloop
 endfacet
 facet normal  0.000000e+00  0.000000e+00 -1.000000e+00
   outer loop
     vertex  8.000000e+01  0.000000e+00  0.000000e+00
     vertex  7.220228e+01  6.660844e+00  0.000000e+00
     vertex  7.229306e+01  6.722518e+00  0.000000e+00
   endloop
 endfacet
 facet normal  0.000000e+00  0.000000e+00 -1.000000e+00
   outer loop
     vertex  8.000000e+01  0.000000e+00  0.000000e+00
     vertex  7.229306e+01  6.722518e+00  0.000000e+00
     vertex  7.238211e+01  6.786659e+00  0.000000e+00
   endloop
 endfacet
 facet normal  0.000000e+00  0.000000e+00 -1.000000e+00
   outer loop
     vertex  8.000000e+01  0.000000e+00  0.000000e+00
     vertex  7.238211e+01  6.786659e+00  0.000000e+00
     vertex  7.246937e+01  6.853220e+00  0.000000e+00
   endloop
 endfacet
 facet normal  0.000000e+00  0.000000e+00 -1.000000e+00
   outer loop
     vertex  8.000000e+01  0.000000e+00  0.000000e+00
     vertex  7.246937e+01  6.853220e+00  0.000000e+00
     vertex  7.255477e+01  6.922149e+00  0.000000e+00
   endloop
 endfacet
 facet normal  0.000000e+00  0.000000e+00 -1.000000e+00
   outer loop
     vertex  8.000000e+01  0.000000e+00  0.000000e+00
     vertex  7.255477e+01  6.922149e+00  0.000000e+00
     vertex  7.263824e+01  6.993395e+00  0.000000e+00
   endloop
 endfacet
 facet normal  0.000000e+00  0.000000e+00 -1.000000e+00
   outer loop
     vertex  8.000000e+01  0.000000e+00  0.000000e+00
     vertex  7.263824e+01  6.993395e+00  0.000000e+00
     vertex  7.271973e+01  7.066904e+00  0.000000e+00
   endloop
 endfacet
 facet normal  0.000000e+00  0.000000e+00 -1.000000e+00
   outer loop
     vertex  8.000000e+01  0.000000e+00  0.000000e+00
     vertex  7.271973e+01  7.066904e+00  0.000000e+00
     vertex  7.279918e+01  7.142621e+00  0.000000e+00
   endloop
 endfacet
 facet normal  0.000000e+00  0.000000e+00 -1.000000e+00
   outer loop
     vertex  8.000000e+01  0.000000e+00  0.000000e+00
     vertex  0.000000e+00  0.000000e+00  0.000000e+00
     vertex  6.842502e+01  6.323122e+00  0.000000e+00
   endloop
 endfacet
 facet normal  0.000000e+00  0.000000e+00 -1.000000e+00
   outer loop
     vertex  8.000000e+01  0.000000e+00  0.000000e+00
     vertex  6.842502e+01  6.323122e+00  0.000000e+00
     vertex  6.852648e+01  6.281298e+00  0.000000e+00
   endloop
 endfacet
 facet normal  0.000000e+00  0.000000e+00 -1.000000e+00
   outer loop
     vertex  8.000000e+01  0.000000e+00  0.000000e+00
     vertex  6.852648e+01  6.281298e+00  0.000000e+00
     vertex  6.862906e+01  6.242273e+00  0.000000e+00
   endloop
 endfacet
 facet normal  0.000000e+00  0.000000e+00 -1.000000e+00
   outer loop
     vertex  8.000000e+01  0.000000e+00  0.000000e+00
     vertex  6.862906e+01  6.242273e+00  0.000000e+00
     vertex  6.873266e+01  6.206077e+00  0.000000e+00
   endloop
 endfacet
 facet normal  0.000000e+00  0.000000e+00 -1.000000e+00
   outer loop
     vertex  8.000000e+01  0.000000e+00  0.000000e+00
     vertex  6.873266e+01  6.206077e+00  0.000000e+00
     vertex  6.883722e+01  6.172737e+00  0.000000e+00
   endloop
 endfacet
 facet normal  0.000000e+00  0.000000e+00 -1.000000e+00
   outer loop
     vertex  8.000000e+01  0.000000e+00  0.000000e+00
     vertex  6.883722e+01  6.172737e+00  0.000000e+00
     vertex  6.894266e+01  6.142278e+00  0.000000e+00
   endloop
 endfacet
 facet normal  0.000000e+00  0.000000e+00 -1.000000e+00
   outer loop
     vertex  8.000000e+01  0.000000e+00  0.000000e+00
     vertex  6.894266e+01  6.142278e+00  0.000000e+00
     vertex  6.904889e+01  6.114722e+00  0.000000e+00
   endloop
 endfacet
 facet normal  0.000000e+00  0.000000e+00 -1.000000e+00
   outer loop
     vertex  8.000000e+01  0.000000e+00  0.000000e+00
     vertex  6.904889e+01  6.114722e+00  0.000000e+00
     vertex  6.915583e+01  6.090092e+00  0.000000e+00
   endloop
 endfacet
 facet normal  0.000000e+00  0.000000e+00 -1.000000e+00
   outer loop
     vertex  8.000000e+01  0.000000e+00  0.000000e+00
     vertex  6.915583e+01  6.090092e+00  0.000000e+00
     vertex  6.926342e+01  6.068404e+00  0.000000e+00
   endloop
 endfacet
 facet normal  0.000000e+00  0.000000e+00 -1.000000e+00
   outer loop
     vertex  8.000000e+01  0.000000e+00  0.000000e+00
     vertex  6.926342e+01  6.068404e+00  0.000000e+00
     vertex  6.937155e+01  6.049677e+00  0.000000e+00
   endloop
 endfacet
 facet normal  0.000000e+00  0.000000e+00 -1.000000e+00
   outer loop
     vertex  8.000000e+01  0.000000e+00  0.000000e+00
     vertex  6.937155e+01  6.049677e+00  0.000000e+00
     vertex  6.948016e+01  6.033923e+00  0.000000e+00
   endloop
 endfacet
 facet normal  0.000000e+00  0.000000e+00 -1.000000e+00
   outer loop
     vertex  8.000000e+01  0.000000e+00  0.000000e+00
     vertex  6.948016e+01  6.033923e+00  0.000000e+00
     vertex  6.958916e+01  6.021154e+00  0.000000e+00
   endloop
 endfacet
 facet normal  0.000000e+00  0.000000e+00 -1.000000e+00
   outer loop
     vertex  8.000000e+01  0.000000e+00  0.000000e+00
     vertex  6.958916e+01  6.021154e+00  0.000000e+00
     vertex  6.969847e+01  6.011381e+00  0.000000e+00
   endloop
 endfacet
 facet normal  0.000000e+00  0.000000e+00 -1.000000e+00
   outer loop
     vertex  8.000000e+01  0.000000e+00  0.000000e+00
     vertex  6.969847e+01  6.011381e+00  0.000000e+00
     vertex  6.980801e+01  6.004610e+00  0.000000e+00
   endloop
 endfacet
 facet normal  0.000000e+00 -0.000000e+00 -1.000000e+00
   outer loop
     vertex  7.287651e+01  7.220489e+00  0.000000e+00
     vertex  8.000000e+01  0.000000e+00  0.000000e+00
     vertex  7.279918e+01  7.142621e+00  0.000000e+00
   endloop
 endfacet
 facet normal  0.000000e+00 -0.000000e+00 -1.000000e+00
   outer loop
     vertex  7.295168e+01  7.300450e+00  0.000000e+00
     vertex  8.000000e+01  0.000000e+00  0.000000e+00
     vertex  7.287651e+01  7.220489e+00  0.000000e+00
   endloop
 endfacet
 facet normal  0.000000e+00 -0.000000e+00 -1.000000e+00
   outer loop
     vertex  7.302463e+01  7.382443e+00  0.000000e+00
     vertex  8.000000e+01  0.000000e+00  0.000000e+00
     vertex  7.295168e+01  7.300450e+00  0.000000e+00
   endloop
 endfacet
 facet normal  0.000000e+00 -0.000000e+00 -1.000000e+00
   outer loop
     vertex  7.309530e+01  7.466406e+00  0.000000e+00
     vertex  8.000000e+01  0.000000e+00  0.000000e+00
     vertex  7.302463e+01  7.382443e+00  0.000000e+00
   endloop
 endfacet
 facet normal  0.000000e+00 -0.000000e+00 -1.000000e+00
   outer loop
     vertex  7.316364e+01  7.552276e+00  0.000000e+00
     vertex  8.000000e+01  0.000000e+00  0.000000e+00
     vertex  7.309530e+01  7.466406e+00  0.000000e+00
   endloop
 endfacet
 facet normal  0.000000e+00 -0.000000e+00 -1.000000e+00
   outer loop
     vertex  7.322960e+01  7.639989e+00  0.000000e+00
     vertex  8.000000e+01  0.000000e+00  0.000000e+00
     vertex  7.316364e+01  7.552276e+00  0.000000e+00
   endloop
 endfacet
 facet normal  0.000000e+00 -0.000000e+00 -1.000000e+00
   outer loop
     vertex  7.329313e+01  7.729478e+00  0.000000e+00
     vertex  8.000000e+01  0.000000e+00  0.000000e+00
     vertex  7.322960e+01  7.639989e+00  0.000000e+00
   endloop
 endfacet
 facet normal  0.000000e+00 -0.000000e+00 -1.000000e+00
   outer loop
     vertex  7.335418e+01  7.820677e+00  0.000000e+00
     vertex  8.000000e+01  0.000000e+00  0.000000e+00
     vertex  7.329313e+01  7.729478e+00  0.000000e+00
   endloop
 endfacet
 facet normal  0.000000e+00 -0.000000e+00 -1.000000e+00
   outer loop
     vertex  7.341271e+01  7.913516e+00  0.000000e+00
     vertex  8.000000e+01  0.000000e+00  0.000000e+00
     vertex  7.335418e+01  7.820677e+00  0.000000e+00
   endloop
 endfacet
 facet normal  0.000000e+00 -0.000000e+00 -1.000000e+00
   outer loop
     vertex  7.346867e+01  8.007926e+00  0.000000e+00
     vertex  8.000000e+01  0.000000e+00  0.000000e+00
     vertex  7.341271e+01  7.913516e+00  0.000000e+00
   endloop
 endfacet
 facet normal  0.000000e+00 -0.000000e+00 -1.000000e+00
   outer loop
     vertex  7.352201e+01  8.103835e+00  0.000000e+00
     vertex  8.000000e+01  0.000000e+00  0.000000e+00
     vertex  7.346867e+01  8.007926e+00  0.000000e+00
   endloop
 endfacet
 facet normal  0.000000e+00 -0.000000e+00 -1.000000e+00
   outer loop
     vertex  7.357270e+01  8.201172e+00  0.000000e+00
     vertex  8.000000e+01  0.000000e+00  0.000000e+00
     vertex  7.352201e+01  8.103835e+00  0.000000e+00
   endloop
 endfacet
 facet normal  0.000000e+00 -0.000000e+00 -1.000000e+00
   outer loop
     vertex  7.362071e+01  8.299863e+00  0.000000e+00
     vertex  8.000000e+01  0.000000e+00  0.000000e+00
     vertex  7.357270e+01  8.201172e+00  0.000000e+00
   endloop
 endfacet
 facet normal  0.000000e+00 -0.000000e+00 -1.000000e+00
   outer loop
     vertex  7.366599e+01  8.399833e+00  0.000000e+00
     vertex  8.000000e+01  0.000000e+00  0.000000e+00
     vertex  7.362071e+01  8.299863e+00  0.000000e+00
   endloop
 endfacet
 facet normal  0.000000e+00 -0.000000e+00 -1.000000e+00
   outer loop
     vertex  7.370851e+01  8.501008e+00  0.000000e+00
     vertex  8.000000e+01  0.000000e+00  0.000000e+00
     vertex  7.366599e+01  8.399833e+00  0.000000e+00
   endloop
 endfacet
 facet normal  0.000000e+00 -0.000000e+00 -1.000000e+00
   outer loop
     vertex  7.374823e+01  8.603312e+00  0.000000e+00
     vertex  8.000000e+01  0.000000e+00  0.000000e+00
     vertex  7.370851e+01  8.501008e+00  0.000000e+00
   endloop
 endfacet
 facet normal  0.000000e+00 -0.000000e+00 -1.000000e+00
   outer loop
     vertex  7.378514e+01  8.706667e+00  0.000000e+00
     vertex  8.000000e+01  0.000000e+00  0.000000e+00
     vertex  7.374823e+01  8.603312e+00  0.000000e+00
   endloop
 endfacet
 facet normal  0.000000e+00 -0.000000e+00 -1.000000e+00
   outer loop
     vertex  7.381920e+01  8.810995e+00  0.000000e+00
     vertex  8.000000e+01  0.000000e+00  0.000000e+00
     vertex  7.378514e+01  8.706667e+00  0.000000e+00
   endloop
 endfacet
 facet normal  0.000000e+00 -0.000000e+00 -1.000000e+00
   outer loop
     vertex  7.385038e+01  8.916219e+00  0.000000e+00
     vertex  8.000000e+01  0.000000e+00  0.000000e+00
     vertex  7.381920e+01  8.810995e+00  0.000000e+00
   endloop
 endfacet
 facet normal  0.000000e+00 -0.000000e+00 -1.000000e+00
   outer loop
     vertex  7.387866e+01  9.022258e+00  0.000000e+00
     vertex  8.000000e+01  0.000000e+00  0.000000e+00
     vertex  7.385038e+01  8.916219e+00  0.000000e+00
   endloop
 endfacet
 facet normal  0.000000e+00 -0.000000e+00 -1.000000e+00
   outer loop
     vertex  7.390403e+01  9.129034e+00  0.000000e+00
     vertex  8.000000e+01  0.000000e+00  0.000000e+00
     vertex  7.387866e+01  9.022258e+00  0.000000e+00
   endloop
 endfacet
 facet normal  0.000000e+00 -0.000000e+00 -1.000000e+00
   outer loop
     vertex  7.392645e+01  9.236465e+00  0.000000e+00
     vertex  8.000000e+01  0.000000e+00  0.000000e+00
     vertex  7.390403e+01  9.129034e+00  0.000000e+00
   endloop
 endfacet
 facet normal  0.000000e+00 -0.000000e+00 -1.000000e+00
   outer loop
     vertex  7.394592e+01  9.344471e+00  0.000000e+00
     vertex  8.000000e+01  0.000000e+00  0.000000e+00
     vertex  7.392645e+01  9.236465e+00  0.000000e+00
   endloop
 endfacet
 facet normal  0.000000e+00 -0.000000e+00 -1.000000e+00
   outer loop
     vertex  7.396242e+01  9.452970e+00  0.000000e+00
     vertex  8.000000e+01  0.000000e+00  0.000000e+00
     vertex  7.394592e+01  9.344471e+00  0.000000e+00
   endloop
 endfacet
 facet normal  0.000000e+00 -0.000000e+00 -1.000000e+00
   outer loop
     vertex  7.397593e+01  9.561881e+00  0.000000e+00
     vertex  8.000000e+01  0.000000e+00  0.000000e+00
     vertex  7.396242e+01  9.452970e+00  0.000000e+00
   endloop
 endfacet
 facet normal  0.000000e+00 -0.000000e+00 -1.000000e+00
   outer loop
     vertex  7.398646e+01  9.671122e+00  0.000000e+00
     vertex  8.000000e+01  0.000000e+00  0.000000e+00
     vertex  7.397593e+01  9.561881e+00  0.000000e+00
   endloop
 endfacet
 facet normal  0.000000e+00 -0.000000e+00 -1.000000e+00
   outer loop
     vertex  7.399398e+01  9.780610e+00  0.000000e+00
     vertex  8.000000e+01  0.000000e+00  0.000000e+00
     vertex  7.398646e+01  9.671122e+00  0.000000e+00
   endloop
 endfacet
 facet normal  0.000000e+00 -0.000000e+00 -1.000000e+00
   outer loop
     vertex  7.399849e+01  9.890264e+00  0.000000e+00
     vertex  8.000000e+01  0.000000e+00  0.000000e+00
     vertex  7.399398e+01  9.780610e+00  0.000000e+00
   endloop
 endfacet
 facet normal  0.000000e+00 -0.000000e+00 -1.000000e+00
   outer loop
     vertex  7.400000e+01  1.000000e+01  0.000000e+00
     vertex  8.000000e+01  0.000000e+00  0.000000e+00
     vertex  7.399849e+01  9.890264e+00  0.000000e+00
   endloop
 endfacet
 facet normal  0.000000e+00  0.000000e+00 -1.000000e+00
   outer loop
     vertex  7.399849e+01  1.010974e+01  0.000000e+00
     vertex  8.000000e+01  0.000000e+00  0.000000e+00
     vertex  7.400000e+01  1.000000e+01  0.000000e+00
   endloop
 endfacet
 facet normal  0.000000e+00  0.000000e+00 -1.000000e+00
   outer loop
     vertex  7.399398e+01  1.021939e+01  0.000000e+00
     vertex  8.000000e+01  0.000000e+00  0.000000e+00
     vertex  7.399849e+01  1.010974e+01  0.000000e+00
   endloop
 endfacet
 facet normal  0.000000e+00  0.000000e+00 -1.000000e+00
   outer loop
     vertex  7.398646e+01  1.032888e+01  0.000000e+00
     vertex  8.000000e+01  0.000000e+00  0.000000e+00
     vertex  7.399398e+01  1.021939e+01  0.000000e+00
   endloop
 endfacet
 facet normal  0.000000e+00  0.000000e+00 -1.000000e+00
   outer loop
     vertex  7.397593e+01  1.043812e+01  0.000000e+00
     vertex  8.000000e+01  0.000000e+00  0.000000e+00
     vertex  7.398646e+01  1.032888e+01  0.000000e+00
   endloop
 endfacet
 facet normal  0.000000e+00  0.000000e+00 -1.000000e+00
   outer loop
     vertex  7.396242e+01  1.054703e+01  0.000000e+00
     vertex  8.000000e+01  0.000000e+00  0.000000e+00
     vertex  7.397593e+01  1.043812e+01  0.000000e+00
   endloop
 endfacet
 facet normal  0.000000e+00  0.000000e+00 -1.000000e+00
   outer loop
     vertex  7.394592e+01  1.065553e+01  0.000000e+00
     vertex  8.000000e+01  0.000000e+00  0.000000e+00
     vertex  7.396242e+01  1.054703e+01  0.000000e+00
   endloop
 endfacet
 facet normal  0.000000e+00  0.000000e+00 -1.000000e+00
   outer loop
     vertex  7.392645e+01  1.076354e+01  0.000000e+00
     vertex  8.000000e+01  0.000000e+00  0.000000e+00
     vertex  7.394592e+01  1.065553e+01  0.000000e+00
   endloop
 endfacet
 facet normal  0.000000e+00  0.000000e+00 -1.000000e+00
   outer loop
     vertex  7.390403e+01  1.087097e+01  0.000000e+00
     vertex  8.000000e+01  0.000000e+00  0.000000e+00
     vertex  7.392645e+01  1.076354e+01  0.000000e+00
   endloop
 endfacet
 facet normal  0.000000e+00  0.000000e+00 -1.000000e+00
   outer loop
     vertex  7.387866e+01  1.097774e+01  0.000000e+00
     vertex  8.000000e+01  0.000000e+00  0.000000e+00
     vertex  7.390403e+01  1.087097e+01  0.000000e+00
   endloop
 endfacet
 facet normal  0.000000e+00  0.000000e+00 -1.000000e+00
   outer loop
     vertex  7.385038e+01  1.108378e+01  0.000000e+00
     vertex  8.000000e+01  0.000000e+00  0.000000e+00
     vertex  7.387866e+01  1.097774e+01  0.000000e+00
   endloop
 endfacet
 facet normal  0.000000e+00  0.000000e+00 -1.000000e+00
   outer loop
     vertex  7.381920e+01  1.118900e+01  0.000000e+00
     vertex  8.000000e+01  0.000000e+00  0.000000e+00
     vertex  7.385038e+01  1.108378e+01  0.000000e+00
   endloop
 endfacet
 facet normal  0.000000e+00  0.000000e+00 -1.000000e+00
   outer loop
     vertex  7.378514e+01  1.129333e+01  0.000000e+00
     vertex  8.000000e+01  0.000000e+00  0.000000e+00
     vertex  7.381920e+01  1.118900e+01  0.000000e+00
   endloop
 endfacet
 facet normal  0.000000e+00 -0.000000e+00 -1.000000e+00
   outer loop
     vertex  6.716189e+01  3.718129e+01  0.000000e+00
     vertex  6.724029e+01  1.289551e+01  0.000000e+00
     vertex  6.716189e+01  1.281871e+01  0.000000e+00
   endloop
 endfacet
 facet normal -0.000000e+00  0.000000e+00 -1.000000e+00
   outer loop
     vertex  6.724029e+01  3.710449e+01  0.000000e+00
     vertex  6.724029e+01  1.289551e+01  0.000000e+00
     vertex  6.716189e+01  3.718129e+01  0.000000e+00
   endloop
 endfacet
 facet normal  0.000000e+00  0.000000e+00 -1.000000e+00
   outer loop
     vertex  6.708563e+01  3.726021e+01  0.000000e+00
     vertex  6.716189e+01  3.718129e+01  0.000000e+00
     vertex  6.716189e+01  1.281871e+01  0.000000e+00
   endloop
 endfacet
 facet normal  0.000000e+00 -0.000000e+00 -1.000000e+00
   outer loop
     vertex  6.708563e+01  3.726021e+01  0.000000e+00
     vertex  6.716189e+01  1.281871e+01  0.000000e+00
     vertex  6.708563e+01  1.273979e+01  0.000000e+00
   endloop
 endfacet
 facet normal  0.000000e+00  0.000000e+00 -1.000000e+00
   outer loop
     vertex  6.732076e+01  3.702987e+01  0.000000e+00
     vertex  6.732076e+01  1.297013e+01  0.000000e+00
     vertex  6.724029e+01  1.289551e+01  0.000000e+00
   endloop
 endfacet
 facet normal -0.000000e+00  0.000000e+00 -1.000000e+00
   outer loop
     vertex  6.732076e+01  3.702987e+01  0.000000e+00
     vertex  6.724029e+01  1.289551e+01  0.000000e+00
     vertex  6.724029e+01  3.710449e+01  0.000000e+00
   endloop
 endfacet
 facet normal  0.000000e+00  0.000000e+00 -1.000000e+00
   outer loop
     vertex  6.701156e+01  3.734120e+01  0.000000e+00
     vertex  6.708563e+01  3.726021e+01  0.000000e+00
     vertex  6.708563e+01  1.273979e+01  0.000000e+00
   endloop
 endfacet
 facet normal  0.000000e+00 -0.000000e+00 -1.000000e+00
   outer loop
     vertex  6.701156e+01  3.734120e+01  0.000000e+00
     vertex  6.708563e+01  1.273979e+01  0.000000e+00
     vertex  6.701156e+01  1.265880e+01  0.000000e+00
   endloop
 endfacet
 facet normal  0.000000e+00  0.000000e+00 -1.000000e+00
   outer loop
     vertex  6.701156e+01  3.734120e+01  0.000000e+00
     vertex  6.701156e+01  1.265880e+01  0.000000e+00
     vertex  6.693975e+01  1.257582e+01  0.000000e+00
   endloop
 endfacet
 facet normal  0.000000e+00  0.000000e+00 -1.000000e+00
   outer loop
     vertex  6.740325e+01  3.695749e+01  0.000000e+00
     vertex  6.740325e+01  1.304251e+01  0.000000e+00
     vertex  6.732076e+01  1.297013e+01  0.000000e+00
   endloop
 endfacet
 facet normal -0.000000e+00  0.000000e+00 -1.000000e+00
   outer loop
     vertex  6.740325e+01  3.695749e+01  0.000000e+00
     vertex  6.732076e+01  1.297013e+01  0.000000e+00
     vertex  6.732076e+01  3.702987e+01  0.000000e+00
   endloop
 endfacet
 facet normal  0.000000e+00 -0.000000e+00 -1.000000e+00
   outer loop
     vertex  6.693975e+01  3.742418e+01  0.000000e+00
     vertex  6.701156e+01  3.734120e+01  0.000000e+00
     vertex  6.693975e+01  1.257582e+01  0.000000e+00
   endloop
 endfacet
 facet normal  0.000000e+00  0.000000e+00 -1.000000e+00
   outer loop
     vertex  6.748770e+01  3.688739e+01  0.000000e+00
     vertex  6.748770e+01  1.311261e+01  0.000000e+00
     vertex  6.740325e+01  1.304251e+01  0.000000e+00
   endloop
 endfacet
 facet normal -0.000000e+00  0.000000e+00 -1.000000e+00
   outer loop
     vertex  6.748770e+01  3.688739e+01  0.000000e+00
     vertex  6.740325e+01  1.304251e+01  0.000000e+00
     vertex  6.740325e+01  3.695749e+01  0.000000e+00
   endloop
 endfacet
 facet normal  0.000000e+00 -0.000000e+00 -1.000000e+00
   outer loop
     vertex  6.687023e+01  3.750911e+01  0.000000e+00
     vertex  6.693975e+01  1.257582e+01  0.000000e+00
     vertex  6.687023e+01  1.249089e+01  0.000000e+00
   endloop
 endfacet
 facet normal  0.000000e+00  0.000000e+00 -1.000000e+00
   outer loop
     vertex  6.687023e+01  3.750911e+01  0.000000e+00
     vertex  6.693975e+01  3.742418e+01  0.000000e+00
     vertex  6.693975e+01  1.257582e+01  0.000000e+00
   endloop
 endfacet
 facet normal  0.000000e+00 -0.000000e+00 -1.000000e+00
   outer loop
     vertex  6.757403e+01  3.681964e+01  0.000000e+00
     vertex  6.766220e+01  1.324572e+01  0.000000e+00
     vertex  6.757403e+01  1.318036e+01  0.000000e+00
   endloop
 endfacet
 facet normal  0.000000e+00  0.000000e+00 -1.000000e+00
   outer loop
     vertex  6.757403e+01  3.681964e+01  0.000000e+00
     vertex  6.757403e+01  1.318036e+01  0.000000e+00
     vertex  6.748770e+01  1.311261e+01  0.000000e+00
   endloop
 endfacet
 facet normal -0.000000e+00  0.000000e+00 -1.000000e+00
   outer loop
     vertex  6.757403e+01  3.681964e+01  0.000000e+00
     vertex  6.748770e+01  1.311261e+01  0.000000e+00
     vertex  6.748770e+01  3.688739e+01  0.000000e+00
   endloop
 endfacet
 facet normal  0.000000e+00 -0.000000e+00 -1.000000e+00
   outer loop
     vertex  6.680307e+01  3.759591e+01  0.000000e+00
     vertex  6.687023e+01  1.249089e+01  0.000000e+00
     vertex  6.680307e+01  1.240409e+01  0.000000e+00
   endloop
 endfacet
 facet normal  0.000000e+00  0.000000e+00 -1.000000e+00
   outer loop
     vertex  6.680307e+01  3.759591e+01  0.000000e+00
     vertex  6.687023e+01  3.750911e+01  0.000000e+00
     vertex  6.687023e+01  1.249089e+01  0.000000e+00
   endloop
 endfacet
 facet normal  0.000000e+00 -0.000000e+00 -1.000000e+00
   outer loop
     vertex  6.766220e+01  3.675428e+01  0.000000e+00
     vertex  6.775212e+01  1.330863e+01  0.000000e+00
     vertex  6.766220e+01  1.324572e+01  0.000000e+00
   endloop
 endfacet
 facet normal -0.000000e+00  0.000000e+00 -1.000000e+00
   outer loop
     vertex  6.766220e+01  3.675428e+01  0.000000e+00
     vertex  6.766220e+01  1.324572e+01  0.000000e+00
     vertex  6.757403e+01  3.681964e+01  0.000000e+00
   endloop
 endfacet
 facet normal  0.000000e+00 -0.000000e+00 -1.000000e+00
   outer loop
     vertex  6.673832e+01  3.768452e+01  0.000000e+00
     vertex  6.680307e+01  1.240409e+01  0.000000e+00
     vertex  6.673832e+01  1.231548e+01  0.000000e+00
   endloop
 endfacet
 facet normal  0.000000e+00  0.000000e+00 -1.000000e+00
   outer loop
     vertex  6.673832e+01  3.768452e+01  0.000000e+00
     vertex  6.680307e+01  3.759591e+01  0.000000e+00
     vertex  6.680307e+01  1.240409e+01  0.000000e+00
   endloop
 endfacet
 facet normal  0.000000e+00 -0.000000e+00 -1.000000e+00
   outer loop
     vertex  6.775212e+01  3.669137e+01  0.000000e+00
     vertex  6.784374e+01  1.336905e+01  0.000000e+00
     vertex  6.775212e+01  1.330863e+01  0.000000e+00
   endloop
 endfacet
 facet normal -0.000000e+00  0.000000e+00 -1.000000e+00
   outer loop
     vertex  6.775212e+01  3.669137e+01  0.000000e+00
     vertex  6.775212e+01  1.330863e+01  0.000000e+00
     vertex  6.766220e+01  3.675428e+01  0.000000e+00
   endloop
 endfacet
 facet normal  0.000000e+00  0.000000e+00 -1.000000e+00
   outer loop
     vertex  6.667603e+01  3.777487e+01  0.000000e+00
     vertex  6.673832e+01  3.768452e+01  0.000000e+00
     vertex  6.673832e+01  1.231548e+01  0.000000e+00
   endloop
 endfacet
 facet normal  0.000000e+00 -0.000000e+00 -1.000000e+00
   outer loop
     vertex  6.667603e+01  3.777487e+01  0.000000e+00
     vertex  6.673832e+01  1.231548e+01  0.000000e+00
     vertex  6.667603e+01  1.222513e+01  0.000000e+00
   endloop
 endfacet
 facet normal  0.000000e+00  0.000000e+00 -1.000000e+00
   outer loop
     vertex  6.667603e+01  3.777487e+01  0.000000e+00
     vertex  6.667603e+01  1.222513e+01  0.000000e+00
     vertex  6.661623e+01  1.213310e+01  0.000000e+00
   endloop
 endfacet
 facet normal -0.000000e+00  0.000000e+00 -1.000000e+00
   outer loop
     vertex  6.784374e+01  3.663095e+01  0.000000e+00
     vertex  6.784374e+01  1.336905e+01  0.000000e+00
     vertex  6.775212e+01  3.669137e+01  0.000000e+00
   endloop
 endfacet
 facet normal  0.000000e+00 -0.000000e+00 -1.000000e+00
   outer loop
     vertex  6.661623e+01  3.786690e+01  0.000000e+00
     vertex  6.667603e+01  3.777487e+01  0.000000e+00
     vertex  6.661623e+01  1.213310e+01  0.000000e+00
   endloop
 endfacet
 facet normal  0.000000e+00 -0.000000e+00 -1.000000e+00
   outer loop
     vertex  6.793697e+01  3.657306e+01  0.000000e+00
     vertex  6.803177e+01  1.348225e+01  0.000000e+00
     vertex  6.793697e+01  1.342694e+01  0.000000e+00
   endloop
 endfacet
 facet normal  0.000000e+00  0.000000e+00 -1.000000e+00
   outer loop
     vertex  6.793697e+01  3.657306e+01  0.000000e+00
     vertex  6.793697e+01  1.342694e+01  0.000000e+00
     vertex  6.784374e+01  1.336905e+01  0.000000e+00
   endloop
 endfacet
 facet normal -0.000000e+00  0.000000e+00 -1.000000e+00
   outer loop
     vertex  6.793697e+01  3.657306e+01  0.000000e+00
     vertex  6.784374e+01  1.336905e+01  0.000000e+00
     vertex  6.784374e+01  3.663095e+01  0.000000e+00
   endloop
 endfacet
 facet normal  0.000000e+00  0.000000e+00 -1.000000e+00
   outer loop
     vertex  6.655899e+01  3.796053e+01  0.000000e+00
     vertex  6.661623e+01  3.786690e+01  0.000000e+00
     vertex  6.661623e+01  1.213310e+01  0.000000e+00
   endloop
 endfacet
 facet normal  0.000000e+00 -0.000000e+00 -1.000000e+00
   outer loop
     vertex  6.655899e+01  3.796053e+01  0.000000e+00
     vertex  6.661623e+01  1.213310e+01  0.000000e+00
     vertex  6.655899e+01  1.203947e+01  0.000000e+00
   endloop
 endfacet
 facet normal -0.000000e+00  0.000000e+00 -1.000000e+00
   outer loop
     vertex  6.803177e+01  3.651775e+01  0.000000e+00
     vertex  6.803177e+01  1.348225e+01  0.000000e+00
     vertex  6.793697e+01  3.657306e+01  0.000000e+00
   endloop
 endfacet
 facet normal  0.000000e+00  0.000000e+00 -1.000000e+00
   outer loop
     vertex  6.650433e+01  3.805570e+01  0.000000e+00
     vertex  6.655899e+01  3.796053e+01  0.000000e+00
     vertex  6.655899e+01  1.203947e+01  0.000000e+00
   endloop
 endfacet
 facet normal  0.000000e+00 -0.000000e+00 -1.000000e+00
   outer loop
     vertex  6.650433e+01  3.805570e+01  0.000000e+00
     vertex  6.655899e+01  1.203947e+01  0.000000e+00
     vertex  6.650433e+01  1.194430e+01  0.000000e+00
   endloop
 endfacet
 facet normal  0.000000e+00  0.000000e+00 -1.000000e+00
   outer loop
     vertex  6.650433e+01  3.805570e+01  0.000000e+00
     vertex  6.650433e+01  1.194430e+01  0.000000e+00
     vertex  6.645231e+01  1.184767e+01  0.000000e+00
   endloop
 endfacet
 facet normal  0.000000e+00  0.000000e+00 -1.000000e+00
   outer loop
     vertex  6.812804e+01  3.646507e+01  0.000000e+00
     vertex  6.812804e+01  1.353493e+01  0.000000e+00
     vertex  6.803177e+01  1.348225e+01  0.000000e+00
   endloop
 endfacet
 facet normal -0.000000e+00  0.000000e+00 -1.000000e+00
   outer loop
     vertex  6.812804e+01  3.646507e+01  0.000000e+00
     vertex  6.803177e+01  1.348225e+01  0.000000e+00
     vertex  6.803177e+01  3.651775e+01  0.000000e+00
   endloop
 endfacet
 facet normal  0.000000e+00 -0.000000e+00 -1.000000e+00
   outer loop
     vertex  6.645231e+01  3.815233e+01  0.000000e+00
     vertex  6.650433e+01  3.805570e+01  0.000000e+00
     vertex  6.645231e+01  1.184767e+01  0.000000e+00
   endloop
 endfacet
 facet normal  0.000000e+00 -0.000000e+00 -1.000000e+00
   outer loop
     vertex  6.822572e+01  3.641504e+01  0.000000e+00
     vertex  6.832474e+01  1.363229e+01  0.000000e+00
     vertex  6.822572e+01  1.358496e+01  0.000000e+00
   endloop
 endfacet
 facet normal  0.000000e+00  0.000000e+00 -1.000000e+00
   outer loop
     vertex  6.822572e+01  3.641504e+01  0.000000e+00
     vertex  6.822572e+01  1.358496e+01  0.000000e+00
     vertex  6.812804e+01  1.353493e+01  0.000000e+00
   endloop
 endfacet
 facet normal -0.000000e+00  0.000000e+00 -1.000000e+00
   outer loop
     vertex  6.822572e+01  3.641504e+01  0.000000e+00
     vertex  6.812804e+01  1.353493e+01  0.000000e+00
     vertex  6.812804e+01  3.646507e+01  0.000000e+00
   endloop
 endfacet
 facet normal  0.000000e+00 -0.000000e+00 -1.000000e+00
   outer loop
     vertex  6.640295e+01  3.825035e+01  0.000000e+00
     vertex  6.645231e+01  1.184767e+01  0.000000e+00
     vertex  6.640295e+01  1.174965e+01  0.000000e+00
   endloop
 endfacet
 facet normal  0.000000e+00  0.000000e+00 -1.000000e+00
   outer loop
     vertex  6.640295e+01  3.825035e+01  0.000000e+00
     vertex  1.357270e+01  1.179883e+01  0.000000e+00
     vertex  1.357270e+01  3.820117e+01  0.000000e+00
   endloop
 endfacet
 facet normal  0.000000e+00  0.000000e+00 -1.000000e+00
   outer loop
     vertex  6.640295e+01  3.825035e+01  0.000000e+00
     vertex  6.645231e+01  3.815233e+01  0.000000e+00
     vertex  6.645231e+01  1.184767e+01  0.000000e+00
   endloop
 endfacet
 facet normal -0.000000e+00  0.000000e+00 -1.000000e+00
   outer loop
     vertex  6.640295e+01  3.825035e+01  0.000000e+00
     vertex  1.357270e+01  3.820117e+01  0.000000e+00
     vertex  1.362071e+01  3.829986e+01  0.000000e+00
   endloop
 endfacet
 facet normal  0.000000e+00  0.000000e+00 -1.000000e+00
   outer loop
     vertex  6.640295e+01  3.825035e+01  0.000000e+00
     vertex  6.640295e+01  1.174965e+01  0.000000e+00
     vertex  1.357270e+01  1.179883e+01  0.000000e+00
   endloop
 endfacet
 facet normal -0.000000e+00  0.000000e+00 -1.000000e+00
   outer loop
     vertex  6.832474e+01  3.636771e+01  0.000000e+00
     vertex  6.832474e+01  1.363229e+01  0.000000e+00
     vertex  6.822572e+01  3.641504e+01  0.000000e+00
   endloop
 endfacet
 facet normal -0.000000e+00  0.000000e+00 -1.000000e+00
   outer loop
     vertex  6.635631e+01  3.834969e+01  0.000000e+00
     vertex  1.362071e+01  3.829986e+01  0.000000e+00
     vertex  1.366599e+01  3.839983e+01  0.000000e+00
   endloop
 endfacet
 facet normal  0.000000e+00 -0.000000e+00 -1.000000e+00
   outer loop
     vertex  6.635631e+01  3.834969e+01  0.000000e+00
     vertex  6.640295e+01  3.825035e+01  0.000000e+00
     vertex  1.362071e+01  3.829986e+01  0.000000e+00
   endloop
 endfacet
 facet normal  0.000000e+00  0.000000e+00 -1.000000e+00
   outer loop
     vertex  6.842502e+01  3.632312e+01  0.000000e+00
     vertex  6.842502e+01  1.367688e+01  0.000000e+00
     vertex  6.832474e+01  1.363229e+01  0.000000e+00
   endloop
 endfacet
 facet normal -0.000000e+00  0.000000e+00 -1.000000e+00
   outer loop
     vertex  6.842502e+01  3.632312e+01  0.000000e+00
     vertex  6.832474e+01  1.363229e+01  0.000000e+00
     vertex  6.832474e+01  3.636771e+01  0.000000e+00
   endloop
 endfacet
 facet normal  0.000000e+00 -0.000000e+00 -1.000000e+00
   outer loop
     vertex  6.631241e+01  3.845027e+01  0.000000e+00
     vertex  6.635631e+01  3.834969e+01  0.000000e+00
     vertex  1.366599e+01  3.839983e+01  0.000000e+00
   endloop
 endfacet
 facet normal -0.000000e+00  0.000000e+00 -1.000000e+00
   outer loop
     vertex  6.631241e+01  3.845027e+01  0.000000e+00
     vertex  1.366599e+01  3.839983e+01  0.000000e+00
     vertex  1.370851e+01  3.850101e+01  0.000000e+00
   endloop
 endfacet
 facet normal  0.000000e+00 -0.000000e+00 -1.000000e+00
   outer loop
     vertex  6.852648e+01  3.628130e+01  0.000000e+00
     vertex  6.862906e+01  1.375773e+01  0.000000e+00
     vertex  6.852648e+01  1.371870e+01  0.000000e+00
   endloop
 endfacet
 facet normal  0.000000e+00  0.000000e+00 -1.000000e+00
   outer loop
     vertex  6.852648e+01  3.628130e+01  0.000000e+00
     vertex  6.852648e+01  1.371870e+01  0.000000e+00
     vertex  6.842502e+01  1.367688e+01  0.000000e+00
   endloop
 endfacet
 facet normal -0.000000e+00  0.000000e+00 -1.000000e+00
   outer loop
     vertex  6.852648e+01  3.628130e+01  0.000000e+00
     vertex  6.842502e+01  1.367688e+01  0.000000e+00
     vertex  6.842502e+01  3.632312e+01  0.000000e+00
   endloop
 endfacet
 facet normal  0.000000e+00 -0.000000e+00 -1.000000e+00
   outer loop
     vertex  6.627128e+01  3.855202e+01  0.000000e+00
     vertex  6.631241e+01  3.845027e+01  0.000000e+00
     vertex  1.370851e+01  3.850101e+01  0.000000e+00
   endloop
 endfacet
 facet normal -0.000000e+00  0.000000e+00 -1.000000e+00
   outer loop
     vertex  6.627128e+01  3.855202e+01  0.000000e+00
     vertex  1.370851e+01  3.850101e+01  0.000000e+00
     vertex  1.374823e+01  3.860331e+01  0.000000e+00
   endloop
 endfacet
 facet normal -0.000000e+00  0.000000e+00 -1.000000e+00
   outer loop
     vertex  6.862906e+01  3.624227e+01  0.000000e+00
     vertex  6.862906e+01  1.375773e+01  0.000000e+00
     vertex  6.852648e+01  3.628130e+01  0.000000e+00
   endloop
 endfacet
 facet normal -0.000000e+00  0.000000e+00 -1.000000e+00
   outer loop
     vertex  6.623296e+01  3.865486e+01  0.000000e+00
     vertex  1.374823e+01  3.860331e+01  0.000000e+00
     vertex  1.378514e+01  3.870667e+01  0.000000e+00
   endloop
 endfacet
 facet normal  0.000000e+00 -0.000000e+00 -1.000000e+00
   outer loop
     vertex  6.623296e+01  3.865486e+01  0.000000e+00
     vertex  6.627128e+01  3.855202e+01  0.000000e+00
     vertex  1.374823e+01  3.860331e+01  0.000000e+00
   endloop
 endfacet
 facet normal  0.000000e+00  0.000000e+00 -1.000000e+00
   outer loop
     vertex  6.873266e+01  3.620608e+01  0.000000e+00
     vertex  6.873266e+01  1.379392e+01  0.000000e+00
     vertex  6.862906e+01  1.375773e+01  0.000000e+00
   endloop
 endfacet
 facet normal -0.000000e+00  0.000000e+00 -1.000000e+00
   outer loop
     vertex  6.873266e+01  3.620608e+01  0.000000e+00
     vertex  6.862906e+01  1.375773e+01  0.000000e+00
     vertex  6.862906e+01  3.624227e+01  0.000000e+00
   endloop
 endfacet
 facet normal  0.000000e+00 -0.000000e+00 -1.000000e+00
   outer loop
     vertex  6.619747e+01  3.875871e+01  0.000000e+00
     vertex  6.623296e+01  3.865486e+01  0.000000e+00
     vertex  1.378514e+01  3.870667e+01  0.000000e+00
   endloop
 endfacet
 facet normal -0.000000e+00  0.000000e+00 -1.000000e+00
   outer loop
     vertex  6.619747e+01  3.875871e+01  0.000000e+00
     vertex  1.378514e+01  3.870667e+01  0.000000e+00
     vertex  1.381920e+01  3.881100e+01  0.000000e+00
   endloop
 endfacet
 facet normal -0.000000e+00  0.000000e+00 -1.000000e+00
   outer loop
     vertex  6.883722e+01  3.617274e+01  0.000000e+00
     vertex  6.873266e+01  1.379392e+01  0.000000e+00
     vertex  6.873266e+01  3.620608e+01  0.000000e+00
   endloop
 endfacet
 facet normal  0.000000e+00 -0.000000e+00 -1.000000e+00
   outer loop
     vertex  6.883722e+01  3.617274e+01  0.000000e+00
     vertex  6.894266e+01  1.385772e+01  0.000000e+00
     vertex  6.883722e+01  1.382726e+01  0.000000e+00
   endloop
 endfacet
 facet normal  0.000000e+00  0.000000e+00 -1.000000e+00
   outer loop
     vertex  6.883722e+01  3.617274e+01  0.000000e+00
     vertex  6.883722e+01  1.382726e+01  0.000000e+00
     vertex  6.873266e+01  1.379392e+01  0.000000e+00
   endloop
 endfacet
 facet normal  0.000000e+00 -0.000000e+00 -1.000000e+00
   outer loop
     vertex  6.616485e+01  3.886350e+01  0.000000e+00
     vertex  6.619747e+01  3.875871e+01  0.000000e+00
     vertex  1.381920e+01  3.881100e+01  0.000000e+00
   endloop
 endfacet
 facet normal -0.000000e+00  0.000000e+00 -1.000000e+00
   outer loop
     vertex  6.616485e+01  3.886350e+01  0.000000e+00
     vertex  1.381920e+01  3.881100e+01  0.000000e+00
     vertex  1.385038e+01  3.891622e+01  0.000000e+00
   endloop
 endfacet
 facet normal -0.000000e+00  0.000000e+00 -1.000000e+00
   outer loop
     vertex  6.894266e+01  3.614228e+01  0.000000e+00
     vertex  6.894266e+01  1.385772e+01  0.000000e+00
     vertex  6.883722e+01  3.617274e+01  0.000000e+00
   endloop
 endfacet
 facet normal -0.000000e+00  0.000000e+00 -1.000000e+00
   outer loop
     vertex  6.613512e+01  3.896914e+01  0.000000e+00
     vertex  1.385038e+01  3.891622e+01  0.000000e+00
     vertex  1.387866e+01  3.902226e+01  0.000000e+00
   endloop
 endfacet
 facet normal  0.000000e+00 -0.000000e+00 -1.000000e+00
   outer loop
     vertex  6.613512e+01  3.896914e+01  0.000000e+00
     vertex  6.616485e+01  3.886350e+01  0.000000e+00
     vertex  1.385038e+01  3.891622e+01  0.000000e+00
   endloop
 endfacet
 facet normal -0.000000e+00  0.000000e+00 -1.000000e+00
   outer loop
     vertex  6.904889e+01  3.611472e+01  0.000000e+00
     vertex  6.894266e+01  1.385772e+01  0.000000e+00
     vertex  6.894266e+01  3.614228e+01  0.000000e+00
   endloop
 endfacet
 facet normal  0.000000e+00  0.000000e+00 -1.000000e+00
   outer loop
     vertex  6.904889e+01  3.611472e+01  0.000000e+00
     vertex  6.904889e+01  1.388528e+01  0.000000e+00
     vertex  6.894266e+01  1.385772e+01  0.000000e+00
   endloop
 endfacet
 facet normal -0.000000e+00  0.000000e+00 -1.000000e+00
   outer loop
     vertex  6.610829e+01  3.907556e+01  0.000000e+00
     vertex  1.387866e+01  3.902226e+01  0.000000e+00
     vertex  1.390403e+01  3.912903e+01  0.000000e+00
   endloop
 endfacet
 facet normal  0.000000e+00 -0.000000e+00 -1.000000e+00
   outer loop
     vertex  6.610829e+01  3.907556e+01  0.000000e+00
     vertex  6.613512e+01  3.896914e+01  0.000000e+00
     vertex  1.387866e+01  3.902226e+01  0.000000e+00
   endloop
 endfacet
 facet normal -0.000000e+00  0.000000e+00 -1.000000e+00
   outer loop
     vertex  6.915583e+01  3.609009e+01  0.000000e+00
     vertex  6.904889e+01  1.388528e+01  0.000000e+00
     vertex  6.904889e+01  3.611472e+01  0.000000e+00
   endloop
 endfacet
 facet normal  0.000000e+00  0.000000e+00 -1.000000e+00
   outer loop
     vertex  6.915583e+01  3.609009e+01  0.000000e+00
     vertex  6.915583e+01  1.390991e+01  0.000000e+00
     vertex  6.904889e+01  1.388528e+01  0.000000e+00
   endloop
 endfacet
 facet normal  0.000000e+00 -0.000000e+00 -1.000000e+00
   outer loop
     vertex  6.608439e+01  3.918267e+01  0.000000e+00
     vertex  6.610829e+01  3.907556e+01  0.000000e+00
     vertex  1.390403e+01  3.912903e+01  0.000000e+00
   endloop
 endfacet
 facet normal -0.000000e+00  0.000000e+00 -1.000000e+00
   outer loop
     vertex  6.608439e+01  3.918267e+01  0.000000e+00
     vertex  1.390403e+01  3.912903e+01  0.000000e+00
     vertex  1.392645e+01  3.923646e+01  0.000000e+00
   endloop
 endfacet
 facet normal -0.000000e+00  0.000000e+00 -1.000000e+00
   outer loop
     vertex  6.926342e+01  3.606840e+01  0.000000e+00
     vertex  6.915583e+01  1.390991e+01  0.000000e+00
     vertex  6.915583e+01  3.609009e+01  0.000000e+00
   endloop
 endfacet
 facet normal  0.000000e+00  0.000000e+00 -1.000000e+00
   outer loop
     vertex  6.926342e+01  3.606840e+01  0.000000e+00
     vertex  6.926342e+01  1.393160e+01  0.000000e+00
     vertex  6.915583e+01  1.390991e+01  0.000000e+00
   endloop
 endfacet
 facet normal  0.000000e+00 -0.000000e+00 -1.000000e+00
   outer loop
     vertex  6.606344e+01  3.929040e+01  0.000000e+00
     vertex  6.608439e+01  3.918267e+01  0.000000e+00
     vertex  1.392645e+01  3.923646e+01  0.000000e+00
   endloop
 endfacet
 facet normal -0.000000e+00  0.000000e+00 -1.000000e+00
   outer loop
     vertex  6.606344e+01  3.929040e+01  0.000000e+00
     vertex  1.392645e+01  3.923646e+01  0.000000e+00
     vertex  1.394592e+01  3.934447e+01  0.000000e+00
   endloop
 endfacet
 facet normal -0.000000e+00  0.000000e+00 -1.000000e+00
   outer loop
     vertex  6.937155e+01  3.604968e+01  0.000000e+00
     vertex  6.926342e+01  1.393160e+01  0.000000e+00
     vertex  6.926342e+01  3.606840e+01  0.000000e+00
   endloop
 endfacet
 facet normal  0.000000e+00  0.000000e+00 -1.000000e+00
   outer loop
     vertex  6.937155e+01  3.604968e+01  0.000000e+00
     vertex  6.937155e+01  1.395032e+01  0.000000e+00
     vertex  6.926342e+01  1.393160e+01  0.000000e+00
   endloop
 endfacet
 facet normal -0.000000e+00  0.000000e+00 -1.000000e+00
   outer loop
     vertex  6.604546e+01  3.939866e+01  0.000000e+00
     vertex  1.394592e+01  3.934447e+01  0.000000e+00
     vertex  1.396242e+01  3.945297e+01  0.000000e+00
   endloop
 endfacet
 facet normal  0.000000e+00 -0.000000e+00 -1.000000e+00
   outer loop
     vertex  6.604546e+01  3.939866e+01  0.000000e+00
     vertex  6.606344e+01  3.929040e+01  0.000000e+00
     vertex  1.394592e+01  3.934447e+01  0.000000e+00
   endloop
 endfacet
 facet normal -0.000000e+00  0.000000e+00 -1.000000e+00
   outer loop
     vertex  6.948016e+01  3.603392e+01  0.000000e+00
     vertex  6.937155e+01  1.395032e+01  0.000000e+00
     vertex  6.937155e+01  3.604968e+01  0.000000e+00
   endloop
 endfacet
 facet normal  0.000000e+00 -0.000000e+00 -1.000000e+00
   outer loop
     vertex  6.948016e+01  3.603392e+01  0.000000e+00
     vertex  6.958916e+01  1.397885e+01  0.000000e+00
     vertex  6.948016e+01  1.396608e+01  0.000000e+00
   endloop
 endfacet
 facet normal  0.000000e+00  0.000000e+00 -1.000000e+00
   outer loop
     vertex  6.948016e+01  3.603392e+01  0.000000e+00
     vertex  6.948016e+01  1.396608e+01  0.000000e+00
     vertex  6.937155e+01  1.395032e+01  0.000000e+00
   endloop
 endfacet
 facet normal -0.000000e+00  0.000000e+00 -1.000000e+00
   outer loop
     vertex  6.603045e+01  3.950738e+01  0.000000e+00
     vertex  1.396242e+01  3.945297e+01  0.000000e+00
     vertex  1.397593e+01  3.956188e+01  0.000000e+00
   endloop
 endfacet
 facet normal  0.000000e+00 -0.000000e+00 -1.000000e+00
   outer loop
     vertex  6.603045e+01  3.950738e+01  0.000000e+00
     vertex  6.604546e+01  3.939866e+01  0.000000e+00
     vertex  1.396242e+01  3.945297e+01  0.000000e+00
   endloop
 endfacet
 facet normal -0.000000e+00  0.000000e+00 -1.000000e+00
   outer loop
     vertex  6.958916e+01  3.602115e+01  0.000000e+00
     vertex  6.958916e+01  1.397885e+01  0.000000e+00
     vertex  6.948016e+01  3.603392e+01  0.000000e+00
   endloop
 endfacet
 facet normal  0.000000e+00 -0.000000e+00 -1.000000e+00
   outer loop
     vertex  6.601843e+01  3.961647e+01  0.000000e+00
     vertex  6.603045e+01  3.950738e+01  0.000000e+00
     vertex  1.397593e+01  3.956188e+01  0.000000e+00
   endloop
 endfacet
 facet normal -0.000000e+00  0.000000e+00 -1.000000e+00
   outer loop
     vertex  6.601843e+01  3.961647e+01  0.000000e+00
     vertex  1.397593e+01  3.956188e+01  0.000000e+00
     vertex  1.398646e+01  3.967112e+01  0.000000e+00
   endloop
 endfacet
 facet normal -0.000000e+00  0.000000e+00 -1.000000e+00
   outer loop
     vertex  6.969847e+01  3.601138e+01  0.000000e+00
     vertex  6.958916e+01  1.397885e+01  0.000000e+00
     vertex  6.958916e+01  3.602115e+01  0.000000e+00
   endloop
 endfacet
 facet normal  0.000000e+00  0.000000e+00 -1.000000e+00
   outer loop
     vertex  6.969847e+01  3.601138e+01  0.000000e+00
     vertex  6.969847e+01  1.398862e+01  0.000000e+00
     vertex  6.958916e+01  1.397885e+01  0.000000e+00
   endloop
 endfacet
 facet normal  0.000000e+00 -0.000000e+00 -1.000000e+00
   outer loop
     vertex  6.600941e+01  3.972584e+01  0.000000e+00
     vertex  6.601843e+01  3.961647e+01  0.000000e+00
     vertex  1.398646e+01  3.967112e+01  0.000000e+00
   endloop
 endfacet
 facet normal -0.000000e+00  0.000000e+00 -1.000000e+00
   outer loop
     vertex  6.600941e+01  3.972584e+01  0.000000e+00
     vertex  1.398646e+01  3.967112e+01  0.000000e+00
     vertex  1.399398e+01  3.978061e+01  0.000000e+00
   endloop
 endfacet
 facet normal -0.000000e+00  0.000000e+00 -1.000000e+00
   outer loop
     vertex  6.980801e+01  3.600461e+01  0.000000e+00
     vertex  6.969847e+01  1.398862e+01  0.000000e+00
     vertex  6.969847e+01  3.601138e+01  0.000000e+00
   endloop
 endfacet
 facet normal  0.000000e+00 -0.000000e+00 -1.000000e+00
   outer loop
     vertex  6.980801e+01  3.600461e+01  0.000000e+00
     vertex  6.991769e+01  1.399915e+01  0.000000e+00
     vertex  6.980801e+01  1.399539e+01  0.000000e+00
   endloop
 endfacet
 facet normal  0.000000e+00  0.000000e+00 -1.000000e+00
   outer loop
     vertex  6.980801e+01  3.600461e+01  0.000000e+00
     vertex  6.980801e+01  1.399539e+01  0.000000e+00
     vertex  6.969847e+01  1.398862e+01  0.000000e+00
   endloop
 endfacet
 facet normal -0.000000e+00  0.000000e+00 -1.000000e+00
   outer loop
     vertex  6.600339e+01  3.983542e+01  0.000000e+00
     vertex  1.399398e+01  3.978061e+01  0.000000e+00
     vertex  1.399849e+01  3.989026e+01  0.000000e+00
   endloop
 endfacet
 facet normal  0.000000e+00 -0.000000e+00 -1.000000e+00
   outer loop
     vertex  6.600339e+01  3.983542e+01  0.000000e+00
     vertex  6.600941e+01  3.972584e+01  0.000000e+00
     vertex  1.399398e+01  3.978061e+01  0.000000e+00
   endloop
 endfacet
 facet normal -0.000000e+00  0.000000e+00 -1.000000e+00
   outer loop
     vertex  6.991769e+01  3.600085e+01  0.000000e+00
     vertex  6.991769e+01  1.399915e+01  0.000000e+00
     vertex  6.980801e+01  3.600461e+01  0.000000e+00
   endloop
 endfacet
 facet normal  0.000000e+00 -0.000000e+00 -1.000000e+00
   outer loop
     vertex  6.600038e+01  3.994513e+01  0.000000e+00
     vertex  6.600339e+01  3.983542e+01  0.000000e+00
     vertex  1.399849e+01  3.989026e+01  0.000000e+00
   endloop
 endfacet
 facet normal -0.000000e+00  0.000000e+00 -1.000000e+00
   outer loop
     vertex  6.600038e+01  3.994513e+01  0.000000e+00
     vertex  1.399849e+01  3.989026e+01  0.000000e+00
     vertex  1.400000e+01  4.000000e+01  0.000000e+00
   endloop
 endfacet
 facet normal  0.000000e+00  0.000000e+00 -1.000000e+00
   outer loop
     vertex  7.002744e+01  3.600009e+01  0.000000e+00
     vertex  7.002744e+01  1.399991e+01  0.000000e+00
     vertex  6.991769e+01  1.399915e+01  0.000000e+00
   endloop
 endfacet
 facet normal -0.000000e+00  0.000000e+00 -1.000000e+00
   outer loop
     vertex  7.002744e+01  3.600009e+01  0.000000e+00
     vertex  6.991769e+01  1.399915e+01  0.000000e+00
     vertex  6.991769e+01  3.600085e+01  0.000000e+00
   endloop
 endfacet
 facet normal  0.000000e+00 -0.000000e+00 -1.000000e+00
   outer loop
     vertex  6.600038e+01  4.005487e+01  0.000000e+00
     vertex  6.600038e+01  3.994513e+01  0.000000e+00
     vertex  1.400000e+01  4.000000e+01  0.000000e+00
   endloop
 endfacet
 facet normal -0.000000e+00  0.000000e+00 -1.000000e+00
   outer loop
     vertex  6.600038e+01  4.005487e+01  0.000000e+00
     vertex  1.400000e+01  4.000000e+01  0.000000e+00
     vertex  1.399849e+01  4.010974e+01  0.000000e+00
   endloop
 endfacet
 facet normal  0.000000e+00  0.000000e+00 -1.000000e+00
   outer loop
     vertex  7.013716e+01  3.600235e+01  0.000000e+00
     vertex  7.013716e+01  1.399765e+01  0.000000e+00
     vertex  7.002744e+01  1.399991e+01  0.000000e+00
   endloop
 endfacet
 facet normal  0.000000e+00  0.000000e+00 -1.000000e+00
   outer loop
     vertex  7.013716e+01  3.600235e+01  0.000000e+00
     vertex  7.002744e+01  1.399991e+01  0.000000e+00
     vertex  7.002744e+01  3.600009e+01  0.000000e+00
   endloop
 endfacet
 facet normal -0.000000e+00  0.000000e+00 -1.000000e+00
   outer loop
     vertex  6.600339e+01  4.016458e+01  0.000000e+00
     vertex  1.399849e+01  4.010974e+01  0.000000e+00
     vertex  1.399398e+01  4.021939e+01  0.000000e+00
   endloop
 endfacet
 facet normal  0.000000e+00  0.000000e+00 -1.000000e+00
   outer loop
     vertex  6.600339e+01  4.016458e+01  0.000000e+00
     vertex  6.600038e+01  4.005487e+01  0.000000e+00
     vertex  1.399849e+01  4.010974e+01  0.000000e+00
   endloop
 endfacet
 facet normal  0.000000e+00  0.000000e+00 -1.000000e+00
   outer loop
     vertex  7.024678e+01  3.600762e+01  0.000000e+00
     vertex  7.013716e+01  1.399765e+01  0.000000e+00
     vertex  7.013716e+01  3.600235e+01  0.000000e+00
   endloop
 endfacet
 facet normal  0.000000e+00  0.000000e+00 -1.000000e+00
   outer loop
     vertex  7.024678e+01  3.600762e+01  0.000000e+00
     vertex  7.024678e+01  1.399238e+01  0.000000e+00
     vertex  7.013716e+01  1.399765e+01  0.000000e+00
   endloop
 endfacet
 facet normal -0.000000e+00  0.000000e+00 -1.000000e+00
   outer loop
     vertex  6.600941e+01  4.027416e+01  0.000000e+00
     vertex  1.399398e+01  4.021939e+01  0.000000e+00
     vertex  1.398646e+01  4.032888e+01  0.000000e+00
   endloop
 endfacet
 facet normal  0.000000e+00  0.000000e+00 -1.000000e+00
   outer loop
     vertex  6.600941e+01  4.027416e+01  0.000000e+00
     vertex  6.600339e+01  4.016458e+01  0.000000e+00
     vertex  1.399398e+01  4.021939e+01  0.000000e+00
   endloop
 endfacet
 facet normal  0.000000e+00  0.000000e+00 -1.000000e+00
   outer loop
     vertex  7.035621e+01  3.601589e+01  0.000000e+00
     vertex  7.024678e+01  1.399238e+01  0.000000e+00
     vertex  7.024678e+01  3.600762e+01  0.000000e+00
   endloop
 endfacet
 facet normal  0.000000e+00  0.000000e+00 -1.000000e+00
   outer loop
     vertex  7.035621e+01  3.601589e+01  0.000000e+00
     vertex  7.035621e+01  1.398411e+01  0.000000e+00
     vertex  7.024678e+01  1.399238e+01  0.000000e+00
   endloop
 endfacet
 facet normal  0.000000e+00  0.000000e+00 -1.000000e+00
   outer loop
     vertex  6.601843e+01  4.038353e+01  0.000000e+00
     vertex  6.600941e+01  4.027416e+01  0.000000e+00
     vertex  1.398646e+01  4.032888e+01  0.000000e+00
   endloop
 endfacet
 facet normal -0.000000e+00  0.000000e+00 -1.000000e+00
   outer loop
     vertex  6.601843e+01  4.038353e+01  0.000000e+00
     vertex  1.398646e+01  4.032888e+01  0.000000e+00
     vertex  1.397593e+01  4.043812e+01  0.000000e+00
   endloop
 endfacet
 facet normal  0.000000e+00  0.000000e+00 -1.000000e+00
   outer loop
     vertex  7.046538e+01  3.602716e+01  0.000000e+00
     vertex  7.035621e+01  1.398411e+01  0.000000e+00
     vertex  7.035621e+01  3.601589e+01  0.000000e+00
   endloop
 endfacet
 facet normal  0.000000e+00  0.000000e+00 -1.000000e+00
   outer loop
     vertex  7.046538e+01  3.602716e+01  0.000000e+00
     vertex  7.046538e+01  1.397284e+01  0.000000e+00
     vertex  7.035621e+01  1.398411e+01  0.000000e+00
   endloop
 endfacet
 facet normal  0.000000e+00  0.000000e+00 -1.000000e+00
   outer loop
     vertex  6.603045e+01  4.049262e+01  0.000000e+00
     vertex  6.601843e+01  4.038353e+01  0.000000e+00
     vertex  1.397593e+01  4.043812e+01  0.000000e+00
   endloop
 endfacet
 facet normal -0.000000e+00  0.000000e+00 -1.000000e+00
   outer loop
     vertex  6.603045e+01  4.049262e+01  0.000000e+00
     vertex  1.397593e+01  4.043812e+01  0.000000e+00
     vertex  1.396242e+01  4.054703e+01  0.000000e+00
   endloop
 endfacet
 facet normal  0.000000e+00  0.000000e+00 -1.000000e+00
   outer loop
     vertex  7.057420e+01  3.604143e+01  0.000000e+00
     vertex  7.046538e+01  1.397284e+01  0.000000e+00
     vertex  7.046538e+01  3.602716e+01  0.000000e+00
   endloop
 endfacet
 facet normal  0.000000e+00 -0.000000e+00 -1.000000e+00
   outer loop
     vertex  7.057420e+01  3.604143e+01  0.000000e+00
     vertex  7.068258e+01  1.394133e+01  0.000000e+00
     vertex  7.057420e+01  1.395857e+01  0.000000e+00
   endloop
 endfacet
 facet normal  0.000000e+00  0.000000e+00 -1.000000e+00
   outer loop
     vertex  7.057420e+01  3.604143e+01  0.000000e+00
     vertex  7.057420e+01  1.395857e+01  0.000000e+00
     vertex  7.046538e+01  1.397284e+01  0.000000e+00
   endloop
 endfacet
 facet normal -0.000000e+00  0.000000e+00 -1.000000e+00
   outer loop
     vertex  6.604546e+01  4.060134e+01  0.000000e+00
     vertex  1.396242e+01  4.054703e+01  0.000000e+00
     vertex  1.394592e+01  4.065553e+01  0.000000e+00
   endloop
 endfacet
 facet normal  0.000000e+00  0.000000e+00 -1.000000e+00
   outer loop
     vertex  6.604546e+01  4.060134e+01  0.000000e+00
     vertex  6.603045e+01  4.049262e+01  0.000000e+00
     vertex  1.396242e+01  4.054703e+01  0.000000e+00
   endloop
 endfacet
 facet normal  0.000000e+00  0.000000e+00 -1.000000e+00
   outer loop
     vertex  7.068258e+01  3.605867e+01  0.000000e+00
     vertex  7.068258e+01  1.394133e+01  0.000000e+00
     vertex  7.057420e+01  3.604143e+01  0.000000e+00
   endloop
 endfacet
 facet normal -0.000000e+00  0.000000e+00 -1.000000e+00
   outer loop
     vertex  6.606344e+01  4.070960e+01  0.000000e+00
     vertex  1.394592e+01  4.065553e+01  0.000000e+00
     vertex  1.392645e+01  4.076354e+01  0.000000e+00
   endloop
 endfacet
 facet normal  0.000000e+00  0.000000e+00 -1.000000e+00
   outer loop
     vertex  6.606344e+01  4.070960e+01  0.000000e+00
     vertex  6.604546e+01  4.060134e+01  0.000000e+00
     vertex  1.394592e+01  4.065553e+01  0.000000e+00
   endloop
 endfacet
 facet normal  0.000000e+00 -0.000000e+00 -1.000000e+00
   outer loop
     vertex  7.079045e+01  3.607888e+01  0.000000e+00
     vertex  7.089772e+01  1.389796e+01  0.000000e+00
     vertex  7.079045e+01  1.392112e+01  0.000000e+00
   endloop
 endfacet
 facet normal  0.000000e+00  0.000000e+00 -1.000000e+00
   outer loop
     vertex  7.079045e+01  3.607888e+01  0.000000e+00
     vertex  7.079045e+01  1.392112e+01  0.000000e+00
     vertex  7.068258e+01  1.394133e+01  0.000000e+00
   endloop
 endfacet
 facet normal  0.000000e+00  0.000000e+00 -1.000000e+00
   outer loop
     vertex  7.079045e+01  3.607888e+01  0.000000e+00
     vertex  7.068258e+01  1.394133e+01  0.000000e+00
     vertex  7.068258e+01  3.605867e+01  0.000000e+00
   endloop
 endfacet
 facet normal  0.000000e+00  0.000000e+00 -1.000000e+00
   outer loop
     vertex  6.608439e+01  4.081733e+01  0.000000e+00
     vertex  6.606344e+01  4.070960e+01  0.000000e+00
     vertex  1.392645e+01  4.076354e+01  0.000000e+00
   endloop
 endfacet
 facet normal -0.000000e+00  0.000000e+00 -1.000000e+00
   outer loop
     vertex  6.608439e+01  4.081733e+01  0.000000e+00
     vertex  1.392645e+01  4.076354e+01  0.000000e+00
     vertex  1.390403e+01  4.087097e+01  0.000000e+00
   endloop
 endfacet
 facet normal  0.000000e+00  0.000000e+00 -1.000000e+00
   outer loop
     vertex  7.089772e+01  3.610204e+01  0.000000e+00
     vertex  7.089772e+01  1.389796e+01  0.000000e+00
     vertex  7.079045e+01  3.607888e+01  0.000000e+00
   endloop
 endfacet
 facet normal  0.000000e+00  0.000000e+00 -1.000000e+00
   outer loop
     vertex  6.610829e+01  4.092444e+01  0.000000e+00
     vertex  6.608439e+01  4.081733e+01  0.000000e+00
     vertex  1.390403e+01  4.087097e+01  0.000000e+00
   endloop
 endfacet
 facet normal -0.000000e+00  0.000000e+00 -1.000000e+00
   outer loop
     vertex  6.610829e+01  4.092444e+01  0.000000e+00
     vertex  1.390403e+01  4.087097e+01  0.000000e+00
     vertex  1.387866e+01  4.097774e+01  0.000000e+00
   endloop
 endfacet
 facet normal  0.000000e+00  0.000000e+00 -1.000000e+00
   outer loop
     vertex  7.100432e+01  3.612814e+01  0.000000e+00
     vertex  7.089772e+01  1.389796e+01  0.000000e+00
     vertex  7.089772e+01  3.610204e+01  0.000000e+00
   endloop
 endfacet
 facet normal  0.000000e+00  0.000000e+00 -1.000000e+00
   outer loop
     vertex  7.100432e+01  3.612814e+01  0.000000e+00
     vertex  7.100432e+01  1.387186e+01  0.000000e+00
     vertex  7.089772e+01  1.389796e+01  0.000000e+00
   endloop
 endfacet
 facet normal  0.000000e+00  0.000000e+00 -1.000000e+00
   outer loop
     vertex  6.613512e+01  4.103086e+01  0.000000e+00
     vertex  6.610829e+01  4.092444e+01  0.000000e+00
     vertex  1.387866e+01  4.097774e+01  0.000000e+00
   endloop
 endfacet
 facet normal -0.000000e+00  0.000000e+00 -1.000000e+00
   outer loop
     vertex  6.613512e+01  4.103086e+01  0.000000e+00
     vertex  1.387866e+01  4.097774e+01  0.000000e+00
     vertex  1.385038e+01  4.108378e+01  0.000000e+00
   endloop
 endfacet
 facet normal  0.000000e+00  0.000000e+00 -1.000000e+00
   outer loop
     vertex  7.111017e+01  3.615715e+01  0.000000e+00
     vertex  7.100432e+01  1.387186e+01  0.000000e+00
     vertex  7.100432e+01  3.612814e+01  0.000000e+00
   endloop
 endfacet
 facet normal  0.000000e+00 -0.000000e+00 -1.000000e+00
   outer loop
     vertex  7.111017e+01  3.615715e+01  0.000000e+00
     vertex  7.121517e+01  1.381095e+01  0.000000e+00
     vertex  7.111017e+01  1.384285e+01  0.000000e+00
   endloop
 endfacet
 facet normal  0.000000e+00  0.000000e+00 -1.000000e+00
   outer loop
     vertex  7.111017e+01  3.615715e+01  0.000000e+00
     vertex  7.111017e+01  1.384285e+01  0.000000e+00
     vertex  7.100432e+01  1.387186e+01  0.000000e+00
   endloop
 endfacet
 facet normal -0.000000e+00  0.000000e+00 -1.000000e+00
   outer loop
     vertex  6.616485e+01  4.113650e+01  0.000000e+00
     vertex  1.385038e+01  4.108378e+01  0.000000e+00
     vertex  1.381920e+01  4.118900e+01  0.000000e+00
   endloop
 endfacet
 facet normal  0.000000e+00  0.000000e+00 -1.000000e+00
   outer loop
     vertex  6.616485e+01  4.113650e+01  0.000000e+00
     vertex  6.613512e+01  4.103086e+01  0.000000e+00
     vertex  1.385038e+01  4.108378e+01  0.000000e+00
   endloop
 endfacet
 facet normal  0.000000e+00  0.000000e+00 -1.000000e+00
   outer loop
     vertex  7.121517e+01  3.618905e+01  0.000000e+00
     vertex  7.121517e+01  1.381095e+01  0.000000e+00
     vertex  7.111017e+01  3.615715e+01  0.000000e+00
   endloop
 endfacet
 facet normal  0.000000e+00  0.000000e+00 -1.000000e+00
   outer loop
     vertex  6.619747e+01  4.124129e+01  0.000000e+00
     vertex  6.616485e+01  4.113650e+01  0.000000e+00
     vertex  1.381920e+01  4.118900e+01  0.000000e+00
   endloop
 endfacet
 facet normal -0.000000e+00  0.000000e+00 -1.000000e+00
   outer loop
     vertex  6.619747e+01  4.124129e+01  0.000000e+00
     vertex  1.381920e+01  4.118900e+01  0.000000e+00
     vertex  1.378514e+01  4.129333e+01  0.000000e+00
   endloop
 endfacet
 facet normal  0.000000e+00  0.000000e+00 -1.000000e+00
   outer loop
     vertex  7.131927e+01  3.622382e+01  0.000000e+00
     vertex  7.121517e+01  1.381095e+01  0.000000e+00
     vertex  7.121517e+01  3.618905e+01  0.000000e+00
   endloop
 endfacet
 facet normal  0.000000e+00  0.000000e+00 -1.000000e+00
   outer loop
     vertex  7.131927e+01  3.622382e+01  0.000000e+00
     vertex  7.131927e+01  1.377618e+01  0.000000e+00
     vertex  7.121517e+01  1.381095e+01  0.000000e+00
   endloop
 endfacet
 facet normal  0.000000e+00  0.000000e+00 -1.000000e+00
   outer loop
     vertex  6.623296e+01  4.134514e+01  0.000000e+00
     vertex  6.619747e+01  4.124129e+01  0.000000e+00
     vertex  1.378514e+01  4.129333e+01  0.000000e+00
   endloop
 endfacet
 facet normal -0.000000e+00  0.000000e+00 -1.000000e+00
   outer loop
     vertex  6.623296e+01  4.134514e+01  0.000000e+00
     vertex  1.378514e+01  4.129333e+01  0.000000e+00
     vertex  1.374823e+01  4.139669e+01  0.000000e+00
   endloop
 endfacet
 facet normal  0.000000e+00  0.000000e+00 -1.000000e+00
   outer loop
     vertex  7.142237e+01  3.626143e+01  0.000000e+00
     vertex  7.131927e+01  1.377618e+01  0.000000e+00
     vertex  7.131927e+01  3.622382e+01  0.000000e+00
   endloop
 endfacet
 facet normal  0.000000e+00  0.000000e+00 -1.000000e+00
   outer loop
     vertex  7.142237e+01  3.626143e+01  0.000000e+00
     vertex  7.142237e+01  1.373857e+01  0.000000e+00
     vertex  7.131927e+01  1.377618e+01  0.000000e+00
   endloop
 endfacet
 facet normal -0.000000e+00  0.000000e+00 -1.000000e+00
   outer loop
     vertex  6.627128e+01  4.144798e+01  0.000000e+00
     vertex  1.374823e+01  4.139669e+01  0.000000e+00
     vertex  1.370851e+01  4.149899e+01  0.000000e+00
   endloop
 endfacet
 facet normal  0.000000e+00  0.000000e+00 -1.000000e+00
   outer loop
     vertex  6.627128e+01  4.144798e+01  0.000000e+00
     vertex  6.623296e+01  4.134514e+01  0.000000e+00
     vertex  1.374823e+01  4.139669e+01  0.000000e+00
   endloop
 endfacet
 facet normal  0.000000e+00  0.000000e+00 -1.000000e+00
   outer loop
     vertex  7.152439e+01  3.630186e+01  0.000000e+00
     vertex  7.142237e+01  1.373857e+01  0.000000e+00
     vertex  7.142237e+01  3.626143e+01  0.000000e+00
   endloop
 endfacet
 facet normal  0.000000e+00  0.000000e+00 -1.000000e+00
   outer loop
     vertex  7.152439e+01  3.630186e+01  0.000000e+00
     vertex  7.152439e+01  1.369814e+01  0.000000e+00
     vertex  7.142237e+01  1.373857e+01  0.000000e+00
   endloop
 endfacet
 facet normal  0.000000e+00  0.000000e+00 -1.000000e+00
   outer loop
     vertex  6.631241e+01  4.154973e+01  0.000000e+00
     vertex  6.627128e+01  4.144798e+01  0.000000e+00
     vertex  1.370851e+01  4.149899e+01  0.000000e+00
   endloop
 endfacet
 facet normal -0.000000e+00  0.000000e+00 -1.000000e+00
   outer loop
     vertex  6.631241e+01  4.154973e+01  0.000000e+00
     vertex  1.370851e+01  4.149899e+01  0.000000e+00
     vertex  1.366599e+01  4.160017e+01  0.000000e+00
   endloop
 endfacet
 facet normal  0.000000e+00  0.000000e+00 -1.000000e+00
   outer loop
     vertex  7.162528e+01  3.634507e+01  0.000000e+00
     vertex  7.152439e+01  1.369814e+01  0.000000e+00
     vertex  7.152439e+01  3.630186e+01  0.000000e+00
   endloop
 endfacet
 facet normal  0.000000e+00  0.000000e+00 -1.000000e+00
   outer loop
     vertex  7.162528e+01  3.634507e+01  0.000000e+00
     vertex  7.162528e+01  1.365493e+01  0.000000e+00
     vertex  7.152439e+01  1.369814e+01  0.000000e+00
   endloop
 endfacet
 facet normal  0.000000e+00  0.000000e+00 -1.000000e+00
   outer loop
     vertex  6.635631e+01  4.165031e+01  0.000000e+00
     vertex  6.631241e+01  4.154973e+01  0.000000e+00
     vertex  1.366599e+01  4.160017e+01  0.000000e+00
   endloop
 endfacet
 facet normal -0.000000e+00  0.000000e+00 -1.000000e+00
   outer loop
     vertex  6.635631e+01  4.165031e+01  0.000000e+00
     vertex  1.366599e+01  4.160017e+01  0.000000e+00
     vertex  1.362071e+01  4.170014e+01  0.000000e+00
   endloop
 endfacet
 facet normal  0.000000e+00  0.000000e+00 -1.000000e+00
   outer loop
     vertex  7.172493e+01  3.639104e+01  0.000000e+00
     vertex  7.162528e+01  1.365493e+01  0.000000e+00
     vertex  7.162528e+01  3.634507e+01  0.000000e+00
   endloop
 endfacet
 facet normal  0.000000e+00  0.000000e+00 -1.000000e+00
   outer loop
     vertex  7.172493e+01  3.639104e+01  0.000000e+00
     vertex  7.172493e+01  1.360896e+01  0.000000e+00
     vertex  7.162528e+01  1.365493e+01  0.000000e+00
   endloop
 endfacet
 facet normal -0.000000e+00  0.000000e+00 -1.000000e+00
   outer loop
     vertex  6.640295e+01  4.174965e+01  0.000000e+00
     vertex  1.362071e+01  4.170014e+01  0.000000e+00
     vertex  1.357270e+01  4.179883e+01  0.000000e+00
   endloop
 endfacet
 facet normal  0.000000e+00  0.000000e+00 -1.000000e+00
   outer loop
     vertex  6.640295e+01  4.174965e+01  0.000000e+00
     vertex  6.635631e+01  4.165031e+01  0.000000e+00
     vertex  1.362071e+01  4.170014e+01  0.000000e+00
   endloop
 endfacet
 facet normal  0.000000e+00  0.000000e+00 -1.000000e+00
   outer loop
     vertex  7.182329e+01  3.643972e+01  0.000000e+00
     vertex  7.172493e+01  1.360896e+01  0.000000e+00
     vertex  7.172493e+01  3.639104e+01  0.000000e+00
   endloop
 endfacet
 facet normal  0.000000e+00 -0.000000e+00 -1.000000e+00
   outer loop
     vertex  7.182329e+01  3.643972e+01  0.000000e+00
     vertex  7.192028e+01  1.350892e+01  0.000000e+00
     vertex  7.182329e+01  1.356028e+01  0.000000e+00
   endloop
 endfacet
 facet normal  0.000000e+00  0.000000e+00 -1.000000e+00
   outer loop
     vertex  7.182329e+01  3.643972e+01  0.000000e+00
     vertex  7.182329e+01  1.356028e+01  0.000000e+00
     vertex  7.172493e+01  1.360896e+01  0.000000e+00
   endloop
 endfacet
 facet normal  0.000000e+00  0.000000e+00 -1.000000e+00
   outer loop
     vertex  6.645231e+01  4.184767e+01  0.000000e+00
     vertex  6.640295e+01  4.174965e+01  0.000000e+00
     vertex  1.357270e+01  4.179883e+01  0.000000e+00
   endloop
 endfacet
 facet normal -0.000000e+00  0.000000e+00 -1.000000e+00
   outer loop
     vertex  6.645231e+01  4.184767e+01  0.000000e+00
     vertex  1.357270e+01  4.179883e+01  0.000000e+00
     vertex  1.352201e+01  4.189616e+01  0.000000e+00
   endloop
 endfacet
 facet normal  0.000000e+00  0.000000e+00 -1.000000e+00
   outer loop
     vertex  7.192028e+01  3.649108e+01  0.000000e+00
     vertex  7.192028e+01  1.350892e+01  0.000000e+00
     vertex  7.182329e+01  3.643972e+01  0.000000e+00
   endloop
 endfacet
 facet normal  0.000000e+00 -0.000000e+00 -1.000000e+00
   outer loop
     vertex  7.192028e+01  3.649108e+01  0.000000e+00
     vertex  7.201582e+01  1.345492e+01  0.000000e+00
     vertex  7.192028e+01  1.350892e+01  0.000000e+00
   endloop
 endfacet
 facet normal  0.000000e+00  0.000000e+00 -1.000000e+00
   outer loop
     vertex  6.650433e+01  4.194430e+01  0.000000e+00
     vertex  6.645231e+01  4.184767e+01  0.000000e+00
     vertex  1.352201e+01  4.189616e+01  0.000000e+00
   endloop
 endfacet
 facet normal -0.000000e+00  0.000000e+00 -1.000000e+00
   outer loop
     vertex  6.650433e+01  4.194430e+01  0.000000e+00
     vertex  1.352201e+01  4.189616e+01  0.000000e+00
     vertex  1.346867e+01  4.199207e+01  0.000000e+00
   endloop
 endfacet
 facet normal  0.000000e+00  0.000000e+00 -1.000000e+00
   outer loop
     vertex  7.201582e+01  3.654508e+01  0.000000e+00
     vertex  7.201582e+01  1.345492e+01  0.000000e+00
     vertex  7.192028e+01  3.649108e+01  0.000000e+00
   endloop
 endfacet
 facet normal  0.000000e+00  0.000000e+00 -1.000000e+00
   outer loop
     vertex  6.655899e+01  4.203947e+01  0.000000e+00
     vertex  6.650433e+01  4.194430e+01  0.000000e+00
     vertex  1.346867e+01  4.199207e+01  0.000000e+00
   endloop
 endfacet
 facet normal -0.000000e+00  0.000000e+00 -1.000000e+00
   outer loop
     vertex  6.655899e+01  4.203947e+01  0.000000e+00
     vertex  1.346867e+01  4.199207e+01  0.000000e+00
     vertex  1.341271e+01  4.208648e+01  0.000000e+00
   endloop
 endfacet
 facet normal  0.000000e+00  0.000000e+00 -1.000000e+00
   outer loop
     vertex  7.210984e+01  3.660168e+01  0.000000e+00
     vertex  7.210984e+01  1.339832e+01  0.000000e+00
     vertex  7.201582e+01  1.345492e+01  0.000000e+00
   endloop
 endfacet
 facet normal  0.000000e+00  0.000000e+00 -1.000000e+00
   outer loop
     vertex  7.210984e+01  3.660168e+01  0.000000e+00
     vertex  7.201582e+01  1.345492e+01  0.000000e+00
     vertex  7.201582e+01  3.654508e+01  0.000000e+00
   endloop
 endfacet
 facet normal  0.000000e+00  0.000000e+00 -1.000000e+00
   outer loop
     vertex  6.661623e+01  4.213310e+01  0.000000e+00
     vertex  6.655899e+01  4.203947e+01  0.000000e+00
     vertex  1.341271e+01  4.208648e+01  0.000000e+00
   endloop
 endfacet
 facet normal -0.000000e+00  0.000000e+00 -1.000000e+00
   outer loop
     vertex  6.661623e+01  4.213310e+01  0.000000e+00
     vertex  1.341271e+01  4.208648e+01  0.000000e+00
     vertex  1.335418e+01  4.217932e+01  0.000000e+00
   endloop
 endfacet
 facet normal  0.000000e+00 -0.000000e+00 -1.000000e+00
   outer loop
     vertex  7.220228e+01  3.666084e+01  0.000000e+00
     vertex  7.229306e+01  1.327748e+01  0.000000e+00
     vertex  7.220228e+01  1.333916e+01  0.000000e+00
   endloop
 endfacet
 facet normal  0.000000e+00  0.000000e+00 -1.000000e+00
   outer loop
     vertex  7.220228e+01  3.666084e+01  0.000000e+00
     vertex  7.220228e+01  1.333916e+01  0.000000e+00
     vertex  7.210984e+01  1.339832e+01  0.000000e+00
   endloop
 endfacet
 facet normal  0.000000e+00  0.000000e+00 -1.000000e+00
   outer loop
     vertex  7.220228e+01  3.666084e+01  0.000000e+00
     vertex  7.210984e+01  1.339832e+01  0.000000e+00
     vertex  7.210984e+01  3.660168e+01  0.000000e+00
   endloop
 endfacet
 facet normal  0.000000e+00  0.000000e+00 -1.000000e+00
   outer loop
     vertex  6.667603e+01  4.222513e+01  0.000000e+00
     vertex  6.661623e+01  4.213310e+01  0.000000e+00
     vertex  1.335418e+01  4.217932e+01  0.000000e+00
   endloop
 endfacet
 facet normal -0.000000e+00  0.000000e+00 -1.000000e+00
   outer loop
     vertex  6.667603e+01  4.222513e+01  0.000000e+00
     vertex  1.335418e+01  4.217932e+01  0.000000e+00
     vertex  1.329313e+01  4.227052e+01  0.000000e+00
   endloop
 endfacet
 facet normal  0.000000e+00  0.000000e+00 -1.000000e+00
   outer loop
     vertex  7.229306e+01  3.672252e+01  0.000000e+00
     vertex  7.229306e+01  1.327748e+01  0.000000e+00
     vertex  7.220228e+01  3.666084e+01  0.000000e+00
   endloop
 endfacet
 facet normal  0.000000e+00  0.000000e+00 -1.000000e+00
   outer loop
     vertex  6.673832e+01  4.231548e+01  0.000000e+00
     vertex  6.667603e+01  4.222513e+01  0.000000e+00
     vertex  1.329313e+01  4.227052e+01  0.000000e+00
   endloop
 endfacet
 facet normal -0.000000e+00  0.000000e+00 -1.000000e+00
   outer loop
     vertex  6.673832e+01  4.231548e+01  0.000000e+00
     vertex  1.329313e+01  4.227052e+01  0.000000e+00
     vertex  1.322960e+01  4.236001e+01  0.000000e+00
   endloop
 endfacet
 facet normal  0.000000e+00 -0.000000e+00 -1.000000e+00
   outer loop
     vertex  7.238211e+01  3.678666e+01  0.000000e+00
     vertex  7.246937e+01  1.314678e+01  0.000000e+00
     vertex  7.238211e+01  1.321334e+01  0.000000e+00
   endloop
 endfacet
 facet normal  0.000000e+00  0.000000e+00 -1.000000e+00
   outer loop
     vertex  7.238211e+01  3.678666e+01  0.000000e+00
     vertex  7.238211e+01  1.321334e+01  0.000000e+00
     vertex  7.229306e+01  1.327748e+01  0.000000e+00
   endloop
 endfacet
 facet normal  0.000000e+00  0.000000e+00 -1.000000e+00
   outer loop
     vertex  7.238211e+01  3.678666e+01  0.000000e+00
     vertex  7.229306e+01  1.327748e+01  0.000000e+00
     vertex  7.229306e+01  3.672252e+01  0.000000e+00
   endloop
 endfacet
 facet normal  0.000000e+00  0.000000e+00 -1.000000e+00
   outer loop
     vertex  6.680307e+01  4.240409e+01  0.000000e+00
     vertex  6.673832e+01  4.231548e+01  0.000000e+00
     vertex  1.322960e+01  4.236001e+01  0.000000e+00
   endloop
 endfacet
 facet normal -0.000000e+00  0.000000e+00 -1.000000e+00
   outer loop
     vertex  6.680307e+01  4.240409e+01  0.000000e+00
     vertex  1.322960e+01  4.236001e+01  0.000000e+00
     vertex  1.316364e+01  4.244772e+01  0.000000e+00
   endloop
 endfacet
 facet normal  0.000000e+00  0.000000e+00 -1.000000e+00
   outer loop
     vertex  7.246937e+01  3.685322e+01  0.000000e+00
     vertex  7.246937e+01  1.314678e+01  0.000000e+00
     vertex  7.238211e+01  3.678666e+01  0.000000e+00
   endloop
 endfacet
 facet normal -0.000000e+00  0.000000e+00 -1.000000e+00
   outer loop
     vertex  6.687023e+01  4.249089e+01  0.000000e+00
     vertex  1.316364e+01  4.244772e+01  0.000000e+00
     vertex  1.309530e+01  4.253359e+01  0.000000e+00
   endloop
 endfacet
 facet normal  0.000000e+00  0.000000e+00 -1.000000e+00
   outer loop
     vertex  6.687023e+01  4.249089e+01  0.000000e+00
     vertex  6.680307e+01  4.240409e+01  0.000000e+00
     vertex  1.316364e+01  4.244772e+01  0.000000e+00
   endloop
 endfacet
 facet normal  0.000000e+00  0.000000e+00 -1.000000e+00
   outer loop
     vertex  7.255477e+01  3.692215e+01  0.000000e+00
     vertex  7.255477e+01  1.307785e+01  0.000000e+00
     vertex  7.246937e+01  1.314678e+01  0.000000e+00
   endloop
 endfacet
 facet normal  0.000000e+00  0.000000e+00 -1.000000e+00
   outer loop
     vertex  7.255477e+01  3.692215e+01  0.000000e+00
     vertex  7.246937e+01  1.314678e+01  0.000000e+00
     vertex  7.246937e+01  3.685322e+01  0.000000e+00
   endloop
 endfacet
 facet normal  0.000000e+00  0.000000e+00 -1.000000e+00
   outer loop
     vertex  6.693975e+01  4.257582e+01  0.000000e+00
     vertex  6.687023e+01  4.249089e+01  0.000000e+00
     vertex  1.309530e+01  4.253359e+01  0.000000e+00
   endloop
 endfacet
 facet normal -0.000000e+00  0.000000e+00 -1.000000e+00
   outer loop
     vertex  6.693975e+01  4.257582e+01  0.000000e+00
     vertex  1.309530e+01  4.253359e+01  0.000000e+00
     vertex  1.302463e+01  4.261756e+01  0.000000e+00
   endloop
 endfacet
 facet normal  0.000000e+00  0.000000e+00 -1.000000e+00
   outer loop
     vertex  7.263824e+01  3.699339e+01  0.000000e+00
     vertex  7.255477e+01  1.307785e+01  0.000000e+00
     vertex  7.255477e+01  3.692215e+01  0.000000e+00
   endloop
 endfacet
 facet normal  0.000000e+00  0.000000e+00 -1.000000e+00
   outer loop
     vertex  7.263824e+01  3.699339e+01  0.000000e+00
     vertex  7.263824e+01  1.300661e+01  0.000000e+00
     vertex  7.255477e+01  1.307785e+01  0.000000e+00
   endloop
 endfacet
 facet normal  0.000000e+00  0.000000e+00 -1.000000e+00
   outer loop
     vertex  6.701156e+01  4.265880e+01  0.000000e+00
     vertex  6.693975e+01  4.257582e+01  0.000000e+00
     vertex  1.302463e+01  4.261756e+01  0.000000e+00
   endloop
 endfacet
 facet normal -0.000000e+00  0.000000e+00 -1.000000e+00
   outer loop
     vertex  6.701156e+01  4.265880e+01  0.000000e+00
     vertex  1.302463e+01  4.261756e+01  0.000000e+00
     vertex  1.295168e+01  4.269955e+01  0.000000e+00
   endloop
 endfacet
 facet normal  0.000000e+00 -0.000000e+00 -1.000000e+00
   outer loop
     vertex  7.271973e+01  3.706690e+01  0.000000e+00
     vertex  7.279918e+01  1.285738e+01  0.000000e+00
     vertex  7.271973e+01  1.293310e+01  0.000000e+00
   endloop
 endfacet
 facet normal  0.000000e+00  0.000000e+00 -1.000000e+00
   outer loop
     vertex  7.271973e+01  3.706690e+01  0.000000e+00
     vertex  7.271973e+01  1.293310e+01  0.000000e+00
     vertex  7.263824e+01  1.300661e+01  0.000000e+00
   endloop
 endfacet
 facet normal  0.000000e+00  0.000000e+00 -1.000000e+00
   outer loop
     vertex  7.271973e+01  3.706690e+01  0.000000e+00
     vertex  7.263824e+01  1.300661e+01  0.000000e+00
     vertex  7.263824e+01  3.699339e+01  0.000000e+00
   endloop
 endfacet
 facet normal  0.000000e+00  0.000000e+00 -1.000000e+00
   outer loop
     vertex  6.708563e+01  4.273979e+01  0.000000e+00
     vertex  6.701156e+01  4.265880e+01  0.000000e+00
     vertex  1.295168e+01  4.269955e+01  0.000000e+00
   endloop
 endfacet
 facet normal -0.000000e+00  0.000000e+00 -1.000000e+00
   outer loop
     vertex  6.708563e+01  4.273979e+01  0.000000e+00
     vertex  1.295168e+01  4.269955e+01  0.000000e+00
     vertex  1.287651e+01  4.277951e+01  0.000000e+00
   endloop
 endfacet
 facet normal  0.000000e+00  0.000000e+00 -1.000000e+00
   outer loop
     vertex  7.279918e+01  3.714262e+01  0.000000e+00
     vertex  7.279918e+01  1.285738e+01  0.000000e+00
     vertex  7.271973e+01  3.706690e+01  0.000000e+00
   endloop
 endfacet
 facet normal  0.000000e+00 -0.000000e+00 -1.000000e+00
   outer loop
     vertex  7.279918e+01  3.714262e+01  0.000000e+00
     vertex  7.287651e+01  1.277951e+01  0.000000e+00
     vertex  7.279918e+01  1.285738e+01  0.000000e+00
   endloop
 endfacet
 facet normal -0.000000e+00  0.000000e+00 -1.000000e+00
   outer loop
     vertex  6.716189e+01  4.281871e+01  0.000000e+00
     vertex  1.287651e+01  4.277951e+01  0.000000e+00
     vertex  1.279918e+01  4.285738e+01  0.000000e+00
   endloop
 endfacet
 facet normal  0.000000e+00  0.000000e+00 -1.000000e+00
   outer loop
     vertex  6.716189e+01  4.281871e+01  0.000000e+00
     vertex  6.708563e+01  4.273979e+01  0.000000e+00
     vertex  1.287651e+01  4.277951e+01  0.000000e+00
   endloop
 endfacet
 facet normal  0.000000e+00  0.000000e+00 -1.000000e+00
   outer loop
     vertex  7.287651e+01  3.722049e+01  0.000000e+00
     vertex  7.287651e+01  1.277951e+01  0.000000e+00
     vertex  7.279918e+01  3.714262e+01  0.000000e+00
   endloop
 endfacet
 facet normal  0.000000e+00  0.000000e+00 -1.000000e+00
   outer loop
     vertex  6.724029e+01  4.289551e+01  0.000000e+00
     vertex  6.716189e+01  4.281871e+01  0.000000e+00
     vertex  1.279918e+01  4.285738e+01  0.000000e+00
   endloop
 endfacet
 facet normal -0.000000e+00  0.000000e+00 -1.000000e+00
   outer loop
     vertex  6.724029e+01  4.289551e+01  0.000000e+00
     vertex  1.279918e+01  4.285738e+01  0.000000e+00
     vertex  1.271973e+01  4.293310e+01  0.000000e+00
   endloop
 endfacet
 facet normal  0.000000e+00  0.000000e+00 -1.000000e+00
   outer loop
     vertex  7.295168e+01  3.730045e+01  0.000000e+00
     vertex  7.287651e+01  1.277951e+01  0.000000e+00
     vertex  7.287651e+01  3.722049e+01  0.000000e+00
   endloop
 endfacet
 facet normal  0.000000e+00  0.000000e+00 -1.000000e+00
   outer loop
     vertex  7.295168e+01  3.730045e+01  0.000000e+00
     vertex  7.295168e+01  1.269955e+01  0.000000e+00
     vertex  7.287651e+01  1.277951e+01  0.000000e+00
   endloop
 endfacet
 facet normal  0.000000e+00  0.000000e+00 -1.000000e+00
   outer loop
     vertex  6.732076e+01  4.297013e+01  0.000000e+00
     vertex  6.724029e+01  4.289551e+01  0.000000e+00
     vertex  1.271973e+01  4.293310e+01  0.000000e+00
   endloop
 endfacet
 facet normal -0.000000e+00  0.000000e+00 -1.000000e+00
   outer loop
     vertex  6.732076e+01  4.297013e+01  0.000000e+00
     vertex  1.271973e+01  4.293310e+01  0.000000e+00
     vertex  1.263824e+01  4.300661e+01  0.000000e+00
   endloop
 endfacet
 facet normal  0.000000e+00  0.000000e+00 -1.000000e+00
   outer loop
     vertex  7.302463e+01  3.738244e+01  0.000000e+00
     vertex  7.295168e+01  1.269955e+01  0.000000e+00
     vertex  7.295168e+01  3.730045e+01  0.000000e+00
   endloop
 endfacet
 facet normal  0.000000e+00 -0.000000e+00 -1.000000e+00
   outer loop
     vertex  7.302463e+01  3.738244e+01  0.000000e+00
     vertex  7.309530e+01  1.253359e+01  0.000000e+00
     vertex  7.302463e+01  1.261756e+01  0.000000e+00
   endloop
 endfacet
 facet normal  0.000000e+00  0.000000e+00 -1.000000e+00
   outer loop
     vertex  7.302463e+01  3.738244e+01  0.000000e+00
     vertex  7.302463e+01  1.261756e+01  0.000000e+00
     vertex  7.295168e+01  1.269955e+01  0.000000e+00
   endloop
 endfacet
 facet normal  0.000000e+00  0.000000e+00 -1.000000e+00
   outer loop
     vertex  6.740325e+01  4.304251e+01  0.000000e+00
     vertex  6.732076e+01  4.297013e+01  0.000000e+00
     vertex  1.263824e+01  4.300661e+01  0.000000e+00
   endloop
 endfacet
 facet normal -0.000000e+00  0.000000e+00 -1.000000e+00
   outer loop
     vertex  6.740325e+01  4.304251e+01  0.000000e+00
     vertex  1.263824e+01  4.300661e+01  0.000000e+00
     vertex  1.255477e+01  4.307785e+01  0.000000e+00
   endloop
 endfacet
 facet normal  0.000000e+00  0.000000e+00 -1.000000e+00
   outer loop
     vertex  7.309530e+01  3.746641e+01  0.000000e+00
     vertex  7.309530e+01  1.253359e+01  0.000000e+00
     vertex  7.302463e+01  3.738244e+01  0.000000e+00
   endloop
 endfacet
 facet normal  0.000000e+00  0.000000e+00 -1.000000e+00
   outer loop
     vertex  6.748770e+01  4.311261e+01  0.000000e+00
     vertex  6.740325e+01  4.304251e+01  0.000000e+00
     vertex  1.255477e+01  4.307785e+01  0.000000e+00
   endloop
 endfacet
 facet normal -0.000000e+00  0.000000e+00 -1.000000e+00
   outer loop
     vertex  6.748770e+01  4.311261e+01  0.000000e+00
     vertex  1.255477e+01  4.307785e+01  0.000000e+00
     vertex  1.246937e+01  4.314678e+01  0.000000e+00
   endloop
 endfacet
 facet normal  0.000000e+00 -0.000000e+00 -1.000000e+00
   outer loop
     vertex  7.316364e+01  3.755228e+01  0.000000e+00
     vertex  7.322960e+01  1.236001e+01  0.000000e+00
     vertex  7.316364e+01  1.244772e+01  0.000000e+00
   endloop
 endfacet
 facet normal  0.000000e+00  0.000000e+00 -1.000000e+00
   outer loop
     vertex  7.316364e+01  3.755228e+01  0.000000e+00
     vertex  7.316364e+01  1.244772e+01  0.000000e+00
     vertex  7.309530e+01  1.253359e+01  0.000000e+00
   endloop
 endfacet
 facet normal  0.000000e+00  0.000000e+00 -1.000000e+00
   outer loop
     vertex  7.316364e+01  3.755228e+01  0.000000e+00
     vertex  7.309530e+01  1.253359e+01  0.000000e+00
     vertex  7.309530e+01  3.746641e+01  0.000000e+00
   endloop
 endfacet
 facet normal  0.000000e+00  0.000000e+00 -1.000000e+00
   outer loop
     vertex  6.757403e+01  4.318036e+01  0.000000e+00
     vertex  6.748770e+01  4.311261e+01  0.000000e+00
     vertex  1.246937e+01  4.314678e+01  0.000000e+00
   endloop
 endfacet
 facet normal -0.000000e+00  0.000000e+00 -1.000000e+00
   outer loop
     vertex  6.757403e+01  4.318036e+01  0.000000e+00
     vertex  1.246937e+01  4.314678e+01  0.000000e+00
     vertex  1.238211e+01  4.321334e+01  0.000000e+00
   endloop
 endfacet
 facet normal  0.000000e+00  0.000000e+00 -1.000000e+00
   outer loop
     vertex  7.322960e+01  3.763999e+01  0.000000e+00
     vertex  7.322960e+01  1.236001e+01  0.000000e+00
     vertex  7.316364e+01  3.755228e+01  0.000000e+00
   endloop
 endfacet
 facet normal  0.000000e+00  0.000000e+00 -1.000000e+00
   outer loop
     vertex  6.766220e+01  4.324572e+01  0.000000e+00
     vertex  6.757403e+01  4.318036e+01  0.000000e+00
     vertex  1.238211e+01  4.321334e+01  0.000000e+00
   endloop
 endfacet
 facet normal -0.000000e+00  0.000000e+00 -1.000000e+00
   outer loop
     vertex  6.766220e+01  4.324572e+01  0.000000e+00
     vertex  1.238211e+01  4.321334e+01  0.000000e+00
     vertex  1.229306e+01  4.327748e+01  0.000000e+00
   endloop
 endfacet
 facet normal  0.000000e+00  0.000000e+00 -1.000000e+00
   outer loop
     vertex  7.329313e+01  3.772948e+01  0.000000e+00
     vertex  7.322960e+01  1.236001e+01  0.000000e+00
     vertex  7.322960e+01  3.763999e+01  0.000000e+00
   endloop
 endfacet
 facet normal  0.000000e+00  0.000000e+00 -1.000000e+00
   outer loop
     vertex  7.329313e+01  3.772948e+01  0.000000e+00
     vertex  7.329313e+01  1.227052e+01  0.000000e+00
     vertex  7.322960e+01  1.236001e+01  0.000000e+00
   endloop
 endfacet
 facet normal  0.000000e+00  0.000000e+00 -1.000000e+00
   outer loop
     vertex  7.335418e+01  3.782068e+01  0.000000e+00
     vertex  7.329313e+01  1.227052e+01  0.000000e+00
     vertex  7.329313e+01  3.772948e+01  0.000000e+00
   endloop
 endfacet
 facet normal  0.000000e+00  0.000000e+00 -1.000000e+00
   outer loop
     vertex  7.335418e+01  3.782068e+01  0.000000e+00
     vertex  7.335418e+01  1.217932e+01  0.000000e+00
     vertex  7.329313e+01  1.227052e+01  0.000000e+00
   endloop
 endfacet
 facet normal  0.000000e+00  0.000000e+00 -1.000000e+00
   outer loop
     vertex  7.341271e+01  3.791352e+01  0.000000e+00
     vertex  7.335418e+01  1.217932e+01  0.000000e+00
     vertex  7.335418e+01  3.782068e+01  0.000000e+00
   endloop
 endfacet
 facet normal  0.000000e+00 -0.000000e+00 -1.000000e+00
   outer loop
     vertex  7.341271e+01  3.791352e+01  0.000000e+00
     vertex  7.346867e+01  1.199207e+01  0.000000e+00
     vertex  7.341271e+01  1.208648e+01  0.000000e+00
   endloop
 endfacet
 facet normal  0.000000e+00  0.000000e+00 -1.000000e+00
   outer loop
     vertex  7.341271e+01  3.791352e+01  0.000000e+00
     vertex  7.341271e+01  1.208648e+01  0.000000e+00
     vertex  7.335418e+01  1.217932e+01  0.000000e+00
   endloop
 endfacet
 facet normal  0.000000e+00  0.000000e+00 -1.000000e+00
   outer loop
     vertex  7.346867e+01  3.800793e+01  0.000000e+00
     vertex  7.346867e+01  1.199207e+01  0.000000e+00
     vertex  7.341271e+01  3.791352e+01  0.000000e+00
   endloop
 endfacet
 facet normal  0.000000e+00  0.000000e+00 -1.000000e+00
   outer loop
     vertex  7.352201e+01  3.810384e+01  0.000000e+00
     vertex  7.346867e+01  1.199207e+01  0.000000e+00
     vertex  7.346867e+01  3.800793e+01  0.000000e+00
   endloop
 endfacet
 facet normal  0.000000e+00  0.000000e+00 -1.000000e+00
   outer loop
     vertex  7.352201e+01  3.810384e+01  0.000000e+00
     vertex  7.352201e+01  1.189616e+01  0.000000e+00
     vertex  7.346867e+01  1.199207e+01  0.000000e+00
   endloop
 endfacet
 facet normal  0.000000e+00  0.000000e+00 -1.000000e+00
   outer loop
     vertex  7.357270e+01  3.820117e+01  0.000000e+00
     vertex  7.357270e+01  1.179883e+01  0.000000e+00
     vertex  7.352201e+01  1.189616e+01  0.000000e+00
   endloop
 endfacet
 facet normal  0.000000e+00  0.000000e+00 -1.000000e+00
   outer loop
     vertex  7.357270e+01  3.820117e+01  0.000000e+00
     vertex  7.352201e+01  1.189616e+01  0.000000e+00
     vertex  7.352201e+01  3.810384e+01  0.000000e+00
   endloop
 endfacet
 facet normal  0.000000e+00 -0.000000e+00 -1.000000e+00
   outer loop
     vertex  7.362071e+01  3.829986e+01  0.000000e+00
     vertex  7.366599e+01  1.160017e+01  0.000000e+00
     vertex  7.362071e+01  1.170014e+01  0.000000e+00
   endloop
 endfacet
 facet normal  0.000000e+00  0.000000e+00 -1.000000e+00
   outer loop
     vertex  7.362071e+01  3.829986e+01  0.000000e+00
     vertex  7.362071e+01  1.170014e+01  0.000000e+00
     vertex  7.357270e+01  1.179883e+01  0.000000e+00
   endloop
 endfacet
 facet normal  0.000000e+00  0.000000e+00 -1.000000e+00
   outer loop
     vertex  7.362071e+01  3.829986e+01  0.000000e+00
     vertex  7.357270e+01  1.179883e+01  0.000000e+00
     vertex  7.357270e+01  3.820117e+01  0.000000e+00
   endloop
 endfacet
 facet normal  0.000000e+00  0.000000e+00 -1.000000e+00
   outer loop
     vertex  7.366599e+01  3.839983e+01  0.000000e+00
     vertex  7.366599e+01  1.160017e+01  0.000000e+00
     vertex  7.362071e+01  3.829986e+01  0.000000e+00
   endloop
 endfacet
 facet normal  0.000000e+00  0.000000e+00 -1.000000e+00
   outer loop
     vertex  7.370851e+01  3.850101e+01  0.000000e+00
     vertex  7.366599e+01  1.160017e+01  0.000000e+00
     vertex  7.366599e+01  3.839983e+01  0.000000e+00
   endloop
 endfacet
 facet normal  0.000000e+00  0.000000e+00 -1.000000e+00
   outer loop
     vertex  7.370851e+01  3.850101e+01  0.000000e+00
     vertex  7.370851e+01  1.149899e+01  0.000000e+00
     vertex  7.366599e+01  1.160017e+01  0.000000e+00
   endloop
 endfacet
 facet normal  0.000000e+00 -0.000000e+00 -1.000000e+00
   outer loop
     vertex  7.374823e+01  3.860331e+01  0.000000e+00
     vertex  7.374823e+01  1.139669e+01  0.000000e+00
     vertex  7.370851e+01  1.149899e+01  0.000000e+00
   endloop
 endfacet
 facet normal  0.000000e+00  0.000000e+00 -1.000000e+00
   outer loop
     vertex  7.374823e+01  3.860331e+01  0.000000e+00
     vertex  7.370851e+01  1.149899e+01  0.000000e+00
     vertex  7.370851e+01  3.850101e+01  0.000000e+00
   endloop
 endfacet
 facet normal  0.000000e+00  0.000000e+00 -1.000000e+00
   outer loop
     vertex  7.378514e+01  3.870667e+01  0.000000e+00
     vertex  7.378514e+01  1.129333e+01  0.000000e+00
     vertex  7.374823e+01  1.139669e+01  0.000000e+00
   endloop
 endfacet
 facet normal  0.000000e+00  0.000000e+00 -1.000000e+00
   outer loop
     vertex  7.378514e+01  3.870667e+01  0.000000e+00
     vertex  7.374823e+01  1.139669e+01  0.000000e+00
     vertex  7.374823e+01  3.860331e+01  0.000000e+00
   endloop
 endfacet
 facet normal  0.000000e+00  0.000000e+00 -1.000000e+00
   outer loop
     vertex  8.000000e+01  5.000000e+01  0.000000e+00
     vertex  7.378514e+01  3.870667e+01  0.000000e+00
     vertex  7.381920e+01  3.881100e+01  0.000000e+00
   endloop
 endfacet
 facet normal  0.000000e+00  0.000000e+00 -1.000000e+00
   outer loop
     vertex  8.000000e+01  5.000000e+01  0.000000e+00
     vertex  7.366599e+01  4.160017e+01  0.000000e+00
     vertex  7.362071e+01  4.170014e+01  0.000000e+00
   endloop
 endfacet
 facet normal  0.000000e+00  0.000000e+00 -1.000000e+00
   outer loop
     vertex  8.000000e+01  5.000000e+01  0.000000e+00
     vertex  7.381920e+01  3.881100e+01  0.000000e+00
     vertex  7.385038e+01  3.891622e+01  0.000000e+00
   endloop
 endfacet
 facet normal  0.000000e+00  0.000000e+00 -1.000000e+00
   outer loop
     vertex  8.000000e+01  5.000000e+01  0.000000e+00
     vertex  7.362071e+01  4.170014e+01  0.000000e+00
     vertex  7.357270e+01  4.179883e+01  0.000000e+00
   endloop
 endfacet
 facet normal  0.000000e+00  0.000000e+00 -1.000000e+00
   outer loop
     vertex  8.000000e+01  5.000000e+01  0.000000e+00
     vertex  7.385038e+01  3.891622e+01  0.000000e+00
     vertex  7.387866e+01  3.902226e+01  0.000000e+00
   endloop
 endfacet
 facet normal  0.000000e+00  0.000000e+00 -1.000000e+00
   outer loop
     vertex  8.000000e+01  5.000000e+01  0.000000e+00
     vertex  7.357270e+01  4.179883e+01  0.000000e+00
     vertex  7.352201e+01  4.189616e+01  0.000000e+00
   endloop
 endfacet
 facet normal  0.000000e+00  0.000000e+00 -1.000000e+00
   outer loop
     vertex  8.000000e+01  5.000000e+01  0.000000e+00
     vertex  7.387866e+01  3.902226e+01  0.000000e+00
     vertex  7.390403e+01  3.912903e+01  0.000000e+00
   endloop
 endfacet
 facet normal  0.000000e+00  0.000000e+00 -1.000000e+00
   outer loop
     vertex  8.000000e+01  5.000000e+01  0.000000e+00
     vertex  7.352201e+01  4.189616e+01  0.000000e+00
     vertex  7.346867e+01  4.199207e+01  0.000000e+00
   endloop
 endfacet
 facet normal  0.000000e+00  0.000000e+00 -1.000000e+00
   outer loop
     vertex  8.000000e+01  5.000000e+01  0.000000e+00
     vertex  7.390403e+01  3.912903e+01  0.000000e+00
     vertex  7.392645e+01  3.923646e+01  0.000000e+00
   endloop
 endfacet
 facet normal  0.000000e+00  0.000000e+00 -1.000000e+00
   outer loop
     vertex  8.000000e+01  5.000000e+01  0.000000e+00
     vertex  7.346867e+01  4.199207e+01  0.000000e+00
     vertex  7.341271e+01  4.208648e+01  0.000000e+00
   endloop
 endfacet
 facet normal  0.000000e+00  0.000000e+00 -1.000000e+00
   outer loop
     vertex  8.000000e+01  5.000000e+01  0.000000e+00
     vertex  7.392645e+01  3.923646e+01  0.000000e+00
     vertex  7.394592e+01  3.934447e+01  0.000000e+00
   endloop
 endfacet
 facet normal  0.000000e+00  0.000000e+00 -1.000000e+00
   outer loop
     vertex  8.000000e+01  5.000000e+01  0.000000e+00
     vertex  7.341271e+01  4.208648e+01  0.000000e+00
     vertex  7.335418e+01  4.217932e+01  0.000000e+00
   endloop
 endfacet
 facet normal  0.000000e+00  0.000000e+00 -1.000000e+00
   outer loop
     vertex  8.000000e+01  5.000000e+01  0.000000e+00
     vertex  7.394592e+01  3.934447e+01  0.000000e+00
     vertex  7.396242e+01  3.945297e+01  0.000000e+00
   endloop
 endfacet
 facet normal  0.000000e+00  0.000000e+00 -1.000000e+00
   outer loop
     vertex  8.000000e+01  5.000000e+01  0.000000e+00
     vertex  7.335418e+01  4.217932e+01  0.000000e+00
     vertex  7.329313e+01  4.227052e+01  0.000000e+00
   endloop
 endfacet
 facet normal  0.000000e+00  0.000000e+00 -1.000000e+00
   outer loop
     vertex  8.000000e+01  5.000000e+01  0.000000e+00
     vertex  7.396242e+01  3.945297e+01  0.000000e+00
     vertex  7.397593e+01  3.956188e+01  0.000000e+00
   endloop
 endfacet
 facet normal  0.000000e+00  0.000000e+00 -1.000000e+00
   outer loop
     vertex  8.000000e+01  5.000000e+01  0.000000e+00
     vertex  7.329313e+01  4.227052e+01  0.000000e+00
     vertex  7.322960e+01  4.236001e+01  0.000000e+00
   endloop
 endfacet
 facet normal  0.000000e+00  0.000000e+00 -1.000000e+00
   outer loop
     vertex  8.000000e+01  5.000000e+01  0.000000e+00
     vertex  7.397593e+01  3.956188e+01  0.000000e+00
     vertex  7.398646e+01  3.967112e+01  0.000000e+00
   endloop
 endfacet
 facet normal  0.000000e+00  0.000000e+00 -1.000000e+00
   outer loop
     vertex  8.000000e+01  5.000000e+01  0.000000e+00
     vertex  7.322960e+01  4.236001e+01  0.000000e+00
     vertex  7.316364e+01  4.244772e+01  0.000000e+00
   endloop
 endfacet
 facet normal  0.000000e+00  0.000000e+00 -1.000000e+00
   outer loop
     vertex  8.000000e+01  5.000000e+01  0.000000e+00
     vertex  7.398646e+01  3.967112e+01  0.000000e+00
     vertex  7.399398e+01  3.978061e+01  0.000000e+00
   endloop
 endfacet
 facet normal  0.000000e+00  0.000000e+00 -1.000000e+00
   outer loop
     vertex  8.000000e+01  5.000000e+01  0.000000e+00
     vertex  7.316364e+01  4.244772e+01  0.000000e+00
     vertex  7.309530e+01  4.253359e+01  0.000000e+00
   endloop
 endfacet
 facet normal  0.000000e+00  0.000000e+00 -1.000000e+00
   outer loop
     vertex  8.000000e+01  5.000000e+01  0.000000e+00
     vertex  7.399398e+01  3.978061e+01  0.000000e+00
     vertex  7.399849e+01  3.989026e+01  0.000000e+00
   endloop
 endfacet
 facet normal  0.000000e+00  0.000000e+00 -1.000000e+00
   outer loop
     vertex  8.000000e+01  5.000000e+01  0.000000e+00
     vertex  7.309530e+01  4.253359e+01  0.000000e+00
     vertex  7.302463e+01  4.261756e+01  0.000000e+00
   endloop
 endfacet
 facet normal  0.000000e+00 -0.000000e+00 -1.000000e+00
   outer loop
     vertex  8.000000e+01  5.000000e+01  0.000000e+00
     vertex  8.000000e+01  0.000000e+00  0.000000e+00
     vertex  7.378514e+01  1.129333e+01  0.000000e+00
   endloop
 endfacet
 facet normal  0.000000e+00  0.000000e+00 -1.000000e+00
   outer loop
     vertex  8.000000e+01  5.000000e+01  0.000000e+00
     vertex  7.399849e+01  3.989026e+01  0.000000e+00
     vertex  7.400000e+01  4.000000e+01  0.000000e+00
   endloop
 endfacet
 facet normal  0.000000e+00  0.000000e+00 -1.000000e+00
   outer loop
     vertex  8.000000e+01  5.000000e+01  0.000000e+00
     vertex  7.302463e+01  4.261756e+01  0.000000e+00
     vertex  7.295168e+01  4.269955e+01  0.000000e+00
   endloop
 endfacet
 facet normal  0.000000e+00  0.000000e+00 -1.000000e+00
   outer loop
     vertex  8.000000e+01  5.000000e+01  0.000000e+00
     vertex  7.295168e+01  4.269955e+01  0.000000e+00
     vertex  7.287651e+01  4.277951e+01  0.000000e+00
   endloop
 endfacet
 facet normal  0.000000e+00  0.000000e+00 -1.000000e+00
   outer loop
     vertex  8.000000e+01  5.000000e+01  0.000000e+00
     vertex  7.287651e+01  4.277951e+01  0.000000e+00
     vertex  7.279918e+01  4.285738e+01  0.000000e+00
   endloop
 endfacet
 facet normal  0.000000e+00  0.000000e+00 -1.000000e+00
   outer loop
     vertex  8.000000e+01  5.000000e+01  0.000000e+00
     vertex  7.279918e+01  4.285738e+01  0.000000e+00
     vertex  7.271973e+01  4.293310e+01  0.000000e+00
   endloop
 endfacet
 facet normal  0.000000e+00  0.000000e+00 -1.000000e+00
   outer loop
     vertex  8.000000e+01  5.000000e+01  0.000000e+00
     vertex  7.271973e+01  4.293310e+01  0.000000e+00
     vertex  7.263824e+01  4.300661e+01  0.000000e+00
   endloop
 endfacet
 facet normal  0.000000e+00  0.000000e+00 -1.000000e+00
   outer loop
     vertex  8.000000e+01  5.000000e+01  0.000000e+00
     vertex  7.263824e+01  4.300661e+01  0.000000e+00
     vertex  7.255477e+01  4.307785e+01  0.000000e+00
   endloop
 endfacet
 facet normal  0.000000e+00  0.000000e+00 -1.000000e+00
   outer loop
     vertex  8.000000e+01  5.000000e+01  0.000000e+00
     vertex  7.255477e+01  4.307785e+01  0.000000e+00
     vertex  7.246937e+01  4.314678e+01  0.000000e+00
   endloop
 endfacet
 facet normal  0.000000e+00  0.000000e+00 -1.000000e+00
   outer loop
     vertex  8.000000e+01  5.000000e+01  0.000000e+00
     vertex  7.246937e+01  4.314678e+01  0.000000e+00
     vertex  7.238211e+01  4.321334e+01  0.000000e+00
   endloop
 endfacet
 facet normal  0.000000e+00  0.000000e+00 -1.000000e+00
   outer loop
     vertex  8.000000e+01  5.000000e+01  0.000000e+00
     vertex  7.238211e+01  4.321334e+01  0.000000e+00
     vertex  7.229306e+01  4.327748e+01  0.000000e+00
   endloop
 endfacet
 facet normal  0.000000e+00  0.000000e+00 -1.000000e+00
   outer loop
     vertex  8.000000e+01  5.000000e+01  0.000000e+00
     vertex  7.229306e+01  4.327748e+01  0.000000e+00
     vertex  7.220228e+01  4.333916e+01  0.000000e+00
   endloop
 endfacet
 facet normal  0.000000e+00  0.000000e+00 -1.000000e+00
   outer loop
     vertex  8.000000e+01  5.000000e+01  0.000000e+00
     vertex  7.220228e+01  4.333916e+01  0.000000e+00
     vertex  7.210984e+01  4.339832e+01  0.000000e+00
   endloop
 endfacet
 facet normal  0.000000e+00  0.000000e+00 -1.000000e+00
   outer loop
     vertex  8.000000e+01  5.000000e+01  0.000000e+00
     vertex  7.210984e+01  4.339832e+01  0.000000e+00
     vertex  7.201582e+01  4.345492e+01  0.000000e+00
   endloop
 endfacet
 facet normal  0.000000e+00  0.000000e+00 -1.000000e+00
   outer loop
     vertex  8.000000e+01  5.000000e+01  0.000000e+00
     vertex  7.201582e+01  4.345492e+01  0.000000e+00
     vertex  7.192028e+01  4.350892e+01  0.000000e+00
   endloop
 endfacet
 facet normal  0.000000e+00  0.000000e+00 -1.000000e+00
   outer loop
     vertex  8.000000e+01  5.000000e+01  0.000000e+00
     vertex  7.192028e+01  4.350892e+01  0.000000e+00
     vertex  7.182329e+01  4.356028e+01  0.000000e+00
   endloop
 endfacet
 facet normal  0.000000e+00  0.000000e+00 -1.000000e+00
   outer loop
     vertex  8.000000e+01  5.000000e+01  0.000000e+00
     vertex  7.182329e+01  4.356028e+01  0.000000e+00
     vertex  7.172493e+01  4.360896e+01  0.000000e+00
   endloop
 endfacet
 facet normal  0.000000e+00  0.000000e+00 -1.000000e+00
   outer loop
     vertex  8.000000e+01  5.000000e+01  0.000000e+00
     vertex  7.172493e+01  4.360896e+01  0.000000e+00
     vertex  7.162528e+01  4.365493e+01  0.000000e+00
   endloop
 endfacet
 facet normal  0.000000e+00  0.000000e+00 -1.000000e+00
   outer loop
     vertex  8.000000e+01  5.000000e+01  0.000000e+00
     vertex  7.162528e+01  4.365493e+01  0.000000e+00
     vertex  7.152439e+01  4.369814e+01  0.000000e+00
   endloop
 endfacet
 facet normal  0.000000e+00  0.000000e+00 -1.000000e+00
   outer loop
     vertex  8.000000e+01  5.000000e+01  0.000000e+00
     vertex  7.152439e+01  4.369814e+01  0.000000e+00
     vertex  7.142237e+01  4.373857e+01  0.000000e+00
   endloop
 endfacet
 facet normal  0.000000e+00  0.000000e+00 -1.000000e+00
   outer loop
     vertex  8.000000e+01  5.000000e+01  0.000000e+00
     vertex  7.142237e+01  4.373857e+01  0.000000e+00
     vertex  7.131927e+01  4.377618e+01  0.000000e+00
   endloop
 endfacet
 facet normal  0.000000e+00  0.000000e+00 -1.000000e+00
   outer loop
     vertex  8.000000e+01  5.000000e+01  0.000000e+00
     vertex  7.131927e+01  4.377618e+01  0.000000e+00
     vertex  7.121517e+01  4.381095e+01  0.000000e+00
   endloop
 endfacet
 facet normal  0.000000e+00  0.000000e+00 -1.000000e+00
   outer loop
     vertex  8.000000e+01  5.000000e+01  0.000000e+00
     vertex  7.121517e+01  4.381095e+01  0.000000e+00
     vertex  7.111017e+01  4.384285e+01  0.000000e+00
   endloop
 endfacet
 facet normal  0.000000e+00  0.000000e+00 -1.000000e+00
   outer loop
     vertex  8.000000e+01  5.000000e+01  0.000000e+00
     vertex  7.111017e+01  4.384285e+01  0.000000e+00
     vertex  7.100432e+01  4.387186e+01  0.000000e+00
   endloop
 endfacet
 facet normal  0.000000e+00  0.000000e+00 -1.000000e+00
   outer loop
     vertex  8.000000e+01  5.000000e+01  0.000000e+00
     vertex  7.100432e+01  4.387186e+01  0.000000e+00
     vertex  7.089772e+01  4.389796e+01  0.000000e+00
   endloop
 endfacet
 facet normal  0.000000e+00  0.000000e+00 -1.000000e+00
   outer loop
     vertex  8.000000e+01  5.000000e+01  0.000000e+00
     vertex  7.089772e+01  4.389796e+01  0.000000e+00
     vertex  7.079045e+01  4.392112e+01  0.000000e+00
   endloop
 endfacet
 facet normal  0.000000e+00  0.000000e+00 -1.000000e+00
   outer loop
     vertex  8.000000e+01  5.000000e+01  0.000000e+00
     vertex  7.079045e+01  4.392112e+01  0.000000e+00
     vertex  7.068258e+01  4.394133e+01  0.000000e+00
   endloop
 endfacet
 facet normal  0.000000e+00  0.000000e+00 -1.000000e+00
   outer loop
     vertex  8.000000e+01  5.000000e+01  0.000000e+00
     vertex  7.068258e+01  4.394133e+01  0.000000e+00
     vertex  7.057420e+01  4.395857e+01  0.000000e+00
   endloop
 endfacet
 facet normal  0.000000e+00  0.000000e+00 -1.000000e+00
   outer loop
     vertex  8.000000e+01  5.000000e+01  0.000000e+00
     vertex  7.057420e+01  4.395857e+01  0.000000e+00
     vertex  7.046538e+01  4.397284e+01  0.000000e+00
   endloop
 endfacet
 facet normal  0.000000e+00  0.000000e+00 -1.000000e+00
   outer loop
     vertex  8.000000e+01  5.000000e+01  0.000000e+00
     vertex  7.046538e+01  4.397284e+01  0.000000e+00
     vertex  7.035621e+01  4.398411e+01  0.000000e+00
   endloop
 endfacet
 facet normal  0.000000e+00  0.000000e+00 -1.000000e+00
   outer loop
     vertex  8.000000e+01  5.000000e+01  0.000000e+00
     vertex  7.035621e+01  4.398411e+01  0.000000e+00
     vertex  7.024678e+01  4.399238e+01  0.000000e+00
   endloop
 endfacet
 facet normal  0.000000e+00  0.000000e+00 -1.000000e+00
   outer loop
     vertex  8.000000e+01  5.000000e+01  0.000000e+00
     vertex  7.024678e+01  4.399238e+01  0.000000e+00
     vertex  7.013716e+01  4.399765e+01  0.000000e+00
   endloop
 endfacet
 facet normal  0.000000e+00  0.000000e+00 -1.000000e+00
   outer loop
     vertex  8.000000e+01  5.000000e+01  0.000000e+00
     vertex  7.013716e+01  4.399765e+01  0.000000e+00
     vertex  7.002744e+01  4.399991e+01  0.000000e+00
   endloop
 endfacet
 facet normal  0.000000e+00  0.000000e+00 -1.000000e+00
   outer loop
     vertex  8.000000e+01  5.000000e+01  0.000000e+00
     vertex  7.002744e+01  4.399991e+01  0.000000e+00
     vertex  6.991769e+01  4.399915e+01  0.000000e+00
   endloop
 endfacet
 facet normal  0.000000e+00  0.000000e+00 -1.000000e+00
   outer loop
     vertex  8.000000e+01  5.000000e+01  0.000000e+00
     vertex  6.991769e+01  4.399915e+01  0.000000e+00
     vertex  6.980801e+01  4.399539e+01  0.000000e+00
   endloop
 endfacet
 facet normal  0.000000e+00  0.000000e+00 -1.000000e+00
   outer loop
     vertex  8.000000e+01  5.000000e+01  0.000000e+00
     vertex  6.980801e+01  4.399539e+01  0.000000e+00
     vertex  6.969847e+01  4.398862e+01  0.000000e+00
   endloop
 endfacet
 facet normal  0.000000e+00  0.000000e+00 -1.000000e+00
   outer loop
     vertex  8.000000e+01  5.000000e+01  0.000000e+00
     vertex  6.969847e+01  4.398862e+01  0.000000e+00
     vertex  6.958916e+01  4.397885e+01  0.000000e+00
   endloop
 endfacet
 facet normal  0.000000e+00  0.000000e+00 -1.000000e+00
   outer loop
     vertex  8.000000e+01  5.000000e+01  0.000000e+00
     vertex  6.958916e+01  4.397885e+01  0.000000e+00
     vertex  6.948016e+01  4.396608e+01  0.000000e+00
   endloop
 endfacet
 facet normal  0.000000e+00  0.000000e+00 -1.000000e+00
   outer loop
     vertex  8.000000e+01  5.000000e+01  0.000000e+00
     vertex  6.948016e+01  4.396608e+01  0.000000e+00
     vertex  6.937155e+01  4.395032e+01  0.000000e+00
   endloop
 endfacet
 facet normal  0.000000e+00  0.000000e+00 -1.000000e+00
   outer loop
     vertex  8.000000e+01  5.000000e+01  0.000000e+00
     vertex  6.937155e+01  4.395032e+01  0.000000e+00
     vertex  6.926342e+01  4.393160e+01  0.000000e+00
   endloop
 endfacet
 facet normal  0.000000e+00  0.000000e+00 -1.000000e+00
   outer loop
     vertex  8.000000e+01  5.000000e+01  0.000000e+00
     vertex  6.926342e+01  4.393160e+01  0.000000e+00
     vertex  6.915583e+01  4.390991e+01  0.000000e+00
   endloop
 endfacet
 facet normal  0.000000e+00  0.000000e+00 -1.000000e+00
   outer loop
     vertex  8.000000e+01  5.000000e+01  0.000000e+00
     vertex  6.915583e+01  4.390991e+01  0.000000e+00
     vertex  6.904889e+01  4.388528e+01  0.000000e+00
   endloop
 endfacet
 facet normal  0.000000e+00  0.000000e+00 -1.000000e+00
   outer loop
     vertex  8.000000e+01  5.000000e+01  0.000000e+00
     vertex  6.904889e+01  4.388528e+01  0.000000e+00
     vertex  6.894266e+01  4.385772e+01  0.000000e+00
   endloop
 endfacet
 facet normal  0.000000e+00  0.000000e+00 -1.000000e+00
   outer loop
     vertex  8.000000e+01  5.000000e+01  0.000000e+00
     vertex  6.894266e+01  4.385772e+01  0.000000e+00
     vertex  6.883722e+01  4.382726e+01  0.000000e+00
   endloop
 endfacet
 facet normal  0.000000e+00  0.000000e+00 -1.000000e+00
   outer loop
     vertex  8.000000e+01  5.000000e+01  0.000000e+00
     vertex  6.883722e+01  4.382726e+01  0.000000e+00
     vertex  6.873266e+01  4.379392e+01  0.000000e+00
   endloop
 endfacet
 facet normal  0.000000e+00  0.000000e+00 -1.000000e+00
   outer loop
     vertex  8.000000e+01  5.000000e+01  0.000000e+00
     vertex  6.873266e+01  4.379392e+01  0.000000e+00
     vertex  6.862906e+01  4.375773e+01  0.000000e+00
   endloop
 endfacet
 facet normal  0.000000e+00  0.000000e+00 -1.000000e+00
   outer loop
     vertex  8.000000e+01  5.000000e+01  0.000000e+00
     vertex  7.378514e+01  1.129333e+01  0.000000e+00
     vertex  7.378514e+01  3.870667e+01  0.000000e+00
   endloop
 endfacet
 facet normal  0.000000e+00  0.000000e+00 -1.000000e+00
   outer loop
     vertex  8.000000e+01  5.000000e+01  0.000000e+00
     vertex  7.400000e+01  4.000000e+01  0.000000e+00
     vertex  7.399849e+01  4.010974e+01  0.000000e+00
   endloop
 endfacet
 facet normal  0.000000e+00  0.000000e+00 -1.000000e+00
   outer loop
     vertex  8.000000e+01  5.000000e+01  0.000000e+00
     vertex  7.399849e+01  4.010974e+01  0.000000e+00
     vertex  7.399398e+01  4.021939e+01  0.000000e+00
   endloop
 endfacet
 facet normal  0.000000e+00  0.000000e+00 -1.000000e+00
   outer loop
     vertex  8.000000e+01  5.000000e+01  0.000000e+00
     vertex  7.399398e+01  4.021939e+01  0.000000e+00
     vertex  7.398646e+01  4.032888e+01  0.000000e+00
   endloop
 endfacet
 facet normal  0.000000e+00  0.000000e+00 -1.000000e+00
   outer loop
     vertex  8.000000e+01  5.000000e+01  0.000000e+00
     vertex  7.398646e+01  4.032888e+01  0.000000e+00
     vertex  7.397593e+01  4.043812e+01  0.000000e+00
   endloop
 endfacet
 facet normal  0.000000e+00  0.000000e+00 -1.000000e+00
   outer loop
     vertex  8.000000e+01  5.000000e+01  0.000000e+00
     vertex  7.397593e+01  4.043812e+01  0.000000e+00
     vertex  7.396242e+01  4.054703e+01  0.000000e+00
   endloop
 endfacet
 facet normal  0.000000e+00  0.000000e+00 -1.000000e+00
   outer loop
     vertex  8.000000e+01  5.000000e+01  0.000000e+00
     vertex  7.396242e+01  4.054703e+01  0.000000e+00
     vertex  7.394592e+01  4.065553e+01  0.000000e+00
   endloop
 endfacet
 facet normal  0.000000e+00  0.000000e+00 -1.000000e+00
   outer loop
     vertex  8.000000e+01  5.000000e+01  0.000000e+00
     vertex  7.394592e+01  4.065553e+01  0.000000e+00
     vertex  7.392645e+01  4.076354e+01  0.000000e+00
   endloop
 endfacet
 facet normal  0.000000e+00  0.000000e+00 -1.000000e+00
   outer loop
     vertex  8.000000e+01  5.000000e+01  0.000000e+00
     vertex  7.392645e+01  4.076354e+01  0.000000e+00
     vertex  7.390403e+01  4.087097e+01  0.000000e+00
   endloop
 endfacet
 facet normal  0.000000e+00  0.000000e+00 -1.000000e+00
   outer loop
     vertex  8.000000e+01  5.000000e+01  0.000000e+00
     vertex  7.390403e+01  4.087097e+01  0.000000e+00
     vertex  7.387866e+01  4.097774e+01  0.000000e+00
   endloop
 endfacet
 facet normal  0.000000e+00  0.000000e+00 -1.000000e+00
   outer loop
     vertex  8.000000e+01  5.000000e+01  0.000000e+00
     vertex  7.387866e+01  4.097774e+01  0.000000e+00
     vertex  7.385038e+01  4.108378e+01  0.000000e+00
   endloop
 endfacet
 facet normal  0.000000e+00  0.000000e+00 -1.000000e+00
   outer loop
     vertex  8.000000e+01  5.000000e+01  0.000000e+00
     vertex  7.385038e+01  4.108378e+01  0.000000e+00
     vertex  7.381920e+01  4.118900e+01  0.000000e+00
   endloop
 endfacet
 facet normal  0.000000e+00  0.000000e+00 -1.000000e+00
   outer loop
     vertex  8.000000e+01  5.000000e+01  0.000000e+00
     vertex  7.381920e+01  4.118900e+01  0.000000e+00
     vertex  7.378514e+01  4.129333e+01  0.000000e+00
   endloop
 endfacet
 facet normal  0.000000e+00  0.000000e+00 -1.000000e+00
   outer loop
     vertex  8.000000e+01  5.000000e+01  0.000000e+00
     vertex  7.378514e+01  4.129333e+01  0.000000e+00
     vertex  7.374823e+01  4.139669e+01  0.000000e+00
   endloop
 endfacet
 facet normal  0.000000e+00  0.000000e+00 -1.000000e+00
   outer loop
     vertex  8.000000e+01  5.000000e+01  0.000000e+00
     vertex  7.374823e+01  4.139669e+01  0.000000e+00
     vertex  7.370851e+01  4.149899e+01  0.000000e+00
   endloop
 endfacet
 facet normal  0.000000e+00  0.000000e+00 -1.000000e+00
   outer loop
     vertex  8.000000e+01  5.000000e+01  0.000000e+00
     vertex  7.370851e+01  4.149899e+01  0.000000e+00
     vertex  7.366599e+01  4.160017e+01  0.000000e+00
   endloop
 endfacet
 facet normal -0.000000e+00  0.000000e+00 -1.000000e+00
   outer loop
     vertex  8.000000e+01  5.000000e+01  0.000000e+00
     vertex  6.862906e+01  4.375773e+01  0.000000e+00
     vertex  0.000000e+00  5.000000e+01  0.000000e+00
   endloop
 endfacet
 facet normal -0.000000e+00  0.000000e+00 -1.000000e+00
   outer loop
     vertex  6.862906e+01  4.375773e+01  0.000000e+00
     vertex  6.852648e+01  4.371870e+01  0.000000e+00
     vertex  0.000000e+00  5.000000e+01  0.000000e+00
   endloop
 endfacet
 facet normal -0.000000e+00  0.000000e+00 -1.000000e+00
   outer loop
     vertex  6.852648e+01  4.371870e+01  0.000000e+00
     vertex  6.842502e+01  4.367688e+01  0.000000e+00
     vertex  0.000000e+00  5.000000e+01  0.000000e+00
   endloop
 endfacet
 facet normal -0.000000e+00  0.000000e+00 -1.000000e+00
   outer loop
     vertex  6.842502e+01  4.367688e+01  0.000000e+00
     vertex  6.832474e+01  4.363229e+01  0.000000e+00
     vertex  0.000000e+00  5.000000e+01  0.000000e+00
   endloop
 endfacet
 facet normal -0.000000e+00  0.000000e+00 -1.000000e+00
   outer loop
     vertex  6.832474e+01  4.363229e+01  0.000000e+00
     vertex  6.822572e+01  4.358496e+01  0.000000e+00
     vertex  0.000000e+00  5.000000e+01  0.000000e+00
   endloop
 endfacet
 facet normal -0.000000e+00  0.000000e+00 -1.000000e+00
   outer loop
     vertex  6.822572e+01  4.358496e+01  0.000000e+00
     vertex  6.812804e+01  4.353493e+01  0.000000e+00
     vertex  0.000000e+00  5.000000e+01  0.000000e+00
   endloop
 endfacet
 facet normal -0.000000e+00  0.000000e+00 -1.000000e+00
   outer loop
     vertex  6.812804e+01  4.353493e+01  0.000000e+00
     vertex  6.803177e+01  4.348225e+01  0.000000e+00
     vertex  0.000000e+00  5.000000e+01  0.000000e+00
   endloop
 endfacet
 facet normal -0.000000e+00  0.000000e+00 -1.000000e+00
   outer loop
     vertex  6.803177e+01  4.348225e+01  0.000000e+00
     vertex  6.793697e+01  4.342694e+01  0.000000e+00
     vertex  0.000000e+00  5.000000e+01  0.000000e+00
   endloop
 endfacet
 facet normal -0.000000e+00  0.000000e+00 -1.000000e+00
   outer loop
     vertex  6.793697e+01  4.342694e+01  0.000000e+00
     vertex  6.784374e+01  4.336905e+01  0.000000e+00
     vertex  0.000000e+00  5.000000e+01  0.000000e+00
   endloop
 endfacet
 facet normal -0.000000e+00  0.000000e+00 -1.000000e+00
   outer loop
     vertex  6.784374e+01  4.336905e+01  0.000000e+00
     vertex  6.775212e+01  4.330863e+01  0.000000e+00
     vertex  0.000000e+00  5.000000e+01  0.000000e+00
   endloop
 endfacet
 facet normal -0.000000e+00  0.000000e+00 -1.000000e+00
   outer loop
     vertex  6.775212e+01  4.330863e+01  0.000000e+00
     vertex  6.766220e+01  4.324572e+01  0.000000e+00
     vertex  0.000000e+00  5.000000e+01  0.000000e+00
   endloop
 endfacet
 facet normal  0.000000e+00  0.000000e+00 -1.000000e+00
   outer loop
     vertex  6.766220e+01  4.324572e+01  0.000000e+00
     vertex  1.142237e+01  4.373857e+01  0.000000e+00
     vertex  0.000000e+00  5.000000e+01  0.000000e+00
   endloop
 endfacet
 facet normal  0.000000e+00  0.000000e+00 -1.000000e+00
   outer loop
     vertex  6.766220e+01  4.324572e+01  0.000000e+00
     vertex  1.152439e+01  4.369814e+01  0.000000e+00
     vertex  1.142237e+01  4.373857e+01  0.000000e+00
   endloop
 endfacet
 facet normal  0.000000e+00  0.000000e+00 -1.000000e+00
   outer loop
     vertex  6.766220e+01  4.324572e+01  0.000000e+00
     vertex  1.162528e+01  4.365493e+01  0.000000e+00
     vertex  1.152439e+01  4.369814e+01  0.000000e+00
   endloop
 endfacet
 facet normal  0.000000e+00  0.000000e+00 -1.000000e+00
   outer loop
     vertex  6.766220e+01  4.324572e+01  0.000000e+00
     vertex  1.172493e+01  4.360896e+01  0.000000e+00
     vertex  1.162528e+01  4.365493e+01  0.000000e+00
   endloop
 endfacet
 facet normal  0.000000e+00  0.000000e+00 -1.000000e+00
   outer loop
     vertex  6.766220e+01  4.324572e+01  0.000000e+00
     vertex  1.182329e+01  4.356028e+01  0.000000e+00
     vertex  1.172493e+01  4.360896e+01  0.000000e+00
   endloop
 endfacet
 facet normal  0.000000e+00  0.000000e+00 -1.000000e+00
   outer loop
     vertex  6.766220e+01  4.324572e+01  0.000000e+00
     vertex  1.192028e+01  4.350892e+01  0.000000e+00
     vertex  1.182329e+01  4.356028e+01  0.000000e+00
   endloop
 endfacet
 facet normal  0.000000e+00  0.000000e+00 -1.000000e+00
   outer loop
     vertex  6.766220e+01  4.324572e+01  0.000000e+00
     vertex  1.201582e+01  4.345492e+01  0.000000e+00
     vertex  1.192028e+01  4.350892e+01  0.000000e+00
   endloop
 endfacet
 facet normal  0.000000e+00  0.000000e+00 -1.000000e+00
   outer loop
     vertex  6.766220e+01  4.324572e+01  0.000000e+00
     vertex  1.210984e+01  4.339832e+01  0.000000e+00
     vertex  1.201582e+01  4.345492e+01  0.000000e+00
   endloop
 endfacet
 facet normal  0.000000e+00  0.000000e+00 -1.000000e+00
   outer loop
     vertex  6.766220e+01  4.324572e+01  0.000000e+00
     vertex  1.220228e+01  4.333916e+01  0.000000e+00
     vertex  1.210984e+01  4.339832e+01  0.000000e+00
   endloop
 endfacet
 facet normal  0.000000e+00  0.000000e+00 -1.000000e+00
   outer loop
     vertex  6.766220e+01  4.324572e+01  0.000000e+00
     vertex  1.229306e+01  4.327748e+01  0.000000e+00
     vertex  1.220228e+01  4.333916e+01  0.000000e+00
   endloop
 endfacet
 facet normal  0.000000e+00  0.000000e+00  1.000000e+00
   outer loop
     vertex  7.240286e+00  7.104490e+00  8.000000e+00
     vertex  7.161889e+00  7.181290e+00  8.000000e+00
     vertex  0.000000e+00  0.000000e+00  8.000000e+00
   endloop
 endfacet
 facet normal  0.000000e+00  0.000000e+00  1.000000e+00
   outer loop
     vertex  7.085629e+00  7.260212e+00  8.000000e+00
     vertex  0.000000e+00  0.000000e+00  8.000000e+00
     vertex  7.161889e+00  7.181290e+00  8.000000e+00
   endloop
 endfacet
 facet normal  0.000000e+00  0.000000e+00  1.000000e+00
   outer loop
     vertex  7.320760e+00  7.029870e+00  8.000000e+00
     vertex  7.240286e+00  7.104490e+00  8.000000e+00
     vertex  0.000000e+00  0.000000e+00  8.000000e+00
   endloop
 endfacet
 facet normal  0.000000e+00  0.000000e+00  1.000000e+00
   outer loop
     vertex  7.011562e+00  7.341196e+00  8.000000e+00
     vertex  0.000000e+00  0.000000e+00  8.000000e+00
     vertex  7.085629e+00  7.260212e+00  8.000000e+00
   endloop
 endfacet
 facet normal  0.000000e+00  0.000000e+00  1.000000e+00
   outer loop
     vertex  7.403251e+00  6.957485e+00  8.000000e+00
     vertex  7.320760e+00  7.029870e+00  8.000000e+00
     vertex  0.000000e+00  0.000000e+00  8.000000e+00
   endloop
 endfacet
 facet normal  0.000000e+00  0.000000e+00  1.000000e+00
   outer loop
     vertex  6.939745e+00  7.424182e+00  8.000000e+00
     vertex  0.000000e+00  0.000000e+00  8.000000e+00
     vertex  7.011562e+00  7.341196e+00  8.000000e+00
   endloop
 endfacet
 facet normal  0.000000e+00  0.000000e+00  1.000000e+00
   outer loop
     vertex  7.487697e+00  6.887391e+00  8.000000e+00
     vertex  7.403251e+00  6.957485e+00  8.000000e+00
     vertex  0.000000e+00  0.000000e+00  8.000000e+00
   endloop
 endfacet
 facet normal  0.000000e+00  0.000000e+00  1.000000e+00
   outer loop
     vertex  6.870232e+00  7.509106e+00  8.000000e+00
     vertex  0.000000e+00  0.000000e+00  8.000000e+00
     vertex  6.939745e+00  7.424182e+00  8.000000e+00
   endloop
 endfacet
 facet normal  0.000000e+00  0.000000e+00  1.000000e+00
   outer loop
     vertex  7.574034e+00  6.819640e+00  8.000000e+00
     vertex  7.487697e+00  6.887391e+00  8.000000e+00
     vertex  0.000000e+00  0.000000e+00  8.000000e+00
   endloop
 endfacet
 facet normal  0.000000e+00  0.000000e+00  1.000000e+00
   outer loop
     vertex  6.803074e+00  7.595906e+00  8.000000e+00
     vertex  0.000000e+00  0.000000e+00  8.000000e+00
     vertex  6.870232e+00  7.509106e+00  8.000000e+00
   endloop
 endfacet
 facet normal  0.000000e+00  0.000000e+00  1.000000e+00
   outer loop
     vertex  7.662197e+00  6.754283e+00  8.000000e+00
     vertex  7.574034e+00  6.819640e+00  8.000000e+00
     vertex  0.000000e+00  0.000000e+00  8.000000e+00
   endloop
 endfacet
 facet normal  0.000000e+00  0.000000e+00  1.000000e+00
   outer loop
     vertex  6.738324e+00  7.684516e+00  8.000000e+00
     vertex  0.000000e+00  0.000000e+00  8.000000e+00
     vertex  6.803074e+00  7.595906e+00  8.000000e+00
   endloop
 endfacet
 facet normal  0.000000e+00  0.000000e+00  1.000000e+00
   outer loop
     vertex  7.752120e+00  6.691369e+00  8.000000e+00
     vertex  7.662197e+00  6.754283e+00  8.000000e+00
     vertex  0.000000e+00  0.000000e+00  8.000000e+00
   endloop
 endfacet
 facet normal  0.000000e+00  0.000000e+00  1.000000e+00
   outer loop
     vertex  6.676028e+00  7.774868e+00  8.000000e+00
     vertex  0.000000e+00  0.000000e+00  8.000000e+00
     vertex  6.738324e+00  7.684516e+00  8.000000e+00
   endloop
 endfacet
 facet normal  0.000000e+00  0.000000e+00  1.000000e+00
   outer loop
     vertex  7.843736e+00  6.630946e+00  8.000000e+00
     vertex  7.752120e+00  6.691369e+00  8.000000e+00
     vertex  0.000000e+00  0.000000e+00  8.000000e+00
   endloop
 endfacet
 facet normal  0.000000e+00  0.000000e+00  1.000000e+00
   outer loop
     vertex  6.616235e+00  7.866896e+00  8.000000e+00
     vertex  0.000000e+00  0.000000e+00  8.000000e+00
     vertex  6.676028e+00  7.774868e+00  8.000000e+00
   endloop
 endfacet
 facet normal  0.000000e+00  0.000000e+00  1.000000e+00
   outer loop
     vertex  7.936974e+00  6.573059e+00  8.000000e+00
     vertex  7.843736e+00  6.630946e+00  8.000000e+00
     vertex  0.000000e+00  0.000000e+00  8.000000e+00
   endloop
 endfacet
 facet normal  0.000000e+00  0.000000e+00  1.000000e+00
   outer loop
     vertex  6.558989e+00  7.960529e+00  8.000000e+00
     vertex  0.000000e+00  0.000000e+00  8.000000e+00
     vertex  6.616235e+00  7.866896e+00  8.000000e+00
   endloop
 endfacet
 facet normal  0.000000e+00  0.000000e+00  1.000000e+00
   outer loop
     vertex  8.031765e+00  6.517752e+00  8.000000e+00
     vertex  7.936974e+00  6.573059e+00  8.000000e+00
     vertex  0.000000e+00  0.000000e+00  8.000000e+00
   endloop
 endfacet
 facet normal  0.000000e+00  0.000000e+00  1.000000e+00
   outer loop
     vertex  6.504333e+00  8.055697e+00  8.000000e+00
     vertex  0.000000e+00  0.000000e+00  8.000000e+00
     vertex  6.558989e+00  7.960529e+00  8.000000e+00
   endloop
 endfacet
 facet normal  0.000000e+00  0.000000e+00  1.000000e+00
   outer loop
     vertex  8.128038e+00  6.465066e+00  8.000000e+00
     vertex  8.031765e+00  6.517752e+00  8.000000e+00
     vertex  0.000000e+00  0.000000e+00  8.000000e+00
   endloop
 endfacet
 facet normal  0.000000e+00  0.000000e+00  1.000000e+00
   outer loop
     vertex  6.452309e+00  8.152330e+00  8.000000e+00
     vertex  0.000000e+00  0.000000e+00  8.000000e+00
     vertex  6.504333e+00  8.055697e+00  8.000000e+00
   endloop
 endfacet
 facet normal  0.000000e+00  0.000000e+00  1.000000e+00
   outer loop
     vertex  8.225720e+00  6.415041e+00  8.000000e+00
     vertex  8.128038e+00  6.465066e+00  8.000000e+00
     vertex  0.000000e+00  0.000000e+00  8.000000e+00
   endloop
 endfacet
 facet normal  0.000000e+00  0.000000e+00  1.000000e+00
   outer loop
     vertex  6.402955e+00  8.250353e+00  8.000000e+00
     vertex  0.000000e+00  0.000000e+00  8.000000e+00
     vertex  6.452309e+00  8.152330e+00  8.000000e+00
   endloop
 endfacet
 facet normal  0.000000e+00  0.000000e+00  1.000000e+00
   outer loop
     vertex  8.324738e+00  6.367715e+00  8.000000e+00
     vertex  8.225720e+00  6.415041e+00  8.000000e+00
     vertex  0.000000e+00  0.000000e+00  8.000000e+00
   endloop
 endfacet
 facet normal  0.000000e+00  0.000000e+00  1.000000e+00
   outer loop
     vertex  6.356309e+00  8.349693e+00  8.000000e+00
     vertex  0.000000e+00  0.000000e+00  8.000000e+00
     vertex  6.402955e+00  8.250353e+00  8.000000e+00
   endloop
 endfacet
 facet normal  0.000000e+00  0.000000e+00  1.000000e+00
   outer loop
     vertex  8.425017e+00  6.323122e+00  8.000000e+00
     vertex  8.324738e+00  6.367715e+00  8.000000e+00
     vertex  0.000000e+00  0.000000e+00  8.000000e+00
   endloop
 endfacet
 facet normal  0.000000e+00  0.000000e+00  1.000000e+00
   outer loop
     vertex  6.312406e+00  8.450275e+00  8.000000e+00
     vertex  0.000000e+00  0.000000e+00  8.000000e+00
     vertex  6.356309e+00  8.349693e+00  8.000000e+00
   endloop
 endfacet
 facet normal  0.000000e+00  0.000000e+00  1.000000e+00
   outer loop
     vertex  8.526481e+00  6.281298e+00  8.000000e+00
     vertex  8.425017e+00  6.323122e+00  8.000000e+00
     vertex  0.000000e+00  0.000000e+00  8.000000e+00
   endloop
 endfacet
 facet normal  0.000000e+00  0.000000e+00  1.000000e+00
   outer loop
     vertex  6.271278e+00  8.552024e+00  8.000000e+00
     vertex  0.000000e+00  0.000000e+00  8.000000e+00
     vertex  6.312406e+00  8.450275e+00  8.000000e+00
   endloop
 endfacet
 facet normal  0.000000e+00  0.000000e+00  1.000000e+00
   outer loop
     vertex  8.629055e+00  6.242273e+00  8.000000e+00
     vertex  8.526481e+00  6.281298e+00  8.000000e+00
     vertex  0.000000e+00  0.000000e+00  8.000000e+00
   endloop
 endfacet
 facet normal  0.000000e+00  0.000000e+00  1.000000e+00
   outer loop
     vertex  6.232958e+00  8.654863e+00  8.000000e+00
     vertex  0.000000e+00  0.000000e+00  8.000000e+00
     vertex  6.271278e+00  8.552024e+00  8.000000e+00
   endloop
 endfacet
 facet normal  0.000000e+00  0.000000e+00  1.000000e+00
   outer loop
     vertex  8.732661e+00  6.206077e+00  8.000000e+00
     vertex  8.629055e+00  6.242273e+00  8.000000e+00
     vertex  0.000000e+00  0.000000e+00  8.000000e+00
   endloop
 endfacet
 facet normal  0.000000e+00  0.000000e+00  1.000000e+00
   outer loop
     vertex  6.197473e+00  8.758714e+00  8.000000e+00
     vertex  0.000000e+00  0.000000e+00  8.000000e+00
     vertex  6.232958e+00  8.654863e+00  8.000000e+00
   endloop
 endfacet
 facet normal  0.000000e+00  0.000000e+00  1.000000e+00
   outer loop
     vertex  8.837220e+00  6.172737e+00  8.000000e+00
     vertex  8.732661e+00  6.206077e+00  8.000000e+00
     vertex  0.000000e+00  0.000000e+00  8.000000e+00
   endloop
 endfacet
 facet normal  0.000000e+00  0.000000e+00  1.000000e+00
   outer loop
     vertex  6.164851e+00  8.863500e+00  8.000000e+00
     vertex  0.000000e+00  0.000000e+00  8.000000e+00
     vertex  6.197473e+00  8.758714e+00  8.000000e+00
   endloop
 endfacet
 facet normal  0.000000e+00  0.000000e+00  1.000000e+00
   outer loop
     vertex  8.942655e+00  6.142278e+00  8.000000e+00
     vertex  8.837220e+00  6.172737e+00  8.000000e+00
     vertex  0.000000e+00  0.000000e+00  8.000000e+00
   endloop
 endfacet
 facet normal  0.000000e+00  0.000000e+00  1.000000e+00
   outer loop
     vertex  6.135116e+00  8.969142e+00  8.000000e+00
     vertex  0.000000e+00  0.000000e+00  8.000000e+00
     vertex  6.164851e+00  8.863500e+00  8.000000e+00
   endloop
 endfacet
 facet normal  0.000000e+00  0.000000e+00  1.000000e+00
   outer loop
     vertex  9.048886e+00  6.114722e+00  8.000000e+00
     vertex  8.942655e+00  6.142278e+00  8.000000e+00
     vertex  0.000000e+00  0.000000e+00  8.000000e+00
   endloop
 endfacet
 facet normal  0.000000e+00  0.000000e+00  1.000000e+00
   outer loop
     vertex  6.108290e+00  9.075559e+00  8.000000e+00
     vertex  0.000000e+00  0.000000e+00  8.000000e+00
     vertex  6.135116e+00  8.969142e+00  8.000000e+00
   endloop
 endfacet
 facet normal  0.000000e+00  0.000000e+00  1.000000e+00
   outer loop
     vertex  9.155833e+00  6.090092e+00  8.000000e+00
     vertex  9.048886e+00  6.114722e+00  8.000000e+00
     vertex  0.000000e+00  0.000000e+00  8.000000e+00
   endloop
 endfacet
 facet normal  0.000000e+00  0.000000e+00  1.000000e+00
   outer loop
     vertex  6.084393e+00  9.182672e+00  8.000000e+00
     vertex  0.000000e+00  0.000000e+00  8.000000e+00
     vertex  6.108290e+00  9.075559e+00  8.000000e+00
   endloop
 endfacet
 facet normal  0.000000e+00  0.000000e+00  1.000000e+00
   outer loop
     vertex  9.263415e+00  6.068404e+00  8.000000e+00
     vertex  9.155833e+00  6.090092e+00  8.000000e+00
     vertex  0.000000e+00  0.000000e+00  8.000000e+00
   endloop
 endfacet
 facet normal  0.000000e+00  0.000000e+00  1.000000e+00
   outer loop
     vertex  6.063445e+00  9.290401e+00  8.000000e+00
     vertex  0.000000e+00  0.000000e+00  8.000000e+00
     vertex  6.084393e+00  9.182672e+00  8.000000e+00
   endloop
 endfacet
 facet normal  0.000000e+00  0.000000e+00  1.000000e+00
   outer loop
     vertex  9.371552e+00  6.049677e+00  8.000000e+00
     vertex  9.263415e+00  6.068404e+00  8.000000e+00
     vertex  0.000000e+00  0.000000e+00  8.000000e+00
   endloop
 endfacet
 facet normal  0.000000e+00  0.000000e+00  1.000000e+00
   outer loop
     vertex  6.045459e+00  9.398664e+00  8.000000e+00
     vertex  0.000000e+00  0.000000e+00  8.000000e+00
     vertex  6.063445e+00  9.290401e+00  8.000000e+00
   endloop
 endfacet
 facet normal  0.000000e+00  0.000000e+00  1.000000e+00
   outer loop
     vertex  9.480162e+00  6.033923e+00  8.000000e+00
     vertex  9.371552e+00  6.049677e+00  8.000000e+00
     vertex  0.000000e+00  0.000000e+00  8.000000e+00
   endloop
 endfacet
 facet normal  0.000000e+00  0.000000e+00  1.000000e+00
   outer loop
     vertex  6.030450e+00  9.507379e+00  8.000000e+00
     vertex  0.000000e+00  0.000000e+00  8.000000e+00
     vertex  6.045459e+00  9.398664e+00  8.000000e+00
   endloop
 endfacet
 facet normal  0.000000e+00  0.000000e+00  1.000000e+00
   outer loop
     vertex  9.589163e+00  6.021154e+00  8.000000e+00
     vertex  9.480162e+00  6.033923e+00  8.000000e+00
     vertex  0.000000e+00  0.000000e+00  8.000000e+00
   endloop
 endfacet
 facet normal  0.000000e+00  0.000000e+00  1.000000e+00
   outer loop
     vertex  6.018430e+00  9.616465e+00  8.000000e+00
     vertex  0.000000e+00  0.000000e+00  8.000000e+00
     vertex  6.030450e+00  9.507379e+00  8.000000e+00
   endloop
 endfacet
 facet normal  0.000000e+00  0.000000e+00  1.000000e+00
   outer loop
     vertex  9.698474e+00  6.011381e+00  8.000000e+00
     vertex  9.589163e+00  6.021154e+00  8.000000e+00
     vertex  0.000000e+00  0.000000e+00  8.000000e+00
   endloop
 endfacet
 facet normal  0.000000e+00  0.000000e+00  1.000000e+00
   outer loop
     vertex  6.009407e+00  9.725840e+00  8.000000e+00
     vertex  0.000000e+00  0.000000e+00  8.000000e+00
     vertex  6.018430e+00  9.616465e+00  8.000000e+00
   endloop
 endfacet
 facet normal  0.000000e+00  0.000000e+00  1.000000e+00
   outer loop
     vertex  9.808011e+00  6.004610e+00  8.000000e+00
     vertex  9.698474e+00  6.011381e+00  8.000000e+00
     vertex  0.000000e+00  0.000000e+00  8.000000e+00
   endloop
 endfacet
 facet normal  0.000000e+00  0.000000e+00  1.000000e+00
   outer loop
     vertex  6.003387e+00  9.835422e+00  8.000000e+00
     vertex  0.000000e+00  0.000000e+00  8.000000e+00
     vertex  6.009407e+00  9.725840e+00  8.000000e+00
   endloop
 endfacet
 facet normal  0.000000e+00  0.000000e+00  1.000000e+00
   outer loop
     vertex  9.917693e+00  6.000847e+00  8.000000e+00
     vertex  9.808011e+00  6.004610e+00  8.000000e+00
     vertex  0.000000e+00  0.000000e+00  8.000000e+00
   endloop
 endfacet
 facet normal  0.000000e+00  0.000000e+00  1.000000e+00
   outer loop
     vertex  6.000376e+00  9.945127e+00  8.000000e+00
     vertex  0.000000e+00  0.000000e+00  8.000000e+00
     vertex  6.003387e+00  9.835422e+00  8.000000e+00
   endloop
 endfacet
 facet normal  0.000000e+00  0.000000e+00  1.000000e+00
   outer loop
     vertex  1.002744e+01  6.000094e+00  8.000000e+00
     vertex  9.917693e+00  6.000847e+00  8.000000e+00
     vertex  0.000000e+00  0.000000e+00  8.000000e+00
   endloop
 endfacet
 facet normal  0.000000e+00  0.000000e+00  1.000000e+00
   outer loop
     vertex  6.000376e+00  1.005487e+01  8.000000e+00
     vertex  0.000000e+00  0.000000e+00  8.000000e+00
     vertex  6.000376e+00  9.945127e+00  8.000000e+00
   endloop
 endfacet
 facet normal  0.000000e+00  0.000000e+00  1.000000e+00
   outer loop
     vertex  1.013716e+01  6.002352e+00  8.000000e+00
     vertex  1.002744e+01  6.000094e+00  8.000000e+00
     vertex  0.000000e+00  0.000000e+00  8.000000e+00
   endloop
 endfacet
 facet normal  0.000000e+00  0.000000e+00  1.000000e+00
   outer loop
     vertex  6.003387e+00  1.016458e+01  8.000000e+00
     vertex  0.000000e+00  0.000000e+00  8.000000e+00
     vertex  6.000376e+00  1.005487e+01  8.000000e+00
   endloop
 endfacet
 facet normal  0.000000e+00  0.000000e+00  1.000000e+00
   outer loop
     vertex  1.024678e+01  6.007620e+00  8.000000e+00
     vertex  1.013716e+01  6.002352e+00  8.000000e+00
     vertex  0.000000e+00  0.000000e+00  8.000000e+00
   endloop
 endfacet
 facet normal  0.000000e+00  0.000000e+00  1.000000e+00
   outer loop
     vertex  6.009407e+00  1.027416e+01  8.000000e+00
     vertex  0.000000e+00  0.000000e+00  8.000000e+00
     vertex  6.003387e+00  1.016458e+01  8.000000e+00
   endloop
 endfacet
 facet normal  0.000000e+00  0.000000e+00  1.000000e+00
   outer loop
     vertex  1.035621e+01  6.015893e+00  8.000000e+00
     vertex  1.024678e+01  6.007620e+00  8.000000e+00
     vertex  0.000000e+00  0.000000e+00  8.000000e+00
   endloop
 endfacet
 facet normal  0.000000e+00  0.000000e+00  1.000000e+00
   outer loop
     vertex  6.018430e+00  1.038353e+01  8.000000e+00
     vertex  0.000000e+00  0.000000e+00  8.000000e+00
     vertex  6.009407e+00  1.027416e+01  8.000000e+00
   endloop
 endfacet
 facet normal  0.000000e+00  0.000000e+00  1.000000e+00
   outer loop
     vertex  1.046538e+01  6.027165e+00  8.000000e+00
     vertex  1.035621e+01  6.015893e+00  8.000000e+00
     vertex  0.000000e+00  0.000000e+00  8.000000e+00
   endloop
 endfacet
 facet normal  0.000000e+00  0.000000e+00  1.000000e+00
   outer loop
     vertex  6.030450e+00  1.049262e+01  8.000000e+00
     vertex  0.000000e+00  0.000000e+00  8.000000e+00
     vertex  6.018430e+00  1.038353e+01  8.000000e+00
   endloop
 endfacet
 facet normal  0.000000e+00  0.000000e+00  1.000000e+00
   outer loop
     vertex  1.057420e+01  6.041427e+00  8.000000e+00
     vertex  1.046538e+01  6.027165e+00  8.000000e+00
     vertex  0.000000e+00  0.000000e+00  8.000000e+00
   endloop
 endfacet
 facet normal  0.000000e+00  0.000000e+00  1.000000e+00
   outer loop
     vertex  6.045459e+00  1.060134e+01  8.000000e+00
     vertex  0.000000e+00  0.000000e+00  8.000000e+00
     vertex  6.030450e+00  1.049262e+01  8.000000e+00
   endloop
 endfacet
 facet normal  0.000000e+00  0.000000e+00  1.000000e+00
   outer loop
     vertex  1.068258e+01  6.058670e+00  8.000000e+00
     vertex  1.057420e+01  6.041427e+00  8.000000e+00
     vertex  0.000000e+00  0.000000e+00  8.000000e+00
   endloop
 endfacet
 facet normal  0.000000e+00  0.000000e+00  1.000000e+00
   outer loop
     vertex  6.063445e+00  1.070960e+01  8.000000e+00
     vertex  0.000000e+00  0.000000e+00  8.000000e+00
     vertex  6.045459e+00  1.060134e+01  8.000000e+00
   endloop
 endfacet
 facet normal  0.000000e+00  0.000000e+00  1.000000e+00
   outer loop
     vertex  1.079045e+01  6.078879e+00  8.000000e+00
     vertex  1.068258e+01  6.058670e+00  8.000000e+00
     vertex  0.000000e+00  0.000000e+00  8.000000e+00
   endloop
 endfacet
 facet normal  0.000000e+00  0.000000e+00  1.000000e+00
   outer loop
     vertex  6.084393e+00  1.081733e+01  8.000000e+00
     vertex  0.000000e+00  0.000000e+00  8.000000e+00
     vertex  6.063445e+00  1.070960e+01  8.000000e+00
   endloop
 endfacet
 facet normal  0.000000e+00  0.000000e+00  1.000000e+00
   outer loop
     vertex  1.089772e+01  6.102040e+00  8.000000e+00
     vertex  1.079045e+01  6.078879e+00  8.000000e+00
     vertex  0.000000e+00  0.000000e+00  8.000000e+00
   endloop
 endfacet
 facet normal  0.000000e+00  0.000000e+00  1.000000e+00
   outer loop
     vertex  6.108290e+00  1.092444e+01  8.000000e+00
     vertex  0.000000e+00  0.000000e+00  8.000000e+00
     vertex  6.084393e+00  1.081733e+01  8.000000e+00
   endloop
 endfacet
 facet normal  0.000000e+00  0.000000e+00  1.000000e+00
   outer loop
     vertex  1.100432e+01  6.128136e+00  8.000000e+00
     vertex  1.089772e+01  6.102040e+00  8.000000e+00
     vertex  0.000000e+00  0.000000e+00  8.000000e+00
   endloop
 endfacet
 facet normal  0.000000e+00  0.000000e+00  1.000000e+00
   outer loop
     vertex  6.135116e+00  1.103086e+01  8.000000e+00
     vertex  0.000000e+00  0.000000e+00  8.000000e+00
     vertex  6.108290e+00  1.092444e+01  8.000000e+00
   endloop
 endfacet
 facet normal  0.000000e+00  0.000000e+00  1.000000e+00
   outer loop
     vertex  1.111017e+01  6.157146e+00  8.000000e+00
     vertex  1.100432e+01  6.128136e+00  8.000000e+00
     vertex  0.000000e+00  0.000000e+00  8.000000e+00
   endloop
 endfacet
 facet normal  0.000000e+00  0.000000e+00  1.000000e+00
   outer loop
     vertex  6.164851e+00  1.113650e+01  8.000000e+00
     vertex  0.000000e+00  0.000000e+00  8.000000e+00
     vertex  6.135116e+00  1.103086e+01  8.000000e+00
   endloop
 endfacet
 facet normal  0.000000e+00  0.000000e+00  1.000000e+00
   outer loop
     vertex  1.121517e+01  6.189048e+00  8.000000e+00
     vertex  1.111017e+01  6.157146e+00  8.000000e+00
     vertex  0.000000e+00  0.000000e+00  8.000000e+00
   endloop
 endfacet
 facet normal  0.000000e+00  0.000000e+00  1.000000e+00
   outer loop
     vertex  6.197473e+00  1.124129e+01  8.000000e+00
     vertex  0.000000e+00  0.000000e+00  8.000000e+00
     vertex  6.164851e+00  1.113650e+01  8.000000e+00
   endloop
 endfacet
 facet normal  0.000000e+00  0.000000e+00  1.000000e+00
   outer loop
     vertex  1.131927e+01  6.223820e+00  8.000000e+00
     vertex  1.121517e+01  6.189048e+00  8.000000e+00
     vertex  0.000000e+00  0.000000e+00  8.000000e+00
   endloop
 endfacet
 facet normal  0.000000e+00  0.000000e+00  1.000000e+00
   outer loop
     vertex  6.232958e+00  1.134514e+01  8.000000e+00
     vertex  0.000000e+00  0.000000e+00  8.000000e+00
     vertex  6.197473e+00  1.124129e+01  8.000000e+00
   endloop
 endfacet
 facet normal  0.000000e+00  0.000000e+00  1.000000e+00
   outer loop
     vertex  1.142237e+01  6.261434e+00  8.000000e+00
     vertex  1.131927e+01  6.223820e+00  8.000000e+00
     vertex  0.000000e+00  0.000000e+00  8.000000e+00
   endloop
 endfacet
 facet normal  0.000000e+00  0.000000e+00  1.000000e+00
   outer loop
     vertex  1.152439e+01  6.301862e+00  8.000000e+00
     vertex  1.142237e+01  6.261434e+00  8.000000e+00
     vertex  0.000000e+00  0.000000e+00  8.000000e+00
   endloop
 endfacet
 facet normal  0.000000e+00  0.000000e+00  1.000000e+00
   outer loop
     vertex  1.162528e+01  6.345075e+00  8.000000e+00
     vertex  1.152439e+01  6.301862e+00  8.000000e+00
     vertex  0.000000e+00  0.000000e+00  8.000000e+00
   endloop
 endfacet
 facet normal  0.000000e+00  0.000000e+00  1.000000e+00
   outer loop
     vertex  7.240286e+00  3.710449e+01  8.000000e+00
     vertex  7.161889e+00  1.281871e+01  8.000000e+00
     vertex  7.240286e+00  1.289551e+01  8.000000e+00
   endloop
 endfacet
 facet normal  0.000000e+00  0.000000e+00  1.000000e+00
   outer loop
     vertex  7.240286e+00  3.710449e+01  8.000000e+00
     vertex  7.240286e+00  1.289551e+01  8.000000e+00
     vertex  7.320760e+00  1.297013e+01  8.000000e+00
   endloop
 endfacet
 facet normal  0.000000e+00  0.000000e+00  1.000000e+00
   outer loop
     vertex  7.240286e+00  3.710449e+01  8.000000e+00
     vertex  7.161889e+00  3.718129e+01  8.000000e+00
     vertex  7.161889e+00  1.281871e+01  8.000000e+00
   endloop
 endfacet
 facet normal  0.000000e+00  0.000000e+00  1.000000e+00
   outer loop
     vertex  7.085629e+00  3.726021e+01  8.000000e+00
     vertex  7.011562e+00  1.265880e+01  8.000000e+00
     vertex  7.085629e+00  1.273979e+01  8.000000e+00
   endloop
 endfacet
 facet normal  0.000000e+00  0.000000e+00  1.000000e+00
   outer loop
     vertex  7.085629e+00  3.726021e+01  8.000000e+00
     vertex  7.085629e+00  1.273979e+01  8.000000e+00
     vertex  7.161889e+00  1.281871e+01  8.000000e+00
   endloop
 endfacet
 facet normal  0.000000e+00  0.000000e+00  1.000000e+00
   outer loop
     vertex  7.085629e+00  3.726021e+01  8.000000e+00
     vertex  7.161889e+00  1.281871e+01  8.000000e+00
     vertex  7.161889e+00  3.718129e+01  8.000000e+00
   endloop
 endfacet
 facet normal  0.000000e+00  0.000000e+00  1.000000e+00
   outer loop
     vertex  7.320760e+00  3.702987e+01  8.000000e+00
     vertex  7.240286e+00  3.710449e+01  8.000000e+00
     vertex  7.320760e+00  1.297013e+01  8.000000e+00
   endloop
 endfacet
 facet normal  0.000000e+00  0.000000e+00  1.000000e+00
   outer loop
     vertex  7.011562e+00  3.734120e+01  8.000000e+00
     vertex  6.939745e+00  1.257582e+01  8.000000e+00
     vertex  7.011562e+00  1.265880e+01  8.000000e+00
   endloop
 endfacet
 facet normal  0.000000e+00  0.000000e+00  1.000000e+00
   outer loop
     vertex  7.011562e+00  3.734120e+01  8.000000e+00
     vertex  7.011562e+00  1.265880e+01  8.000000e+00
     vertex  7.085629e+00  3.726021e+01  8.000000e+00
   endloop
 endfacet
 facet normal  0.000000e+00  0.000000e+00  1.000000e+00
   outer loop
     vertex  7.403251e+00  3.695749e+01  8.000000e+00
     vertex  7.320760e+00  1.297013e+01  8.000000e+00
     vertex  7.403251e+00  1.304251e+01  8.000000e+00
   endloop
 endfacet
 facet normal  0.000000e+00  0.000000e+00  1.000000e+00
   outer loop
     vertex  7.403251e+00  3.695749e+01  8.000000e+00
     vertex  7.320760e+00  3.702987e+01  8.000000e+00
     vertex  7.320760e+00  1.297013e+01  8.000000e+00
   endloop
 endfacet
 facet normal  0.000000e+00  0.000000e+00  1.000000e+00
   outer loop
     vertex  6.939745e+00  3.742418e+01  8.000000e+00
     vertex  6.939745e+00  1.257582e+01  8.000000e+00
     vertex  7.011562e+00  3.734120e+01  8.000000e+00
   endloop
 endfacet
 facet normal  0.000000e+00  0.000000e+00  1.000000e+00
   outer loop
     vertex  7.487697e+00  3.688739e+01  8.000000e+00
     vertex  7.403251e+00  1.304251e+01  8.000000e+00
     vertex  7.487697e+00  1.311261e+01  8.000000e+00
   endloop
 endfacet
 facet normal  0.000000e+00  0.000000e+00  1.000000e+00
   outer loop
     vertex  7.487697e+00  3.688739e+01  8.000000e+00
     vertex  7.403251e+00  3.695749e+01  8.000000e+00
     vertex  7.403251e+00  1.304251e+01  8.000000e+00
   endloop
 endfacet
 facet normal  0.000000e+00  0.000000e+00  1.000000e+00
   outer loop
     vertex  6.870232e+00  3.750911e+01  8.000000e+00
     vertex  6.803074e+00  1.240409e+01  8.000000e+00
     vertex  6.870232e+00  1.249089e+01  8.000000e+00
   endloop
 endfacet
 facet normal  0.000000e+00  0.000000e+00  1.000000e+00
   outer loop
     vertex  6.870232e+00  3.750911e+01  8.000000e+00
     vertex  6.870232e+00  1.249089e+01  8.000000e+00
     vertex  6.939745e+00  1.257582e+01  8.000000e+00
   endloop
 endfacet
 facet normal  0.000000e+00  0.000000e+00  1.000000e+00
   outer loop
     vertex  6.870232e+00  3.750911e+01  8.000000e+00
     vertex  6.939745e+00  1.257582e+01  8.000000e+00
     vertex  6.939745e+00  3.742418e+01  8.000000e+00
   endloop
 endfacet
 facet normal  0.000000e+00  0.000000e+00  1.000000e+00
   outer loop
     vertex  7.574034e+00  3.681964e+01  8.000000e+00
     vertex  7.487697e+00  1.311261e+01  8.000000e+00
     vertex  7.574034e+00  1.318036e+01  8.000000e+00
   endloop
 endfacet
 facet normal  0.000000e+00  0.000000e+00  1.000000e+00
   outer loop
     vertex  7.574034e+00  3.681964e+01  8.000000e+00
     vertex  7.487697e+00  3.688739e+01  8.000000e+00
     vertex  7.487697e+00  1.311261e+01  8.000000e+00
   endloop
 endfacet
 facet normal  0.000000e+00  0.000000e+00  1.000000e+00
   outer loop
     vertex  6.803074e+00  3.759591e+01  8.000000e+00
     vertex  6.803074e+00  1.240409e+01  8.000000e+00
     vertex  6.870232e+00  3.750911e+01  8.000000e+00
   endloop
 endfacet
 facet normal  0.000000e+00  0.000000e+00  1.000000e+00
   outer loop
     vertex  7.662197e+00  3.675428e+01  8.000000e+00
     vertex  7.574034e+00  1.318036e+01  8.000000e+00
     vertex  7.662197e+00  1.324572e+01  8.000000e+00
   endloop
 endfacet
 facet normal  0.000000e+00  0.000000e+00  1.000000e+00
   outer loop
     vertex  7.662197e+00  3.675428e+01  8.000000e+00
     vertex  7.574034e+00  3.681964e+01  8.000000e+00
     vertex  7.574034e+00  1.318036e+01  8.000000e+00
   endloop
 endfacet
 facet normal  0.000000e+00  0.000000e+00  1.000000e+00
   outer loop
     vertex  6.738324e+00  3.768452e+01  8.000000e+00
     vertex  6.738324e+00  1.231548e+01  8.000000e+00
     vertex  6.803074e+00  1.240409e+01  8.000000e+00
   endloop
 endfacet
 facet normal  0.000000e+00  0.000000e+00  1.000000e+00
   outer loop
     vertex  6.738324e+00  3.768452e+01  8.000000e+00
     vertex  6.803074e+00  1.240409e+01  8.000000e+00
     vertex  6.803074e+00  3.759591e+01  8.000000e+00
   endloop
 endfacet
 facet normal  0.000000e+00  0.000000e+00  1.000000e+00
   outer loop
     vertex  7.752120e+00  3.669137e+01  8.000000e+00
     vertex  7.662197e+00  3.675428e+01  8.000000e+00
     vertex  7.662197e+00  1.324572e+01  8.000000e+00
   endloop
 endfacet
 facet normal  0.000000e+00  0.000000e+00  1.000000e+00
   outer loop
     vertex  7.752120e+00  3.669137e+01  8.000000e+00
     vertex  7.662197e+00  1.324572e+01  8.000000e+00
     vertex  7.752120e+00  1.330863e+01  8.000000e+00
   endloop
 endfacet
 facet normal  0.000000e+00  0.000000e+00  1.000000e+00
   outer loop
     vertex  6.676028e+00  3.777487e+01  8.000000e+00
     vertex  6.676028e+00  1.222513e+01  8.000000e+00
     vertex  6.738324e+00  1.231548e+01  8.000000e+00
   endloop
 endfacet
 facet normal  0.000000e+00  0.000000e+00  1.000000e+00
   outer loop
     vertex  6.676028e+00  3.777487e+01  8.000000e+00
     vertex  6.738324e+00  1.231548e+01  8.000000e+00
     vertex  6.738324e+00  3.768452e+01  8.000000e+00
   endloop
 endfacet
 facet normal  0.000000e+00  0.000000e+00  1.000000e+00
   outer loop
     vertex  7.843736e+00  3.663095e+01  8.000000e+00
     vertex  7.752120e+00  1.330863e+01  8.000000e+00
     vertex  7.843736e+00  1.336905e+01  8.000000e+00
   endloop
 endfacet
 facet normal  0.000000e+00  0.000000e+00  1.000000e+00
   outer loop
     vertex  7.843736e+00  3.663095e+01  8.000000e+00
     vertex  7.752120e+00  3.669137e+01  8.000000e+00
     vertex  7.752120e+00  1.330863e+01  8.000000e+00
   endloop
 endfacet
 facet normal  0.000000e+00  0.000000e+00  1.000000e+00
   outer loop
     vertex  6.616235e+00  3.786690e+01  8.000000e+00
     vertex  6.676028e+00  1.222513e+01  8.000000e+00
     vertex  6.676028e+00  3.777487e+01  8.000000e+00
   endloop
 endfacet
 facet normal  0.000000e+00  0.000000e+00  1.000000e+00
   outer loop
     vertex  6.616235e+00  3.786690e+01  8.000000e+00
     vertex  6.558989e+00  1.203947e+01  8.000000e+00
     vertex  6.616235e+00  1.213310e+01  8.000000e+00
   endloop
 endfacet
 facet normal  0.000000e+00  0.000000e+00  1.000000e+00
   outer loop
     vertex  6.616235e+00  3.786690e+01  8.000000e+00
     vertex  6.616235e+00  1.213310e+01  8.000000e+00
     vertex  6.676028e+00  1.222513e+01  8.000000e+00
   endloop
 endfacet
 facet normal  0.000000e+00  0.000000e+00  1.000000e+00
   outer loop
     vertex  7.936974e+00  3.657306e+01  8.000000e+00
     vertex  7.843736e+00  1.336905e+01  8.000000e+00
     vertex  7.936974e+00  1.342694e+01  8.000000e+00
   endloop
 endfacet
 facet normal  0.000000e+00  0.000000e+00  1.000000e+00
   outer loop
     vertex  7.936974e+00  3.657306e+01  8.000000e+00
     vertex  7.843736e+00  3.663095e+01  8.000000e+00
     vertex  7.843736e+00  1.336905e+01  8.000000e+00
   endloop
 endfacet
 facet normal  0.000000e+00  0.000000e+00  1.000000e+00
   outer loop
     vertex  6.558989e+00  3.796053e+01  8.000000e+00
     vertex  6.558989e+00  1.203947e+01  8.000000e+00
     vertex  6.616235e+00  3.786690e+01  8.000000e+00
   endloop
 endfacet
 facet normal  0.000000e+00  0.000000e+00  1.000000e+00
   outer loop
     vertex  8.031765e+00  3.651775e+01  8.000000e+00
     vertex  7.936974e+00  3.657306e+01  8.000000e+00
     vertex  7.936974e+00  1.342694e+01  8.000000e+00
   endloop
 endfacet
 facet normal  0.000000e+00  0.000000e+00  1.000000e+00
   outer loop
     vertex  8.031765e+00  3.651775e+01  8.000000e+00
     vertex  7.936974e+00  1.342694e+01  8.000000e+00
     vertex  8.031765e+00  1.348225e+01  8.000000e+00
   endloop
 endfacet
 facet normal  0.000000e+00  0.000000e+00  1.000000e+00
   outer loop
     vertex  6.504333e+00  3.805570e+01  8.000000e+00
     vertex  6.558989e+00  1.203947e+01  8.000000e+00
     vertex  6.558989e+00  3.796053e+01  8.000000e+00
   endloop
 endfacet
 facet normal  0.000000e+00  0.000000e+00  1.000000e+00
   outer loop
     vertex  6.504333e+00  3.805570e+01  8.000000e+00
     vertex  6.504333e+00  1.194430e+01  8.000000e+00
     vertex  6.558989e+00  1.203947e+01  8.000000e+00
   endloop
 endfacet
 facet normal  0.000000e+00  0.000000e+00  1.000000e+00
   outer loop
     vertex  8.128038e+00  3.646507e+01  8.000000e+00
     vertex  8.031765e+00  3.651775e+01  8.000000e+00
     vertex  8.031765e+00  1.348225e+01  8.000000e+00
   endloop
 endfacet
 facet normal  0.000000e+00  0.000000e+00  1.000000e+00
   outer loop
     vertex  8.128038e+00  3.646507e+01  8.000000e+00
     vertex  8.031765e+00  1.348225e+01  8.000000e+00
     vertex  8.128038e+00  1.353493e+01  8.000000e+00
   endloop
 endfacet
 facet normal  0.000000e+00  0.000000e+00  1.000000e+00
   outer loop
     vertex  6.452309e+00  3.815233e+01  8.000000e+00
     vertex  6.504333e+00  1.194430e+01  8.000000e+00
     vertex  6.504333e+00  3.805570e+01  8.000000e+00
   endloop
 endfacet
 facet normal  0.000000e+00  0.000000e+00  1.000000e+00
   outer loop
     vertex  6.452309e+00  3.815233e+01  8.000000e+00
     vertex  6.452309e+00  1.184767e+01  8.000000e+00
     vertex  6.504333e+00  1.194430e+01  8.000000e+00
   endloop
 endfacet
 facet normal  0.000000e+00  0.000000e+00  1.000000e+00
   outer loop
     vertex  8.225720e+00  3.641504e+01  8.000000e+00
     vertex  8.128038e+00  3.646507e+01  8.000000e+00
     vertex  8.128038e+00  1.353493e+01  8.000000e+00
   endloop
 endfacet
 facet normal  0.000000e+00  0.000000e+00  1.000000e+00
   outer loop
     vertex  8.225720e+00  3.641504e+01  8.000000e+00
     vertex  8.128038e+00  1.353493e+01  8.000000e+00
     vertex  8.225720e+00  1.358496e+01  8.000000e+00
   endloop
 endfacet
 facet normal  0.000000e+00  0.000000e+00  1.000000e+00
   outer loop
     vertex  6.402955e+00  3.825035e+01  8.000000e+00
     vertex  6.452309e+00  1.184767e+01  8.000000e+00
     vertex  6.452309e+00  3.815233e+01  8.000000e+00
   endloop
 endfacet
 facet normal  0.000000e+00  0.000000e+00  1.000000e+00
   outer loop
     vertex  6.402955e+00  3.825035e+01  8.000000e+00
     vertex  6.356309e+00  1.165031e+01  8.000000e+00
     vertex  6.402955e+00  1.174965e+01  8.000000e+00
   endloop
 endfacet
 facet normal  0.000000e+00  0.000000e+00  1.000000e+00
   outer loop
     vertex  6.402955e+00  3.825035e+01  8.000000e+00
     vertex  6.402955e+00  1.174965e+01  8.000000e+00
     vertex  6.452309e+00  1.184767e+01  8.000000e+00
   endloop
 endfacet
 facet normal  0.000000e+00  0.000000e+00  1.000000e+00
   outer loop
     vertex  8.324738e+00  3.636771e+01  8.000000e+00
     vertex  8.225720e+00  3.641504e+01  8.000000e+00
     vertex  8.225720e+00  1.358496e+01  8.000000e+00
   endloop
 endfacet
 facet normal  0.000000e+00  0.000000e+00  1.000000e+00
   outer loop
     vertex  8.324738e+00  3.636771e+01  8.000000e+00
     vertex  8.225720e+00  1.358496e+01  8.000000e+00
     vertex  8.324738e+00  1.363229e+01  8.000000e+00
   endloop
 endfacet
 facet normal  0.000000e+00  0.000000e+00  1.000000e+00
   outer loop
     vertex  6.356309e+00  3.834969e+01  8.000000e+00
     vertex  6.356309e+00  1.165031e+01  8.000000e+00
     vertex  6.402955e+00  3.825035e+01  8.000000e+00
   endloop
 endfacet
 facet normal  0.000000e+00  0.000000e+00  1.000000e+00
   outer loop
     vertex  8.425017e+00  3.632312e+01  8.000000e+00
     vertex  8.324738e+00  3.636771e+01  8.000000e+00
     vertex  8.324738e+00  1.363229e+01  8.000000e+00
   endloop
 endfacet
 facet normal  0.000000e+00  0.000000e+00  1.000000e+00
   outer loop
     vertex  8.425017e+00  3.632312e+01  8.000000e+00
     vertex  8.324738e+00  1.363229e+01  8.000000e+00
     vertex  8.425017e+00  1.367688e+01  8.000000e+00
   endloop
 endfacet
 facet normal  0.000000e+00  0.000000e+00  1.000000e+00
   outer loop
     vertex  6.312406e+00  3.845027e+01  8.000000e+00
     vertex  6.312406e+00  1.154973e+01  8.000000e+00
     vertex  6.356309e+00  1.165031e+01  8.000000e+00
   endloop
 endfacet
 facet normal  0.000000e+00  0.000000e+00  1.000000e+00
   outer loop
     vertex  6.312406e+00  3.845027e+01  8.000000e+00
     vertex  6.356309e+00  1.165031e+01  8.000000e+00
     vertex  6.356309e+00  3.834969e+01  8.000000e+00
   endloop
 endfacet
 facet normal  0.000000e+00  0.000000e+00  1.000000e+00
   outer loop
     vertex  8.526481e+00  3.628130e+01  8.000000e+00
     vertex  8.425017e+00  1.367688e+01  8.000000e+00
     vertex  8.526481e+00  1.371870e+01  8.000000e+00
   endloop
 endfacet
 facet normal  0.000000e+00  0.000000e+00  1.000000e+00
   outer loop
     vertex  8.526481e+00  3.628130e+01  8.000000e+00
     vertex  8.425017e+00  3.632312e+01  8.000000e+00
     vertex  8.425017e+00  1.367688e+01  8.000000e+00
   endloop
 endfacet
 facet normal  0.000000e+00  0.000000e+00  1.000000e+00
   outer loop
     vertex  6.271278e+00  3.855202e+01  8.000000e+00
     vertex  6.312406e+00  1.154973e+01  8.000000e+00
     vertex  6.312406e+00  3.845027e+01  8.000000e+00
   endloop
 endfacet
 facet normal  0.000000e+00  0.000000e+00  1.000000e+00
   outer loop
     vertex  6.271278e+00  3.855202e+01  8.000000e+00
     vertex  6.271278e+00  1.144798e+01  8.000000e+00
     vertex  6.312406e+00  1.154973e+01  8.000000e+00
   endloop
 endfacet
 facet normal  0.000000e+00  0.000000e+00  1.000000e+00
   outer loop
     vertex  8.629055e+00  3.624227e+01  8.000000e+00
     vertex  8.526481e+00  3.628130e+01  8.000000e+00
     vertex  8.526481e+00  1.371870e+01  8.000000e+00
   endloop
 endfacet
 facet normal  0.000000e+00  0.000000e+00  1.000000e+00
   outer loop
     vertex  8.629055e+00  3.624227e+01  8.000000e+00
     vertex  8.526481e+00  1.371870e+01  8.000000e+00
     vertex  8.629055e+00  1.375773e+01  8.000000e+00
   endloop
 endfacet
 facet normal  0.000000e+00  0.000000e+00  1.000000e+00
   outer loop
     vertex  6.232958e+00  3.865486e+01  8.000000e+00
     vertex  6.271278e+00  1.144798e+01  8.000000e+00
     vertex  6.271278e+00  3.855202e+01  8.000000e+00
   endloop
 endfacet
 facet normal  0.000000e+00  0.000000e+00  1.000000e+00
   outer loop
     vertex  6.232958e+00  3.865486e+01  8.000000e+00
     vertex  6.232958e+00  1.134514e+01  8.000000e+00
     vertex  6.271278e+00  1.144798e+01  8.000000e+00
   endloop
 endfacet
 facet normal  0.000000e+00  0.000000e+00  1.000000e+00
   outer loop
     vertex  6.232958e+00  3.865486e+01  8.000000e+00
     vertex  0.000000e+00  0.000000e+00  8.000000e+00
     vertex  6.232958e+00  1.134514e+01  8.000000e+00
   endloop
 endfacet
 facet normal  0.000000e+00  0.000000e+00  1.000000e+00
   outer loop
     vertex  8.732661e+00  3.620608e+01  8.000000e+00
     vertex  8.629055e+00  1.375773e+01  8.000000e+00
     vertex  8.732661e+00  1.379392e+01  8.000000e+00
   endloop
 endfacet
 facet normal  0.000000e+00  0.000000e+00  1.000000e+00
   outer loop
     vertex  8.732661e+00  3.620608e+01  8.000000e+00
     vertex  8.629055e+00  3.624227e+01  8.000000e+00
     vertex  8.629055e+00  1.375773e+01  8.000000e+00
   endloop
 endfacet
 facet normal  0.000000e+00  0.000000e+00  1.000000e+00
   outer loop
     vertex  8.837220e+00  3.617274e+01  8.000000e+00
     vertex  8.732661e+00  3.620608e+01  8.000000e+00
     vertex  8.732661e+00  1.379392e+01  8.000000e+00
   endloop
 endfacet
 facet normal  0.000000e+00  0.000000e+00  1.000000e+00
   outer loop
     vertex  8.837220e+00  3.617274e+01  8.000000e+00
     vertex  8.732661e+00  1.379392e+01  8.000000e+00
     vertex  8.837220e+00  1.382726e+01  8.000000e+00
   endloop
 endfacet
 facet normal  0.000000e+00  0.000000e+00  1.000000e+00
   outer loop
     vertex  8.942655e+00  3.614228e+01  8.000000e+00
     vertex  8.837220e+00  3.617274e+01  8.000000e+00
     vertex  8.837220e+00  1.382726e+01  8.000000e+00
   endloop
 endfacet
 facet normal  0.000000e+00  0.000000e+00  1.000000e+00
   outer loop
     vertex  8.942655e+00  3.614228e+01  8.000000e+00
     vertex  8.837220e+00  1.382726e+01  8.000000e+00
     vertex  8.942655e+00  1.385772e+01  8.000000e+00
   endloop
 endfacet
 facet normal  0.000000e+00  0.000000e+00  1.000000e+00
   outer loop
     vertex  9.048886e+00  3.611472e+01  8.000000e+00
     vertex  8.942655e+00  3.614228e+01  8.000000e+00
     vertex  8.942655e+00  1.385772e+01  8.000000e+00
   endloop
 endfacet
 facet normal  0.000000e+00  0.000000e+00  1.000000e+00
   outer loop
     vertex  9.048886e+00  3.611472e+01  8.000000e+00
     vertex  8.942655e+00  1.385772e+01  8.000000e+00
     vertex  9.048886e+00  1.388528e+01  8.000000e+00
   endloop
 endfacet
 facet normal  0.000000e+00  0.000000e+00  1.000000e+00
   outer loop
     vertex  9.155833e+00  3.609009e+01  8.000000e+00
     vertex  9.048886e+00  3.611472e+01  8.000000e+00
     vertex  9.048886e+00  1.388528e+01  8.000000e+00
   endloop
 endfacet
 facet normal  0.000000e+00  0.000000e+00  1.000000e+00
   outer loop
     vertex  9.155833e+00  3.609009e+01  8.000000e+00
     vertex  9.048886e+00  1.388528e+01  8.000000e+00
     vertex  9.155833e+00  1.390991e+01  8.000000e+00
   endloop
 endfacet
 facet normal  0.000000e+00  0.000000e+00  1.000000e+00
   outer loop
     vertex  9.263415e+00  3.606840e+01  8.000000e+00
     vertex  9.155833e+00  1.390991e+01  8.000000e+00
     vertex  9.263415e+00  1.393160e+01  8.000000e+00
   endloop
 endfacet
 facet normal  0.000000e+00  0.000000e+00  1.000000e+00
   outer loop
     vertex  9.263415e+00  3.606840e+01  8.000000e+00
     vertex  9.155833e+00  3.609009e+01  8.000000e+00
     vertex  9.155833e+00  1.390991e+01  8.000000e+00
   endloop
 endfacet
 facet normal  0.000000e+00  0.000000e+00  1.000000e+00
   outer loop
     vertex  9.371552e+00  3.604968e+01  8.000000e+00
     vertex  9.263415e+00  3.606840e+01  8.000000e+00
     vertex  9.263415e+00  1.393160e+01  8.000000e+00
   endloop
 endfacet
 facet normal  0.000000e+00  0.000000e+00  1.000000e+00
   outer loop
     vertex  9.371552e+00  3.604968e+01  8.000000e+00
     vertex  9.263415e+00  1.393160e+01  8.000000e+00
     vertex  9.371552e+00  1.395032e+01  8.000000e+00
   endloop
 endfacet
 facet normal  0.000000e+00  0.000000e+00  1.000000e+00
   outer loop
     vertex  9.480162e+00  3.603392e+01  8.000000e+00
     vertex  9.371552e+00  1.395032e+01  8.000000e+00
     vertex  9.480162e+00  1.396608e+01  8.000000e+00
   endloop
 endfacet
 facet normal  0.000000e+00  0.000000e+00  1.000000e+00
   outer loop
     vertex  9.480162e+00  3.603392e+01  8.000000e+00
     vertex  9.371552e+00  3.604968e+01  8.000000e+00
     vertex  9.371552e+00  1.395032e+01  8.000000e+00
   endloop
 endfacet
 facet normal  0.000000e+00  0.000000e+00  1.000000e+00
   outer loop
     vertex  9.589163e+00  3.602115e+01  8.000000e+00
     vertex  9.480162e+00  3.603392e+01  8.000000e+00
     vertex  9.480162e+00  1.396608e+01  8.000000e+00
   endloop
 endfacet
 facet normal  0.000000e+00  0.000000e+00  1.000000e+00
   outer loop
     vertex  9.589163e+00  3.602115e+01  8.000000e+00
     vertex  9.480162e+00  1.396608e+01  8.000000e+00
     vertex  9.589163e+00  1.397885e+01  8.000000e+00
   endloop
 endfacet
 facet normal  0.000000e+00  0.000000e+00  1.000000e+00
   outer loop
     vertex  9.589163e+00  3.602115e+01  8.000000e+00
     vertex  9.589163e+00  1.397885e+01  8.000000e+00
     vertex  9.698474e+00  1.398862e+01  8.000000e+00
   endloop
 endfacet
 facet normal  0.000000e+00  0.000000e+00  1.000000e+00
   outer loop
     vertex  9.698474e+00  3.601138e+01  8.000000e+00
     vertex  9.589163e+00  3.602115e+01  8.000000e+00
     vertex  9.698474e+00  1.398862e+01  8.000000e+00
   endloop
 endfacet
 facet normal  0.000000e+00  0.000000e+00  1.000000e+00
   outer loop
     vertex  9.808011e+00  3.600461e+01  8.000000e+00
     vertex  9.698474e+00  3.601138e+01  8.000000e+00
     vertex  9.698474e+00  1.398862e+01  8.000000e+00
   endloop
 endfacet
 facet normal  0.000000e+00  0.000000e+00  1.000000e+00
   outer loop
     vertex  9.808011e+00  3.600461e+01  8.000000e+00
     vertex  9.698474e+00  1.398862e+01  8.000000e+00
     vertex  9.808011e+00  1.399539e+01  8.000000e+00
   endloop
 endfacet
 facet normal  0.000000e+00  0.000000e+00  1.000000e+00
   outer loop
     vertex  9.917693e+00  3.600085e+01  8.000000e+00
     vertex  9.808011e+00  1.399539e+01  8.000000e+00
     vertex  9.917693e+00  1.399915e+01  8.000000e+00
   endloop
 endfacet
 facet normal  0.000000e+00  0.000000e+00  1.000000e+00
   outer loop
     vertex  9.917693e+00  3.600085e+01  8.000000e+00
     vertex  9.808011e+00  3.600461e+01  8.000000e+00
     vertex  9.808011e+00  1.399539e+01  8.000000e+00
   endloop
 endfacet
 facet normal  0.000000e+00  0.000000e+00  1.000000e+00
   outer loop
     vertex  1.002744e+01  3.600009e+01  8.000000e+00
     vertex  9.917693e+00  3.600085e+01  8.000000e+00
     vertex  9.917693e+00  1.399915e+01  8.000000e+00
   endloop
 endfacet
 facet normal  0.000000e+00  0.000000e+00  1.000000e+00
   outer loop
     vertex  1.002744e+01  3.600009e+01  8.000000e+00
     vertex  9.917693e+00  1.399915e+01  8.000000e+00
     vertex  1.002744e+01  1.399991e+01  8.000000e+00
   endloop
 endfacet
 facet normal  0.000000e+00  0.000000e+00  1.000000e+00
   outer loop
     vertex  1.013716e+01  3.600235e+01  8.000000e+00
     vertex  1.002744e+01  3.600009e+01  8.000000e+00
     vertex  1.002744e+01  1.399991e+01  8.000000e+00
   endloop
 endfacet
 facet normal  0.000000e+00  0.000000e+00  1.000000e+00
   outer loop
     vertex  1.013716e+01  3.600235e+01  8.000000e+00
     vertex  1.002744e+01  1.399991e+01  8.000000e+00
     vertex  1.013716e+01  1.399765e+01  8.000000e+00
   endloop
 endfacet
 facet normal  0.000000e+00  0.000000e+00  1.000000e+00
   outer loop
     vertex  1.024678e+01  3.600762e+01  8.000000e+00
     vertex  1.013716e+01  1.399765e+01  8.000000e+00
     vertex  1.024678e+01  1.399238e+01  8.000000e+00
   endloop
 endfacet
 facet normal  0.000000e+00  0.000000e+00  1.000000e+00
   outer loop
     vertex  1.024678e+01  3.600762e+01  8.000000e+00
     vertex  1.013716e+01  3.600235e+01  8.000000e+00
     vertex  1.013716e+01  1.399765e+01  8.000000e+00
   endloop
 endfacet
 facet normal  0.000000e+00  0.000000e+00  1.000000e+00
   outer loop
     vertex  1.035621e+01  3.601589e+01  8.000000e+00
     vertex  1.024678e+01  3.600762e+01  8.000000e+00
     vertex  1.024678e+01  1.399238e+01  8.000000e+00
   endloop
 endfacet
 facet normal  0.000000e+00  0.000000e+00  1.000000e+00
   outer loop
     vertex  1.035621e+01  3.601589e+01  8.000000e+00
     vertex  1.024678e+01  1.399238e+01  8.000000e+00
     vertex  1.035621e+01  1.398411e+01  8.000000e+00
   endloop
 endfacet
 facet normal  0.000000e+00  0.000000e+00  1.000000e+00
   outer loop
     vertex  1.035621e+01  3.601589e+01  8.000000e+00
     vertex  1.035621e+01  1.398411e+01  8.000000e+00
     vertex  1.046538e+01  1.397284e+01  8.000000e+00
   endloop
 endfacet
 facet normal  0.000000e+00  0.000000e+00  1.000000e+00
   outer loop
     vertex  1.046538e+01  3.602716e+01  8.000000e+00
     vertex  1.035621e+01  3.601589e+01  8.000000e+00
     vertex  1.046538e+01  1.397284e+01  8.000000e+00
   endloop
 endfacet
 facet normal  0.000000e+00  0.000000e+00  1.000000e+00
   outer loop
     vertex  1.057420e+01  3.604143e+01  8.000000e+00
     vertex  1.046538e+01  1.397284e+01  8.000000e+00
     vertex  1.057420e+01  1.395857e+01  8.000000e+00
   endloop
 endfacet
 facet normal  0.000000e+00  0.000000e+00  1.000000e+00
   outer loop
     vertex  1.057420e+01  3.604143e+01  8.000000e+00
     vertex  1.046538e+01  3.602716e+01  8.000000e+00
     vertex  1.046538e+01  1.397284e+01  8.000000e+00
   endloop
 endfacet
 facet normal  0.000000e+00  0.000000e+00  1.000000e+00
   outer loop
     vertex  1.068258e+01  3.605867e+01  8.000000e+00
     vertex  1.057420e+01  3.604143e+01  8.000000e+00
     vertex  1.057420e+01  1.395857e+01  8.000000e+00
   endloop
 endfacet
 facet normal  0.000000e+00  0.000000e+00  1.000000e+00
   outer loop
     vertex  1.068258e+01  3.605867e+01  8.000000e+00
     vertex  1.057420e+01  1.395857e+01  8.000000e+00
     vertex  1.068258e+01  1.394133e+01  8.000000e+00
   endloop
 endfacet
 facet normal  0.000000e+00  0.000000e+00  1.000000e+00
   outer loop
     vertex  1.068258e+01  3.605867e+01  8.000000e+00
     vertex  1.068258e+01  1.394133e+01  8.000000e+00
     vertex  1.079045e+01  1.392112e+01  8.000000e+00
   endloop
 endfacet
 facet normal  0.000000e+00  0.000000e+00  1.000000e+00
   outer loop
     vertex  1.079045e+01  3.607888e+01  8.000000e+00
     vertex  1.068258e+01  3.605867e+01  8.000000e+00
     vertex  1.079045e+01  1.392112e+01  8.000000e+00
   endloop
 endfacet
 facet normal  0.000000e+00  0.000000e+00  1.000000e+00
   outer loop
     vertex  1.089772e+01  3.610204e+01  8.000000e+00
     vertex  1.079045e+01  3.607888e+01  8.000000e+00
     vertex  1.079045e+01  1.392112e+01  8.000000e+00
   endloop
 endfacet
 facet normal  0.000000e+00  0.000000e+00  1.000000e+00
   outer loop
     vertex  1.089772e+01  3.610204e+01  8.000000e+00
     vertex  1.079045e+01  1.392112e+01  8.000000e+00
     vertex  1.089772e+01  1.389796e+01  8.000000e+00
   endloop
 endfacet
 facet normal  0.000000e+00  0.000000e+00  1.000000e+00
   outer loop
     vertex  1.100432e+01  3.612814e+01  8.000000e+00
     vertex  1.089772e+01  1.389796e+01  8.000000e+00
     vertex  1.100432e+01  1.387186e+01  8.000000e+00
   endloop
 endfacet
 facet normal  0.000000e+00  0.000000e+00  1.000000e+00
   outer loop
     vertex  1.100432e+01  3.612814e+01  8.000000e+00
     vertex  1.089772e+01  3.610204e+01  8.000000e+00
     vertex  1.089772e+01  1.389796e+01  8.000000e+00
   endloop
 endfacet
 facet normal  0.000000e+00  0.000000e+00  1.000000e+00
   outer loop
     vertex  1.111017e+01  3.615715e+01  8.000000e+00
     vertex  1.100432e+01  3.612814e+01  8.000000e+00
     vertex  1.100432e+01  1.387186e+01  8.000000e+00
   endloop
 endfacet
 facet normal  0.000000e+00  0.000000e+00  1.000000e+00
   outer loop
     vertex  1.111017e+01  3.615715e+01  8.000000e+00
     vertex  1.100432e+01  1.387186e+01  8.000000e+00
     vertex  1.111017e+01  1.384285e+01  8.000000e+00
   endloop
 endfacet
 facet normal  0.000000e+00  0.000000e+00  1.000000e+00
   outer loop
     vertex  1.121517e+01  3.618905e+01  8.000000e+00
     vertex  1.111017e+01  3.615715e+01  8.000000e+00
     vertex  1.111017e+01  1.384285e+01  8.000000e+00
   endloop
 endfacet
 facet normal  0.000000e+00  0.000000e+00  1.000000e+00
   outer loop
     vertex  1.121517e+01  3.618905e+01  8.000000e+00
     vertex  1.111017e+01  1.384285e+01  8.000000e+00
     vertex  1.121517e+01  1.381095e+01  8.000000e+00
   endloop
 endfacet
 facet normal  0.000000e+00  0.000000e+00  1.000000e+00
   outer loop
     vertex  1.131927e+01  3.622382e+01  8.000000e+00
     vertex  1.121517e+01  3.618905e+01  8.000000e+00
     vertex  1.121517e+01  1.381095e+01  8.000000e+00
   endloop
 endfacet
 facet normal  0.000000e+00  0.000000e+00  1.000000e+00
   outer loop
     vertex  1.131927e+01  3.622382e+01  8.000000e+00
     vertex  1.121517e+01  1.381095e+01  8.000000e+00
     vertex  1.131927e+01  1.377618e+01  8.000000e+00
   endloop
 endfacet
 facet normal  0.000000e+00  0.000000e+00  1.000000e+00
   outer loop
     vertex  1.142237e+01  3.626143e+01  8.000000e+00
     vertex  1.131927e+01  3.622382e+01  8.000000e+00
     vertex  1.131927e+01  1.377618e+01  8.000000e+00
   endloop
 endfacet
 facet normal  0.000000e+00  0.000000e+00  1.000000e+00
   outer loop
     vertex  1.142237e+01  3.626143e+01  8.000000e+00
     vertex  1.131927e+01  1.377618e+01  8.000000e+00
     vertex  1.142237e+01  1.373857e+01  8.000000e+00
   endloop
 endfacet
 facet normal  0.000000e+00  0.000000e+00  1.000000e+00
   outer loop
     vertex  1.152439e+01  3.630186e+01  8.000000e+00
     vertex  1.142237e+01  3.626143e+01  8.000000e+00
     vertex  1.142237e+01  1.373857e+01  8.000000e+00
   endloop
 endfacet
 facet normal  0.000000e+00  0.000000e+00  1.000000e+00
   outer loop
     vertex  1.152439e+01  3.630186e+01  8.000000e+00
     vertex  1.142237e+01  1.373857e+01  8.000000e+00
     vertex  1.152439e+01  1.369814e+01  8.000000e+00
   endloop
 endfacet
 facet normal  0.000000e+00  0.000000e+00  1.000000e+00
   outer loop
     vertex  1.152439e+01  3.630186e+01  8.000000e+00
     vertex  1.152439e+01  1.369814e+01  8.000000e+00
     vertex  1.162528e+01  1.365493e+01  8.000000e+00
   endloop
 endfacet
 facet normal  0.000000e+00  0.000000e+00  1.000000e+00
   outer loop
     vertex  1.162528e+01  3.634507e+01  8.000000e+00
     vertex  1.152439e+01  3.630186e+01  8.000000e+00
     vertex  1.162528e+01  1.365493e+01  8.000000e+00
   endloop
 endfacet
 facet normal  0.000000e+00  0.000000e+00  1.000000e+00
   outer loop
     vertex  1.172493e+01  3.639104e+01  8.000000e+00
     vertex  1.162528e+01  3.634507e+01  8.000000e+00
     vertex  1.162528e+01  1.365493e+01  8.000000e+00
   endloop
 endfacet
 facet normal  0.000000e+00  0.000000e+00  1.000000e+00
   outer loop
     vertex  1.172493e+01  3.639104e+01  8.000000e+00
     vertex  1.162528e+01  1.365493e+01  8.000000e+00
     vertex  1.172493e+01  1.360896e+01  8.000000e+00
   endloop
 endfacet
 facet normal  0.000000e+00  0.000000e+00  1.000000e+00
   outer loop
     vertex  1.182329e+01  3.643972e+01  8.000000e+00
     vertex  1.172493e+01  3.639104e+01  8.000000e+00
     vertex  1.172493e+01  1.360896e+01  8.000000e+00
   endloop
 endfacet
 facet normal  0.000000e+00  0.000000e+00  1.000000e+00
   outer loop
     vertex  1.182329e+01  3.643972e+01  8.000000e+00
     vertex  1.172493e+01  1.360896e+01  8.000000e+00
     vertex  1.182329e+01  1.356028e+01  8.000000e+00
   endloop
 endfacet
 facet normal  0.000000e+00  0.000000e+00  1.000000e+00
   outer loop
     vertex  1.192028e+01  3.649108e+01  8.000000e+00
     vertex  1.182329e+01  3.643972e+01  8.000000e+00
     vertex  1.182329e+01  1.356028e+01  8.000000e+00
   endloop
 endfacet
 facet normal  0.000000e+00  0.000000e+00  1.000000e+00
   outer loop
     vertex  1.192028e+01  3.649108e+01  8.000000e+00
     vertex  1.182329e+01  1.356028e+01  8.000000e+00
     vertex  1.192028e+01  1.350892e+01  8.000000e+00
   endloop
 endfacet
 facet normal  0.000000e+00  0.000000e+00  1.000000e+00
   outer loop
     vertex  1.201582e+01  3.654508e+01  8.000000e+00
     vertex  1.192028e+01  3.649108e+01  8.000000e+00
     vertex  1.192028e+01  1.350892e+01  8.000000e+00
   endloop
 endfacet
 facet normal  0.000000e+00  0.000000e+00  1.000000e+00
   outer loop
     vertex  1.201582e+01  3.654508e+01  8.000000e+00
     vertex  1.192028e+01  1.350892e+01  8.000000e+00
     vertex  1.201582e+01  1.345492e+01  8.000000e+00
   endloop
 endfacet
 facet normal  0.000000e+00  0.000000e+00  1.000000e+00
   outer loop
     vertex  1.201582e+01  3.654508e+01  8.000000e+00
     vertex  1.201582e+01  1.345492e+01  8.000000e+00
     vertex  1.210984e+01  1.339832e+01  8.000000e+00
   endloop
 endfacet
 facet normal  0.000000e+00  0.000000e+00  1.000000e+00
   outer loop
     vertex  1.210984e+01  3.660168e+01  8.000000e+00
     vertex  1.201582e+01  3.654508e+01  8.000000e+00
     vertex  1.210984e+01  1.339832e+01  8.000000e+00
   endloop
 endfacet
 facet normal  0.000000e+00  0.000000e+00  1.000000e+00
   outer loop
     vertex  1.220228e+01  3.666084e+01  8.000000e+00
     vertex  1.210984e+01  3.660168e+01  8.000000e+00
     vertex  1.210984e+01  1.339832e+01  8.000000e+00
   endloop
 endfacet
 facet normal  0.000000e+00  0.000000e+00  1.000000e+00
   outer loop
     vertex  1.220228e+01  3.666084e+01  8.000000e+00
     vertex  1.210984e+01  1.339832e+01  8.000000e+00
     vertex  1.220228e+01  1.333916e+01  8.000000e+00
   endloop
 endfacet
 facet normal  0.000000e+00  0.000000e+00  1.000000e+00
   outer loop
     vertex  1.229306e+01  3.672252e+01  8.000000e+00
     vertex  1.220228e+01  3.666084e+01  8.000000e+00
     vertex  1.220228e+01  1.333916e+01  8.000000e+00
   endloop
 endfacet
 facet normal  0.000000e+00  0.000000e+00  1.000000e+00
   outer loop
     vertex  1.229306e+01  3.672252e+01  8.000000e+00
     vertex  1.220228e+01  1.333916e+01  8.000000e+00
     vertex  1.229306e+01  1.327748e+01  8.000000e+00
   endloop
 endfacet
 facet normal  0.000000e+00  0.000000e+00  1.000000e+00
   outer loop
     vertex  1.229306e+01  3.672252e+01  8.000000e+00
     vertex  1.229306e+01  1.327748e+01  8.000000e+00
     vertex  1.238211e+01  1.321334e+01  8.000000e+00
   endloop
 endfacet
 facet normal  0.000000e+00  0.000000e+00  1.000000e+00
   outer loop
     vertex  1.238211e+01  3.678666e+01  8.000000e+00
     vertex  1.229306e+01  3.672252e+01  8.000000e+00
     vertex  1.238211e+01  1.321334e+01  8.000000e+00
   endloop
 endfacet
 facet normal  0.000000e+00  0.000000e+00  1.000000e+00
   outer loop
     vertex  1.246937e+01  3.685322e+01  8.000000e+00
     vertex  1.238211e+01  3.678666e+01  8.000000e+00
     vertex  1.238211e+01  1.321334e+01  8.000000e+00
   endloop
 endfacet
 facet normal  0.000000e+00  0.000000e+00  1.000000e+00
   outer loop
     vertex  1.246937e+01  3.685322e+01  8.000000e+00
     vertex  1.238211e+01  1.321334e+01  8.000000e+00
     vertex  1.246937e+01  1.314678e+01  8.000000e+00
   endloop
 endfacet
 facet normal  0.000000e+00  0.000000e+00  1.000000e+00
   outer loop
     vertex  1.246937e+01  3.685322e+01  8.000000e+00
     vertex  1.246937e+01  1.314678e+01  8.000000e+00
     vertex  1.255477e+01  1.307785e+01  8.000000e+00
   endloop
 endfacet
 facet normal  0.000000e+00  0.000000e+00  1.000000e+00
   outer loop
     vertex  1.255477e+01  3.692215e+01  8.000000e+00
     vertex  1.246937e+01  3.685322e+01  8.000000e+00
     vertex  1.255477e+01  1.307785e+01  8.000000e+00
   endloop
 endfacet
 facet normal  0.000000e+00  0.000000e+00  1.000000e+00
   outer loop
     vertex  1.263824e+01  3.699339e+01  8.000000e+00
     vertex  1.255477e+01  1.307785e+01  8.000000e+00
     vertex  1.263824e+01  1.300661e+01  8.000000e+00
   endloop
 endfacet
 facet normal  0.000000e+00  0.000000e+00  1.000000e+00
   outer loop
     vertex  1.263824e+01  3.699339e+01  8.000000e+00
     vertex  1.255477e+01  3.692215e+01  8.000000e+00
     vertex  1.255477e+01  1.307785e+01  8.000000e+00
   endloop
 endfacet
 facet normal  0.000000e+00  0.000000e+00  1.000000e+00
   outer loop
     vertex  1.271973e+01  3.706690e+01  8.000000e+00
     vertex  1.263824e+01  1.300661e+01  8.000000e+00
     vertex  1.271973e+01  1.293310e+01  8.000000e+00
   endloop
 endfacet
 facet normal  0.000000e+00  0.000000e+00  1.000000e+00
   outer loop
     vertex  1.271973e+01  3.706690e+01  8.000000e+00
     vertex  1.271973e+01  1.293310e+01  8.000000e+00
     vertex  1.279918e+01  1.285738e+01  8.000000e+00
   endloop
 endfacet
 facet normal  0.000000e+00  0.000000e+00  1.000000e+00
   outer loop
     vertex  1.271973e+01  3.706690e+01  8.000000e+00
     vertex  1.263824e+01  3.699339e+01  8.000000e+00
     vertex  1.263824e+01  1.300661e+01  8.000000e+00
   endloop
 endfacet
 facet normal  0.000000e+00  0.000000e+00  1.000000e+00
   outer loop
     vertex  1.279918e+01  3.714262e+01  8.000000e+00
     vertex  1.271973e+01  3.706690e+01  8.000000e+00
     vertex  1.279918e+01  1.285738e+01  8.000000e+00
   endloop
 endfacet
 facet normal  0.000000e+00  0.000000e+00  1.000000e+00
   outer loop
     vertex  0.000000e+00  5.000000e+01  8.000000e+00
     vertex  0.000000e+00  0.000000e+00  8.000000e+00
     vertex  6.232958e+00  3.865486e+01  8.000000e+00
   endloop
 endfacet
 facet normal  0.000000e+00  0.000000e+00  1.000000e+00
   outer loop
     vertex  0.000000e+00  5.000000e+01  8.000000e+00
     vertex  6.232958e+00  3.865486e+01  8.000000e+00
     vertex  6.197473e+00  3.875871e+01  8.000000e+00
   endloop
 endfacet
 facet normal  0.000000e+00  0.000000e+00  1.000000e+00
   outer loop
     vertex  0.000000e+00  5.000000e+01  8.000000e+00
     vertex  6.197473e+00  3.875871e+01  8.000000e+00
     vertex  6.164851e+00  3.886350e+01  8.000000e+00
   endloop
 endfacet
 facet normal  0.000000e+00  0.000000e+00  1.000000e+00
   outer loop
     vertex  0.000000e+00  5.000000e+01  8.000000e+00
     vertex  6.164851e+00  3.886350e+01  8.000000e+00
     vertex  6.135116e+00  3.896914e+01  8.000000e+00
   endloop
 endfacet
 facet normal  0.000000e+00  0.000000e+00  1.000000e+00
   outer loop
     vertex  0.000000e+00  5.000000e+01  8.000000e+00
     vertex  6.135116e+00  3.896914e+01  8.000000e+00
     vertex  6.108290e+00  3.907556e+01  8.000000e+00
   endloop
 endfacet
 facet normal  0.000000e+00  0.000000e+00  1.000000e+00
   outer loop
     vertex  0.000000e+00  5.000000e+01  8.000000e+00
     vertex  6.108290e+00  3.907556e+01  8.000000e+00
     vertex  6.084393e+00  3.918267e+01  8.000000e+00
   endloop
 endfacet
 facet normal  0.000000e+00  0.000000e+00  1.000000e+00
   outer loop
     vertex  0.000000e+00  5.000000e+01  8.000000e+00
     vertex  6.084393e+00  3.918267e+01  8.000000e+00
     vertex  6.063445e+00  3.929040e+01  8.000000e+00
   endloop
 endfacet
 facet normal  0.000000e+00  0.000000e+00  1.000000e+00
   outer loop
     vertex  0.000000e+00  5.000000e+01  8.000000e+00
     vertex  6.063445e+00  3.929040e+01  8.000000e+00
     vertex  6.045459e+00  3.939866e+01  8.000000e+00
   endloop
 endfacet
 facet normal  0.000000e+00  0.000000e+00  1.000000e+00
   outer loop
     vertex  0.000000e+00  5.000000e+01  8.000000e+00
     vertex  6.045459e+00  3.939866e+01  8.000000e+00
     vertex  6.030450e+00  3.950738e+01  8.000000e+00
   endloop
 endfacet
 facet normal  0.000000e+00  0.000000e+00  1.000000e+00
   outer loop
     vertex  0.000000e+00  5.000000e+01  8.000000e+00
     vertex  6.030450e+00  3.950738e+01  8.000000e+00
     vertex  6.018430e+00  3.961647e+01  8.000000e+00
   endloop
 endfacet
 facet normal  0.000000e+00  0.000000e+00  1.000000e+00
   outer loop
     vertex  0.000000e+00  5.000000e+01  8.000000e+00
     vertex  6.018430e+00  3.961647e+01  8.000000e+00
     vertex  6.009407e+00  3.972584e+01  8.000000e+00
   endloop
 endfacet
 facet normal  0.000000e+00  0.000000e+00  1.000000e+00
   outer loop
     vertex  0.000000e+00  5.000000e+01  8.000000e+00
     vertex  6.009407e+00  3.972584e+01  8.000000e+00
     vertex  6.003387e+00  3.983542e+01  8.000000e+00
   endloop
 endfacet
 facet normal  0.000000e+00  0.000000e+00  1.000000e+00
   outer loop
     vertex  0.000000e+00  5.000000e+01  8.000000e+00
     vertex  6.003387e+00  3.983542e+01  8.000000e+00
     vertex  6.000376e+00  3.994513e+01  8.000000e+00
   endloop
 endfacet
 facet normal  0.000000e+00  0.000000e+00  1.000000e+00
   outer loop
     vertex  0.000000e+00  5.000000e+01  8.000000e+00
     vertex  6.000376e+00  3.994513e+01  8.000000e+00
     vertex  6.000376e+00  4.005487e+01  8.000000e+00
   endloop
 endfacet
 facet normal  0.000000e+00  0.000000e+00  1.000000e+00
   outer loop
     vertex  0.000000e+00  5.000000e+01  8.000000e+00
     vertex  6.000376e+00  4.005487e+01  8.000000e+00
     vertex  6.003387e+00  4.016458e+01  8.000000e+00
   endloop
 endfacet
 facet normal  0.000000e+00  0.000000e+00  1.000000e+00
   outer loop
     vertex  0.000000e+00  5.000000e+01  8.000000e+00
     vertex  6.003387e+00  4.016458e+01  8.000000e+00
     vertex  6.009407e+00  4.027416e+01  8.000000e+00
   endloop
 endfacet
 facet normal  0.000000e+00  0.000000e+00  1.000000e+00
   outer loop
     vertex  0.000000e+00  5.000000e+01  8.000000e+00
     vertex  6.009407e+00  4.027416e+01  8.000000e+00
     vertex  6.018430e+00  4.038353e+01  8.000000e+00
   endloop
 endfacet
 facet normal  0.000000e+00  0.000000e+00  1.000000e+00
   outer loop
     vertex  0.000000e+00  5.000000e+01  8.000000e+00
     vertex  6.018430e+00  4.038353e+01  8.000000e+00
     vertex  6.030450e+00  4.049262e+01  8.000000e+00
   endloop
 endfacet
 facet normal  0.000000e+00  0.000000e+00  1.000000e+00
   outer loop
     vertex  0.000000e+00  5.000000e+01  8.000000e+00
     vertex  6.030450e+00  4.049262e+01  8.000000e+00
     vertex  6.045459e+00  4.060134e+01  8.000000e+00
   endloop
 endfacet
 facet normal  0.000000e+00  0.000000e+00  1.000000e+00
   outer loop
     vertex  0.000000e+00  5.000000e+01  8.000000e+00
     vertex  6.045459e+00  4.060134e+01  8.000000e+00
     vertex  6.063445e+00  4.070960e+01  8.000000e+00
   endloop
 endfacet
 facet normal  0.000000e+00  0.000000e+00  1.000000e+00
   outer loop
     vertex  0.000000e+00  5.000000e+01  8.000000e+00
     vertex  6.063445e+00  4.070960e+01  8.000000e+00
     vertex  6.084393e+00  4.081733e+01  8.000000e+00
   endloop
 endfacet
 facet normal  0.000000e+00  0.000000e+00  1.000000e+00
   outer loop
     vertex  0.000000e+00  5.000000e+01  8.000000e+00
     vertex  6.084393e+00  4.081733e+01  8.000000e+00
     vertex  6.108290e+00  4.092444e+01  8.000000e+00
   endloop
 endfacet
 facet normal  0.000000e+00  0.000000e+00  1.000000e+00
   outer loop
     vertex  0.000000e+00  5.000000e+01  8.000000e+00
     vertex  6.108290e+00  4.092444e+01  8.000000e+00
     vertex  6.135116e+00  4.103086e+01  8.000000e+00
   endloop
 endfacet
 facet normal  0.000000e+00  0.000000e+00  1.000000e+00
   outer loop
     vertex  0.000000e+00  5.000000e+01  8.000000e+00
     vertex  6.135116e+00  4.103086e+01  8.000000e+00
     vertex  6.164851e+00  4.113650e+01  8.000000e+00
   endloop
 endfacet
 facet normal  0.000000e+00  0.000000e+00  1.000000e+00
   outer loop
     vertex  0.000000e+00  5.000000e+01  8.000000e+00
     vertex  6.164851e+00  4.113650e+01  8.000000e+00
     vertex  6.197473e+00  4.124129e+01  8.000000e+00
   endloop
 endfacet
 facet normal  0.000000e+00  0.000000e+00  1.000000e+00
   outer loop
     vertex  0.000000e+00  5.000000e+01  8.000000e+00
     vertex  6.197473e+00  4.124129e+01  8.000000e+00
     vertex  6.232958e+00  4.134514e+01  8.000000e+00
   endloop
 endfacet
 facet normal  0.000000e+00  0.000000e+00  1.000000e+00
   outer loop
     vertex  0.000000e+00  5.000000e+01  8.000000e+00
     vertex  6.232958e+00  4.134514e+01  8.000000e+00
     vertex  6.271278e+00  4.144798e+01  8.000000e+00
   endloop
 endfacet
 facet normal  0.000000e+00  0.000000e+00  1.000000e+00
   outer loop
     vertex  0.000000e+00  5.000000e+01  8.000000e+00
     vertex  6.271278e+00  4.144798e+01  8.000000e+00
     vertex  6.312406e+00  4.154973e+01  8.000000e+00
   endloop
 endfacet
 facet normal  0.000000e+00  0.000000e+00  1.000000e+00
   outer loop
     vertex  0.000000e+00  5.000000e+01  8.000000e+00
     vertex  6.312406e+00  4.154973e+01  8.000000e+00
     vertex  6.356309e+00  4.165031e+01  8.000000e+00
   endloop
 endfacet
 facet normal  0.000000e+00  0.000000e+00  1.000000e+00
   outer loop
     vertex  0.000000e+00  5.000000e+01  8.000000e+00
     vertex  6.356309e+00  4.165031e+01  8.000000e+00
     vertex  6.402955e+00  4.174965e+01  8.000000e+00
   endloop
 endfacet
 facet normal  0.000000e+00  0.000000e+00  1.000000e+00
   outer loop
     vertex  0.000000e+00  5.000000e+01  8.000000e+00
     vertex  6.402955e+00  4.174965e+01  8.000000e+00
     vertex  6.452309e+00  4.184767e+01  8.000000e+00
   endloop
 endfacet
 facet normal  0.000000e+00  0.000000e+00  1.000000e+00
   outer loop
     vertex  0.000000e+00  5.000000e+01  8.000000e+00
     vertex  6.452309e+00  4.184767e+01  8.000000e+00
     vertex  6.504333e+00  4.194430e+01  8.000000e+00
   endloop
 endfacet
 facet normal  0.000000e+00  0.000000e+00  1.000000e+00
   outer loop
     vertex  0.000000e+00  5.000000e+01  8.000000e+00
     vertex  6.504333e+00  4.194430e+01  8.000000e+00
     vertex  6.558989e+00  4.203947e+01  8.000000e+00
   endloop
 endfacet
 facet normal  0.000000e+00  0.000000e+00  1.000000e+00
   outer loop
     vertex  0.000000e+00  5.000000e+01  8.000000e+00
     vertex  6.558989e+00  4.203947e+01  8.000000e+00
     vertex  6.616235e+00  4.213310e+01  8.000000e+00
   endloop
 endfacet
 facet normal  0.000000e+00  0.000000e+00  1.000000e+00
   outer loop
     vertex  0.000000e+00  5.000000e+01  8.000000e+00
     vertex  6.616235e+00  4.213310e+01  8.000000e+00
     vertex  6.676028e+00  4.222513e+01  8.000000e+00
   endloop
 endfacet
 facet normal  0.000000e+00  0.000000e+00  1.000000e+00
   outer loop
     vertex  0.000000e+00  5.000000e+01  8.000000e+00
     vertex  6.676028e+00  4.222513e+01  8.000000e+00
     vertex  6.738324e+00  4.231548e+01  8.000000e+00
   endloop
 endfacet
 facet normal  0.000000e+00  0.000000e+00  1.000000e+00
   outer loop
     vertex  0.000000e+00  5.000000e+01  8.000000e+00
     vertex  6.738324e+00  4.231548e+01  8.000000e+00
     vertex  6.803074e+00  4.240409e+01  8.000000e+00
   endloop
 endfacet
 facet normal  0.000000e+00  0.000000e+00  1.000000e+00
   outer loop
     vertex  0.000000e+00  5.000000e+01  8.000000e+00
     vertex  6.803074e+00  4.240409e+01  8.000000e+00
     vertex  6.870232e+00  4.249089e+01  8.000000e+00
   endloop
 endfacet
 facet normal  0.000000e+00  0.000000e+00  1.000000e+00
   outer loop
     vertex  0.000000e+00  5.000000e+01  8.000000e+00
     vertex  6.870232e+00  4.249089e+01  8.000000e+00
     vertex  6.939745e+00  4.257582e+01  8.000000e+00
   endloop
 endfacet
 facet normal  0.000000e+00  0.000000e+00  1.000000e+00
   outer loop
     vertex  0.000000e+00  5.000000e+01  8.000000e+00
     vertex  6.939745e+00  4.257582e+01  8.000000e+00
     vertex  7.011562e+00  4.265880e+01  8.000000e+00
   endloop
 endfacet
 facet normal  0.000000e+00  0.000000e+00  1.000000e+00
   outer loop
     vertex  0.000000e+00  5.000000e+01  8.000000e+00
     vertex  7.011562e+00  4.265880e+01  8.000000e+00
     vertex  7.085629e+00  4.273979e+01  8.000000e+00
   endloop
 endfacet
 facet normal  0.000000e+00  0.000000e+00  1.000000e+00
   outer loop
     vertex  0.000000e+00  5.000000e+01  8.000000e+00
     vertex  7.085629e+00  4.273979e+01  8.000000e+00
     vertex  7.161889e+00  4.281871e+01  8.000000e+00
   endloop
 endfacet
 facet normal  0.000000e+00  0.000000e+00  1.000000e+00
   outer loop
     vertex  1.287651e+01  3.722049e+01  8.000000e+00
     vertex  1.279918e+01  1.285738e+01  8.000000e+00
     vertex  1.287651e+01  1.277951e+01  8.000000e+00
   endloop
 endfacet
 facet normal  0.000000e+00  0.000000e+00  1.000000e+00
   outer loop
     vertex  1.287651e+01  3.722049e+01  8.000000e+00
     vertex  1.287651e+01  1.277951e+01  8.000000e+00
     vertex  1.295168e+01  1.269955e+01  8.000000e+00
   endloop
 endfacet
 facet normal  0.000000e+00  0.000000e+00  1.000000e+00
   outer loop
     vertex  1.287651e+01  3.722049e+01  8.000000e+00
     vertex  1.279918e+01  3.714262e+01  8.000000e+00
     vertex  1.279918e+01  1.285738e+01  8.000000e+00
   endloop
 endfacet
 facet normal  0.000000e+00  0.000000e+00  1.000000e+00
   outer loop
     vertex  7.240286e+00  4.289551e+01  8.000000e+00
     vertex  0.000000e+00  5.000000e+01  8.000000e+00
     vertex  7.161889e+00  4.281871e+01  8.000000e+00
   endloop
 endfacet
 facet normal  0.000000e+00  0.000000e+00  1.000000e+00
   outer loop
     vertex  1.295168e+01  3.730045e+01  8.000000e+00
     vertex  1.295168e+01  1.269955e+01  8.000000e+00
     vertex  1.302463e+01  1.261756e+01  8.000000e+00
   endloop
 endfacet
 facet normal  0.000000e+00  0.000000e+00  1.000000e+00
   outer loop
     vertex  1.295168e+01  3.730045e+01  8.000000e+00
     vertex  1.287651e+01  3.722049e+01  8.000000e+00
     vertex  1.295168e+01  1.269955e+01  8.000000e+00
   endloop
 endfacet
 facet normal  0.000000e+00  0.000000e+00  1.000000e+00
   outer loop
     vertex  7.320760e+00  4.297013e+01  8.000000e+00
     vertex  0.000000e+00  5.000000e+01  8.000000e+00
     vertex  7.240286e+00  4.289551e+01  8.000000e+00
   endloop
 endfacet
 facet normal  0.000000e+00  0.000000e+00  1.000000e+00
   outer loop
     vertex  1.302463e+01  3.738244e+01  8.000000e+00
     vertex  1.295168e+01  3.730045e+01  8.000000e+00
     vertex  1.302463e+01  1.261756e+01  8.000000e+00
   endloop
 endfacet
 facet normal  0.000000e+00  0.000000e+00  1.000000e+00
   outer loop
     vertex  7.403251e+00  4.304251e+01  8.000000e+00
     vertex  0.000000e+00  5.000000e+01  8.000000e+00
     vertex  7.320760e+00  4.297013e+01  8.000000e+00
   endloop
 endfacet
 facet normal  0.000000e+00  0.000000e+00  1.000000e+00
   outer loop
     vertex  1.309530e+01  3.746641e+01  8.000000e+00
     vertex  1.302463e+01  1.261756e+01  8.000000e+00
     vertex  1.309530e+01  1.253359e+01  8.000000e+00
   endloop
 endfacet
 facet normal  0.000000e+00  0.000000e+00  1.000000e+00
   outer loop
     vertex  1.309530e+01  3.746641e+01  8.000000e+00
     vertex  1.309530e+01  1.253359e+01  8.000000e+00
     vertex  1.316364e+01  1.244772e+01  8.000000e+00
   endloop
 endfacet
 facet normal  0.000000e+00  0.000000e+00  1.000000e+00
   outer loop
     vertex  1.309530e+01  3.746641e+01  8.000000e+00
     vertex  1.302463e+01  3.738244e+01  8.000000e+00
     vertex  1.302463e+01  1.261756e+01  8.000000e+00
   endloop
 endfacet
 facet normal  0.000000e+00  0.000000e+00  1.000000e+00
   outer loop
     vertex  7.487697e+00  4.311261e+01  8.000000e+00
     vertex  0.000000e+00  5.000000e+01  8.000000e+00
     vertex  7.403251e+00  4.304251e+01  8.000000e+00
   endloop
 endfacet
 facet normal  0.000000e+00  0.000000e+00  1.000000e+00
   outer loop
     vertex  1.316364e+01  3.755228e+01  8.000000e+00
     vertex  1.309530e+01  3.746641e+01  8.000000e+00
     vertex  1.316364e+01  1.244772e+01  8.000000e+00
   endloop
 endfacet
 facet normal  0.000000e+00  0.000000e+00  1.000000e+00
   outer loop
     vertex  7.574034e+00  4.318036e+01  8.000000e+00
     vertex  0.000000e+00  5.000000e+01  8.000000e+00
     vertex  7.487697e+00  4.311261e+01  8.000000e+00
   endloop
 endfacet
 facet normal  0.000000e+00  0.000000e+00  1.000000e+00
   outer loop
     vertex  1.322960e+01  3.763999e+01  8.000000e+00
     vertex  1.316364e+01  1.244772e+01  8.000000e+00
     vertex  1.322960e+01  1.236001e+01  8.000000e+00
   endloop
 endfacet
 facet normal  0.000000e+00  0.000000e+00  1.000000e+00
   outer loop
     vertex  1.322960e+01  3.763999e+01  8.000000e+00
     vertex  1.316364e+01  3.755228e+01  8.000000e+00
     vertex  1.316364e+01  1.244772e+01  8.000000e+00
   endloop
 endfacet
 facet normal  0.000000e+00  0.000000e+00  1.000000e+00
   outer loop
     vertex  7.662197e+00  4.324572e+01  8.000000e+00
     vertex  0.000000e+00  5.000000e+01  8.000000e+00
     vertex  7.574034e+00  4.318036e+01  8.000000e+00
   endloop
 endfacet
 facet normal  0.000000e+00  0.000000e+00  1.000000e+00
   outer loop
     vertex  1.329313e+01  3.772948e+01  8.000000e+00
     vertex  1.322960e+01  1.236001e+01  8.000000e+00
     vertex  1.329313e+01  1.227052e+01  8.000000e+00
   endloop
 endfacet
 facet normal  0.000000e+00  0.000000e+00  1.000000e+00
   outer loop
     vertex  1.329313e+01  3.772948e+01  8.000000e+00
     vertex  1.322960e+01  3.763999e+01  8.000000e+00
     vertex  1.322960e+01  1.236001e+01  8.000000e+00
   endloop
 endfacet
 facet normal  0.000000e+00  0.000000e+00  1.000000e+00
   outer loop
     vertex  1.329313e+01  3.772948e+01  8.000000e+00
     vertex  1.329313e+01  1.227052e+01  8.000000e+00
     vertex  1.335418e+01  1.217932e+01  8.000000e+00
   endloop
 endfacet
 facet normal  0.000000e+00  0.000000e+00  1.000000e+00
   outer loop
     vertex  7.752120e+00  4.330863e+01  8.000000e+00
     vertex  0.000000e+00  5.000000e+01  8.000000e+00
     vertex  7.662197e+00  4.324572e+01  8.000000e+00
   endloop
 endfacet
 facet normal  0.000000e+00  0.000000e+00  1.000000e+00
   outer loop
     vertex  1.335418e+01  3.782068e+01  8.000000e+00
     vertex  1.329313e+01  3.772948e+01  8.000000e+00
     vertex  1.335418e+01  1.217932e+01  8.000000e+00
   endloop
 endfacet
 facet normal  0.000000e+00  0.000000e+00  1.000000e+00
   outer loop
     vertex  7.843736e+00  4.336905e+01  8.000000e+00
     vertex  0.000000e+00  5.000000e+01  8.000000e+00
     vertex  7.752120e+00  4.330863e+01  8.000000e+00
   endloop
 endfacet
 facet normal  0.000000e+00  0.000000e+00  1.000000e+00
   outer loop
     vertex  1.341271e+01  3.791352e+01  8.000000e+00
     vertex  1.335418e+01  1.217932e+01  8.000000e+00
     vertex  1.341271e+01  1.208648e+01  8.000000e+00
   endloop
 endfacet
 facet normal  0.000000e+00  0.000000e+00  1.000000e+00
   outer loop
     vertex  1.341271e+01  3.791352e+01  8.000000e+00
     vertex  1.335418e+01  3.782068e+01  8.000000e+00
     vertex  1.335418e+01  1.217932e+01  8.000000e+00
   endloop
 endfacet
 facet normal  0.000000e+00  0.000000e+00  1.000000e+00
   outer loop
     vertex  7.936974e+00  4.342694e+01  8.000000e+00
     vertex  0.000000e+00  5.000000e+01  8.000000e+00
     vertex  7.843736e+00  4.336905e+01  8.000000e+00
   endloop
 endfacet
 facet normal  0.000000e+00  0.000000e+00  1.000000e+00
   outer loop
     vertex  1.346867e+01  3.800793e+01  8.000000e+00
     vertex  1.341271e+01  1.208648e+01  8.000000e+00
     vertex  1.346867e+01  1.199207e+01  8.000000e+00
   endloop
 endfacet
 facet normal  0.000000e+00  0.000000e+00  1.000000e+00
   outer loop
     vertex  1.346867e+01  3.800793e+01  8.000000e+00
     vertex  1.341271e+01  3.791352e+01  8.000000e+00
     vertex  1.341271e+01  1.208648e+01  8.000000e+00
   endloop
 endfacet
 facet normal  0.000000e+00  0.000000e+00  1.000000e+00
   outer loop
     vertex  8.031765e+00  4.348225e+01  8.000000e+00
     vertex  0.000000e+00  5.000000e+01  8.000000e+00
     vertex  7.936974e+00  4.342694e+01  8.000000e+00
   endloop
 endfacet
 facet normal  0.000000e+00  0.000000e+00  1.000000e+00
   outer loop
     vertex  1.352201e+01  3.810384e+01  8.000000e+00
     vertex  1.346867e+01  1.199207e+01  8.000000e+00
     vertex  1.352201e+01  1.189616e+01  8.000000e+00
   endloop
 endfacet
 facet normal  0.000000e+00  0.000000e+00  1.000000e+00
   outer loop
     vertex  1.352201e+01  3.810384e+01  8.000000e+00
     vertex  1.352201e+01  1.189616e+01  8.000000e+00
     vertex  1.357270e+01  1.179883e+01  8.000000e+00
   endloop
 endfacet
 facet normal  0.000000e+00  0.000000e+00  1.000000e+00
   outer loop
     vertex  1.352201e+01  3.810384e+01  8.000000e+00
     vertex  1.346867e+01  3.800793e+01  8.000000e+00
     vertex  1.346867e+01  1.199207e+01  8.000000e+00
   endloop
 endfacet
 facet normal  0.000000e+00  0.000000e+00  1.000000e+00
   outer loop
     vertex  8.128038e+00  4.353493e+01  8.000000e+00
     vertex  0.000000e+00  5.000000e+01  8.000000e+00
     vertex  8.031765e+00  4.348225e+01  8.000000e+00
   endloop
 endfacet
 facet normal  0.000000e+00  0.000000e+00  1.000000e+00
   outer loop
     vertex  1.357270e+01  3.820117e+01  8.000000e+00
     vertex  1.352201e+01  3.810384e+01  8.000000e+00
     vertex  1.357270e+01  1.179883e+01  8.000000e+00
   endloop
 endfacet
 facet normal  0.000000e+00  0.000000e+00  1.000000e+00
   outer loop
     vertex  8.225720e+00  4.358496e+01  8.000000e+00
     vertex  0.000000e+00  5.000000e+01  8.000000e+00
     vertex  8.128038e+00  4.353493e+01  8.000000e+00
   endloop
 endfacet
 facet normal  0.000000e+00  0.000000e+00  1.000000e+00
   outer loop
     vertex  8.324738e+00  4.363229e+01  8.000000e+00
     vertex  0.000000e+00  5.000000e+01  8.000000e+00
     vertex  8.225720e+00  4.358496e+01  8.000000e+00
   endloop
 endfacet
 facet normal  0.000000e+00  0.000000e+00  1.000000e+00
   outer loop
     vertex  8.425017e+00  4.367688e+01  8.000000e+00
     vertex  0.000000e+00  5.000000e+01  8.000000e+00
     vertex  8.324738e+00  4.363229e+01  8.000000e+00
   endloop
 endfacet
 facet normal  0.000000e+00  0.000000e+00  1.000000e+00
   outer loop
     vertex  8.526481e+00  4.371870e+01  8.000000e+00
     vertex  0.000000e+00  5.000000e+01  8.000000e+00
     vertex  8.425017e+00  4.367688e+01  8.000000e+00
   endloop
 endfacet
 facet normal  0.000000e+00  0.000000e+00  1.000000e+00
   outer loop
     vertex  8.629055e+00  4.375773e+01  8.000000e+00
     vertex  0.000000e+00  5.000000e+01  8.000000e+00
     vertex  8.526481e+00  4.371870e+01  8.000000e+00
   endloop
 endfacet
 facet normal  0.000000e+00  0.000000e+00  1.000000e+00
   outer loop
     vertex  8.732661e+00  4.379392e+01  8.000000e+00
     vertex  0.000000e+00  5.000000e+01  8.000000e+00
     vertex  8.629055e+00  4.375773e+01  8.000000e+00
   endloop
 endfacet
 facet normal  0.000000e+00  0.000000e+00  1.000000e+00
   outer loop
     vertex  8.837220e+00  4.382726e+01  8.000000e+00
     vertex  0.000000e+00  5.000000e+01  8.000000e+00
     vertex  8.732661e+00  4.379392e+01  8.000000e+00
   endloop
 endfacet
 facet normal  0.000000e+00  0.000000e+00  1.000000e+00
   outer loop
     vertex  8.942655e+00  4.385772e+01  8.000000e+00
     vertex  0.000000e+00  5.000000e+01  8.000000e+00
     vertex  8.837220e+00  4.382726e+01  8.000000e+00
   endloop
 endfacet
 facet normal  0.000000e+00  0.000000e+00  1.000000e+00
   outer loop
     vertex  9.048886e+00  4.388528e+01  8.000000e+00
     vertex  0.000000e+00  5.000000e+01  8.000000e+00
     vertex  8.942655e+00  4.385772e+01  8.000000e+00
   endloop
 endfacet
 facet normal  0.000000e+00  0.000000e+00  1.000000e+00
   outer loop
     vertex  9.155833e+00  4.390991e+01  8.000000e+00
     vertex  0.000000e+00  5.000000e+01  8.000000e+00
     vertex  9.048886e+00  4.388528e+01  8.000000e+00
   endloop
 endfacet
 facet normal  0.000000e+00  0.000000e+00  1.000000e+00
   outer loop
     vertex  9.263415e+00  4.393160e+01  8.000000e+00
     vertex  0.000000e+00  5.000000e+01  8.000000e+00
     vertex  9.155833e+00  4.390991e+01  8.000000e+00
   endloop
 endfacet
 facet normal  0.000000e+00  0.000000e+00  1.000000e+00
   outer loop
     vertex  9.371552e+00  4.395032e+01  8.000000e+00
     vertex  0.000000e+00  5.000000e+01  8.000000e+00
     vertex  9.263415e+00  4.393160e+01  8.000000e+00
   endloop
 endfacet
 facet normal  0.000000e+00  0.000000e+00  1.000000e+00
   outer loop
     vertex  9.480162e+00  4.396608e+01  8.000000e+00
     vertex  0.000000e+00  5.000000e+01  8.000000e+00
     vertex  9.371552e+00  4.395032e+01  8.000000e+00
   endloop
 endfacet
 facet normal  0.000000e+00  0.000000e+00  1.000000e+00
   outer loop
     vertex  9.589163e+00  4.397885e+01  8.000000e+00
     vertex  0.000000e+00  5.000000e+01  8.000000e+00
     vertex  9.480162e+00  4.396608e+01  8.000000e+00
   endloop
 endfacet
 facet normal  0.000000e+00  0.000000e+00  1.000000e+00
   outer loop
     vertex  9.698474e+00  4.398862e+01  8.000000e+00
     vertex  0.000000e+00  5.000000e+01  8.000000e+00
     vertex  9.589163e+00  4.397885e+01  8.000000e+00
   endloop
 endfacet
 facet normal  0.000000e+00  0.000000e+00  1.000000e+00
   outer loop
     vertex  9.808011e+00  4.399539e+01  8.000000e+00
     vertex  0.000000e+00  5.000000e+01  8.000000e+00
     vertex  9.698474e+00  4.398862e+01  8.000000e+00
   endloop
 endfacet
 facet normal  0.000000e+00  0.000000e+00  1.000000e+00
   outer loop
     vertex  9.917693e+00  4.399915e+01  8.000000e+00
     vertex  0.000000e+00  5.000000e+01  8.000000e+00
     vertex  9.808011e+00  4.399539e+01  8.000000e+00
   endloop
 endfacet
 facet normal  0.000000e+00  0.000000e+00  1.000000e+00
   outer loop
     vertex  1.002744e+01  4.399991e+01  8.000000e+00
     vertex  0.000000e+00  5.000000e+01  8.000000e+00
     vertex  9.917693e+00  4.399915e+01  8.000000e+00
   endloop
 endfacet
 facet normal  0.000000e+00  0.000000e+00  1.000000e+00
   outer loop
     vertex  1.013716e+01  4.399765e+01  8.000000e+00
     vertex  0.000000e+00  5.000000e+01  8.000000e+00
     vertex  1.002744e+01  4.399991e+01  8.000000e+00
   endloop
 endfacet
 facet normal  0.000000e+00  0.000000e+00  1.000000e+00
   outer loop
     vertex  1.024678e+01  4.399238e+01  8.000000e+00
     vertex  0.000000e+00  5.000000e+01  8.000000e+00
     vertex  1.013716e+01  4.399765e+01  8.000000e+00
   endloop
 endfacet
 facet normal  0.000000e+00  0.000000e+00  1.000000e+00
   outer loop
     vertex  1.035621e+01  4.398411e+01  8.000000e+00
     vertex  0.000000e+00  5.000000e+01  8.000000e+00
     vertex  1.024678e+01  4.399238e+01  8.000000e+00
   endloop
 endfacet
 facet normal  0.000000e+00  0.000000e+00  1.000000e+00
   outer loop
     vertex  1.046538e+01  4.397284e+01  8.000000e+00
     vertex  0.000000e+00  5.000000e+01  8.000000e+00
     vertex  1.035621e+01  4.398411e+01  8.000000e+00
   endloop
 endfacet
 facet normal  0.000000e+00  0.000000e+00  1.000000e+00
   outer loop
     vertex  1.057420e+01  4.395857e+01  8.000000e+00
     vertex  0.000000e+00  5.000000e+01  8.000000e+00
     vertex  1.046538e+01  4.397284e+01  8.000000e+00
   endloop
 endfacet
 facet normal  0.000000e+00  0.000000e+00  1.000000e+00
   outer loop
     vertex  1.068258e+01  4.394133e+01  8.000000e+00
     vertex  0.000000e+00  5.000000e+01  8.000000e+00
     vertex  1.057420e+01  4.395857e+01  8.000000e+00
   endloop
 endfacet
 facet normal  0.000000e+00  0.000000e+00  1.000000e+00
   outer loop
     vertex  1.079045e+01  4.392112e+01  8.000000e+00
     vertex  0.000000e+00  5.000000e+01  8.000000e+00
     vertex  1.068258e+01  4.394133e+01  8.000000e+00
   endloop
 endfacet
 facet normal  0.000000e+00  0.000000e+00  1.000000e+00
   outer loop
     vertex  1.089772e+01  4.389796e+01  8.000000e+00
     vertex  0.000000e+00  5.000000e+01  8.000000e+00
     vertex  1.079045e+01  4.392112e+01  8.000000e+00
   endloop
 endfacet
 facet normal  0.000000e+00  0.000000e+00  1.000000e+00
   outer loop
     vertex  1.100432e+01  4.387186e+01  8.000000e+00
     vertex  0.000000e+00  5.000000e+01  8.000000e+00
     vertex  1.089772e+01  4.389796e+01  8.000000e+00
   endloop
 endfacet
 facet normal  0.000000e+00  0.000000e+00  1.000000e+00
   outer loop
     vertex  1.111017e+01  4.384285e+01  8.000000e+00
     vertex  0.000000e+00  5.000000e+01  8.000000e+00
     vertex  1.100432e+01  4.387186e+01  8.000000e+00
   endloop
 endfacet
 facet normal  0.000000e+00  0.000000e+00  1.000000e+00
   outer loop
     vertex  1.121517e+01  4.381095e+01  8.000000e+00
     vertex  0.000000e+00  5.000000e+01  8.000000e+00
     vertex  1.111017e+01  4.384285e+01  8.000000e+00
   endloop
 endfacet
 facet normal  0.000000e+00  0.000000e+00  1.000000e+00
   outer loop
     vertex  1.131927e+01  4.377618e+01  8.000000e+00
     vertex  0.000000e+00  5.000000e+01  8.000000e+00
     vertex  1.121517e+01  4.381095e+01  8.000000e+00
   endloop
 endfacet
 facet normal  0.000000e+00  0.000000e+00  1.000000e+00
   outer loop
     vertex  1.142237e+01  4.373857e+01  8.000000e+00
     vertex  0.000000e+00  5.000000e+01  8.000000e+00
     vertex  1.131927e+01  4.377618e+01  8.000000e+00
   endloop
 endfacet
 facet normal  0.000000e+00  0.000000e+00  1.000000e+00
   outer loop
     vertex  6.716189e+01  7.181290e+00  8.000000e+00
     vertex  1.287651e+01  7.220489e+00  8.000000e+00
     vertex  1.279918e+01  7.142621e+00  8.000000e+00
   endloop
 endfacet
 facet normal  0.000000e+00  0.000000e+00  1.000000e+00
   outer loop
     vertex  6.724029e+01  7.104490e+00  8.000000e+00
     vertex  1.279918e+01  7.142621e+00  8.000000e+00
     vertex  1.271973e+01  7.066904e+00  8.000000e+00
   endloop
 endfacet
 facet normal  0.000000e+00  0.000000e+00  1.000000e+00
   outer loop
     vertex  6.724029e+01  7.104490e+00  8.000000e+00
     vertex  6.716189e+01  7.181290e+00  8.000000e+00
     vertex  1.279918e+01  7.142621e+00  8.000000e+00
   endloop
 endfacet
 facet normal  0.000000e+00  0.000000e+00  1.000000e+00
   outer loop
     vertex  6.708563e+01  7.260212e+00  8.000000e+00
     vertex  1.295168e+01  7.300450e+00  8.000000e+00
     vertex  1.287651e+01  7.220489e+00  8.000000e+00
   endloop
 endfacet
 facet normal  0.000000e+00  0.000000e+00  1.000000e+00
   outer loop
     vertex  6.708563e+01  7.260212e+00  8.000000e+00
     vertex  1.287651e+01  7.220489e+00  8.000000e+00
     vertex  6.716189e+01  7.181290e+00  8.000000e+00
   endloop
 endfacet
 facet normal  0.000000e+00  0.000000e+00  1.000000e+00
   outer loop
     vertex  6.732076e+01  7.029870e+00  8.000000e+00
     vertex  6.724029e+01  7.104490e+00  8.000000e+00
     vertex  1.271973e+01  7.066904e+00  8.000000e+00
   endloop
 endfacet
 facet normal  0.000000e+00  0.000000e+00  1.000000e+00
   outer loop
     vertex  6.732076e+01  7.029870e+00  8.000000e+00
     vertex  1.271973e+01  7.066904e+00  8.000000e+00
     vertex  1.263824e+01  6.993395e+00  8.000000e+00
   endloop
 endfacet
 facet normal  0.000000e+00  0.000000e+00  1.000000e+00
   outer loop
     vertex  6.701156e+01  7.341196e+00  8.000000e+00
     vertex  1.295168e+01  7.300450e+00  8.000000e+00
     vertex  6.708563e+01  7.260212e+00  8.000000e+00
   endloop
 endfacet
 facet normal  0.000000e+00  0.000000e+00  1.000000e+00
   outer loop
     vertex  6.701156e+01  7.341196e+00  8.000000e+00
     vertex  1.302463e+01  7.382443e+00  8.000000e+00
     vertex  1.295168e+01  7.300450e+00  8.000000e+00
   endloop
 endfacet
 facet normal  0.000000e+00  0.000000e+00  1.000000e+00
   outer loop
     vertex  6.740325e+01  6.957485e+00  8.000000e+00
     vertex  6.732076e+01  7.029870e+00  8.000000e+00
     vertex  1.263824e+01  6.993395e+00  8.000000e+00
   endloop
 endfacet
 facet normal  0.000000e+00  0.000000e+00  1.000000e+00
   outer loop
     vertex  6.740325e+01  6.957485e+00  8.000000e+00
     vertex  1.263824e+01  6.993395e+00  8.000000e+00
     vertex  1.255477e+01  6.922149e+00  8.000000e+00
   endloop
 endfacet
 facet normal  0.000000e+00  0.000000e+00  1.000000e+00
   outer loop
     vertex  6.693975e+01  7.424182e+00  8.000000e+00
     vertex  1.309530e+01  7.466406e+00  8.000000e+00
     vertex  1.302463e+01  7.382443e+00  8.000000e+00
   endloop
 endfacet
 facet normal  0.000000e+00  0.000000e+00  1.000000e+00
   outer loop
     vertex  6.693975e+01  7.424182e+00  8.000000e+00
     vertex  1.302463e+01  7.382443e+00  8.000000e+00
     vertex  6.701156e+01  7.341196e+00  8.000000e+00
   endloop
 endfacet
 facet normal  0.000000e+00  0.000000e+00  1.000000e+00
   outer loop
     vertex  6.748770e+01  6.887391e+00  8.000000e+00
     vertex  6.740325e+01  6.957485e+00  8.000000e+00
     vertex  1.255477e+01  6.922149e+00  8.000000e+00
   endloop
 endfacet
 facet normal  0.000000e+00  0.000000e+00  1.000000e+00
   outer loop
     vertex  6.748770e+01  6.887391e+00  8.000000e+00
     vertex  1.255477e+01  6.922149e+00  8.000000e+00
     vertex  1.246937e+01  6.853220e+00  8.000000e+00
   endloop
 endfacet
 facet normal  0.000000e+00  0.000000e+00  1.000000e+00
   outer loop
     vertex  6.687023e+01  7.509106e+00  8.000000e+00
     vertex  1.316364e+01  7.552276e+00  8.000000e+00
     vertex  1.309530e+01  7.466406e+00  8.000000e+00
   endloop
 endfacet
 facet normal  0.000000e+00  0.000000e+00  1.000000e+00
   outer loop
     vertex  6.687023e+01  7.509106e+00  8.000000e+00
     vertex  1.309530e+01  7.466406e+00  8.000000e+00
     vertex  6.693975e+01  7.424182e+00  8.000000e+00
   endloop
 endfacet
 facet normal  0.000000e+00  0.000000e+00  1.000000e+00
   outer loop
     vertex  6.757403e+01  6.819640e+00  8.000000e+00
     vertex  1.246937e+01  6.853220e+00  8.000000e+00
     vertex  1.238211e+01  6.786659e+00  8.000000e+00
   endloop
 endfacet
 facet normal  0.000000e+00  0.000000e+00  1.000000e+00
   outer loop
     vertex  6.757403e+01  6.819640e+00  8.000000e+00
     vertex  6.748770e+01  6.887391e+00  8.000000e+00
     vertex  1.246937e+01  6.853220e+00  8.000000e+00
   endloop
 endfacet
 facet normal  0.000000e+00  0.000000e+00  1.000000e+00
   outer loop
     vertex  6.680307e+01  7.595906e+00  8.000000e+00
     vertex  1.322960e+01  7.639989e+00  8.000000e+00
     vertex  1.316364e+01  7.552276e+00  8.000000e+00
   endloop
 endfacet
 facet normal  0.000000e+00  0.000000e+00  1.000000e+00
   outer loop
     vertex  6.680307e+01  7.595906e+00  8.000000e+00
     vertex  1.316364e+01  7.552276e+00  8.000000e+00
     vertex  6.687023e+01  7.509106e+00  8.000000e+00
   endloop
 endfacet
 facet normal  0.000000e+00  0.000000e+00  1.000000e+00
   outer loop
     vertex  6.766220e+01  6.754283e+00  8.000000e+00
     vertex  1.238211e+01  6.786659e+00  8.000000e+00
     vertex  1.229306e+01  6.722518e+00  8.000000e+00
   endloop
 endfacet
 facet normal  0.000000e+00  0.000000e+00  1.000000e+00
   outer loop
     vertex  6.766220e+01  6.754283e+00  8.000000e+00
     vertex  6.757403e+01  6.819640e+00  8.000000e+00
     vertex  1.238211e+01  6.786659e+00  8.000000e+00
   endloop
 endfacet
 facet normal  0.000000e+00  0.000000e+00  1.000000e+00
   outer loop
     vertex  6.673832e+01  7.684516e+00  8.000000e+00
     vertex  1.329313e+01  7.729478e+00  8.000000e+00
     vertex  1.322960e+01  7.639989e+00  8.000000e+00
   endloop
 endfacet
 facet normal  0.000000e+00  0.000000e+00  1.000000e+00
   outer loop
     vertex  6.673832e+01  7.684516e+00  8.000000e+00
     vertex  1.322960e+01  7.639989e+00  8.000000e+00
     vertex  6.680307e+01  7.595906e+00  8.000000e+00
   endloop
 endfacet
 facet normal  0.000000e+00  0.000000e+00  1.000000e+00
   outer loop
     vertex  6.775212e+01  6.691369e+00  8.000000e+00
     vertex  6.766220e+01  6.754283e+00  8.000000e+00
     vertex  1.229306e+01  6.722518e+00  8.000000e+00
   endloop
 endfacet
 facet normal  0.000000e+00  0.000000e+00  1.000000e+00
   outer loop
     vertex  6.775212e+01  6.691369e+00  8.000000e+00
     vertex  1.229306e+01  6.722518e+00  8.000000e+00
     vertex  1.220228e+01  6.660844e+00  8.000000e+00
   endloop
 endfacet
 facet normal  0.000000e+00  0.000000e+00  1.000000e+00
   outer loop
     vertex  6.667603e+01  7.774868e+00  8.000000e+00
     vertex  1.335418e+01  7.820677e+00  8.000000e+00
     vertex  1.329313e+01  7.729478e+00  8.000000e+00
   endloop
 endfacet
 facet normal  0.000000e+00  0.000000e+00  1.000000e+00
   outer loop
     vertex  6.667603e+01  7.774868e+00  8.000000e+00
     vertex  1.329313e+01  7.729478e+00  8.000000e+00
     vertex  6.673832e+01  7.684516e+00  8.000000e+00
   endloop
 endfacet
 facet normal  0.000000e+00  0.000000e+00  1.000000e+00
   outer loop
     vertex  6.784374e+01  6.630946e+00  8.000000e+00
     vertex  1.220228e+01  6.660844e+00  8.000000e+00
     vertex  1.210984e+01  6.601683e+00  8.000000e+00
   endloop
 endfacet
 facet normal  0.000000e+00  0.000000e+00  1.000000e+00
   outer loop
     vertex  6.784374e+01  6.630946e+00  8.000000e+00
     vertex  6.775212e+01  6.691369e+00  8.000000e+00
     vertex  1.220228e+01  6.660844e+00  8.000000e+00
   endloop
 endfacet
 facet normal  0.000000e+00  0.000000e+00  1.000000e+00
   outer loop
     vertex  6.661623e+01  7.866896e+00  8.000000e+00
     vertex  1.341271e+01  7.913516e+00  8.000000e+00
     vertex  1.335418e+01  7.820677e+00  8.000000e+00
   endloop
 endfacet
 facet normal  0.000000e+00  0.000000e+00  1.000000e+00
   outer loop
     vertex  6.661623e+01  7.866896e+00  8.000000e+00
     vertex  1.335418e+01  7.820677e+00  8.000000e+00
     vertex  6.667603e+01  7.774868e+00  8.000000e+00
   endloop
 endfacet
 facet normal  0.000000e+00  0.000000e+00  1.000000e+00
   outer loop
     vertex  6.793697e+01  6.573059e+00  8.000000e+00
     vertex  1.210984e+01  6.601683e+00  8.000000e+00
     vertex  1.201582e+01  6.545080e+00  8.000000e+00
   endloop
 endfacet
 facet normal  0.000000e+00  0.000000e+00  1.000000e+00
   outer loop
     vertex  6.793697e+01  6.573059e+00  8.000000e+00
     vertex  6.784374e+01  6.630946e+00  8.000000e+00
     vertex  1.210984e+01  6.601683e+00  8.000000e+00
   endloop
 endfacet
 facet normal  0.000000e+00  0.000000e+00  1.000000e+00
   outer loop
     vertex  6.655899e+01  7.960529e+00  8.000000e+00
     vertex  1.341271e+01  7.913516e+00  8.000000e+00
     vertex  6.661623e+01  7.866896e+00  8.000000e+00
   endloop
 endfacet
 facet normal  0.000000e+00  0.000000e+00  1.000000e+00
   outer loop
     vertex  6.655899e+01  7.960529e+00  8.000000e+00
     vertex  1.346867e+01  8.007926e+00  8.000000e+00
     vertex  1.341271e+01  7.913516e+00  8.000000e+00
   endloop
 endfacet
 facet normal  0.000000e+00  0.000000e+00  1.000000e+00
   outer loop
     vertex  6.803177e+01  6.517752e+00  8.000000e+00
     vertex  6.793697e+01  6.573059e+00  8.000000e+00
     vertex  1.201582e+01  6.545080e+00  8.000000e+00
   endloop
 endfacet
 facet normal  0.000000e+00  0.000000e+00  1.000000e+00
   outer loop
     vertex  6.803177e+01  6.517752e+00  8.000000e+00
     vertex  1.201582e+01  6.545080e+00  8.000000e+00
     vertex  1.192028e+01  6.491079e+00  8.000000e+00
   endloop
 endfacet
 facet normal  0.000000e+00  0.000000e+00  1.000000e+00
   outer loop
     vertex  6.650433e+01  8.055697e+00  8.000000e+00
     vertex  1.352201e+01  8.103835e+00  8.000000e+00
     vertex  1.346867e+01  8.007926e+00  8.000000e+00
   endloop
 endfacet
 facet normal  0.000000e+00  0.000000e+00  1.000000e+00
   outer loop
     vertex  6.650433e+01  8.055697e+00  8.000000e+00
     vertex  1.346867e+01  8.007926e+00  8.000000e+00
     vertex  6.655899e+01  7.960529e+00  8.000000e+00
   endloop
 endfacet
 facet normal  0.000000e+00  0.000000e+00  1.000000e+00
   outer loop
     vertex  6.812804e+01  6.465066e+00  8.000000e+00
     vertex  1.192028e+01  6.491079e+00  8.000000e+00
     vertex  1.182329e+01  6.439718e+00  8.000000e+00
   endloop
 endfacet
 facet normal  0.000000e+00  0.000000e+00  1.000000e+00
   outer loop
     vertex  6.812804e+01  6.465066e+00  8.000000e+00
     vertex  6.803177e+01  6.517752e+00  8.000000e+00
     vertex  1.192028e+01  6.491079e+00  8.000000e+00
   endloop
 endfacet
 facet normal  0.000000e+00  0.000000e+00  1.000000e+00
   outer loop
     vertex  6.645231e+01  8.152330e+00  8.000000e+00
     vertex  1.357270e+01  8.201172e+00  8.000000e+00
     vertex  1.352201e+01  8.103835e+00  8.000000e+00
   endloop
 endfacet
 facet normal  0.000000e+00  0.000000e+00  1.000000e+00
   outer loop
     vertex  6.645231e+01  8.152330e+00  8.000000e+00
     vertex  1.352201e+01  8.103835e+00  8.000000e+00
     vertex  6.650433e+01  8.055697e+00  8.000000e+00
   endloop
 endfacet
 facet normal  0.000000e+00  0.000000e+00  1.000000e+00
   outer loop
     vertex  6.822572e+01  6.415041e+00  8.000000e+00
     vertex  1.182329e+01  6.439718e+00  8.000000e+00
     vertex  1.172493e+01  6.391038e+00  8.000000e+00
   endloop
 endfacet
 facet normal  0.000000e+00  0.000000e+00  1.000000e+00
   outer loop
     vertex  6.822572e+01  6.415041e+00  8.000000e+00
     vertex  6.812804e+01  6.465066e+00  8.000000e+00
     vertex  1.182329e+01  6.439718e+00  8.000000e+00
   endloop
 endfacet
 facet normal  0.000000e+00  0.000000e+00  1.000000e+00
   outer loop
     vertex  6.640295e+01  8.250353e+00  8.000000e+00
     vertex  1.362071e+01  8.299863e+00  8.000000e+00
     vertex  1.357270e+01  8.201172e+00  8.000000e+00
   endloop
 endfacet
 facet normal  0.000000e+00  0.000000e+00  1.000000e+00
   outer loop
     vertex  6.640295e+01  8.250353e+00  8.000000e+00
     vertex  1.357270e+01  8.201172e+00  8.000000e+00
     vertex  6.645231e+01  8.152330e+00  8.000000e+00
   endloop
 endfacet
 facet normal  0.000000e+00  0.000000e+00  1.000000e+00
   outer loop
     vertex  6.832474e+01  6.367715e+00  8.000000e+00
     vertex  1.172493e+01  6.391038e+00  8.000000e+00
     vertex  1.162528e+01  6.345075e+00  8.000000e+00
   endloop
 endfacet
 facet normal  0.000000e+00  0.000000e+00  1.000000e+00
   outer loop
     vertex  6.832474e+01  6.367715e+00  8.000000e+00
     vertex  6.822572e+01  6.415041e+00  8.000000e+00
     vertex  1.172493e+01  6.391038e+00  8.000000e+00
   endloop
 endfacet
 facet normal  0.000000e+00  0.000000e+00  1.000000e+00
   outer loop
     vertex  6.635631e+01  8.349693e+00  8.000000e+00
     vertex  1.366599e+01  8.399833e+00  8.000000e+00
     vertex  1.362071e+01  8.299863e+00  8.000000e+00
   endloop
 endfacet
 facet normal  0.000000e+00  0.000000e+00  1.000000e+00
   outer loop
     vertex  6.635631e+01  8.349693e+00  8.000000e+00
     vertex  1.362071e+01  8.299863e+00  8.000000e+00
     vertex  6.640295e+01  8.250353e+00  8.000000e+00
   endloop
 endfacet
 facet normal  0.000000e+00  0.000000e+00  1.000000e+00
   outer loop
     vertex  6.842502e+01  6.323122e+00  8.000000e+00
     vertex  1.162528e+01  6.345075e+00  8.000000e+00
     vertex  0.000000e+00  0.000000e+00  8.000000e+00
   endloop
 endfacet
 facet normal  0.000000e+00  0.000000e+00  1.000000e+00
   outer loop
     vertex  6.842502e+01  6.323122e+00  8.000000e+00
     vertex  6.832474e+01  6.367715e+00  8.000000e+00
     vertex  1.162528e+01  6.345075e+00  8.000000e+00
   endloop
 endfacet
 facet normal  0.000000e+00  0.000000e+00  1.000000e+00
   outer loop
     vertex  6.631241e+01  8.450275e+00  8.000000e+00
     vertex  1.370851e+01  8.501008e+00  8.000000e+00
     vertex  1.366599e+01  8.399833e+00  8.000000e+00
   endloop
 endfacet
 facet normal  0.000000e+00  0.000000e+00  1.000000e+00
   outer loop
     vertex  6.631241e+01  8.450275e+00  8.000000e+00
     vertex  1.366599e+01  8.399833e+00  8.000000e+00
     vertex  6.635631e+01  8.349693e+00  8.000000e+00
   endloop
 endfacet
 facet normal  0.000000e+00  0.000000e+00  1.000000e+00
   outer loop
     vertex  6.627128e+01  8.552024e+00  8.000000e+00
     vertex  1.374823e+01  8.603312e+00  8.000000e+00
     vertex  1.370851e+01  8.501008e+00  8.000000e+00
   endloop
 endfacet
 facet normal  0.000000e+00  0.000000e+00  1.000000e+00
   outer loop
     vertex  6.627128e+01  8.552024e+00  8.000000e+00
     vertex  1.370851e+01  8.501008e+00  8.000000e+00
     vertex  6.631241e+01  8.450275e+00  8.000000e+00
   endloop
 endfacet
 facet normal  0.000000e+00  0.000000e+00  1.000000e+00
   outer loop
     vertex  6.623296e+01  8.654863e+00  8.000000e+00
     vertex  1.378514e+01  8.706667e+00  8.000000e+00
     vertex  1.374823e+01  8.603312e+00  8.000000e+00
   endloop
 endfacet
 facet normal  0.000000e+00  0.000000e+00  1.000000e+00
   outer loop
     vertex  6.623296e+01  8.654863e+00  8.000000e+00
     vertex  1.374823e+01  8.603312e+00  8.000000e+00
     vertex  6.627128e+01  8.552024e+00  8.000000e+00
   endloop
 endfacet
 facet normal  0.000000e+00  0.000000e+00  1.000000e+00
   outer loop
     vertex  6.619747e+01  8.758714e+00  8.000000e+00
     vertex  1.381920e+01  8.810995e+00  8.000000e+00
     vertex  1.378514e+01  8.706667e+00  8.000000e+00
   endloop
 endfacet
 facet normal  0.000000e+00  0.000000e+00  1.000000e+00
   outer loop
     vertex  6.619747e+01  8.758714e+00  8.000000e+00
     vertex  1.378514e+01  8.706667e+00  8.000000e+00
     vertex  6.623296e+01  8.654863e+00  8.000000e+00
   endloop
 endfacet
 facet normal  0.000000e+00  0.000000e+00  1.000000e+00
   outer loop
     vertex  6.616485e+01  8.863500e+00  8.000000e+00
     vertex  1.385038e+01  8.916219e+00  8.000000e+00
     vertex  1.381920e+01  8.810995e+00  8.000000e+00
   endloop
 endfacet
 facet normal  0.000000e+00  0.000000e+00  1.000000e+00
   outer loop
     vertex  6.616485e+01  8.863500e+00  8.000000e+00
     vertex  1.381920e+01  8.810995e+00  8.000000e+00
     vertex  6.619747e+01  8.758714e+00  8.000000e+00
   endloop
 endfacet
 facet normal  0.000000e+00  0.000000e+00  1.000000e+00
   outer loop
     vertex  6.613512e+01  8.969142e+00  8.000000e+00
     vertex  1.387866e+01  9.022258e+00  8.000000e+00
     vertex  1.385038e+01  8.916219e+00  8.000000e+00
   endloop
 endfacet
 facet normal  0.000000e+00  0.000000e+00  1.000000e+00
   outer loop
     vertex  6.613512e+01  8.969142e+00  8.000000e+00
     vertex  1.385038e+01  8.916219e+00  8.000000e+00
     vertex  6.616485e+01  8.863500e+00  8.000000e+00
   endloop
 endfacet
 facet normal  0.000000e+00  0.000000e+00  1.000000e+00
   outer loop
     vertex  6.610829e+01  9.075559e+00  8.000000e+00
     vertex  1.390403e+01  9.129034e+00  8.000000e+00
     vertex  1.387866e+01  9.022258e+00  8.000000e+00
   endloop
 endfacet
 facet normal  0.000000e+00  0.000000e+00  1.000000e+00
   outer loop
     vertex  6.610829e+01  9.075559e+00  8.000000e+00
     vertex  1.387866e+01  9.022258e+00  8.000000e+00
     vertex  6.613512e+01  8.969142e+00  8.000000e+00
   endloop
 endfacet
 facet normal  0.000000e+00  0.000000e+00  1.000000e+00
   outer loop
     vertex  6.608439e+01  9.182672e+00  8.000000e+00
     vertex  1.392645e+01  9.236465e+00  8.000000e+00
     vertex  1.390403e+01  9.129034e+00  8.000000e+00
   endloop
 endfacet
 facet normal  0.000000e+00  0.000000e+00  1.000000e+00
   outer loop
     vertex  6.608439e+01  9.182672e+00  8.000000e+00
     vertex  1.390403e+01  9.129034e+00  8.000000e+00
     vertex  6.610829e+01  9.075559e+00  8.000000e+00
   endloop
 endfacet
 facet normal  0.000000e+00  0.000000e+00  1.000000e+00
   outer loop
     vertex  6.606344e+01  9.290401e+00  8.000000e+00
     vertex  1.392645e+01  9.236465e+00  8.000000e+00
     vertex  6.608439e+01  9.182672e+00  8.000000e+00
   endloop
 endfacet
 facet normal  0.000000e+00  0.000000e+00  1.000000e+00
   outer loop
     vertex  6.606344e+01  9.290401e+00  8.000000e+00
     vertex  1.394592e+01  9.344471e+00  8.000000e+00
     vertex  1.392645e+01  9.236465e+00  8.000000e+00
   endloop
 endfacet
 facet normal  0.000000e+00  0.000000e+00  1.000000e+00
   outer loop
     vertex  6.604546e+01  9.398664e+00  8.000000e+00
     vertex  1.394592e+01  9.344471e+00  8.000000e+00
     vertex  6.606344e+01  9.290401e+00  8.000000e+00
   endloop
 endfacet
 facet normal  0.000000e+00  0.000000e+00  1.000000e+00
   outer loop
     vertex  6.604546e+01  9.398664e+00  8.000000e+00
     vertex  1.396242e+01  9.452970e+00  8.000000e+00
     vertex  1.394592e+01  9.344471e+00  8.000000e+00
   endloop
 endfacet
 facet normal  0.000000e+00  0.000000e+00  1.000000e+00
   outer loop
     vertex  6.603045e+01  9.507379e+00  8.000000e+00
     vertex  1.396242e+01  9.452970e+00  8.000000e+00
     vertex  6.604546e+01  9.398664e+00  8.000000e+00
   endloop
 endfacet
 facet normal  0.000000e+00  0.000000e+00  1.000000e+00
   outer loop
     vertex  6.603045e+01  9.507379e+00  8.000000e+00
     vertex  1.397593e+01  9.561881e+00  8.000000e+00
     vertex  1.396242e+01  9.452970e+00  8.000000e+00
   endloop
 endfacet
 facet normal  0.000000e+00  0.000000e+00  1.000000e+00
   outer loop
     vertex  6.601843e+01  9.616465e+00  8.000000e+00
     vertex  1.398646e+01  9.671122e+00  8.000000e+00
     vertex  1.397593e+01  9.561881e+00  8.000000e+00
   endloop
 endfacet
 facet normal  0.000000e+00  0.000000e+00  1.000000e+00
   outer loop
     vertex  6.601843e+01  9.616465e+00  8.000000e+00
     vertex  1.397593e+01  9.561881e+00  8.000000e+00
     vertex  6.603045e+01  9.507379e+00  8.000000e+00
   endloop
 endfacet
 facet normal  0.000000e+00  0.000000e+00  1.000000e+00
   outer loop
     vertex  6.600941e+01  9.725840e+00  8.000000e+00
     vertex  1.399398e+01  9.780610e+00  8.000000e+00
     vertex  1.398646e+01  9.671122e+00  8.000000e+00
   endloop
 endfacet
 facet normal  0.000000e+00  0.000000e+00  1.000000e+00
   outer loop
     vertex  6.600941e+01  9.725840e+00  8.000000e+00
     vertex  1.398646e+01  9.671122e+00  8.000000e+00
     vertex  6.601843e+01  9.616465e+00  8.000000e+00
   endloop
 endfacet
 facet normal  0.000000e+00  0.000000e+00  1.000000e+00
   outer loop
     vertex  6.600339e+01  9.835422e+00  8.000000e+00
     vertex  1.399849e+01  9.890264e+00  8.000000e+00
     vertex  1.399398e+01  9.780610e+00  8.000000e+00
   endloop
 endfacet
 facet normal  0.000000e+00  0.000000e+00  1.000000e+00
   outer loop
     vertex  6.600339e+01  9.835422e+00  8.000000e+00
     vertex  1.399398e+01  9.780610e+00  8.000000e+00
     vertex  6.600941e+01  9.725840e+00  8.000000e+00
   endloop
 endfacet
 facet normal  0.000000e+00  0.000000e+00  1.000000e+00
   outer loop
     vertex  6.600038e+01  9.945127e+00  8.000000e+00
     vertex  1.400000e+01  1.000000e+01  8.000000e+00
     vertex  1.399849e+01  9.890264e+00  8.000000e+00
   endloop
 endfacet
 facet normal  0.000000e+00  0.000000e+00  1.000000e+00
   outer loop
     vertex  6.600038e+01  9.945127e+00  8.000000e+00
     vertex  1.399849e+01  9.890264e+00  8.000000e+00
     vertex  6.600339e+01  9.835422e+00  8.000000e+00
   endloop
 endfacet
 facet normal  0.000000e+00  0.000000e+00  1.000000e+00
   outer loop
     vertex  6.600038e+01  1.005487e+01  8.000000e+00
     vertex  1.400000e+01  1.000000e+01  8.000000e+00
     vertex  6.600038e+01  9.945127e+00  8.000000e+00
   endloop
 endfacet
 facet normal  0.000000e+00  0.000000e+00  1.000000e+00
   outer loop
     vertex  6.600038e+01  1.005487e+01  8.000000e+00
     vertex  1.399849e+01  1.010974e+01  8.000000e+00
     vertex  1.400000e+01  1.000000e+01  8.000000e+00
   endloop
 endfacet
 facet normal  0.000000e+00  0.000000e+00  1.000000e+00
   outer loop
     vertex  6.600339e+01  1.016458e+01  8.000000e+00
     vertex  1.399398e+01  1.021939e+01  8.000000e+00
     vertex  1.399849e+01  1.010974e+01  8.000000e+00
   endloop
 endfacet
 facet normal  0.000000e+00  0.000000e+00  1.000000e+00
   outer loop
     vertex  6.600339e+01  1.016458e+01  8.000000e+00
     vertex  1.399849e+01  1.010974e+01  8.000000e+00
     vertex  6.600038e+01  1.005487e+01  8.000000e+00
   endloop
 endfacet
 facet normal  0.000000e+00  0.000000e+00  1.000000e+00
   outer loop
     vertex  6.600941e+01  1.027416e+01  8.000000e+00
     vertex  1.399398e+01  1.021939e+01  8.000000e+00
     vertex  6.600339e+01  1.016458e+01  8.000000e+00
   endloop
 endfacet
 facet normal  0.000000e+00  0.000000e+00  1.000000e+00
   outer loop
     vertex  6.600941e+01  1.027416e+01  8.000000e+00
     vertex  1.398646e+01  1.032888e+01  8.000000e+00
     vertex  1.399398e+01  1.021939e+01  8.000000e+00
   endloop
 endfacet
 facet normal  0.000000e+00  0.000000e+00  1.000000e+00
   outer loop
     vertex  6.601843e+01  1.038353e+01  8.000000e+00
     vertex  1.397593e+01  1.043812e+01  8.000000e+00
     vertex  1.398646e+01  1.032888e+01  8.000000e+00
   endloop
 endfacet
 facet normal  0.000000e+00  0.000000e+00  1.000000e+00
   outer loop
     vertex  6.601843e+01  1.038353e+01  8.000000e+00
     vertex  1.398646e+01  1.032888e+01  8.000000e+00
     vertex  6.600941e+01  1.027416e+01  8.000000e+00
   endloop
 endfacet
 facet normal  0.000000e+00  0.000000e+00  1.000000e+00
   outer loop
     vertex  6.603045e+01  1.049262e+01  8.000000e+00
     vertex  1.396242e+01  1.054703e+01  8.000000e+00
     vertex  1.397593e+01  1.043812e+01  8.000000e+00
   endloop
 endfacet
 facet normal  0.000000e+00  0.000000e+00  1.000000e+00
   outer loop
     vertex  6.603045e+01  1.049262e+01  8.000000e+00
     vertex  1.397593e+01  1.043812e+01  8.000000e+00
     vertex  6.601843e+01  1.038353e+01  8.000000e+00
   endloop
 endfacet
 facet normal  0.000000e+00  0.000000e+00  1.000000e+00
   outer loop
     vertex  6.604546e+01  1.060134e+01  8.000000e+00
     vertex  1.396242e+01  1.054703e+01  8.000000e+00
     vertex  6.603045e+01  1.049262e+01  8.000000e+00
   endloop
 endfacet
 facet normal  0.000000e+00  0.000000e+00  1.000000e+00
   outer loop
     vertex  6.604546e+01  1.060134e+01  8.000000e+00
     vertex  1.394592e+01  1.065553e+01  8.000000e+00
     vertex  1.396242e+01  1.054703e+01  8.000000e+00
   endloop
 endfacet
 facet normal  0.000000e+00  0.000000e+00  1.000000e+00
   outer loop
     vertex  6.606344e+01  1.070960e+01  8.000000e+00
     vertex  1.394592e+01  1.065553e+01  8.000000e+00
     vertex  6.604546e+01  1.060134e+01  8.000000e+00
   endloop
 endfacet
 facet normal  0.000000e+00  0.000000e+00  1.000000e+00
   outer loop
     vertex  6.606344e+01  1.070960e+01  8.000000e+00
     vertex  1.392645e+01  1.076354e+01  8.000000e+00
     vertex  1.394592e+01  1.065553e+01  8.000000e+00
   endloop
 endfacet
 facet normal  0.000000e+00  0.000000e+00  1.000000e+00
   outer loop
     vertex  6.608439e+01  1.081733e+01  8.000000e+00
     vertex  1.392645e+01  1.076354e+01  8.000000e+00
     vertex  6.606344e+01  1.070960e+01  8.000000e+00
   endloop
 endfacet
 facet normal  0.000000e+00  0.000000e+00  1.000000e+00
   outer loop
     vertex  6.608439e+01  1.081733e+01  8.000000e+00
     vertex  1.390403e+01  1.087097e+01  8.000000e+00
     vertex  1.392645e+01  1.076354e+01  8.000000e+00
   endloop
 endfacet
 facet normal  0.000000e+00  0.000000e+00  1.000000e+00
   outer loop
     vertex  6.610829e+01  1.092444e+01  8.000000e+00
     vertex  1.387866e+01  1.097774e+01  8.000000e+00
     vertex  1.390403e+01  1.087097e+01  8.000000e+00
   endloop
 endfacet
 facet normal  0.000000e+00  0.000000e+00  1.000000e+00
   outer loop
     vertex  6.610829e+01  1.092444e+01  8.000000e+00
     vertex  1.390403e+01  1.087097e+01  8.000000e+00
     vertex  6.608439e+01  1.081733e+01  8.000000e+00
   endloop
 endfacet
 facet normal  0.000000e+00  0.000000e+00  1.000000e+00
   outer loop
     vertex  6.613512e+01  1.103086e+01  8.000000e+00
     vertex  1.385038e+01  1.108378e+01  8.000000e+00
     vertex  1.387866e+01  1.097774e+01  8.000000e+00
   endloop
 endfacet
 facet normal  0.000000e+00  0.000000e+00  1.000000e+00
   outer loop
     vertex  6.613512e+01  1.103086e+01  8.000000e+00
     vertex  1.387866e+01  1.097774e+01  8.000000e+00
     vertex  6.610829e+01  1.092444e+01  8.000000e+00
   endloop
 endfacet
 facet normal  0.000000e+00  0.000000e+00  1.000000e+00
   outer loop
     vertex  6.616485e+01  1.113650e+01  8.000000e+00
     vertex  1.381920e+01  1.118900e+01  8.000000e+00
     vertex  1.385038e+01  1.108378e+01  8.000000e+00
   endloop
 endfacet
 facet normal  0.000000e+00  0.000000e+00  1.000000e+00
   outer loop
     vertex  6.616485e+01  1.113650e+01  8.000000e+00
     vertex  1.385038e+01  1.108378e+01  8.000000e+00
     vertex  6.613512e+01  1.103086e+01  8.000000e+00
   endloop
 endfacet
 facet normal  0.000000e+00  0.000000e+00  1.000000e+00
   outer loop
     vertex  6.619747e+01  1.124129e+01  8.000000e+00
     vertex  1.378514e+01  1.129333e+01  8.000000e+00
     vertex  1.381920e+01  1.118900e+01  8.000000e+00
   endloop
 endfacet
 facet normal  0.000000e+00  0.000000e+00  1.000000e+00
   outer loop
     vertex  6.619747e+01  1.124129e+01  8.000000e+00
     vertex  1.381920e+01  1.118900e+01  8.000000e+00
     vertex  6.616485e+01  1.113650e+01  8.000000e+00
   endloop
 endfacet
 facet normal  0.000000e+00  0.000000e+00  1.000000e+00
   outer loop
     vertex  6.623296e+01  1.134514e+01  8.000000e+00
     vertex  1.374823e+01  1.139669e+01  8.000000e+00
     vertex  1.378514e+01  1.129333e+01  8.000000e+00
   endloop
 endfacet
 facet normal  0.000000e+00  0.000000e+00  1.000000e+00
   outer loop
     vertex  6.623296e+01  1.134514e+01  8.000000e+00
     vertex  1.378514e+01  1.129333e+01  8.000000e+00
     vertex  6.619747e+01  1.124129e+01  8.000000e+00
   endloop
 endfacet
 facet normal  0.000000e+00  0.000000e+00  1.000000e+00
   outer loop
     vertex  6.627128e+01  1.144798e+01  8.000000e+00
     vertex  1.370851e+01  1.149899e+01  8.000000e+00
     vertex  1.374823e+01  1.139669e+01  8.000000e+00
   endloop
 endfacet
 facet normal  0.000000e+00  0.000000e+00  1.000000e+00
   outer loop
     vertex  6.627128e+01  1.144798e+01  8.000000e+00
     vertex  1.374823e+01  1.139669e+01  8.000000e+00
     vertex  6.623296e+01  1.134514e+01  8.000000e+00
   endloop
 endfacet
 facet normal  0.000000e+00  0.000000e+00  1.000000e+00
   outer loop
     vertex  6.631241e+01  1.154973e+01  8.000000e+00
     vertex  1.366599e+01  1.160017e+01  8.000000e+00
     vertex  1.370851e+01  1.149899e+01  8.000000e+00
   endloop
 endfacet
 facet normal  0.000000e+00  0.000000e+00  1.000000e+00
   outer loop
     vertex  6.631241e+01  1.154973e+01  8.000000e+00
     vertex  1.370851e+01  1.149899e+01  8.000000e+00
     vertex  6.627128e+01  1.144798e+01  8.000000e+00
   endloop
 endfacet
 facet normal  0.000000e+00  0.000000e+00  1.000000e+00
   outer loop
     vertex  6.635631e+01  1.165031e+01  8.000000e+00
     vertex  1.362071e+01  1.170014e+01  8.000000e+00
     vertex  1.366599e+01  1.160017e+01  8.000000e+00
   endloop
 endfacet
 facet normal  0.000000e+00  0.000000e+00  1.000000e+00
   outer loop
     vertex  6.635631e+01  1.165031e+01  8.000000e+00
     vertex  1.366599e+01  1.160017e+01  8.000000e+00
     vertex  6.631241e+01  1.154973e+01  8.000000e+00
   endloop
 endfacet
 facet normal  0.000000e+00  0.000000e+00  1.000000e+00
   outer loop
     vertex  6.640295e+01  1.174965e+01  8.000000e+00
     vertex  1.357270e+01  1.179883e+01  8.000000e+00
     vertex  1.362071e+01  1.170014e+01  8.000000e+00
   endloop
 endfacet
 facet normal  0.000000e+00  0.000000e+00  1.000000e+00
   outer loop
     vertex  6.640295e+01  1.174965e+01  8.000000e+00
     vertex  1.362071e+01  1.170014e+01  8.000000e+00
     vertex  6.635631e+01  1.165031e+01  8.000000e+00
   endloop
 endfacet
 facet normal  0.000000e+00  0.000000e+00  1.000000e+00
   outer loop
     vertex  8.000000e+01  0.000000e+00  8.000000e+00
     vertex  6.873266e+01  6.206077e+00  8.000000e+00
     vertex  6.862906e+01  6.242273e+00  8.000000e+00
   endloop
 endfacet
 facet normal  0.000000e+00  0.000000e+00  1.000000e+00
   outer loop
     vertex  8.000000e+01  0.000000e+00  8.000000e+00
     vertex  6.862906e+01  6.242273e+00  8.000000e+00
     vertex  6.852648e+01  6.281298e+00  8.000000e+00
   endloop
 endfacet
 facet normal  0.000000e+00  0.000000e+00  1.000000e+00
   outer loop
     vertex  8.000000e+01  0.000000e+00  8.000000e+00
     vertex  6.852648e+01  6.281298e+00  8.000000e+00
     vertex  6.842502e+01  6.323122e+00  8.000000e+00
   endloop
 endfacet
 facet normal  0.000000e+00  0.000000e+00  1.000000e+00
   outer loop
     vertex  8.000000e+01  0.000000e+00  8.000000e+00
     vertex  7.279918e+01  7.142621e+00  8.000000e+00
     vertex  7.271973e+01  7.066904e+00  8.000000e+00
   endloop
 endfacet
 facet normal  0.000000e+00  0.000000e+00  1.000000e+00
   outer loop
     vertex  8.000000e+01  0.000000e+00  8.000000e+00
     vertex  7.271973e+01  7.066904e+00  8.000000e+00
     vertex  7.263824e+01  6.993395e+00  8.000000e+00
   endloop
 endfacet
 facet normal  0.000000e+00  0.000000e+00  1.000000e+00
   outer loop
     vertex  8.000000e+01  0.000000e+00  8.000000e+00
     vertex  7.263824e+01  6.993395e+00  8.000000e+00
     vertex  7.255477e+01  6.922149e+00  8.000000e+00
   endloop
 endfacet
 facet normal  0.000000e+00  0.000000e+00  1.000000e+00
   outer loop
     vertex  8.000000e+01  0.000000e+00  8.000000e+00
     vertex  6.842502e+01  6.323122e+00  8.000000e+00
     vertex  0.000000e+00  0.000000e+00  8.000000e+00
   endloop
 endfacet
 facet normal  0.000000e+00  0.000000e+00  1.000000e+00
   outer loop
     vertex  8.000000e+01  0.000000e+00  8.000000e+00
     vertex  7.255477e+01  6.922149e+00  8.000000e+00
     vertex  7.246937e+01  6.853220e+00  8.000000e+00
   endloop
 endfacet
 facet normal  0.000000e+00  0.000000e+00  1.000000e+00
   outer loop
     vertex  8.000000e+01  0.000000e+00  8.000000e+00
     vertex  7.246937e+01  6.853220e+00  8.000000e+00
     vertex  7.238211e+01  6.786659e+00  8.000000e+00
   endloop
 endfacet
 facet normal  0.000000e+00  0.000000e+00  1.000000e+00
   outer loop
     vertex  8.000000e+01  0.000000e+00  8.000000e+00
     vertex  7.238211e+01  6.786659e+00  8.000000e+00
     vertex  7.229306e+01  6.722518e+00  8.000000e+00
   endloop
 endfacet
 facet normal  0.000000e+00  0.000000e+00  1.000000e+00
   outer loop
     vertex  8.000000e+01  0.000000e+00  8.000000e+00
     vertex  7.229306e+01  6.722518e+00  8.000000e+00
     vertex  7.220228e+01  6.660844e+00  8.000000e+00
   endloop
 endfacet
 facet normal  0.000000e+00  0.000000e+00  1.000000e+00
   outer loop
     vertex  8.000000e+01  0.000000e+00  8.000000e+00
     vertex  7.220228e+01  6.660844e+00  8.000000e+00
     vertex  7.210984e+01  6.601683e+00  8.000000e+00
   endloop
 endfacet
 facet normal  0.000000e+00  0.000000e+00  1.000000e+00
   outer loop
     vertex  8.000000e+01  0.000000e+00  8.000000e+00
     vertex  7.210984e+01  6.601683e+00  8.000000e+00
     vertex  7.201582e+01  6.545080e+00  8.000000e+00
   endloop
 endfacet
 facet normal  0.000000e+00  0.000000e+00  1.000000e+00
   outer loop
     vertex  8.000000e+01  0.000000e+00  8.000000e+00
     vertex  7.201582e+01  6.545080e+00  8.000000e+00
     vertex  7.192028e+01  6.491079e+00  8.000000e+00
   endloop
 endfacet
 facet normal  0.000000e+00  0.000000e+00  1.000000e+00
   outer loop
     vertex  8.000000e+01  0.000000e+00  8.000000e+00
     vertex  7.192028e+01  6.491079e+00  8.000000e+00
     vertex  7.182329e+01  6.439718e+00  8.000000e+00
   endloop
 endfacet
 facet normal  0.000000e+00  0.000000e+00  1.000000e+00
   outer loop
     vertex  8.000000e+01  0.000000e+00  8.000000e+00
     vertex  7.182329e+01  6.439718e+00  8.000000e+00
     vertex  7.172493e+01  6.391038e+00  8.000000e+00
   endloop
 endfacet
 facet normal  0.000000e+00  0.000000e+00  1.000000e+00
   outer loop
     vertex  8.000000e+01  0.000000e+00  8.000000e+00
     vertex  7.172493e+01  6.391038e+00  8.000000e+00
     vertex  7.162528e+01  6.345075e+00  8.000000e+00
   endloop
 endfacet
 facet normal  0.000000e+00  0.000000e+00  1.000000e+00
   outer loop
     vertex  8.000000e+01  0.000000e+00  8.000000e+00
     vertex  7.162528e+01  6.345075e+00  8.000000e+00
     vertex  7.152439e+01  6.301862e+00  8.000000e+00
   endloop
 endfacet
 facet normal  0.000000e+00  0.000000e+00  1.000000e+00
   outer loop
     vertex  8.000000e+01  0.000000e+00  8.000000e+00
     vertex  7.152439e+01  6.301862e+00  8.000000e+00
     vertex  7.142237e+01  6.261434e+00  8.000000e+00
   endloop
 endfacet
 facet normal  0.000000e+00  0.000000e+00  1.000000e+00
   outer loop
     vertex  8.000000e+01  0.000000e+00  8.000000e+00
     vertex  7.142237e+01  6.261434e+00  8.000000e+00
     vertex  7.131927e+01  6.223820e+00  8.000000e+00
   endloop
 endfacet
 facet normal  0.000000e+00  0.000000e+00  1.000000e+00
   outer loop
     vertex  8.000000e+01  0.000000e+00  8.000000e+00
     vertex  7.131927e+01  6.223820e+00  8.000000e+00
     vertex  7.121517e+01  6.189048e+00  8.000000e+00
   endloop
 endfacet
 facet normal  0.000000e+00  0.000000e+00  1.000000e+00
   outer loop
     vertex  8.000000e+01  0.000000e+00  8.000000e+00
     vertex  7.121517e+01  6.189048e+00  8.000000e+00
     vertex  7.111017e+01  6.157146e+00  8.000000e+00
   endloop
 endfacet
 facet normal  0.000000e+00  0.000000e+00  1.000000e+00
   outer loop
     vertex  8.000000e+01  0.000000e+00  8.000000e+00
     vertex  7.111017e+01  6.157146e+00  8.000000e+00
     vertex  7.100432e+01  6.128136e+00  8.000000e+00
   endloop
 endfacet
 facet normal  0.000000e+00  0.000000e+00  1.000000e+00
   outer loop
     vertex  8.000000e+01  0.000000e+00  8.000000e+00
     vertex  7.100432e+01  6.128136e+00  8.000000e+00
     vertex  7.089772e+01  6.102040e+00  8.000000e+00
   endloop
 endfacet
 facet normal  0.000000e+00  0.000000e+00  1.000000e+00
   outer loop
     vertex  8.000000e+01  0.000000e+00  8.000000e+00
     vertex  7.089772e+01  6.102040e+00  8.000000e+00
     vertex  7.079045e+01  6.078879e+00  8.000000e+00
   endloop
 endfacet
 facet normal  0.000000e+00  0.000000e+00  1.000000e+00
   outer loop
     vertex  8.000000e+01  0.000000e+00  8.000000e+00
     vertex  7.079045e+01  6.078879e+00  8.000000e+00
     vertex  7.068258e+01  6.058670e+00  8.000000e+00
   endloop
 endfacet
 facet normal  0.000000e+00  0.000000e+00  1.000000e+00
   outer loop
     vertex  8.000000e+01  0.000000e+00  8.000000e+00
     vertex  7.068258e+01  6.058670e+00  8.000000e+00
     vertex  7.057420e+01  6.041427e+00  8.000000e+00
   endloop
 endfacet
 facet normal  0.000000e+00  0.000000e+00  1.000000e+00
   outer loop
     vertex  8.000000e+01  0.000000e+00  8.000000e+00
     vertex  7.057420e+01  6.041427e+00  8.000000e+00
     vertex  7.046538e+01  6.027165e+00  8.000000e+00
   endloop
 endfacet
 facet normal  0.000000e+00  0.000000e+00  1.000000e+00
   outer loop
     vertex  8.000000e+01  0.000000e+00  8.000000e+00
     vertex  7.046538e+01  6.027165e+00  8.000000e+00
     vertex  7.035621e+01  6.015893e+00  8.000000e+00
   endloop
 endfacet
 facet normal  0.000000e+00  0.000000e+00  1.000000e+00
   outer loop
     vertex  8.000000e+01  0.000000e+00  8.000000e+00
     vertex  7.035621e+01  6.015893e+00  8.000000e+00
     vertex  7.024678e+01  6.007620e+00  8.000000e+00
   endloop
 endfacet
 facet normal  0.000000e+00  0.000000e+00  1.000000e+00
   outer loop
     vertex  8.000000e+01  0.000000e+00  8.000000e+00
     vertex  7.024678e+01  6.007620e+00  8.000000e+00
     vertex  7.013716e+01  6.002352e+00  8.000000e+00
   endloop
 endfacet
 facet normal  0.000000e+00  0.000000e+00  1.000000e+00
   outer loop
     vertex  8.000000e+01  0.000000e+00  8.000000e+00
     vertex  7.013716e+01  6.002352e+00  8.000000e+00
     vertex  7.002744e+01  6.000094e+00  8.000000e+00
   endloop
 endfacet
 facet normal  0.000000e+00  0.000000e+00  1.000000e+00
   outer loop
     vertex  8.000000e+01  0.000000e+00  8.000000e+00
     vertex  7.002744e+01  6.000094e+00  8.000000e+00
     vertex  6.991769e+01  6.000847e+00  8.000000e+00
   endloop
 endfacet
 facet normal  0.000000e+00  0.000000e+00  1.000000e+00
   outer loop
     vertex  8.000000e+01  0.000000e+00  8.000000e+00
     vertex  6.991769e+01  6.000847e+00  8.000000e+00
     vertex  6.980801e+01  6.004610e+00  8.000000e+00
   endloop
 endfacet
 facet normal  0.000000e+00  0.000000e+00  1.000000e+00
   outer loop
     vertex  8.000000e+01  0.000000e+00  8.000000e+00
     vertex  6.980801e+01  6.004610e+00  8.000000e+00
     vertex  6.969847e+01  6.011381e+00  8.000000e+00
   endloop
 endfacet
 facet normal  0.000000e+00  0.000000e+00  1.000000e+00
   outer loop
     vertex  8.000000e+01  0.000000e+00  8.000000e+00
     vertex  6.969847e+01  6.011381e+00  8.000000e+00
     vertex  6.958916e+01  6.021154e+00  8.000000e+00
   endloop
 endfacet
 facet normal  0.000000e+00  0.000000e+00  1.000000e+00
   outer loop
     vertex  8.000000e+01  0.000000e+00  8.000000e+00
     vertex  6.958916e+01  6.021154e+00  8.000000e+00
     vertex  6.948016e+01  6.033923e+00  8.000000e+00
   endloop
 endfacet
 facet normal  0.000000e+00  0.000000e+00  1.000000e+00
   outer loop
     vertex  8.000000e+01  0.000000e+00  8.000000e+00
     vertex  6.948016e+01  6.033923e+00  8.000000e+00
     vertex  6.937155e+01  6.049677e+00  8.000000e+00
   endloop
 endfacet
 facet normal  0.000000e+00  0.000000e+00  1.000000e+00
   outer loop
     vertex  8.000000e+01  0.000000e+00  8.000000e+00
     vertex  6.937155e+01  6.049677e+00  8.000000e+00
     vertex  6.926342e+01  6.068404e+00  8.000000e+00
   endloop
 endfacet
 facet normal  0.000000e+00  0.000000e+00  1.000000e+00
   outer loop
     vertex  8.000000e+01  0.000000e+00  8.000000e+00
     vertex  6.926342e+01  6.068404e+00  8.000000e+00
     vertex  6.915583e+01  6.090092e+00  8.000000e+00
   endloop
 endfacet
 facet normal  0.000000e+00  0.000000e+00  1.000000e+00
   outer loop
     vertex  8.000000e+01  0.000000e+00  8.000000e+00
     vertex  6.915583e+01  6.090092e+00  8.000000e+00
     vertex  6.904889e+01  6.114722e+00  8.000000e+00
   endloop
 endfacet
 facet normal  0.000000e+00  0.000000e+00  1.000000e+00
   outer loop
     vertex  8.000000e+01  0.000000e+00  8.000000e+00
     vertex  6.904889e+01  6.114722e+00  8.000000e+00
     vertex  6.894266e+01  6.142278e+00  8.000000e+00
   endloop
 endfacet
 facet normal  0.000000e+00  0.000000e+00  1.000000e+00
   outer loop
     vertex  8.000000e+01  0.000000e+00  8.000000e+00
     vertex  6.894266e+01  6.142278e+00  8.000000e+00
     vertex  6.883722e+01  6.172737e+00  8.000000e+00
   endloop
 endfacet
 facet normal  0.000000e+00  0.000000e+00  1.000000e+00
   outer loop
     vertex  8.000000e+01  0.000000e+00  8.000000e+00
     vertex  6.883722e+01  6.172737e+00  8.000000e+00
     vertex  6.873266e+01  6.206077e+00  8.000000e+00
   endloop
 endfacet
 facet normal  0.000000e+00  0.000000e+00  1.000000e+00
   outer loop
     vertex  7.287651e+01  7.220489e+00  8.000000e+00
     vertex  7.279918e+01  7.142621e+00  8.000000e+00
     vertex  8.000000e+01  0.000000e+00  8.000000e+00
   endloop
 endfacet
 facet normal  0.000000e+00  0.000000e+00  1.000000e+00
   outer loop
     vertex  7.295168e+01  7.300450e+00  8.000000e+00
     vertex  7.287651e+01  7.220489e+00  8.000000e+00
     vertex  8.000000e+01  0.000000e+00  8.000000e+00
   endloop
 endfacet
 facet normal  0.000000e+00  0.000000e+00  1.000000e+00
   outer loop
     vertex  7.302463e+01  7.382443e+00  8.000000e+00
     vertex  7.295168e+01  7.300450e+00  8.000000e+00
     vertex  8.000000e+01  0.000000e+00  8.000000e+00
   endloop
 endfacet
 facet normal  0.000000e+00  0.000000e+00  1.000000e+00
   outer loop
     vertex  7.309530e+01  7.466406e+00  8.000000e+00
     vertex  7.302463e+01  7.382443e+00  8.000000e+00
     vertex  8.000000e+01  0.000000e+00  8.000000e+00
   endloop
 endfacet
 facet normal  0.000000e+00  0.000000e+00  1.000000e+00
   outer loop
     vertex  7.316364e+01  7.552276e+00  8.000000e+00
     vertex  7.309530e+01  7.466406e+00  8.000000e+00
     vertex  8.000000e+01  0.000000e+00  8.000000e+00
   endloop
 endfacet
 facet normal  0.000000e+00  0.000000e+00  1.000000e+00
   outer loop
     vertex  7.322960e+01  7.639989e+00  8.000000e+00
     vertex  7.316364e+01  7.552276e+00  8.000000e+00
     vertex  8.000000e+01  0.000000e+00  8.000000e+00
   endloop
 endfacet
 facet normal  0.000000e+00  0.000000e+00  1.000000e+00
   outer loop
     vertex  7.329313e+01  7.729478e+00  8.000000e+00
     vertex  7.322960e+01  7.639989e+00  8.000000e+00
     vertex  8.000000e+01  0.000000e+00  8.000000e+00
   endloop
 endfacet
 facet normal  0.000000e+00  0.000000e+00  1.000000e+00
   outer loop
     vertex  7.335418e+01  7.820677e+00  8.000000e+00
     vertex  7.329313e+01  7.729478e+00  8.000000e+00
     vertex  8.000000e+01  0.000000e+00  8.000000e+00
   endloop
 endfacet
 facet normal  0.000000e+00  0.000000e+00  1.000000e+00
   outer loop
     vertex  7.341271e+01  7.913516e+00  8.000000e+00
     vertex  7.335418e+01  7.820677e+00  8.000000e+00
     vertex  8.000000e+01  0.000000e+00  8.000000e+00
   endloop
 endfacet
 facet normal  0.000000e+00  0.000000e+00  1.000000e+00
   outer loop
     vertex  7.346867e+01  8.007926e+00  8.000000e+00
     vertex  7.341271e+01  7.913516e+00  8.000000e+00
     vertex  8.000000e+01  0.000000e+00  8.000000e+00
   endloop
 endfacet
 facet normal  0.000000e+00  0.000000e+00  1.000000e+00
   outer loop
     vertex  7.352201e+01  8.103835e+00  8.000000e+00
     vertex  7.346867e+01  8.007926e+00  8.000000e+00
     vertex  8.000000e+01  0.000000e+00  8.000000e+00
   endloop
 endfacet
 facet normal  0.000000e+00  0.000000e+00  1.000000e+00
   outer loop
     vertex  7.357270e+01  8.201172e+00  8.000000e+00
     vertex  7.352201e+01  8.103835e+00  8.000000e+00
     vertex  8.000000e+01  0.000000e+00  8.000000e+00
   endloop
 endfacet
 facet normal  0.000000e+00  0.000000e+00  1.000000e+00
   outer loop
     vertex  7.362071e+01  8.299863e+00  8.000000e+00
     vertex  7.357270e+01  8.201172e+00  8.000000e+00
     vertex  8.000000e+01  0.000000e+00  8.000000e+00
   endloop
 endfacet
 facet normal  0.000000e+00  0.000000e+00  1.000000e+00
   outer loop
     vertex  7.366599e+01  8.399833e+00  8.000000e+00
     vertex  7.362071e+01  8.299863e+00  8.000000e+00
     vertex  8.000000e+01  0.000000e+00  8.000000e+00
   endloop
 endfacet
 facet normal  0.000000e+00  0.000000e+00  1.000000e+00
   outer loop
     vertex  7.370851e+01  8.501008e+00  8.000000e+00
     vertex  7.366599e+01  8.399833e+00  8.000000e+00
     vertex  8.000000e+01  0.000000e+00  8.000000e+00
   endloop
 endfacet
 facet normal  0.000000e+00  0.000000e+00  1.000000e+00
   outer loop
     vertex  7.374823e+01  8.603312e+00  8.000000e+00
     vertex  7.370851e+01  8.501008e+00  8.000000e+00
     vertex  8.000000e+01  0.000000e+00  8.000000e+00
   endloop
 endfacet
 facet normal  0.000000e+00  0.000000e+00  1.000000e+00
   outer loop
     vertex  7.378514e+01  8.706667e+00  8.000000e+00
     vertex  7.374823e+01  8.603312e+00  8.000000e+00
     vertex  8.000000e+01  0.000000e+00  8.000000e+00
   endloop
 endfacet
 facet normal  0.000000e+00  0.000000e+00  1.000000e+00
   outer loop
     vertex  7.381920e+01  8.810995e+00  8.000000e+00
     vertex  7.378514e+01  8.706667e+00  8.000000e+00
     vertex  8.000000e+01  0.000000e+00  8.000000e+00
   endloop
 endfacet
 facet normal  0.000000e+00  0.000000e+00  1.000000e+00
   outer loop
     vertex  7.385038e+01  8.916219e+00  8.000000e+00
     vertex  7.381920e+01  8.810995e+00  8.000000e+00
     vertex  8.000000e+01  0.000000e+00  8.000000e+00
   endloop
 endfacet
 facet normal  0.000000e+00  0.000000e+00  1.000000e+00
   outer loop
     vertex  7.387866e+01  9.022258e+00  8.000000e+00
     vertex  7.385038e+01  8.916219e+00  8.000000e+00
     vertex  8.000000e+01  0.000000e+00  8.000000e+00
   endloop
 endfacet
 facet normal  0.000000e+00  0.000000e+00  1.000000e+00
   outer loop
     vertex  7.390403e+01  9.129034e+00  8.000000e+00
     vertex  7.387866e+01  9.022258e+00  8.000000e+00
     vertex  8.000000e+01  0.000000e+00  8.000000e+00
   endloop
 endfacet
 facet normal  0.000000e+00  0.000000e+00  1.000000e+00
   outer loop
     vertex  7.392645e+01  9.236465e+00  8.000000e+00
     vertex  7.390403e+01  9.129034e+00  8.000000e+00
     vertex  8.000000e+01  0.000000e+00  8.000000e+00
   endloop
 endfacet
 facet normal  0.000000e+00  0.000000e+00  1.000000e+00
   outer loop
     vertex  7.394592e+01  9.344471e+00  8.000000e+00
     vertex  7.392645e+01  9.236465e+00  8.000000e+00
     vertex  8.000000e+01  0.000000e+00  8.000000e+00
   endloop
 endfacet
 facet normal  0.000000e+00  0.000000e+00  1.000000e+00
   outer loop
     vertex  7.396242e+01  9.452970e+00  8.000000e+00
     vertex  7.394592e+01  9.344471e+00  8.000000e+00
     vertex  8.000000e+01  0.000000e+00  8.000000e+00
   endloop
 endfacet
 facet normal  0.000000e+00  0.000000e+00  1.000000e+00
   outer loop
     vertex  7.397593e+01  9.561881e+00  8.000000e+00
     vertex  7.396242e+01  9.452970e+00  8.000000e+00
     vertex  8.000000e+01  0.000000e+00  8.000000e+00
   endloop
 endfacet
 facet normal  0.000000e+00  0.000000e+00  1.000000e+00
   outer loop
     vertex  7.398646e+01  9.671122e+00  8.000000e+00
     vertex  7.397593e+01  9.561881e+00  8.000000e+00
     vertex  8.000000e+01  0.000000e+00  8.000000e+00
   endloop
 endfacet
 facet normal  0.000000e+00  0.000000e+00  1.000000e+00
   outer loop
     vertex  7.399398e+01  9.780610e+00  8.000000e+00
     vertex  7.398646e+01  9.671122e+00  8.000000e+00
     vertex  8.000000e+01  0.000000e+00  8.000000e+00
   endloop
 endfacet
 facet normal  0.000000e+00  0.000000e+00  1.000000e+00
   outer loop
     vertex  7.399849e+01  9.890264e+00  8.000000e+00
     vertex  7.399398e+01  9.780610e+00  8.000000e+00
     vertex  8.000000e+01  0.000000e+00  8.000000e+00
   endloop
 endfacet
 facet normal  0.000000e+00  0.000000e+00  1.000000e+00
   outer loop
     vertex  7.400000e+01  1.000000e+01  8.000000e+00
     vertex  7.399849e+01  9.890264e+00  8.000000e+00
     vertex  8.000000e+01  0.000000e+00  8.000000e+00
   endloop
 endfacet
 facet normal  0.000000e+00  0.000000e+00  1.000000e+00
   outer loop
     vertex  7.399849e+01  1.010974e+01  8.000000e+00
     vertex  7.400000e+01  1.000000e+01  8.000000e+00
     vertex  8.000000e+01  0.000000e+00  8.000000e+00
   endloop
 endfacet
 facet normal  0.000000e+00  0.000000e+00  1.000000e+00
   outer loop
     vertex  7.399398e+01  1.021939e+01  8.000000e+00
     vertex  7.399849e+01  1.010974e+01  8.000000e+00
     vertex  8.000000e+01  0.000000e+00  8.000000e+00
   endloop
 endfacet
 facet normal  0.000000e+00  0.000000e+00  1.000000e+00
   outer loop
     vertex  7.398646e+01  1.032888e+01  8.000000e+00
     vertex  7.399398e+01  1.021939e+01  8.000000e+00
     vertex  8.000000e+01  0.000000e+00  8.000000e+00
   endloop
 endfacet
 facet normal  0.000000e+00  0.000000e+00  1.000000e+00
   outer loop
     vertex  7.397593e+01  1.043812e+01  8.000000e+00
     vertex  7.398646e+01  1.032888e+01  8.000000e+00
     vertex  8.000000e+01  0.000000e+00  8.000000e+00
   endloop
 endfacet
 facet normal  0.000000e+00  0.000000e+00  1.000000e+00
   outer loop
     vertex  7.396242e+01  1.054703e+01  8.000000e+00
     vertex  7.397593e+01  1.043812e+01  8.000000e+00
     vertex  8.000000e+01  0.000000e+00  8.000000e+00
   endloop
 endfacet
 facet normal  0.000000e+00  0.000000e+00  1.000000e+00
   outer loop
     vertex  7.394592e+01  1.065553e+01  8.000000e+00
     vertex  7.396242e+01  1.054703e+01  8.000000e+00
     vertex  8.000000e+01  0.000000e+00  8.000000e+00
   endloop
 endfacet
 facet normal  0.000000e+00  0.000000e+00  1.000000e+00
   outer loop
     vertex  7.392645e+01  1.076354e+01  8.000000e+00
     vertex  7.394592e+01  1.065553e+01  8.000000e+00
     vertex  8.000000e+01  0.000000e+00  8.000000e+00
   endloop
 endfacet
 facet normal  0.000000e+00  0.000000e+00  1.000000e+00
   outer loop
     vertex  7.390403e+01  1.087097e+01  8.000000e+00
     vertex  7.392645e+01  1.076354e+01  8.000000e+00
     vertex  8.000000e+01  0.000000e+00  8.000000e+00
   endloop
 endfacet
 facet normal  0.000000e+00  0.000000e+00  1.000000e+00
   outer loop
     vertex  7.387866e+01  1.097774e+01  8.000000e+00
     vertex  7.390403e+01  1.087097e+01  8.000000e+00
     vertex  8.000000e+01  0.000000e+00  8.000000e+00
   endloop
 endfacet
 facet normal  0.000000e+00  0.000000e+00  1.000000e+00
   outer loop
     vertex  7.385038e+01  1.108378e+01  8.000000e+00
     vertex  7.387866e+01  1.097774e+01  8.000000e+00
     vertex  8.000000e+01  0.000000e+00  8.000000e+00
   endloop
 endfacet
 facet normal  0.000000e+00  0.000000e+00  1.000000e+00
   outer loop
     vertex  7.381920e+01  1.118900e+01  8.000000e+00
     vertex  7.385038e+01  1.108378e+01  8.000000e+00
     vertex  8.000000e+01  0.000000e+00  8.000000e+00
   endloop
 endfacet
 facet normal  0.000000e+00  0.000000e+00  1.000000e+00
   outer loop
     vertex  7.378514e+01  1.129333e+01  8.000000e+00
     vertex  7.381920e+01  1.118900e+01  8.000000e+00
     vertex  8.000000e+01  0.000000e+00  8.000000e+00
   endloop
 endfacet
 facet normal  0.000000e+00  0.000000e+00  1.000000e+00
   outer loop
     vertex  6.724029e+01  3.710449e+01  8.000000e+00
     vertex  6.716189e+01  3.718129e+01  8.000000e+00
     vertex  6.716189e+01  1.281871e+01  8.000000e+00
   endloop
 endfacet
 facet normal  0.000000e+00  0.000000e+00  1.000000e+00
   outer loop
     vertex  6.724029e+01  3.710449e+01  8.000000e+00
     vertex  6.716189e+01  1.281871e+01  8.000000e+00
     vertex  6.724029e+01  1.289551e+01  8.000000e+00
   endloop
 endfacet
 facet normal  0.000000e+00  0.000000e+00  1.000000e+00
   outer loop
     vertex  6.724029e+01  3.710449e+01  8.000000e+00
     vertex  6.724029e+01  1.289551e+01  8.000000e+00
     vertex  6.732076e+01  1.297013e+01  8.000000e+00
   endloop
 endfacet
 facet normal  0.000000e+00  0.000000e+00  1.000000e+00
   outer loop
     vertex  6.708563e+01  3.726021e+01  8.000000e+00
     vertex  6.716189e+01  1.281871e+01  8.000000e+00
     vertex  6.716189e+01  3.718129e+01  8.000000e+00
   endloop
 endfacet
 facet normal  0.000000e+00  0.000000e+00  1.000000e+00
   outer loop
     vertex  6.708563e+01  3.726021e+01  8.000000e+00
     vertex  6.701156e+01  1.265880e+01  8.000000e+00
     vertex  6.708563e+01  1.273979e+01  8.000000e+00
   endloop
 endfacet
 facet normal  0.000000e+00  0.000000e+00  1.000000e+00
   outer loop
     vertex  6.708563e+01  3.726021e+01  8.000000e+00
     vertex  6.708563e+01  1.273979e+01  8.000000e+00
     vertex  6.716189e+01  1.281871e+01  8.000000e+00
   endloop
 endfacet
 facet normal  0.000000e+00  0.000000e+00  1.000000e+00
   outer loop
     vertex  6.732076e+01  3.702987e+01  8.000000e+00
     vertex  6.724029e+01  3.710449e+01  8.000000e+00
     vertex  6.732076e+01  1.297013e+01  8.000000e+00
   endloop
 endfacet
 facet normal  0.000000e+00  0.000000e+00  1.000000e+00
   outer loop
     vertex  6.701156e+01  3.734120e+01  8.000000e+00
     vertex  6.701156e+01  1.265880e+01  8.000000e+00
     vertex  6.708563e+01  3.726021e+01  8.000000e+00
   endloop
 endfacet
 facet normal  0.000000e+00  0.000000e+00  1.000000e+00
   outer loop
     vertex  6.740325e+01  3.695749e+01  8.000000e+00
     vertex  6.732076e+01  1.297013e+01  8.000000e+00
     vertex  6.740325e+01  1.304251e+01  8.000000e+00
   endloop
 endfacet
 facet normal  0.000000e+00  0.000000e+00  1.000000e+00
   outer loop
     vertex  6.740325e+01  3.695749e+01  8.000000e+00
     vertex  6.740325e+01  1.304251e+01  8.000000e+00
     vertex  6.748770e+01  1.311261e+01  8.000000e+00
   endloop
 endfacet
 facet normal  0.000000e+00  0.000000e+00  1.000000e+00
   outer loop
     vertex  6.740325e+01  3.695749e+01  8.000000e+00
     vertex  6.732076e+01  3.702987e+01  8.000000e+00
     vertex  6.732076e+01  1.297013e+01  8.000000e+00
   endloop
 endfacet
 facet normal  0.000000e+00  0.000000e+00  1.000000e+00
   outer loop
     vertex  6.693975e+01  3.742418e+01  8.000000e+00
     vertex  6.693975e+01  1.257582e+01  8.000000e+00
     vertex  6.701156e+01  1.265880e+01  8.000000e+00
   endloop
 endfacet
 facet normal  0.000000e+00  0.000000e+00  1.000000e+00
   outer loop
     vertex  6.693975e+01  3.742418e+01  8.000000e+00
     vertex  6.701156e+01  1.265880e+01  8.000000e+00
     vertex  6.701156e+01  3.734120e+01  8.000000e+00
   endloop
 endfacet
 facet normal  0.000000e+00  0.000000e+00  1.000000e+00
   outer loop
     vertex  6.748770e+01  3.688739e+01  8.000000e+00
     vertex  6.740325e+01  3.695749e+01  8.000000e+00
     vertex  6.748770e+01  1.311261e+01  8.000000e+00
   endloop
 endfacet
 facet normal  0.000000e+00  0.000000e+00  1.000000e+00
   outer loop
     vertex  6.687023e+01  3.750911e+01  8.000000e+00
     vertex  6.693975e+01  1.257582e+01  8.000000e+00
     vertex  6.693975e+01  3.742418e+01  8.000000e+00
   endloop
 endfacet
 facet normal  0.000000e+00  0.000000e+00  1.000000e+00
   outer loop
     vertex  6.687023e+01  3.750911e+01  8.000000e+00
     vertex  6.687023e+01  1.249089e+01  8.000000e+00
     vertex  6.693975e+01  1.257582e+01  8.000000e+00
   endloop
 endfacet
 facet normal  0.000000e+00  0.000000e+00  1.000000e+00
   outer loop
     vertex  6.757403e+01  3.681964e+01  8.000000e+00
     vertex  6.748770e+01  1.311261e+01  8.000000e+00
     vertex  6.757403e+01  1.318036e+01  8.000000e+00
   endloop
 endfacet
 facet normal  0.000000e+00  0.000000e+00  1.000000e+00
   outer loop
     vertex  6.757403e+01  3.681964e+01  8.000000e+00
     vertex  6.757403e+01  1.318036e+01  8.000000e+00
     vertex  6.766220e+01  1.324572e+01  8.000000e+00
   endloop
 endfacet
 facet normal  0.000000e+00  0.000000e+00  1.000000e+00
   outer loop
     vertex  6.757403e+01  3.681964e+01  8.000000e+00
     vertex  6.748770e+01  3.688739e+01  8.000000e+00
     vertex  6.748770e+01  1.311261e+01  8.000000e+00
   endloop
 endfacet
 facet normal  0.000000e+00  0.000000e+00  1.000000e+00
   outer loop
     vertex  6.680307e+01  3.759591e+01  8.000000e+00
     vertex  6.680307e+01  1.240409e+01  8.000000e+00
     vertex  6.687023e+01  1.249089e+01  8.000000e+00
   endloop
 endfacet
 facet normal  0.000000e+00  0.000000e+00  1.000000e+00
   outer loop
     vertex  6.680307e+01  3.759591e+01  8.000000e+00
     vertex  6.687023e+01  1.249089e+01  8.000000e+00
     vertex  6.687023e+01  3.750911e+01  8.000000e+00
   endloop
 endfacet
 facet normal  0.000000e+00  0.000000e+00  1.000000e+00
   outer loop
     vertex  6.766220e+01  3.675428e+01  8.000000e+00
     vertex  6.757403e+01  3.681964e+01  8.000000e+00
     vertex  6.766220e+01  1.324572e+01  8.000000e+00
   endloop
 endfacet
 facet normal  0.000000e+00  0.000000e+00  1.000000e+00
   outer loop
     vertex  6.673832e+01  3.768452e+01  8.000000e+00
     vertex  6.667603e+01  1.222513e+01  8.000000e+00
     vertex  6.673832e+01  1.231548e+01  8.000000e+00
   endloop
 endfacet
 facet normal  0.000000e+00  0.000000e+00  1.000000e+00
   outer loop
     vertex  6.673832e+01  3.768452e+01  8.000000e+00
     vertex  6.673832e+01  1.231548e+01  8.000000e+00
     vertex  6.680307e+01  1.240409e+01  8.000000e+00
   endloop
 endfacet
 facet normal  0.000000e+00  0.000000e+00  1.000000e+00
   outer loop
     vertex  6.673832e+01  3.768452e+01  8.000000e+00
     vertex  6.680307e+01  1.240409e+01  8.000000e+00
     vertex  6.680307e+01  3.759591e+01  8.000000e+00
   endloop
 endfacet
 facet normal  0.000000e+00  0.000000e+00  1.000000e+00
   outer loop
     vertex  6.775212e+01  3.669137e+01  8.000000e+00
     vertex  6.766220e+01  3.675428e+01  8.000000e+00
     vertex  6.766220e+01  1.324572e+01  8.000000e+00
   endloop
 endfacet
 facet normal  0.000000e+00  0.000000e+00  1.000000e+00
   outer loop
     vertex  6.775212e+01  3.669137e+01  8.000000e+00
     vertex  6.766220e+01  1.324572e+01  8.000000e+00
     vertex  6.775212e+01  1.330863e+01  8.000000e+00
   endloop
 endfacet
 facet normal  0.000000e+00  0.000000e+00  1.000000e+00
   outer loop
     vertex  6.775212e+01  3.669137e+01  8.000000e+00
     vertex  6.775212e+01  1.330863e+01  8.000000e+00
     vertex  6.784374e+01  1.336905e+01  8.000000e+00
   endloop
 endfacet
 facet normal  0.000000e+00  0.000000e+00  1.000000e+00
   outer loop
     vertex  6.667603e+01  3.777487e+01  8.000000e+00
     vertex  6.667603e+01  1.222513e+01  8.000000e+00
     vertex  6.673832e+01  3.768452e+01  8.000000e+00
   endloop
 endfacet
 facet normal  0.000000e+00  0.000000e+00  1.000000e+00
   outer loop
     vertex  6.784374e+01  3.663095e+01  8.000000e+00
     vertex  6.775212e+01  3.669137e+01  8.000000e+00
     vertex  6.784374e+01  1.336905e+01  8.000000e+00
   endloop
 endfacet
 facet normal  0.000000e+00  0.000000e+00  1.000000e+00
   outer loop
     vertex  6.661623e+01  3.786690e+01  8.000000e+00
     vertex  6.661623e+01  1.213310e+01  8.000000e+00
     vertex  6.667603e+01  1.222513e+01  8.000000e+00
   endloop
 endfacet
 facet normal  0.000000e+00  0.000000e+00  1.000000e+00
   outer loop
     vertex  6.661623e+01  3.786690e+01  8.000000e+00
     vertex  6.667603e+01  1.222513e+01  8.000000e+00
     vertex  6.667603e+01  3.777487e+01  8.000000e+00
   endloop
 endfacet
 facet normal  0.000000e+00  0.000000e+00  1.000000e+00
   outer loop
     vertex  6.793697e+01  3.657306e+01  8.000000e+00
     vertex  6.784374e+01  3.663095e+01  8.000000e+00
     vertex  6.784374e+01  1.336905e+01  8.000000e+00
   endloop
 endfacet
 facet normal  0.000000e+00  0.000000e+00  1.000000e+00
   outer loop
     vertex  6.793697e+01  3.657306e+01  8.000000e+00
     vertex  6.784374e+01  1.336905e+01  8.000000e+00
     vertex  6.793697e+01  1.342694e+01  8.000000e+00
   endloop
 endfacet
 facet normal  0.000000e+00  0.000000e+00  1.000000e+00
   outer loop
     vertex  6.655899e+01  3.796053e+01  8.000000e+00
     vertex  6.661623e+01  1.213310e+01  8.000000e+00
     vertex  6.661623e+01  3.786690e+01  8.000000e+00
   endloop
 endfacet
 facet normal  0.000000e+00  0.000000e+00  1.000000e+00
   outer loop
     vertex  6.655899e+01  3.796053e+01  8.000000e+00
     vertex  6.655899e+01  1.203947e+01  8.000000e+00
     vertex  6.661623e+01  1.213310e+01  8.000000e+00
   endloop
 endfacet
 facet normal  0.000000e+00  0.000000e+00  1.000000e+00
   outer loop
     vertex  6.803177e+01  3.651775e+01  8.000000e+00
     vertex  6.793697e+01  1.342694e+01  8.000000e+00
     vertex  6.803177e+01  1.348225e+01  8.000000e+00
   endloop
 endfacet
 facet normal  0.000000e+00  0.000000e+00  1.000000e+00
   outer loop
     vertex  6.803177e+01  3.651775e+01  8.000000e+00
     vertex  6.793697e+01  3.657306e+01  8.000000e+00
     vertex  6.793697e+01  1.342694e+01  8.000000e+00
   endloop
 endfacet
 facet normal  0.000000e+00  0.000000e+00  1.000000e+00
   outer loop
     vertex  6.650433e+01  3.805570e+01  8.000000e+00
     vertex  6.655899e+01  1.203947e+01  8.000000e+00
     vertex  6.655899e+01  3.796053e+01  8.000000e+00
   endloop
 endfacet
 facet normal  0.000000e+00  0.000000e+00  1.000000e+00
   outer loop
     vertex  6.650433e+01  3.805570e+01  8.000000e+00
     vertex  6.650433e+01  1.194430e+01  8.000000e+00
     vertex  6.655899e+01  1.203947e+01  8.000000e+00
   endloop
 endfacet
 facet normal  0.000000e+00  0.000000e+00  1.000000e+00
   outer loop
     vertex  6.812804e+01  3.646507e+01  8.000000e+00
     vertex  6.803177e+01  3.651775e+01  8.000000e+00
     vertex  6.803177e+01  1.348225e+01  8.000000e+00
   endloop
 endfacet
 facet normal  0.000000e+00  0.000000e+00  1.000000e+00
   outer loop
     vertex  6.812804e+01  3.646507e+01  8.000000e+00
     vertex  6.803177e+01  1.348225e+01  8.000000e+00
     vertex  6.812804e+01  1.353493e+01  8.000000e+00
   endloop
 endfacet
 facet normal  0.000000e+00  0.000000e+00  1.000000e+00
   outer loop
     vertex  6.645231e+01  3.815233e+01  8.000000e+00
     vertex  6.650433e+01  1.194430e+01  8.000000e+00
     vertex  6.650433e+01  3.805570e+01  8.000000e+00
   endloop
 endfacet
 facet normal  0.000000e+00  0.000000e+00  1.000000e+00
   outer loop
     vertex  6.645231e+01  3.815233e+01  8.000000e+00
     vertex  6.640295e+01  1.174965e+01  8.000000e+00
     vertex  6.645231e+01  1.184767e+01  8.000000e+00
   endloop
 endfacet
 facet normal  0.000000e+00  0.000000e+00  1.000000e+00
   outer loop
     vertex  6.645231e+01  3.815233e+01  8.000000e+00
     vertex  6.645231e+01  1.184767e+01  8.000000e+00
     vertex  6.650433e+01  1.194430e+01  8.000000e+00
   endloop
 endfacet
 facet normal  0.000000e+00  0.000000e+00  1.000000e+00
   outer loop
     vertex  6.822572e+01  3.641504e+01  8.000000e+00
     vertex  6.812804e+01  3.646507e+01  8.000000e+00
     vertex  6.812804e+01  1.353493e+01  8.000000e+00
   endloop
 endfacet
 facet normal  0.000000e+00  0.000000e+00  1.000000e+00
   outer loop
     vertex  6.822572e+01  3.641504e+01  8.000000e+00
     vertex  6.812804e+01  1.353493e+01  8.000000e+00
     vertex  6.822572e+01  1.358496e+01  8.000000e+00
   endloop
 endfacet
 facet normal  0.000000e+00  0.000000e+00  1.000000e+00
   outer loop
     vertex  6.640295e+01  3.825035e+01  8.000000e+00
     vertex  1.357270e+01  1.179883e+01  8.000000e+00
     vertex  6.640295e+01  1.174965e+01  8.000000e+00
   endloop
 endfacet
 facet normal  0.000000e+00  0.000000e+00  1.000000e+00
   outer loop
     vertex  6.640295e+01  3.825035e+01  8.000000e+00
     vertex  1.357270e+01  3.820117e+01  8.000000e+00
     vertex  1.357270e+01  1.179883e+01  8.000000e+00
   endloop
 endfacet
 facet normal  0.000000e+00  0.000000e+00  1.000000e+00
   outer loop
     vertex  6.640295e+01  3.825035e+01  8.000000e+00
     vertex  6.640295e+01  1.174965e+01  8.000000e+00
     vertex  6.645231e+01  3.815233e+01  8.000000e+00
   endloop
 endfacet
 facet normal  0.000000e+00  0.000000e+00  1.000000e+00
   outer loop
     vertex  6.640295e+01  3.825035e+01  8.000000e+00
     vertex  1.362071e+01  3.829986e+01  8.000000e+00
     vertex  1.357270e+01  3.820117e+01  8.000000e+00
   endloop
 endfacet
 facet normal  0.000000e+00  0.000000e+00  1.000000e+00
   outer loop
     vertex  6.832474e+01  3.636771e+01  8.000000e+00
     vertex  6.822572e+01  3.641504e+01  8.000000e+00
     vertex  6.822572e+01  1.358496e+01  8.000000e+00
   endloop
 endfacet
 facet normal  0.000000e+00  0.000000e+00  1.000000e+00
   outer loop
     vertex  6.832474e+01  3.636771e+01  8.000000e+00
     vertex  6.822572e+01  1.358496e+01  8.000000e+00
     vertex  6.832474e+01  1.363229e+01  8.000000e+00
   endloop
 endfacet
 facet normal  0.000000e+00  0.000000e+00  1.000000e+00
   outer loop
     vertex  6.832474e+01  3.636771e+01  8.000000e+00
     vertex  6.832474e+01  1.363229e+01  8.000000e+00
     vertex  6.842502e+01  1.367688e+01  8.000000e+00
   endloop
 endfacet
 facet normal  0.000000e+00  0.000000e+00  1.000000e+00
   outer loop
     vertex  6.635631e+01  3.834969e+01  8.000000e+00
     vertex  1.362071e+01  3.829986e+01  8.000000e+00
     vertex  6.640295e+01  3.825035e+01  8.000000e+00
   endloop
 endfacet
 facet normal  0.000000e+00  0.000000e+00  1.000000e+00
   outer loop
     vertex  6.635631e+01  3.834969e+01  8.000000e+00
     vertex  1.366599e+01  3.839983e+01  8.000000e+00
     vertex  1.362071e+01  3.829986e+01  8.000000e+00
   endloop
 endfacet
 facet normal  0.000000e+00  0.000000e+00  1.000000e+00
   outer loop
     vertex  6.842502e+01  3.632312e+01  8.000000e+00
     vertex  6.832474e+01  3.636771e+01  8.000000e+00
     vertex  6.842502e+01  1.367688e+01  8.000000e+00
   endloop
 endfacet
 facet normal  0.000000e+00  0.000000e+00  1.000000e+00
   outer loop
     vertex  6.842502e+01  3.632312e+01  8.000000e+00
     vertex  6.842502e+01  1.367688e+01  8.000000e+00
     vertex  6.852648e+01  1.371870e+01  8.000000e+00
   endloop
 endfacet
 facet normal  0.000000e+00  0.000000e+00  1.000000e+00
   outer loop
     vertex  6.631241e+01  3.845027e+01  8.000000e+00
     vertex  1.366599e+01  3.839983e+01  8.000000e+00
     vertex  6.635631e+01  3.834969e+01  8.000000e+00
   endloop
 endfacet
 facet normal  0.000000e+00  0.000000e+00  1.000000e+00
   outer loop
     vertex  6.631241e+01  3.845027e+01  8.000000e+00
     vertex  1.370851e+01  3.850101e+01  8.000000e+00
     vertex  1.366599e+01  3.839983e+01  8.000000e+00
   endloop
 endfacet
 facet normal  0.000000e+00  0.000000e+00  1.000000e+00
   outer loop
     vertex  6.852648e+01  3.628130e+01  8.000000e+00
     vertex  6.842502e+01  3.632312e+01  8.000000e+00
     vertex  6.852648e+01  1.371870e+01  8.000000e+00
   endloop
 endfacet
 facet normal  0.000000e+00  0.000000e+00  1.000000e+00
   outer loop
     vertex  6.627128e+01  3.855202e+01  8.000000e+00
     vertex  1.370851e+01  3.850101e+01  8.000000e+00
     vertex  6.631241e+01  3.845027e+01  8.000000e+00
   endloop
 endfacet
 facet normal  0.000000e+00  0.000000e+00  1.000000e+00
   outer loop
     vertex  6.627128e+01  3.855202e+01  8.000000e+00
     vertex  1.374823e+01  3.860331e+01  8.000000e+00
     vertex  1.370851e+01  3.850101e+01  8.000000e+00
   endloop
 endfacet
 facet normal  0.000000e+00  0.000000e+00  1.000000e+00
   outer loop
     vertex  6.862906e+01  3.624227e+01  8.000000e+00
     vertex  6.852648e+01  3.628130e+01  8.000000e+00
     vertex  6.852648e+01  1.371870e+01  8.000000e+00
   endloop
 endfacet
 facet normal  0.000000e+00  0.000000e+00  1.000000e+00
   outer loop
     vertex  6.862906e+01  3.624227e+01  8.000000e+00
     vertex  6.852648e+01  1.371870e+01  8.000000e+00
     vertex  6.862906e+01  1.375773e+01  8.000000e+00
   endloop
 endfacet
 facet normal  0.000000e+00  0.000000e+00  1.000000e+00
   outer loop
     vertex  6.623296e+01  3.865486e+01  8.000000e+00
     vertex  1.374823e+01  3.860331e+01  8.000000e+00
     vertex  6.627128e+01  3.855202e+01  8.000000e+00
   endloop
 endfacet
 facet normal  0.000000e+00  0.000000e+00  1.000000e+00
   outer loop
     vertex  6.623296e+01  3.865486e+01  8.000000e+00
     vertex  1.378514e+01  3.870667e+01  8.000000e+00
     vertex  1.374823e+01  3.860331e+01  8.000000e+00
   endloop
 endfacet
 facet normal  0.000000e+00  0.000000e+00  1.000000e+00
   outer loop
     vertex  6.873266e+01  3.620608e+01  8.000000e+00
     vertex  6.862906e+01  3.624227e+01  8.000000e+00
     vertex  6.862906e+01  1.375773e+01  8.000000e+00
   endloop
 endfacet
 facet normal  0.000000e+00  0.000000e+00  1.000000e+00
   outer loop
     vertex  6.873266e+01  3.620608e+01  8.000000e+00
     vertex  6.862906e+01  1.375773e+01  8.000000e+00
     vertex  6.873266e+01  1.379392e+01  8.000000e+00
   endloop
 endfacet
 facet normal  0.000000e+00  0.000000e+00  1.000000e+00
   outer loop
     vertex  6.619747e+01  3.875871e+01  8.000000e+00
     vertex  1.378514e+01  3.870667e+01  8.000000e+00
     vertex  6.623296e+01  3.865486e+01  8.000000e+00
   endloop
 endfacet
 facet normal  0.000000e+00  0.000000e+00  1.000000e+00
   outer loop
     vertex  6.619747e+01  3.875871e+01  8.000000e+00
     vertex  1.381920e+01  3.881100e+01  8.000000e+00
     vertex  1.378514e+01  3.870667e+01  8.000000e+00
   endloop
 endfacet
 facet normal  0.000000e+00  0.000000e+00  1.000000e+00
   outer loop
     vertex  6.883722e+01  3.617274e+01  8.000000e+00
     vertex  6.873266e+01  3.620608e+01  8.000000e+00
     vertex  6.873266e+01  1.379392e+01  8.000000e+00
   endloop
 endfacet
 facet normal  0.000000e+00  0.000000e+00  1.000000e+00
   outer loop
     vertex  6.883722e+01  3.617274e+01  8.000000e+00
     vertex  6.873266e+01  1.379392e+01  8.000000e+00
     vertex  6.883722e+01  1.382726e+01  8.000000e+00
   endloop
 endfacet
 facet normal  0.000000e+00  0.000000e+00  1.000000e+00
   outer loop
     vertex  6.616485e+01  3.886350e+01  8.000000e+00
     vertex  1.381920e+01  3.881100e+01  8.000000e+00
     vertex  6.619747e+01  3.875871e+01  8.000000e+00
   endloop
 endfacet
 facet normal  0.000000e+00  0.000000e+00  1.000000e+00
   outer loop
     vertex  6.616485e+01  3.886350e+01  8.000000e+00
     vertex  1.385038e+01  3.891622e+01  8.000000e+00
     vertex  1.381920e+01  3.881100e+01  8.000000e+00
   endloop
 endfacet
 facet normal  0.000000e+00  0.000000e+00  1.000000e+00
   outer loop
     vertex  6.894266e+01  3.614228e+01  8.000000e+00
     vertex  6.883722e+01  3.617274e+01  8.000000e+00
     vertex  6.883722e+01  1.382726e+01  8.000000e+00
   endloop
 endfacet
 facet normal  0.000000e+00  0.000000e+00  1.000000e+00
   outer loop
     vertex  6.894266e+01  3.614228e+01  8.000000e+00
     vertex  6.883722e+01  1.382726e+01  8.000000e+00
     vertex  6.894266e+01  1.385772e+01  8.000000e+00
   endloop
 endfacet
 facet normal  0.000000e+00  0.000000e+00  1.000000e+00
   outer loop
     vertex  6.894266e+01  3.614228e+01  8.000000e+00
     vertex  6.894266e+01  1.385772e+01  8.000000e+00
     vertex  6.904889e+01  1.388528e+01  8.000000e+00
   endloop
 endfacet
 facet normal  0.000000e+00  0.000000e+00  1.000000e+00
   outer loop
     vertex  6.613512e+01  3.896914e+01  8.000000e+00
     vertex  1.385038e+01  3.891622e+01  8.000000e+00
     vertex  6.616485e+01  3.886350e+01  8.000000e+00
   endloop
 endfacet
 facet normal  0.000000e+00  0.000000e+00  1.000000e+00
   outer loop
     vertex  6.613512e+01  3.896914e+01  8.000000e+00
     vertex  1.387866e+01  3.902226e+01  8.000000e+00
     vertex  1.385038e+01  3.891622e+01  8.000000e+00
   endloop
 endfacet
 facet normal  0.000000e+00  0.000000e+00  1.000000e+00
   outer loop
     vertex  6.904889e+01  3.611472e+01  8.000000e+00
     vertex  6.894266e+01  3.614228e+01  8.000000e+00
     vertex  6.904889e+01  1.388528e+01  8.000000e+00
   endloop
 endfacet
 facet normal  0.000000e+00  0.000000e+00  1.000000e+00
   outer loop
     vertex  6.610829e+01  3.907556e+01  8.000000e+00
     vertex  1.387866e+01  3.902226e+01  8.000000e+00
     vertex  6.613512e+01  3.896914e+01  8.000000e+00
   endloop
 endfacet
 facet normal  0.000000e+00  0.000000e+00  1.000000e+00
   outer loop
     vertex  6.610829e+01  3.907556e+01  8.000000e+00
     vertex  1.390403e+01  3.912903e+01  8.000000e+00
     vertex  1.387866e+01  3.902226e+01  8.000000e+00
   endloop
 endfacet
 facet normal  0.000000e+00  0.000000e+00  1.000000e+00
   outer loop
     vertex  6.915583e+01  3.609009e+01  8.000000e+00
     vertex  6.904889e+01  3.611472e+01  8.000000e+00
     vertex  6.904889e+01  1.388528e+01  8.000000e+00
   endloop
 endfacet
 facet normal  0.000000e+00  0.000000e+00  1.000000e+00
   outer loop
     vertex  6.915583e+01  3.609009e+01  8.000000e+00
     vertex  6.904889e+01  1.388528e+01  8.000000e+00
     vertex  6.915583e+01  1.390991e+01  8.000000e+00
   endloop
 endfacet
 facet normal  0.000000e+00  0.000000e+00  1.000000e+00
   outer loop
     vertex  6.608439e+01  3.918267e+01  8.000000e+00
     vertex  1.390403e+01  3.912903e+01  8.000000e+00
     vertex  6.610829e+01  3.907556e+01  8.000000e+00
   endloop
 endfacet
 facet normal  0.000000e+00  0.000000e+00  1.000000e+00
   outer loop
     vertex  6.608439e+01  3.918267e+01  8.000000e+00
     vertex  1.392645e+01  3.923646e+01  8.000000e+00
     vertex  1.390403e+01  3.912903e+01  8.000000e+00
   endloop
 endfacet
 facet normal  0.000000e+00  0.000000e+00  1.000000e+00
   outer loop
     vertex  6.926342e+01  3.606840e+01  8.000000e+00
     vertex  6.915583e+01  3.609009e+01  8.000000e+00
     vertex  6.915583e+01  1.390991e+01  8.000000e+00
   endloop
 endfacet
 facet normal  0.000000e+00  0.000000e+00  1.000000e+00
   outer loop
     vertex  6.926342e+01  3.606840e+01  8.000000e+00
     vertex  6.915583e+01  1.390991e+01  8.000000e+00
     vertex  6.926342e+01  1.393160e+01  8.000000e+00
   endloop
 endfacet
 facet normal  0.000000e+00  0.000000e+00  1.000000e+00
   outer loop
     vertex  6.926342e+01  3.606840e+01  8.000000e+00
     vertex  6.926342e+01  1.393160e+01  8.000000e+00
     vertex  6.937155e+01  1.395032e+01  8.000000e+00
   endloop
 endfacet
 facet normal  0.000000e+00  0.000000e+00  1.000000e+00
   outer loop
     vertex  6.606344e+01  3.929040e+01  8.000000e+00
     vertex  1.392645e+01  3.923646e+01  8.000000e+00
     vertex  6.608439e+01  3.918267e+01  8.000000e+00
   endloop
 endfacet
 facet normal  0.000000e+00  0.000000e+00  1.000000e+00
   outer loop
     vertex  6.606344e+01  3.929040e+01  8.000000e+00
     vertex  1.394592e+01  3.934447e+01  8.000000e+00
     vertex  1.392645e+01  3.923646e+01  8.000000e+00
   endloop
 endfacet
 facet normal  0.000000e+00  0.000000e+00  1.000000e+00
   outer loop
     vertex  6.937155e+01  3.604968e+01  8.000000e+00
     vertex  6.926342e+01  3.606840e+01  8.000000e+00
     vertex  6.937155e+01  1.395032e+01  8.000000e+00
   endloop
 endfacet
 facet normal  0.000000e+00  0.000000e+00  1.000000e+00
   outer loop
     vertex  6.937155e+01  3.604968e+01  8.000000e+00
     vertex  6.937155e+01  1.395032e+01  8.000000e+00
     vertex  6.948016e+01  1.396608e+01  8.000000e+00
   endloop
 endfacet
 facet normal  0.000000e+00  0.000000e+00  1.000000e+00
   outer loop
     vertex  6.604546e+01  3.939866e+01  8.000000e+00
     vertex  1.394592e+01  3.934447e+01  8.000000e+00
     vertex  6.606344e+01  3.929040e+01  8.000000e+00
   endloop
 endfacet
 facet normal  0.000000e+00  0.000000e+00  1.000000e+00
   outer loop
     vertex  6.604546e+01  3.939866e+01  8.000000e+00
     vertex  1.396242e+01  3.945297e+01  8.000000e+00
     vertex  1.394592e+01  3.934447e+01  8.000000e+00
   endloop
 endfacet
 facet normal  0.000000e+00  0.000000e+00  1.000000e+00
   outer loop
     vertex  6.948016e+01  3.603392e+01  8.000000e+00
     vertex  6.937155e+01  3.604968e+01  8.000000e+00
     vertex  6.948016e+01  1.396608e+01  8.000000e+00
   endloop
 endfacet
 facet normal  0.000000e+00  0.000000e+00  1.000000e+00
   outer loop
     vertex  6.603045e+01  3.950738e+01  8.000000e+00
     vertex  1.397593e+01  3.956188e+01  8.000000e+00
     vertex  1.396242e+01  3.945297e+01  8.000000e+00
   endloop
 endfacet
 facet normal  0.000000e+00  0.000000e+00  1.000000e+00
   outer loop
     vertex  6.603045e+01  3.950738e+01  8.000000e+00
     vertex  1.396242e+01  3.945297e+01  8.000000e+00
     vertex  6.604546e+01  3.939866e+01  8.000000e+00
   endloop
 endfacet
 facet normal  0.000000e+00  0.000000e+00  1.000000e+00
   outer loop
     vertex  6.958916e+01  3.602115e+01  8.000000e+00
     vertex  6.948016e+01  3.603392e+01  8.000000e+00
     vertex  6.948016e+01  1.396608e+01  8.000000e+00
   endloop
 endfacet
 facet normal  0.000000e+00  0.000000e+00  1.000000e+00
   outer loop
     vertex  6.958916e+01  3.602115e+01  8.000000e+00
     vertex  6.948016e+01  1.396608e+01  8.000000e+00
     vertex  6.958916e+01  1.397885e+01  8.000000e+00
   endloop
 endfacet
 facet normal  0.000000e+00  0.000000e+00  1.000000e+00
   outer loop
     vertex  6.958916e+01  3.602115e+01  8.000000e+00
     vertex  6.958916e+01  1.397885e+01  8.000000e+00
     vertex  6.969847e+01  1.398862e+01  8.000000e+00
   endloop
 endfacet
 facet normal  0.000000e+00  0.000000e+00  1.000000e+00
   outer loop
     vertex  6.601843e+01  3.961647e+01  8.000000e+00
     vertex  1.398646e+01  3.967112e+01  8.000000e+00
     vertex  1.397593e+01  3.956188e+01  8.000000e+00
   endloop
 endfacet
 facet normal  0.000000e+00  0.000000e+00  1.000000e+00
   outer loop
     vertex  6.601843e+01  3.961647e+01  8.000000e+00
     vertex  1.397593e+01  3.956188e+01  8.000000e+00
     vertex  6.603045e+01  3.950738e+01  8.000000e+00
   endloop
 endfacet
 facet normal  0.000000e+00  0.000000e+00  1.000000e+00
   outer loop
     vertex  6.969847e+01  3.601138e+01  8.000000e+00
     vertex  6.958916e+01  3.602115e+01  8.000000e+00
     vertex  6.969847e+01  1.398862e+01  8.000000e+00
   endloop
 endfacet
 facet normal  0.000000e+00  0.000000e+00  1.000000e+00
   outer loop
     vertex  6.600941e+01  3.972584e+01  8.000000e+00
     vertex  1.398646e+01  3.967112e+01  8.000000e+00
     vertex  6.601843e+01  3.961647e+01  8.000000e+00
   endloop
 endfacet
 facet normal  0.000000e+00  0.000000e+00  1.000000e+00
   outer loop
     vertex  6.600941e+01  3.972584e+01  8.000000e+00
     vertex  1.399398e+01  3.978061e+01  8.000000e+00
     vertex  1.398646e+01  3.967112e+01  8.000000e+00
   endloop
 endfacet
 facet normal  0.000000e+00  0.000000e+00  1.000000e+00
   outer loop
     vertex  6.980801e+01  3.600461e+01  8.000000e+00
     vertex  6.969847e+01  3.601138e+01  8.000000e+00
     vertex  6.969847e+01  1.398862e+01  8.000000e+00
   endloop
 endfacet
 facet normal  0.000000e+00  0.000000e+00  1.000000e+00
   outer loop
     vertex  6.980801e+01  3.600461e+01  8.000000e+00
     vertex  6.969847e+01  1.398862e+01  8.000000e+00
     vertex  6.980801e+01  1.399539e+01  8.000000e+00
   endloop
 endfacet
 facet normal  0.000000e+00  0.000000e+00  1.000000e+00
   outer loop
     vertex  6.600339e+01  3.983542e+01  8.000000e+00
     vertex  1.399398e+01  3.978061e+01  8.000000e+00
     vertex  6.600941e+01  3.972584e+01  8.000000e+00
   endloop
 endfacet
 facet normal  0.000000e+00  0.000000e+00  1.000000e+00
   outer loop
     vertex  6.600339e+01  3.983542e+01  8.000000e+00
     vertex  1.399849e+01  3.989026e+01  8.000000e+00
     vertex  1.399398e+01  3.978061e+01  8.000000e+00
   endloop
 endfacet
 facet normal  0.000000e+00  0.000000e+00  1.000000e+00
   outer loop
     vertex  6.991769e+01  3.600085e+01  8.000000e+00
     vertex  6.980801e+01  1.399539e+01  8.000000e+00
     vertex  6.991769e+01  1.399915e+01  8.000000e+00
   endloop
 endfacet
 facet normal  0.000000e+00  0.000000e+00  1.000000e+00
   outer loop
     vertex  6.991769e+01  3.600085e+01  8.000000e+00
     vertex  6.980801e+01  3.600461e+01  8.000000e+00
     vertex  6.980801e+01  1.399539e+01  8.000000e+00
   endloop
 endfacet
 facet normal  0.000000e+00  0.000000e+00  1.000000e+00
   outer loop
     vertex  6.600038e+01  3.994513e+01  8.000000e+00
     vertex  1.399849e+01  3.989026e+01  8.000000e+00
     vertex  6.600339e+01  3.983542e+01  8.000000e+00
   endloop
 endfacet
 facet normal  0.000000e+00  0.000000e+00  1.000000e+00
   outer loop
     vertex  6.600038e+01  3.994513e+01  8.000000e+00
     vertex  1.400000e+01  4.000000e+01  8.000000e+00
     vertex  1.399849e+01  3.989026e+01  8.000000e+00
   endloop
 endfacet
 facet normal  0.000000e+00  0.000000e+00  1.000000e+00
   outer loop
     vertex  7.002744e+01  3.600009e+01  8.000000e+00
     vertex  6.991769e+01  1.399915e+01  8.000000e+00
     vertex  7.002744e+01  1.399991e+01  8.000000e+00
   endloop
 endfacet
 facet normal  0.000000e+00  0.000000e+00  1.000000e+00
   outer loop
     vertex  7.002744e+01  3.600009e+01  8.000000e+00
     vertex  7.002744e+01  1.399991e+01  8.000000e+00
     vertex  7.013716e+01  1.399765e+01  8.000000e+00
   endloop
 endfacet
 facet normal  0.000000e+00  0.000000e+00  1.000000e+00
   outer loop
     vertex  7.002744e+01  3.600009e+01  8.000000e+00
     vertex  6.991769e+01  3.600085e+01  8.000000e+00
     vertex  6.991769e+01  1.399915e+01  8.000000e+00
   endloop
 endfacet
 facet normal  0.000000e+00  0.000000e+00  1.000000e+00
   outer loop
     vertex  6.600038e+01  4.005487e+01  8.000000e+00
     vertex  1.400000e+01  4.000000e+01  8.000000e+00
     vertex  6.600038e+01  3.994513e+01  8.000000e+00
   endloop
 endfacet
 facet normal  0.000000e+00  0.000000e+00  1.000000e+00
   outer loop
     vertex  6.600038e+01  4.005487e+01  8.000000e+00
     vertex  1.399849e+01  4.010974e+01  8.000000e+00
     vertex  1.400000e+01  4.000000e+01  8.000000e+00
   endloop
 endfacet
 facet normal  0.000000e+00  0.000000e+00  1.000000e+00
   outer loop
     vertex  7.013716e+01  3.600235e+01  8.000000e+00
     vertex  7.013716e+01  1.399765e+01  8.000000e+00
     vertex  7.024678e+01  1.399238e+01  8.000000e+00
   endloop
 endfacet
 facet normal  0.000000e+00  0.000000e+00  1.000000e+00
   outer loop
     vertex  7.013716e+01  3.600235e+01  8.000000e+00
     vertex  7.002744e+01  3.600009e+01  8.000000e+00
     vertex  7.013716e+01  1.399765e+01  8.000000e+00
   endloop
 endfacet
 facet normal  0.000000e+00  0.000000e+00  1.000000e+00
   outer loop
     vertex  6.600339e+01  4.016458e+01  8.000000e+00
     vertex  1.399398e+01  4.021939e+01  8.000000e+00
     vertex  1.399849e+01  4.010974e+01  8.000000e+00
   endloop
 endfacet
 facet normal  0.000000e+00  0.000000e+00  1.000000e+00
   outer loop
     vertex  6.600339e+01  4.016458e+01  8.000000e+00
     vertex  1.399849e+01  4.010974e+01  8.000000e+00
     vertex  6.600038e+01  4.005487e+01  8.000000e+00
   endloop
 endfacet
 facet normal  0.000000e+00  0.000000e+00  1.000000e+00
   outer loop
     vertex  7.024678e+01  3.600762e+01  8.000000e+00
     vertex  7.013716e+01  3.600235e+01  8.000000e+00
     vertex  7.024678e+01  1.399238e+01  8.000000e+00
   endloop
 endfacet
 facet normal  0.000000e+00  0.000000e+00  1.000000e+00
   outer loop
     vertex  6.600941e+01  4.027416e+01  8.000000e+00
     vertex  1.399398e+01  4.021939e+01  8.000000e+00
     vertex  6.600339e+01  4.016458e+01  8.000000e+00
   endloop
 endfacet
 facet normal  0.000000e+00  0.000000e+00  1.000000e+00
   outer loop
     vertex  6.600941e+01  4.027416e+01  8.000000e+00
     vertex  1.398646e+01  4.032888e+01  8.000000e+00
     vertex  1.399398e+01  4.021939e+01  8.000000e+00
   endloop
 endfacet
 facet normal  0.000000e+00  0.000000e+00  1.000000e+00
   outer loop
     vertex  7.035621e+01  3.601589e+01  8.000000e+00
     vertex  7.024678e+01  3.600762e+01  8.000000e+00
     vertex  7.024678e+01  1.399238e+01  8.000000e+00
   endloop
 endfacet
 facet normal  0.000000e+00  0.000000e+00  1.000000e+00
   outer loop
     vertex  7.035621e+01  3.601589e+01  8.000000e+00
     vertex  7.024678e+01  1.399238e+01  8.000000e+00
     vertex  7.035621e+01  1.398411e+01  8.000000e+00
   endloop
 endfacet
 facet normal  0.000000e+00  0.000000e+00  1.000000e+00
   outer loop
     vertex  6.601843e+01  4.038353e+01  8.000000e+00
     vertex  1.398646e+01  4.032888e+01  8.000000e+00
     vertex  6.600941e+01  4.027416e+01  8.000000e+00
   endloop
 endfacet
 facet normal  0.000000e+00  0.000000e+00  1.000000e+00
   outer loop
     vertex  6.601843e+01  4.038353e+01  8.000000e+00
     vertex  1.397593e+01  4.043812e+01  8.000000e+00
     vertex  1.398646e+01  4.032888e+01  8.000000e+00
   endloop
 endfacet
 facet normal  0.000000e+00  0.000000e+00  1.000000e+00
   outer loop
     vertex  7.046538e+01  3.602716e+01  8.000000e+00
     vertex  7.035621e+01  1.398411e+01  8.000000e+00
     vertex  7.046538e+01  1.397284e+01  8.000000e+00
   endloop
 endfacet
 facet normal  0.000000e+00  0.000000e+00  1.000000e+00
   outer loop
     vertex  7.046538e+01  3.602716e+01  8.000000e+00
     vertex  7.035621e+01  3.601589e+01  8.000000e+00
     vertex  7.035621e+01  1.398411e+01  8.000000e+00
   endloop
 endfacet
 facet normal  0.000000e+00  0.000000e+00  1.000000e+00
   outer loop
     vertex  6.603045e+01  4.049262e+01  8.000000e+00
     vertex  1.397593e+01  4.043812e+01  8.000000e+00
     vertex  6.601843e+01  4.038353e+01  8.000000e+00
   endloop
 endfacet
 facet normal  0.000000e+00  0.000000e+00  1.000000e+00
   outer loop
     vertex  6.603045e+01  4.049262e+01  8.000000e+00
     vertex  1.396242e+01  4.054703e+01  8.000000e+00
     vertex  1.397593e+01  4.043812e+01  8.000000e+00
   endloop
 endfacet
 facet normal  0.000000e+00  0.000000e+00  1.000000e+00
   outer loop
     vertex  7.057420e+01  3.604143e+01  8.000000e+00
     vertex  7.046538e+01  1.397284e+01  8.000000e+00
     vertex  7.057420e+01  1.395857e+01  8.000000e+00
   endloop
 endfacet
 facet normal  0.000000e+00  0.000000e+00  1.000000e+00
   outer loop
     vertex  7.057420e+01  3.604143e+01  8.000000e+00
     vertex  7.046538e+01  3.602716e+01  8.000000e+00
     vertex  7.046538e+01  1.397284e+01  8.000000e+00
   endloop
 endfacet
 facet normal  0.000000e+00  0.000000e+00  1.000000e+00
   outer loop
     vertex  6.604546e+01  4.060134e+01  8.000000e+00
     vertex  1.396242e+01  4.054703e+01  8.000000e+00
     vertex  6.603045e+01  4.049262e+01  8.000000e+00
   endloop
 endfacet
 facet normal  0.000000e+00  0.000000e+00  1.000000e+00
   outer loop
     vertex  6.604546e+01  4.060134e+01  8.000000e+00
     vertex  1.394592e+01  4.065553e+01  8.000000e+00
     vertex  1.396242e+01  4.054703e+01  8.000000e+00
   endloop
 endfacet
 facet normal  0.000000e+00  0.000000e+00  1.000000e+00
   outer loop
     vertex  7.068258e+01  3.605867e+01  8.000000e+00
     vertex  7.057420e+01  1.395857e+01  8.000000e+00
     vertex  7.068258e+01  1.394133e+01  8.000000e+00
   endloop
 endfacet
 facet normal  0.000000e+00  0.000000e+00  1.000000e+00
   outer loop
     vertex  7.068258e+01  3.605867e+01  8.000000e+00
     vertex  7.068258e+01  1.394133e+01  8.000000e+00
     vertex  7.079045e+01  1.392112e+01  8.000000e+00
   endloop
 endfacet
 facet normal  0.000000e+00  0.000000e+00  1.000000e+00
   outer loop
     vertex  7.068258e+01  3.605867e+01  8.000000e+00
     vertex  7.057420e+01  3.604143e+01  8.000000e+00
     vertex  7.057420e+01  1.395857e+01  8.000000e+00
   endloop
 endfacet
 facet normal  0.000000e+00  0.000000e+00  1.000000e+00
   outer loop
     vertex  6.606344e+01  4.070960e+01  8.000000e+00
     vertex  1.394592e+01  4.065553e+01  8.000000e+00
     vertex  6.604546e+01  4.060134e+01  8.000000e+00
   endloop
 endfacet
 facet normal  0.000000e+00  0.000000e+00  1.000000e+00
   outer loop
     vertex  6.606344e+01  4.070960e+01  8.000000e+00
     vertex  1.392645e+01  4.076354e+01  8.000000e+00
     vertex  1.394592e+01  4.065553e+01  8.000000e+00
   endloop
 endfacet
 facet normal  0.000000e+00  0.000000e+00  1.000000e+00
   outer loop
     vertex  7.079045e+01  3.607888e+01  8.000000e+00
     vertex  7.068258e+01  3.605867e+01  8.000000e+00
     vertex  7.079045e+01  1.392112e+01  8.000000e+00
   endloop
 endfacet
 facet normal  0.000000e+00  0.000000e+00  1.000000e+00
   outer loop
     vertex  6.608439e+01  4.081733e+01  8.000000e+00
     vertex  1.392645e+01  4.076354e+01  8.000000e+00
     vertex  6.606344e+01  4.070960e+01  8.000000e+00
   endloop
 endfacet
 facet normal  0.000000e+00  0.000000e+00  1.000000e+00
   outer loop
     vertex  6.608439e+01  4.081733e+01  8.000000e+00
     vertex  1.390403e+01  4.087097e+01  8.000000e+00
     vertex  1.392645e+01  4.076354e+01  8.000000e+00
   endloop
 endfacet
 facet normal  0.000000e+00  0.000000e+00  1.000000e+00
   outer loop
     vertex  7.089772e+01  3.610204e+01  8.000000e+00
     vertex  7.079045e+01  1.392112e+01  8.000000e+00
     vertex  7.089772e+01  1.389796e+01  8.000000e+00
   endloop
 endfacet
 facet normal  0.000000e+00  0.000000e+00  1.000000e+00
   outer loop
     vertex  7.089772e+01  3.610204e+01  8.000000e+00
     vertex  7.089772e+01  1.389796e+01  8.000000e+00
     vertex  7.100432e+01  1.387186e+01  8.000000e+00
   endloop
 endfacet
 facet normal  0.000000e+00  0.000000e+00  1.000000e+00
   outer loop
     vertex  7.089772e+01  3.610204e+01  8.000000e+00
     vertex  7.079045e+01  3.607888e+01  8.000000e+00
     vertex  7.079045e+01  1.392112e+01  8.000000e+00
   endloop
 endfacet
 facet normal  0.000000e+00  0.000000e+00  1.000000e+00
   outer loop
     vertex  6.610829e+01  4.092444e+01  8.000000e+00
     vertex  1.390403e+01  4.087097e+01  8.000000e+00
     vertex  6.608439e+01  4.081733e+01  8.000000e+00
   endloop
 endfacet
 facet normal  0.000000e+00  0.000000e+00  1.000000e+00
   outer loop
     vertex  6.610829e+01  4.092444e+01  8.000000e+00
     vertex  1.387866e+01  4.097774e+01  8.000000e+00
     vertex  1.390403e+01  4.087097e+01  8.000000e+00
   endloop
 endfacet
 facet normal  0.000000e+00  0.000000e+00  1.000000e+00
   outer loop
     vertex  7.100432e+01  3.612814e+01  8.000000e+00
     vertex  7.089772e+01  3.610204e+01  8.000000e+00
     vertex  7.100432e+01  1.387186e+01  8.000000e+00
   endloop
 endfacet
 facet normal  0.000000e+00  0.000000e+00  1.000000e+00
   outer loop
     vertex  6.613512e+01  4.103086e+01  8.000000e+00
     vertex  1.387866e+01  4.097774e+01  8.000000e+00
     vertex  6.610829e+01  4.092444e+01  8.000000e+00
   endloop
 endfacet
 facet normal  0.000000e+00  0.000000e+00  1.000000e+00
   outer loop
     vertex  6.613512e+01  4.103086e+01  8.000000e+00
     vertex  1.385038e+01  4.108378e+01  8.000000e+00
     vertex  1.387866e+01  4.097774e+01  8.000000e+00
   endloop
 endfacet
 facet normal  0.000000e+00  0.000000e+00  1.000000e+00
   outer loop
     vertex  7.111017e+01  3.615715e+01  8.000000e+00
     vertex  7.100432e+01  1.387186e+01  8.000000e+00
     vertex  7.111017e+01  1.384285e+01  8.000000e+00
   endloop
 endfacet
 facet normal  0.000000e+00  0.000000e+00  1.000000e+00
   outer loop
     vertex  7.111017e+01  3.615715e+01  8.000000e+00
     vertex  7.111017e+01  1.384285e+01  8.000000e+00
     vertex  7.121517e+01  1.381095e+01  8.000000e+00
   endloop
 endfacet
 facet normal  0.000000e+00  0.000000e+00  1.000000e+00
   outer loop
     vertex  7.111017e+01  3.615715e+01  8.000000e+00
     vertex  7.100432e+01  3.612814e+01  8.000000e+00
     vertex  7.100432e+01  1.387186e+01  8.000000e+00
   endloop
 endfacet
 facet normal  0.000000e+00  0.000000e+00  1.000000e+00
   outer loop
     vertex  6.616485e+01  4.113650e+01  8.000000e+00
     vertex  1.385038e+01  4.108378e+01  8.000000e+00
     vertex  6.613512e+01  4.103086e+01  8.000000e+00
   endloop
 endfacet
 facet normal  0.000000e+00  0.000000e+00  1.000000e+00
   outer loop
     vertex  6.616485e+01  4.113650e+01  8.000000e+00
     vertex  1.381920e+01  4.118900e+01  8.000000e+00
     vertex  1.385038e+01  4.108378e+01  8.000000e+00
   endloop
 endfacet
 facet normal  0.000000e+00  0.000000e+00  1.000000e+00
   outer loop
     vertex  7.121517e+01  3.618905e+01  8.000000e+00
     vertex  7.111017e+01  3.615715e+01  8.000000e+00
     vertex  7.121517e+01  1.381095e+01  8.000000e+00
   endloop
 endfacet
 facet normal  0.000000e+00  0.000000e+00  1.000000e+00
   outer loop
     vertex  6.619747e+01  4.124129e+01  8.000000e+00
     vertex  1.381920e+01  4.118900e+01  8.000000e+00
     vertex  6.616485e+01  4.113650e+01  8.000000e+00
   endloop
 endfacet
 facet normal  0.000000e+00  0.000000e+00  1.000000e+00
   outer loop
     vertex  6.619747e+01  4.124129e+01  8.000000e+00
     vertex  1.378514e+01  4.129333e+01  8.000000e+00
     vertex  1.381920e+01  4.118900e+01  8.000000e+00
   endloop
 endfacet
 facet normal  0.000000e+00  0.000000e+00  1.000000e+00
   outer loop
     vertex  7.131927e+01  3.622382e+01  8.000000e+00
     vertex  7.121517e+01  1.381095e+01  8.000000e+00
     vertex  7.131927e+01  1.377618e+01  8.000000e+00
   endloop
 endfacet
 facet normal  0.000000e+00  0.000000e+00  1.000000e+00
   outer loop
     vertex  7.131927e+01  3.622382e+01  8.000000e+00
     vertex  7.121517e+01  3.618905e+01  8.000000e+00
     vertex  7.121517e+01  1.381095e+01  8.000000e+00
   endloop
 endfacet
 facet normal  0.000000e+00  0.000000e+00  1.000000e+00
   outer loop
     vertex  6.623296e+01  4.134514e+01  8.000000e+00
     vertex  1.378514e+01  4.129333e+01  8.000000e+00
     vertex  6.619747e+01  4.124129e+01  8.000000e+00
   endloop
 endfacet
 facet normal  0.000000e+00  0.000000e+00  1.000000e+00
   outer loop
     vertex  6.623296e+01  4.134514e+01  8.000000e+00
     vertex  1.374823e+01  4.139669e+01  8.000000e+00
     vertex  1.378514e+01  4.129333e+01  8.000000e+00
   endloop
 endfacet
 facet normal  0.000000e+00  0.000000e+00  1.000000e+00
   outer loop
     vertex  7.142237e+01  3.626143e+01  8.000000e+00
     vertex  7.131927e+01  3.622382e+01  8.000000e+00
     vertex  7.131927e+01  1.377618e+01  8.000000e+00
   endloop
 endfacet
 facet normal  0.000000e+00  0.000000e+00  1.000000e+00
   outer loop
     vertex  7.142237e+01  3.626143e+01  8.000000e+00
     vertex  7.131927e+01  1.377618e+01  8.000000e+00
     vertex  7.142237e+01  1.373857e+01  8.000000e+00
   endloop
 endfacet
 facet normal  0.000000e+00  0.000000e+00  1.000000e+00
   outer loop
     vertex  6.627128e+01  4.144798e+01  8.000000e+00
     vertex  1.374823e+01  4.139669e+01  8.000000e+00
     vertex  6.623296e+01  4.134514e+01  8.000000e+00
   endloop
 endfacet
 facet normal  0.000000e+00  0.000000e+00  1.000000e+00
   outer loop
     vertex  6.627128e+01  4.144798e+01  8.000000e+00
     vertex  1.370851e+01  4.149899e+01  8.000000e+00
     vertex  1.374823e+01  4.139669e+01  8.000000e+00
   endloop
 endfacet
 facet normal  0.000000e+00  0.000000e+00  1.000000e+00
   outer loop
     vertex  7.152439e+01  3.630186e+01  8.000000e+00
     vertex  7.142237e+01  1.373857e+01  8.000000e+00
     vertex  7.152439e+01  1.369814e+01  8.000000e+00
   endloop
 endfacet
 facet normal  0.000000e+00  0.000000e+00  1.000000e+00
   outer loop
     vertex  7.152439e+01  3.630186e+01  8.000000e+00
     vertex  7.152439e+01  1.369814e+01  8.000000e+00
     vertex  7.162528e+01  1.365493e+01  8.000000e+00
   endloop
 endfacet
 facet normal  0.000000e+00  0.000000e+00  1.000000e+00
   outer loop
     vertex  7.152439e+01  3.630186e+01  8.000000e+00
     vertex  7.142237e+01  3.626143e+01  8.000000e+00
     vertex  7.142237e+01  1.373857e+01  8.000000e+00
   endloop
 endfacet
 facet normal  0.000000e+00  0.000000e+00  1.000000e+00
   outer loop
     vertex  6.631241e+01  4.154973e+01  8.000000e+00
     vertex  1.370851e+01  4.149899e+01  8.000000e+00
     vertex  6.627128e+01  4.144798e+01  8.000000e+00
   endloop
 endfacet
 facet normal  0.000000e+00  0.000000e+00  1.000000e+00
   outer loop
     vertex  6.631241e+01  4.154973e+01  8.000000e+00
     vertex  1.366599e+01  4.160017e+01  8.000000e+00
     vertex  1.370851e+01  4.149899e+01  8.000000e+00
   endloop
 endfacet
 facet normal  0.000000e+00  0.000000e+00  1.000000e+00
   outer loop
     vertex  7.162528e+01  3.634507e+01  8.000000e+00
     vertex  7.162528e+01  1.365493e+01  8.000000e+00
     vertex  7.172493e+01  1.360896e+01  8.000000e+00
   endloop
 endfacet
 facet normal  0.000000e+00  0.000000e+00  1.000000e+00
   outer loop
     vertex  7.162528e+01  3.634507e+01  8.000000e+00
     vertex  7.152439e+01  3.630186e+01  8.000000e+00
     vertex  7.162528e+01  1.365493e+01  8.000000e+00
   endloop
 endfacet
 facet normal  0.000000e+00  0.000000e+00  1.000000e+00
   outer loop
     vertex  6.635631e+01  4.165031e+01  8.000000e+00
     vertex  1.366599e+01  4.160017e+01  8.000000e+00
     vertex  6.631241e+01  4.154973e+01  8.000000e+00
   endloop
 endfacet
 facet normal  0.000000e+00  0.000000e+00  1.000000e+00
   outer loop
     vertex  6.635631e+01  4.165031e+01  8.000000e+00
     vertex  1.362071e+01  4.170014e+01  8.000000e+00
     vertex  1.366599e+01  4.160017e+01  8.000000e+00
   endloop
 endfacet
 facet normal  0.000000e+00  0.000000e+00  1.000000e+00
   outer loop
     vertex  7.172493e+01  3.639104e+01  8.000000e+00
     vertex  7.162528e+01  3.634507e+01  8.000000e+00
     vertex  7.172493e+01  1.360896e+01  8.000000e+00
   endloop
 endfacet
 facet normal  0.000000e+00  0.000000e+00  1.000000e+00
   outer loop
     vertex  6.640295e+01  4.174965e+01  8.000000e+00
     vertex  1.362071e+01  4.170014e+01  8.000000e+00
     vertex  6.635631e+01  4.165031e+01  8.000000e+00
   endloop
 endfacet
 facet normal  0.000000e+00  0.000000e+00  1.000000e+00
   outer loop
     vertex  6.640295e+01  4.174965e+01  8.000000e+00
     vertex  1.357270e+01  4.179883e+01  8.000000e+00
     vertex  1.362071e+01  4.170014e+01  8.000000e+00
   endloop
 endfacet
 facet normal  0.000000e+00  0.000000e+00  1.000000e+00
   outer loop
     vertex  7.182329e+01  3.643972e+01  8.000000e+00
     vertex  7.172493e+01  1.360896e+01  8.000000e+00
     vertex  7.182329e+01  1.356028e+01  8.000000e+00
   endloop
 endfacet
 facet normal  0.000000e+00  0.000000e+00  1.000000e+00
   outer loop
     vertex  7.182329e+01  3.643972e+01  8.000000e+00
     vertex  7.182329e+01  1.356028e+01  8.000000e+00
     vertex  7.192028e+01  1.350892e+01  8.000000e+00
   endloop
 endfacet
 facet normal  0.000000e+00  0.000000e+00  1.000000e+00
   outer loop
     vertex  7.182329e+01  3.643972e+01  8.000000e+00
     vertex  7.172493e+01  3.639104e+01  8.000000e+00
     vertex  7.172493e+01  1.360896e+01  8.000000e+00
   endloop
 endfacet
 facet normal  0.000000e+00  0.000000e+00  1.000000e+00
   outer loop
     vertex  6.645231e+01  4.184767e+01  8.000000e+00
     vertex  1.357270e+01  4.179883e+01  8.000000e+00
     vertex  6.640295e+01  4.174965e+01  8.000000e+00
   endloop
 endfacet
 facet normal  0.000000e+00  0.000000e+00  1.000000e+00
   outer loop
     vertex  6.645231e+01  4.184767e+01  8.000000e+00
     vertex  1.352201e+01  4.189616e+01  8.000000e+00
     vertex  1.357270e+01  4.179883e+01  8.000000e+00
   endloop
 endfacet
 facet normal  0.000000e+00  0.000000e+00  1.000000e+00
   outer loop
     vertex  7.192028e+01  3.649108e+01  8.000000e+00
     vertex  7.182329e+01  3.643972e+01  8.000000e+00
     vertex  7.192028e+01  1.350892e+01  8.000000e+00
   endloop
 endfacet
 facet normal  0.000000e+00  0.000000e+00  1.000000e+00
   outer loop
     vertex  6.650433e+01  4.194430e+01  8.000000e+00
     vertex  1.352201e+01  4.189616e+01  8.000000e+00
     vertex  6.645231e+01  4.184767e+01  8.000000e+00
   endloop
 endfacet
 facet normal  0.000000e+00  0.000000e+00  1.000000e+00
   outer loop
     vertex  6.650433e+01  4.194430e+01  8.000000e+00
     vertex  1.346867e+01  4.199207e+01  8.000000e+00
     vertex  1.352201e+01  4.189616e+01  8.000000e+00
   endloop
 endfacet
 facet normal  0.000000e+00  0.000000e+00  1.000000e+00
   outer loop
     vertex  7.201582e+01  3.654508e+01  8.000000e+00
     vertex  7.192028e+01  1.350892e+01  8.000000e+00
     vertex  7.201582e+01  1.345492e+01  8.000000e+00
   endloop
 endfacet
 facet normal  0.000000e+00  0.000000e+00  1.000000e+00
   outer loop
     vertex  7.201582e+01  3.654508e+01  8.000000e+00
     vertex  7.201582e+01  1.345492e+01  8.000000e+00
     vertex  7.210984e+01  1.339832e+01  8.000000e+00
   endloop
 endfacet
 facet normal  0.000000e+00  0.000000e+00  1.000000e+00
   outer loop
     vertex  7.201582e+01  3.654508e+01  8.000000e+00
     vertex  7.192028e+01  3.649108e+01  8.000000e+00
     vertex  7.192028e+01  1.350892e+01  8.000000e+00
   endloop
 endfacet
 facet normal  0.000000e+00  0.000000e+00  1.000000e+00
   outer loop
     vertex  6.655899e+01  4.203947e+01  8.000000e+00
     vertex  1.341271e+01  4.208648e+01  8.000000e+00
     vertex  1.346867e+01  4.199207e+01  8.000000e+00
   endloop
 endfacet
 facet normal  0.000000e+00  0.000000e+00  1.000000e+00
   outer loop
     vertex  6.655899e+01  4.203947e+01  8.000000e+00
     vertex  1.346867e+01  4.199207e+01  8.000000e+00
     vertex  6.650433e+01  4.194430e+01  8.000000e+00
   endloop
 endfacet
 facet normal  0.000000e+00  0.000000e+00  1.000000e+00
   outer loop
     vertex  7.210984e+01  3.660168e+01  8.000000e+00
     vertex  7.201582e+01  3.654508e+01  8.000000e+00
     vertex  7.210984e+01  1.339832e+01  8.000000e+00
   endloop
 endfacet
 facet normal  0.000000e+00  0.000000e+00  1.000000e+00
   outer loop
     vertex  6.661623e+01  4.213310e+01  8.000000e+00
     vertex  1.335418e+01  4.217932e+01  8.000000e+00
     vertex  1.341271e+01  4.208648e+01  8.000000e+00
   endloop
 endfacet
 facet normal  0.000000e+00  0.000000e+00  1.000000e+00
   outer loop
     vertex  6.661623e+01  4.213310e+01  8.000000e+00
     vertex  1.341271e+01  4.208648e+01  8.000000e+00
     vertex  6.655899e+01  4.203947e+01  8.000000e+00
   endloop
 endfacet
 facet normal  0.000000e+00  0.000000e+00  1.000000e+00
   outer loop
     vertex  7.220228e+01  3.666084e+01  8.000000e+00
     vertex  7.210984e+01  3.660168e+01  8.000000e+00
     vertex  7.210984e+01  1.339832e+01  8.000000e+00
   endloop
 endfacet
 facet normal  0.000000e+00  0.000000e+00  1.000000e+00
   outer loop
     vertex  7.220228e+01  3.666084e+01  8.000000e+00
     vertex  7.210984e+01  1.339832e+01  8.000000e+00
     vertex  7.220228e+01  1.333916e+01  8.000000e+00
   endloop
 endfacet
 facet normal  0.000000e+00  0.000000e+00  1.000000e+00
   outer loop
     vertex  6.667603e+01  4.222513e+01  8.000000e+00
     vertex  1.335418e+01  4.217932e+01  8.000000e+00
     vertex  6.661623e+01  4.213310e+01  8.000000e+00
   endloop
 endfacet
 facet normal  0.000000e+00  0.000000e+00  1.000000e+00
   outer loop
     vertex  6.667603e+01  4.222513e+01  8.000000e+00
     vertex  1.329313e+01  4.227052e+01  8.000000e+00
     vertex  1.335418e+01  4.217932e+01  8.000000e+00
   endloop
 endfacet
 facet normal  0.000000e+00  0.000000e+00  1.000000e+00
   outer loop
     vertex  7.229306e+01  3.672252e+01  8.000000e+00
     vertex  7.220228e+01  1.333916e+01  8.000000e+00
     vertex  7.229306e+01  1.327748e+01  8.000000e+00
   endloop
 endfacet
 facet normal  0.000000e+00  0.000000e+00  1.000000e+00
   outer loop
     vertex  7.229306e+01  3.672252e+01  8.000000e+00
     vertex  7.220228e+01  3.666084e+01  8.000000e+00
     vertex  7.220228e+01  1.333916e+01  8.000000e+00
   endloop
 endfacet
 facet normal  0.000000e+00  0.000000e+00  1.000000e+00
   outer loop
     vertex  6.673832e+01  4.231548e+01  8.000000e+00
     vertex  1.322960e+01  4.236001e+01  8.000000e+00
     vertex  1.329313e+01  4.227052e+01  8.000000e+00
   endloop
 endfacet
 facet normal  0.000000e+00  0.000000e+00  1.000000e+00
   outer loop
     vertex  6.673832e+01  4.231548e+01  8.000000e+00
     vertex  1.329313e+01  4.227052e+01  8.000000e+00
     vertex  6.667603e+01  4.222513e+01  8.000000e+00
   endloop
 endfacet
 facet normal  0.000000e+00  0.000000e+00  1.000000e+00
   outer loop
     vertex  7.238211e+01  3.678666e+01  8.000000e+00
     vertex  7.229306e+01  3.672252e+01  8.000000e+00
     vertex  7.229306e+01  1.327748e+01  8.000000e+00
   endloop
 endfacet
 facet normal  0.000000e+00  0.000000e+00  1.000000e+00
   outer loop
     vertex  7.238211e+01  3.678666e+01  8.000000e+00
     vertex  7.229306e+01  1.327748e+01  8.000000e+00
     vertex  7.238211e+01  1.321334e+01  8.000000e+00
   endloop
 endfacet
 facet normal  0.000000e+00  0.000000e+00  1.000000e+00
   outer loop
     vertex  7.238211e+01  3.678666e+01  8.000000e+00
     vertex  7.238211e+01  1.321334e+01  8.000000e+00
     vertex  7.246937e+01  1.314678e+01  8.000000e+00
   endloop
 endfacet
 facet normal  0.000000e+00  0.000000e+00  1.000000e+00
   outer loop
     vertex  6.680307e+01  4.240409e+01  8.000000e+00
     vertex  1.322960e+01  4.236001e+01  8.000000e+00
     vertex  6.673832e+01  4.231548e+01  8.000000e+00
   endloop
 endfacet
 facet normal  0.000000e+00  0.000000e+00  1.000000e+00
   outer loop
     vertex  6.680307e+01  4.240409e+01  8.000000e+00
     vertex  1.316364e+01  4.244772e+01  8.000000e+00
     vertex  1.322960e+01  4.236001e+01  8.000000e+00
   endloop
 endfacet
 facet normal  0.000000e+00  0.000000e+00  1.000000e+00
   outer loop
     vertex  7.246937e+01  3.685322e+01  8.000000e+00
     vertex  7.238211e+01  3.678666e+01  8.000000e+00
     vertex  7.246937e+01  1.314678e+01  8.000000e+00
   endloop
 endfacet
 facet normal  0.000000e+00  0.000000e+00  1.000000e+00
   outer loop
     vertex  6.687023e+01  4.249089e+01  8.000000e+00
     vertex  1.309530e+01  4.253359e+01  8.000000e+00
     vertex  1.316364e+01  4.244772e+01  8.000000e+00
   endloop
 endfacet
 facet normal  0.000000e+00  0.000000e+00  1.000000e+00
   outer loop
     vertex  6.687023e+01  4.249089e+01  8.000000e+00
     vertex  1.316364e+01  4.244772e+01  8.000000e+00
     vertex  6.680307e+01  4.240409e+01  8.000000e+00
   endloop
 endfacet
 facet normal  0.000000e+00  0.000000e+00  1.000000e+00
   outer loop
     vertex  7.255477e+01  3.692215e+01  8.000000e+00
     vertex  7.246937e+01  3.685322e+01  8.000000e+00
     vertex  7.246937e+01  1.314678e+01  8.000000e+00
   endloop
 endfacet
 facet normal  0.000000e+00  0.000000e+00  1.000000e+00
   outer loop
     vertex  7.255477e+01  3.692215e+01  8.000000e+00
     vertex  7.246937e+01  1.314678e+01  8.000000e+00
     vertex  7.255477e+01  1.307785e+01  8.000000e+00
   endloop
 endfacet
 facet normal  0.000000e+00  0.000000e+00  1.000000e+00
   outer loop
     vertex  6.693975e+01  4.257582e+01  8.000000e+00
     vertex  1.302463e+01  4.261756e+01  8.000000e+00
     vertex  1.309530e+01  4.253359e+01  8.000000e+00
   endloop
 endfacet
 facet normal  0.000000e+00  0.000000e+00  1.000000e+00
   outer loop
     vertex  6.693975e+01  4.257582e+01  8.000000e+00
     vertex  1.309530e+01  4.253359e+01  8.000000e+00
     vertex  6.687023e+01  4.249089e+01  8.000000e+00
   endloop
 endfacet
 facet normal  0.000000e+00  0.000000e+00  1.000000e+00
   outer loop
     vertex  7.263824e+01  3.699339e+01  8.000000e+00
     vertex  7.255477e+01  1.307785e+01  8.000000e+00
     vertex  7.263824e+01  1.300661e+01  8.000000e+00
   endloop
 endfacet
 facet normal  0.000000e+00  0.000000e+00  1.000000e+00
   outer loop
     vertex  7.263824e+01  3.699339e+01  8.000000e+00
     vertex  7.255477e+01  3.692215e+01  8.000000e+00
     vertex  7.255477e+01  1.307785e+01  8.000000e+00
   endloop
 endfacet
 facet normal  0.000000e+00  0.000000e+00  1.000000e+00
   outer loop
     vertex  6.701156e+01  4.265880e+01  8.000000e+00
     vertex  1.295168e+01  4.269955e+01  8.000000e+00
     vertex  1.302463e+01  4.261756e+01  8.000000e+00
   endloop
 endfacet
 facet normal  0.000000e+00  0.000000e+00  1.000000e+00
   outer loop
     vertex  6.701156e+01  4.265880e+01  8.000000e+00
     vertex  1.302463e+01  4.261756e+01  8.000000e+00
     vertex  6.693975e+01  4.257582e+01  8.000000e+00
   endloop
 endfacet
 facet normal  0.000000e+00  0.000000e+00  1.000000e+00
   outer loop
     vertex  7.271973e+01  3.706690e+01  8.000000e+00
     vertex  7.263824e+01  1.300661e+01  8.000000e+00
     vertex  7.271973e+01  1.293310e+01  8.000000e+00
   endloop
 endfacet
 facet normal  0.000000e+00  0.000000e+00  1.000000e+00
   outer loop
     vertex  7.271973e+01  3.706690e+01  8.000000e+00
     vertex  7.271973e+01  1.293310e+01  8.000000e+00
     vertex  7.279918e+01  1.285738e+01  8.000000e+00
   endloop
 endfacet
 facet normal  0.000000e+00  0.000000e+00  1.000000e+00
   outer loop
     vertex  7.271973e+01  3.706690e+01  8.000000e+00
     vertex  7.263824e+01  3.699339e+01  8.000000e+00
     vertex  7.263824e+01  1.300661e+01  8.000000e+00
   endloop
 endfacet
 facet normal  0.000000e+00  0.000000e+00  1.000000e+00
   outer loop
     vertex  6.708563e+01  4.273979e+01  8.000000e+00
     vertex  1.295168e+01  4.269955e+01  8.000000e+00
     vertex  6.701156e+01  4.265880e+01  8.000000e+00
   endloop
 endfacet
 facet normal  0.000000e+00  0.000000e+00  1.000000e+00
   outer loop
     vertex  6.708563e+01  4.273979e+01  8.000000e+00
     vertex  1.287651e+01  4.277951e+01  8.000000e+00
     vertex  1.295168e+01  4.269955e+01  8.000000e+00
   endloop
 endfacet
 facet normal  0.000000e+00  0.000000e+00  1.000000e+00
   outer loop
     vertex  7.279918e+01  3.714262e+01  8.000000e+00
     vertex  7.271973e+01  3.706690e+01  8.000000e+00
     vertex  7.279918e+01  1.285738e+01  8.000000e+00
   endloop
 endfacet
 facet normal  0.000000e+00  0.000000e+00  1.000000e+00
   outer loop
     vertex  6.716189e+01  4.281871e+01  8.000000e+00
     vertex  1.287651e+01  4.277951e+01  8.000000e+00
     vertex  6.708563e+01  4.273979e+01  8.000000e+00
   endloop
 endfacet
 facet normal  0.000000e+00  0.000000e+00  1.000000e+00
   outer loop
     vertex  6.716189e+01  4.281871e+01  8.000000e+00
     vertex  1.279918e+01  4.285738e+01  8.000000e+00
     vertex  1.287651e+01  4.277951e+01  8.000000e+00
   endloop
 endfacet
 facet normal  0.000000e+00  0.000000e+00  1.000000e+00
   outer loop
     vertex  7.287651e+01  3.722049e+01  8.000000e+00
     vertex  7.279918e+01  1.285738e+01  8.000000e+00
     vertex  7.287651e+01  1.277951e+01  8.000000e+00
   endloop
 endfacet
 facet normal  0.000000e+00  0.000000e+00  1.000000e+00
   outer loop
     vertex  7.287651e+01  3.722049e+01  8.000000e+00
     vertex  7.287651e+01  1.277951e+01  8.000000e+00
     vertex  7.295168e+01  1.269955e+01  8.000000e+00
   endloop
 endfacet
 facet normal  0.000000e+00  0.000000e+00  1.000000e+00
   outer loop
     vertex  7.287651e+01  3.722049e+01  8.000000e+00
     vertex  7.279918e+01  3.714262e+01  8.000000e+00
     vertex  7.279918e+01  1.285738e+01  8.000000e+00
   endloop
 endfacet
 facet normal  0.000000e+00  0.000000e+00  1.000000e+00
   outer loop
     vertex  6.724029e+01  4.289551e+01  8.000000e+00
     vertex  1.271973e+01  4.293310e+01  8.000000e+00
     vertex  1.279918e+01  4.285738e+01  8.000000e+00
   endloop
 endfacet
 facet normal  0.000000e+00  0.000000e+00  1.000000e+00
   outer loop
     vertex  6.724029e+01  4.289551e+01  8.000000e+00
     vertex  1.279918e+01  4.285738e+01  8.000000e+00
     vertex  6.716189e+01  4.281871e+01  8.000000e+00
   endloop
 endfacet
 facet normal  0.000000e+00  0.000000e+00  1.000000e+00
   outer loop
     vertex  7.295168e+01  3.730045e+01  8.000000e+00
     vertex  7.287651e+01  3.722049e+01  8.000000e+00
     vertex  7.295168e+01  1.269955e+01  8.000000e+00
   endloop
 endfacet
 facet normal  0.000000e+00  0.000000e+00  1.000000e+00
   outer loop
     vertex  7.295168e+01  3.730045e+01  8.000000e+00
     vertex  7.295168e+01  1.269955e+01  8.000000e+00
     vertex  7.302463e+01  1.261756e+01  8.000000e+00
   endloop
 endfacet
 facet normal  0.000000e+00  0.000000e+00  1.000000e+00
   outer loop
     vertex  6.732076e+01  4.297013e+01  8.000000e+00
     vertex  1.271973e+01  4.293310e+01  8.000000e+00
     vertex  6.724029e+01  4.289551e+01  8.000000e+00
   endloop
 endfacet
 facet normal  0.000000e+00  0.000000e+00  1.000000e+00
   outer loop
     vertex  6.732076e+01  4.297013e+01  8.000000e+00
     vertex  1.263824e+01  4.300661e+01  8.000000e+00
     vertex  1.271973e+01  4.293310e+01  8.000000e+00
   endloop
 endfacet
 facet normal  0.000000e+00  0.000000e+00  1.000000e+00
   outer loop
     vertex  7.302463e+01  3.738244e+01  8.000000e+00
     vertex  7.295168e+01  3.730045e+01  8.000000e+00
     vertex  7.302463e+01  1.261756e+01  8.000000e+00
   endloop
 endfacet
 facet normal  0.000000e+00  0.000000e+00  1.000000e+00
   outer loop
     vertex  6.740325e+01  4.304251e+01  8.000000e+00
     vertex  1.263824e+01  4.300661e+01  8.000000e+00
     vertex  6.732076e+01  4.297013e+01  8.000000e+00
   endloop
 endfacet
 facet normal  0.000000e+00  0.000000e+00  1.000000e+00
   outer loop
     vertex  6.740325e+01  4.304251e+01  8.000000e+00
     vertex  1.255477e+01  4.307785e+01  8.000000e+00
     vertex  1.263824e+01  4.300661e+01  8.000000e+00
   endloop
 endfacet
 facet normal  0.000000e+00  0.000000e+00  1.000000e+00
   outer loop
     vertex  7.309530e+01  3.746641e+01  8.000000e+00
     vertex  7.302463e+01  3.738244e+01  8.000000e+00
     vertex  7.302463e+01  1.261756e+01  8.000000e+00
   endloop
 endfacet
 facet normal  0.000000e+00  0.000000e+00  1.000000e+00
   outer loop
     vertex  7.309530e+01  3.746641e+01  8.000000e+00
     vertex  7.302463e+01  1.261756e+01  8.000000e+00
     vertex  7.309530e+01  1.253359e+01  8.000000e+00
   endloop
 endfacet
 facet normal  0.000000e+00  0.000000e+00  1.000000e+00
   outer loop
     vertex  7.309530e+01  3.746641e+01  8.000000e+00
     vertex  7.309530e+01  1.253359e+01  8.000000e+00
     vertex  7.316364e+01  1.244772e+01  8.000000e+00
   endloop
 endfacet
 facet normal  0.000000e+00  0.000000e+00  1.000000e+00
   outer loop
     vertex  6.748770e+01  4.311261e+01  8.000000e+00
     vertex  1.255477e+01  4.307785e+01  8.000000e+00
     vertex  6.740325e+01  4.304251e+01  8.000000e+00
   endloop
 endfacet
 facet normal  0.000000e+00  0.000000e+00  1.000000e+00
   outer loop
     vertex  6.748770e+01  4.311261e+01  8.000000e+00
     vertex  1.246937e+01  4.314678e+01  8.000000e+00
     vertex  1.255477e+01  4.307785e+01  8.000000e+00
   endloop
 endfacet
 facet normal  0.000000e+00  0.000000e+00  1.000000e+00
   outer loop
     vertex  7.316364e+01  3.755228e+01  8.000000e+00
     vertex  7.309530e+01  3.746641e+01  8.000000e+00
     vertex  7.316364e+01  1.244772e+01  8.000000e+00
   endloop
 endfacet
 facet normal  0.000000e+00  0.000000e+00  1.000000e+00
   outer loop
     vertex  6.757403e+01  4.318036e+01  8.000000e+00
     vertex  1.246937e+01  4.314678e+01  8.000000e+00
     vertex  6.748770e+01  4.311261e+01  8.000000e+00
   endloop
 endfacet
 facet normal  0.000000e+00  0.000000e+00  1.000000e+00
   outer loop
     vertex  6.757403e+01  4.318036e+01  8.000000e+00
     vertex  1.238211e+01  4.321334e+01  8.000000e+00
     vertex  1.246937e+01  4.314678e+01  8.000000e+00
   endloop
 endfacet
 facet normal  0.000000e+00  0.000000e+00  1.000000e+00
   outer loop
     vertex  7.322960e+01  3.763999e+01  8.000000e+00
     vertex  7.316364e+01  3.755228e+01  8.000000e+00
     vertex  7.316364e+01  1.244772e+01  8.000000e+00
   endloop
 endfacet
 facet normal  0.000000e+00  0.000000e+00  1.000000e+00
   outer loop
     vertex  7.322960e+01  3.763999e+01  8.000000e+00
     vertex  7.316364e+01  1.244772e+01  8.000000e+00
     vertex  7.322960e+01  1.236001e+01  8.000000e+00
   endloop
 endfacet
 facet normal  0.000000e+00  0.000000e+00  1.000000e+00
   outer loop
     vertex  6.766220e+01  4.324572e+01  8.000000e+00
     vertex  1.238211e+01  4.321334e+01  8.000000e+00
     vertex  6.757403e+01  4.318036e+01  8.000000e+00
   endloop
 endfacet
 facet normal  0.000000e+00  0.000000e+00  1.000000e+00
   outer loop
     vertex  6.766220e+01  4.324572e+01  8.000000e+00
     vertex  1.229306e+01  4.327748e+01  8.000000e+00
     vertex  1.238211e+01  4.321334e+01  8.000000e+00
   endloop
 endfacet
 facet normal  0.000000e+00  0.000000e+00  1.000000e+00
   outer loop
     vertex  7.329313e+01  3.772948e+01  8.000000e+00
     vertex  7.322960e+01  3.763999e+01  8.000000e+00
     vertex  7.322960e+01  1.236001e+01  8.000000e+00
   endloop
 endfacet
 facet normal  0.000000e+00  0.000000e+00  1.000000e+00
   outer loop
     vertex  7.329313e+01  3.772948e+01  8.000000e+00
     vertex  7.322960e+01  1.236001e+01  8.000000e+00
     vertex  7.329313e+01  1.227052e+01  8.000000e+00
   endloop
 endfacet
 facet normal  0.000000e+00  0.000000e+00  1.000000e+00
   outer loop
     vertex  7.329313e+01  3.772948e+01  8.000000e+00
     vertex  7.329313e+01  1.227052e+01  8.000000e+00
     vertex  7.335418e+01  1.217932e+01  8.000000e+00
   endloop
 endfacet
 facet normal  0.000000e+00  0.000000e+00  1.000000e+00
   outer loop
     vertex  7.335418e+01  3.782068e+01  8.000000e+00
     vertex  7.335418e+01  1.217932e+01  8.000000e+00
     vertex  7.341271e+01  1.208648e+01  8.000000e+00
   endloop
 endfacet
 facet normal  0.000000e+00  0.000000e+00  1.000000e+00
   outer loop
     vertex  7.335418e+01  3.782068e+01  8.000000e+00
     vertex  7.329313e+01  3.772948e+01  8.000000e+00
     vertex  7.335418e+01  1.217932e+01  8.000000e+00
   endloop
 endfacet
 facet normal  0.000000e+00  0.000000e+00  1.000000e+00
   outer loop
     vertex  7.341271e+01  3.791352e+01  8.000000e+00
     vertex  7.335418e+01  3.782068e+01  8.000000e+00
     vertex  7.341271e+01  1.208648e+01  8.000000e+00
   endloop
 endfacet
 facet normal  0.000000e+00  0.000000e+00  1.000000e+00
   outer loop
     vertex  7.346867e+01  3.800793e+01  8.000000e+00
     vertex  7.341271e+01  1.208648e+01  8.000000e+00
     vertex  7.346867e+01  1.199207e+01  8.000000e+00
   endloop
 endfacet
 facet normal  0.000000e+00  0.000000e+00  1.000000e+00
   outer loop
     vertex  7.346867e+01  3.800793e+01  8.000000e+00
     vertex  7.341271e+01  3.791352e+01  8.000000e+00
     vertex  7.341271e+01  1.208648e+01  8.000000e+00
   endloop
 endfacet
 facet normal  0.000000e+00  0.000000e+00  1.000000e+00
   outer loop
     vertex  7.346867e+01  3.800793e+01  8.000000e+00
     vertex  7.346867e+01  1.199207e+01  8.000000e+00
     vertex  7.352201e+01  1.189616e+01  8.000000e+00
   endloop
 endfacet
 facet normal  0.000000e+00  0.000000e+00  1.000000e+00
   outer loop
     vertex  7.352201e+01  3.810384e+01  8.000000e+00
     vertex  7.346867e+01  3.800793e+01  8.000000e+00
     vertex  7.352201e+01  1.189616e+01  8.000000e+00
   endloop
 endfacet
 facet normal  0.000000e+00  0.000000e+00  1.000000e+00
   outer loop
     vertex  7.352201e+01  3.810384e+01  8.000000e+00
     vertex  7.352201e+01  1.189616e+01  8.000000e+00
     vertex  7.357270e+01  1.179883e+01  8.000000e+00
   endloop
 endfacet
 facet normal  0.000000e+00  0.000000e+00  1.000000e+00
   outer loop
     vertex  7.357270e+01  3.820117e+01  8.000000e+00
     vertex  7.357270e+01  1.179883e+01  8.000000e+00
     vertex  7.362071e+01  1.170014e+01  8.000000e+00
   endloop
 endfacet
 facet normal  0.000000e+00  0.000000e+00  1.000000e+00
   outer loop
     vertex  7.357270e+01  3.820117e+01  8.000000e+00
     vertex  7.352201e+01  3.810384e+01  8.000000e+00
     vertex  7.357270e+01  1.179883e+01  8.000000e+00
   endloop
 endfacet
 facet normal  0.000000e+00  0.000000e+00  1.000000e+00
   outer loop
     vertex  7.362071e+01  3.829986e+01  8.000000e+00
     vertex  7.357270e+01  3.820117e+01  8.000000e+00
     vertex  7.362071e+01  1.170014e+01  8.000000e+00
   endloop
 endfacet
 facet normal  0.000000e+00  0.000000e+00  1.000000e+00
   outer loop
     vertex  7.366599e+01  3.839983e+01  8.000000e+00
     vertex  7.362071e+01  3.829986e+01  8.000000e+00
     vertex  7.362071e+01  1.170014e+01  8.000000e+00
   endloop
 endfacet
 facet normal  0.000000e+00  0.000000e+00  1.000000e+00
   outer loop
     vertex  7.366599e+01  3.839983e+01  8.000000e+00
     vertex  7.362071e+01  1.170014e+01  8.000000e+00
     vertex  7.366599e+01  1.160017e+01  8.000000e+00
   endloop
 endfacet
 facet normal  0.000000e+00  0.000000e+00  1.000000e+00
   outer loop
     vertex  7.366599e+01  3.839983e+01  8.000000e+00
     vertex  7.366599e+01  1.160017e+01  8.000000e+00
     vertex  7.370851e+01  1.149899e+01  8.000000e+00
   endloop
 endfacet
 facet normal  0.000000e+00  0.000000e+00  1.000000e+00
   outer loop
     vertex  7.370851e+01  3.850101e+01  8.000000e+00
     vertex  7.366599e+01  3.839983e+01  8.000000e+00
     vertex  7.370851e+01  1.149899e+01  8.000000e+00
   endloop
 endfacet
 facet normal  0.000000e+00  0.000000e+00  1.000000e+00
   outer loop
     vertex  7.374823e+01  3.860331e+01  8.000000e+00
     vertex  7.370851e+01  1.149899e+01  8.000000e+00
     vertex  7.374823e+01  1.139669e+01  8.000000e+00
   endloop
 endfacet
 facet normal  0.000000e+00  0.000000e+00  1.000000e+00
   outer loop
     vertex  7.374823e+01  3.860331e+01  8.000000e+00
     vertex  7.370851e+01  3.850101e+01  8.000000e+00
     vertex  7.370851e+01  1.149899e+01  8.000000e+00
   endloop
 endfacet
 facet normal  0.000000e+00  0.000000e+00  1.000000e+00
   outer loop
     vertex  7.378514e+01  3.870667e+01  8.000000e+00
     vertex  7.374823e+01  3.860331e+01  8.000000e+00
     vertex  7.374823e+01  1.139669e+01  8.000000e+00
   endloop
 endfacet
 facet normal  0.000000e+00  0.000000e+00  1.000000e+00
   outer loop
     vertex  7.378514e+01  3.870667e+01  8.000000e+00
     vertex  7.374823e+01  1.139669e+01  8.000000e+00
     vertex  7.378514e+01  1.129333e+01  8.000000e+00
   endloop
 endfacet
 facet normal  0.000000e+00  0.000000e+00  1.000000e+00
   outer loop
     vertex  8.000000e+01  5.000000e+01  8.000000e+00
     vertex  7.378514e+01  4.129333e+01  8.000000e+00
     vertex  7.381920e+01  4.118900e+01  8.000000e+00
   endloop
 endfacet
 facet normal  0.000000e+00  0.000000e+00  1.000000e+00
   outer loop
     vertex  8.000000e+01  5.000000e+01  8.000000e+00
     vertex  7.381920e+01  4.118900e+01  8.000000e+00
     vertex  7.385038e+01  4.108378e+01  8.000000e+00
   endloop
 endfacet
 facet normal  0.000000e+00  0.000000e+00  1.000000e+00
   outer loop
     vertex  8.000000e+01  5.000000e+01  8.000000e+00
     vertex  7.385038e+01  4.108378e+01  8.000000e+00
     vertex  7.387866e+01  4.097774e+01  8.000000e+00
   endloop
 endfacet
 facet normal  0.000000e+00  0.000000e+00  1.000000e+00
   outer loop
     vertex  8.000000e+01  5.000000e+01  8.000000e+00
     vertex  7.387866e+01  4.097774e+01  8.000000e+00
     vertex  7.390403e+01  4.087097e+01  8.000000e+00
   endloop
 endfacet
 facet normal  0.000000e+00  0.000000e+00  1.000000e+00
   outer loop
     vertex  8.000000e+01  5.000000e+01  8.000000e+00
     vertex  7.390403e+01  4.087097e+01  8.000000e+00
     vertex  7.392645e+01  4.076354e+01  8.000000e+00
   endloop
 endfacet
 facet normal  0.000000e+00  0.000000e+00  1.000000e+00
   outer loop
     vertex  8.000000e+01  5.000000e+01  8.000000e+00
     vertex  7.392645e+01  4.076354e+01  8.000000e+00
     vertex  7.394592e+01  4.065553e+01  8.000000e+00
   endloop
 endfacet
 facet normal  0.000000e+00  0.000000e+00  1.000000e+00
   outer loop
     vertex  8.000000e+01  5.000000e+01  8.000000e+00
     vertex  7.394592e+01  4.065553e+01  8.000000e+00
     vertex  7.396242e+01  4.054703e+01  8.000000e+00
   endloop
 endfacet
 facet normal  0.000000e+00  0.000000e+00  1.000000e+00
   outer loop
     vertex  8.000000e+01  5.000000e+01  8.000000e+00
     vertex  7.396242e+01  4.054703e+01  8.000000e+00
     vertex  7.397593e+01  4.043812e+01  8.000000e+00
   endloop
 endfacet
 facet normal  0.000000e+00  0.000000e+00  1.000000e+00
   outer loop
     vertex  8.000000e+01  5.000000e+01  8.000000e+00
     vertex  7.397593e+01  4.043812e+01  8.000000e+00
     vertex  7.398646e+01  4.032888e+01  8.000000e+00
   endloop
 endfacet
 facet normal  0.000000e+00  0.000000e+00  1.000000e+00
   outer loop
     vertex  8.000000e+01  5.000000e+01  8.000000e+00
     vertex  7.398646e+01  4.032888e+01  8.000000e+00
     vertex  7.399398e+01  4.021939e+01  8.000000e+00
   endloop
 endfacet
 facet normal  0.000000e+00  0.000000e+00  1.000000e+00
   outer loop
     vertex  8.000000e+01  5.000000e+01  8.000000e+00
     vertex  7.399398e+01  4.021939e+01  8.000000e+00
     vertex  7.399849e+01  4.010974e+01  8.000000e+00
   endloop
 endfacet
 facet normal  0.000000e+00  0.000000e+00  1.000000e+00
   outer loop
     vertex  8.000000e+01  5.000000e+01  8.000000e+00
     vertex  7.399849e+01  4.010974e+01  8.000000e+00
     vertex  7.400000e+01  4.000000e+01  8.000000e+00
   endloop
 endfacet
 facet normal  0.000000e+00  0.000000e+00  1.000000e+00
   outer loop
     vertex  8.000000e+01  5.000000e+01  8.000000e+00
     vertex  6.862906e+01  4.375773e+01  8.000000e+00
     vertex  6.873266e+01  4.379392e+01  8.000000e+00
   endloop
 endfacet
 facet normal  0.000000e+00  0.000000e+00  1.000000e+00
   outer loop
     vertex  8.000000e+01  5.000000e+01  8.000000e+00
     vertex  6.873266e+01  4.379392e+01  8.000000e+00
     vertex  6.883722e+01  4.382726e+01  8.000000e+00
   endloop
 endfacet
 facet normal  0.000000e+00  0.000000e+00  1.000000e+00
   outer loop
     vertex  8.000000e+01  5.000000e+01  8.000000e+00
     vertex  6.883722e+01  4.382726e+01  8.000000e+00
     vertex  6.894266e+01  4.385772e+01  8.000000e+00
   endloop
 endfacet
 facet normal  0.000000e+00  0.000000e+00  1.000000e+00
   outer loop
     vertex  8.000000e+01  5.000000e+01  8.000000e+00
     vertex  6.894266e+01  4.385772e+01  8.000000e+00
     vertex  6.904889e+01  4.388528e+01  8.000000e+00
   endloop
 endfacet
 facet normal  0.000000e+00  0.000000e+00  1.000000e+00
   outer loop
     vertex  8.000000e+01  5.000000e+01  8.000000e+00
     vertex  6.904889e+01  4.388528e+01  8.000000e+00
     vertex  6.915583e+01  4.390991e+01  8.000000e+00
   endloop
 endfacet
 facet normal  0.000000e+00  0.000000e+00  1.000000e+00
   outer loop
     vertex  8.000000e+01  5.000000e+01  8.000000e+00
     vertex  6.915583e+01  4.390991e+01  8.000000e+00
     vertex  6.926342e+01  4.393160e+01  8.000000e+00
   endloop
 endfacet
 facet normal  0.000000e+00  0.000000e+00  1.000000e+00
   outer loop
     vertex  8.000000e+01  5.000000e+01  8.000000e+00
     vertex  6.926342e+01  4.393160e+01  8.000000e+00
     vertex  6.937155e+01  4.395032e+01  8.000000e+00
   endloop
 endfacet
 facet normal  0.000000e+00  0.000000e+00  1.000000e+00
   outer loop
     vertex  8.000000e+01  5.000000e+01  8.000000e+00
     vertex  6.937155e+01  4.395032e+01  8.000000e+00
     vertex  6.948016e+01  4.396608e+01  8.000000e+00
   endloop
 endfacet
 facet normal  0.000000e+00  0.000000e+00  1.000000e+00
   outer loop
     vertex  8.000000e+01  5.000000e+01  8.000000e+00
     vertex  7.378514e+01  3.870667e+01  8.000000e+00
     vertex  7.378514e+01  1.129333e+01  8.000000e+00
   endloop
 endfacet
 facet normal  0.000000e+00  0.000000e+00  1.000000e+00
   outer loop
     vertex  8.000000e+01  5.000000e+01  8.000000e+00
     vertex  6.948016e+01  4.396608e+01  8.000000e+00
     vertex  6.958916e+01  4.397885e+01  8.000000e+00
   endloop
 endfacet
 facet normal  0.000000e+00  0.000000e+00  1.000000e+00
   outer loop
     vertex  8.000000e+01  5.000000e+01  8.000000e+00
     vertex  6.958916e+01  4.397885e+01  8.000000e+00
     vertex  6.969847e+01  4.398862e+01  8.000000e+00
   endloop
 endfacet
 facet normal  0.000000e+00  0.000000e+00  1.000000e+00
   outer loop
     vertex  8.000000e+01  5.000000e+01  8.000000e+00
     vertex  6.969847e+01  4.398862e+01  8.000000e+00
     vertex  6.980801e+01  4.399539e+01  8.000000e+00
   endloop
 endfacet
 facet normal  0.000000e+00  0.000000e+00  1.000000e+00
   outer loop
     vertex  8.000000e+01  5.000000e+01  8.000000e+00
     vertex  6.980801e+01  4.399539e+01  8.000000e+00
     vertex  6.991769e+01  4.399915e+01  8.000000e+00
   endloop
 endfacet
 facet normal  0.000000e+00  0.000000e+00  1.000000e+00
   outer loop
     vertex  8.000000e+01  5.000000e+01  8.000000e+00
     vertex  6.991769e+01  4.399915e+01  8.000000e+00
     vertex  7.002744e+01  4.399991e+01  8.000000e+00
   endloop
 endfacet
 facet normal  0.000000e+00  0.000000e+00  1.000000e+00
   outer loop
     vertex  8.000000e+01  5.000000e+01  8.000000e+00
     vertex  7.002744e+01  4.399991e+01  8.000000e+00
     vertex  7.013716e+01  4.399765e+01  8.000000e+00
   endloop
 endfacet
 facet normal  0.000000e+00  0.000000e+00  1.000000e+00
   outer loop
     vertex  8.000000e+01  5.000000e+01  8.000000e+00
     vertex  7.013716e+01  4.399765e+01  8.000000e+00
     vertex  7.024678e+01  4.399238e+01  8.000000e+00
   endloop
 endfacet
 facet normal  0.000000e+00  0.000000e+00  1.000000e+00
   outer loop
     vertex  8.000000e+01  5.000000e+01  8.000000e+00
     vertex  7.024678e+01  4.399238e+01  8.000000e+00
     vertex  7.035621e+01  4.398411e+01  8.000000e+00
   endloop
 endfacet
 facet normal  0.000000e+00  0.000000e+00  1.000000e+00
   outer loop
     vertex  8.000000e+01  5.000000e+01  8.000000e+00
     vertex  7.035621e+01  4.398411e+01  8.000000e+00
     vertex  7.046538e+01  4.397284e+01  8.000000e+00
   endloop
 endfacet
 facet normal  0.000000e+00  0.000000e+00  1.000000e+00
   outer loop
     vertex  8.000000e+01  5.000000e+01  8.000000e+00
     vertex  7.046538e+01  4.397284e+01  8.000000e+00
     vertex  7.057420e+01  4.395857e+01  8.000000e+00
   endloop
 endfacet
 facet normal  0.000000e+00  0.000000e+00  1.000000e+00
   outer loop
     vertex  8.000000e+01  5.000000e+01  8.000000e+00
     vertex  7.057420e+01  4.395857e+01  8.000000e+00
     vertex  7.068258e+01  4.394133e+01  8.000000e+00
   endloop
 endfacet
 facet normal  0.000000e+00  0.000000e+00  1.000000e+00
   outer loop
     vertex  8.000000e+01  5.000000e+01  8.000000e+00
     vertex  7.068258e+01  4.394133e+01  8.000000e+00
     vertex  7.079045e+01  4.392112e+01  8.000000e+00
   endloop
 endfacet
 facet normal  0.000000e+00  0.000000e+00  1.000000e+00
   outer loop
     vertex  8.000000e+01  5.000000e+01  8.000000e+00
     vertex  7.079045e+01  4.392112e+01  8.000000e+00
     vertex  7.089772e+01  4.389796e+01  8.000000e+00
   endloop
 endfacet
 facet normal  0.000000e+00  0.000000e+00  1.000000e+00
   outer loop
     vertex  8.000000e+01  5.000000e+01  8.000000e+00
     vertex  7.089772e+01  4.389796e+01  8.000000e+00
     vertex  7.100432e+01  4.387186e+01  8.000000e+00
   endloop
 endfacet
 facet normal  0.000000e+00  0.000000e+00  1.000000e+00
   outer loop
     vertex  8.000000e+01  5.000000e+01  8.000000e+00
     vertex  7.100432e+01  4.387186e+01  8.000000e+00
     vertex  7.111017e+01  4.384285e+01  8.000000e+00
   endloop
 endfacet
 facet normal  0.000000e+00  0.000000e+00  1.000000e+00
   outer loop
     vertex  8.000000e+01  5.000000e+01  8.000000e+00
     vertex  7.111017e+01  4.384285e+01  8.000000e+00
     vertex  7.121517e+01  4.381095e+01  8.000000e+00
   endloop
 endfacet
 facet normal  0.000000e+00  0.000000e+00  1.000000e+00
   outer loop
     vertex  8.000000e+01  5.000000e+01  8.000000e+00
     vertex  7.121517e+01  4.381095e+01  8.000000e+00
     vertex  7.131927e+01  4.377618e+01  8.000000e+00
   endloop
 endfacet
 facet normal  0.000000e+00  0.000000e+00  1.000000e+00
   outer loop
     vertex  8.000000e+01  5.000000e+01  8.000000e+00
     vertex  7.131927e+01  4.377618e+01  8.000000e+00
     vertex  7.142237e+01  4.373857e+01  8.000000e+00
   endloop
 endfacet
 facet normal  0.000000e+00  0.000000e+00  1.000000e+00
   outer loop
     vertex  8.000000e+01  5.000000e+01  8.000000e+00
     vertex  7.142237e+01  4.373857e+01  8.000000e+00
     vertex  7.152439e+01  4.369814e+01  8.000000e+00
   endloop
 endfacet
 facet normal  0.000000e+00  0.000000e+00  1.000000e+00
   outer loop
     vertex  8.000000e+01  5.000000e+01  8.000000e+00
     vertex  7.152439e+01  4.369814e+01  8.000000e+00
     vertex  7.162528e+01  4.365493e+01  8.000000e+00
   endloop
 endfacet
 facet normal  0.000000e+00  0.000000e+00  1.000000e+00
   outer loop
     vertex  8.000000e+01  5.000000e+01  8.000000e+00
     vertex  7.162528e+01  4.365493e+01  8.000000e+00
     vertex  7.172493e+01  4.360896e+01  8.000000e+00
   endloop
 endfacet
 facet normal  0.000000e+00  0.000000e+00  1.000000e+00
   outer loop
     vertex  8.000000e+01  5.000000e+01  8.000000e+00
     vertex  7.172493e+01  4.360896e+01  8.000000e+00
     vertex  7.182329e+01  4.356028e+01  8.000000e+00
   endloop
 endfacet
 facet normal  0.000000e+00  0.000000e+00  1.000000e+00
   outer loop
     vertex  8.000000e+01  5.000000e+01  8.000000e+00
     vertex  7.182329e+01  4.356028e+01  8.000000e+00
     vertex  7.192028e+01  4.350892e+01  8.000000e+00
   endloop
 endfacet
 facet normal  0.000000e+00  0.000000e+00  1.000000e+00
   outer loop
     vertex  8.000000e+01  5.000000e+01  8.000000e+00
     vertex  7.192028e+01  4.350892e+01  8.000000e+00
     vertex  7.201582e+01  4.345492e+01  8.000000e+00
   endloop
 endfacet
 facet normal  0.000000e+00  0.000000e+00  1.000000e+00
   outer loop
     vertex  8.000000e+01  5.000000e+01  8.000000e+00
     vertex  7.201582e+01  4.345492e+01  8.000000e+00
     vertex  7.210984e+01  4.339832e+01  8.000000e+00
   endloop
 endfacet
 facet normal  0.000000e+00  0.000000e+00  1.000000e+00
   outer loop
     vertex  8.000000e+01  5.000000e+01  8.000000e+00
     vertex  7.210984e+01  4.339832e+01  8.000000e+00
     vertex  7.220228e+01  4.333916e+01  8.000000e+00
   endloop
 endfacet
 facet normal  0.000000e+00  0.000000e+00  1.000000e+00
   outer loop
     vertex  8.000000e+01  5.000000e+01  8.000000e+00
     vertex  7.220228e+01  4.333916e+01  8.000000e+00
     vertex  7.229306e+01  4.327748e+01  8.000000e+00
   endloop
 endfacet
 facet normal  0.000000e+00  0.000000e+00  1.000000e+00
   outer loop
     vertex  8.000000e+01  5.000000e+01  8.000000e+00
     vertex  7.229306e+01  4.327748e+01  8.000000e+00
     vertex  7.238211e+01  4.321334e+01  8.000000e+00
   endloop
 endfacet
 facet normal  0.000000e+00  0.000000e+00  1.000000e+00
   outer loop
     vertex  8.000000e+01  5.000000e+01  8.000000e+00
     vertex  7.238211e+01  4.321334e+01  8.000000e+00
     vertex  7.246937e+01  4.314678e+01  8.000000e+00
   endloop
 endfacet
 facet normal  0.000000e+00  0.000000e+00  1.000000e+00
   outer loop
     vertex  8.000000e+01  5.000000e+01  8.000000e+00
     vertex  7.246937e+01  4.314678e+01  8.000000e+00
     vertex  7.255477e+01  4.307785e+01  8.000000e+00
   endloop
 endfacet
 facet normal  0.000000e+00  0.000000e+00  1.000000e+00
   outer loop
     vertex  8.000000e+01  5.000000e+01  8.000000e+00
     vertex  7.255477e+01  4.307785e+01  8.000000e+00
     vertex  7.263824e+01  4.300661e+01  8.000000e+00
   endloop
 endfacet
 facet normal  0.000000e+00  0.000000e+00  1.000000e+00
   outer loop
     vertex  8.000000e+01  5.000000e+01  8.000000e+00
     vertex  7.263824e+01  4.300661e+01  8.000000e+00
     vertex  7.271973e+01  4.293310e+01  8.000000e+00
   endloop
 endfacet
 facet normal  0.000000e+00  0.000000e+00  1.000000e+00
   outer loop
     vertex  8.000000e+01  5.000000e+01  8.000000e+00
     vertex  7.271973e+01  4.293310e+01  8.000000e+00
     vertex  7.279918e+01  4.285738e+01  8.000000e+00
   endloop
 endfacet
 facet normal  0.000000e+00  0.000000e+00  1.000000e+00
   outer loop
     vertex  8.000000e+01  5.000000e+01  8.000000e+00
     vertex  7.279918e+01  4.285738e+01  8.000000e+00
     vertex  7.287651e+01  4.277951e+01  8.000000e+00
   endloop
 endfacet
 facet normal  0.000000e+00  0.000000e+00  1.000000e+00
   outer loop
     vertex  8.000000e+01  5.000000e+01  8.000000e+00
     vertex  7.287651e+01  4.277951e+01  8.000000e+00
     vertex  7.295168e+01  4.269955e+01  8.000000e+00
   endloop
 endfacet
 facet normal  0.000000e+00  0.000000e+00  1.000000e+00
   outer loop
     vertex  8.000000e+01  5.000000e+01  8.000000e+00
     vertex  7.400000e+01  4.000000e+01  8.000000e+00
     vertex  7.399849e+01  3.989026e+01  8.000000e+00
   endloop
 endfacet
 facet normal  0.000000e+00  0.000000e+00  1.000000e+00
   outer loop
     vertex  8.000000e+01  5.000000e+01  8.000000e+00
     vertex  7.295168e+01  4.269955e+01  8.000000e+00
     vertex  7.302463e+01  4.261756e+01  8.000000e+00
   endloop
 endfacet
 facet normal  0.000000e+00  0.000000e+00  1.000000e+00
   outer loop
     vertex  8.000000e+01  5.000000e+01  8.000000e+00
     vertex  7.399849e+01  3.989026e+01  8.000000e+00
     vertex  7.399398e+01  3.978061e+01  8.000000e+00
   endloop
 endfacet
 facet normal  0.000000e+00  0.000000e+00  1.000000e+00
   outer loop
     vertex  8.000000e+01  5.000000e+01  8.000000e+00
     vertex  7.302463e+01  4.261756e+01  8.000000e+00
     vertex  7.309530e+01  4.253359e+01  8.000000e+00
   endloop
 endfacet
 facet normal  0.000000e+00  0.000000e+00  1.000000e+00
   outer loop
     vertex  8.000000e+01  5.000000e+01  8.000000e+00
     vertex  7.399398e+01  3.978061e+01  8.000000e+00
     vertex  7.398646e+01  3.967112e+01  8.000000e+00
   endloop
 endfacet
 facet normal  0.000000e+00  0.000000e+00  1.000000e+00
   outer loop
     vertex  8.000000e+01  5.000000e+01  8.000000e+00
     vertex  7.309530e+01  4.253359e+01  8.000000e+00
     vertex  7.316364e+01  4.244772e+01  8.000000e+00
   endloop
 endfacet
 facet normal  0.000000e+00  0.000000e+00  1.000000e+00
   outer loop
     vertex  8.000000e+01  5.000000e+01  8.000000e+00
     vertex  7.398646e+01  3.967112e+01  8.000000e+00
     vertex  7.397593e+01  3.956188e+01  8.000000e+00
   endloop
 endfacet
 facet normal  0.000000e+00  0.000000e+00  1.000000e+00
   outer loop
     vertex  8.000000e+01  5.000000e+01  8.000000e+00
     vertex  7.316364e+01  4.244772e+01  8.000000e+00
     vertex  7.322960e+01  4.236001e+01  8.000000e+00
   endloop
 endfacet
 facet normal  0.000000e+00  0.000000e+00  1.000000e+00
   outer loop
     vertex  8.000000e+01  5.000000e+01  8.000000e+00
     vertex  7.397593e+01  3.956188e+01  8.000000e+00
     vertex  7.396242e+01  3.945297e+01  8.000000e+00
   endloop
 endfacet
 facet normal  0.000000e+00  0.000000e+00  1.000000e+00
   outer loop
     vertex  8.000000e+01  5.000000e+01  8.000000e+00
     vertex  7.322960e+01  4.236001e+01  8.000000e+00
     vertex  7.329313e+01  4.227052e+01  8.000000e+00
   endloop
 endfacet
 facet normal  0.000000e+00  0.000000e+00  1.000000e+00
   outer loop
     vertex  8.000000e+01  5.000000e+01  8.000000e+00
     vertex  7.396242e+01  3.945297e+01  8.000000e+00
     vertex  7.394592e+01  3.934447e+01  8.000000e+00
   endloop
 endfacet
 facet normal  0.000000e+00  0.000000e+00  1.000000e+00
   outer loop
     vertex  8.000000e+01  5.000000e+01  8.000000e+00
     vertex  7.329313e+01  4.227052e+01  8.000000e+00
     vertex  7.335418e+01  4.217932e+01  8.000000e+00
   endloop
 endfacet
 facet normal  0.000000e+00  0.000000e+00  1.000000e+00
   outer loop
     vertex  8.000000e+01  5.000000e+01  8.000000e+00
     vertex  7.394592e+01  3.934447e+01  8.000000e+00
     vertex  7.392645e+01  3.923646e+01  8.000000e+00
   endloop
 endfacet
 facet normal  0.000000e+00  0.000000e+00  1.000000e+00
   outer loop
     vertex  8.000000e+01  5.000000e+01  8.000000e+00
     vertex  7.335418e+01  4.217932e+01  8.000000e+00
     vertex  7.341271e+01  4.208648e+01  8.000000e+00
   endloop
 endfacet
 facet normal  0.000000e+00  0.000000e+00  1.000000e+00
   outer loop
     vertex  8.000000e+01  5.000000e+01  8.000000e+00
     vertex  7.392645e+01  3.923646e+01  8.000000e+00
     vertex  7.390403e+01  3.912903e+01  8.000000e+00
   endloop
 endfacet
 facet normal  0.000000e+00  0.000000e+00  1.000000e+00
   outer loop
     vertex  8.000000e+01  5.000000e+01  8.000000e+00
     vertex  7.341271e+01  4.208648e+01  8.000000e+00
     vertex  7.346867e+01  4.199207e+01  8.000000e+00
   endloop
 endfacet
 facet normal  0.000000e+00  0.000000e+00  1.000000e+00
   outer loop
     vertex  8.000000e+01  5.000000e+01  8.000000e+00
     vertex  7.390403e+01  3.912903e+01  8.000000e+00
     vertex  7.387866e+01  3.902226e+01  8.000000e+00
   endloop
 endfacet
 facet normal  0.000000e+00  0.000000e+00  1.000000e+00
   outer loop
     vertex  8.000000e+01  5.000000e+01  8.000000e+00
     vertex  7.346867e+01  4.199207e+01  8.000000e+00
     vertex  7.352201e+01  4.189616e+01  8.000000e+00
   endloop
 endfacet
 facet normal  0.000000e+00  0.000000e+00  1.000000e+00
   outer loop
     vertex  8.000000e+01  5.000000e+01  8.000000e+00
     vertex  7.387866e+01  3.902226e+01  8.000000e+00
     vertex  7.385038e+01  3.891622e+01  8.000000e+00
   endloop
 endfacet
 facet normal  0.000000e+00  0.000000e+00  1.000000e+00
   outer loop
     vertex  8.000000e+01  5.000000e+01  8.000000e+00
     vertex  7.352201e+01  4.189616e+01  8.000000e+00
     vertex  7.357270e+01  4.179883e+01  8.000000e+00
   endloop
 endfacet
 facet normal  0.000000e+00  0.000000e+00  1.000000e+00
   outer loop
     vertex  8.000000e+01  5.000000e+01  8.000000e+00
     vertex  7.385038e+01  3.891622e+01  8.000000e+00
     vertex  7.381920e+01  3.881100e+01  8.000000e+00
   endloop
 endfacet
 facet normal  0.000000e+00  0.000000e+00  1.000000e+00
   outer loop
     vertex  8.000000e+01  5.000000e+01  8.000000e+00
     vertex  7.357270e+01  4.179883e+01  8.000000e+00
     vertex  7.362071e+01  4.170014e+01  8.000000e+00
   endloop
 endfacet
 facet normal  0.000000e+00  0.000000e+00  1.000000e+00
   outer loop
     vertex  8.000000e+01  5.000000e+01  8.000000e+00
     vertex  7.381920e+01  3.881100e+01  8.000000e+00
     vertex  7.378514e+01  3.870667e+01  8.000000e+00
   endloop
 endfacet
 facet normal  0.000000e+00  0.000000e+00  1.000000e+00
   outer loop
     vertex  8.000000e+01  5.000000e+01  8.000000e+00
     vertex  7.362071e+01  4.170014e+01  8.000000e+00
     vertex  7.366599e+01  4.160017e+01  8.000000e+00
   endloop
 endfacet
 facet normal  0.000000e+00  0.000000e+00  1.000000e+00
   outer loop
     vertex  8.000000e+01  5.000000e+01  8.000000e+00
     vertex  7.366599e+01  4.160017e+01  8.000000e+00
     vertex  7.370851e+01  4.149899e+01  8.000000e+00
   endloop
 endfacet
 facet normal  0.000000e+00  0.000000e+00  1.000000e+00
   outer loop
     vertex  8.000000e+01  5.000000e+01  8.000000e+00
     vertex  7.378514e+01  1.129333e+01  8.000000e+00
     vertex  8.000000e+01  0.000000e+00  8.000000e+00
   endloop
 endfacet
 facet normal  0.000000e+00  0.000000e+00  1.000000e+00
   outer loop
     vertex  8.000000e+01  5.000000e+01  8.000000e+00
     vertex  7.370851e+01  4.149899e+01  8.000000e+00
     vertex  7.374823e+01  4.139669e+01  8.000000e+00
   endloop
 endfacet
 facet normal  0.000000e+00  0.000000e+00  1.000000e+00
   outer loop
     vertex  8.000000e+01  5.000000e+01  8.000000e+00
     vertex  7.374823e+01  4.139669e+01  8.000000e+00
     vertex  7.378514e+01  4.129333e+01  8.000000e+00
   endloop
 endfacet
 facet normal  0.000000e+00  0.000000e+00  1.000000e+00
   outer loop
     vertex  8.000000e+01  5.000000e+01  8.000000e+00
     vertex  0.000000e+00  5.000000e+01  8.000000e+00
     vertex  6.862906e+01  4.375773e+01  8.000000e+00
   endloop
 endfacet
 facet normal  0.000000e+00  0.000000e+00  1.000000e+00
   outer loop
     vertex  6.862906e+01  4.375773e+01  8.000000e+00
     vertex  0.000000e+00  5.000000e+01  8.000000e+00
     vertex  6.852648e+01  4.371870e+01  8.000000e+00
   endloop
 endfacet
 facet normal  0.000000e+00  0.000000e+00  1.000000e+00
   outer loop
     vertex  6.852648e+01  4.371870e+01  8.000000e+00
     vertex  0.000000e+00  5.000000e+01  8.000000e+00
     vertex  6.842502e+01  4.367688e+01  8.000000e+00
   endloop
 endfacet
 facet normal  0.000000e+00  0.000000e+00  1.000000e+00
   outer loop
     vertex  6.842502e+01  4.367688e+01  8.000000e+00
     vertex  0.000000e+00  5.000000e+01  8.000000e+00
     vertex  6.832474e+01  4.363229e+01  8.000000e+00
   endloop
 endfacet
 facet normal  0.000000e+00  0.000000e+00  1.000000e+00
   outer loop
     vertex  6.832474e+01  4.363229e+01  8.000000e+00
     vertex  0.000000e+00  5.000000e+01  8.000000e+00
     vertex  6.822572e+01  4.358496e+01  8.000000e+00
   endloop
 endfacet
 facet normal  0.000000e+00  0.000000e+00  1.000000e+00
   outer loop
     vertex  6.822572e+01  4.358496e+01  8.000000e+00
     vertex  0.000000e+00  5.000000e+01  8.000000e+00
     vertex  6.812804e+01  4.353493e+01  8.000000e+00
   endloop
 endfacet
 facet normal  0.000000e+00  0.000000e+00  1.000000e+00
   outer loop
     vertex  6.812804e+01  4.353493e+01  8.000000e+00
     vertex  0.000000e+00  5.000000e+01  8.000000e+00
     vertex  6.803177e+01  4.348225e+01  8.000000e+00
   endloop
 endfacet
 facet normal  0.000000e+00  0.000000e+00  1.000000e+00
   outer loop
     vertex  6.803177e+01  4.348225e+01  8.000000e+00
     vertex  0.000000e+00  5.000000e+01  8.000000e+00
     vertex  6.793697e+01  4.342694e+01  8.000000e+00
   endloop
 endfacet
 facet normal  0.000000e+00  0.000000e+00  1.000000e+00
   outer loop
     vertex  6.793697e+01  4.342694e+01  8.000000e+00
     vertex  0.000000e+00  5.000000e+01  8.000000e+00
     vertex  6.784374e+01  4.336905e+01  8.000000e+00
   endloop
 endfacet
 facet normal  0.000000e+00  0.000000e+00  1.000000e+00
   outer loop
     vertex  6.784374e+01  4.336905e+01  8.000000e+00
     vertex  0.000000e+00  5.000000e+01  8.000000e+00
     vertex  6.775212e+01  4.330863e+01  8.000000e+00
   endloop
 endfacet
 facet normal  0.000000e+00  0.000000e+00  1.000000e+00
   outer loop
     vertex  6.775212e+01  4.330863e+01  8.000000e+00
     vertex  0.000000e+00  5.000000e+01  8.000000e+00
     vertex  6.766220e+01  4.324572e+01  8.000000e+00
   endloop
 endfacet
 facet normal  0.000000e+00  0.000000e+00  1.000000e+00
   outer loop
     vertex  6.766220e+01  4.324572e+01  8.000000e+00
     vertex  0.000000e+00  5.000000e+01  8.000000e+00
     vertex  1.142237e+01  4.373857e+01  8.000000e+00
   endloop
 endfacet
 facet normal  0.000000e+00  0.000000e+00  1.000000e+00
   outer loop
     vertex  6.766220e+01  4.324572e+01  8.000000e+00
     vertex  1.142237e+01  4.373857e+01  8.000000e+00
     vertex  1.152439e+01  4.369814e+01  8.000000e+00
   endloop
 endfacet
 facet normal  0.000000e+00  0.000000e+00  1.000000e+00
   outer loop
     vertex  6.766220e+01  4.324572e+01  8.000000e+00
     vertex  1.152439e+01  4.369814e+01  8.000000e+00
     vertex  1.162528e+01  4.365493e+01  8.000000e+00
   endloop
 endfacet
 facet normal  0.000000e+00  0.000000e+00  1.000000e+00
   outer loop
     vertex  6.766220e+01  4.324572e+01  8.000000e+00
     vertex  1.162528e+01  4.365493e+01  8.000000e+00
     vertex  1.172493e+01  4.360896e+01  8.000000e+00
   endloop
 endfacet
 facet normal  0.000000e+00  0.000000e+00  1.000000e+00
   outer loop
     vertex  6.766220e+01  4.324572e+01  8.000000e+00
     vertex  1.172493e+01  4.360896e+01  8.000000e+00
     vertex  1.182329e+01  4.356028e+01  8.000000e+00
   endloop
 endfacet
 facet normal  0.000000e+00  0.000000e+00  1.000000e+00
   outer loop
     vertex  6.766220e+01  4.324572e+01  8.000000e+00
     vertex  1.182329e+01  4.356028e+01  8.000000e+00
     vertex  1.192028e+01  4.350892e+01  8.000000e+00
   endloop
 endfacet
 facet normal  0.000000e+00  0.000000e+00  1.000000e+00
   outer loop
     vertex  6.766220e+01  4.324572e+01  8.000000e+00
     vertex  1.192028e+01  4.350892e+01  8.000000e+00
     vertex  1.201582e+01  4.345492e+01  8.000000e+00
   endloop
 endfacet
 facet normal  0.000000e+00  0.000000e+00  1.000000e+00
   outer loop
     vertex  6.766220e+01  4.324572e+01  8.000000e+00
     vertex  1.201582e+01  4.345492e+01  8.000000e+00
     vertex  1.210984e+01  4.339832e+01  8.000000e+00
   endloop
 endfacet
 facet normal  0.000000e+00  0.000000e+00  1.000000e+00
   outer loop
     vertex  6.766220e+01  4.324572e+01  8.000000e+00
     vertex  1.210984e+01  4.339832e+01  8.000000e+00
     vertex  1.220228e+01  4.333916e+01  8.000000e+00
   endloop
 endfacet
 facet normal  0.000000e+00  0.000000e+00  1.000000e+00
   outer loop
     vertex  6.766220e+01  4.324572e+01  8.000000e+00
     vertex  1.220228e+01  4.333916e+01  8.000000e+00
     vertex  1.229306e+01  4.327748e+01  8.000000e+00
   endloop
 endfacet
 facet normal -0.000000e+00  1.000000e+00  0.000000e+00
   outer loop
     vertex  0.000000e+00  5.000000e+01  8.000000e+00
     vertex  8.000000e+01  5.000000e+01  8.000000e+00
     vertex  8.000000e+01  5.000000e+01  0.000000e+00
   endloop
 endfacet
 facet normal  0.000000e+00  1.000000e+00  0.000000e+00
   outer loop
     vertex  0.000000e+00  5.000000e+01  0.000000e+00
     vertex  0.000000e+00  5.000000e+01  8.000000e+00
     vertex  8.000000e+01  5.000000e+01  0.000000e+00
   endloop
 endfacet
 facet normal -9.999059e-01 -1.371831e-02  0.000000e+00
   outer loop
     vertex  1.400000e+01  1.000000e+01  0.000000e+00
     vertex  1.400000e+01  1.000000e+01  8.000000e+00
     vertex  1.399849e+01  1.010974e+01  8.000000e+00
   endloop
 endfacet
 facet normal -9.991532e-01 -4.114462e-02 -1.735829e-16
   outer loop
     vertex  1.399849e+01  1.010974e+01  0.000000e+00
     vertex  1.399849e+01  1.010974e+01  8.000000e+00
     vertex  1.399398e+01  1.021939e+01  8.000000e+00
   endloop
 endfacet
 facet normal -9.999059e-01 -1.371831e-02 -5.787548e-17
   outer loop
     vertex  1.399849e+01  1.010974e+01  0.000000e+00
     vertex  1.400000e+01  1.000000e+01  0.000000e+00
     vertex  1.399849e+01  1.010974e+01  8.000000e+00
   endloop
 endfacet
 facet normal -9.976484e-01 -6.853995e-02 -6.763715e-17
   outer loop
     vertex  1.399398e+01  1.021939e+01  0.000000e+00
     vertex  1.399398e+01  1.021939e+01  8.000000e+00
     vertex  1.398646e+01  1.032888e+01  8.000000e+00
   endloop
 endfacet
 facet normal -9.991532e-01 -4.114462e-02  4.827371e-17
   outer loop
     vertex  1.399398e+01  1.021939e+01  0.000000e+00
     vertex  1.399849e+01  1.010974e+01  0.000000e+00
     vertex  1.399398e+01  1.021939e+01  8.000000e+00
   endloop
 endfacet
 facet normal -9.953925e-01 -9.588368e-02  3.752445e-17
   outer loop
     vertex  1.398646e+01  1.032888e+01  0.000000e+00
     vertex  1.398646e+01  1.032888e+01  8.000000e+00
     vertex  1.397593e+01  1.043812e+01  8.000000e+00
   endloop
 endfacet
 facet normal -9.976484e-01 -6.853995e-02  1.538853e-16
   outer loop
     vertex  1.398646e+01  1.032888e+01  0.000000e+00
     vertex  1.399398e+01  1.021939e+01  0.000000e+00
     vertex  1.398646e+01  1.032888e+01  8.000000e+00
   endloop
 endfacet
 facet normal -9.923874e-01 -1.231552e-01 -7.886464e-17
   outer loop
     vertex  1.397593e+01  1.043812e+01  0.000000e+00
     vertex  1.397593e+01  1.043812e+01  8.000000e+00
     vertex  1.396242e+01  1.054703e+01  8.000000e+00
   endloop
 endfacet
 facet normal -9.953925e-01 -9.588368e-02  3.752445e-17
   outer loop
     vertex  1.397593e+01  1.043812e+01  0.000000e+00
     vertex  1.398646e+01  1.032888e+01  0.000000e+00
     vertex  1.397593e+01  1.043812e+01  8.000000e+00
   endloop
 endfacet
 facet normal -9.886353e-01 -1.503341e-01 -1.951944e-16
   outer loop
     vertex  1.396242e+01  1.054703e+01  0.000000e+00
     vertex  1.396242e+01  1.054703e+01  8.000000e+00
     vertex  1.394592e+01  1.065553e+01  8.000000e+00
   endloop
 endfacet
 facet normal -9.923874e-01 -1.231552e-01 -7.886464e-17
   outer loop
     vertex  1.396242e+01  1.054703e+01  0.000000e+00
     vertex  1.397593e+01  1.043812e+01  0.000000e+00
     vertex  1.396242e+01  1.054703e+01  8.000000e+00
   endloop
 endfacet
 facet normal -9.841389e-01 -1.773998e-01 -5.346376e-17
   outer loop
     vertex  1.394592e+01  1.065553e+01  0.000000e+00
     vertex  1.394592e+01  1.065553e+01  8.000000e+00
     vertex  1.392645e+01  1.076354e+01  8.000000e+00
   endloop
 endfacet
 facet normal -9.886353e-01 -1.503341e-01  5.770764e-17
   outer loop
     vertex  1.394592e+01  1.065553e+01  0.000000e+00
     vertex  1.396242e+01  1.054703e+01  0.000000e+00
     vertex  1.394592e+01  1.065553e+01  8.000000e+00
   endloop
 endfacet
 facet normal -9.789017e-01 -2.043319e-01  7.394129e-18
   outer loop
     vertex  1.392645e+01  1.076354e+01  0.000000e+00
     vertex  1.392645e+01  1.076354e+01  8.000000e+00
     vertex  1.390403e+01  1.087097e+01  8.000000e+00
   endloop
 endfacet
 facet normal -9.841389e-01 -1.773998e-01  1.256683e-16
   outer loop
     vertex  1.392645e+01  1.076354e+01  0.000000e+00
     vertex  1.394592e+01  1.065553e+01  0.000000e+00
     vertex  1.392645e+01  1.076354e+01  8.000000e+00
   endloop
 endfacet
 facet normal -9.729276e-01 -2.311102e-01 -5.956883e-17
   outer loop
     vertex  1.390403e+01  1.087097e+01  0.000000e+00
     vertex  1.390403e+01  1.087097e+01  8.000000e+00
     vertex  1.387866e+01  1.097774e+01  8.000000e+00
   endloop
 endfacet
 facet normal -9.789017e-01 -2.043319e-01  5.276493e-17
   outer loop
     vertex  1.390403e+01  1.087097e+01  0.000000e+00
     vertex  1.392645e+01  1.076354e+01  0.000000e+00
     vertex  1.390403e+01  1.087097e+01  8.000000e+00
   endloop
 endfacet
 facet normal -9.662211e-01 -2.577146e-01  4.268643e-17
   outer loop
     vertex  1.387866e+01  1.097774e+01  0.000000e+00
     vertex  1.387866e+01  1.097774e+01  8.000000e+00
     vertex  1.385038e+01  1.108378e+01  8.000000e+00
   endloop
 endfacet
 facet normal -9.729276e-01 -2.311102e-01  1.564645e-16
   outer loop
     vertex  1.387866e+01  1.097774e+01  0.000000e+00
     vertex  1.390403e+01  1.087097e+01  0.000000e+00
     vertex  1.387866e+01  1.097774e+01  8.000000e+00
   endloop
 endfacet
 facet normal -9.662211e-01 -2.577146e-01  2.572306e-16
   outer loop
     vertex  1.385038e+01  1.108378e+01  0.000000e+00
     vertex  1.387866e+01  1.097774e+01  0.000000e+00
     vertex  1.385038e+01  1.108378e+01  8.000000e+00
   endloop
 endfacet
 facet normal -9.587873e-01 -2.841250e-01  1.417698e-16
   outer loop
     vertex  1.385038e+01  1.108378e+01  0.000000e+00
     vertex  1.385038e+01  1.108378e+01  8.000000e+00
     vertex  1.381920e+01  1.118900e+01  8.000000e+00
   endloop
 endfacet
 facet normal -9.587873e-01 -2.841250e-01 -7.112376e-17
   outer loop
     vertex  1.381920e+01  1.118900e+01  0.000000e+00
     vertex  1.385038e+01  1.108378e+01  0.000000e+00
     vertex  1.381920e+01  1.118900e+01  8.000000e+00
   endloop
 endfacet
 facet normal -9.506317e-01 -3.103214e-01 -1.848804e-16
   outer loop
     vertex  1.381920e+01  1.118900e+01  0.000000e+00
     vertex  1.381920e+01  1.118900e+01  8.000000e+00
     vertex  1.378514e+01  1.129333e+01  8.000000e+00
   endloop
 endfacet
 facet normal -9.506317e-01 -3.103214e-01  2.620223e-17
   outer loop
     vertex  1.378514e+01  1.129333e+01  0.000000e+00
     vertex  1.381920e+01  1.118900e+01  0.000000e+00
     vertex  1.378514e+01  1.129333e+01  8.000000e+00
   endloop
 endfacet
 facet normal -9.417605e-01 -3.362843e-01 -8.938505e-17
   outer loop
     vertex  1.378514e+01  1.129333e+01  0.000000e+00
     vertex  1.378514e+01  1.129333e+01  8.000000e+00
     vertex  1.374823e+01  1.139669e+01  8.000000e+00
   endloop
 endfacet
 facet normal -9.417605e-01 -3.362843e-01  5.995518e-17
   outer loop
     vertex  1.374823e+01  1.139669e+01  0.000000e+00
     vertex  1.378514e+01  1.129333e+01  0.000000e+00
     vertex  1.374823e+01  1.139669e+01  8.000000e+00
   endloop
 endfacet
 facet normal -9.321804e-01 -3.619940e-01 -4.414739e-17
   outer loop
     vertex  1.374823e+01  1.139669e+01  0.000000e+00
     vertex  1.374823e+01  1.139669e+01  8.000000e+00
     vertex  1.370851e+01  1.149899e+01  8.000000e+00
   endloop
 endfacet
 facet normal -9.321804e-01 -3.619940e-01 -1.245262e-16
   outer loop
     vertex  1.370851e+01  1.149899e+01  0.000000e+00
     vertex  1.374823e+01  1.139669e+01  0.000000e+00
     vertex  1.370851e+01  1.149899e+01  8.000000e+00
   endloop
 endfacet
 facet normal -9.218986e-01 -3.874313e-01 -2.342438e-16
   outer loop
     vertex  1.370851e+01  1.149899e+01  0.000000e+00
     vertex  1.370851e+01  1.149899e+01  8.000000e+00
     vertex  1.366599e+01  1.160017e+01  8.000000e+00
   endloop
 endfacet
 facet normal -9.218986e-01 -3.874313e-01  5.648587e-17
   outer loop
     vertex  1.366599e+01  1.160017e+01  0.000000e+00
     vertex  1.370851e+01  1.149899e+01  0.000000e+00
     vertex  1.366599e+01  1.160017e+01  8.000000e+00
   endloop
 endfacet
 facet normal -9.109228e-01 -4.125769e-01 -4.990901e-17
   outer loop
     vertex  1.366599e+01  1.160017e+01  0.000000e+00
     vertex  1.366599e+01  1.160017e+01  8.000000e+00
     vertex  1.362071e+01  1.170014e+01  8.000000e+00
   endloop
 endfacet
 facet normal -9.109228e-01 -4.125769e-01 -4.990901e-17
   outer loop
     vertex  1.362071e+01  1.170014e+01  0.000000e+00
     vertex  1.366599e+01  1.160017e+01  0.000000e+00
     vertex  1.362071e+01  1.170014e+01  8.000000e+00
   endloop
 endfacet
 facet normal -8.992613e-01 -4.374119e-01 -1.562663e-16
   outer loop
     vertex  1.362071e+01  1.170014e+01  0.000000e+00
     vertex  1.362071e+01  1.170014e+01  8.000000e+00
     vertex  1.357270e+01  1.179883e+01  8.000000e+00
   endloop
 endfacet
 facet normal -8.992613e-01 -4.374119e-01  4.340979e-17
   outer loop
     vertex  1.357270e+01  1.179883e+01  0.000000e+00
     vertex  1.362071e+01  1.170014e+01  0.000000e+00
     vertex  1.357270e+01  1.179883e+01  8.000000e+00
   endloop
 endfacet
 facet normal -8.869228e-01 -4.619176e-01 -6.556958e-17
   outer loop
     vertex  1.357270e+01  1.179883e+01  0.000000e+00
     vertex  1.357270e+01  1.179883e+01  8.000000e+00
     vertex  1.352201e+01  1.189616e+01  8.000000e+00
   endloop
 endfacet
 facet normal -8.869228e-01 -4.619176e-01  3.699673e-17
   outer loop
     vertex  1.352201e+01  1.189616e+01  0.000000e+00
     vertex  1.357270e+01  1.179883e+01  0.000000e+00
     vertex  1.352201e+01  1.189616e+01  8.000000e+00
   endloop
 endfacet
 facet normal -8.739167e-01 -4.860756e-01 -6.656912e-17
   outer loop
     vertex  1.352201e+01  1.189616e+01  0.000000e+00
     vertex  1.352201e+01  1.189616e+01  8.000000e+00
     vertex  1.346867e+01  1.199207e+01  8.000000e+00
   endloop
 endfacet
 facet normal -8.602528e-01 -5.098678e-01  2.092963e-17
   outer loop
     vertex  1.346867e+01  1.199207e+01  0.000000e+00
     vertex  1.346867e+01  1.199207e+01  8.000000e+00
     vertex  1.341271e+01  1.208648e+01  8.000000e+00
   endloop
 endfacet
 facet normal -8.739167e-01 -4.860756e-01  1.274794e-16
   outer loop
     vertex  1.346867e+01  1.199207e+01  0.000000e+00
     vertex  1.352201e+01  1.189616e+01  0.000000e+00
     vertex  1.346867e+01  1.199207e+01  8.000000e+00
   endloop
 endfacet
 facet normal -8.602528e-01 -5.098678e-01 -1.700849e-16
   outer loop
     vertex  1.341271e+01  1.208648e+01  0.000000e+00
     vertex  1.346867e+01  1.199207e+01  0.000000e+00
     vertex  1.341271e+01  1.208648e+01  8.000000e+00
   endloop
 endfacet
 facet normal -8.459413e-01 -5.332761e-01 -2.734726e-16
   outer loop
     vertex  1.341271e+01  1.208648e+01  0.000000e+00
     vertex  1.341271e+01  1.208648e+01  8.000000e+00
     vertex  1.335418e+01  1.217932e+01  8.000000e+00
   endloop
 endfacet
 facet normal -8.309929e-01 -5.562829e-01 -6.861728e-17
   outer loop
     vertex  1.335418e+01  1.217932e+01  0.000000e+00
     vertex  1.335418e+01  1.217932e+01  8.000000e+00
     vertex  1.329313e+01  1.227052e+01  8.000000e+00
   endloop
 endfacet
 facet normal -8.459413e-01 -5.332761e-01  3.277521e-17
   outer loop
     vertex  1.335418e+01  1.217932e+01  0.000000e+00
     vertex  1.341271e+01  1.208648e+01  0.000000e+00
     vertex  1.335418e+01  1.217932e+01  8.000000e+00
   endloop
 endfacet
 facet normal -8.154191e-01 -5.788711e-01 -1.174339e-16
   outer loop
     vertex  1.329313e+01  1.227052e+01  0.000000e+00
     vertex  1.329313e+01  1.227052e+01  8.000000e+00
     vertex  1.322960e+01  1.236001e+01  8.000000e+00
   endloop
 endfacet
 facet normal -8.309929e-01 -5.562829e-01 -7.619403e-18
   outer loop
     vertex  1.329313e+01  1.227052e+01  0.000000e+00
     vertex  1.335418e+01  1.217932e+01  0.000000e+00
     vertex  1.329313e+01  1.227052e+01  8.000000e+00
   endloop
 endfacet
 facet normal -7.992314e-01 -6.010234e-01 -9.370598e-17
   outer loop
     vertex  1.322960e+01  1.236001e+01  0.000000e+00
     vertex  1.322960e+01  1.236001e+01  8.000000e+00
     vertex  1.316364e+01  1.244772e+01  8.000000e+00
   endloop
 endfacet
 facet normal -8.154191e-01 -5.788711e-01  1.110130e-17
   outer loop
     vertex  1.322960e+01  1.236001e+01  0.000000e+00
     vertex  1.329313e+01  1.227052e+01  0.000000e+00
     vertex  1.322960e+01  1.236001e+01  8.000000e+00
   endloop
 endfacet
 facet normal -7.824421e-01 -6.227234e-01 -1.984427e-16
   outer loop
     vertex  1.316364e+01  1.244772e+01  0.000000e+00
     vertex  1.316364e+01  1.244772e+01  8.000000e+00
     vertex  1.309530e+01  1.253359e+01  8.000000e+00
   endloop
 endfacet
 facet normal -7.992314e-01 -6.010234e-01 -9.370598e-17
   outer loop
     vertex  1.316364e+01  1.244772e+01  0.000000e+00
     vertex  1.322960e+01  1.236001e+01  0.000000e+00
     vertex  1.316364e+01  1.244772e+01  8.000000e+00
   endloop
 endfacet
 facet normal -7.650637e-01 -6.439545e-01  9.834826e-18
   outer loop
     vertex  1.309530e+01  1.253359e+01  0.000000e+00
     vertex  1.309530e+01  1.253359e+01  8.000000e+00
     vertex  1.302463e+01  1.261756e+01  8.000000e+00
   endloop
 endfacet
 facet normal -7.824421e-01 -6.227234e-01  1.135667e-16
   outer loop
     vertex  1.309530e+01  1.253359e+01  0.000000e+00
     vertex  1.316364e+01  1.244772e+01  0.000000e+00
     vertex  1.309530e+01  1.253359e+01  8.000000e+00
   endloop
 endfacet
 facet normal -7.471095e-01 -6.647010e-01 -9.390443e-17
   outer loop
     vertex  1.302463e+01  1.261756e+01  0.000000e+00
     vertex  1.302463e+01  1.261756e+01  8.000000e+00
     vertex  1.295168e+01  1.269955e+01  8.000000e+00
   endloop
 endfacet
 facet normal -7.650637e-01 -6.439545e-01  9.834826e-18
   outer loop
     vertex  1.302463e+01  1.261756e+01  0.000000e+00
     vertex  1.309530e+01  1.253359e+01  0.000000e+00
     vertex  1.302463e+01  1.261756e+01  8.000000e+00
   endloop
 endfacet
 facet normal -7.285929e-01 -6.849470e-01 -4.548421e-17
   outer loop
     vertex  1.295168e+01  1.269955e+01  0.000000e+00
     vertex  1.295168e+01  1.269955e+01  8.000000e+00
     vertex  1.287651e+01  1.277951e+01  8.000000e+00
   endloop
 endfacet
 facet normal -7.471095e-01 -6.647010e-01  5.368883e-17
   outer loop
     vertex  1.295168e+01  1.269955e+01  0.000000e+00
     vertex  1.302463e+01  1.261756e+01  0.000000e+00
     vertex  1.295168e+01  1.269955e+01  8.000000e+00
   endloop
 endfacet
 facet normal -7.095278e-01 -7.046775e-01 -1.435460e-16
   outer loop
     vertex  1.287651e+01  1.277951e+01  0.000000e+00
     vertex  1.287651e+01  1.277951e+01  8.000000e+00
     vertex  1.279918e+01  1.285738e+01  8.000000e+00
   endloop
 endfacet
 facet normal -7.285929e-01 -6.849470e-01 -3.579289e-17
   outer loop
     vertex  1.287651e+01  1.277951e+01  0.000000e+00
     vertex  1.295168e+01  1.269955e+01  0.000000e+00
     vertex  1.287651e+01  1.277951e+01  8.000000e+00
   endloop
 endfacet
 facet normal -6.899286e-01 -7.238775e-01 -9.045804e-17
   outer loop
     vertex  1.279918e+01  1.285738e+01  0.000000e+00
     vertex  1.279918e+01  1.285738e+01  8.000000e+00
     vertex  1.271973e+01  1.293310e+01  8.000000e+00
   endloop
 endfacet
 facet normal -7.095278e-01 -7.046775e-01  1.292379e-17
   outer loop
     vertex  1.279918e+01  1.285738e+01  0.000000e+00
     vertex  1.287651e+01  1.277951e+01  0.000000e+00
     vertex  1.279918e+01  1.285738e+01  8.000000e+00
   endloop
 endfacet
 facet normal -6.698100e-01 -7.425325e-01 -4.504409e-17
   outer loop
     vertex  1.271973e+01  1.293310e+01  0.000000e+00
     vertex  1.271973e+01  1.293310e+01  8.000000e+00
     vertex  1.263824e+01  1.300661e+01  8.000000e+00
   endloop
 endfacet
 facet normal -6.899286e-01 -7.238775e-01  6.273687e-17
   outer loop
     vertex  1.271973e+01  1.293310e+01  0.000000e+00
     vertex  1.279918e+01  1.285738e+01  0.000000e+00
     vertex  1.271973e+01  1.293310e+01  8.000000e+00
   endloop
 endfacet
 facet normal -6.491872e-01 -7.606287e-01  1.610235e-17
   outer loop
     vertex  1.263824e+01  1.300661e+01  0.000000e+00
     vertex  1.263824e+01  1.300661e+01  8.000000e+00
     vertex  1.255477e+01  1.307785e+01  8.000000e+00
   endloop
 endfacet
 facet normal -6.698100e-01 -7.425325e-01  1.198313e-16
   outer loop
     vertex  1.263824e+01  1.300661e+01  0.000000e+00
     vertex  1.271973e+01  1.293310e+01  0.000000e+00
     vertex  1.263824e+01  1.300661e+01  8.000000e+00
   endloop
 endfacet
 facet normal -6.280757e-01 -7.781522e-01  5.182215e-17
   outer loop
     vertex  1.255477e+01  1.307785e+01  0.000000e+00
     vertex  1.255477e+01  1.307785e+01  8.000000e+00
     vertex  1.246937e+01  1.314678e+01  8.000000e+00
   endloop
 endfacet
 facet normal -6.491872e-01 -7.606287e-01  1.602509e-16
   outer loop
     vertex  1.255477e+01  1.307785e+01  0.000000e+00
     vertex  1.263824e+01  1.300661e+01  0.000000e+00
     vertex  1.255477e+01  1.307785e+01  8.000000e+00
   endloop
 endfacet
 facet normal -6.064915e-01 -7.950900e-01 -5.664558e-17
   outer loop
     vertex  1.246937e+01  1.314678e+01  0.000000e+00
     vertex  1.246937e+01  1.314678e+01  8.000000e+00
     vertex  1.238211e+01  1.321334e+01  8.000000e+00
   endloop
 endfacet
 facet normal -6.280757e-01 -7.781522e-01  5.182215e-17
   outer loop
     vertex  1.246937e+01  1.314678e+01  0.000000e+00
     vertex  1.255477e+01  1.307785e+01  0.000000e+00
     vertex  1.246937e+01  1.314678e+01  8.000000e+00
   endloop
 endfacet
 facet normal -5.844507e-01 -8.114292e-01  1.510282e-17
   outer loop
     vertex  1.238211e+01  1.321334e+01  0.000000e+00
     vertex  1.238211e+01  1.321334e+01  8.000000e+00
     vertex  1.229306e+01  1.327748e+01  8.000000e+00
   endloop
 endfacet
 facet normal -6.064915e-01 -7.950900e-01  1.198999e-16
   outer loop
     vertex  1.238211e+01  1.321334e+01  0.000000e+00
     vertex  1.246937e+01  1.314678e+01  0.000000e+00
     vertex  1.238211e+01  1.321334e+01  8.000000e+00
   endloop
 endfacet
 facet normal -5.844507e-01 -8.114292e-01  1.510282e-17
   outer loop
     vertex  1.229306e+01  1.327748e+01  0.000000e+00
     vertex  1.238211e+01  1.321334e+01  0.000000e+00
     vertex  1.229306e+01  1.327748e+01  8.000000e+00
   endloop
 endfacet
 facet normal -5.619699e-01 -8.271577e-01 -8.970559e-17
   outer loop
     vertex  1.229306e+01  1.327748e+01  0.000000e+00
     vertex  1.229306e+01  1.327748e+01  8.000000e+00
     vertex  1.220228e+01  1.333916e+01  8.000000e+00
   endloop
 endfacet
 facet normal -5.619699e-01 -8.271577e-01  9.396031e-17
   outer loop
     vertex  1.220228e+01  1.333916e+01  0.000000e+00
     vertex  1.229306e+01  1.327748e+01  0.000000e+00
     vertex  1.220228e+01  1.333916e+01  8.000000e+00
   endloop
 endfacet
 facet normal -5.390661e-01 -8.422635e-01 -7.426418e-18
   outer loop
     vertex  1.220228e+01  1.333916e+01  0.000000e+00
     vertex  1.220228e+01  1.333916e+01  8.000000e+00
     vertex  1.210984e+01  1.339832e+01  8.000000e+00
   endloop
 endfacet
 facet normal -5.390661e-01 -8.422635e-01  1.122703e-16
   outer loop
     vertex  1.210984e+01  1.339832e+01  0.000000e+00
     vertex  1.220228e+01  1.333916e+01  0.000000e+00
     vertex  1.210984e+01  1.339832e+01  8.000000e+00
   endloop
 endfacet
 facet normal -5.157565e-01 -8.567352e-01  5.713398e-18
   outer loop
     vertex  1.210984e+01  1.339832e+01  0.000000e+00
     vertex  1.210984e+01  1.339832e+01  8.000000e+00
     vertex  1.201582e+01  1.345492e+01  8.000000e+00
   endloop
 endfacet
 facet normal -5.157565e-01 -8.567352e-01  5.713398e-18
   outer loop
     vertex  1.201582e+01  1.345492e+01  0.000000e+00
     vertex  1.210984e+01  1.339832e+01  0.000000e+00
     vertex  1.201582e+01  1.345492e+01  8.000000e+00
   endloop
 endfacet
 facet normal -4.920587e-01 -8.705620e-01 -1.008478e-16
   outer loop
     vertex  1.201582e+01  1.345492e+01  0.000000e+00
     vertex  1.201582e+01  1.345492e+01  8.000000e+00
     vertex  1.192028e+01  1.350892e+01  8.000000e+00
   endloop
 endfacet
 facet normal -4.920587e-01 -8.705620e-01 -1.008478e-16
   outer loop
     vertex  1.192028e+01  1.350892e+01  0.000000e+00
     vertex  1.201582e+01  1.345492e+01  0.000000e+00
     vertex  1.192028e+01  1.350892e+01  8.000000e+00
   endloop
 endfacet
 facet normal -4.679904e-01 -8.837335e-01 -2.073331e-16
   outer loop
     vertex  1.192028e+01  1.350892e+01  0.000000e+00
     vertex  1.192028e+01  1.350892e+01  8.000000e+00
     vertex  1.182329e+01  1.356028e+01  8.000000e+00
   endloop
 endfacet
 facet normal -4.435699e-01 -8.962398e-01 -1.146571e-16
   outer loop
     vertex  1.182329e+01  1.356028e+01  0.000000e+00
     vertex  1.182329e+01  1.356028e+01  8.000000e+00
     vertex  1.172493e+01  1.360896e+01  8.000000e+00
   endloop
 endfacet
 facet normal -4.679904e-01 -8.837335e-01 -1.110484e-17
   outer loop
     vertex  1.182329e+01  1.356028e+01  0.000000e+00
     vertex  1.192028e+01  1.350892e+01  0.000000e+00
     vertex  1.182329e+01  1.356028e+01  8.000000e+00
   endloop
 endfacet
 facet normal -4.188155e-01 -9.080714e-01 -1.649072e-17
   outer loop
     vertex  1.172493e+01  1.360896e+01  0.000000e+00
     vertex  1.172493e+01  1.360896e+01  8.000000e+00
     vertex  1.162528e+01  1.365493e+01  8.000000e+00
   endloop
 endfacet
 facet normal -4.435699e-01 -8.962398e-01  8.434810e-17
   outer loop
     vertex  1.172493e+01  1.360896e+01  0.000000e+00
     vertex  1.182329e+01  1.356028e+01  0.000000e+00
     vertex  1.172493e+01  1.360896e+01  8.000000e+00
   endloop
 endfacet
 facet normal -3.937458e-01 -9.192194e-01  8.679057e-17
   outer loop
     vertex  1.162528e+01  1.365493e+01  0.000000e+00
     vertex  1.162528e+01  1.365493e+01  8.000000e+00
     vertex  1.152439e+01  1.369814e+01  8.000000e+00
   endloop
 endfacet
 facet normal -4.188155e-01 -9.080714e-01  1.851416e-16
   outer loop
     vertex  1.162528e+01  1.365493e+01  0.000000e+00
     vertex  1.172493e+01  1.360896e+01  0.000000e+00
     vertex  1.162528e+01  1.365493e+01  8.000000e+00
   endloop
 endfacet
 facet normal -3.683796e-01 -9.296754e-01  7.017090e-17
   outer loop
     vertex  1.152439e+01  1.369814e+01  0.000000e+00
     vertex  1.152439e+01  1.369814e+01  8.000000e+00
     vertex  1.142237e+01  1.373857e+01  8.000000e+00
   endloop
 endfacet
 facet normal -3.937458e-01 -9.192194e-01  1.742197e-16
   outer loop
     vertex  1.152439e+01  1.369814e+01  0.000000e+00
     vertex  1.162528e+01  1.365493e+01  0.000000e+00
     vertex  1.152439e+01  1.369814e+01  8.000000e+00
   endloop
 endfacet
 facet normal -3.427362e-01 -9.394317e-01 -3.393071e-17
   outer loop
     vertex  1.142237e+01  1.373857e+01  0.000000e+00
     vertex  1.142237e+01  1.373857e+01  8.000000e+00
     vertex  1.131927e+01  1.377618e+01  8.000000e+00
   endloop
 endfacet
 facet normal -3.683796e-01 -9.296754e-01  7.017090e-17
   outer loop
     vertex  1.142237e+01  1.373857e+01  0.000000e+00
     vertex  1.152439e+01  1.369814e+01  0.000000e+00
     vertex  1.142237e+01  1.373857e+01  8.000000e+00
   endloop
 endfacet
 facet normal -3.168348e-01 -9.484807e-01 -1.380068e-16
   outer loop
     vertex  1.131927e+01  1.377618e+01  0.000000e+00
     vertex  1.131927e+01  1.377618e+01  8.000000e+00
     vertex  1.121517e+01  1.381095e+01  8.000000e+00
   endloop
 endfacet
 facet normal -3.427362e-01 -9.394317e-01 -3.393071e-17
   outer loop
     vertex  1.131927e+01  1.377618e+01  0.000000e+00
     vertex  1.142237e+01  1.373857e+01  0.000000e+00
     vertex  1.131927e+01  1.377618e+01  8.000000e+00
   endloop
 endfacet
 facet normal -2.906949e-01 -9.568158e-01 -2.952318e-17
   outer loop
     vertex  1.121517e+01  1.381095e+01  0.000000e+00
     vertex  1.121517e+01  1.381095e+01  8.000000e+00
     vertex  1.111017e+01  1.384285e+01  8.000000e+00
   endloop
 endfacet
 facet normal -3.168348e-01 -9.484807e-01  7.259825e-17
   outer loop
     vertex  1.121517e+01  1.381095e+01  0.000000e+00
     vertex  1.131927e+01  1.377618e+01  0.000000e+00
     vertex  1.121517e+01  1.381095e+01  8.000000e+00
   endloop
 endfacet
 facet normal -2.643362e-01 -9.644306e-01 -1.316224e-16
   outer loop
     vertex  1.111017e+01  1.384285e+01  0.000000e+00
     vertex  1.111017e+01  1.384285e+01  8.000000e+00
     vertex  1.100432e+01  1.387186e+01  8.000000e+00
   endloop
 endfacet
 facet normal -2.906949e-01 -9.568158e-01 -2.952318e-17
   outer loop
     vertex  1.111017e+01  1.384285e+01  0.000000e+00
     vertex  1.121517e+01  1.381095e+01  0.000000e+00
     vertex  1.111017e+01  1.384285e+01  8.000000e+00
   endloop
 endfacet
 facet normal -2.377784e-01 -9.713194e-01 -1.794627e-17
   outer loop
     vertex  1.100432e+01  1.387186e+01  0.000000e+00
     vertex  1.100432e+01  1.387186e+01  8.000000e+00
     vertex  1.089772e+01  1.389796e+01  8.000000e+00
   endloop
 endfacet
 facet normal -2.643362e-01 -9.644306e-01  8.252423e-17
   outer loop
     vertex  1.100432e+01  1.387186e+01  0.000000e+00
     vertex  1.111017e+01  1.384285e+01  0.000000e+00
     vertex  1.100432e+01  1.387186e+01  8.000000e+00
   endloop
 endfacet
 facet normal -2.110417e-01 -9.774771e-01  9.864025e-17
   outer loop
     vertex  1.089772e+01  1.389796e+01  0.000000e+00
     vertex  1.089772e+01  1.389796e+01  8.000000e+00
     vertex  1.079045e+01  1.392112e+01  8.000000e+00
   endloop
 endfacet
 facet normal -2.377784e-01 -9.713194e-01  1.977300e-16
   outer loop
     vertex  1.089772e+01  1.389796e+01  0.000000e+00
     vertex  1.100432e+01  1.387186e+01  0.000000e+00
     vertex  1.089772e+01  1.389796e+01  8.000000e+00
   endloop
 endfacet
 facet normal -1.841461e-01 -9.828989e-01 -5.237216e-19
   outer loop
     vertex  1.079045e+01  1.392112e+01  0.000000e+00
     vertex  1.079045e+01  1.392112e+01  8.000000e+00
     vertex  1.068258e+01  1.394133e+01  8.000000e+00
   endloop
 endfacet
 facet normal -2.110417e-01 -9.774771e-01  9.864025e-17
   outer loop
     vertex  1.079045e+01  1.392112e+01  0.000000e+00
     vertex  1.089772e+01  1.389796e+01  0.000000e+00
     vertex  1.079045e+01  1.392112e+01  8.000000e+00
   endloop
 endfacet
 facet normal -1.571119e-01 -9.875808e-01 -6.480145e-17
   outer loop
     vertex  1.068258e+01  1.394133e+01  0.000000e+00
     vertex  1.068258e+01  1.394133e+01  8.000000e+00
     vertex  1.057420e+01  1.395857e+01  8.000000e+00
   endloop
 endfacet
 facet normal -1.841461e-01 -9.828989e-01  4.036493e-17
   outer loop
     vertex  1.068258e+01  1.394133e+01  0.000000e+00
     vertex  1.079045e+01  1.392112e+01  0.000000e+00
     vertex  1.068258e+01  1.394133e+01  8.000000e+00
   endloop
 endfacet
 facet normal -1.299594e-01 -9.915193e-01 -1.699190e-16
   outer loop
     vertex  1.057420e+01  1.395857e+01  0.000000e+00
     vertex  1.057420e+01  1.395857e+01  8.000000e+00
     vertex  1.046538e+01  1.397284e+01  8.000000e+00
   endloop
 endfacet
 facet normal -1.571119e-01 -9.875808e-01 -6.480145e-17
   outer loop
     vertex  1.057420e+01  1.395857e+01  0.000000e+00
     vertex  1.068258e+01  1.394133e+01  0.000000e+00
     vertex  1.057420e+01  1.395857e+01  8.000000e+00
   endloop
 endfacet
 facet normal -1.027091e-01 -9.947114e-01 -5.403842e-17
   outer loop
     vertex  1.046538e+01  1.397284e+01  0.000000e+00
     vertex  1.046538e+01  1.397284e+01  8.000000e+00
     vertex  1.035621e+01  1.398411e+01  8.000000e+00
   endloop
 endfacet
 facet normal -1.299594e-01 -9.915193e-01  5.024247e-17
   outer loop
     vertex  1.046538e+01  1.397284e+01  0.000000e+00
     vertex  1.057420e+01  1.395857e+01  0.000000e+00
     vertex  1.046538e+01  1.397284e+01  8.000000e+00
   endloop
 endfacet
 facet normal -7.538152e-02 -9.971548e-01 -1.582786e-16
   outer loop
     vertex  1.035621e+01  1.398411e+01  0.000000e+00
     vertex  1.035621e+01  1.398411e+01  8.000000e+00
     vertex  1.024678e+01  1.399238e+01  8.000000e+00
   endloop
 endfacet
 facet normal -1.027091e-01 -9.947114e-01 -5.403842e-17
   outer loop
     vertex  1.035621e+01  1.398411e+01  0.000000e+00
     vertex  1.046538e+01  1.397284e+01  0.000000e+00
     vertex  1.035621e+01  1.398411e+01  8.000000e+00
   endloop
 endfacet
 facet normal -4.799716e-02 -9.988475e-01 -4.061101e-17
   outer loop
     vertex  1.024678e+01  1.399238e+01  0.000000e+00
     vertex  1.024678e+01  1.399238e+01  8.000000e+00
     vertex  1.013716e+01  1.399765e+01  8.000000e+00
   endloop
 endfacet
 facet normal -7.538152e-02 -9.971548e-01  6.313420e-17
   outer loop
     vertex  1.024678e+01  1.399238e+01  0.000000e+00
     vertex  1.035621e+01  1.398411e+01  0.000000e+00
     vertex  1.024678e+01  1.399238e+01  8.000000e+00
   endloop
 endfacet
 facet normal -4.799716e-02 -9.988475e-01 -4.061101e-17
   outer loop
     vertex  1.013716e+01  1.399765e+01  0.000000e+00
     vertex  1.024678e+01  1.399238e+01  0.000000e+00
     vertex  1.013716e+01  1.399765e+01  8.000000e+00
   endloop
 endfacet
 facet normal -2.057667e-02 -9.997883e-01 -1.443257e-16
   outer loop
     vertex  1.013716e+01  1.399765e+01  0.000000e+00
     vertex  1.013716e+01  1.399765e+01  8.000000e+00
     vertex  1.002744e+01  1.399991e+01  8.000000e+00
   endloop
 endfacet
 facet normal -2.057667e-02 -9.997883e-01  7.767194e-17
   outer loop
     vertex  1.002744e+01  1.399991e+01  0.000000e+00
     vertex  1.013716e+01  1.399765e+01  0.000000e+00
     vertex  1.002744e+01  1.399991e+01  8.000000e+00
   endloop
 endfacet
 facet normal  6.859319e-03 -9.999765e-01 -2.589227e-17
   outer loop
     vertex  1.002744e+01  1.399991e+01  0.000000e+00
     vertex  1.002744e+01  1.399991e+01  8.000000e+00
     vertex  9.917693e+00  1.399915e+01  8.000000e+00
   endloop
 endfacet
 facet normal  6.859319e-03 -9.999765e-01  1.961471e-16
   outer loop
     vertex  9.917693e+00  1.399915e+01  0.000000e+00
     vertex  1.002744e+01  1.399991e+01  0.000000e+00
     vertex  9.917693e+00  1.399915e+01  8.000000e+00
   endloop
 endfacet
 facet normal  3.429014e-02 -9.994119e-01  9.247704e-17
   outer loop
     vertex  9.917693e+00  1.399915e+01  0.000000e+00
     vertex  9.917693e+00  1.399915e+01  8.000000e+00
     vertex  9.808011e+00  1.399539e+01  8.000000e+00
   endloop
 endfacet
 facet normal  6.169515e-02 -9.980950e-01 -1.126265e-17
   outer loop
     vertex  9.808011e+00  1.399539e+01  0.000000e+00
     vertex  9.808011e+00  1.399539e+01  8.000000e+00
     vertex  9.698474e+00  1.398862e+01  8.000000e+00
   endloop
 endfacet
 facet normal  3.429014e-02 -9.994119e-01  9.247704e-17
   outer loop
     vertex  9.808011e+00  1.399539e+01  0.000000e+00
     vertex  9.917693e+00  1.399915e+01  0.000000e+00
     vertex  9.808011e+00  1.399539e+01  8.000000e+00
   endloop
 endfacet
 facet normal  8.905371e-02 -9.960268e-01 -1.149939e-16
   outer loop
     vertex  9.698474e+00  1.398862e+01  0.000000e+00
     vertex  9.698474e+00  1.398862e+01  8.000000e+00
     vertex  9.589163e+00  1.397885e+01  8.000000e+00
   endloop
 endfacet
 facet normal  6.169515e-02 -9.980950e-01 -1.126265e-17
   outer loop
     vertex  9.698474e+00  1.398862e+01  0.000000e+00
     vertex  9.808011e+00  1.399539e+01  0.000000e+00
     vertex  9.698474e+00  1.398862e+01  8.000000e+00
   endloop
 endfacet
 facet normal  1.163452e-01 -9.932088e-01  1.898154e-18
   outer loop
     vertex  9.589163e+00  1.397885e+01  0.000000e+00
     vertex  9.589163e+00  1.397885e+01  8.000000e+00
     vertex  9.480162e+00  1.396608e+01  8.000000e+00
   endloop
 endfacet
 facet normal  8.905371e-02 -9.960268e-01  1.061685e-16
   outer loop
     vertex  9.589163e+00  1.397885e+01  0.000000e+00
     vertex  9.698474e+00  1.398862e+01  0.000000e+00
     vertex  9.589163e+00  1.397885e+01  8.000000e+00
   endloop
 endfacet
 facet normal  1.163452e-01 -9.932088e-01  2.224348e-16
   outer loop
     vertex  9.480162e+00  1.396608e+01  0.000000e+00
     vertex  9.589163e+00  1.397885e+01  0.000000e+00
     vertex  9.480162e+00  1.396608e+01  8.000000e+00
   endloop
 endfacet
 facet normal  1.435492e-01 -9.896432e-01  1.174598e-16
   outer loop
     vertex  9.371552e+00  1.395032e+01  0.000000e+00
     vertex  9.480162e+00  1.396608e+01  0.000000e+00
     vertex  9.480162e+00  1.396608e+01  8.000000e+00
   endloop
 endfacet
 facet normal  1.706451e-01 -9.853326e-01 -1.686776e-16
   outer loop
     vertex  9.371552e+00  1.395032e+01  0.000000e+00
     vertex  9.371552e+00  1.395032e+01  8.000000e+00
     vertex  9.263415e+00  1.393160e+01  8.000000e+00
   endloop
 endfacet
 facet normal  1.435492e-01 -9.896432e-01 -7.049932e-17
   outer loop
     vertex  9.371552e+00  1.395032e+01  0.000000e+00
     vertex  9.480162e+00  1.396608e+01  8.000000e+00
     vertex  9.371552e+00  1.395032e+01  8.000000e+00
   endloop
 endfacet
 facet normal  1.706451e-01 -9.853326e-01  1.221941e-17
   outer loop
     vertex  9.263415e+00  1.393160e+01  0.000000e+00
     vertex  9.371552e+00  1.395032e+01  0.000000e+00
     vertex  9.263415e+00  1.393160e+01  8.000000e+00
   endloop
 endfacet
 facet normal  1.976125e-01 -9.802802e-01 -9.294167e-17
   outer loop
     vertex  9.263415e+00  1.393160e+01  0.000000e+00
     vertex  9.263415e+00  1.393160e+01  8.000000e+00
     vertex  9.155833e+00  1.390991e+01  8.000000e+00
   endloop
 endfacet
 facet normal  1.976125e-01 -9.802802e-01 -9.294167e-17
   outer loop
     vertex  9.155833e+00  1.390991e+01  0.000000e+00
     vertex  9.263415e+00  1.393160e+01  0.000000e+00
     vertex  9.155833e+00  1.390991e+01  8.000000e+00
   endloop
 endfacet
 facet normal  2.244312e-01 -9.744899e-01 -1.980328e-16
   outer loop
     vertex  9.155833e+00  1.390991e+01  0.000000e+00
     vertex  9.155833e+00  1.390991e+01  8.000000e+00
     vertex  9.048886e+00  1.388528e+01  8.000000e+00
   endloop
 endfacet
 facet normal  2.244312e-01 -9.744899e-01  6.818118e-17
   outer loop
     vertex  9.048886e+00  1.388528e+01  0.000000e+00
     vertex  9.155833e+00  1.390991e+01  0.000000e+00
     vertex  9.048886e+00  1.388528e+01  8.000000e+00
   endloop
 endfacet
 facet normal  2.510809e-01 -9.679661e-01 -3.229202e-17
   outer loop
     vertex  9.048886e+00  1.388528e+01  0.000000e+00
     vertex  9.048886e+00  1.388528e+01  8.000000e+00
     vertex  8.942655e+00  1.385772e+01  8.000000e+00
   endloop
 endfacet
 facet normal  2.510809e-01 -9.679661e-01 -3.229202e-17
   outer loop
     vertex  8.942655e+00  1.385772e+01  0.000000e+00
     vertex  9.048886e+00  1.388528e+01  0.000000e+00
     vertex  8.942655e+00  1.385772e+01  8.000000e+00
   endloop
 endfacet
 facet normal  2.775416e-01 -9.607136e-01 -1.327409e-16
   outer loop
     vertex  8.942655e+00  1.385772e+01  0.000000e+00
     vertex  8.942655e+00  1.385772e+01  8.000000e+00
     vertex  8.837220e+00  1.382726e+01  8.000000e+00
   endloop
 endfacet
 facet normal  2.775416e-01 -9.607136e-01  8.058036e-17
   outer loop
     vertex  8.837220e+00  1.382726e+01  0.000000e+00
     vertex  8.942655e+00  1.385772e+01  0.000000e+00
     vertex  8.837220e+00  1.382726e+01  8.000000e+00
   endloop
 endfacet
 facet normal  3.037934e-01 -9.527379e-01 -2.153956e-17
   outer loop
     vertex  8.837220e+00  1.382726e+01  0.000000e+00
     vertex  8.837220e+00  1.382726e+01  8.000000e+00
     vertex  8.732661e+00  1.379392e+01  8.000000e+00
   endloop
 endfacet
 facet normal  3.037934e-01 -9.527379e-01 -2.153956e-17
   outer loop
     vertex  8.732661e+00  1.379392e+01  0.000000e+00
     vertex  8.837220e+00  1.382726e+01  0.000000e+00
     vertex  8.732661e+00  1.379392e+01  8.000000e+00
   endloop
 endfacet
 facet normal  3.298166e-01 -9.440450e-01 -1.236433e-16
   outer loop
     vertex  8.732661e+00  1.379392e+01  0.000000e+00
     vertex  8.732661e+00  1.379392e+01  8.000000e+00
     vertex  8.629055e+00  1.375773e+01  8.000000e+00
   endloop
 endfacet
 facet normal  3.298166e-01 -9.440450e-01 -1.236433e-16
   outer loop
     vertex  8.629055e+00  1.375773e+01  0.000000e+00
     vertex  8.732661e+00  1.379392e+01  0.000000e+00
     vertex  8.629055e+00  1.375773e+01  8.000000e+00
   endloop
 endfacet
 facet normal  3.555914e-01 -9.346415e-01 -2.256539e-16
   outer loop
     vertex  8.629055e+00  1.375773e+01  0.000000e+00
     vertex  8.629055e+00  1.375773e+01  8.000000e+00
     vertex  8.526481e+00  1.371870e+01  8.000000e+00
   endloop
 endfacet
 facet normal  3.555914e-01 -9.346415e-01  6.083535e-17
   outer loop
     vertex  8.526481e+00  1.371870e+01  0.000000e+00
     vertex  8.629055e+00  1.375773e+01  0.000000e+00
     vertex  8.526481e+00  1.371870e+01  8.000000e+00
   endloop
 endfacet
 facet normal  3.810986e-01 -9.245344e-01 -3.766087e-17
   outer loop
     vertex  8.425017e+00  1.367688e+01  0.000000e+00
     vertex  8.526481e+00  1.371870e+01  0.000000e+00
     vertex  8.526481e+00  1.371870e+01  8.000000e+00
   endloop
 endfacet
 facet normal  4.063188e-01 -9.137314e-01  6.691022e-17
   outer loop
     vertex  8.425017e+00  1.367688e+01  0.000000e+00
     vertex  8.425017e+00  1.367688e+01  8.000000e+00
     vertex  8.324738e+00  1.363229e+01  8.000000e+00
   endloop
 endfacet
 facet normal  3.810986e-01 -9.245344e-01  1.677020e-16
   outer loop
     vertex  8.425017e+00  1.367688e+01  0.000000e+00
     vertex  8.526481e+00  1.371870e+01  8.000000e+00
     vertex  8.425017e+00  1.367688e+01  8.000000e+00
   endloop
 endfacet
 facet normal  4.063188e-01 -9.137314e-01  6.691022e-17
   outer loop
     vertex  8.324738e+00  1.363229e+01  0.000000e+00
     vertex  8.425017e+00  1.367688e+01  0.000000e+00
     vertex  8.324738e+00  1.363229e+01  8.000000e+00
   endloop
 endfacet
 facet normal  4.312333e-01 -9.022405e-01 -3.430619e-17
   outer loop
     vertex  8.225720e+00  1.358496e+01  0.000000e+00
     vertex  8.324738e+00  1.363229e+01  0.000000e+00
     vertex  8.324738e+00  1.363229e+01  8.000000e+00
   endloop
 endfacet
 facet normal  4.558231e-01 -8.900704e-01 -1.347484e-16
   outer loop
     vertex  8.225720e+00  1.358496e+01  0.000000e+00
     vertex  8.225720e+00  1.358496e+01  8.000000e+00
     vertex  8.128038e+00  1.353493e+01  8.000000e+00
   endloop
 endfacet
 facet normal  4.312333e-01 -9.022405e-01 -3.393188e-17
   outer loop
     vertex  8.225720e+00  1.358496e+01  0.000000e+00
     vertex  8.324738e+00  1.363229e+01  8.000000e+00
     vertex  8.225720e+00  1.358496e+01  8.000000e+00
   endloop
 endfacet
 facet normal  4.558231e-01 -8.900704e-01  1.640999e-16
   outer loop
     vertex  8.128038e+00  1.353493e+01  0.000000e+00
     vertex  8.225720e+00  1.358496e+01  0.000000e+00
     vertex  8.128038e+00  1.353493e+01  8.000000e+00
   endloop
 endfacet
 facet normal  4.800697e-01 -8.772303e-01  6.591759e-17
   outer loop
     vertex  8.128038e+00  1.353493e+01  0.000000e+00
     vertex  8.128038e+00  1.353493e+01  8.000000e+00
     vertex  8.031765e+00  1.348225e+01  8.000000e+00
   endloop
 endfacet
 facet normal  4.800697e-01 -8.772303e-01  6.591759e-17
   outer loop
     vertex  8.031765e+00  1.348225e+01  0.000000e+00
     vertex  8.128038e+00  1.353493e+01  0.000000e+00
     vertex  8.031765e+00  1.348225e+01  8.000000e+00
   endloop
 endfacet
 facet normal  5.039550e-01 -8.637299e-01 -3.231439e-17
   outer loop
     vertex  8.031765e+00  1.348225e+01  0.000000e+00
     vertex  8.031765e+00  1.348225e+01  8.000000e+00
     vertex  7.936974e+00  1.342694e+01  8.000000e+00
   endloop
 endfacet
 facet normal  5.039550e-01 -8.637299e-01 -8.826464e-17
   outer loop
     vertex  7.936974e+00  1.342694e+01  0.000000e+00
     vertex  8.031765e+00  1.348225e+01  0.000000e+00
     vertex  7.936974e+00  1.342694e+01  8.000000e+00
   endloop
 endfacet
 facet normal  5.274609e-01 -8.495793e-01 -1.890820e-16
   outer loop
     vertex  7.936974e+00  1.342694e+01  0.000000e+00
     vertex  7.936974e+00  1.342694e+01  8.000000e+00
     vertex  7.843736e+00  1.336905e+01  8.000000e+00
   endloop
 endfacet
 facet normal  5.274609e-01 -8.495793e-01  5.812246e-17
   outer loop
     vertex  7.843736e+00  1.336905e+01  0.000000e+00
     vertex  7.936974e+00  1.342694e+01  0.000000e+00
     vertex  7.843736e+00  1.336905e+01  8.000000e+00
   endloop
 endfacet
 facet normal  5.505698e-01 -8.347891e-01 -4.327102e-17
   outer loop
     vertex  7.843736e+00  1.336905e+01  0.000000e+00
     vertex  7.843736e+00  1.336905e+01  8.000000e+00
     vertex  7.752120e+00  1.330863e+01  8.000000e+00
   endloop
 endfacet
 facet normal  5.732642e-01 -8.193706e-01 -1.446319e-16
   outer loop
     vertex  7.752120e+00  1.330863e+01  0.000000e+00
     vertex  7.752120e+00  1.330863e+01  8.000000e+00
     vertex  7.662197e+00  1.324572e+01  8.000000e+00
   endloop
 endfacet
 facet normal  5.505698e-01 -8.347891e-01 -4.327102e-17
   outer loop
     vertex  7.752120e+00  1.330863e+01  0.000000e+00
     vertex  7.843736e+00  1.336905e+01  0.000000e+00
     vertex  7.752120e+00  1.330863e+01  8.000000e+00
   endloop
 endfacet
 facet normal  5.955271e-01 -8.033352e-01 -1.390901e-18
   outer loop
     vertex  7.662197e+00  1.324572e+01  0.000000e+00
     vertex  7.662197e+00  1.324572e+01  8.000000e+00
     vertex  7.574034e+00  1.318036e+01  8.000000e+00
   endloop
 endfacet
 facet normal  5.732642e-01 -8.193706e-01  1.009500e-16
   outer loop
     vertex  7.662197e+00  1.324572e+01  0.000000e+00
     vertex  7.752120e+00  1.330863e+01  0.000000e+00
     vertex  7.662197e+00  1.324572e+01  8.000000e+00
   endloop
 endfacet
 facet normal  6.173417e-01 -7.866951e-01 -1.037308e-16
   outer loop
     vertex  7.574034e+00  1.318036e+01  0.000000e+00
     vertex  7.574034e+00  1.318036e+01  8.000000e+00
     vertex  7.487697e+00  1.311261e+01  8.000000e+00
   endloop
 endfacet
 facet normal  5.955271e-01 -8.033352e-01 -1.390901e-18
   outer loop
     vertex  7.574034e+00  1.318036e+01  0.000000e+00
     vertex  7.662197e+00  1.324572e+01  0.000000e+00
     vertex  7.574034e+00  1.318036e+01  8.000000e+00
   endloop
 endfacet
 facet normal  6.386916e-01 -7.694628e-01 -1.350835e-16
   outer loop
     vertex  7.487697e+00  1.311261e+01  0.000000e+00
     vertex  7.487697e+00  1.311261e+01  8.000000e+00
     vertex  7.403251e+00  1.304251e+01  8.000000e+00
   endloop
 endfacet
 facet normal  6.173417e-01 -7.866951e-01 -3.519207e-17
   outer loop
     vertex  7.487697e+00  1.311261e+01  0.000000e+00
     vertex  7.574034e+00  1.318036e+01  0.000000e+00
     vertex  7.487697e+00  1.311261e+01  8.000000e+00
   endloop
 endfacet
 facet normal  6.386916e-01 -7.694628e-01  6.734483e-18
   outer loop
     vertex  7.403251e+00  1.304251e+01  0.000000e+00
     vertex  7.487697e+00  1.311261e+01  0.000000e+00
     vertex  7.403251e+00  1.304251e+01  8.000000e+00
   endloop
 endfacet
 facet normal  6.799333e-01 -7.332740e-01 -8.847223e-18
   outer loop
     vertex  7.320760e+00  1.297013e+01  0.000000e+00
     vertex  7.320760e+00  1.297013e+01  8.000000e+00
     vertex  7.240286e+00  1.289551e+01  8.000000e+00
   endloop
 endfacet
 facet normal  6.595607e-01 -7.516513e-01  9.892693e-17
   outer loop
     vertex  7.320760e+00  1.297013e+01  0.000000e+00
     vertex  7.403251e+00  1.304251e+01  8.000000e+00
     vertex  7.320760e+00  1.297013e+01  8.000000e+00
   endloop
 endfacet
 facet normal  6.595607e-01 -7.516513e-01 -8.866718e-17
   outer loop
     vertex  7.320760e+00  1.297013e+01  0.000000e+00
     vertex  7.403251e+00  1.304251e+01  0.000000e+00
     vertex  7.403251e+00  1.304251e+01  8.000000e+00
   endloop
 endfacet
 facet normal  6.799333e-01 -7.332740e-01  6.664053e-17
   outer loop
     vertex  7.240286e+00  1.289551e+01  0.000000e+00
     vertex  7.320760e+00  1.297013e+01  0.000000e+00
     vertex  7.240286e+00  1.289551e+01  8.000000e+00
   endloop
 endfacet
 facet normal  6.997940e-01 -7.143447e-01 -3.922171e-17
   outer loop
     vertex  7.161889e+00  1.281871e+01  0.000000e+00
     vertex  7.240286e+00  1.289551e+01  0.000000e+00
     vertex  7.240286e+00  1.289551e+01  8.000000e+00
   endloop
 endfacet
 facet normal  7.191280e-01 -6.948776e-01 -6.461593e-17
   outer loop
     vertex  7.161889e+00  1.281871e+01  0.000000e+00
     vertex  7.161889e+00  1.281871e+01  8.000000e+00
     vertex  7.085629e+00  1.273979e+01  8.000000e+00
   endloop
 endfacet
 facet normal  6.997940e-01 -7.143447e-01  3.877077e-17
   outer loop
     vertex  7.161889e+00  1.281871e+01  0.000000e+00
     vertex  7.240286e+00  1.289551e+01  8.000000e+00
     vertex  7.161889e+00  1.281871e+01  8.000000e+00
   endloop
 endfacet
 facet normal  7.191280e-01 -6.948776e-01 -6.461593e-17
   outer loop
     vertex  7.085629e+00  1.273979e+01  0.000000e+00
     vertex  7.161889e+00  1.281871e+01  0.000000e+00
     vertex  7.085629e+00  1.273979e+01  8.000000e+00
   endloop
 endfacet
 facet normal  7.379206e-01 -6.748875e-01 -1.675120e-16
   outer loop
     vertex  7.011562e+00  1.265880e+01  0.000000e+00
     vertex  7.085629e+00  1.273979e+01  0.000000e+00
     vertex  7.085629e+00  1.273979e+01  8.000000e+00
   endloop
 endfacet
 facet normal  7.561578e-01 -6.543893e-01 -4.191162e-17
   outer loop
     vertex  7.011562e+00  1.265880e+01  0.000000e+00
     vertex  7.011562e+00  1.265880e+01  8.000000e+00
     vertex  6.939745e+00  1.257582e+01  8.000000e+00
   endloop
 endfacet
 facet normal  7.379206e-01 -6.748875e-01  6.382679e-17
   outer loop
     vertex  7.011562e+00  1.265880e+01  0.000000e+00
     vertex  7.085629e+00  1.273979e+01  8.000000e+00
     vertex  7.011562e+00  1.265880e+01  8.000000e+00
   endloop
 endfacet
 facet normal  7.561578e-01 -6.543893e-01 -4.191162e-17
   outer loop
     vertex  6.939745e+00  1.257582e+01  0.000000e+00
     vertex  7.011562e+00  1.265880e+01  0.000000e+00
     vertex  6.939745e+00  1.257582e+01  8.000000e+00
   endloop
 endfacet
 facet normal  7.738257e-01 -6.333986e-01 -1.474021e-16
   outer loop
     vertex  6.870232e+00  1.249089e+01  0.000000e+00
     vertex  6.939745e+00  1.257582e+01  0.000000e+00
     vertex  6.939745e+00  1.257582e+01  8.000000e+00
   endloop
 endfacet
 facet normal  7.909112e-01 -6.119310e-01 -2.952946e-17
   outer loop
     vertex  6.870232e+00  1.249089e+01  0.000000e+00
     vertex  6.870232e+00  1.249089e+01  8.000000e+00
     vertex  6.803074e+00  1.240409e+01  8.000000e+00
   endloop
 endfacet
 facet normal  7.738257e-01 -6.333986e-01  7.893617e-17
   outer loop
     vertex  6.870232e+00  1.249089e+01  0.000000e+00
     vertex  6.939745e+00  1.257582e+01  8.000000e+00
     vertex  6.870232e+00  1.249089e+01  8.000000e+00
   endloop
 endfacet
 facet normal  7.909112e-01 -6.119310e-01  5.827932e-17
   outer loop
     vertex  6.803074e+00  1.240409e+01  0.000000e+00
     vertex  6.870232e+00  1.249089e+01  0.000000e+00
     vertex  6.803074e+00  1.240409e+01  8.000000e+00
   endloop
 endfacet
 facet normal  8.074012e-01 -5.900028e-01 -4.833331e-17
   outer loop
     vertex  6.803074e+00  1.240409e+01  0.000000e+00
     vertex  6.803074e+00  1.240409e+01  8.000000e+00
     vertex  6.738324e+00  1.231548e+01  8.000000e+00
   endloop
 endfacet
 facet normal  8.074012e-01 -5.900028e-01  4.130623e-17
   outer loop
     vertex  6.738324e+00  1.231548e+01  0.000000e+00
     vertex  6.803074e+00  1.240409e+01  0.000000e+00
     vertex  6.738324e+00  1.231548e+01  8.000000e+00
   endloop
 endfacet
 facet normal  8.232835e-01 -5.676304e-01 -6.311938e-17
   outer loop
     vertex  6.676028e+00  1.222513e+01  0.000000e+00
     vertex  6.738324e+00  1.231548e+01  0.000000e+00
     vertex  6.738324e+00  1.231548e+01  8.000000e+00
   endloop
 endfacet
 facet normal  8.232835e-01 -5.676304e-01  2.789609e-17
   outer loop
     vertex  6.676028e+00  1.222513e+01  0.000000e+00
     vertex  6.738324e+00  1.231548e+01  8.000000e+00
     vertex  6.676028e+00  1.222513e+01  8.000000e+00
   endloop
 endfacet
 facet normal  8.385460e-01 -5.448308e-01 -7.563905e-17
   outer loop
     vertex  6.616235e+00  1.213310e+01  0.000000e+00
     vertex  6.676028e+00  1.222513e+01  0.000000e+00
     vertex  6.676028e+00  1.222513e+01  8.000000e+00
   endloop
 endfacet
 facet normal  8.385460e-01 -5.448308e-01  4.580215e-17
   outer loop
     vertex  6.616235e+00  1.213310e+01  0.000000e+00
     vertex  6.676028e+00  1.222513e+01  8.000000e+00
     vertex  6.616235e+00  1.213310e+01  8.000000e+00
   endloop
 endfacet
 facet normal  8.531773e-01 -5.216210e-01 -6.283725e-17
   outer loop
     vertex  6.558989e+00  1.203947e+01  0.000000e+00
     vertex  6.616235e+00  1.213310e+01  0.000000e+00
     vertex  6.616235e+00  1.213310e+01  8.000000e+00
   endloop
 endfacet
 facet normal  8.671664e-01 -4.980186e-01 -7.421149e-17
   outer loop
     vertex  6.558989e+00  1.203947e+01  0.000000e+00
     vertex  6.558989e+00  1.203947e+01  8.000000e+00
     vertex  6.504333e+00  1.194430e+01  8.000000e+00
   endloop
 endfacet
 facet normal  8.531773e-01 -5.216210e-01  3.235616e-17
   outer loop
     vertex  6.558989e+00  1.203947e+01  0.000000e+00
     vertex  6.616235e+00  1.213310e+01  8.000000e+00
     vertex  6.558989e+00  1.203947e+01  8.000000e+00
   endloop
 endfacet
 facet normal  8.671664e-01 -4.980186e-01  1.183381e-16
   outer loop
     vertex  6.504333e+00  1.194430e+01  0.000000e+00
     vertex  6.558989e+00  1.203947e+01  0.000000e+00
     vertex  6.504333e+00  1.194430e+01  8.000000e+00
   endloop
 endfacet
 facet normal  8.805026e-01 -4.740412e-01  1.461921e-17
   outer loop
     vertex  6.452309e+00  1.184767e+01  0.000000e+00
     vertex  6.504333e+00  1.194430e+01  0.000000e+00
     vertex  6.504333e+00  1.194430e+01  8.000000e+00
   endloop
 endfacet
 facet normal  8.931761e-01 -4.497071e-01 -8.877409e-17
   outer loop
     vertex  6.452309e+00  1.184767e+01  0.000000e+00
     vertex  6.452309e+00  1.184767e+01  8.000000e+00
     vertex  6.402955e+00  1.174965e+01  8.000000e+00
   endloop
 endfacet
 facet normal  8.805026e-01 -4.740412e-01  1.478758e-17
   outer loop
     vertex  6.452309e+00  1.184767e+01  0.000000e+00
     vertex  6.504333e+00  1.194430e+01  8.000000e+00
     vertex  6.452309e+00  1.184767e+01  8.000000e+00
   endloop
 endfacet
 facet normal  8.931761e-01 -4.497071e-01  1.095508e-16
   outer loop
     vertex  6.402955e+00  1.174965e+01  0.000000e+00
     vertex  6.452309e+00  1.184767e+01  0.000000e+00
     vertex  6.402955e+00  1.174965e+01  8.000000e+00
   endloop
 endfacet
 facet normal  9.051772e-01 -4.250344e-01  8.720784e-18
   outer loop
     vertex  6.402955e+00  1.174965e+01  0.000000e+00
     vertex  6.402955e+00  1.174965e+01  8.000000e+00
     vertex  6.356309e+00  1.165031e+01  8.000000e+00
   endloop
 endfacet
 facet normal  9.051772e-01 -4.250344e-01  1.030974e-16
   outer loop
     vertex  6.356309e+00  1.165031e+01  0.000000e+00
     vertex  6.402955e+00  1.174965e+01  0.000000e+00
     vertex  6.356309e+00  1.165031e+01  8.000000e+00
   endloop
 endfacet
 facet normal  9.271267e-01 -3.747479e-01 -6.740631e-18
   outer loop
     vertex  6.312406e+00  1.154973e+01  0.000000e+00
     vertex  6.312406e+00  1.154973e+01  8.000000e+00
     vertex  6.271278e+00  1.144798e+01  8.000000e+00
   endloop
 endfacet
 facet normal  9.164969e-01 -4.000417e-01  9.846286e-17
   outer loop
     vertex  6.312406e+00  1.154973e+01  0.000000e+00
     vertex  6.356309e+00  1.165031e+01  8.000000e+00
     vertex  6.312406e+00  1.154973e+01  8.000000e+00
   endloop
 endfacet
 facet normal  9.164969e-01 -4.000417e-01 -3.188225e-18
   outer loop
     vertex  6.312406e+00  1.154973e+01  0.000000e+00
     vertex  6.356309e+00  1.165031e+01  0.000000e+00
     vertex  6.356309e+00  1.165031e+01  8.000000e+00
   endloop
 endfacet
 facet normal  9.271267e-01 -3.747479e-01 -6.740631e-18
   outer loop
     vertex  6.271278e+00  1.144798e+01  0.000000e+00
     vertex  6.312406e+00  1.154973e+01  0.000000e+00
     vertex  6.271278e+00  1.144798e+01  8.000000e+00
   endloop
 endfacet
 facet normal  9.370586e-01 -3.491720e-01 -1.119390e-16
   outer loop
     vertex  6.271278e+00  1.144798e+01  0.000000e+00
     vertex  6.271278e+00  1.144798e+01  8.000000e+00
     vertex  6.232958e+00  1.134514e+01  8.000000e+00
   endloop
 endfacet
 facet normal  9.462851e-01 -3.233333e-01  6.485873e-17
   outer loop
     vertex  6.232958e+00  1.134514e+01  0.000000e+00
     vertex  6.232958e+00  1.134514e+01  8.000000e+00
     vertex  6.197473e+00  1.124129e+01  8.000000e+00
   endloop
 endfacet
 facet normal  9.370586e-01 -3.491720e-01  1.736615e-16
   outer loop
     vertex  6.232958e+00  1.134514e+01  0.000000e+00
     vertex  6.271278e+00  1.144798e+01  0.000000e+00
     vertex  6.232958e+00  1.134514e+01  8.000000e+00
   endloop
 endfacet
 facet normal  9.462851e-01 -3.233333e-01 -6.935687e-18
   outer loop
     vertex  6.197473e+00  1.124129e+01  0.000000e+00
     vertex  6.232958e+00  1.134514e+01  0.000000e+00
     vertex  6.197473e+00  1.124129e+01  8.000000e+00
   endloop
 endfacet
 facet normal  9.547993e-01 -2.972512e-01  6.201112e-17
   outer loop
     vertex  6.164851e+00  1.113650e+01  0.000000e+00
     vertex  6.197473e+00  1.124129e+01  8.000000e+00
     vertex  6.164851e+00  1.113650e+01  8.000000e+00
   endloop
 endfacet
 facet normal  9.547993e-01 -2.972512e-01 -1.097832e-16
   outer loop
     vertex  6.164851e+00  1.113650e+01  0.000000e+00
     vertex  6.197473e+00  1.124129e+01  0.000000e+00
     vertex  6.197473e+00  1.124129e+01  8.000000e+00
   endloop
 endfacet
 facet normal  9.696656e-01 -2.444354e-01 -4.620589e-17
   outer loop
     vertex  6.135116e+00  1.103086e+01  0.000000e+00
     vertex  6.135116e+00  1.103086e+01  8.000000e+00
     vertex  6.108290e+00  1.092444e+01  8.000000e+00
   endloop
 endfacet
 facet normal  9.625948e-01 -2.709453e-01  6.092755e-17
   outer loop
     vertex  6.135116e+00  1.103086e+01  0.000000e+00
     vertex  6.164851e+00  1.113650e+01  8.000000e+00
     vertex  6.135116e+00  1.103086e+01  8.000000e+00
   endloop
 endfacet
 facet normal  9.625948e-01 -2.709453e-01 -4.579161e-17
   outer loop
     vertex  6.135116e+00  1.103086e+01  0.000000e+00
     vertex  6.164851e+00  1.113650e+01  0.000000e+00
     vertex  6.164851e+00  1.113650e+01  8.000000e+00
   endloop
 endfacet
 facet normal  9.696656e-01 -2.444354e-01  6.144861e-17
   outer loop
     vertex  6.108290e+00  1.092444e+01  0.000000e+00
     vertex  6.135116e+00  1.103086e+01  0.000000e+00
     vertex  6.108290e+00  1.092444e+01  8.000000e+00
   endloop
 endfacet
 facet normal  9.816126e-01 -1.908838e-01  6.665487e-17
   outer loop
     vertex  6.084393e+00  1.081733e+01  0.000000e+00
     vertex  6.084393e+00  1.081733e+01  8.000000e+00
     vertex  6.063445e+00  1.070960e+01  8.000000e+00
   endloop
 endfacet
 facet normal  9.760065e-01 -2.177416e-01  1.717709e-16
   outer loop
     vertex  6.084393e+00  1.081733e+01  0.000000e+00
     vertex  6.108290e+00  1.092444e+01  8.000000e+00
     vertex  6.084393e+00  1.081733e+01  8.000000e+00
   endloop
 endfacet
 facet normal  9.760065e-01 -2.177416e-01 -4.480984e-17
   outer loop
     vertex  6.084393e+00  1.081733e+01  0.000000e+00
     vertex  6.108290e+00  1.092444e+01  0.000000e+00
     vertex  6.108290e+00  1.092444e+01  8.000000e+00
   endloop
 endfacet
 facet normal  9.864799e-01 -1.638824e-01 -3.851133e-17
   outer loop
     vertex  6.063445e+00  1.070960e+01  0.000000e+00
     vertex  6.063445e+00  1.070960e+01  8.000000e+00
     vertex  6.045459e+00  1.060134e+01  8.000000e+00
   endloop
 endfacet
 facet normal  9.816126e-01 -1.908838e-01  6.665487e-17
   outer loop
     vertex  6.063445e+00  1.070960e+01  0.000000e+00
     vertex  6.084393e+00  1.081733e+01  0.000000e+00
     vertex  6.063445e+00  1.070960e+01  8.000000e+00
   endloop
 endfacet
 facet normal  9.906046e-01 -1.367575e-01  7.630985e-17
   outer loop
     vertex  6.045459e+00  1.060134e+01  0.000000e+00
     vertex  6.045459e+00  1.060134e+01  8.000000e+00
     vertex  6.030450e+00  1.049262e+01  8.000000e+00
   endloop
 endfacet
 facet normal  9.864799e-01 -1.638824e-01  1.805312e-16
   outer loop
     vertex  6.045459e+00  1.060134e+01  0.000000e+00
     vertex  6.063445e+00  1.070960e+01  0.000000e+00
     vertex  6.045459e+00  1.060134e+01  8.000000e+00
   endloop
 endfacet
 facet normal  9.939835e-01 -1.095298e-01 -2.796895e-17
   outer loop
     vertex  6.030450e+00  1.049262e+01  0.000000e+00
     vertex  6.030450e+00  1.049262e+01  8.000000e+00
     vertex  6.018430e+00  1.038353e+01  8.000000e+00
   endloop
 endfacet
 facet normal  9.906046e-01 -1.367575e-01  7.630985e-17
   outer loop
     vertex  6.030450e+00  1.049262e+01  0.000000e+00
     vertex  6.045459e+00  1.060134e+01  0.000000e+00
     vertex  6.030450e+00  1.049262e+01  8.000000e+00
   endloop
 endfacet
 facet normal  9.939835e-01 -1.095298e-01  8.238539e-17
   outer loop
     vertex  6.018430e+00  1.038353e+01  0.000000e+00
     vertex  6.030450e+00  1.049262e+01  0.000000e+00
     vertex  6.018430e+00  1.038353e+01  8.000000e+00
   endloop
 endfacet
 facet normal  9.966142e-01 -8.221955e-02 -2.162488e-17
   outer loop
     vertex  6.009407e+00  1.027416e+01  0.000000e+00
     vertex  6.018430e+00  1.038353e+01  0.000000e+00
     vertex  6.018430e+00  1.038353e+01  8.000000e+00
   endloop
 endfacet
 facet normal  9.966142e-01 -8.221955e-02 -3.323874e-18
   outer loop
     vertex  6.009407e+00  1.027416e+01  0.000000e+00
     vertex  6.018430e+00  1.038353e+01  8.000000e+00
     vertex  6.009407e+00  1.027416e+01  8.000000e+00
   endloop
 endfacet
 facet normal  9.984947e-01 -5.484744e-02 -1.133060e-16
   outer loop
     vertex  6.003387e+00  1.016458e+01  0.000000e+00
     vertex  6.009407e+00  1.027416e+01  0.000000e+00
     vertex  6.009407e+00  1.027416e+01  8.000000e+00
   endloop
 endfacet
 facet normal  9.996236e-01 -2.743405e-02 -1.184041e-16
   outer loop
     vertex  6.003387e+00  1.016458e+01  0.000000e+00
     vertex  6.003387e+00  1.016458e+01  8.000000e+00
     vertex  6.000376e+00  1.005487e+01  8.000000e+00
   endloop
 endfacet
 facet normal  9.984947e-01 -5.484744e-02 -1.467453e-17
   outer loop
     vertex  6.003387e+00  1.016458e+01  0.000000e+00
     vertex  6.009407e+00  1.027416e+01  8.000000e+00
     vertex  6.003387e+00  1.016458e+01  8.000000e+00
   endloop
 endfacet
 facet normal  9.996236e-01 -2.743405e-02 -7.423615e-18
   outer loop
     vertex  6.000376e+00  1.005487e+01  0.000000e+00
     vertex  6.003387e+00  1.016458e+01  0.000000e+00
     vertex  6.000376e+00  1.005487e+01  8.000000e+00
   endloop
 endfacet
 facet normal  1.000000e+00  8.092999e-15 -1.110223e-16
   outer loop
     vertex  6.000376e+00  9.945127e+00  0.000000e+00
     vertex  6.000376e+00  1.005487e+01  0.000000e+00
     vertex  6.000376e+00  1.005487e+01  8.000000e+00
   endloop
 endfacet
 facet normal  1.000000e+00 -8.092999e-15  1.110223e-16
   outer loop
     vertex  6.000376e+00  9.945127e+00  0.000000e+00
     vertex  6.000376e+00  1.005487e+01  8.000000e+00
     vertex  6.000376e+00  9.945127e+00  8.000000e+00
   endloop
 endfacet
 facet normal  9.996236e-01  2.743405e-02  7.409321e-18
   outer loop
     vertex  6.003387e+00  9.835422e+00  0.000000e+00
     vertex  6.000376e+00  9.945127e+00  0.000000e+00
     vertex  6.000376e+00  9.945127e+00  8.000000e+00
   endloop
 endfacet
 facet normal  9.984947e-01  5.484744e-02  1.467453e-17
   outer loop
     vertex  6.003387e+00  9.835422e+00  0.000000e+00
     vertex  6.003387e+00  9.835422e+00  8.000000e+00
     vertex  6.009407e+00  9.725840e+00  8.000000e+00
   endloop
 endfacet
 facet normal  9.996236e-01  2.743405e-02  1.184041e-16
   outer loop
     vertex  6.003387e+00  9.835422e+00  0.000000e+00
     vertex  6.000376e+00  9.945127e+00  8.000000e+00
     vertex  6.003387e+00  9.835422e+00  8.000000e+00
   endloop
 endfacet
 facet normal  9.984947e-01  5.484744e-02  1.133511e-16
   outer loop
     vertex  6.009407e+00  9.725840e+00  0.000000e+00
     vertex  6.003387e+00  9.835422e+00  0.000000e+00
     vertex  6.009407e+00  9.725840e+00  8.000000e+00
   endloop
 endfacet
 facet normal  9.966142e-01  8.221955e-02  3.323874e-18
   outer loop
     vertex  6.009407e+00  9.725840e+00  0.000000e+00
     vertex  6.009407e+00  9.725840e+00  8.000000e+00
     vertex  6.018430e+00  9.616465e+00  8.000000e+00
   endloop
 endfacet
 facet normal  9.966142e-01  8.221955e-02  2.158028e-17
   outer loop
     vertex  6.018430e+00  9.616465e+00  0.000000e+00
     vertex  6.009407e+00  9.725840e+00  0.000000e+00
     vertex  6.018430e+00  9.616465e+00  8.000000e+00
   endloop
 endfacet
 facet normal  9.939835e-01  1.095298e-01 -8.238539e-17
   outer loop
     vertex  6.018430e+00  9.616465e+00  0.000000e+00
     vertex  6.018430e+00  9.616465e+00  8.000000e+00
     vertex  6.030450e+00  9.507379e+00  8.000000e+00
   endloop
 endfacet
 facet normal  9.939835e-01  1.095298e-01  2.796895e-17
   outer loop
     vertex  6.030450e+00  9.507379e+00  0.000000e+00
     vertex  6.018430e+00  9.616465e+00  0.000000e+00
     vertex  6.030450e+00  9.507379e+00  8.000000e+00
   endloop
 endfacet
 facet normal  9.906046e-01  1.367575e-01 -7.630985e-17
   outer loop
     vertex  6.030450e+00  9.507379e+00  0.000000e+00
     vertex  6.030450e+00  9.507379e+00  8.000000e+00
     vertex  6.045459e+00  9.398664e+00  8.000000e+00
   endloop
 endfacet
 facet normal  9.906046e-01  1.367575e-01 -7.630985e-17
   outer loop
     vertex  6.045459e+00  9.398664e+00  0.000000e+00
     vertex  6.030450e+00  9.507379e+00  0.000000e+00
     vertex  6.045459e+00  9.398664e+00  8.000000e+00
   endloop
 endfacet
 facet normal  9.816126e-01  1.908838e-01 -6.665487e-17
   outer loop
     vertex  6.063445e+00  9.290401e+00  0.000000e+00
     vertex  6.063445e+00  9.290401e+00  8.000000e+00
     vertex  6.084393e+00  9.182672e+00  8.000000e+00
   endloop
 endfacet
 facet normal  9.864799e-01  1.638824e-01  3.851133e-17
   outer loop
     vertex  6.063445e+00  9.290401e+00  0.000000e+00
     vertex  6.045459e+00  9.398664e+00  8.000000e+00
     vertex  6.063445e+00  9.290401e+00  8.000000e+00
   endloop
 endfacet
 facet normal  9.864799e-01  1.638824e-01 -1.806162e-16
   outer loop
     vertex  6.063445e+00  9.290401e+00  0.000000e+00
     vertex  6.045459e+00  9.398664e+00  0.000000e+00
     vertex  6.045459e+00  9.398664e+00  8.000000e+00
   endloop
 endfacet
 facet normal  9.816126e-01  1.908838e-01 -6.665487e-17
   outer loop
     vertex  6.084393e+00  9.182672e+00  0.000000e+00
     vertex  6.063445e+00  9.290401e+00  0.000000e+00
     vertex  6.084393e+00  9.182672e+00  8.000000e+00
   endloop
 endfacet
 facet normal  9.760065e-01  2.177416e-01  4.494607e-17
   outer loop
     vertex  6.108290e+00  9.075559e+00  0.000000e+00
     vertex  6.084393e+00  9.182672e+00  8.000000e+00
     vertex  6.108290e+00  9.075559e+00  8.000000e+00
   endloop
 endfacet
 facet normal  9.760065e-01  2.177416e-01 -1.719071e-16
   outer loop
     vertex  6.108290e+00  9.075559e+00  0.000000e+00
     vertex  6.084393e+00  9.182672e+00  0.000000e+00
     vertex  6.084393e+00  9.182672e+00  8.000000e+00
   endloop
 endfacet
 facet normal  9.625948e-01  2.709453e-01 -6.092755e-17
   outer loop
     vertex  6.135116e+00  8.969142e+00  0.000000e+00
     vertex  6.135116e+00  8.969142e+00  8.000000e+00
     vertex  6.164851e+00  8.863500e+00  8.000000e+00
   endloop
 endfacet
 facet normal  9.696656e-01  2.444354e-01  4.620589e-17
   outer loop
     vertex  6.135116e+00  8.969142e+00  0.000000e+00
     vertex  6.108290e+00  9.075559e+00  8.000000e+00
     vertex  6.135116e+00  8.969142e+00  8.000000e+00
   endloop
 endfacet
 facet normal  9.696656e-01  2.444354e-01 -6.146176e-17
   outer loop
     vertex  6.135116e+00  8.969142e+00  0.000000e+00
     vertex  6.108290e+00  9.075559e+00  0.000000e+00
     vertex  6.108290e+00  9.075559e+00  8.000000e+00
   endloop
 endfacet
 facet normal  9.625948e-01  2.709453e-01  4.594193e-17
   outer loop
     vertex  6.164851e+00  8.863500e+00  0.000000e+00
     vertex  6.135116e+00  8.969142e+00  0.000000e+00
     vertex  6.164851e+00  8.863500e+00  8.000000e+00
   endloop
 endfacet
 facet normal  9.462851e-01  3.233333e-01  6.935687e-18
   outer loop
     vertex  6.197473e+00  8.758714e+00  0.000000e+00
     vertex  6.197473e+00  8.758714e+00  8.000000e+00
     vertex  6.232958e+00  8.654863e+00  8.000000e+00
   endloop
 endfacet
 facet normal  9.547993e-01  2.972512e-01  1.099959e-16
   outer loop
     vertex  6.197473e+00  8.758714e+00  0.000000e+00
     vertex  6.164851e+00  8.863500e+00  8.000000e+00
     vertex  6.197473e+00  8.758714e+00  8.000000e+00
   endloop
 endfacet
 facet normal  9.547993e-01  2.972512e-01 -6.191716e-17
   outer loop
     vertex  6.197473e+00  8.758714e+00  0.000000e+00
     vertex  6.164851e+00  8.863500e+00  0.000000e+00
     vertex  6.164851e+00  8.863500e+00  8.000000e+00
   endloop
 endfacet
 facet normal  9.462851e-01  3.233333e-01 -6.485873e-17
   outer loop
     vertex  6.232958e+00  8.654863e+00  0.000000e+00
     vertex  6.197473e+00  8.758714e+00  0.000000e+00
     vertex  6.232958e+00  8.654863e+00  8.000000e+00
   endloop
 endfacet
 facet normal  9.271267e-01  3.747479e-01  6.740631e-18
   outer loop
     vertex  6.271278e+00  8.552024e+00  0.000000e+00
     vertex  6.271278e+00  8.552024e+00  8.000000e+00
     vertex  6.312406e+00  8.450275e+00  8.000000e+00
   endloop
 endfacet
 facet normal  9.370586e-01  3.491720e-01  1.119390e-16
   outer loop
     vertex  6.271278e+00  8.552024e+00  0.000000e+00
     vertex  6.232958e+00  8.654863e+00  8.000000e+00
     vertex  6.271278e+00  8.552024e+00  8.000000e+00
   endloop
 endfacet
 facet normal  9.370586e-01  3.491720e-01 -1.739914e-16
   outer loop
     vertex  6.271278e+00  8.552024e+00  0.000000e+00
     vertex  6.232958e+00  8.654863e+00  0.000000e+00
     vertex  6.232958e+00  8.654863e+00  8.000000e+00
   endloop
 endfacet
 facet normal  9.164969e-01  4.000417e-01 -9.846286e-17
   outer loop
     vertex  6.312406e+00  8.450275e+00  0.000000e+00
     vertex  6.312406e+00  8.450275e+00  8.000000e+00
     vertex  6.356309e+00  8.349693e+00  8.000000e+00
   endloop
 endfacet
 facet normal  9.271267e-01  3.747479e-01  6.740631e-18
   outer loop
     vertex  6.312406e+00  8.450275e+00  0.000000e+00
     vertex  6.271278e+00  8.552024e+00  0.000000e+00
     vertex  6.312406e+00  8.450275e+00  8.000000e+00
   endloop
 endfacet
 facet normal  9.051772e-01  4.250344e-01 -1.030974e-16
   outer loop
     vertex  6.356309e+00  8.349693e+00  0.000000e+00
     vertex  6.356309e+00  8.349693e+00  8.000000e+00
     vertex  6.402955e+00  8.250353e+00  8.000000e+00
   endloop
 endfacet
 facet normal  9.164969e-01  4.000417e-01  3.288740e-18
   outer loop
     vertex  6.356309e+00  8.349693e+00  0.000000e+00
     vertex  6.312406e+00  8.450275e+00  0.000000e+00
     vertex  6.356309e+00  8.349693e+00  8.000000e+00
   endloop
 endfacet
 facet normal  9.051772e-01  4.250344e-01 -8.720784e-18
   outer loop
     vertex  6.402955e+00  8.250353e+00  0.000000e+00
     vertex  6.356309e+00  8.349693e+00  0.000000e+00
     vertex  6.402955e+00  8.250353e+00  8.000000e+00
   endloop
 endfacet
 facet normal  8.931761e-01  4.497071e-01  8.877409e-17
   outer loop
     vertex  6.452309e+00  8.152330e+00  0.000000e+00
     vertex  6.402955e+00  8.250353e+00  8.000000e+00
     vertex  6.452309e+00  8.152330e+00  8.000000e+00
   endloop
 endfacet
 facet normal  8.931761e-01  4.497071e-01 -1.092584e-16
   outer loop
     vertex  6.452309e+00  8.152330e+00  0.000000e+00
     vertex  6.402955e+00  8.250353e+00  0.000000e+00
     vertex  6.402955e+00  8.250353e+00  8.000000e+00
   endloop
 endfacet
 facet normal  8.671664e-01  4.980186e-01 -1.183381e-16
   outer loop
     vertex  6.504333e+00  8.055697e+00  0.000000e+00
     vertex  6.504333e+00  8.055697e+00  8.000000e+00
     vertex  6.558989e+00  7.960529e+00  8.000000e+00
   endloop
 endfacet
 facet normal  8.805026e-01  4.740412e-01 -1.478758e-17
   outer loop
     vertex  6.504333e+00  8.055697e+00  0.000000e+00
     vertex  6.452309e+00  8.152330e+00  8.000000e+00
     vertex  6.504333e+00  8.055697e+00  8.000000e+00
   endloop
 endfacet
 facet normal  8.805026e-01  4.740412e-01 -1.461921e-17
   outer loop
     vertex  6.504333e+00  8.055697e+00  0.000000e+00
     vertex  6.452309e+00  8.152330e+00  0.000000e+00
     vertex  6.452309e+00  8.152330e+00  8.000000e+00
   endloop
 endfacet
 facet normal  8.531773e-01  5.216210e-01 -3.235616e-17
   outer loop
     vertex  6.558989e+00  7.960529e+00  0.000000e+00
     vertex  6.558989e+00  7.960529e+00  8.000000e+00
     vertex  6.616235e+00  7.866896e+00  8.000000e+00
   endloop
 endfacet
 facet normal  8.671664e-01  4.980186e-01  7.421149e-17
   outer loop
     vertex  6.558989e+00  7.960529e+00  0.000000e+00
     vertex  6.504333e+00  8.055697e+00  0.000000e+00
     vertex  6.558989e+00  7.960529e+00  8.000000e+00
   endloop
 endfacet
 facet normal  8.385460e-01  5.448308e-01 -4.580215e-17
   outer loop
     vertex  6.616235e+00  7.866896e+00  0.000000e+00
     vertex  6.616235e+00  7.866896e+00  8.000000e+00
     vertex  6.676028e+00  7.774868e+00  8.000000e+00
   endloop
 endfacet
 facet normal  8.531773e-01  5.216210e-01  6.236555e-17
   outer loop
     vertex  6.616235e+00  7.866896e+00  0.000000e+00
     vertex  6.558989e+00  7.960529e+00  0.000000e+00
     vertex  6.616235e+00  7.866896e+00  8.000000e+00
   endloop
 endfacet
 facet normal  8.385460e-01  5.448308e-01  1.468622e-17
   outer loop
     vertex  6.676028e+00  7.774868e+00  0.000000e+00
     vertex  6.616235e+00  7.866896e+00  0.000000e+00
     vertex  6.676028e+00  7.774868e+00  8.000000e+00
   endloop
 endfacet
 facet normal  8.232835e-01  5.676304e-01 -9.052209e-17
   outer loop
     vertex  6.738324e+00  7.684516e+00  0.000000e+00
     vertex  6.676028e+00  7.774868e+00  0.000000e+00
     vertex  6.676028e+00  7.774868e+00  8.000000e+00
   endloop
 endfacet
 facet normal  8.074012e-01  5.900028e-01 -4.130623e-17
   outer loop
     vertex  6.738324e+00  7.684516e+00  0.000000e+00
     vertex  6.738324e+00  7.684516e+00  8.000000e+00
     vertex  6.803074e+00  7.595906e+00  8.000000e+00
   endloop
 endfacet
 facet normal  8.232835e-01  5.676304e-01  6.350674e-17
   outer loop
     vertex  6.738324e+00  7.684516e+00  0.000000e+00
     vertex  6.676028e+00  7.774868e+00  8.000000e+00
     vertex  6.738324e+00  7.684516e+00  8.000000e+00
   endloop
 endfacet
 facet normal  8.074012e-01  5.900028e-01  4.833331e-17
   outer loop
     vertex  6.803074e+00  7.595906e+00  0.000000e+00
     vertex  6.738324e+00  7.684516e+00  0.000000e+00
     vertex  6.803074e+00  7.595906e+00  8.000000e+00
   endloop
 endfacet
 facet normal  7.909112e-01  6.119310e-01 -5.827932e-17
   outer loop
     vertex  6.803074e+00  7.595906e+00  0.000000e+00
     vertex  6.803074e+00  7.595906e+00  8.000000e+00
     vertex  6.870232e+00  7.509106e+00  8.000000e+00
   endloop
 endfacet
 facet normal  7.909112e-01  6.119310e-01  9.746744e-17
   outer loop
     vertex  6.870232e+00  7.509106e+00  0.000000e+00
     vertex  6.803074e+00  7.595906e+00  0.000000e+00
     vertex  6.870232e+00  7.509106e+00  8.000000e+00
   endloop
 endfacet
 facet normal  7.738257e-01  6.333986e-01 -8.614806e-18
   outer loop
     vertex  6.870232e+00  7.509106e+00  0.000000e+00
     vertex  6.870232e+00  7.509106e+00  8.000000e+00
     vertex  6.939745e+00  7.424182e+00  8.000000e+00
   endloop
 endfacet
 facet normal  7.738257e-01  6.333986e-01  1.476185e-16
   outer loop
     vertex  6.939745e+00  7.424182e+00  0.000000e+00
     vertex  6.870232e+00  7.509106e+00  0.000000e+00
     vertex  6.939745e+00  7.424182e+00  8.000000e+00
   endloop
 endfacet
 facet normal  7.561578e-01  6.543893e-01  4.191162e-17
   outer loop
     vertex  7.011562e+00  7.341196e+00  0.000000e+00
     vertex  6.939745e+00  7.424182e+00  8.000000e+00
     vertex  7.011562e+00  7.341196e+00  8.000000e+00
   endloop
 endfacet
 facet normal  7.561578e-01  6.543893e-01  4.189783e-17
   outer loop
     vertex  7.011562e+00  7.341196e+00  0.000000e+00
     vertex  6.939745e+00  7.424182e+00  0.000000e+00
     vertex  6.939745e+00  7.424182e+00  8.000000e+00
   endloop
 endfacet
 facet normal  7.191280e-01  6.948776e-01 -1.253099e-17
   outer loop
     vertex  7.085629e+00  7.260212e+00  0.000000e+00
     vertex  7.085629e+00  7.260212e+00  8.000000e+00
     vertex  7.161889e+00  7.181290e+00  8.000000e+00
   endloop
 endfacet
 facet normal  7.379206e-01  6.748875e-01  9.302642e-17
   outer loop
     vertex  7.085629e+00  7.260212e+00  0.000000e+00
     vertex  7.011562e+00  7.341196e+00  8.000000e+00
     vertex  7.085629e+00  7.260212e+00  8.000000e+00
   endloop
 endfacet
 facet normal  7.379206e-01  6.748875e-01 -6.358882e-17
   outer loop
     vertex  7.085629e+00  7.260212e+00  0.000000e+00
     vertex  7.011562e+00  7.341196e+00  0.000000e+00
     vertex  7.011562e+00  7.341196e+00  8.000000e+00
   endloop
 endfacet
 facet normal  7.191280e-01  6.948776e-01 -1.253099e-17
   outer loop
     vertex  7.161889e+00  7.181290e+00  0.000000e+00
     vertex  7.085629e+00  7.260212e+00  0.000000e+00
     vertex  7.161889e+00  7.181290e+00  8.000000e+00
   endloop
 endfacet
 facet normal  6.997940e-01  7.143447e-01  3.892197e-17
   outer loop
     vertex  7.240286e+00  7.104490e+00  0.000000e+00
     vertex  7.161889e+00  7.181290e+00  8.000000e+00
     vertex  7.240286e+00  7.104490e+00  8.000000e+00
   endloop
 endfacet
 facet normal  6.997940e-01  7.143447e-01 -1.177792e-16
   outer loop
     vertex  7.240286e+00  7.104490e+00  0.000000e+00
     vertex  7.161889e+00  7.181290e+00  0.000000e+00
     vertex  7.161889e+00  7.181290e+00  8.000000e+00
   endloop
 endfacet
 facet normal  6.799333e-01  7.332740e-01  8.847223e-18
   outer loop
     vertex  7.320760e+00  7.029870e+00  0.000000e+00
     vertex  7.240286e+00  7.104490e+00  8.000000e+00
     vertex  7.320760e+00  7.029870e+00  8.000000e+00
   endloop
 endfacet
 facet normal  6.799333e-01  7.332740e-01 -6.674727e-17
   outer loop
     vertex  7.320760e+00  7.029870e+00  0.000000e+00
     vertex  7.240286e+00  7.104490e+00  0.000000e+00
     vertex  7.240286e+00  7.104490e+00  8.000000e+00
   endloop
 endfacet
 facet normal  6.595607e-01  7.516513e-01  4.971369e-18
   outer loop
     vertex  7.403251e+00  6.957485e+00  0.000000e+00
     vertex  7.320760e+00  7.029870e+00  8.000000e+00
     vertex  7.403251e+00  6.957485e+00  8.000000e+00
   endloop
 endfacet
 facet normal  6.595607e-01  7.516513e-01 -9.926137e-17
   outer loop
     vertex  7.403251e+00  6.957485e+00  0.000000e+00
     vertex  7.320760e+00  7.029870e+00  0.000000e+00
     vertex  7.320760e+00  7.029870e+00  8.000000e+00
   endloop
 endfacet
 facet normal  6.386916e-01  7.694628e-01  1.350835e-16
   outer loop
     vertex  7.487697e+00  6.887391e+00  0.000000e+00
     vertex  7.403251e+00  6.957485e+00  8.000000e+00
     vertex  7.487697e+00  6.887391e+00  8.000000e+00
   endloop
 endfacet
 facet normal  6.386916e-01  7.694628e-01 -9.196109e-17
   outer loop
     vertex  7.487697e+00  6.887391e+00  0.000000e+00
     vertex  7.403251e+00  6.957485e+00  0.000000e+00
     vertex  7.403251e+00  6.957485e+00  8.000000e+00
   endloop
 endfacet
 facet normal  6.173417e-01  7.866951e-01  1.037308e-16
   outer loop
     vertex  7.574034e+00  6.819640e+00  0.000000e+00
     vertex  7.487697e+00  6.887391e+00  8.000000e+00
     vertex  7.574034e+00  6.819640e+00  8.000000e+00
   endloop
 endfacet
 facet normal  6.173417e-01  7.866951e-01  3.487513e-17
   outer loop
     vertex  7.574034e+00  6.819640e+00  0.000000e+00
     vertex  7.487697e+00  6.887391e+00  0.000000e+00
     vertex  7.487697e+00  6.887391e+00  8.000000e+00
   endloop
 endfacet
 facet normal  5.732642e-01  8.193706e-01 -9.981605e-18
   outer loop
     vertex  7.662197e+00  6.754283e+00  0.000000e+00
     vertex  7.662197e+00  6.754283e+00  8.000000e+00
     vertex  7.752120e+00  6.691369e+00  8.000000e+00
   endloop
 endfacet
 facet normal  5.955271e-01  8.033352e-01  9.057903e-17
   outer loop
     vertex  7.662197e+00  6.754283e+00  0.000000e+00
     vertex  7.574034e+00  6.819640e+00  8.000000e+00
     vertex  7.662197e+00  6.754283e+00  8.000000e+00
   endloop
 endfacet
 facet normal  5.955271e-01  8.033352e-01  1.320339e-18
   outer loop
     vertex  7.662197e+00  6.754283e+00  0.000000e+00
     vertex  7.574034e+00  6.819640e+00  0.000000e+00
     vertex  7.574034e+00  6.819640e+00  8.000000e+00
   endloop
 endfacet
 facet normal  5.732642e-01  8.193706e-01  1.446319e-16
   outer loop
     vertex  7.752120e+00  6.691369e+00  0.000000e+00
     vertex  7.662197e+00  6.754283e+00  0.000000e+00
     vertex  7.752120e+00  6.691369e+00  8.000000e+00
   endloop
 endfacet
 facet normal  5.274609e-01  8.495793e-01  3.619979e-17
   outer loop
     vertex  7.843736e+00  6.630946e+00  0.000000e+00
     vertex  7.843736e+00  6.630946e+00  8.000000e+00
     vertex  7.936974e+00  6.573059e+00  8.000000e+00
   endloop
 endfacet
 facet normal  5.505698e-01  8.347891e-01  1.359512e-16
   outer loop
     vertex  7.843736e+00  6.630946e+00  0.000000e+00
     vertex  7.752120e+00  6.691369e+00  8.000000e+00
     vertex  7.843736e+00  6.630946e+00  8.000000e+00
   endloop
 endfacet
 facet normal  5.505698e-01  8.347891e-01  4.303607e-17
   outer loop
     vertex  7.843736e+00  6.630946e+00  0.000000e+00
     vertex  7.752120e+00  6.691369e+00  0.000000e+00
     vertex  7.752120e+00  6.691369e+00  8.000000e+00
   endloop
 endfacet
 facet normal  5.274609e-01  8.495793e-01  9.475972e-17
   outer loop
     vertex  7.936974e+00  6.573059e+00  0.000000e+00
     vertex  7.843736e+00  6.630946e+00  0.000000e+00
     vertex  7.936974e+00  6.573059e+00  8.000000e+00
   endloop
 endfacet
 facet normal  5.039550e-01  8.637299e-01 -6.357889e-17
   outer loop
     vertex  8.031765e+00  6.517752e+00  0.000000e+00
     vertex  7.936974e+00  6.573059e+00  8.000000e+00
     vertex  8.031765e+00  6.517752e+00  8.000000e+00
   endloop
 endfacet
 facet normal  5.039550e-01  8.637299e-01 -7.909386e-18
   outer loop
     vertex  8.031765e+00  6.517752e+00  0.000000e+00
     vertex  7.936974e+00  6.573059e+00  0.000000e+00
     vertex  7.936974e+00  6.573059e+00  8.000000e+00
   endloop
 endfacet
 facet normal  4.800697e-01  8.772303e-01  3.147454e-17
   outer loop
     vertex  8.128038e+00  6.465066e+00  0.000000e+00
     vertex  8.031765e+00  6.517752e+00  8.000000e+00
     vertex  8.128038e+00  6.465066e+00  8.000000e+00
   endloop
 endfacet
 facet normal  4.800697e-01  8.772303e-01 -1.633193e-16
   outer loop
     vertex  8.128038e+00  6.465066e+00  0.000000e+00
     vertex  8.031765e+00  6.517752e+00  0.000000e+00
     vertex  8.031765e+00  6.517752e+00  8.000000e+00
   endloop
 endfacet
 facet normal  4.558231e-01  8.900704e-01  3.593078e-17
   outer loop
     vertex  8.225720e+00  6.415041e+00  0.000000e+00
     vertex  8.128038e+00  6.465066e+00  8.000000e+00
     vertex  8.225720e+00  6.415041e+00  8.000000e+00
   endloop
 endfacet
 facet normal  4.558231e-01  8.900704e-01 -6.512841e-17
   outer loop
     vertex  8.225720e+00  6.415041e+00  0.000000e+00
     vertex  8.128038e+00  6.465066e+00  0.000000e+00
     vertex  8.128038e+00  6.465066e+00  8.000000e+00
   endloop
 endfacet
 facet normal  4.063188e-01  9.137314e-01 -6.691022e-17
   outer loop
     vertex  8.324738e+00  6.367715e+00  0.000000e+00
     vertex  8.324738e+00  6.367715e+00  8.000000e+00
     vertex  8.425017e+00  6.323122e+00  8.000000e+00
   endloop
 endfacet
 facet normal  4.312333e-01  9.022405e-01  3.393188e-17
   outer loop
     vertex  8.324738e+00  6.367715e+00  0.000000e+00
     vertex  8.225720e+00  6.415041e+00  8.000000e+00
     vertex  8.324738e+00  6.367715e+00  8.000000e+00
   endloop
 endfacet
 facet normal  4.312333e-01  9.022405e-01 -6.586262e-17
   outer loop
     vertex  8.324738e+00  6.367715e+00  0.000000e+00
     vertex  8.225720e+00  6.415041e+00  0.000000e+00
     vertex  8.225720e+00  6.415041e+00  8.000000e+00
   endloop
 endfacet
 facet normal  4.063188e-01  9.137314e-01  3.453434e-17
   outer loop
     vertex  8.425017e+00  6.323122e+00  0.000000e+00
     vertex  8.324738e+00  6.367715e+00  0.000000e+00
     vertex  8.425017e+00  6.323122e+00  8.000000e+00
   endloop
 endfacet
 facet normal  3.810986e-01  9.245344e-01 -6.518148e-17
   outer loop
     vertex  8.526481e+00  6.281298e+00  0.000000e+00
     vertex  8.425017e+00  6.323122e+00  0.000000e+00
     vertex  8.425017e+00  6.323122e+00  8.000000e+00
   endloop
 endfacet
 facet normal  3.555914e-01  9.346415e-01 -6.083535e-17
   outer loop
     vertex  8.526481e+00  6.281298e+00  0.000000e+00
     vertex  8.526481e+00  6.281298e+00  8.000000e+00
     vertex  8.629055e+00  6.242273e+00  8.000000e+00
   endloop
 endfacet
 facet normal  3.810986e-01  9.245344e-01  3.758592e-17
   outer loop
     vertex  8.526481e+00  6.281298e+00  0.000000e+00
     vertex  8.425017e+00  6.323122e+00  8.000000e+00
     vertex  8.526481e+00  6.281298e+00  8.000000e+00
   endloop
 endfacet
 facet normal  3.555914e-01  9.346415e-01  1.218879e-16
   outer loop
     vertex  8.629055e+00  6.242273e+00  0.000000e+00
     vertex  8.526481e+00  6.281298e+00  0.000000e+00
     vertex  8.629055e+00  6.242273e+00  8.000000e+00
   endloop
 endfacet
 facet normal  3.298166e-01  9.440450e-01  1.890959e-17
   outer loop
     vertex  8.732661e+00  6.206077e+00  0.000000e+00
     vertex  8.629055e+00  6.242273e+00  0.000000e+00
     vertex  8.629055e+00  6.242273e+00  8.000000e+00
   endloop
 endfacet
 facet normal  3.037934e-01  9.527379e-01 -8.423560e-17
   outer loop
     vertex  8.732661e+00  6.206077e+00  0.000000e+00
     vertex  8.732661e+00  6.206077e+00  8.000000e+00
     vertex  8.837220e+00  6.172737e+00  8.000000e+00
   endloop
 endfacet
 facet normal  3.298166e-01  9.440450e-01  1.883322e-17
   outer loop
     vertex  8.732661e+00  6.206077e+00  0.000000e+00
     vertex  8.629055e+00  6.242273e+00  8.000000e+00
     vertex  8.732661e+00  6.206077e+00  8.000000e+00
   endloop
 endfacet
 facet normal  2.775416e-01  9.607136e-01 -8.058036e-17
   outer loop
     vertex  8.837220e+00  6.172737e+00  0.000000e+00
     vertex  8.837220e+00  6.172737e+00  8.000000e+00
     vertex  8.942655e+00  6.142278e+00  8.000000e+00
   endloop
 endfacet
 facet normal  3.037934e-01  9.527379e-01  2.153956e-17
   outer loop
     vertex  8.837220e+00  6.172737e+00  0.000000e+00
     vertex  8.732661e+00  6.206077e+00  0.000000e+00
     vertex  8.837220e+00  6.172737e+00  8.000000e+00
   endloop
 endfacet
 facet normal  2.775416e-01  9.607136e-01  2.608027e-17
   outer loop
     vertex  8.942655e+00  6.142278e+00  0.000000e+00
     vertex  8.837220e+00  6.172737e+00  0.000000e+00
     vertex  8.942655e+00  6.142278e+00  8.000000e+00
   endloop
 endfacet
 facet normal  2.510809e-01  9.679661e-01 -7.517380e-17
   outer loop
     vertex  8.942655e+00  6.142278e+00  0.000000e+00
     vertex  8.942655e+00  6.142278e+00  8.000000e+00
     vertex  9.048886e+00  6.114722e+00  8.000000e+00
   endloop
 endfacet
 facet normal  2.510809e-01  9.679661e-01  3.229202e-17
   outer loop
     vertex  9.048886e+00  6.114722e+00  0.000000e+00
     vertex  8.942655e+00  6.142278e+00  0.000000e+00
     vertex  9.048886e+00  6.114722e+00  8.000000e+00
   endloop
 endfacet
 facet normal  2.244312e-01  9.744899e-01 -6.821017e-17
   outer loop
     vertex  9.155833e+00  6.090092e+00  0.000000e+00
     vertex  9.048886e+00  6.114722e+00  0.000000e+00
     vertex  9.048886e+00  6.114722e+00  8.000000e+00
   endloop
 endfacet
 facet normal  1.976125e-01  9.802802e-01 -1.589129e-17
   outer loop
     vertex  9.155833e+00  6.090092e+00  0.000000e+00
     vertex  9.155833e+00  6.090092e+00  8.000000e+00
     vertex  9.263415e+00  6.068404e+00  8.000000e+00
   endloop
 endfacet
 facet normal  2.244312e-01  9.744899e-01  8.984267e-17
   outer loop
     vertex  9.155833e+00  6.090092e+00  0.000000e+00
     vertex  9.048886e+00  6.114722e+00  8.000000e+00
     vertex  9.155833e+00  6.090092e+00  8.000000e+00
   endloop
 endfacet
 facet normal  1.976125e-01  9.802802e-01  9.294167e-17
   outer loop
     vertex  9.263415e+00  6.068404e+00  0.000000e+00
     vertex  9.155833e+00  6.090092e+00  0.000000e+00
     vertex  9.263415e+00  6.068404e+00  8.000000e+00
   endloop
 endfacet
 facet normal  1.706451e-01  9.853326e-01 -1.221941e-17
   outer loop
     vertex  9.263415e+00  6.068404e+00  0.000000e+00
     vertex  9.263415e+00  6.068404e+00  8.000000e+00
     vertex  9.371552e+00  6.049677e+00  8.000000e+00
   endloop
 endfacet
 facet normal  1.706451e-01  9.853326e-01  1.686776e-16
   outer loop
     vertex  9.371552e+00  6.049677e+00  0.000000e+00
     vertex  9.263415e+00  6.068404e+00  0.000000e+00
     vertex  9.371552e+00  6.049677e+00  8.000000e+00
   endloop
 endfacet
 facet normal  1.435492e-01  9.896432e-01  7.049932e-17
   outer loop
     vertex  9.371552e+00  6.049677e+00  0.000000e+00
     vertex  9.371552e+00  6.049677e+00  8.000000e+00
     vertex  9.480162e+00  6.033923e+00  8.000000e+00
   endloop
 endfacet
 facet normal  1.435492e-01  9.896432e-01 -7.498824e-18
   outer loop
     vertex  9.480162e+00  6.033923e+00  0.000000e+00
     vertex  9.371552e+00  6.049677e+00  0.000000e+00
     vertex  9.480162e+00  6.033923e+00  8.000000e+00
   endloop
 endfacet
 facet normal  1.163452e-01  9.932088e-01 -1.122004e-16
   outer loop
     vertex  9.589163e+00  6.021154e+00  0.000000e+00
     vertex  9.480162e+00  6.033923e+00  0.000000e+00
     vertex  9.480162e+00  6.033923e+00  8.000000e+00
   endloop
 endfacet
 facet normal  8.905371e-02  9.960268e-01 -1.061685e-16
   outer loop
     vertex  9.589163e+00  6.021154e+00  0.000000e+00
     vertex  9.589163e+00  6.021154e+00  8.000000e+00
     vertex  9.698474e+00  6.011381e+00  8.000000e+00
   endloop
 endfacet
 facet normal  1.163452e-01  9.932088e-01 -1.898154e-18
   outer loop
     vertex  9.589163e+00  6.021154e+00  0.000000e+00
     vertex  9.480162e+00  6.033923e+00  8.000000e+00
     vertex  9.589163e+00  6.021154e+00  8.000000e+00
   endloop
 endfacet
 facet normal  8.905371e-02  9.960268e-01  1.149939e-16
   outer loop
     vertex  9.698474e+00  6.011381e+00  0.000000e+00
     vertex  9.589163e+00  6.021154e+00  0.000000e+00
     vertex  9.698474e+00  6.011381e+00  8.000000e+00
   endloop
 endfacet
 facet normal  6.169515e-02  9.980950e-01  1.125758e-17
   outer loop
     vertex  9.808011e+00  6.004610e+00  0.000000e+00
     vertex  9.698474e+00  6.011381e+00  0.000000e+00
     vertex  9.698474e+00  6.011381e+00  8.000000e+00
   endloop
 endfacet
 facet normal  6.169515e-02  9.980950e-01  1.126265e-17
   outer loop
     vertex  9.808011e+00  6.004610e+00  0.000000e+00
     vertex  9.698474e+00  6.011381e+00  8.000000e+00
     vertex  9.808011e+00  6.004610e+00  8.000000e+00
   endloop
 endfacet
 facet normal  3.429014e-02  9.994119e-01 -9.250456e-17
   outer loop
     vertex  9.917693e+00  6.000847e+00  0.000000e+00
     vertex  9.808011e+00  6.004610e+00  0.000000e+00
     vertex  9.808011e+00  6.004610e+00  8.000000e+00
   endloop
 endfacet
 facet normal  6.859319e-03  9.999765e-01 -8.512742e-17
   outer loop
     vertex  9.917693e+00  6.000847e+00  0.000000e+00
     vertex  9.917693e+00  6.000847e+00  8.000000e+00
     vertex  1.002744e+01  6.000094e+00  8.000000e+00
   endloop
 endfacet
 facet normal  3.429014e-02  9.994119e-01  1.847998e-17
   outer loop
     vertex  9.917693e+00  6.000847e+00  0.000000e+00
     vertex  9.808011e+00  6.004610e+00  8.000000e+00
     vertex  9.917693e+00  6.000847e+00  8.000000e+00
   endloop
 endfacet
 facet normal  6.859319e-03  9.999765e-01  2.589227e-17
   outer loop
     vertex  1.002744e+01  6.000094e+00  0.000000e+00
     vertex  9.917693e+00  6.000847e+00  0.000000e+00
     vertex  1.002744e+01  6.000094e+00  8.000000e+00
   endloop
 endfacet
 facet normal -2.057667e-02  9.997883e-01 -7.769812e-17
   outer loop
     vertex  1.013716e+01  6.002352e+00  0.000000e+00
     vertex  1.002744e+01  6.000094e+00  0.000000e+00
     vertex  1.002744e+01  6.000094e+00  8.000000e+00
   endloop
 endfacet
 facet normal -2.057667e-02  9.997883e-01  1.443257e-16
   outer loop
     vertex  1.013716e+01  6.002352e+00  0.000000e+00
     vertex  1.002744e+01  6.000094e+00  8.000000e+00
     vertex  1.013716e+01  6.002352e+00  8.000000e+00
   endloop
 endfacet
 facet normal -4.799716e-02  9.988475e-01  4.063826e-17
   outer loop
     vertex  1.024678e+01  6.007620e+00  0.000000e+00
     vertex  1.013716e+01  6.002352e+00  0.000000e+00
     vertex  1.013716e+01  6.002352e+00  8.000000e+00
   endloop
 endfacet
 facet normal -4.799716e-02  9.988475e-01  4.061101e-17
   outer loop
     vertex  1.024678e+01  6.007620e+00  0.000000e+00
     vertex  1.013716e+01  6.002352e+00  8.000000e+00
     vertex  1.024678e+01  6.007620e+00  8.000000e+00
   endloop
 endfacet
 facet normal -7.538152e-02  9.971548e-01 -6.308095e-17
   outer loop
     vertex  1.035621e+01  6.015893e+00  0.000000e+00
     vertex  1.024678e+01  6.007620e+00  0.000000e+00
     vertex  1.024678e+01  6.007620e+00  8.000000e+00
   endloop
 endfacet
 facet normal -1.027091e-01  9.947114e-01 -5.639673e-17
   outer loop
     vertex  1.035621e+01  6.015893e+00  0.000000e+00
     vertex  1.035621e+01  6.015893e+00  8.000000e+00
     vertex  1.046538e+01  6.027165e+00  8.000000e+00
   endloop
 endfacet
 facet normal -7.538152e-02  9.971548e-01  4.757222e-17
   outer loop
     vertex  1.035621e+01  6.015893e+00  0.000000e+00
     vertex  1.024678e+01  6.007620e+00  8.000000e+00
     vertex  1.035621e+01  6.015893e+00  8.000000e+00
   endloop
 endfacet
 facet normal -1.027091e-01  9.947114e-01  5.403842e-17
   outer loop
     vertex  1.046538e+01  6.027165e+00  0.000000e+00
     vertex  1.035621e+01  6.015893e+00  0.000000e+00
     vertex  1.046538e+01  6.027165e+00  8.000000e+00
   endloop
 endfacet
 facet normal -1.299594e-01  9.915193e-01 -5.018976e-17
   outer loop
     vertex  1.057420e+01  6.041427e+00  0.000000e+00
     vertex  1.046538e+01  6.027165e+00  0.000000e+00
     vertex  1.046538e+01  6.027165e+00  8.000000e+00
   endloop
 endfacet
 facet normal -1.571119e-01  9.875808e-01 -4.484205e-17
   outer loop
     vertex  1.057420e+01  6.041427e+00  0.000000e+00
     vertex  1.057420e+01  6.041427e+00  8.000000e+00
     vertex  1.068258e+01  6.058670e+00  8.000000e+00
   endloop
 endfacet
 facet normal -1.299594e-01  9.915193e-01  5.983829e-17
   outer loop
     vertex  1.057420e+01  6.041427e+00  0.000000e+00
     vertex  1.046538e+01  6.027165e+00  8.000000e+00
     vertex  1.057420e+01  6.041427e+00  8.000000e+00
   endloop
 endfacet
 facet normal -1.571119e-01  9.875808e-01 -4.484205e-17
   outer loop
     vertex  1.068258e+01  6.058670e+00  0.000000e+00
     vertex  1.057420e+01  6.041427e+00  0.000000e+00
     vertex  1.068258e+01  6.058670e+00  8.000000e+00
   endloop
 endfacet
 facet normal -1.841461e-01  9.828989e-01 -1.494886e-16
   outer loop
     vertex  1.068258e+01  6.058670e+00  0.000000e+00
     vertex  1.068258e+01  6.058670e+00  8.000000e+00
     vertex  1.079045e+01  6.078879e+00  8.000000e+00
   endloop
 endfacet
 facet normal -1.841461e-01  9.828989e-01  1.096474e-16
   outer loop
     vertex  1.079045e+01  6.078879e+00  0.000000e+00
     vertex  1.068258e+01  6.058670e+00  0.000000e+00
     vertex  1.079045e+01  6.078879e+00  8.000000e+00
   endloop
 endfacet
 facet normal -2.110417e-01  9.774771e-01  9.835345e-18
   outer loop
     vertex  1.089772e+01  6.102040e+00  0.000000e+00
     vertex  1.079045e+01  6.078879e+00  0.000000e+00
     vertex  1.079045e+01  6.078879e+00  8.000000e+00
   endloop
 endfacet
 facet normal -2.377784e-01  9.713194e-01 -8.989185e-17
   outer loop
     vertex  1.089772e+01  6.102040e+00  0.000000e+00
     vertex  1.089772e+01  6.102040e+00  8.000000e+00
     vertex  1.100432e+01  6.128136e+00  8.000000e+00
   endloop
 endfacet
 facet normal -2.110417e-01  9.774771e-01  9.881503e-18
   outer loop
     vertex  1.089772e+01  6.102040e+00  0.000000e+00
     vertex  1.079045e+01  6.078879e+00  8.000000e+00
     vertex  1.089772e+01  6.102040e+00  8.000000e+00
   endloop
 endfacet
 facet normal -2.643362e-01  9.644306e-01  2.454908e-17
   outer loop
     vertex  1.100432e+01  6.128136e+00  0.000000e+00
     vertex  1.100432e+01  6.128136e+00  8.000000e+00
     vertex  1.111017e+01  6.157146e+00  8.000000e+00
   endloop
 endfacet
 facet normal -2.377784e-01  9.713194e-01  1.257844e-16
   outer loop
     vertex  1.100432e+01  6.128136e+00  0.000000e+00
     vertex  1.089772e+01  6.102040e+00  0.000000e+00
     vertex  1.100432e+01  6.128136e+00  8.000000e+00
   endloop
 endfacet
 facet normal -2.643362e-01  9.644306e-01  1.316224e-16
   outer loop
     vertex  1.111017e+01  6.157146e+00  0.000000e+00
     vertex  1.100432e+01  6.128136e+00  0.000000e+00
     vertex  1.111017e+01  6.157146e+00  8.000000e+00
   endloop
 endfacet
 facet normal -2.906949e-01  9.568158e-01  2.952318e-17
   outer loop
     vertex  1.121517e+01  6.189048e+00  0.000000e+00
     vertex  1.111017e+01  6.157146e+00  8.000000e+00
     vertex  1.121517e+01  6.189048e+00  8.000000e+00
   endloop
 endfacet
 facet normal -2.906949e-01  9.568158e-01  2.941179e-17
   outer loop
     vertex  1.121517e+01  6.189048e+00  0.000000e+00
     vertex  1.111017e+01  6.157146e+00  0.000000e+00
     vertex  1.111017e+01  6.157146e+00  8.000000e+00
   endloop
 endfacet
 facet normal -3.168348e-01  9.484807e-01  1.380068e-16
   outer loop
     vertex  1.131927e+01  6.223820e+00  0.000000e+00
     vertex  1.121517e+01  6.189048e+00  8.000000e+00
     vertex  1.131927e+01  6.223820e+00  8.000000e+00
   endloop
 endfacet
 facet normal -3.168348e-01  9.484807e-01 -7.245131e-17
   outer loop
     vertex  1.131927e+01  6.223820e+00  0.000000e+00
     vertex  1.121517e+01  6.189048e+00  0.000000e+00
     vertex  1.121517e+01  6.189048e+00  8.000000e+00
   endloop
 endfacet
 facet normal -3.427362e-01  9.394317e-01  3.393071e-17
   outer loop
     vertex  1.142237e+01  6.261434e+00  0.000000e+00
     vertex  1.131927e+01  6.223820e+00  8.000000e+00
     vertex  1.142237e+01  6.261434e+00  8.000000e+00
   endloop
 endfacet
 facet normal -3.427362e-01  9.394317e-01  3.387240e-17
   outer loop
     vertex  1.142237e+01  6.261434e+00  0.000000e+00
     vertex  1.131927e+01  6.223820e+00  0.000000e+00
     vertex  1.131927e+01  6.223820e+00  8.000000e+00
   endloop
 endfacet
 facet normal -3.683796e-01  9.296754e-01 -7.017090e-17
   outer loop
     vertex  1.152439e+01  6.301862e+00  0.000000e+00
     vertex  1.142237e+01  6.261434e+00  8.000000e+00
     vertex  1.152439e+01  6.301862e+00  8.000000e+00
   endloop
 endfacet
 facet normal -3.683796e-01  9.296754e-01 -7.026883e-17
   outer loop
     vertex  1.152439e+01  6.301862e+00  0.000000e+00
     vertex  1.142237e+01  6.261434e+00  0.000000e+00
     vertex  1.142237e+01  6.261434e+00  8.000000e+00
   endloop
 endfacet
 facet normal -3.937458e-01  9.192194e-01 -1.742195e-16
   outer loop
     vertex  1.162528e+01  6.345075e+00  0.000000e+00
     vertex  1.152439e+01  6.301862e+00  0.000000e+00
     vertex  1.152439e+01  6.301862e+00  8.000000e+00
   endloop
 endfacet
 facet normal -3.937458e-01  9.192194e-01  1.173171e-16
   outer loop
     vertex  1.162528e+01  6.345075e+00  0.000000e+00
     vertex  1.152439e+01  6.301862e+00  8.000000e+00
     vertex  1.162528e+01  6.345075e+00  8.000000e+00
   endloop
 endfacet
 facet normal -4.188155e-01  9.080714e-01  1.611021e-17
   outer loop
     vertex  1.172493e+01  6.391038e+00  0.000000e+00
     vertex  1.162528e+01  6.345075e+00  0.000000e+00
     vertex  1.162528e+01  6.345075e+00  8.000000e+00
   endloop
 endfacet
 facet normal -4.188155e-01  9.080714e-01  1.649072e-17
   outer loop
     vertex  1.172493e+01  6.391038e+00  0.000000e+00
     vertex  1.162528e+01  6.345075e+00  8.000000e+00
     vertex  1.172493e+01  6.391038e+00  8.000000e+00
   endloop
 endfacet
 facet normal -4.435699e-01  8.962398e-01 -8.410554e-17
   outer loop
     vertex  1.182329e+01  6.439718e+00  0.000000e+00
     vertex  1.172493e+01  6.391038e+00  0.000000e+00
     vertex  1.172493e+01  6.391038e+00  8.000000e+00
   endloop
 endfacet
 facet normal -4.435699e-01  8.962398e-01  1.515450e-17
   outer loop
     vertex  1.182329e+01  6.439718e+00  0.000000e+00
     vertex  1.172493e+01  6.391038e+00  8.000000e+00
     vertex  1.182329e+01  6.439718e+00  8.000000e+00
   endloop
 endfacet
 facet normal -4.679904e-01  8.837335e-01 -8.656302e-17
   outer loop
     vertex  1.192028e+01  6.491079e+00  0.000000e+00
     vertex  1.182329e+01  6.439718e+00  0.000000e+00
     vertex  1.182329e+01  6.439718e+00  8.000000e+00
   endloop
 endfacet
 facet normal -4.920587e-01  8.705620e-01  4.196007e-18
   outer loop
     vertex  1.192028e+01  6.491079e+00  0.000000e+00
     vertex  1.192028e+01  6.491079e+00  8.000000e+00
     vertex  1.201582e+01  6.545080e+00  8.000000e+00
   endloop
 endfacet
 facet normal -4.679904e-01  8.837335e-01  1.092190e-16
   outer loop
     vertex  1.192028e+01  6.491079e+00  0.000000e+00
     vertex  1.182329e+01  6.439718e+00  8.000000e+00
     vertex  1.192028e+01  6.491079e+00  8.000000e+00
   endloop
 endfacet
 facet normal -4.920587e-01  8.705620e-01  1.008478e-16
   outer loop
     vertex  1.201582e+01  6.545080e+00  0.000000e+00
     vertex  1.192028e+01  6.491079e+00  0.000000e+00
     vertex  1.201582e+01  6.545080e+00  8.000000e+00
   endloop
 endfacet
 facet normal -5.157565e-01  8.567352e-01 -6.178322e-18
   outer loop
     vertex  1.210984e+01  6.601683e+00  0.000000e+00
     vertex  1.201582e+01  6.545080e+00  0.000000e+00
     vertex  1.201582e+01  6.545080e+00  8.000000e+00
   endloop
 endfacet
 facet normal -5.157565e-01  8.567352e-01 -5.713398e-18
   outer loop
     vertex  1.210984e+01  6.601683e+00  0.000000e+00
     vertex  1.201582e+01  6.545080e+00  8.000000e+00
     vertex  1.210984e+01  6.601683e+00  8.000000e+00
   endloop
 endfacet
 facet normal -5.390661e-01  8.422635e-01 -1.124610e-16
   outer loop
     vertex  1.220228e+01  6.660844e+00  0.000000e+00
     vertex  1.210984e+01  6.601683e+00  0.000000e+00
     vertex  1.210984e+01  6.601683e+00  8.000000e+00
   endloop
 endfacet
 facet normal -5.390661e-01  8.422635e-01  7.426418e-18
   outer loop
     vertex  1.220228e+01  6.660844e+00  0.000000e+00
     vertex  1.210984e+01  6.601683e+00  8.000000e+00
     vertex  1.220228e+01  6.660844e+00  8.000000e+00
   endloop
 endfacet
 facet normal -5.619699e-01  8.271577e-01 -9.429470e-17
   outer loop
     vertex  1.229306e+01  6.722518e+00  0.000000e+00
     vertex  1.220228e+01  6.660844e+00  0.000000e+00
     vertex  1.220228e+01  6.660844e+00  8.000000e+00
   endloop
 endfacet
 facet normal -5.844507e-01  8.114292e-01 -1.510282e-17
   outer loop
     vertex  1.229306e+01  6.722518e+00  0.000000e+00
     vertex  1.229306e+01  6.722518e+00  8.000000e+00
     vertex  1.238211e+01  6.786659e+00  8.000000e+00
   endloop
 endfacet
 facet normal -5.619699e-01  8.271577e-01  8.970559e-17
   outer loop
     vertex  1.229306e+01  6.722518e+00  0.000000e+00
     vertex  1.220228e+01  6.660844e+00  8.000000e+00
     vertex  1.229306e+01  6.722518e+00  8.000000e+00
   endloop
 endfacet
 facet normal -5.844507e-01  8.114292e-01  7.498392e-17
   outer loop
     vertex  1.238211e+01  6.786659e+00  0.000000e+00
     vertex  1.229306e+01  6.722518e+00  0.000000e+00
     vertex  1.238211e+01  6.786659e+00  8.000000e+00
   endloop
 endfacet
 facet normal -6.064915e-01  7.950900e-01 -3.117744e-17
   outer loop
     vertex  1.246937e+01  6.853220e+00  0.000000e+00
     vertex  1.238211e+01  6.786659e+00  0.000000e+00
     vertex  1.238211e+01  6.786659e+00  8.000000e+00
   endloop
 endfacet
 facet normal -6.280757e-01  7.781522e-01 -5.182215e-17
   outer loop
     vertex  1.246937e+01  6.853220e+00  0.000000e+00
     vertex  1.246937e+01  6.853220e+00  8.000000e+00
     vertex  1.255477e+01  6.922149e+00  8.000000e+00
   endloop
 endfacet
 facet normal -6.064915e-01  7.950900e-01  5.664558e-17
   outer loop
     vertex  1.246937e+01  6.853220e+00  0.000000e+00
     vertex  1.238211e+01  6.786659e+00  8.000000e+00
     vertex  1.246937e+01  6.853220e+00  8.000000e+00
   endloop
 endfacet
 facet normal -6.280757e-01  7.781522e-01 -5.182215e-17
   outer loop
     vertex  1.255477e+01  6.922149e+00  0.000000e+00
     vertex  1.246937e+01  6.853220e+00  0.000000e+00
     vertex  1.255477e+01  6.922149e+00  8.000000e+00
   endloop
 endfacet
 facet normal -6.491872e-01  7.606287e-01 -1.604318e-16
   outer loop
     vertex  1.263824e+01  6.993395e+00  0.000000e+00
     vertex  1.255477e+01  6.922149e+00  0.000000e+00
     vertex  1.255477e+01  6.922149e+00  8.000000e+00
   endloop
 endfacet
 facet normal -6.491872e-01  7.606287e-01 -1.610235e-17
   outer loop
     vertex  1.263824e+01  6.993395e+00  0.000000e+00
     vertex  1.255477e+01  6.922149e+00  8.000000e+00
     vertex  1.263824e+01  6.993395e+00  8.000000e+00
   endloop
 endfacet
 facet normal -6.698100e-01  7.425325e-01 -1.199821e-16
   outer loop
     vertex  1.271973e+01  7.066904e+00  0.000000e+00
     vertex  1.263824e+01  6.993395e+00  0.000000e+00
     vertex  1.263824e+01  6.993395e+00  8.000000e+00
   endloop
 endfacet
 facet normal -6.899286e-01  7.238775e-01 -6.273687e-17
   outer loop
     vertex  1.271973e+01  7.066904e+00  0.000000e+00
     vertex  1.271973e+01  7.066904e+00  8.000000e+00
     vertex  1.279918e+01  7.142621e+00  8.000000e+00
   endloop
 endfacet
 facet normal -6.698100e-01  7.425325e-01  4.504409e-17
   outer loop
     vertex  1.271973e+01  7.066904e+00  0.000000e+00
     vertex  1.263824e+01  6.993395e+00  8.000000e+00
     vertex  1.271973e+01  7.066904e+00  8.000000e+00
   endloop
 endfacet
 facet normal -6.899286e-01  7.238775e-01  9.045804e-17
   outer loop
     vertex  1.279918e+01  7.142621e+00  0.000000e+00
     vertex  1.271973e+01  7.066904e+00  0.000000e+00
     vertex  1.279918e+01  7.142621e+00  8.000000e+00
   endloop
 endfacet
 facet normal -7.095278e-01  7.046775e-01 -1.292379e-17
   outer loop
     vertex  1.279918e+01  7.142621e+00  0.000000e+00
     vertex  1.279918e+01  7.142621e+00  8.000000e+00
     vertex  1.287651e+01  7.220489e+00  8.000000e+00
   endloop
 endfacet
 facet normal -7.285929e-01  6.849470e-01 -4.025151e-17
   outer loop
     vertex  1.287651e+01  7.220489e+00  0.000000e+00
     vertex  1.287651e+01  7.220489e+00  8.000000e+00
     vertex  1.295168e+01  7.300450e+00  8.000000e+00
   endloop
 endfacet
 facet normal -7.095278e-01  7.046775e-01  6.531112e-17
   outer loop
     vertex  1.287651e+01  7.220489e+00  0.000000e+00
     vertex  1.279918e+01  7.142621e+00  0.000000e+00
     vertex  1.287651e+01  7.220489e+00  8.000000e+00
   endloop
 endfacet
 facet normal -7.285929e-01  6.849470e-01  1.215286e-16
   outer loop
     vertex  1.295168e+01  7.300450e+00  0.000000e+00
     vertex  1.287651e+01  7.220489e+00  0.000000e+00
     vertex  1.295168e+01  7.300450e+00  8.000000e+00
   endloop
 endfacet
 facet normal -7.471095e-01  6.647010e-01  9.390443e-17
   outer loop
     vertex  1.302463e+01  7.382443e+00  0.000000e+00
     vertex  1.295168e+01  7.300450e+00  8.000000e+00
     vertex  1.302463e+01  7.382443e+00  8.000000e+00
   endloop
 endfacet
 facet normal -7.471095e-01  6.647010e-01  2.046680e-17
   outer loop
     vertex  1.302463e+01  7.382443e+00  0.000000e+00
     vertex  1.295168e+01  7.300450e+00  0.000000e+00
     vertex  1.295168e+01  7.300450e+00  8.000000e+00
   endloop
 endfacet
 facet normal -7.650637e-01  6.439545e-01 -9.834826e-18
   outer loop
     vertex  1.309530e+01  7.466406e+00  0.000000e+00
     vertex  1.302463e+01  7.382443e+00  8.000000e+00
     vertex  1.309530e+01  7.466406e+00  8.000000e+00
   endloop
 endfacet
 facet normal -7.650637e-01  6.439545e-01 -9.620756e-18
   outer loop
     vertex  1.309530e+01  7.466406e+00  0.000000e+00
     vertex  1.302463e+01  7.382443e+00  0.000000e+00
     vertex  1.302463e+01  7.382443e+00  8.000000e+00
   endloop
 endfacet
 facet normal -7.824421e-01  6.227234e-01  1.293065e-16
   outer loop
     vertex  1.316364e+01  7.552276e+00  0.000000e+00
     vertex  1.309530e+01  7.466406e+00  8.000000e+00
     vertex  1.316364e+01  7.552276e+00  8.000000e+00
   endloop
 endfacet
 facet normal -7.824421e-01  6.227234e-01 -1.139001e-16
   outer loop
     vertex  1.316364e+01  7.552276e+00  0.000000e+00
     vertex  1.309530e+01  7.466406e+00  0.000000e+00
     vertex  1.309530e+01  7.466406e+00  8.000000e+00
   endloop
 endfacet
 facet normal -7.992314e-01  6.010234e-01  9.370598e-17
   outer loop
     vertex  1.322960e+01  7.639989e+00  0.000000e+00
     vertex  1.316364e+01  7.552276e+00  8.000000e+00
     vertex  1.322960e+01  7.639989e+00  8.000000e+00
   endloop
 endfacet
 facet normal -7.992314e-01  6.010234e-01  2.716201e-17
   outer loop
     vertex  1.322960e+01  7.639989e+00  0.000000e+00
     vertex  1.316364e+01  7.552276e+00  0.000000e+00
     vertex  1.316364e+01  7.552276e+00  8.000000e+00
   endloop
 endfacet
 facet normal -8.309929e-01  5.562829e-01 -5.414041e-17
   outer loop
     vertex  1.329313e+01  7.729478e+00  0.000000e+00
     vertex  1.329313e+01  7.729478e+00  8.000000e+00
     vertex  1.335418e+01  7.820677e+00  8.000000e+00
   endloop
 endfacet
 facet normal -8.154191e-01  5.788711e-01  5.316630e-17
   outer loop
     vertex  1.329313e+01  7.729478e+00  0.000000e+00
     vertex  1.322960e+01  7.639989e+00  8.000000e+00
     vertex  1.329313e+01  7.729478e+00  8.000000e+00
   endloop
 endfacet
 facet normal -8.154191e-01  5.788711e-01 -1.157932e-17
   outer loop
     vertex  1.329313e+01  7.729478e+00  0.000000e+00
     vertex  1.322960e+01  7.639989e+00  0.000000e+00
     vertex  1.322960e+01  7.639989e+00  8.000000e+00
   endloop
 endfacet
 facet normal -8.309929e-01  5.562829e-01  1.303771e-16
   outer loop
     vertex  1.335418e+01  7.820677e+00  0.000000e+00
     vertex  1.329313e+01  7.729478e+00  0.000000e+00
     vertex  1.335418e+01  7.820677e+00  8.000000e+00
   endloop
 endfacet
 facet normal -8.459413e-01  5.332761e-01  2.734726e-16
   outer loop
     vertex  1.341271e+01  7.913516e+00  0.000000e+00
     vertex  1.335418e+01  7.820677e+00  8.000000e+00
     vertex  1.341271e+01  7.913516e+00  8.000000e+00
   endloop
 endfacet
 facet normal -8.459413e-01  5.332761e-01  2.668654e-17
   outer loop
     vertex  1.341271e+01  7.913516e+00  0.000000e+00
     vertex  1.335418e+01  7.820677e+00  0.000000e+00
     vertex  1.335418e+01  7.820677e+00  8.000000e+00
   endloop
 endfacet
 facet normal -8.739167e-01  4.860756e-01 -1.274794e-16
   outer loop
     vertex  1.346867e+01  8.007926e+00  0.000000e+00
     vertex  1.346867e+01  8.007926e+00  8.000000e+00
     vertex  1.352201e+01  8.103835e+00  8.000000e+00
   endloop
 endfacet
 facet normal -8.602528e-01  5.098678e-01 -2.092963e-17
   outer loop
     vertex  1.346867e+01  8.007926e+00  0.000000e+00
     vertex  1.341271e+01  7.913516e+00  8.000000e+00
     vertex  1.346867e+01  8.007926e+00  8.000000e+00
   endloop
 endfacet
 facet normal -8.602528e-01  5.098678e-01  1.697922e-16
   outer loop
     vertex  1.346867e+01  8.007926e+00  0.000000e+00
     vertex  1.341271e+01  7.913516e+00  0.000000e+00
     vertex  1.341271e+01  7.913516e+00  8.000000e+00
   endloop
 endfacet
 facet normal -8.869228e-01  4.619176e-01 -3.699673e-17
   outer loop
     vertex  1.352201e+01  8.103835e+00  0.000000e+00
     vertex  1.352201e+01  8.103835e+00  8.000000e+00
     vertex  1.357270e+01  8.201172e+00  8.000000e+00
   endloop
 endfacet
 facet normal -8.739167e-01  4.860756e-01  6.656912e-17
   outer loop
     vertex  1.352201e+01  8.103835e+00  0.000000e+00
     vertex  1.346867e+01  8.007926e+00  0.000000e+00
     vertex  1.352201e+01  8.103835e+00  8.000000e+00
   endloop
 endfacet
 facet normal -8.869228e-01  4.619176e-01  6.556958e-17
   outer loop
     vertex  1.357270e+01  8.201172e+00  0.000000e+00
     vertex  1.352201e+01  8.103835e+00  0.000000e+00
     vertex  1.357270e+01  8.201172e+00  8.000000e+00
   endloop
 endfacet
 facet normal -8.992613e-01  4.374119e-01 -4.342897e-17
   outer loop
     vertex  1.362071e+01  8.299863e+00  0.000000e+00
     vertex  1.357270e+01  8.201172e+00  0.000000e+00
     vertex  1.357270e+01  8.201172e+00  8.000000e+00
   endloop
 endfacet
 facet normal -8.992613e-01  4.374119e-01  1.562663e-16
   outer loop
     vertex  1.362071e+01  8.299863e+00  0.000000e+00
     vertex  1.357270e+01  8.201172e+00  8.000000e+00
     vertex  1.362071e+01  8.299863e+00  8.000000e+00
   endloop
 endfacet
 facet normal -9.109228e-01  4.125769e-01  5.017407e-17
   outer loop
     vertex  1.366599e+01  8.399833e+00  0.000000e+00
     vertex  1.362071e+01  8.299863e+00  0.000000e+00
     vertex  1.362071e+01  8.299863e+00  8.000000e+00
   endloop
 endfacet
 facet normal -9.109228e-01  4.125769e-01  4.990901e-17
   outer loop
     vertex  1.366599e+01  8.399833e+00  0.000000e+00
     vertex  1.362071e+01  8.299863e+00  8.000000e+00
     vertex  1.366599e+01  8.399833e+00  8.000000e+00
   endloop
 endfacet
 facet normal -9.218986e-01  3.874313e-01 -5.616952e-17
   outer loop
     vertex  1.370851e+01  8.501008e+00  0.000000e+00
     vertex  1.366599e+01  8.399833e+00  0.000000e+00
     vertex  1.366599e+01  8.399833e+00  8.000000e+00
   endloop
 endfacet
 facet normal -9.218986e-01  3.874313e-01  2.342438e-16
   outer loop
     vertex  1.370851e+01  8.501008e+00  0.000000e+00
     vertex  1.366599e+01  8.399833e+00  8.000000e+00
     vertex  1.370851e+01  8.501008e+00  8.000000e+00
   endloop
 endfacet
 facet normal -9.321804e-01  3.619940e-01  1.246519e-16
   outer loop
     vertex  1.374823e+01  8.603312e+00  0.000000e+00
     vertex  1.370851e+01  8.501008e+00  0.000000e+00
     vertex  1.370851e+01  8.501008e+00  8.000000e+00
   endloop
 endfacet
 facet normal -9.417605e-01  3.362843e-01 -5.995518e-17
   outer loop
     vertex  1.374823e+01  8.603312e+00  0.000000e+00
     vertex  1.374823e+01  8.603312e+00  8.000000e+00
     vertex  1.378514e+01  8.706667e+00  8.000000e+00
   endloop
 endfacet
 facet normal -9.321804e-01  3.619940e-01  4.414739e-17
   outer loop
     vertex  1.374823e+01  8.603312e+00  0.000000e+00
     vertex  1.370851e+01  8.501008e+00  8.000000e+00
     vertex  1.374823e+01  8.603312e+00  8.000000e+00
   endloop
 endfacet
 facet normal -9.417605e-01  3.362843e-01  8.938505e-17
   outer loop
     vertex  1.378514e+01  8.706667e+00  0.000000e+00
     vertex  1.374823e+01  8.603312e+00  0.000000e+00
     vertex  1.378514e+01  8.706667e+00  8.000000e+00
   endloop
 endfacet
 facet normal -9.506317e-01  3.103214e-01 -2.617346e-17
   outer loop
     vertex  1.381920e+01  8.810995e+00  0.000000e+00
     vertex  1.378514e+01  8.706667e+00  0.000000e+00
     vertex  1.378514e+01  8.706667e+00  8.000000e+00
   endloop
 endfacet
 facet normal -9.506317e-01  3.103214e-01  1.848804e-16
   outer loop
     vertex  1.381920e+01  8.810995e+00  0.000000e+00
     vertex  1.378514e+01  8.706667e+00  8.000000e+00
     vertex  1.381920e+01  8.810995e+00  8.000000e+00
   endloop
 endfacet
 facet normal -9.587873e-01  2.841250e-01  7.124988e-17
   outer loop
     vertex  1.385038e+01  8.916219e+00  0.000000e+00
     vertex  1.381920e+01  8.810995e+00  0.000000e+00
     vertex  1.381920e+01  8.810995e+00  8.000000e+00
   endloop
 endfacet
 facet normal -9.587873e-01  2.841250e-01 -1.417698e-16
   outer loop
     vertex  1.385038e+01  8.916219e+00  0.000000e+00
     vertex  1.381920e+01  8.810995e+00  8.000000e+00
     vertex  1.385038e+01  8.916219e+00  8.000000e+00
   endloop
 endfacet
 facet normal -9.662211e-01  2.577146e-01 -2.573561e-16
   outer loop
     vertex  1.387866e+01  9.022258e+00  0.000000e+00
     vertex  1.385038e+01  8.916219e+00  0.000000e+00
     vertex  1.385038e+01  8.916219e+00  8.000000e+00
   endloop
 endfacet
 facet normal -9.729276e-01  2.311102e-01 -1.564645e-16
   outer loop
     vertex  1.387866e+01  9.022258e+00  0.000000e+00
     vertex  1.387866e+01  9.022258e+00  8.000000e+00
     vertex  1.390403e+01  9.129034e+00  8.000000e+00
   endloop
 endfacet
 facet normal -9.662211e-01  2.577146e-01 -4.268643e-17
   outer loop
     vertex  1.387866e+01  9.022258e+00  0.000000e+00
     vertex  1.385038e+01  8.916219e+00  8.000000e+00
     vertex  1.387866e+01  9.022258e+00  8.000000e+00
   endloop
 endfacet
 facet normal -9.729276e-01  2.311102e-01  5.956883e-17
   outer loop
     vertex  1.390403e+01  9.129034e+00  0.000000e+00
     vertex  1.387866e+01  9.022258e+00  0.000000e+00
     vertex  1.390403e+01  9.129034e+00  8.000000e+00
   endloop
 endfacet
 facet normal -9.841389e-01  1.773998e-01 -1.256683e-16
   outer loop
     vertex  1.392645e+01  9.236465e+00  0.000000e+00
     vertex  1.392645e+01  9.236465e+00  8.000000e+00
     vertex  1.394592e+01  9.344471e+00  8.000000e+00
   endloop
 endfacet
 facet normal -9.789017e-01  2.043319e-01 -7.394129e-18
   outer loop
     vertex  1.392645e+01  9.236465e+00  0.000000e+00
     vertex  1.390403e+01  9.129034e+00  8.000000e+00
     vertex  1.392645e+01  9.236465e+00  8.000000e+00
   endloop
 endfacet
 facet normal -9.789017e-01  2.043319e-01 -5.253477e-17
   outer loop
     vertex  1.392645e+01  9.236465e+00  0.000000e+00
     vertex  1.390403e+01  9.129034e+00  0.000000e+00
     vertex  1.390403e+01  9.129034e+00  8.000000e+00
   endloop
 endfacet
 facet normal -9.841389e-01  1.773998e-01  5.346376e-17
   outer loop
     vertex  1.394592e+01  9.344471e+00  0.000000e+00
     vertex  1.392645e+01  9.236465e+00  0.000000e+00
     vertex  1.394592e+01  9.344471e+00  8.000000e+00
   endloop
 endfacet
 facet normal -9.923874e-01  1.231552e-01  7.886464e-17
   outer loop
     vertex  1.396242e+01  9.452970e+00  0.000000e+00
     vertex  1.396242e+01  9.452970e+00  8.000000e+00
     vertex  1.397593e+01  9.561881e+00  8.000000e+00
   endloop
 endfacet
 facet normal -9.886353e-01  1.503341e-01  1.951944e-16
   outer loop
     vertex  1.396242e+01  9.452970e+00  0.000000e+00
     vertex  1.394592e+01  9.344471e+00  8.000000e+00
     vertex  1.396242e+01  9.452970e+00  8.000000e+00
   endloop
 endfacet
 facet normal -9.886353e-01  1.503341e-01 -5.758707e-17
   outer loop
     vertex  1.396242e+01  9.452970e+00  0.000000e+00
     vertex  1.394592e+01  9.344471e+00  0.000000e+00
     vertex  1.394592e+01  9.344471e+00  8.000000e+00
   endloop
 endfacet
 facet normal -9.923874e-01  1.231552e-01  7.886464e-17
   outer loop
     vertex  1.397593e+01  9.561881e+00  0.000000e+00
     vertex  1.396242e+01  9.452970e+00  0.000000e+00
     vertex  1.397593e+01  9.561881e+00  8.000000e+00
   endloop
 endfacet
 facet normal -9.953925e-01  9.588368e-02 -3.752445e-17
   outer loop
     vertex  1.398646e+01  9.671122e+00  0.000000e+00
     vertex  1.397593e+01  9.561881e+00  8.000000e+00
     vertex  1.398646e+01  9.671122e+00  8.000000e+00
   endloop
 endfacet
 facet normal -9.953925e-01  9.588368e-02 -3.744537e-17
   outer loop
     vertex  1.398646e+01  9.671122e+00  0.000000e+00
     vertex  1.397593e+01  9.561881e+00  0.000000e+00
     vertex  1.397593e+01  9.561881e+00  8.000000e+00
   endloop
 endfacet
 facet normal -9.991532e-01  4.114462e-02 -4.827371e-17
   outer loop
     vertex  1.399398e+01  9.780610e+00  0.000000e+00
     vertex  1.399398e+01  9.780610e+00  8.000000e+00
     vertex  1.399849e+01  9.890264e+00  8.000000e+00
   endloop
 endfacet
 facet normal -9.976484e-01  6.853995e-02  6.763715e-17
   outer loop
     vertex  1.399398e+01  9.780610e+00  0.000000e+00
     vertex  1.398646e+01  9.671122e+00  8.000000e+00
     vertex  1.399398e+01  9.780610e+00  8.000000e+00
   endloop
 endfacet
 facet normal -9.976484e-01  6.853995e-02 -1.538541e-16
   outer loop
     vertex  1.399398e+01  9.780610e+00  0.000000e+00
     vertex  1.398646e+01  9.671122e+00  0.000000e+00
     vertex  1.398646e+01  9.671122e+00  8.000000e+00
   endloop
 endfacet
 facet normal -9.991532e-01  4.114462e-02  1.735829e-16
   outer loop
     vertex  1.399849e+01  9.890264e+00  0.000000e+00
     vertex  1.399398e+01  9.780610e+00  0.000000e+00
     vertex  1.399849e+01  9.890264e+00  8.000000e+00
   endloop
 endfacet
 facet normal -9.999059e-01  1.371831e-02  0.000000e+00
   outer loop
     vertex  1.400000e+01  1.000000e+01  0.000000e+00
     vertex  1.399849e+01  9.890264e+00  8.000000e+00
     vertex  1.400000e+01  1.000000e+01  8.000000e+00
   endloop
 endfacet
 facet normal -9.999059e-01  1.371831e-02  5.787396e-17
   outer loop
     vertex  1.400000e+01  1.000000e+01  0.000000e+00
     vertex  1.399849e+01  9.890264e+00  0.000000e+00
     vertex  1.399849e+01  9.890264e+00  8.000000e+00
   endloop
 endfacet
 facet normal -9.999059e-01 -1.371831e-02  0.000000e+00
   outer loop
     vertex  7.400000e+01  1.000000e+01  0.000000e+00
     vertex  7.400000e+01  1.000000e+01  8.000000e+00
     vertex  7.399849e+01  1.010974e+01  8.000000e+00
   endloop
 endfacet
 facet normal -9.991532e-01 -4.114462e-02 -1.735829e-16
   outer loop
     vertex  7.399849e+01  1.010974e+01  0.000000e+00
     vertex  7.399849e+01  1.010974e+01  8.000000e+00
     vertex  7.399398e+01  1.021939e+01  8.000000e+00
   endloop
 endfacet
 facet normal -9.999059e-01 -1.371831e-02 -5.787548e-17
   outer loop
     vertex  7.399849e+01  1.010974e+01  0.000000e+00
     vertex  7.400000e+01  1.000000e+01  0.000000e+00
     vertex  7.399849e+01  1.010974e+01  8.000000e+00
   endloop
 endfacet
 facet normal -9.976484e-01 -6.853995e-02 -2.891596e-16
   outer loop
     vertex  7.399398e+01  1.021939e+01  0.000000e+00
     vertex  7.399398e+01  1.021939e+01  8.000000e+00
     vertex  7.398646e+01  1.032888e+01  8.000000e+00
   endloop
 endfacet
 facet normal -9.991532e-01 -4.114462e-02 -1.735829e-16
   outer loop
     vertex  7.399398e+01  1.021939e+01  0.000000e+00
     vertex  7.399849e+01  1.010974e+01  0.000000e+00
     vertex  7.399398e+01  1.021939e+01  8.000000e+00
   endloop
 endfacet
 facet normal -9.953925e-01 -9.588368e-02 -4.045186e-16
   outer loop
     vertex  7.398646e+01  1.032888e+01  0.000000e+00
     vertex  7.398646e+01  1.032888e+01  8.000000e+00
     vertex  7.397593e+01  1.043812e+01  8.000000e+00
   endloop
 endfacet
 facet normal -9.976484e-01 -6.853995e-02 -2.891596e-16
   outer loop
     vertex  7.398646e+01  1.032888e+01  0.000000e+00
     vertex  7.399398e+01  1.021939e+01  0.000000e+00
     vertex  7.398646e+01  1.032888e+01  8.000000e+00
   endloop
 endfacet
 facet normal -9.923874e-01 -1.231552e-01 -5.195732e-16
   outer loop
     vertex  7.397593e+01  1.043812e+01  0.000000e+00
     vertex  7.397593e+01  1.043812e+01  8.000000e+00
     vertex  7.396242e+01  1.054703e+01  8.000000e+00
   endloop
 endfacet
 facet normal -9.953925e-01 -9.588368e-02 -4.045186e-16
   outer loop
     vertex  7.397593e+01  1.043812e+01  0.000000e+00
     vertex  7.398646e+01  1.032888e+01  0.000000e+00
     vertex  7.397593e+01  1.043812e+01  8.000000e+00
   endloop
 endfacet
 facet normal -9.886353e-01 -1.503341e-01 -6.342366e-16
   outer loop
     vertex  7.396242e+01  1.054703e+01  0.000000e+00
     vertex  7.396242e+01  1.054703e+01  8.000000e+00
     vertex  7.394592e+01  1.065553e+01  8.000000e+00
   endloop
 endfacet
 facet normal -9.923874e-01 -1.231552e-01 -5.195732e-16
   outer loop
     vertex  7.396242e+01  1.054703e+01  0.000000e+00
     vertex  7.397593e+01  1.043812e+01  0.000000e+00
     vertex  7.396242e+01  1.054703e+01  8.000000e+00
   endloop
 endfacet
 facet normal -9.841389e-01 -1.773998e-01  1.039150e-15
   outer loop
     vertex  7.394592e+01  1.065553e+01  0.000000e+00
     vertex  7.394592e+01  1.065553e+01  8.000000e+00
     vertex  7.392645e+01  1.076354e+01  8.000000e+00
   endloop
 endfacet
 facet normal -9.886353e-01 -1.503341e-01  1.155313e-15
   outer loop
     vertex  7.394592e+01  1.065553e+01  0.000000e+00
     vertex  7.396242e+01  1.054703e+01  0.000000e+00
     vertex  7.394592e+01  1.065553e+01  8.000000e+00
   endloop
 endfacet
 facet normal -9.789017e-01 -2.043319e-01 -8.620452e-16
   outer loop
     vertex  7.392645e+01  1.076354e+01  0.000000e+00
     vertex  7.392645e+01  1.076354e+01  8.000000e+00
     vertex  7.390403e+01  1.087097e+01  8.000000e+00
   endloop
 endfacet
 facet normal -9.841389e-01 -1.773998e-01 -7.484226e-16
   outer loop
     vertex  7.392645e+01  1.076354e+01  0.000000e+00
     vertex  7.394592e+01  1.065553e+01  0.000000e+00
     vertex  7.392645e+01  1.076354e+01  8.000000e+00
   endloop
 endfacet
 facet normal -9.729276e-01 -2.311102e-01  8.045644e-16
   outer loop
     vertex  7.390403e+01  1.087097e+01  0.000000e+00
     vertex  7.390403e+01  1.087097e+01  8.000000e+00
     vertex  7.387866e+01  1.097774e+01  8.000000e+00
   endloop
 endfacet
 facet normal -9.789017e-01 -2.043319e-01  9.222043e-16
   outer loop
     vertex  7.390403e+01  1.087097e+01  0.000000e+00
     vertex  7.392645e+01  1.076354e+01  0.000000e+00
     vertex  7.390403e+01  1.087097e+01  8.000000e+00
   endloop
 endfacet
 facet normal -9.662211e-01 -2.577146e-01  6.863190e-16
   outer loop
     vertex  7.387866e+01  1.097774e+01  0.000000e+00
     vertex  7.387866e+01  1.097774e+01  8.000000e+00
     vertex  7.385038e+01  1.108378e+01  8.000000e+00
   endloop
 endfacet
 facet normal -9.729276e-01 -2.311102e-01  8.045644e-16
   outer loop
     vertex  7.387866e+01  1.097774e+01  0.000000e+00
     vertex  7.390403e+01  1.087097e+01  0.000000e+00
     vertex  7.387866e+01  1.097774e+01  8.000000e+00
   endloop
 endfacet
 facet normal -9.662211e-01 -2.577146e-01 -1.030034e-15
   outer loop
     vertex  7.385038e+01  1.108378e+01  0.000000e+00
     vertex  7.387866e+01  1.097774e+01  0.000000e+00
     vertex  7.385038e+01  1.108378e+01  8.000000e+00
   endloop
 endfacet
 facet normal -9.587873e-01 -2.841250e-01 -1.135591e-15
   outer loop
     vertex  7.385038e+01  1.108378e+01  0.000000e+00
     vertex  7.385038e+01  1.108378e+01  8.000000e+00
     vertex  7.381920e+01  1.118900e+01  8.000000e+00
   endloop
 endfacet
 facet normal -9.587873e-01 -2.841250e-01 -1.135591e-15
   outer loop
     vertex  7.381920e+01  1.118900e+01  0.000000e+00
     vertex  7.385038e+01  1.108378e+01  0.000000e+00
     vertex  7.381920e+01  1.118900e+01  8.000000e+00
   endloop
 endfacet
 facet normal -9.506317e-01 -3.103214e-01 -1.240294e-15
   outer loop
     vertex  7.381920e+01  1.118900e+01  0.000000e+00
     vertex  7.381920e+01  1.118900e+01  8.000000e+00
     vertex  7.378514e+01  1.129333e+01  8.000000e+00
   endloop
 endfacet
 facet normal -9.506317e-01 -3.103214e-01  4.483675e-16
   outer loop
     vertex  7.378514e+01  1.129333e+01  0.000000e+00
     vertex  7.381920e+01  1.118900e+01  0.000000e+00
     vertex  7.378514e+01  1.129333e+01  8.000000e+00
   endloop
 endfacet
 facet normal -9.417605e-01 -3.362843e-01  3.288406e-16
   outer loop
     vertex  7.378514e+01  1.129333e+01  0.000000e+00
     vertex  7.378514e+01  1.129333e+01  8.000000e+00
     vertex  7.374823e+01  1.139669e+01  8.000000e+00
   endloop
 endfacet
 facet normal -9.417605e-01 -3.362843e-01 -1.194722e-15
   outer loop
     vertex  7.374823e+01  1.139669e+01  0.000000e+00
     vertex  7.378514e+01  1.129333e+01  0.000000e+00
     vertex  7.374823e+01  1.139669e+01  8.000000e+00
   endloop
 endfacet
 facet normal -9.321804e-01 -3.619940e-01 -1.286061e-15
   outer loop
     vertex  7.374823e+01  1.139669e+01  0.000000e+00
     vertex  7.374823e+01  1.139669e+01  8.000000e+00
     vertex  7.370851e+01  1.149899e+01  8.000000e+00
   endloop
 endfacet
 facet normal -9.321804e-01 -3.619940e-01  2.894450e-16
   outer loop
     vertex  7.370851e+01  1.149899e+01  0.000000e+00
     vertex  7.374823e+01  1.139669e+01  0.000000e+00
     vertex  7.370851e+01  1.149899e+01  8.000000e+00
   endloop
 endfacet
 facet normal -9.218986e-01 -3.874313e-01  1.751615e-16
   outer loop
     vertex  7.370851e+01  1.149899e+01  0.000000e+00
     vertex  7.370851e+01  1.149899e+01  8.000000e+00
     vertex  7.366599e+01  1.160017e+01  8.000000e+00
   endloop
 endfacet
 facet normal -9.218986e-01 -3.874313e-01  2.611885e-16
   outer loop
     vertex  7.366599e+01  1.160017e+01  0.000000e+00
     vertex  7.370851e+01  1.149899e+01  0.000000e+00
     vertex  7.366599e+01  1.160017e+01  8.000000e+00
   endloop
 endfacet
 facet normal -9.109228e-01 -4.125769e-01  1.523565e-16
   outer loop
     vertex  7.366599e+01  1.160017e+01  0.000000e+00
     vertex  7.366599e+01  1.160017e+01  8.000000e+00
     vertex  7.362071e+01  1.170014e+01  8.000000e+00
   endloop
 endfacet
 facet normal -9.109228e-01 -4.125769e-01  1.523565e-16
   outer loop
     vertex  7.362071e+01  1.170014e+01  0.000000e+00
     vertex  7.366599e+01  1.160017e+01  0.000000e+00
     vertex  7.362071e+01  1.170014e+01  8.000000e+00
   endloop
 endfacet
 facet normal -8.992613e-01 -4.374119e-01  4.340979e-17
   outer loop
     vertex  7.362071e+01  1.170014e+01  0.000000e+00
     vertex  7.362071e+01  1.170014e+01  8.000000e+00
     vertex  7.357270e+01  1.179883e+01  8.000000e+00
   endloop
 endfacet
 facet normal -8.992613e-01 -4.374119e-01  4.340979e-17
   outer loop
     vertex  7.357270e+01  1.179883e+01  0.000000e+00
     vertex  7.362071e+01  1.170014e+01  0.000000e+00
     vertex  7.357270e+01  1.179883e+01  8.000000e+00
   endloop
 endfacet
 facet normal -8.869228e-01 -4.619176e-01 -6.556958e-17
   outer loop
     vertex  7.357270e+01  1.179883e+01  0.000000e+00
     vertex  7.357270e+01  1.179883e+01  8.000000e+00
     vertex  7.352201e+01  1.189616e+01  8.000000e+00
   endloop
 endfacet
 facet normal -8.869228e-01 -4.619176e-01  3.699673e-17
   outer loop
     vertex  7.352201e+01  1.189616e+01  0.000000e+00
     vertex  7.357270e+01  1.179883e+01  0.000000e+00
     vertex  7.352201e+01  1.189616e+01  8.000000e+00
   endloop
 endfacet
 facet normal -8.739167e-01 -4.860756e-01 -6.656912e-17
   outer loop
     vertex  7.352201e+01  1.189616e+01  0.000000e+00
     vertex  7.352201e+01  1.189616e+01  8.000000e+00
     vertex  7.346867e+01  1.199207e+01  8.000000e+00
   endloop
 endfacet
 facet normal -8.602528e-01 -5.098678e-01 -1.700849e-16
   outer loop
     vertex  7.346867e+01  1.199207e+01  0.000000e+00
     vertex  7.346867e+01  1.199207e+01  8.000000e+00
     vertex  7.341271e+01  1.208648e+01  8.000000e+00
   endloop
 endfacet
 facet normal -8.739167e-01 -4.860756e-01 -6.656912e-17
   outer loop
     vertex  7.346867e+01  1.199207e+01  0.000000e+00
     vertex  7.352201e+01  1.189616e+01  0.000000e+00
     vertex  7.346867e+01  1.199207e+01  8.000000e+00
   endloop
 endfacet
 facet normal -8.602528e-01 -5.098678e-01 -1.700849e-16
   outer loop
     vertex  7.341271e+01  1.208648e+01  0.000000e+00
     vertex  7.346867e+01  1.199207e+01  0.000000e+00
     vertex  7.341271e+01  1.208648e+01  8.000000e+00
   endloop
 endfacet
 facet normal -8.459413e-01 -5.332761e-01 -2.734726e-16
   outer loop
     vertex  7.341271e+01  1.208648e+01  0.000000e+00
     vertex  7.341271e+01  1.208648e+01  8.000000e+00
     vertex  7.335418e+01  1.217932e+01  8.000000e+00
   endloop
 endfacet
 facet normal -8.309929e-01 -5.562829e-01 -2.531348e-16
   outer loop
     vertex  7.335418e+01  1.217932e+01  0.000000e+00
     vertex  7.335418e+01  1.217932e+01  8.000000e+00
     vertex  7.329313e+01  1.227052e+01  8.000000e+00
   endloop
 endfacet
 facet normal -8.459413e-01 -5.332761e-01 -1.550615e-16
   outer loop
     vertex  7.335418e+01  1.217932e+01  0.000000e+00
     vertex  7.341271e+01  1.208648e+01  0.000000e+00
     vertex  7.335418e+01  1.217932e+01  8.000000e+00
   endloop
 endfacet
 facet normal -8.154191e-01 -5.788711e-01  9.689225e-16
   outer loop
     vertex  7.329313e+01  1.227052e+01  0.000000e+00
     vertex  7.329313e+01  1.227052e+01  8.000000e+00
     vertex  7.322960e+01  1.236001e+01  8.000000e+00
   endloop
 endfacet
 facet normal -8.309929e-01 -5.562829e-01  1.099486e-15
   outer loop
     vertex  7.329313e+01  1.227052e+01  0.000000e+00
     vertex  7.335418e+01  1.217932e+01  0.000000e+00
     vertex  7.329313e+01  1.227052e+01  8.000000e+00
   endloop
 endfacet
 facet normal -7.992314e-01 -6.010234e-01  9.710841e-16
   outer loop
     vertex  7.322960e+01  1.236001e+01  0.000000e+00
     vertex  7.322960e+01  1.236001e+01  8.000000e+00
     vertex  7.316364e+01  1.244772e+01  8.000000e+00
   endloop
 endfacet
 facet normal -8.154191e-01 -5.788711e-01  1.097458e-15
   outer loop
     vertex  7.322960e+01  1.236001e+01  0.000000e+00
     vertex  7.329313e+01  1.227052e+01  0.000000e+00
     vertex  7.322960e+01  1.236001e+01  8.000000e+00
   endloop
 endfacet
 facet normal -7.824421e-01 -6.227234e-01  8.439795e-16
   outer loop
     vertex  7.316364e+01  1.244772e+01  0.000000e+00
     vertex  7.316364e+01  1.244772e+01  8.000000e+00
     vertex  7.309530e+01  1.253359e+01  8.000000e+00
   endloop
 endfacet
 facet normal -7.992314e-01 -6.010234e-01  9.710841e-16
   outer loop
     vertex  7.316364e+01  1.244772e+01  0.000000e+00
     vertex  7.322960e+01  1.236001e+01  0.000000e+00
     vertex  7.316364e+01  1.244772e+01  8.000000e+00
   endloop
 endfacet
 facet normal -7.650637e-01 -6.439545e-01  8.592262e-16
   outer loop
     vertex  7.309530e+01  1.253359e+01  0.000000e+00
     vertex  7.309530e+01  1.253359e+01  8.000000e+00
     vertex  7.302463e+01  1.261756e+01  8.000000e+00
   endloop
 endfacet
 facet normal -7.824421e-01 -6.227234e-01  9.822519e-16
   outer loop
     vertex  7.309530e+01  1.253359e+01  0.000000e+00
     vertex  7.316364e+01  1.244772e+01  0.000000e+00
     vertex  7.309530e+01  1.253359e+01  8.000000e+00
   endloop
 endfacet
 facet normal -7.471095e-01 -6.647010e-01  7.355537e-16
   outer loop
     vertex  7.302463e+01  1.261756e+01  0.000000e+00
     vertex  7.302463e+01  1.261756e+01  8.000000e+00
     vertex  7.295168e+01  1.269955e+01  8.000000e+00
   endloop
 endfacet
 facet normal -7.650637e-01 -6.439545e-01  8.592262e-16
   outer loop
     vertex  7.302463e+01  1.261756e+01  0.000000e+00
     vertex  7.309530e+01  1.253359e+01  0.000000e+00
     vertex  7.302463e+01  1.261756e+01  8.000000e+00
   endloop
 endfacet
 facet normal -7.285929e-01 -6.849470e-01 -5.308246e-16
   outer loop
     vertex  7.295168e+01  1.269955e+01  0.000000e+00
     vertex  7.295168e+01  1.269955e+01  8.000000e+00
     vertex  7.287651e+01  1.277951e+01  8.000000e+00
   endloop
 endfacet
 facet normal -7.471095e-01 -6.647010e-01 -4.439861e-16
   outer loop
     vertex  7.295168e+01  1.269955e+01  0.000000e+00
     vertex  7.302463e+01  1.261756e+01  0.000000e+00
     vertex  7.295168e+01  1.269955e+01  8.000000e+00
   endloop
 endfacet
 facet normal -7.095278e-01 -7.046775e-01  4.866412e-16
   outer loop
     vertex  7.287651e+01  1.277951e+01  0.000000e+00
     vertex  7.287651e+01  1.277951e+01  8.000000e+00
     vertex  7.279918e+01  1.285738e+01  8.000000e+00
   endloop
 endfacet
 facet normal -7.285929e-01 -6.849470e-01  6.113276e-16
   outer loop
     vertex  7.287651e+01  1.277951e+01  0.000000e+00
     vertex  7.295168e+01  1.269955e+01  0.000000e+00
     vertex  7.287651e+01  1.277951e+01  8.000000e+00
   endloop
 endfacet
 facet normal -6.899286e-01 -7.238775e-01  5.223216e-16
   outer loop
     vertex  7.279918e+01  1.285738e+01  0.000000e+00
     vertex  7.279918e+01  1.285738e+01  8.000000e+00
     vertex  7.271973e+01  1.293310e+01  8.000000e+00
   endloop
 endfacet
 facet normal -7.095278e-01 -7.046775e-01  6.431110e-16
   outer loop
     vertex  7.279918e+01  1.285738e+01  0.000000e+00
     vertex  7.287651e+01  1.277951e+01  0.000000e+00
     vertex  7.279918e+01  1.285738e+01  8.000000e+00
   endloop
 endfacet
 facet normal -6.698100e-01 -7.425325e-01  4.011390e-16
   outer loop
     vertex  7.271973e+01  1.293310e+01  0.000000e+00
     vertex  7.271973e+01  1.293310e+01  8.000000e+00
     vertex  7.263824e+01  1.300661e+01  8.000000e+00
   endloop
 endfacet
 facet normal -6.899286e-01 -7.238775e-01  5.223216e-16
   outer loop
     vertex  7.271973e+01  1.293310e+01  0.000000e+00
     vertex  7.279918e+01  1.285738e+01  0.000000e+00
     vertex  7.271973e+01  1.293310e+01  8.000000e+00
   endloop
 endfacet
 facet normal -6.491872e-01 -7.606287e-01  4.485479e-16
   outer loop
     vertex  7.263824e+01  1.300661e+01  0.000000e+00
     vertex  7.263824e+01  1.300661e+01  8.000000e+00
     vertex  7.255477e+01  1.307785e+01  8.000000e+00
   endloop
 endfacet
 facet normal -6.698100e-01 -7.425325e-01  5.660143e-16
   outer loop
     vertex  7.263824e+01  1.300661e+01  0.000000e+00
     vertex  7.271973e+01  1.293310e+01  0.000000e+00
     vertex  7.263824e+01  1.300661e+01  8.000000e+00
   endloop
 endfacet
 facet normal -6.280757e-01 -7.781522e-01 -7.849428e-16
   outer loop
     vertex  7.255477e+01  1.307785e+01  0.000000e+00
     vertex  7.255477e+01  1.307785e+01  8.000000e+00
     vertex  7.246937e+01  1.314678e+01  8.000000e+00
   endloop
 endfacet
 facet normal -6.491872e-01 -7.606287e-01 -7.046402e-16
   outer loop
     vertex  7.255477e+01  1.307785e+01  0.000000e+00
     vertex  7.263824e+01  1.300661e+01  0.000000e+00
     vertex  7.255477e+01  1.307785e+01  8.000000e+00
   endloop
 endfacet
 facet normal -6.064915e-01 -7.950900e-01 -8.646546e-16
   outer loop
     vertex  7.246937e+01  1.314678e+01  0.000000e+00
     vertex  7.246937e+01  1.314678e+01  8.000000e+00
     vertex  7.238211e+01  1.321334e+01  8.000000e+00
   endloop
 endfacet
 facet normal -6.280757e-01 -7.781522e-01 -7.849428e-16
   outer loop
     vertex  7.246937e+01  1.314678e+01  0.000000e+00
     vertex  7.255477e+01  1.307785e+01  0.000000e+00
     vertex  7.246937e+01  1.314678e+01  8.000000e+00
   endloop
 endfacet
 facet normal -5.844507e-01 -8.114292e-01  2.746511e-16
   outer loop
     vertex  7.238211e+01  1.321334e+01  0.000000e+00
     vertex  7.238211e+01  1.321334e+01  8.000000e+00
     vertex  7.229306e+01  1.327748e+01  8.000000e+00
   endloop
 endfacet
 facet normal -6.064915e-01 -7.950900e-01  3.892362e-16
   outer loop
     vertex  7.238211e+01  1.321334e+01  0.000000e+00
     vertex  7.246937e+01  1.314678e+01  0.000000e+00
     vertex  7.238211e+01  1.321334e+01  8.000000e+00
   endloop
 endfacet
 facet normal -5.844507e-01 -8.114292e-01  2.746511e-16
   outer loop
     vertex  7.229306e+01  1.327748e+01  0.000000e+00
     vertex  7.238211e+01  1.321334e+01  0.000000e+00
     vertex  7.229306e+01  1.327748e+01  8.000000e+00
   endloop
 endfacet
 facet normal -5.619699e-01 -8.271577e-01  1.598592e-16
   outer loop
     vertex  7.229306e+01  1.327748e+01  0.000000e+00
     vertex  7.229306e+01  1.327748e+01  8.000000e+00
     vertex  7.220228e+01  1.333916e+01  8.000000e+00
   endloop
 endfacet
 facet normal -5.619699e-01 -8.271577e-01  3.435251e-16
   outer loop
     vertex  7.220228e+01  1.333916e+01  0.000000e+00
     vertex  7.229306e+01  1.327748e+01  0.000000e+00
     vertex  7.220228e+01  1.333916e+01  8.000000e+00
   endloop
 endfacet
 facet normal -5.390661e-01 -8.422635e-01  2.319670e-16
   outer loop
     vertex  7.220228e+01  1.333916e+01  0.000000e+00
     vertex  7.220228e+01  1.333916e+01  8.000000e+00
     vertex  7.210984e+01  1.339832e+01  8.000000e+00
   endloop
 endfacet
 facet normal -5.390661e-01 -8.422635e-01 -7.256067e-16
   outer loop
     vertex  7.210984e+01  1.339832e+01  0.000000e+00
     vertex  7.220228e+01  1.333916e+01  0.000000e+00
     vertex  7.210984e+01  1.339832e+01  8.000000e+00
   endloop
 endfacet
 facet normal -5.157565e-01 -8.567352e-01 -7.959333e-16
   outer loop
     vertex  7.210984e+01  1.339832e+01  0.000000e+00
     vertex  7.210984e+01  1.339832e+01  8.000000e+00
     vertex  7.201582e+01  1.345492e+01  8.000000e+00
   endloop
 endfacet
 facet normal -5.157565e-01 -8.567352e-01 -7.959333e-16
   outer loop
     vertex  7.201582e+01  1.345492e+01  0.000000e+00
     vertex  7.210984e+01  1.339832e+01  0.000000e+00
     vertex  7.201582e+01  1.345492e+01  8.000000e+00
   endloop
 endfacet
 facet normal -4.920587e-01 -8.705620e-01 -8.656606e-16
   outer loop
     vertex  7.201582e+01  1.345492e+01  0.000000e+00
     vertex  7.201582e+01  1.345492e+01  8.000000e+00
     vertex  7.192028e+01  1.350892e+01  8.000000e+00
   endloop
 endfacet
 facet normal -4.920587e-01 -8.705620e-01 -8.656606e-16
   outer loop
     vertex  7.192028e+01  1.350892e+01  0.000000e+00
     vertex  7.201582e+01  1.345492e+01  0.000000e+00
     vertex  7.192028e+01  1.350892e+01  8.000000e+00
   endloop
 endfacet
 facet normal -4.679904e-01 -8.837335e-01 -9.347364e-16
   outer loop
     vertex  7.192028e+01  1.350892e+01  0.000000e+00
     vertex  7.192028e+01  1.350892e+01  8.000000e+00
     vertex  7.182329e+01  1.356028e+01  8.000000e+00
   endloop
 endfacet
 facet normal -4.435699e-01 -8.962398e-01 -1.616481e-17
   outer loop
     vertex  7.182329e+01  1.356028e+01  0.000000e+00
     vertex  7.182329e+01  1.356028e+01  8.000000e+00
     vertex  7.172493e+01  1.360896e+01  8.000000e+00
   endloop
 endfacet
 facet normal -4.679904e-01 -8.837335e-01  9.280991e-17
   outer loop
     vertex  7.182329e+01  1.356028e+01  0.000000e+00
     vertex  7.192028e+01  1.350892e+01  0.000000e+00
     vertex  7.182329e+01  1.356028e+01  8.000000e+00
   endloop
 endfacet
 facet normal -4.188155e-01 -9.080714e-01  7.650499e-17
   outer loop
     vertex  7.172493e+01  1.360896e+01  0.000000e+00
     vertex  7.172493e+01  1.360896e+01  8.000000e+00
     vertex  7.162528e+01  1.365493e+01  8.000000e+00
   endloop
 endfacet
 facet normal -4.435699e-01 -8.962398e-01  1.828404e-16
   outer loop
     vertex  7.172493e+01  1.360896e+01  0.000000e+00
     vertex  7.182329e+01  1.356028e+01  0.000000e+00
     vertex  7.172493e+01  1.360896e+01  8.000000e+00
   endloop
 endfacet
 facet normal -3.937458e-01 -9.192194e-01  1.742197e-16
   outer loop
     vertex  7.162528e+01  1.365493e+01  0.000000e+00
     vertex  7.162528e+01  1.365493e+01  8.000000e+00
     vertex  7.152439e+01  1.369814e+01  8.000000e+00
   endloop
 endfacet
 facet normal -4.188155e-01 -9.080714e-01  2.781373e-16
   outer loop
     vertex  7.162528e+01  1.365493e+01  0.000000e+00
     vertex  7.172493e+01  1.360896e+01  0.000000e+00
     vertex  7.162528e+01  1.365493e+01  8.000000e+00
   endloop
 endfacet
 facet normal -3.683796e-01 -9.296754e-01  7.017090e-17
   outer loop
     vertex  7.152439e+01  1.369814e+01  0.000000e+00
     vertex  7.152439e+01  1.369814e+01  8.000000e+00
     vertex  7.142237e+01  1.373857e+01  8.000000e+00
   endloop
 endfacet
 facet normal -3.937458e-01 -9.192194e-01  1.742197e-16
   outer loop
     vertex  7.152439e+01  1.369814e+01  0.000000e+00
     vertex  7.162528e+01  1.365493e+01  0.000000e+00
     vertex  7.152439e+01  1.369814e+01  8.000000e+00
   endloop
 endfacet
 facet normal -3.427362e-01 -9.394317e-01 -3.393071e-17
   outer loop
     vertex  7.142237e+01  1.373857e+01  0.000000e+00
     vertex  7.142237e+01  1.373857e+01  8.000000e+00
     vertex  7.131927e+01  1.377618e+01  8.000000e+00
   endloop
 endfacet
 facet normal -3.683796e-01 -9.296754e-01  7.017090e-17
   outer loop
     vertex  7.142237e+01  1.373857e+01  0.000000e+00
     vertex  7.152439e+01  1.369814e+01  0.000000e+00
     vertex  7.142237e+01  1.373857e+01  8.000000e+00
   endloop
 endfacet
 facet normal -3.168348e-01 -9.484807e-01 -1.380068e-16
   outer loop
     vertex  7.131927e+01  1.377618e+01  0.000000e+00
     vertex  7.131927e+01  1.377618e+01  8.000000e+00
     vertex  7.121517e+01  1.381095e+01  8.000000e+00
   endloop
 endfacet
 facet normal -3.427362e-01 -9.394317e-01 -3.393071e-17
   outer loop
     vertex  7.131927e+01  1.377618e+01  0.000000e+00
     vertex  7.142237e+01  1.373857e+01  0.000000e+00
     vertex  7.131927e+01  1.377618e+01  8.000000e+00
   endloop
 endfacet
 facet normal -2.906949e-01 -9.568158e-01 -2.952318e-17
   outer loop
     vertex  7.121517e+01  1.381095e+01  0.000000e+00
     vertex  7.121517e+01  1.381095e+01  8.000000e+00
     vertex  7.111017e+01  1.384285e+01  8.000000e+00
   endloop
 endfacet
 facet normal -3.168348e-01 -9.484807e-01  7.259825e-17
   outer loop
     vertex  7.121517e+01  1.381095e+01  0.000000e+00
     vertex  7.131927e+01  1.377618e+01  0.000000e+00
     vertex  7.121517e+01  1.381095e+01  8.000000e+00
   endloop
 endfacet
 facet normal -2.643362e-01 -9.644306e-01 -1.316224e-16
   outer loop
     vertex  7.111017e+01  1.384285e+01  0.000000e+00
     vertex  7.111017e+01  1.384285e+01  8.000000e+00
     vertex  7.100432e+01  1.387186e+01  8.000000e+00
   endloop
 endfacet
 facet normal -2.906949e-01 -9.568158e-01 -2.952318e-17
   outer loop
     vertex  7.111017e+01  1.384285e+01  0.000000e+00
     vertex  7.121517e+01  1.381095e+01  0.000000e+00
     vertex  7.111017e+01  1.384285e+01  8.000000e+00
   endloop
 endfacet
 facet normal -2.377784e-01 -9.713194e-01 -1.794627e-17
   outer loop
     vertex  7.100432e+01  1.387186e+01  0.000000e+00
     vertex  7.100432e+01  1.387186e+01  8.000000e+00
     vertex  7.089772e+01  1.389796e+01  8.000000e+00
   endloop
 endfacet
 facet normal -2.643362e-01 -9.644306e-01  8.252423e-17
   outer loop
     vertex  7.100432e+01  1.387186e+01  0.000000e+00
     vertex  7.111017e+01  1.384285e+01  0.000000e+00
     vertex  7.100432e+01  1.387186e+01  8.000000e+00
   endloop
 endfacet
 facet normal -2.110417e-01 -9.774771e-01  4.735256e-16
   outer loop
     vertex  7.089772e+01  1.389796e+01  0.000000e+00
     vertex  7.089772e+01  1.389796e+01  8.000000e+00
     vertex  7.079045e+01  1.392112e+01  8.000000e+00
   endloop
 endfacet
 facet normal -2.377784e-01 -9.713194e-01  6.201093e-16
   outer loop
     vertex  7.089772e+01  1.389796e+01  0.000000e+00
     vertex  7.100432e+01  1.387186e+01  0.000000e+00
     vertex  7.089772e+01  1.389796e+01  8.000000e+00
   endloop
 endfacet
 facet normal -1.841461e-01 -9.828989e-01 -5.237216e-19
   outer loop
     vertex  7.079045e+01  1.392112e+01  0.000000e+00
     vertex  7.079045e+01  1.392112e+01  8.000000e+00
     vertex  7.068258e+01  1.394133e+01  8.000000e+00
   endloop
 endfacet
 facet normal -2.110417e-01 -9.774771e-01  9.864025e-17
   outer loop
     vertex  7.079045e+01  1.392112e+01  0.000000e+00
     vertex  7.089772e+01  1.389796e+01  0.000000e+00
     vertex  7.079045e+01  1.392112e+01  8.000000e+00
   endloop
 endfacet
 facet normal -1.571119e-01 -9.875808e-01 -9.968730e-17
   outer loop
     vertex  7.068258e+01  1.394133e+01  0.000000e+00
     vertex  7.068258e+01  1.394133e+01  8.000000e+00
     vertex  7.057420e+01  1.395857e+01  8.000000e+00
   endloop
 endfacet
 facet normal -1.841461e-01 -9.828989e-01 -5.237216e-19
   outer loop
     vertex  7.068258e+01  1.394133e+01  0.000000e+00
     vertex  7.079045e+01  1.392112e+01  0.000000e+00
     vertex  7.068258e+01  1.394133e+01  8.000000e+00
   endloop
 endfacet
 facet normal -1.299594e-01 -9.915193e-01 -1.987758e-16
   outer loop
     vertex  7.057420e+01  1.395857e+01  0.000000e+00
     vertex  7.057420e+01  1.395857e+01  8.000000e+00
     vertex  7.046538e+01  1.397284e+01  8.000000e+00
   endloop
 endfacet
 facet normal -1.571119e-01 -9.875808e-01 -9.968730e-17
   outer loop
     vertex  7.057420e+01  1.395857e+01  0.000000e+00
     vertex  7.068258e+01  1.394133e+01  0.000000e+00
     vertex  7.057420e+01  1.395857e+01  8.000000e+00
   endloop
 endfacet
 facet normal -1.027091e-01 -9.947114e-01 -7.684443e-17
   outer loop
     vertex  7.046538e+01  1.397284e+01  0.000000e+00
     vertex  7.046538e+01  1.397284e+01  8.000000e+00
     vertex  7.035621e+01  1.398411e+01  8.000000e+00
   endloop
 endfacet
 facet normal -1.299594e-01 -9.915193e-01  2.138568e-17
   outer loop
     vertex  7.046538e+01  1.397284e+01  0.000000e+00
     vertex  7.057420e+01  1.395857e+01  0.000000e+00
     vertex  7.046538e+01  1.397284e+01  8.000000e+00
   endloop
 endfacet
 facet normal -7.538152e-02 -9.971548e-01 -4.111221e-17
   outer loop
     vertex  7.035621e+01  1.398411e+01  0.000000e+00
     vertex  7.035621e+01  1.398411e+01  8.000000e+00
     vertex  7.024678e+01  1.399238e+01  8.000000e+00
   endloop
 endfacet
 facet normal -1.027091e-01 -9.947114e-01  1.056037e-16
   outer loop
     vertex  7.035621e+01  1.398411e+01  0.000000e+00
     vertex  7.046538e+01  1.397284e+01  0.000000e+00
     vertex  7.035621e+01  1.398411e+01  8.000000e+00
   endloop
 endfacet
 facet normal -4.799716e-02 -9.988475e-01 -5.126852e-17
   outer loop
     vertex  7.024678e+01  1.399238e+01  0.000000e+00
     vertex  7.024678e+01  1.399238e+01  8.000000e+00
     vertex  7.013716e+01  1.399765e+01  8.000000e+00
   endloop
 endfacet
 facet normal -7.538152e-02 -9.971548e-01  4.639614e-17
   outer loop
     vertex  7.024678e+01  1.399238e+01  0.000000e+00
     vertex  7.035621e+01  1.398411e+01  0.000000e+00
     vertex  7.024678e+01  1.399238e+01  8.000000e+00
   endloop
 endfacet
 facet normal -4.799716e-02 -9.988475e-01 -5.126852e-17
   outer loop
     vertex  7.013716e+01  1.399765e+01  0.000000e+00
     vertex  7.024678e+01  1.399238e+01  0.000000e+00
     vertex  7.013716e+01  1.399765e+01  8.000000e+00
   endloop
 endfacet
 facet normal -2.057667e-02 -9.997883e-01 -1.488946e-16
   outer loop
     vertex  7.013716e+01  1.399765e+01  0.000000e+00
     vertex  7.013716e+01  1.399765e+01  8.000000e+00
     vertex  7.002744e+01  1.399991e+01  8.000000e+00
   endloop
 endfacet
 facet normal -2.057667e-02 -9.997883e-01  7.310300e-17
   outer loop
     vertex  7.002744e+01  1.399991e+01  0.000000e+00
     vertex  7.013716e+01  1.399765e+01  0.000000e+00
     vertex  7.002744e+01  1.399991e+01  8.000000e+00
   endloop
 endfacet
 facet normal  6.859319e-03 -9.999765e-01 -2.436920e-17
   outer loop
     vertex  7.002744e+01  1.399991e+01  0.000000e+00
     vertex  7.002744e+01  1.399991e+01  8.000000e+00
     vertex  6.991769e+01  1.399915e+01  8.000000e+00
   endloop
 endfacet
 facet normal  6.859319e-03 -9.999765e-01  1.976702e-16
   outer loop
     vertex  6.991769e+01  1.399915e+01  0.000000e+00
     vertex  7.002744e+01  1.399991e+01  0.000000e+00
     vertex  6.991769e+01  1.399915e+01  8.000000e+00
   endloop
 endfacet
 facet normal  3.429014e-02 -9.994119e-01  1.000910e-16
   outer loop
     vertex  6.991769e+01  1.399915e+01  0.000000e+00
     vertex  6.991769e+01  1.399915e+01  8.000000e+00
     vertex  6.980801e+01  1.399539e+01  8.000000e+00
   endloop
 endfacet
 facet normal  6.169515e-02 -9.980950e-01  2.436423e-18
   outer loop
     vertex  6.980801e+01  1.399539e+01  0.000000e+00
     vertex  6.980801e+01  1.399539e+01  8.000000e+00
     vertex  6.969847e+01  1.398862e+01  8.000000e+00
   endloop
 endfacet
 facet normal  3.429014e-02 -9.994119e-01  1.000910e-16
   outer loop
     vertex  6.980801e+01  1.399539e+01  0.000000e+00
     vertex  6.991769e+01  1.399915e+01  0.000000e+00
     vertex  6.980801e+01  1.399539e+01  8.000000e+00
   endloop
 endfacet
 facet normal  8.905371e-02 -9.960268e-01 -9.521997e-17
   outer loop
     vertex  6.969847e+01  1.398862e+01  0.000000e+00
     vertex  6.969847e+01  1.398862e+01  8.000000e+00
     vertex  6.958916e+01  1.397885e+01  8.000000e+00
   endloop
 endfacet
 facet normal  6.169515e-02 -9.980950e-01  2.436423e-18
   outer loop
     vertex  6.969847e+01  1.398862e+01  0.000000e+00
     vertex  6.980801e+01  1.399539e+01  0.000000e+00
     vertex  6.969847e+01  1.398862e+01  8.000000e+00
   endloop
 endfacet
 facet normal  1.163452e-01 -9.932088e-01  2.773199e-17
   outer loop
     vertex  6.958916e+01  1.397885e+01  0.000000e+00
     vertex  6.958916e+01  1.397885e+01  8.000000e+00
     vertex  6.948016e+01  1.396608e+01  8.000000e+00
   endloop
 endfacet
 facet normal  8.905371e-02 -9.960268e-01  1.259424e-16
   outer loop
     vertex  6.958916e+01  1.397885e+01  0.000000e+00
     vertex  6.969847e+01  1.398862e+01  0.000000e+00
     vertex  6.958916e+01  1.397885e+01  8.000000e+00
   endloop
 endfacet
 facet normal  1.163452e-01 -9.932088e-01  4.159798e-17
   outer loop
     vertex  6.948016e+01  1.396608e+01  0.000000e+00
     vertex  6.958916e+01  1.397885e+01  0.000000e+00
     vertex  6.948016e+01  1.396608e+01  8.000000e+00
   endloop
 endfacet
 facet normal  1.435492e-01 -9.896432e-01 -1.056323e-16
   outer loop
     vertex  6.937155e+01  1.395032e+01  0.000000e+00
     vertex  6.948016e+01  1.396608e+01  0.000000e+00
     vertex  6.948016e+01  1.396608e+01  8.000000e+00
   endloop
 endfacet
 facet normal  1.706451e-01 -9.853326e-01 -1.686776e-16
   outer loop
     vertex  6.937155e+01  1.395032e+01  0.000000e+00
     vertex  6.937155e+01  1.395032e+01  8.000000e+00
     vertex  6.926342e+01  1.393160e+01  8.000000e+00
   endloop
 endfacet
 facet normal  1.435492e-01 -9.896432e-01 -7.049932e-17
   outer loop
     vertex  6.937155e+01  1.395032e+01  0.000000e+00
     vertex  6.948016e+01  1.396608e+01  8.000000e+00
     vertex  6.937155e+01  1.395032e+01  8.000000e+00
   endloop
 endfacet
 facet normal  1.706451e-01 -9.853326e-01  5.011023e-17
   outer loop
     vertex  6.926342e+01  1.393160e+01  0.000000e+00
     vertex  6.937155e+01  1.395032e+01  0.000000e+00
     vertex  6.926342e+01  1.393160e+01  8.000000e+00
   endloop
 endfacet
 facet normal  1.976125e-01 -9.802802e-01 -4.906288e-17
   outer loop
     vertex  6.926342e+01  1.393160e+01  0.000000e+00
     vertex  6.926342e+01  1.393160e+01  8.000000e+00
     vertex  6.915583e+01  1.390991e+01  8.000000e+00
   endloop
 endfacet
 facet normal  1.976125e-01 -9.802802e-01 -4.906288e-17
   outer loop
     vertex  6.915583e+01  1.390991e+01  0.000000e+00
     vertex  6.926342e+01  1.393160e+01  0.000000e+00
     vertex  6.915583e+01  1.390991e+01  8.000000e+00
   endloop
 endfacet
 facet normal  2.244312e-01 -9.744899e-01 -1.481991e-16
   outer loop
     vertex  6.915583e+01  1.390991e+01  0.000000e+00
     vertex  6.915583e+01  1.390991e+01  8.000000e+00
     vertex  6.904889e+01  1.388528e+01  8.000000e+00
   endloop
 endfacet
 facet normal  2.244312e-01 -9.744899e-01  6.818118e-17
   outer loop
     vertex  6.904889e+01  1.388528e+01  0.000000e+00
     vertex  6.915583e+01  1.390991e+01  0.000000e+00
     vertex  6.904889e+01  1.388528e+01  8.000000e+00
   endloop
 endfacet
 facet normal  2.510809e-01 -9.679661e-01 -3.229202e-17
   outer loop
     vertex  6.904889e+01  1.388528e+01  0.000000e+00
     vertex  6.904889e+01  1.388528e+01  8.000000e+00
     vertex  6.894266e+01  1.385772e+01  8.000000e+00
   endloop
 endfacet
 facet normal  2.510809e-01 -9.679661e-01 -3.229202e-17
   outer loop
     vertex  6.894266e+01  1.385772e+01  0.000000e+00
     vertex  6.904889e+01  1.388528e+01  0.000000e+00
     vertex  6.894266e+01  1.385772e+01  8.000000e+00
   endloop
 endfacet
 facet normal  2.775416e-01 -9.607136e-01 -1.327409e-16
   outer loop
     vertex  6.894266e+01  1.385772e+01  0.000000e+00
     vertex  6.894266e+01  1.385772e+01  8.000000e+00
     vertex  6.883722e+01  1.382726e+01  8.000000e+00
   endloop
 endfacet
 facet normal  2.775416e-01 -9.607136e-01  8.058036e-17
   outer loop
     vertex  6.883722e+01  1.382726e+01  0.000000e+00
     vertex  6.894266e+01  1.385772e+01  0.000000e+00
     vertex  6.883722e+01  1.382726e+01  8.000000e+00
   endloop
 endfacet
 facet normal  3.037934e-01 -9.527379e-01 -2.153956e-17
   outer loop
     vertex  6.883722e+01  1.382726e+01  0.000000e+00
     vertex  6.883722e+01  1.382726e+01  8.000000e+00
     vertex  6.873266e+01  1.379392e+01  8.000000e+00
   endloop
 endfacet
 facet normal  3.037934e-01 -9.527379e-01 -2.153956e-17
   outer loop
     vertex  6.873266e+01  1.379392e+01  0.000000e+00
     vertex  6.883722e+01  1.382726e+01  0.000000e+00
     vertex  6.873266e+01  1.379392e+01  8.000000e+00
   endloop
 endfacet
 facet normal  3.298166e-01 -9.440450e-01 -1.236433e-16
   outer loop
     vertex  6.873266e+01  1.379392e+01  0.000000e+00
     vertex  6.873266e+01  1.379392e+01  8.000000e+00
     vertex  6.862906e+01  1.375773e+01  8.000000e+00
   endloop
 endfacet
 facet normal  3.298166e-01 -9.440450e-01 -1.236433e-16
   outer loop
     vertex  6.862906e+01  1.375773e+01  0.000000e+00
     vertex  6.873266e+01  1.379392e+01  0.000000e+00
     vertex  6.862906e+01  1.375773e+01  8.000000e+00
   endloop
 endfacet
 facet normal  3.555914e-01 -9.346415e-01 -2.256539e-16
   outer loop
     vertex  6.862906e+01  1.375773e+01  0.000000e+00
     vertex  6.862906e+01  1.375773e+01  8.000000e+00
     vertex  6.852648e+01  1.371870e+01  8.000000e+00
   endloop
 endfacet
 facet normal  3.555914e-01 -9.346415e-01 -1.812180e-17
   outer loop
     vertex  6.852648e+01  1.371870e+01  0.000000e+00
     vertex  6.862906e+01  1.375773e+01  0.000000e+00
     vertex  6.852648e+01  1.371870e+01  8.000000e+00
   endloop
 endfacet
 facet normal  3.810986e-01 -9.245344e-01 -1.219734e-16
   outer loop
     vertex  6.842502e+01  1.367688e+01  0.000000e+00
     vertex  6.852648e+01  1.371870e+01  0.000000e+00
     vertex  6.852648e+01  1.371870e+01  8.000000e+00
   endloop
 endfacet
 facet normal  4.063188e-01 -9.137314e-01 -2.331068e-17
   outer loop
     vertex  6.842502e+01  1.367688e+01  0.000000e+00
     vertex  6.842502e+01  1.367688e+01  8.000000e+00
     vertex  6.832474e+01  1.363229e+01  8.000000e+00
   endloop
 endfacet
 facet normal  3.810986e-01 -9.245344e-01  8.308108e-17
   outer loop
     vertex  6.842502e+01  1.367688e+01  0.000000e+00
     vertex  6.852648e+01  1.371870e+01  8.000000e+00
     vertex  6.842502e+01  1.367688e+01  8.000000e+00
   endloop
 endfacet
 facet normal  4.063188e-01 -9.137314e-01 -2.331068e-17
   outer loop
     vertex  6.832474e+01  1.363229e+01  0.000000e+00
     vertex  6.842502e+01  1.367688e+01  0.000000e+00
     vertex  6.832474e+01  1.363229e+01  8.000000e+00
   endloop
 endfacet
 facet normal  4.312333e-01 -9.022405e-01 -1.299845e-16
   outer loop
     vertex  6.822572e+01  1.358496e+01  0.000000e+00
     vertex  6.832474e+01  1.363229e+01  0.000000e+00
     vertex  6.832474e+01  1.363229e+01  8.000000e+00
   endloop
 endfacet
 facet normal  4.558231e-01 -8.900704e-01  5.737429e-16
   outer loop
     vertex  6.822572e+01  1.358496e+01  0.000000e+00
     vertex  6.822572e+01  1.358496e+01  8.000000e+00
     vertex  6.812804e+01  1.353493e+01  8.000000e+00
   endloop
 endfacet
 facet normal  4.312333e-01 -9.022405e-01  6.363393e-16
   outer loop
     vertex  6.822572e+01  1.358496e+01  0.000000e+00
     vertex  6.832474e+01  1.363229e+01  8.000000e+00
     vertex  6.822572e+01  1.358496e+01  8.000000e+00
   endloop
 endfacet
 facet normal  4.558231e-01 -8.900704e-01 -3.832616e-17
   outer loop
     vertex  6.812804e+01  1.353493e+01  0.000000e+00
     vertex  6.822572e+01  1.358496e+01  0.000000e+00
     vertex  6.812804e+01  1.353493e+01  8.000000e+00
   endloop
 endfacet
 facet normal  4.800697e-01 -8.772303e-01 -1.472762e-16
   outer loop
     vertex  6.812804e+01  1.353493e+01  0.000000e+00
     vertex  6.812804e+01  1.353493e+01  8.000000e+00
     vertex  6.803177e+01  1.348225e+01  8.000000e+00
   endloop
 endfacet
 facet normal  4.800697e-01 -8.772303e-01 -1.472762e-16
   outer loop
     vertex  6.803177e+01  1.348225e+01  0.000000e+00
     vertex  6.812804e+01  1.353493e+01  0.000000e+00
     vertex  6.803177e+01  1.348225e+01  8.000000e+00
   endloop
 endfacet
 facet normal  5.039550e-01 -8.637299e-01 -2.561154e-16
   outer loop
     vertex  6.803177e+01  1.348225e+01  0.000000e+00
     vertex  6.803177e+01  1.348225e+01  8.000000e+00
     vertex  6.793697e+01  1.342694e+01  8.000000e+00
   endloop
 endfacet
 facet normal  5.039550e-01 -8.637299e-01 -2.561154e-16
   outer loop
     vertex  6.793697e+01  1.342694e+01  0.000000e+00
     vertex  6.803177e+01  1.348225e+01  0.000000e+00
     vertex  6.793697e+01  1.342694e+01  8.000000e+00
   endloop
 endfacet
 facet normal  5.274609e-01 -8.495793e-01 -3.647618e-16
   outer loop
     vertex  6.793697e+01  1.342694e+01  0.000000e+00
     vertex  6.793697e+01  1.342694e+01  8.000000e+00
     vertex  6.784374e+01  1.336905e+01  8.000000e+00
   endloop
 endfacet
 facet normal  5.274609e-01 -8.495793e-01  7.608416e-16
   outer loop
     vertex  6.784374e+01  1.336905e+01  0.000000e+00
     vertex  6.793697e+01  1.342694e+01  0.000000e+00
     vertex  6.784374e+01  1.336905e+01  8.000000e+00
   endloop
 endfacet
 facet normal  5.505698e-01 -8.347891e-01  6.902353e-16
   outer loop
     vertex  6.784374e+01  1.336905e+01  0.000000e+00
     vertex  6.784374e+01  1.336905e+01  8.000000e+00
     vertex  6.775212e+01  1.330863e+01  8.000000e+00
   endloop
 endfacet
 facet normal  5.732642e-01 -8.193706e-01 -3.992124e-16
   outer loop
     vertex  6.775212e+01  1.330863e+01  0.000000e+00
     vertex  6.775212e+01  1.330863e+01  8.000000e+00
     vertex  6.766220e+01  1.324572e+01  8.000000e+00
   endloop
 endfacet
 facet normal  5.505698e-01 -8.347891e-01 -2.877731e-16
   outer loop
     vertex  6.775212e+01  1.330863e+01  0.000000e+00
     vertex  6.784374e+01  1.336905e+01  0.000000e+00
     vertex  6.775212e+01  1.330863e+01  8.000000e+00
   endloop
 endfacet
 facet normal  5.955271e-01 -8.033352e-01  7.258938e-16
   outer loop
     vertex  6.766220e+01  1.324572e+01  0.000000e+00
     vertex  6.766220e+01  1.324572e+01  8.000000e+00
     vertex  6.757403e+01  1.318036e+01  8.000000e+00
   endloop
 endfacet
 facet normal  5.732642e-01 -8.193706e-01  8.010463e-16
   outer loop
     vertex  6.766220e+01  1.324572e+01  0.000000e+00
     vertex  6.775212e+01  1.330863e+01  0.000000e+00
     vertex  6.766220e+01  1.324572e+01  8.000000e+00
   endloop
 endfacet
 facet normal  6.173417e-01 -7.866951e-01 -4.464243e-16
   outer loop
     vertex  6.757403e+01  1.318036e+01  0.000000e+00
     vertex  6.757403e+01  1.318036e+01  8.000000e+00
     vertex  6.748770e+01  1.311261e+01  8.000000e+00
   endloop
 endfacet
 facet normal  5.955271e-01 -8.033352e-01 -3.319749e-16
   outer loop
     vertex  6.757403e+01  1.318036e+01  0.000000e+00
     vertex  6.766220e+01  1.324572e+01  0.000000e+00
     vertex  6.757403e+01  1.318036e+01  8.000000e+00
   endloop
 endfacet
 facet normal  6.386916e-01 -7.694628e-01 -5.605376e-16
   outer loop
     vertex  6.748770e+01  1.311261e+01  0.000000e+00
     vertex  6.748770e+01  1.311261e+01  8.000000e+00
     vertex  6.740325e+01  1.304251e+01  8.000000e+00
   endloop
 endfacet
 facet normal  6.173417e-01 -7.866951e-01 -4.464243e-16
   outer loop
     vertex  6.748770e+01  1.311261e+01  0.000000e+00
     vertex  6.757403e+01  1.318036e+01  0.000000e+00
     vertex  6.748770e+01  1.311261e+01  8.000000e+00
   endloop
 endfacet
 facet normal  6.386916e-01 -7.694628e-01 -5.605376e-16
   outer loop
     vertex  6.740325e+01  1.304251e+01  0.000000e+00
     vertex  6.748770e+01  1.311261e+01  0.000000e+00
     vertex  6.740325e+01  1.304251e+01  8.000000e+00
   endloop
 endfacet
 facet normal  6.799333e-01 -7.332740e-01 -4.617738e-16
   outer loop
     vertex  6.732076e+01  1.297013e+01  0.000000e+00
     vertex  6.732076e+01  1.297013e+01  8.000000e+00
     vertex  6.724029e+01  1.289551e+01  8.000000e+00
   endloop
 endfacet
 facet normal  6.595607e-01 -7.516513e-01 -3.404287e-16
   outer loop
     vertex  6.732076e+01  1.297013e+01  0.000000e+00
     vertex  6.740325e+01  1.304251e+01  8.000000e+00
     vertex  6.732076e+01  1.297013e+01  8.000000e+00
   endloop
 endfacet
 facet normal  6.595607e-01 -7.516513e-01 -6.744747e-16
   outer loop
     vertex  6.732076e+01  1.297013e+01  0.000000e+00
     vertex  6.740325e+01  1.304251e+01  0.000000e+00
     vertex  6.740325e+01  1.304251e+01  8.000000e+00
   endloop
 endfacet
 facet normal  6.799333e-01 -7.332740e-01 -4.617738e-16
   outer loop
     vertex  6.724029e+01  1.289551e+01  0.000000e+00
     vertex  6.732076e+01  1.297013e+01  0.000000e+00
     vertex  6.724029e+01  1.289551e+01  8.000000e+00
   endloop
 endfacet
 facet normal  6.997940e-01 -7.143447e-01 -5.824355e-16
   outer loop
     vertex  6.716189e+01  1.281871e+01  0.000000e+00
     vertex  6.724029e+01  1.289551e+01  0.000000e+00
     vertex  6.724029e+01  1.289551e+01  8.000000e+00
   endloop
 endfacet
 facet normal  7.191280e-01 -6.948776e-01  5.740980e-16
   outer loop
     vertex  6.716189e+01  1.281871e+01  0.000000e+00
     vertex  6.716189e+01  1.281871e+01  8.000000e+00
     vertex  6.708563e+01  1.273979e+01  8.000000e+00
   endloop
 endfacet
 facet normal  6.997940e-01 -7.143447e-01  6.603127e-16
   outer loop
     vertex  6.716189e+01  1.281871e+01  0.000000e+00
     vertex  6.724029e+01  1.289551e+01  8.000000e+00
     vertex  6.716189e+01  1.281871e+01  8.000000e+00
   endloop
 endfacet
 facet normal  7.191280e-01 -6.948776e-01  5.740980e-16
   outer loop
     vertex  6.708563e+01  1.273979e+01  0.000000e+00
     vertex  6.716189e+01  1.281871e+01  0.000000e+00
     vertex  6.708563e+01  1.273979e+01  8.000000e+00
   endloop
 endfacet
 facet normal  7.379206e-01 -6.748875e-01  4.874043e-16
   outer loop
     vertex  6.701156e+01  1.265880e+01  0.000000e+00
     vertex  6.708563e+01  1.273979e+01  0.000000e+00
     vertex  6.708563e+01  1.273979e+01  8.000000e+00
   endloop
 endfacet
 facet normal  7.561578e-01 -6.543893e-01  5.457410e-16
   outer loop
     vertex  6.701156e+01  1.265880e+01  0.000000e+00
     vertex  6.701156e+01  1.265880e+01  8.000000e+00
     vertex  6.693975e+01  1.257582e+01  8.000000e+00
   endloop
 endfacet
 facet normal  7.379206e-01 -6.748875e-01  6.373063e-16
   outer loop
     vertex  6.701156e+01  1.265880e+01  0.000000e+00
     vertex  6.708563e+01  1.273979e+01  8.000000e+00
     vertex  6.701156e+01  1.265880e+01  8.000000e+00
   endloop
 endfacet
 facet normal  7.561578e-01 -6.543893e-01 -7.974650e-16
   outer loop
     vertex  6.693975e+01  1.257582e+01  0.000000e+00
     vertex  6.701156e+01  1.265880e+01  0.000000e+00
     vertex  6.693975e+01  1.257582e+01  8.000000e+00
   endloop
 endfacet
 facet normal  7.738257e-01 -6.333986e-01 -9.205726e-16
   outer loop
     vertex  6.687023e+01  1.249089e+01  0.000000e+00
     vertex  6.693975e+01  1.257582e+01  0.000000e+00
     vertex  6.693975e+01  1.257582e+01  8.000000e+00
   endloop
 endfacet
 facet normal  7.909112e-01 -6.119310e-01  4.973232e-16
   outer loop
     vertex  6.687023e+01  1.249089e+01  0.000000e+00
     vertex  6.687023e+01  1.249089e+01  8.000000e+00
     vertex  6.680307e+01  1.240409e+01  8.000000e+00
   endloop
 endfacet
 facet normal  7.738257e-01 -6.333986e-01  5.944077e-16
   outer loop
     vertex  6.687023e+01  1.249089e+01  0.000000e+00
     vertex  6.693975e+01  1.257582e+01  8.000000e+00
     vertex  6.687023e+01  1.249089e+01  8.000000e+00
   endloop
 endfacet
 facet normal  7.909112e-01 -6.119310e-01 -9.076172e-16
   outer loop
     vertex  6.680307e+01  1.240409e+01  0.000000e+00
     vertex  6.687023e+01  1.249089e+01  0.000000e+00
     vertex  6.680307e+01  1.240409e+01  8.000000e+00
   endloop
 endfacet
 facet normal  8.074012e-01 -5.900028e-01 -1.034368e-15
   outer loop
     vertex  6.680307e+01  1.240409e+01  0.000000e+00
     vertex  6.680307e+01  1.240409e+01  8.000000e+00
     vertex  6.673832e+01  1.231548e+01  8.000000e+00
   endloop
 endfacet
 facet normal  8.074012e-01 -5.900028e-01 -1.034368e-15
   outer loop
     vertex  6.673832e+01  1.231548e+01  0.000000e+00
     vertex  6.680307e+01  1.240409e+01  0.000000e+00
     vertex  6.673832e+01  1.231548e+01  8.000000e+00
   endloop
 endfacet
 facet normal  8.232835e-01 -5.676304e-01 -1.160385e-15
   outer loop
     vertex  6.667603e+01  1.222513e+01  0.000000e+00
     vertex  6.673832e+01  1.231548e+01  0.000000e+00
     vertex  6.673832e+01  1.231548e+01  8.000000e+00
   endloop
 endfacet
 facet normal  8.232835e-01 -5.676304e-01  3.021046e-16
   outer loop
     vertex  6.667603e+01  1.222513e+01  0.000000e+00
     vertex  6.673832e+01  1.231548e+01  8.000000e+00
     vertex  6.667603e+01  1.222513e+01  8.000000e+00
   endloop
 endfacet
 facet normal  8.385460e-01 -5.448308e-01  2.041742e-16
   outer loop
     vertex  6.661623e+01  1.213310e+01  0.000000e+00
     vertex  6.667603e+01  1.222513e+01  0.000000e+00
     vertex  6.667603e+01  1.222513e+01  8.000000e+00
   endloop
 endfacet
 facet normal  8.385460e-01 -5.448308e-01  3.250941e-16
   outer loop
     vertex  6.661623e+01  1.213310e+01  0.000000e+00
     vertex  6.667603e+01  1.222513e+01  8.000000e+00
     vertex  6.661623e+01  1.213310e+01  8.000000e+00
   endloop
 endfacet
 facet normal  8.531773e-01 -5.216210e-01  2.221977e-16
   outer loop
     vertex  6.655899e+01  1.203947e+01  0.000000e+00
     vertex  6.661623e+01  1.213310e+01  0.000000e+00
     vertex  6.661623e+01  1.213310e+01  8.000000e+00
   endloop
 endfacet
 facet normal  8.671664e-01 -4.980186e-01  1.183381e-16
   outer loop
     vertex  6.655899e+01  1.203947e+01  0.000000e+00
     vertex  6.655899e+01  1.203947e+01  8.000000e+00
     vertex  6.650433e+01  1.194430e+01  8.000000e+00
   endloop
 endfacet
 facet normal  8.531773e-01 -5.216210e-01  2.217996e-16
   outer loop
     vertex  6.655899e+01  1.203947e+01  0.000000e+00
     vertex  6.661623e+01  1.213310e+01  8.000000e+00
     vertex  6.655899e+01  1.203947e+01  8.000000e+00
   endloop
 endfacet
 facet normal  8.671664e-01 -4.980186e-01  1.183381e-16
   outer loop
     vertex  6.650433e+01  1.194430e+01  0.000000e+00
     vertex  6.655899e+01  1.203947e+01  0.000000e+00
     vertex  6.650433e+01  1.194430e+01  8.000000e+00
   endloop
 endfacet
 facet normal  8.805026e-01 -4.740412e-01  1.490805e-17
   outer loop
     vertex  6.645231e+01  1.184767e+01  0.000000e+00
     vertex  6.650433e+01  1.194430e+01  0.000000e+00
     vertex  6.650433e+01  1.194430e+01  8.000000e+00
   endloop
 endfacet
 facet normal  8.931761e-01 -4.497071e-01 -8.877409e-17
   outer loop
     vertex  6.645231e+01  1.184767e+01  0.000000e+00
     vertex  6.645231e+01  1.184767e+01  8.000000e+00
     vertex  6.640295e+01  1.174965e+01  8.000000e+00
   endloop
 endfacet
 facet normal  8.805026e-01 -4.740412e-01  1.478758e-17
   outer loop
     vertex  6.645231e+01  1.184767e+01  0.000000e+00
     vertex  6.650433e+01  1.194430e+01  8.000000e+00
     vertex  6.645231e+01  1.184767e+01  8.000000e+00
   endloop
 endfacet
 facet normal  8.931761e-01 -4.497071e-01 -8.877409e-17
   outer loop
     vertex  6.640295e+01  1.174965e+01  0.000000e+00
     vertex  6.645231e+01  1.184767e+01  0.000000e+00
     vertex  6.640295e+01  1.174965e+01  8.000000e+00
   endloop
 endfacet
 facet normal  9.051772e-01 -4.250344e-01 -1.922689e-16
   outer loop
     vertex  6.640295e+01  1.174965e+01  0.000000e+00
     vertex  6.640295e+01  1.174965e+01  8.000000e+00
     vertex  6.635631e+01  1.165031e+01  8.000000e+00
   endloop
 endfacet
 facet normal  9.051772e-01 -4.250344e-01 -9.789235e-17
   outer loop
     vertex  6.635631e+01  1.165031e+01  0.000000e+00
     vertex  6.640295e+01  1.174965e+01  0.000000e+00
     vertex  6.635631e+01  1.165031e+01  8.000000e+00
   endloop
 endfacet
 facet normal  9.271267e-01 -3.747479e-01 -3.155359e-16
   outer loop
     vertex  6.631241e+01  1.154973e+01  0.000000e+00
     vertex  6.631241e+01  1.154973e+01  8.000000e+00
     vertex  6.627128e+01  1.144798e+01  8.000000e+00
   endloop
 endfacet
 facet normal  9.164969e-01 -4.000417e-01 -2.067919e-16
   outer loop
     vertex  6.631241e+01  1.154973e+01  0.000000e+00
     vertex  6.635631e+01  1.165031e+01  8.000000e+00
     vertex  6.631241e+01  1.154973e+01  8.000000e+00
   endloop
 endfacet
 facet normal  9.164969e-01 -4.000417e-01 -2.066987e-16
   outer loop
     vertex  6.631241e+01  1.154973e+01  0.000000e+00
     vertex  6.635631e+01  1.165031e+01  0.000000e+00
     vertex  6.635631e+01  1.165031e+01  8.000000e+00
   endloop
 endfacet
 facet normal  9.271267e-01 -3.747479e-01 -3.155359e-16
   outer loop
     vertex  6.627128e+01  1.144798e+01  0.000000e+00
     vertex  6.631241e+01  1.154973e+01  0.000000e+00
     vertex  6.627128e+01  1.144798e+01  8.000000e+00
   endloop
 endfacet
 facet normal  9.370586e-01 -3.491720e-01 -4.240423e-16
   outer loop
     vertex  6.627128e+01  1.144798e+01  0.000000e+00
     vertex  6.627128e+01  1.144798e+01  8.000000e+00
     vertex  6.623296e+01  1.134514e+01  8.000000e+00
   endloop
 endfacet
 facet normal  9.462851e-01 -3.233333e-01  1.220505e-15
   outer loop
     vertex  6.623296e+01  1.134514e+01  0.000000e+00
     vertex  6.623296e+01  1.134514e+01  8.000000e+00
     vertex  6.619747e+01  1.124129e+01  8.000000e+00
   endloop
 endfacet
 facet normal  9.370586e-01 -3.491720e-01  1.318040e-15
   outer loop
     vertex  6.623296e+01  1.134514e+01  0.000000e+00
     vertex  6.627128e+01  1.144798e+01  0.000000e+00
     vertex  6.623296e+01  1.134514e+01  8.000000e+00
   endloop
 endfacet
 facet normal  9.462851e-01 -3.233333e-01 -5.322295e-16
   outer loop
     vertex  6.619747e+01  1.124129e+01  0.000000e+00
     vertex  6.623296e+01  1.134514e+01  0.000000e+00
     vertex  6.619747e+01  1.124129e+01  8.000000e+00
   endloop
 endfacet
 facet normal  9.547993e-01 -2.972512e-01  1.122051e-15
   outer loop
     vertex  6.616485e+01  1.113650e+01  0.000000e+00
     vertex  6.619747e+01  1.124129e+01  8.000000e+00
     vertex  6.616485e+01  1.113650e+01  8.000000e+00
   endloop
 endfacet
 facet normal  9.547993e-01 -2.972512e-01 -6.400077e-16
   outer loop
     vertex  6.616485e+01  1.113650e+01  0.000000e+00
     vertex  6.619747e+01  1.124129e+01  0.000000e+00
     vertex  6.619747e+01  1.124129e+01  8.000000e+00
   endloop
 endfacet
 facet normal  9.696656e-01 -2.444354e-01 -7.997874e-16
   outer loop
     vertex  6.613512e+01  1.103086e+01  0.000000e+00
     vertex  6.613512e+01  1.103086e+01  8.000000e+00
     vertex  6.610829e+01  1.092444e+01  8.000000e+00
   endloop
 endfacet
 facet normal  9.625948e-01 -2.709453e-01 -6.871588e-16
   outer loop
     vertex  6.613512e+01  1.103086e+01  0.000000e+00
     vertex  6.616485e+01  1.113650e+01  8.000000e+00
     vertex  6.613512e+01  1.103086e+01  8.000000e+00
   endloop
 endfacet
 facet normal  9.625948e-01 -2.709453e-01  1.022873e-15
   outer loop
     vertex  6.613512e+01  1.103086e+01  0.000000e+00
     vertex  6.616485e+01  1.113650e+01  0.000000e+00
     vertex  6.616485e+01  1.113650e+01  8.000000e+00
   endloop
 endfacet
 facet normal  9.696656e-01 -2.444354e-01 -7.997874e-16
   outer loop
     vertex  6.610829e+01  1.092444e+01  0.000000e+00
     vertex  6.613512e+01  1.103086e+01  0.000000e+00
     vertex  6.610829e+01  1.092444e+01  8.000000e+00
   endloop
 endfacet
 facet normal  9.816126e-01 -1.908838e-01 -1.023154e-15
   outer loop
     vertex  6.608439e+01  1.081733e+01  0.000000e+00
     vertex  6.608439e+01  1.081733e+01  8.000000e+00
     vertex  6.606344e+01  1.070960e+01  8.000000e+00
   endloop
 endfacet
 facet normal  9.760065e-01 -2.177416e-01 -9.118139e-16
   outer loop
     vertex  6.608439e+01  1.081733e+01  0.000000e+00
     vertex  6.610829e+01  1.092444e+01  8.000000e+00
     vertex  6.608439e+01  1.081733e+01  8.000000e+00
   endloop
 endfacet
 facet normal  9.760065e-01 -2.177416e-01 -9.117051e-16
   outer loop
     vertex  6.608439e+01  1.081733e+01  0.000000e+00
     vertex  6.610829e+01  1.092444e+01  0.000000e+00
     vertex  6.610829e+01  1.092444e+01  8.000000e+00
   endloop
 endfacet
 facet normal  9.864799e-01 -1.638824e-01  6.186163e-16
   outer loop
     vertex  6.606344e+01  1.070960e+01  0.000000e+00
     vertex  6.606344e+01  1.070960e+01  8.000000e+00
     vertex  6.604546e+01  1.060134e+01  8.000000e+00
   endloop
 endfacet
 facet normal  9.816126e-01 -1.908838e-01  7.205402e-16
   outer loop
     vertex  6.606344e+01  1.070960e+01  0.000000e+00
     vertex  6.608439e+01  1.081733e+01  0.000000e+00
     vertex  6.606344e+01  1.070960e+01  8.000000e+00
   endloop
 endfacet
 facet normal  9.906046e-01 -1.367575e-01 -1.243441e-15
   outer loop
     vertex  6.604546e+01  1.060134e+01  0.000000e+00
     vertex  6.604546e+01  1.060134e+01  8.000000e+00
     vertex  6.603045e+01  1.049262e+01  8.000000e+00
   endloop
 endfacet
 facet normal  9.864799e-01 -1.638824e-01 -1.133724e-15
   outer loop
     vertex  6.604546e+01  1.060134e+01  0.000000e+00
     vertex  6.606344e+01  1.070960e+01  0.000000e+00
     vertex  6.604546e+01  1.060134e+01  8.000000e+00
   endloop
 endfacet
 facet normal  9.939835e-01 -1.095298e-01  4.134484e-16
   outer loop
     vertex  6.603045e+01  1.049262e+01  0.000000e+00
     vertex  6.603045e+01  1.049262e+01  8.000000e+00
     vertex  6.601843e+01  1.038353e+01  8.000000e+00
   endloop
 endfacet
 facet normal  9.906046e-01 -1.367575e-01  5.162266e-16
   outer loop
     vertex  6.603045e+01  1.049262e+01  0.000000e+00
     vertex  6.604546e+01  1.060134e+01  0.000000e+00
     vertex  6.603045e+01  1.049262e+01  8.000000e+00
   endloop
 endfacet
 facet normal  9.939835e-01 -1.095298e-01 -1.352221e-15
   outer loop
     vertex  6.601843e+01  1.038353e+01  0.000000e+00
     vertex  6.603045e+01  1.049262e+01  0.000000e+00
     vertex  6.601843e+01  1.038353e+01  8.000000e+00
   endloop
 endfacet
 facet normal  9.966142e-01 -8.221955e-02 -1.460029e-15
   outer loop
     vertex  6.600941e+01  1.027416e+01  0.000000e+00
     vertex  6.601843e+01  1.038353e+01  0.000000e+00
     vertex  6.601843e+01  1.038353e+01  8.000000e+00
   endloop
 endfacet
 facet normal  9.966142e-01 -8.221955e-02  3.286153e-16
   outer loop
     vertex  6.600941e+01  1.027416e+01  0.000000e+00
     vertex  6.601843e+01  1.038353e+01  8.000000e+00
     vertex  6.600941e+01  1.027416e+01  8.000000e+00
   endloop
 endfacet
 facet normal  9.984947e-01 -5.484744e-02  2.192716e-16
   outer loop
     vertex  6.600339e+01  1.016458e+01  0.000000e+00
     vertex  6.600941e+01  1.027416e+01  0.000000e+00
     vertex  6.600941e+01  1.027416e+01  8.000000e+00
   endloop
 endfacet
 facet normal  9.996236e-01 -2.743405e-02  1.035569e-16
   outer loop
     vertex  6.600339e+01  1.016458e+01  0.000000e+00
     vertex  6.600339e+01  1.016458e+01  8.000000e+00
     vertex  6.600038e+01  1.005487e+01  8.000000e+00
   endloop
 endfacet
 facet normal  9.984947e-01 -5.484744e-02  2.070358e-16
   outer loop
     vertex  6.600339e+01  1.016458e+01  0.000000e+00
     vertex  6.600941e+01  1.027416e+01  8.000000e+00
     vertex  6.600339e+01  1.016458e+01  8.000000e+00
   endloop
 endfacet
 facet normal  9.996236e-01 -2.743405e-02  1.035569e-16
   outer loop
     vertex  6.600038e+01  1.005487e+01  0.000000e+00
     vertex  6.600339e+01  1.016458e+01  0.000000e+00
     vertex  6.600038e+01  1.005487e+01  8.000000e+00
   endloop
 endfacet
 facet normal  1.000000e+00  0.000000e+00  0.000000e+00
   outer loop
     vertex  6.600038e+01  9.945127e+00  0.000000e+00
     vertex  6.600038e+01  1.005487e+01  0.000000e+00
     vertex  6.600038e+01  1.005487e+01  8.000000e+00
   endloop
 endfacet
 facet normal  1.000000e+00  0.000000e+00  0.000000e+00
   outer loop
     vertex  6.600038e+01  9.945127e+00  0.000000e+00
     vertex  6.600038e+01  1.005487e+01  8.000000e+00
     vertex  6.600038e+01  9.945127e+00  8.000000e+00
   endloop
 endfacet
 facet normal  9.996236e-01  2.743405e-02 -1.035348e-16
   outer loop
     vertex  6.600339e+01  9.835422e+00  0.000000e+00
     vertex  6.600038e+01  9.945127e+00  0.000000e+00
     vertex  6.600038e+01  9.945127e+00  8.000000e+00
   endloop
 endfacet
 facet normal  9.984947e-01  5.484744e-02 -2.070358e-16
   outer loop
     vertex  6.600339e+01  9.835422e+00  0.000000e+00
     vertex  6.600339e+01  9.835422e+00  8.000000e+00
     vertex  6.600941e+01  9.725840e+00  8.000000e+00
   endloop
 endfacet
 facet normal  9.996236e-01  2.743405e-02 -1.035569e-16
   outer loop
     vertex  6.600339e+01  9.835422e+00  0.000000e+00
     vertex  6.600038e+01  9.945127e+00  8.000000e+00
     vertex  6.600339e+01  9.835422e+00  8.000000e+00
   endloop
 endfacet
 facet normal  9.984947e-01  5.484744e-02 -2.192144e-16
   outer loop
     vertex  6.600941e+01  9.725840e+00  0.000000e+00
     vertex  6.600339e+01  9.835422e+00  0.000000e+00
     vertex  6.600941e+01  9.725840e+00  8.000000e+00
   endloop
 endfacet
 facet normal  9.966142e-01  8.221955e-02 -3.286153e-16
   outer loop
     vertex  6.600941e+01  9.725840e+00  0.000000e+00
     vertex  6.600941e+01  9.725840e+00  8.000000e+00
     vertex  6.601843e+01  9.616465e+00  8.000000e+00
   endloop
 endfacet
 facet normal  9.966142e-01  8.221955e-02  1.459984e-15
   outer loop
     vertex  6.601843e+01  9.616465e+00  0.000000e+00
     vertex  6.600941e+01  9.725840e+00  0.000000e+00
     vertex  6.601843e+01  9.616465e+00  8.000000e+00
   endloop
 endfacet
 facet normal  9.939835e-01  1.095298e-01  1.352221e-15
   outer loop
     vertex  6.601843e+01  9.616465e+00  0.000000e+00
     vertex  6.601843e+01  9.616465e+00  8.000000e+00
     vertex  6.603045e+01  9.507379e+00  8.000000e+00
   endloop
 endfacet
 facet normal  9.939835e-01  1.095298e-01 -4.134484e-16
   outer loop
     vertex  6.603045e+01  9.507379e+00  0.000000e+00
     vertex  6.601843e+01  9.616465e+00  0.000000e+00
     vertex  6.603045e+01  9.507379e+00  8.000000e+00
   endloop
 endfacet
 facet normal  9.906046e-01  1.367575e-01 -5.162266e-16
   outer loop
     vertex  6.603045e+01  9.507379e+00  0.000000e+00
     vertex  6.603045e+01  9.507379e+00  8.000000e+00
     vertex  6.604546e+01  9.398664e+00  8.000000e+00
   endloop
 endfacet
 facet normal  9.906046e-01  1.367575e-01  1.243441e-15
   outer loop
     vertex  6.604546e+01  9.398664e+00  0.000000e+00
     vertex  6.603045e+01  9.507379e+00  0.000000e+00
     vertex  6.604546e+01  9.398664e+00  8.000000e+00
   endloop
 endfacet
 facet normal  9.816126e-01  1.908838e-01 -7.205402e-16
   outer loop
     vertex  6.606344e+01  9.290401e+00  0.000000e+00
     vertex  6.606344e+01  9.290401e+00  8.000000e+00
     vertex  6.608439e+01  9.182672e+00  8.000000e+00
   endloop
 endfacet
 facet normal  9.864799e-01  1.638824e-01 -6.186163e-16
   outer loop
     vertex  6.606344e+01  9.290401e+00  0.000000e+00
     vertex  6.604546e+01  9.398664e+00  8.000000e+00
     vertex  6.606344e+01  9.290401e+00  8.000000e+00
   endloop
 endfacet
 facet normal  9.864799e-01  1.638824e-01  1.133694e-15
   outer loop
     vertex  6.606344e+01  9.290401e+00  0.000000e+00
     vertex  6.604546e+01  9.398664e+00  0.000000e+00
     vertex  6.604546e+01  9.398664e+00  8.000000e+00
   endloop
 endfacet
 facet normal  9.816126e-01  1.908838e-01  1.023154e-15
   outer loop
     vertex  6.608439e+01  9.182672e+00  0.000000e+00
     vertex  6.606344e+01  9.290401e+00  0.000000e+00
     vertex  6.608439e+01  9.182672e+00  8.000000e+00
   endloop
 endfacet
 facet normal  9.760065e-01  2.177416e-01  9.118139e-16
   outer loop
     vertex  6.610829e+01  9.075559e+00  0.000000e+00
     vertex  6.608439e+01  9.182672e+00  8.000000e+00
     vertex  6.610829e+01  9.075559e+00  8.000000e+00
   endloop
 endfacet
 facet normal  9.760065e-01  2.177416e-01  9.117051e-16
   outer loop
     vertex  6.610829e+01  9.075559e+00  0.000000e+00
     vertex  6.608439e+01  9.182672e+00  0.000000e+00
     vertex  6.608439e+01  9.182672e+00  8.000000e+00
   endloop
 endfacet
 facet normal  9.625948e-01  2.709453e-01  6.871588e-16
   outer loop
     vertex  6.613512e+01  8.969142e+00  0.000000e+00
     vertex  6.613512e+01  8.969142e+00  8.000000e+00
     vertex  6.616485e+01  8.863500e+00  8.000000e+00
   endloop
 endfacet
 facet normal  9.696656e-01  2.444354e-01  7.997874e-16
   outer loop
     vertex  6.613512e+01  8.969142e+00  0.000000e+00
     vertex  6.610829e+01  9.075559e+00  8.000000e+00
     vertex  6.613512e+01  8.969142e+00  8.000000e+00
   endloop
 endfacet
 facet normal  9.696656e-01  2.444354e-01  7.995625e-16
   outer loop
     vertex  6.613512e+01  8.969142e+00  0.000000e+00
     vertex  6.610829e+01  9.075559e+00  0.000000e+00
     vertex  6.610829e+01  9.075559e+00  8.000000e+00
   endloop
 endfacet
 facet normal  9.625948e-01  2.709453e-01 -1.022753e-15
   outer loop
     vertex  6.616485e+01  8.863500e+00  0.000000e+00
     vertex  6.613512e+01  8.969142e+00  0.000000e+00
     vertex  6.616485e+01  8.863500e+00  8.000000e+00
   endloop
 endfacet
 facet normal  9.462851e-01  3.233333e-01  5.322295e-16
   outer loop
     vertex  6.619747e+01  8.758714e+00  0.000000e+00
     vertex  6.619747e+01  8.758714e+00  8.000000e+00
     vertex  6.623296e+01  8.654863e+00  8.000000e+00
   endloop
 endfacet
 facet normal  9.547993e-01  2.972512e-01  6.400160e-16
   outer loop
     vertex  6.619747e+01  8.758714e+00  0.000000e+00
     vertex  6.616485e+01  8.863500e+00  8.000000e+00
     vertex  6.619747e+01  8.758714e+00  8.000000e+00
   endloop
 endfacet
 facet normal  9.547993e-01  2.972512e-01 -1.122247e-15
   outer loop
     vertex  6.619747e+01  8.758714e+00  0.000000e+00
     vertex  6.616485e+01  8.863500e+00  0.000000e+00
     vertex  6.616485e+01  8.863500e+00  8.000000e+00
   endloop
 endfacet
 facet normal  9.462851e-01  3.233333e-01 -1.220505e-15
   outer loop
     vertex  6.623296e+01  8.654863e+00  0.000000e+00
     vertex  6.619747e+01  8.758714e+00  0.000000e+00
     vertex  6.623296e+01  8.654863e+00  8.000000e+00
   endloop
 endfacet
 facet normal  9.271267e-01  3.747479e-01  3.155359e-16
   outer loop
     vertex  6.627128e+01  8.552024e+00  0.000000e+00
     vertex  6.627128e+01  8.552024e+00  8.000000e+00
     vertex  6.631241e+01  8.450275e+00  8.000000e+00
   endloop
 endfacet
 facet normal  9.370586e-01  3.491720e-01  4.240423e-16
   outer loop
     vertex  6.627128e+01  8.552024e+00  0.000000e+00
     vertex  6.623296e+01  8.654863e+00  8.000000e+00
     vertex  6.627128e+01  8.552024e+00  8.000000e+00
   endloop
 endfacet
 facet normal  9.370586e-01  3.491720e-01 -1.317841e-15
   outer loop
     vertex  6.627128e+01  8.552024e+00  0.000000e+00
     vertex  6.623296e+01  8.654863e+00  0.000000e+00
     vertex  6.623296e+01  8.654863e+00  8.000000e+00
   endloop
 endfacet
 facet normal  9.164969e-01  4.000417e-01  2.067919e-16
   outer loop
     vertex  6.631241e+01  8.450275e+00  0.000000e+00
     vertex  6.631241e+01  8.450275e+00  8.000000e+00
     vertex  6.635631e+01  8.349693e+00  8.000000e+00
   endloop
 endfacet
 facet normal  9.271267e-01  3.747479e-01  3.155359e-16
   outer loop
     vertex  6.631241e+01  8.450275e+00  0.000000e+00
     vertex  6.627128e+01  8.552024e+00  0.000000e+00
     vertex  6.631241e+01  8.450275e+00  8.000000e+00
   endloop
 endfacet
 facet normal  9.051772e-01  4.250344e-01  9.789235e-17
   outer loop
     vertex  6.635631e+01  8.349693e+00  0.000000e+00
     vertex  6.635631e+01  8.349693e+00  8.000000e+00
     vertex  6.640295e+01  8.250353e+00  8.000000e+00
   endloop
 endfacet
 facet normal  9.164969e-01  4.000417e-01  2.067919e-16
   outer loop
     vertex  6.635631e+01  8.349693e+00  0.000000e+00
     vertex  6.631241e+01  8.450275e+00  0.000000e+00
     vertex  6.635631e+01  8.349693e+00  8.000000e+00
   endloop
 endfacet
 facet normal  9.051772e-01  4.250344e-01  1.922689e-16
   outer loop
     vertex  6.640295e+01  8.250353e+00  0.000000e+00
     vertex  6.635631e+01  8.349693e+00  0.000000e+00
     vertex  6.640295e+01  8.250353e+00  8.000000e+00
   endloop
 endfacet
 facet normal  8.931761e-01  4.497071e-01  8.877409e-17
   outer loop
     vertex  6.645231e+01  8.152330e+00  0.000000e+00
     vertex  6.640295e+01  8.250353e+00  8.000000e+00
     vertex  6.645231e+01  8.152330e+00  8.000000e+00
   endloop
 endfacet
 facet normal  8.931761e-01  4.497071e-01  8.857054e-17
   outer loop
     vertex  6.645231e+01  8.152330e+00  0.000000e+00
     vertex  6.640295e+01  8.250353e+00  0.000000e+00
     vertex  6.640295e+01  8.250353e+00  8.000000e+00
   endloop
 endfacet
 facet normal  8.671664e-01  4.980186e-01 -1.183381e-16
   outer loop
     vertex  6.650433e+01  8.055697e+00  0.000000e+00
     vertex  6.650433e+01  8.055697e+00  8.000000e+00
     vertex  6.655899e+01  7.960529e+00  8.000000e+00
   endloop
 endfacet
 facet normal  8.805026e-01  4.740412e-01 -1.478758e-17
   outer loop
     vertex  6.650433e+01  8.055697e+00  0.000000e+00
     vertex  6.645231e+01  8.152330e+00  8.000000e+00
     vertex  6.650433e+01  8.055697e+00  8.000000e+00
   endloop
 endfacet
 facet normal  8.805026e-01  4.740412e-01 -1.490805e-17
   outer loop
     vertex  6.650433e+01  8.055697e+00  0.000000e+00
     vertex  6.645231e+01  8.152330e+00  0.000000e+00
     vertex  6.645231e+01  8.152330e+00  8.000000e+00
   endloop
 endfacet
 facet normal  8.531773e-01  5.216210e-01 -2.217996e-16
   outer loop
     vertex  6.655899e+01  7.960529e+00  0.000000e+00
     vertex  6.655899e+01  7.960529e+00  8.000000e+00
     vertex  6.661623e+01  7.866896e+00  8.000000e+00
   endloop
 endfacet
 facet normal  8.671664e-01  4.980186e-01 -1.183381e-16
   outer loop
     vertex  6.655899e+01  7.960529e+00  0.000000e+00
     vertex  6.650433e+01  8.055697e+00  0.000000e+00
     vertex  6.655899e+01  7.960529e+00  8.000000e+00
   endloop
 endfacet
 facet normal  8.385460e-01  5.448308e-01 -3.250941e-16
   outer loop
     vertex  6.661623e+01  7.866896e+00  0.000000e+00
     vertex  6.661623e+01  7.866896e+00  8.000000e+00
     vertex  6.667603e+01  7.774868e+00  8.000000e+00
   endloop
 endfacet
 facet normal  8.531773e-01  5.216210e-01 -2.217996e-16
   outer loop
     vertex  6.661623e+01  7.866896e+00  0.000000e+00
     vertex  6.655899e+01  7.960529e+00  0.000000e+00
     vertex  6.661623e+01  7.866896e+00  8.000000e+00
   endloop
 endfacet
 facet normal  8.385460e-01  5.448308e-01 -2.646057e-16
   outer loop
     vertex  6.667603e+01  7.774868e+00  0.000000e+00
     vertex  6.661623e+01  7.866896e+00  0.000000e+00
     vertex  6.667603e+01  7.774868e+00  8.000000e+00
   endloop
 endfacet
 facet normal  8.232835e-01  5.676304e-01 -3.652866e-16
   outer loop
     vertex  6.673832e+01  7.684516e+00  0.000000e+00
     vertex  6.667603e+01  7.774868e+00  0.000000e+00
     vertex  6.667603e+01  7.774868e+00  8.000000e+00
   endloop
 endfacet
 facet normal  8.074012e-01  5.900028e-01  1.034368e-15
   outer loop
     vertex  6.673832e+01  7.684516e+00  0.000000e+00
     vertex  6.673832e+01  7.684516e+00  8.000000e+00
     vertex  6.680307e+01  7.595906e+00  8.000000e+00
   endloop
 endfacet
 facet normal  8.232835e-01  5.676304e-01  1.160341e-15
   outer loop
     vertex  6.673832e+01  7.684516e+00  0.000000e+00
     vertex  6.667603e+01  7.774868e+00  8.000000e+00
     vertex  6.673832e+01  7.684516e+00  8.000000e+00
   endloop
 endfacet
 facet normal  8.074012e-01  5.900028e-01  1.034368e-15
   outer loop
     vertex  6.680307e+01  7.595906e+00  0.000000e+00
     vertex  6.673832e+01  7.684516e+00  0.000000e+00
     vertex  6.680307e+01  7.595906e+00  8.000000e+00
   endloop
 endfacet
 facet normal  7.909112e-01  6.119310e-01  9.076172e-16
   outer loop
     vertex  6.680307e+01  7.595906e+00  0.000000e+00
     vertex  6.680307e+01  7.595906e+00  8.000000e+00
     vertex  6.687023e+01  7.509106e+00  8.000000e+00
   endloop
 endfacet
 facet normal  7.909112e-01  6.119310e-01 -4.293852e-16
   outer loop
     vertex  6.687023e+01  7.509106e+00  0.000000e+00
     vertex  6.680307e+01  7.595906e+00  0.000000e+00
     vertex  6.687023e+01  7.509106e+00  8.000000e+00
   endloop
 endfacet
 facet normal  7.738257e-01  6.333986e-01 -5.240863e-16
   outer loop
     vertex  6.687023e+01  7.509106e+00  0.000000e+00
     vertex  6.687023e+01  7.509106e+00  8.000000e+00
     vertex  6.693975e+01  7.424182e+00  8.000000e+00
   endloop
 endfacet
 facet normal  7.738257e-01  6.333986e-01  9.208257e-16
   outer loop
     vertex  6.693975e+01  7.424182e+00  0.000000e+00
     vertex  6.687023e+01  7.509106e+00  0.000000e+00
     vertex  6.693975e+01  7.424182e+00  8.000000e+00
   endloop
 endfacet
 facet normal  7.561578e-01  6.543893e-01 -5.457410e-16
   outer loop
     vertex  6.701156e+01  7.341196e+00  0.000000e+00
     vertex  6.693975e+01  7.424182e+00  8.000000e+00
     vertex  6.701156e+01  7.341196e+00  8.000000e+00
   endloop
 endfacet
 facet normal  7.561578e-01  6.543893e-01  7.974289e-16
   outer loop
     vertex  6.701156e+01  7.341196e+00  0.000000e+00
     vertex  6.693975e+01  7.424182e+00  0.000000e+00
     vertex  6.693975e+01  7.424182e+00  8.000000e+00
   endloop
 endfacet
 facet normal  7.191280e-01  6.948776e-01 -6.512450e-16
   outer loop
     vertex  6.708563e+01  7.260212e+00  0.000000e+00
     vertex  6.708563e+01  7.260212e+00  8.000000e+00
     vertex  6.716189e+01  7.181290e+00  8.000000e+00
   endloop
 endfacet
 facet normal  7.379206e-01  6.748875e-01 -5.623788e-16
   outer loop
     vertex  6.708563e+01  7.260212e+00  0.000000e+00
     vertex  6.701156e+01  7.341196e+00  8.000000e+00
     vertex  6.708563e+01  7.260212e+00  8.000000e+00
   endloop
 endfacet
 facet normal  7.379206e-01  6.748875e-01 -6.375674e-16
   outer loop
     vertex  6.708563e+01  7.260212e+00  0.000000e+00
     vertex  6.701156e+01  7.341196e+00  0.000000e+00
     vertex  6.701156e+01  7.341196e+00  8.000000e+00
   endloop
 endfacet
 facet normal  7.191280e-01  6.948776e-01 -6.512450e-16
   outer loop
     vertex  6.716189e+01  7.181290e+00  0.000000e+00
     vertex  6.708563e+01  7.260212e+00  0.000000e+00
     vertex  6.716189e+01  7.181290e+00  8.000000e+00
   endloop
 endfacet
 facet normal  6.997940e-01  7.143447e-01  5.827712e-16
   outer loop
     vertex  6.724029e+01  7.104490e+00  0.000000e+00
     vertex  6.716189e+01  7.181290e+00  8.000000e+00
     vertex  6.724029e+01  7.104490e+00  8.000000e+00
   endloop
 endfacet
 facet normal  6.997940e-01  7.143447e-01 -7.399565e-16
   outer loop
     vertex  6.724029e+01  7.104490e+00  0.000000e+00
     vertex  6.716189e+01  7.181290e+00  0.000000e+00
     vertex  6.716189e+01  7.181290e+00  8.000000e+00
   endloop
 endfacet
 facet normal  6.799333e-01  7.332740e-01  4.617738e-16
   outer loop
     vertex  6.732076e+01  7.029870e+00  0.000000e+00
     vertex  6.724029e+01  7.104490e+00  8.000000e+00
     vertex  6.732076e+01  7.029870e+00  8.000000e+00
   endloop
 endfacet
 facet normal  6.799333e-01  7.332740e-01  4.621934e-16
   outer loop
     vertex  6.732076e+01  7.029870e+00  0.000000e+00
     vertex  6.724029e+01  7.104490e+00  0.000000e+00
     vertex  6.724029e+01  7.104490e+00  8.000000e+00
   endloop
 endfacet
 facet normal  6.595607e-01  7.516513e-01  5.907789e-16
   outer loop
     vertex  6.740325e+01  6.957485e+00  0.000000e+00
     vertex  6.732076e+01  7.029870e+00  8.000000e+00
     vertex  6.740325e+01  6.957485e+00  8.000000e+00
   endloop
 endfacet
 facet normal  6.595607e-01  7.516513e-01  3.400943e-16
   outer loop
     vertex  6.740325e+01  6.957485e+00  0.000000e+00
     vertex  6.732076e+01  7.029870e+00  0.000000e+00
     vertex  6.732076e+01  7.029870e+00  8.000000e+00
   endloop
 endfacet
 facet normal  6.386916e-01  7.694628e-01  5.605376e-16
   outer loop
     vertex  6.748770e+01  6.887391e+00  0.000000e+00
     vertex  6.740325e+01  6.957485e+00  8.000000e+00
     vertex  6.748770e+01  6.887391e+00  8.000000e+00
   endloop
 endfacet
 facet normal  6.386916e-01  7.694628e-01  4.755438e-16
   outer loop
     vertex  6.748770e+01  6.887391e+00  0.000000e+00
     vertex  6.740325e+01  6.957485e+00  0.000000e+00
     vertex  6.740325e+01  6.957485e+00  8.000000e+00
   endloop
 endfacet
 facet normal  6.173417e-01  7.866951e-01  4.464243e-16
   outer loop
     vertex  6.757403e+01  6.819640e+00  0.000000e+00
     vertex  6.748770e+01  6.887391e+00  8.000000e+00
     vertex  6.757403e+01  6.819640e+00  8.000000e+00
   endloop
 endfacet
 facet normal  6.173417e-01  7.866951e-01  4.464631e-16
   outer loop
     vertex  6.757403e+01  6.819640e+00  0.000000e+00
     vertex  6.748770e+01  6.887391e+00  0.000000e+00
     vertex  6.748770e+01  6.887391e+00  8.000000e+00
   endloop
 endfacet
 facet normal  5.732642e-01  8.193706e-01 -7.100779e-16
   outer loop
     vertex  6.766220e+01  6.754283e+00  0.000000e+00
     vertex  6.766220e+01  6.754283e+00  8.000000e+00
     vertex  6.775212e+01  6.691369e+00  8.000000e+00
   endloop
 endfacet
 facet normal  5.955271e-01  8.033352e-01 -6.367057e-16
   outer loop
     vertex  6.766220e+01  6.754283e+00  0.000000e+00
     vertex  6.757403e+01  6.819640e+00  8.000000e+00
     vertex  6.766220e+01  6.754283e+00  8.000000e+00
   endloop
 endfacet
 facet normal  5.955271e-01  8.033352e-01  3.318308e-16
   outer loop
     vertex  6.766220e+01  6.754283e+00  0.000000e+00
     vertex  6.757403e+01  6.819640e+00  0.000000e+00
     vertex  6.757403e+01  6.819640e+00  8.000000e+00
   endloop
 endfacet
 facet normal  5.732642e-01  8.193706e-01  3.992124e-16
   outer loop
     vertex  6.775212e+01  6.691369e+00  0.000000e+00
     vertex  6.766220e+01  6.754283e+00  0.000000e+00
     vertex  6.775212e+01  6.691369e+00  8.000000e+00
   endloop
 endfacet
 facet normal  5.274609e-01  8.495793e-01 -6.665194e-16
   outer loop
     vertex  6.784374e+01  6.630946e+00  0.000000e+00
     vertex  6.784374e+01  6.630946e+00  8.000000e+00
     vertex  6.793697e+01  6.573059e+00  8.000000e+00
   endloop
 endfacet
 facet normal  5.505698e-01  8.347891e-01 -5.975551e-16
   outer loop
     vertex  6.784374e+01  6.630946e+00  0.000000e+00
     vertex  6.775212e+01  6.691369e+00  8.000000e+00
     vertex  6.784374e+01  6.630946e+00  8.000000e+00
   endloop
 endfacet
 facet normal  5.505698e-01  8.347891e-01  2.872878e-16
   outer loop
     vertex  6.784374e+01  6.630946e+00  0.000000e+00
     vertex  6.775212e+01  6.691369e+00  0.000000e+00
     vertex  6.775212e+01  6.691369e+00  8.000000e+00
   endloop
 endfacet
 facet normal  5.274609e-01  8.495793e-01  2.704395e-16
   outer loop
     vertex  6.793697e+01  6.573059e+00  0.000000e+00
     vertex  6.784374e+01  6.630946e+00  0.000000e+00
     vertex  6.793697e+01  6.573059e+00  8.000000e+00
   endloop
 endfacet
 facet normal  5.039550e-01  8.637299e-01  1.602221e-16
   outer loop
     vertex  6.803177e+01  6.517752e+00  0.000000e+00
     vertex  6.793697e+01  6.573059e+00  8.000000e+00
     vertex  6.803177e+01  6.517752e+00  8.000000e+00
   endloop
 endfacet
 facet normal  5.039550e-01  8.637299e-01  1.605866e-16
   outer loop
     vertex  6.803177e+01  6.517752e+00  0.000000e+00
     vertex  6.793697e+01  6.573059e+00  0.000000e+00
     vertex  6.793697e+01  6.573059e+00  8.000000e+00
   endloop
 endfacet
 facet normal  4.800697e-01  8.772303e-01  2.446683e-16
   outer loop
     vertex  6.812804e+01  6.465066e+00  0.000000e+00
     vertex  6.803177e+01  6.517752e+00  8.000000e+00
     vertex  6.812804e+01  6.465066e+00  8.000000e+00
   endloop
 endfacet
 facet normal  4.800697e-01  8.772303e-01  5.016825e-17
   outer loop
     vertex  6.812804e+01  6.465066e+00  0.000000e+00
     vertex  6.803177e+01  6.517752e+00  0.000000e+00
     vertex  6.803177e+01  6.517752e+00  8.000000e+00
   endloop
 endfacet
 facet normal  4.558231e-01  8.900704e-01 -6.725606e-16
   outer loop
     vertex  6.822572e+01  6.415041e+00  0.000000e+00
     vertex  6.812804e+01  6.465066e+00  8.000000e+00
     vertex  6.822572e+01  6.415041e+00  8.000000e+00
   endloop
 endfacet
 facet normal  4.558231e-01  8.900704e-01  1.375505e-16
   outer loop
     vertex  6.822572e+01  6.415041e+00  0.000000e+00
     vertex  6.812804e+01  6.465066e+00  0.000000e+00
     vertex  6.812804e+01  6.465066e+00  8.000000e+00
   endloop
 endfacet
 facet normal  4.063188e-01  9.137314e-01  2.331068e-17
   outer loop
     vertex  6.832474e+01  6.367715e+00  0.000000e+00
     vertex  6.832474e+01  6.367715e+00  8.000000e+00
     vertex  6.842502e+01  6.323122e+00  8.000000e+00
   endloop
 endfacet
 facet normal  4.312333e-01  9.022405e-01  1.296849e-16
   outer loop
     vertex  6.832474e+01  6.367715e+00  0.000000e+00
     vertex  6.822572e+01  6.415041e+00  8.000000e+00
     vertex  6.832474e+01  6.367715e+00  8.000000e+00
   endloop
 endfacet
 facet normal  4.312333e-01  9.022405e-01 -7.362085e-16
   outer loop
     vertex  6.832474e+01  6.367715e+00  0.000000e+00
     vertex  6.822572e+01  6.415041e+00  0.000000e+00
     vertex  6.822572e+01  6.415041e+00  8.000000e+00
   endloop
 endfacet
 facet normal  4.063188e-01  9.137314e-01  1.247552e-16
   outer loop
     vertex  6.842502e+01  6.323122e+00  0.000000e+00
     vertex  6.832474e+01  6.367715e+00  0.000000e+00
     vertex  6.842502e+01  6.323122e+00  8.000000e+00
   endloop
 endfacet
 facet normal  3.810986e-01  9.245344e-01  1.913108e-17
   outer loop
     vertex  6.852648e+01  6.281298e+00  0.000000e+00
     vertex  6.842502e+01  6.323122e+00  0.000000e+00
     vertex  6.842502e+01  6.323122e+00  8.000000e+00
   endloop
 endfacet
 facet normal  3.555914e-01  9.346415e-01  1.812180e-17
   outer loop
     vertex  6.852648e+01  6.281298e+00  0.000000e+00
     vertex  6.852648e+01  6.281298e+00  8.000000e+00
     vertex  6.862906e+01  6.242273e+00  8.000000e+00
   endloop
 endfacet
 facet normal  3.810986e-01  9.245344e-01  1.222068e-16
   outer loop
     vertex  6.852648e+01  6.281298e+00  0.000000e+00
     vertex  6.842502e+01  6.323122e+00  8.000000e+00
     vertex  6.852648e+01  6.281298e+00  8.000000e+00
   endloop
 endfacet
 facet normal  3.555914e-01  9.346415e-01  1.218879e-16
   outer loop
     vertex  6.862906e+01  6.242273e+00  0.000000e+00
     vertex  6.852648e+01  6.281298e+00  0.000000e+00
     vertex  6.862906e+01  6.242273e+00  8.000000e+00
   endloop
 endfacet
 facet normal  3.298166e-01  9.440450e-01  1.890959e-17
   outer loop
     vertex  6.873266e+01  6.206077e+00  0.000000e+00
     vertex  6.862906e+01  6.242273e+00  0.000000e+00
     vertex  6.862906e+01  6.242273e+00  8.000000e+00
   endloop
 endfacet
 facet normal  3.037934e-01  9.527379e-01 -8.423560e-17
   outer loop
     vertex  6.873266e+01  6.206077e+00  0.000000e+00
     vertex  6.873266e+01  6.206077e+00  8.000000e+00
     vertex  6.883722e+01  6.172737e+00  8.000000e+00
   endloop
 endfacet
 facet normal  3.298166e-01  9.440450e-01  1.883322e-17
   outer loop
     vertex  6.873266e+01  6.206077e+00  0.000000e+00
     vertex  6.862906e+01  6.242273e+00  8.000000e+00
     vertex  6.873266e+01  6.206077e+00  8.000000e+00
   endloop
 endfacet
 facet normal  2.775416e-01  9.607136e-01 -8.058036e-17
   outer loop
     vertex  6.883722e+01  6.172737e+00  0.000000e+00
     vertex  6.883722e+01  6.172737e+00  8.000000e+00
     vertex  6.894266e+01  6.142278e+00  8.000000e+00
   endloop
 endfacet
 facet normal  3.037934e-01  9.527379e-01  2.153956e-17
   outer loop
     vertex  6.883722e+01  6.172737e+00  0.000000e+00
     vertex  6.873266e+01  6.206077e+00  0.000000e+00
     vertex  6.883722e+01  6.172737e+00  8.000000e+00
   endloop
 endfacet
 facet normal  2.775416e-01  9.607136e-01  2.608027e-17
   outer loop
     vertex  6.894266e+01  6.142278e+00  0.000000e+00
     vertex  6.883722e+01  6.172737e+00  0.000000e+00
     vertex  6.894266e+01  6.142278e+00  8.000000e+00
   endloop
 endfacet
 facet normal  2.510809e-01  9.679661e-01 -7.517380e-17
   outer loop
     vertex  6.894266e+01  6.142278e+00  0.000000e+00
     vertex  6.894266e+01  6.142278e+00  8.000000e+00
     vertex  6.904889e+01  6.114722e+00  8.000000e+00
   endloop
 endfacet
 facet normal  2.510809e-01  9.679661e-01  3.229202e-17
   outer loop
     vertex  6.904889e+01  6.114722e+00  0.000000e+00
     vertex  6.894266e+01  6.142278e+00  0.000000e+00
     vertex  6.904889e+01  6.114722e+00  8.000000e+00
   endloop
 endfacet
 facet normal  2.244312e-01  9.744899e-01 -6.798631e-17
   outer loop
     vertex  6.915583e+01  6.090092e+00  0.000000e+00
     vertex  6.904889e+01  6.114722e+00  0.000000e+00
     vertex  6.904889e+01  6.114722e+00  8.000000e+00
   endloop
 endfacet
 facet normal  1.976125e-01  9.802802e-01 -5.977008e-17
   outer loop
     vertex  6.915583e+01  6.090092e+00  0.000000e+00
     vertex  6.915583e+01  6.090092e+00  8.000000e+00
     vertex  6.926342e+01  6.068404e+00  8.000000e+00
   endloop
 endfacet
 facet normal  2.244312e-01  9.744899e-01  4.000894e-17
   outer loop
     vertex  6.915583e+01  6.090092e+00  0.000000e+00
     vertex  6.904889e+01  6.114722e+00  8.000000e+00
     vertex  6.915583e+01  6.090092e+00  8.000000e+00
   endloop
 endfacet
 facet normal  1.976125e-01  9.802802e-01  4.906288e-17
   outer loop
     vertex  6.926342e+01  6.068404e+00  0.000000e+00
     vertex  6.915583e+01  6.090092e+00  0.000000e+00
     vertex  6.926342e+01  6.068404e+00  8.000000e+00
   endloop
 endfacet
 facet normal  1.706451e-01  9.853326e-01 -5.011023e-17
   outer loop
     vertex  6.926342e+01  6.068404e+00  0.000000e+00
     vertex  6.926342e+01  6.068404e+00  8.000000e+00
     vertex  6.937155e+01  6.049677e+00  8.000000e+00
   endloop
 endfacet
 facet normal  1.706451e-01  9.853326e-01  1.686776e-16
   outer loop
     vertex  6.937155e+01  6.049677e+00  0.000000e+00
     vertex  6.926342e+01  6.068404e+00  0.000000e+00
     vertex  6.937155e+01  6.049677e+00  8.000000e+00
   endloop
 endfacet
 facet normal  1.435492e-01  9.896432e-01  7.049932e-17
   outer loop
     vertex  6.937155e+01  6.049677e+00  0.000000e+00
     vertex  6.937155e+01  6.049677e+00  8.000000e+00
     vertex  6.948016e+01  6.033923e+00  8.000000e+00
   endloop
 endfacet
 facet normal  1.435492e-01  9.896432e-01  2.156214e-16
   outer loop
     vertex  6.948016e+01  6.033923e+00  0.000000e+00
     vertex  6.937155e+01  6.049677e+00  0.000000e+00
     vertex  6.948016e+01  6.033923e+00  8.000000e+00
   endloop
 endfacet
 facet normal  1.163452e-01  9.932088e-01  6.863714e-17
   outer loop
     vertex  6.958916e+01  6.021154e+00  0.000000e+00
     vertex  6.948016e+01  6.033923e+00  0.000000e+00
     vertex  6.948016e+01  6.033923e+00  8.000000e+00
   endloop
 endfacet
 facet normal  8.905371e-02  9.960268e-01 -1.259424e-16
   outer loop
     vertex  6.958916e+01  6.021154e+00  0.000000e+00
     vertex  6.958916e+01  6.021154e+00  8.000000e+00
     vertex  6.969847e+01  6.011381e+00  8.000000e+00
   endloop
 endfacet
 facet normal  1.163452e-01  9.932088e-01 -2.773199e-17
   outer loop
     vertex  6.958916e+01  6.021154e+00  0.000000e+00
     vertex  6.948016e+01  6.033923e+00  8.000000e+00
     vertex  6.958916e+01  6.021154e+00  8.000000e+00
   endloop
 endfacet
 facet normal  8.905371e-02  9.960268e-01  9.521997e-17
   outer loop
     vertex  6.969847e+01  6.011381e+00  0.000000e+00
     vertex  6.958916e+01  6.021154e+00  0.000000e+00
     vertex  6.969847e+01  6.011381e+00  8.000000e+00
   endloop
 endfacet
 facet normal  6.169515e-02  9.980950e-01 -2.457982e-18
   outer loop
     vertex  6.980801e+01  6.004610e+00  0.000000e+00
     vertex  6.969847e+01  6.011381e+00  0.000000e+00
     vertex  6.969847e+01  6.011381e+00  8.000000e+00
   endloop
 endfacet
 facet normal  6.169515e-02  9.980950e-01 -2.436423e-18
   outer loop
     vertex  6.980801e+01  6.004610e+00  0.000000e+00
     vertex  6.969847e+01  6.011381e+00  8.000000e+00
     vertex  6.980801e+01  6.004610e+00  8.000000e+00
   endloop
 endfacet
 facet normal  3.429014e-02  9.994119e-01 -1.000761e-16
   outer loop
     vertex  6.991769e+01  6.000847e+00  0.000000e+00
     vertex  6.980801e+01  6.004610e+00  0.000000e+00
     vertex  6.980801e+01  6.004610e+00  8.000000e+00
   endloop
 endfacet
 facet normal  6.859319e-03  9.999765e-01 -8.665049e-17
   outer loop
     vertex  6.991769e+01  6.000847e+00  0.000000e+00
     vertex  6.991769e+01  6.000847e+00  8.000000e+00
     vertex  7.002744e+01  6.000094e+00  8.000000e+00
   endloop
 endfacet
 facet normal  3.429014e-02  9.994119e-01  1.086604e-17
   outer loop
     vertex  6.991769e+01  6.000847e+00  0.000000e+00
     vertex  6.980801e+01  6.004610e+00  8.000000e+00
     vertex  6.991769e+01  6.000847e+00  8.000000e+00
   endloop
 endfacet
 facet normal  6.859319e-03  9.999765e-01  2.436920e-17
   outer loop
     vertex  7.002744e+01  6.000094e+00  0.000000e+00
     vertex  6.991769e+01  6.000847e+00  0.000000e+00
     vertex  7.002744e+01  6.000094e+00  8.000000e+00
   endloop
 endfacet
 facet normal -2.057667e-02  9.997883e-01 -7.312867e-17
   outer loop
     vertex  7.013716e+01  6.002352e+00  0.000000e+00
     vertex  7.002744e+01  6.000094e+00  0.000000e+00
     vertex  7.002744e+01  6.000094e+00  8.000000e+00
   endloop
 endfacet
 facet normal -2.057667e-02  9.997883e-01  1.488946e-16
   outer loop
     vertex  7.013716e+01  6.002352e+00  0.000000e+00
     vertex  7.002744e+01  6.000094e+00  8.000000e+00
     vertex  7.013716e+01  6.002352e+00  8.000000e+00
   endloop
 endfacet
 facet normal -4.799716e-02  9.988475e-01  5.120970e-17
   outer loop
     vertex  7.024678e+01  6.007620e+00  0.000000e+00
     vertex  7.013716e+01  6.002352e+00  0.000000e+00
     vertex  7.013716e+01  6.002352e+00  8.000000e+00
   endloop
 endfacet
 facet normal -4.799716e-02  9.988475e-01  5.126852e-17
   outer loop
     vertex  7.024678e+01  6.007620e+00  0.000000e+00
     vertex  7.013716e+01  6.002352e+00  8.000000e+00
     vertex  7.024678e+01  6.007620e+00  8.000000e+00
   endloop
 endfacet
 facet normal -7.538152e-02  9.971548e-01 -4.638888e-17
   outer loop
     vertex  7.035621e+01  6.015893e+00  0.000000e+00
     vertex  7.024678e+01  6.007620e+00  0.000000e+00
     vertex  7.024678e+01  6.007620e+00  8.000000e+00
   endloop
 endfacet
 facet normal -1.027091e-01  9.947114e-01 -2.160388e-16
   outer loop
     vertex  7.035621e+01  6.015893e+00  0.000000e+00
     vertex  7.035621e+01  6.015893e+00  8.000000e+00
     vertex  7.046538e+01  6.027165e+00  8.000000e+00
   endloop
 endfacet
 facet normal -7.538152e-02  9.971548e-01 -6.959421e-17
   outer loop
     vertex  7.035621e+01  6.015893e+00  0.000000e+00
     vertex  7.024678e+01  6.007620e+00  8.000000e+00
     vertex  7.035621e+01  6.015893e+00  8.000000e+00
   endloop
 endfacet
 facet normal -1.027091e-01  9.947114e-01  7.684443e-17
   outer loop
     vertex  7.046538e+01  6.027165e+00  0.000000e+00
     vertex  7.035621e+01  6.015893e+00  0.000000e+00
     vertex  7.046538e+01  6.027165e+00  8.000000e+00
   endloop
 endfacet
 facet normal -1.299594e-01  9.915193e-01 -2.145211e-17
   outer loop
     vertex  7.057420e+01  6.041427e+00  0.000000e+00
     vertex  7.046538e+01  6.027165e+00  0.000000e+00
     vertex  7.046538e+01  6.027165e+00  8.000000e+00
   endloop
 endfacet
 facet normal -1.571119e-01  9.875808e-01 -9.956195e-18
   outer loop
     vertex  7.057420e+01  6.041427e+00  0.000000e+00
     vertex  7.057420e+01  6.041427e+00  8.000000e+00
     vertex  7.068258e+01  6.058670e+00  8.000000e+00
   endloop
 endfacet
 facet normal -1.299594e-01  9.915193e-01  8.869508e-17
   outer loop
     vertex  7.057420e+01  6.041427e+00  0.000000e+00
     vertex  7.046538e+01  6.027165e+00  8.000000e+00
     vertex  7.057420e+01  6.041427e+00  8.000000e+00
   endloop
 endfacet
 facet normal -1.571119e-01  9.875808e-01 -9.956195e-18
   outer loop
     vertex  7.068258e+01  6.058670e+00  0.000000e+00
     vertex  7.057420e+01  6.041427e+00  0.000000e+00
     vertex  7.068258e+01  6.058670e+00  8.000000e+00
   endloop
 endfacet
 facet normal -1.841461e-01  9.828989e-01 -1.086000e-16
   outer loop
     vertex  7.068258e+01  6.058670e+00  0.000000e+00
     vertex  7.068258e+01  6.058670e+00  8.000000e+00
     vertex  7.079045e+01  6.078879e+00  8.000000e+00
   endloop
 endfacet
 facet normal -1.841461e-01  9.828989e-01  1.096474e-16
   outer loop
     vertex  7.079045e+01  6.078879e+00  0.000000e+00
     vertex  7.068258e+01  6.058670e+00  0.000000e+00
     vertex  7.079045e+01  6.078879e+00  8.000000e+00
   endloop
 endfacet
 facet normal -2.110417e-01  9.774771e-01  9.872323e-18
   outer loop
     vertex  7.089772e+01  6.102040e+00  0.000000e+00
     vertex  7.079045e+01  6.078879e+00  0.000000e+00
     vertex  7.079045e+01  6.078879e+00  8.000000e+00
   endloop
 endfacet
 facet normal -2.377784e-01  9.713194e-01 -5.122712e-16
   outer loop
     vertex  7.089772e+01  6.102040e+00  0.000000e+00
     vertex  7.089772e+01  6.102040e+00  8.000000e+00
     vertex  7.100432e+01  6.128136e+00  8.000000e+00
   endloop
 endfacet
 facet normal -2.110417e-01  9.774771e-01 -3.650039e-16
   outer loop
     vertex  7.089772e+01  6.102040e+00  0.000000e+00
     vertex  7.079045e+01  6.078879e+00  8.000000e+00
     vertex  7.089772e+01  6.102040e+00  8.000000e+00
   endloop
 endfacet
 facet normal -2.643362e-01  9.644306e-01  2.454908e-17
   outer loop
     vertex  7.100432e+01  6.128136e+00  0.000000e+00
     vertex  7.100432e+01  6.128136e+00  8.000000e+00
     vertex  7.111017e+01  6.157146e+00  8.000000e+00
   endloop
 endfacet
 facet normal -2.377784e-01  9.713194e-01  1.257844e-16
   outer loop
     vertex  7.100432e+01  6.128136e+00  0.000000e+00
     vertex  7.089772e+01  6.102040e+00  0.000000e+00
     vertex  7.100432e+01  6.128136e+00  8.000000e+00
   endloop
 endfacet
 facet normal -2.643362e-01  9.644306e-01  1.316224e-16
   outer loop
     vertex  7.111017e+01  6.157146e+00  0.000000e+00
     vertex  7.100432e+01  6.128136e+00  0.000000e+00
     vertex  7.111017e+01  6.157146e+00  8.000000e+00
   endloop
 endfacet
 facet normal -2.906949e-01  9.568158e-01  2.952318e-17
   outer loop
     vertex  7.121517e+01  6.189048e+00  0.000000e+00
     vertex  7.111017e+01  6.157146e+00  8.000000e+00
     vertex  7.121517e+01  6.189048e+00  8.000000e+00
   endloop
 endfacet
 facet normal -2.906949e-01  9.568158e-01  2.974456e-17
   outer loop
     vertex  7.121517e+01  6.189048e+00  0.000000e+00
     vertex  7.111017e+01  6.157146e+00  0.000000e+00
     vertex  7.111017e+01  6.157146e+00  8.000000e+00
   endloop
 endfacet
 facet normal -3.168348e-01  9.484807e-01  1.380068e-16
   outer loop
     vertex  7.131927e+01  6.223820e+00  0.000000e+00
     vertex  7.121517e+01  6.189048e+00  8.000000e+00
     vertex  7.131927e+01  6.223820e+00  8.000000e+00
   endloop
 endfacet
 facet normal -3.168348e-01  9.484807e-01 -7.258587e-17
   outer loop
     vertex  7.131927e+01  6.223820e+00  0.000000e+00
     vertex  7.121517e+01  6.189048e+00  0.000000e+00
     vertex  7.121517e+01  6.189048e+00  8.000000e+00
   endloop
 endfacet
 facet normal -3.427362e-01  9.394317e-01  3.393071e-17
   outer loop
     vertex  7.142237e+01  6.261434e+00  0.000000e+00
     vertex  7.131927e+01  6.223820e+00  8.000000e+00
     vertex  7.142237e+01  6.261434e+00  8.000000e+00
   endloop
 endfacet
 facet normal -3.427362e-01  9.394317e-01  3.393897e-17
   outer loop
     vertex  7.142237e+01  6.261434e+00  0.000000e+00
     vertex  7.131927e+01  6.223820e+00  0.000000e+00
     vertex  7.131927e+01  6.223820e+00  8.000000e+00
   endloop
 endfacet
 facet normal -3.683796e-01  9.296754e-01 -7.017090e-17
   outer loop
     vertex  7.152439e+01  6.301862e+00  0.000000e+00
     vertex  7.142237e+01  6.261434e+00  8.000000e+00
     vertex  7.152439e+01  6.301862e+00  8.000000e+00
   endloop
 endfacet
 facet normal -3.683796e-01  9.296754e-01 -7.028202e-17
   outer loop
     vertex  7.152439e+01  6.301862e+00  0.000000e+00
     vertex  7.142237e+01  6.261434e+00  0.000000e+00
     vertex  7.142237e+01  6.261434e+00  8.000000e+00
   endloop
 endfacet
 facet normal -3.937458e-01  9.192194e-01 -1.742168e-16
   outer loop
     vertex  7.162528e+01  6.345075e+00  0.000000e+00
     vertex  7.152439e+01  6.301862e+00  0.000000e+00
     vertex  7.152439e+01  6.301862e+00  8.000000e+00
   endloop
 endfacet
 facet normal -3.937458e-01  9.192194e-01  2.988801e-17
   outer loop
     vertex  7.162528e+01  6.345075e+00  0.000000e+00
     vertex  7.152439e+01  6.301862e+00  8.000000e+00
     vertex  7.162528e+01  6.345075e+00  8.000000e+00
   endloop
 endfacet
 facet normal -4.188155e-01  9.080714e-01 -7.688550e-17
   outer loop
     vertex  7.172493e+01  6.391038e+00  0.000000e+00
     vertex  7.162528e+01  6.345075e+00  0.000000e+00
     vertex  7.162528e+01  6.345075e+00  8.000000e+00
   endloop
 endfacet
 facet normal -4.188155e-01  9.080714e-01 -7.650499e-17
   outer loop
     vertex  7.172493e+01  6.391038e+00  0.000000e+00
     vertex  7.162528e+01  6.345075e+00  8.000000e+00
     vertex  7.172493e+01  6.391038e+00  8.000000e+00
   endloop
 endfacet
 facet normal -4.435699e-01  8.962398e-01 -1.829874e-16
   outer loop
     vertex  7.182329e+01  6.439718e+00  0.000000e+00
     vertex  7.172493e+01  6.391038e+00  0.000000e+00
     vertex  7.172493e+01  6.391038e+00  8.000000e+00
   endloop
 endfacet
 facet normal -4.435699e-01  8.962398e-01 -8.333780e-17
   outer loop
     vertex  7.182329e+01  6.439718e+00  0.000000e+00
     vertex  7.172493e+01  6.391038e+00  8.000000e+00
     vertex  7.182329e+01  6.439718e+00  8.000000e+00
   endloop
 endfacet
 facet normal -4.679904e-01  8.837335e-01 -1.906615e-16
   outer loop
     vertex  7.192028e+01  6.491079e+00  0.000000e+00
     vertex  7.182329e+01  6.439718e+00  0.000000e+00
     vertex  7.182329e+01  6.439718e+00  8.000000e+00
   endloop
 endfacet
 facet normal -4.920587e-01  8.705620e-01  7.690088e-16
   outer loop
     vertex  7.192028e+01  6.491079e+00  0.000000e+00
     vertex  7.192028e+01  6.491079e+00  8.000000e+00
     vertex  7.201582e+01  6.545080e+00  8.000000e+00
   endloop
 endfacet
 facet normal -4.679904e-01  8.837335e-01  8.366222e-16
   outer loop
     vertex  7.192028e+01  6.491079e+00  0.000000e+00
     vertex  7.182329e+01  6.439718e+00  8.000000e+00
     vertex  7.192028e+01  6.491079e+00  8.000000e+00
   endloop
 endfacet
 facet normal -4.920587e-01  8.705620e-01  8.656606e-16
   outer loop
     vertex  7.201582e+01  6.545080e+00  0.000000e+00
     vertex  7.192028e+01  6.491079e+00  0.000000e+00
     vertex  7.201582e+01  6.545080e+00  8.000000e+00
   endloop
 endfacet
 facet normal -5.157565e-01  8.567352e-01  7.960085e-16
   outer loop
     vertex  7.210984e+01  6.601683e+00  0.000000e+00
     vertex  7.201582e+01  6.545080e+00  0.000000e+00
     vertex  7.201582e+01  6.545080e+00  8.000000e+00
   endloop
 endfacet
 facet normal -5.157565e-01  8.567352e-01  7.959333e-16
   outer loop
     vertex  7.210984e+01  6.601683e+00  0.000000e+00
     vertex  7.201582e+01  6.545080e+00  8.000000e+00
     vertex  7.210984e+01  6.601683e+00  8.000000e+00
   endloop
 endfacet
 facet normal -5.390661e-01  8.422635e-01  7.254161e-16
   outer loop
     vertex  7.220228e+01  6.660844e+00  0.000000e+00
     vertex  7.210984e+01  6.601683e+00  0.000000e+00
     vertex  7.210984e+01  6.601683e+00  8.000000e+00
   endloop
 endfacet
 facet normal -5.390661e-01  8.422635e-01 -2.319670e-16
   outer loop
     vertex  7.220228e+01  6.660844e+00  0.000000e+00
     vertex  7.210984e+01  6.601683e+00  8.000000e+00
     vertex  7.220228e+01  6.660844e+00  8.000000e+00
   endloop
 endfacet
 facet normal -5.619699e-01  8.271577e-01 -3.434818e-16
   outer loop
     vertex  7.229306e+01  6.722518e+00  0.000000e+00
     vertex  7.220228e+01  6.660844e+00  0.000000e+00
     vertex  7.220228e+01  6.660844e+00  8.000000e+00
   endloop
 endfacet
 facet normal -5.844507e-01  8.114292e-01 -2.746511e-16
   outer loop
     vertex  7.229306e+01  6.722518e+00  0.000000e+00
     vertex  7.229306e+01  6.722518e+00  8.000000e+00
     vertex  7.238211e+01  6.786659e+00  8.000000e+00
   endloop
 endfacet
 facet normal -5.619699e-01  8.271577e-01 -1.598592e-16
   outer loop
     vertex  7.229306e+01  6.722518e+00  0.000000e+00
     vertex  7.220228e+01  6.660844e+00  8.000000e+00
     vertex  7.229306e+01  6.722518e+00  8.000000e+00
   endloop
 endfacet
 facet normal -5.844507e-01  8.114292e-01 -1.845643e-16
   outer loop
     vertex  7.238211e+01  6.786659e+00  0.000000e+00
     vertex  7.229306e+01  6.722518e+00  0.000000e+00
     vertex  7.238211e+01  6.786659e+00  8.000000e+00
   endloop
 endfacet
 facet normal -6.064915e-01  7.950900e-01 -3.007728e-16
   outer loop
     vertex  7.246937e+01  6.853220e+00  0.000000e+00
     vertex  7.238211e+01  6.786659e+00  0.000000e+00
     vertex  7.238211e+01  6.786659e+00  8.000000e+00
   endloop
 endfacet
 facet normal -6.280757e-01  7.781522e-01  7.849428e-16
   outer loop
     vertex  7.246937e+01  6.853220e+00  0.000000e+00
     vertex  7.246937e+01  6.853220e+00  8.000000e+00
     vertex  7.255477e+01  6.922149e+00  8.000000e+00
   endloop
 endfacet
 facet normal -6.064915e-01  7.950900e-01  8.646546e-16
   outer loop
     vertex  7.246937e+01  6.853220e+00  0.000000e+00
     vertex  7.238211e+01  6.786659e+00  8.000000e+00
     vertex  7.246937e+01  6.853220e+00  8.000000e+00
   endloop
 endfacet
 facet normal -6.280757e-01  7.781522e-01  7.849428e-16
   outer loop
     vertex  7.255477e+01  6.922149e+00  0.000000e+00
     vertex  7.246937e+01  6.853220e+00  0.000000e+00
     vertex  7.255477e+01  6.922149e+00  8.000000e+00
   endloop
 endfacet
 facet normal -6.491872e-01  7.606287e-01  7.048075e-16
   outer loop
     vertex  7.263824e+01  6.993395e+00  0.000000e+00
     vertex  7.255477e+01  6.922149e+00  0.000000e+00
     vertex  7.255477e+01  6.922149e+00  8.000000e+00
   endloop
 endfacet
 facet normal -6.491872e-01  7.606287e-01 -4.485479e-16
   outer loop
     vertex  7.263824e+01  6.993395e+00  0.000000e+00
     vertex  7.255477e+01  6.922149e+00  8.000000e+00
     vertex  7.263824e+01  6.993395e+00  8.000000e+00
   endloop
 endfacet
 facet normal -6.698100e-01  7.425325e-01 -5.659792e-16
   outer loop
     vertex  7.271973e+01  7.066904e+00  0.000000e+00
     vertex  7.263824e+01  6.993395e+00  0.000000e+00
     vertex  7.263824e+01  6.993395e+00  8.000000e+00
   endloop
 endfacet
 facet normal -6.899286e-01  7.238775e-01 -5.223216e-16
   outer loop
     vertex  7.271973e+01  7.066904e+00  0.000000e+00
     vertex  7.271973e+01  7.066904e+00  8.000000e+00
     vertex  7.279918e+01  7.142621e+00  8.000000e+00
   endloop
 endfacet
 facet normal -6.698100e-01  7.425325e-01 -4.011390e-16
   outer loop
     vertex  7.271973e+01  7.066904e+00  0.000000e+00
     vertex  7.263824e+01  6.993395e+00  8.000000e+00
     vertex  7.271973e+01  7.066904e+00  8.000000e+00
   endloop
 endfacet
 facet normal -6.899286e-01  7.238775e-01 -5.223216e-16
   outer loop
     vertex  7.279918e+01  7.142621e+00  0.000000e+00
     vertex  7.271973e+01  7.066904e+00  0.000000e+00
     vertex  7.279918e+01  7.142621e+00  8.000000e+00
   endloop
 endfacet
 facet normal -7.095278e-01  7.046775e-01 -6.431110e-16
   outer loop
     vertex  7.279918e+01  7.142621e+00  0.000000e+00
     vertex  7.279918e+01  7.142621e+00  8.000000e+00
     vertex  7.287651e+01  7.220489e+00  8.000000e+00
   endloop
 endfacet
 facet normal -7.285929e-01  6.849470e-01 -6.873720e-16
   outer loop
     vertex  7.287651e+01  7.220489e+00  0.000000e+00
     vertex  7.287651e+01  7.220489e+00  8.000000e+00
     vertex  7.295168e+01  7.300450e+00  8.000000e+00
   endloop
 endfacet
 facet normal -7.095278e-01  7.046775e-01 -5.648761e-16
   outer loop
     vertex  7.287651e+01  7.220489e+00  0.000000e+00
     vertex  7.279918e+01  7.142621e+00  0.000000e+00
     vertex  7.287651e+01  7.220489e+00  8.000000e+00
   endloop
 endfacet
 facet normal -7.285929e-01  6.849470e-01  6.068690e-16
   outer loop
     vertex  7.295168e+01  7.300450e+00  0.000000e+00
     vertex  7.287651e+01  7.220489e+00  0.000000e+00
     vertex  7.295168e+01  7.300450e+00  8.000000e+00
   endloop
 endfacet
 facet normal -7.471095e-01  6.647010e-01 -7.355537e-16
   outer loop
     vertex  7.302463e+01  7.382443e+00  0.000000e+00
     vertex  7.295168e+01  7.300450e+00  8.000000e+00
     vertex  7.302463e+01  7.382443e+00  8.000000e+00
   endloop
 endfacet
 facet normal -7.471095e-01  6.647010e-01  5.182198e-16
   outer loop
     vertex  7.302463e+01  7.382443e+00  0.000000e+00
     vertex  7.295168e+01  7.300450e+00  0.000000e+00
     vertex  7.295168e+01  7.300450e+00  8.000000e+00
   endloop
 endfacet
 facet normal -7.650637e-01  6.439545e-01 -8.592262e-16
   outer loop
     vertex  7.309530e+01  7.466406e+00  0.000000e+00
     vertex  7.302463e+01  7.382443e+00  8.000000e+00
     vertex  7.309530e+01  7.466406e+00  8.000000e+00
   endloop
 endfacet
 facet normal -7.650637e-01  6.439545e-01 -8.592275e-16
   outer loop
     vertex  7.309530e+01  7.466406e+00  0.000000e+00
     vertex  7.302463e+01  7.382443e+00  0.000000e+00
     vertex  7.302463e+01  7.382443e+00  8.000000e+00
   endloop
 endfacet
 facet normal -7.824421e-01  6.227234e-01 -9.131157e-16
   outer loop
     vertex  7.316364e+01  7.552276e+00  0.000000e+00
     vertex  7.309530e+01  7.466406e+00  8.000000e+00
     vertex  7.316364e+01  7.552276e+00  8.000000e+00
   endloop
 endfacet
 facet normal -7.824421e-01  6.227234e-01 -9.825493e-16
   outer loop
     vertex  7.316364e+01  7.552276e+00  0.000000e+00
     vertex  7.309530e+01  7.466406e+00  0.000000e+00
     vertex  7.309530e+01  7.466406e+00  8.000000e+00
   endloop
 endfacet
 facet normal -7.992314e-01  6.010234e-01 -9.710841e-16
   outer loop
     vertex  7.322960e+01  7.639989e+00  0.000000e+00
     vertex  7.316364e+01  7.552276e+00  8.000000e+00
     vertex  7.322960e+01  7.639989e+00  8.000000e+00
   endloop
 endfacet
 facet normal -7.992314e-01  6.010234e-01 -1.037810e-15
   outer loop
     vertex  7.322960e+01  7.639989e+00  0.000000e+00
     vertex  7.316364e+01  7.552276e+00  0.000000e+00
     vertex  7.316364e+01  7.552276e+00  8.000000e+00
   endloop
 endfacet
 facet normal -8.309929e-01  5.562829e-01 -1.161245e-15
   outer loop
     vertex  7.329313e+01  7.729478e+00  0.000000e+00
     vertex  7.329313e+01  7.729478e+00  8.000000e+00
     vertex  7.335418e+01  7.820677e+00  8.000000e+00
   endloop
 endfacet
 facet normal -8.154191e-01  5.788711e-01 -1.033190e-15
   outer loop
     vertex  7.329313e+01  7.729478e+00  0.000000e+00
     vertex  7.322960e+01  7.639989e+00  8.000000e+00
     vertex  7.329313e+01  7.729478e+00  8.000000e+00
   endloop
 endfacet
 facet normal -8.154191e-01  5.788711e-01 -1.097298e-15
   outer loop
     vertex  7.329313e+01  7.729478e+00  0.000000e+00
     vertex  7.322960e+01  7.639989e+00  0.000000e+00
     vertex  7.322960e+01  7.639989e+00  8.000000e+00
   endloop
 endfacet
 facet normal -8.309929e-01  5.562829e-01  3.148946e-16
   outer loop
     vertex  7.335418e+01  7.820677e+00  0.000000e+00
     vertex  7.329313e+01  7.729478e+00  0.000000e+00
     vertex  7.335418e+01  7.820677e+00  8.000000e+00
   endloop
 endfacet
 facet normal -8.459413e-01  5.332761e-01  2.734726e-16
   outer loop
     vertex  7.341271e+01  7.913516e+00  0.000000e+00
     vertex  7.335418e+01  7.820677e+00  8.000000e+00
     vertex  7.341271e+01  7.913516e+00  8.000000e+00
   endloop
 endfacet
 facet normal -8.459413e-01  5.332761e-01  2.142575e-16
   outer loop
     vertex  7.341271e+01  7.913516e+00  0.000000e+00
     vertex  7.335418e+01  7.820677e+00  0.000000e+00
     vertex  7.335418e+01  7.820677e+00  8.000000e+00
   endloop
 endfacet
 facet normal -8.739167e-01  4.860756e-01  6.656912e-17
   outer loop
     vertex  7.346867e+01  8.007926e+00  0.000000e+00
     vertex  7.346867e+01  8.007926e+00  8.000000e+00
     vertex  7.352201e+01  8.103835e+00  8.000000e+00
   endloop
 endfacet
 facet normal -8.602528e-01  5.098678e-01  1.700849e-16
   outer loop
     vertex  7.346867e+01  8.007926e+00  0.000000e+00
     vertex  7.341271e+01  7.913516e+00  8.000000e+00
     vertex  7.346867e+01  8.007926e+00  8.000000e+00
   endloop
 endfacet
 facet normal -8.602528e-01  5.098678e-01  1.704332e-16
   outer loop
     vertex  7.346867e+01  8.007926e+00  0.000000e+00
     vertex  7.341271e+01  7.913516e+00  0.000000e+00
     vertex  7.341271e+01  7.913516e+00  8.000000e+00
   endloop
 endfacet
 facet normal -8.869228e-01  4.619176e-01 -3.699673e-17
   outer loop
     vertex  7.352201e+01  8.103835e+00  0.000000e+00
     vertex  7.352201e+01  8.103835e+00  8.000000e+00
     vertex  7.357270e+01  8.201172e+00  8.000000e+00
   endloop
 endfacet
 facet normal -8.739167e-01  4.860756e-01  6.656912e-17
   outer loop
     vertex  7.352201e+01  8.103835e+00  0.000000e+00
     vertex  7.346867e+01  8.007926e+00  0.000000e+00
     vertex  7.352201e+01  8.103835e+00  8.000000e+00
   endloop
 endfacet
 facet normal -8.869228e-01  4.619176e-01  6.556958e-17
   outer loop
     vertex  7.357270e+01  8.201172e+00  0.000000e+00
     vertex  7.352201e+01  8.103835e+00  0.000000e+00
     vertex  7.357270e+01  8.201172e+00  8.000000e+00
   endloop
 endfacet
 facet normal -8.992613e-01  4.374119e-01 -4.331166e-17
   outer loop
     vertex  7.362071e+01  8.299863e+00  0.000000e+00
     vertex  7.357270e+01  8.201172e+00  0.000000e+00
     vertex  7.357270e+01  8.201172e+00  8.000000e+00
   endloop
 endfacet
 facet normal -8.992613e-01  4.374119e-01 -4.340979e-17
   outer loop
     vertex  7.362071e+01  8.299863e+00  0.000000e+00
     vertex  7.357270e+01  8.201172e+00  8.000000e+00
     vertex  7.362071e+01  8.299863e+00  8.000000e+00
   endloop
 endfacet
 facet normal -9.109228e-01  4.125769e-01 -1.523888e-16
   outer loop
     vertex  7.366599e+01  8.399833e+00  0.000000e+00
     vertex  7.362071e+01  8.299863e+00  0.000000e+00
     vertex  7.362071e+01  8.299863e+00  8.000000e+00
   endloop
 endfacet
 facet normal -9.109228e-01  4.125769e-01 -1.523565e-16
   outer loop
     vertex  7.366599e+01  8.399833e+00  0.000000e+00
     vertex  7.362071e+01  8.299863e+00  8.000000e+00
     vertex  7.366599e+01  8.399833e+00  8.000000e+00
   endloop
 endfacet
 facet normal -9.218986e-01  3.874313e-01 -2.614848e-16
   outer loop
     vertex  7.370851e+01  8.501008e+00  0.000000e+00
     vertex  7.366599e+01  8.399833e+00  0.000000e+00
     vertex  7.366599e+01  8.399833e+00  8.000000e+00
   endloop
 endfacet
 facet normal -9.218986e-01  3.874313e-01 -1.751615e-16
   outer loop
     vertex  7.370851e+01  8.501008e+00  0.000000e+00
     vertex  7.366599e+01  8.399833e+00  8.000000e+00
     vertex  7.370851e+01  8.501008e+00  8.000000e+00
   endloop
 endfacet
 facet normal -9.321804e-01  3.619940e-01 -2.893194e-16
   outer loop
     vertex  7.374823e+01  8.603312e+00  0.000000e+00
     vertex  7.370851e+01  8.501008e+00  0.000000e+00
     vertex  7.370851e+01  8.501008e+00  8.000000e+00
   endloop
 endfacet
 facet normal -9.417605e-01  3.362843e-01  1.194722e-15
   outer loop
     vertex  7.374823e+01  8.603312e+00  0.000000e+00
     vertex  7.374823e+01  8.603312e+00  8.000000e+00
     vertex  7.378514e+01  8.706667e+00  8.000000e+00
   endloop
 endfacet
 facet normal -9.321804e-01  3.619940e-01  1.286061e-15
   outer loop
     vertex  7.374823e+01  8.603312e+00  0.000000e+00
     vertex  7.370851e+01  8.501008e+00  8.000000e+00
     vertex  7.374823e+01  8.603312e+00  8.000000e+00
   endloop
 endfacet
 facet normal -9.417605e-01  3.362843e-01 -3.288406e-16
   outer loop
     vertex  7.378514e+01  8.706667e+00  0.000000e+00
     vertex  7.374823e+01  8.603312e+00  0.000000e+00
     vertex  7.378514e+01  8.706667e+00  8.000000e+00
   endloop
 endfacet
 facet normal -9.506317e-01  3.103214e-01 -4.485016e-16
   outer loop
     vertex  7.381920e+01  8.810995e+00  0.000000e+00
     vertex  7.378514e+01  8.706667e+00  0.000000e+00
     vertex  7.378514e+01  8.706667e+00  8.000000e+00
   endloop
 endfacet
 facet normal -9.506317e-01  3.103214e-01  1.240294e-15
   outer loop
     vertex  7.381920e+01  8.810995e+00  0.000000e+00
     vertex  7.378514e+01  8.706667e+00  8.000000e+00
     vertex  7.381920e+01  8.810995e+00  8.000000e+00
   endloop
 endfacet
 facet normal -9.587873e-01  2.841250e-01  1.135726e-15
   outer loop
     vertex  7.385038e+01  8.916219e+00  0.000000e+00
     vertex  7.381920e+01  8.810995e+00  0.000000e+00
     vertex  7.381920e+01  8.810995e+00  8.000000e+00
   endloop
 endfacet
 facet normal -9.587873e-01  2.841250e-01  1.135591e-15
   outer loop
     vertex  7.385038e+01  8.916219e+00  0.000000e+00
     vertex  7.381920e+01  8.810995e+00  8.000000e+00
     vertex  7.385038e+01  8.916219e+00  8.000000e+00
   endloop
 endfacet
 facet normal -9.662211e-01  2.577146e-01  1.030070e-15
   outer loop
     vertex  7.387866e+01  9.022258e+00  0.000000e+00
     vertex  7.385038e+01  8.916219e+00  0.000000e+00
     vertex  7.385038e+01  8.916219e+00  8.000000e+00
   endloop
 endfacet
 facet normal -9.729276e-01  2.311102e-01 -8.045644e-16
   outer loop
     vertex  7.387866e+01  9.022258e+00  0.000000e+00
     vertex  7.387866e+01  9.022258e+00  8.000000e+00
     vertex  7.390403e+01  9.129034e+00  8.000000e+00
   endloop
 endfacet
 facet normal -9.662211e-01  2.577146e-01 -6.863190e-16
   outer loop
     vertex  7.387866e+01  9.022258e+00  0.000000e+00
     vertex  7.385038e+01  8.916219e+00  8.000000e+00
     vertex  7.387866e+01  9.022258e+00  8.000000e+00
   endloop
 endfacet
 facet normal -9.729276e-01  2.311102e-01 -8.045644e-16
   outer loop
     vertex  7.390403e+01  9.129034e+00  0.000000e+00
     vertex  7.387866e+01  9.022258e+00  0.000000e+00
     vertex  7.390403e+01  9.129034e+00  8.000000e+00
   endloop
 endfacet
 facet normal -9.841389e-01  1.773998e-01  7.484226e-16
   outer loop
     vertex  7.392645e+01  9.236465e+00  0.000000e+00
     vertex  7.392645e+01  9.236465e+00  8.000000e+00
     vertex  7.394592e+01  9.344471e+00  8.000000e+00
   endloop
 endfacet
 facet normal -9.789017e-01  2.043319e-01  8.620452e-16
   outer loop
     vertex  7.392645e+01  9.236465e+00  0.000000e+00
     vertex  7.390403e+01  9.129034e+00  8.000000e+00
     vertex  7.392645e+01  9.236465e+00  8.000000e+00
   endloop
 endfacet
 facet normal -9.789017e-01  2.043319e-01 -9.224124e-16
   outer loop
     vertex  7.392645e+01  9.236465e+00  0.000000e+00
     vertex  7.390403e+01  9.129034e+00  0.000000e+00
     vertex  7.390403e+01  9.129034e+00  8.000000e+00
   endloop
 endfacet
 facet normal -9.841389e-01  1.773998e-01 -1.039150e-15
   outer loop
     vertex  7.394592e+01  9.344471e+00  0.000000e+00
     vertex  7.392645e+01  9.236465e+00  0.000000e+00
     vertex  7.394592e+01  9.344471e+00  8.000000e+00
   endloop
 endfacet
 facet normal -9.923874e-01  1.231552e-01  5.195732e-16
   outer loop
     vertex  7.396242e+01  9.452970e+00  0.000000e+00
     vertex  7.396242e+01  9.452970e+00  8.000000e+00
     vertex  7.397593e+01  9.561881e+00  8.000000e+00
   endloop
 endfacet
 facet normal -9.886353e-01  1.503341e-01  6.342366e-16
   outer loop
     vertex  7.396242e+01  9.452970e+00  0.000000e+00
     vertex  7.394592e+01  9.344471e+00  8.000000e+00
     vertex  7.396242e+01  9.452970e+00  8.000000e+00
   endloop
 endfacet
 facet normal -9.886353e-01  1.503341e-01 -1.155193e-15
   outer loop
     vertex  7.396242e+01  9.452970e+00  0.000000e+00
     vertex  7.394592e+01  9.344471e+00  0.000000e+00
     vertex  7.394592e+01  9.344471e+00  8.000000e+00
   endloop
 endfacet
 facet normal -9.923874e-01  1.231552e-01  5.195732e-16
   outer loop
     vertex  7.397593e+01  9.561881e+00  0.000000e+00
     vertex  7.396242e+01  9.452970e+00  0.000000e+00
     vertex  7.397593e+01  9.561881e+00  8.000000e+00
   endloop
 endfacet
 facet normal -9.953925e-01  9.588368e-02  4.045186e-16
   outer loop
     vertex  7.398646e+01  9.671122e+00  0.000000e+00
     vertex  7.397593e+01  9.561881e+00  8.000000e+00
     vertex  7.398646e+01  9.671122e+00  8.000000e+00
   endloop
 endfacet
 facet normal -9.953925e-01  9.588368e-02  4.045977e-16
   outer loop
     vertex  7.398646e+01  9.671122e+00  0.000000e+00
     vertex  7.397593e+01  9.561881e+00  0.000000e+00
     vertex  7.397593e+01  9.561881e+00  8.000000e+00
   endloop
 endfacet
 facet normal -9.991532e-01  4.114462e-02  1.735829e-16
   outer loop
     vertex  7.399398e+01  9.780610e+00  0.000000e+00
     vertex  7.399398e+01  9.780610e+00  8.000000e+00
     vertex  7.399849e+01  9.890264e+00  8.000000e+00
   endloop
 endfacet
 facet normal -9.976484e-01  6.853995e-02  2.891596e-16
   outer loop
     vertex  7.399398e+01  9.780610e+00  0.000000e+00
     vertex  7.398646e+01  9.671122e+00  8.000000e+00
     vertex  7.399398e+01  9.780610e+00  8.000000e+00
   endloop
 endfacet
 facet normal -9.976484e-01  6.853995e-02  2.891022e-16
   outer loop
     vertex  7.399398e+01  9.780610e+00  0.000000e+00
     vertex  7.398646e+01  9.671122e+00  0.000000e+00
     vertex  7.398646e+01  9.671122e+00  8.000000e+00
   endloop
 endfacet
 facet normal -9.991532e-01  4.114462e-02  1.735829e-16
   outer loop
     vertex  7.399849e+01  9.890264e+00  0.000000e+00
     vertex  7.399398e+01  9.780610e+00  0.000000e+00
     vertex  7.399849e+01  9.890264e+00  8.000000e+00
   endloop
 endfacet
 facet normal -9.999059e-01  1.371831e-02  0.000000e+00
   outer loop
     vertex  7.400000e+01  1.000000e+01  0.000000e+00
     vertex  7.399849e+01  9.890264e+00  8.000000e+00
     vertex  7.400000e+01  1.000000e+01  8.000000e+00
   endloop
 endfacet
 facet normal -9.999059e-01  1.371831e-02  5.788371e-17
   outer loop
     vertex  7.400000e+01  1.000000e+01  0.000000e+00
     vertex  7.399849e+01  9.890264e+00  0.000000e+00
     vertex  7.399849e+01  9.890264e+00  8.000000e+00
   endloop
 endfacet
 facet normal -9.999059e-01 -1.371831e-02  0.000000e+00
   outer loop
     vertex  1.400000e+01  4.000000e+01  0.000000e+00
     vertex  1.400000e+01  4.000000e+01  8.000000e+00
     vertex  1.399849e+01  4.010974e+01  8.000000e+00
   endloop
 endfacet
 facet normal -9.991532e-01 -4.114462e-02 -1.827188e-16
   outer loop
     vertex  1.399849e+01  4.010974e+01  0.000000e+00
     vertex  1.399849e+01  4.010974e+01  8.000000e+00
     vertex  1.399398e+01  4.021939e+01  8.000000e+00
   endloop
 endfacet
 facet normal -9.999059e-01 -1.371831e-02 -6.092156e-17
   outer loop
     vertex  1.399849e+01  4.010974e+01  0.000000e+00
     vertex  1.400000e+01  4.000000e+01  0.000000e+00
     vertex  1.399849e+01  4.010974e+01  8.000000e+00
   endloop
 endfacet
 facet normal -9.976484e-01 -6.853995e-02 -8.285608e-17
   outer loop
     vertex  1.399398e+01  4.021939e+01  0.000000e+00
     vertex  1.399398e+01  4.021939e+01  8.000000e+00
     vertex  1.398646e+01  4.032888e+01  8.000000e+00
   endloop
 endfacet
 facet normal -9.991532e-01 -4.114462e-02  3.913777e-17
   outer loop
     vertex  1.399398e+01  4.021939e+01  0.000000e+00
     vertex  1.399849e+01  4.010974e+01  0.000000e+00
     vertex  1.399398e+01  4.021939e+01  8.000000e+00
   endloop
 endfacet
 facet normal -9.953925e-01 -9.588368e-02  1.623399e-17
   outer loop
     vertex  1.398646e+01  4.032888e+01  0.000000e+00
     vertex  1.398646e+01  4.032888e+01  8.000000e+00
     vertex  1.397593e+01  4.043812e+01  8.000000e+00
   endloop
 endfacet
 facet normal -9.976484e-01 -6.853995e-02  1.386664e-16
   outer loop
     vertex  1.398646e+01  4.032888e+01  0.000000e+00
     vertex  1.399398e+01  4.021939e+01  0.000000e+00
     vertex  1.398646e+01  4.032888e+01  8.000000e+00
   endloop
 endfacet
 facet normal -9.923874e-01 -1.231552e-01 -1.062106e-16
   outer loop
     vertex  1.397593e+01  4.043812e+01  0.000000e+00
     vertex  1.397593e+01  4.043812e+01  8.000000e+00
     vertex  1.396242e+01  4.054703e+01  8.000000e+00
   endloop
 endfacet
 facet normal -9.953925e-01 -9.588368e-02  1.623399e-17
   outer loop
     vertex  1.397593e+01  4.043812e+01  0.000000e+00
     vertex  1.398646e+01  4.032888e+01  0.000000e+00
     vertex  1.397593e+01  4.043812e+01  8.000000e+00
   endloop
 endfacet
 facet normal -9.886353e-01 -1.503341e-01 -2.285752e-16
   outer loop
     vertex  1.396242e+01  4.054703e+01  0.000000e+00
     vertex  1.396242e+01  4.054703e+01  8.000000e+00
     vertex  1.394592e+01  4.065553e+01  8.000000e+00
   endloop
 endfacet
 facet normal -9.923874e-01 -1.231552e-01 -1.062106e-16
   outer loop
     vertex  1.396242e+01  4.054703e+01  0.000000e+00
     vertex  1.397593e+01  4.043812e+01  0.000000e+00
     vertex  1.396242e+01  4.054703e+01  8.000000e+00
   endloop
 endfacet
 facet normal -9.841389e-01 -1.773998e-01 -1.322451e-16
   outer loop
     vertex  1.394592e+01  4.065553e+01  0.000000e+00
     vertex  1.394592e+01  4.065553e+01  8.000000e+00
     vertex  1.392645e+01  4.076354e+01  8.000000e+00
   endloop
 endfacet
 facet normal -9.886353e-01 -1.503341e-01 -9.054113e-18
   outer loop
     vertex  1.394592e+01  4.065553e+01  0.000000e+00
     vertex  1.396242e+01  4.054703e+01  0.000000e+00
     vertex  1.394592e+01  4.065553e+01  8.000000e+00
   endloop
 endfacet
 facet normal -9.789017e-01 -2.043319e-01 -3.797667e-17
   outer loop
     vertex  1.392645e+01  4.076354e+01  0.000000e+00
     vertex  1.392645e+01  4.076354e+01  8.000000e+00
     vertex  1.390403e+01  4.087097e+01  8.000000e+00
   endloop
 endfacet
 facet normal -9.841389e-01 -1.773998e-01  8.627764e-17
   outer loop
     vertex  1.392645e+01  4.076354e+01  0.000000e+00
     vertex  1.394592e+01  4.065553e+01  0.000000e+00
     vertex  1.392645e+01  4.076354e+01  8.000000e+00
   endloop
 endfacet
 facet normal -9.729276e-01 -2.311102e-01  4.306474e-17
   outer loop
     vertex  1.390403e+01  4.087097e+01  0.000000e+00
     vertex  1.390403e+01  4.087097e+01  8.000000e+00
     vertex  1.387866e+01  4.097774e+01  8.000000e+00
   endloop
 endfacet
 facet normal -9.789017e-01 -2.043319e-01  1.435065e-16
   outer loop
     vertex  1.390403e+01  4.087097e+01  0.000000e+00
     vertex  1.392645e+01  4.076354e+01  0.000000e+00
     vertex  1.390403e+01  4.087097e+01  8.000000e+00
   endloop
 endfacet
 facet normal -9.662211e-01 -2.577146e-01 -7.176185e-17
   outer loop
     vertex  1.387866e+01  4.097774e+01  0.000000e+00
     vertex  1.387866e+01  4.097774e+01  8.000000e+00
     vertex  1.385038e+01  4.108378e+01  8.000000e+00
   endloop
 endfacet
 facet normal -9.729276e-01 -2.311102e-01  5.383092e-17
   outer loop
     vertex  1.387866e+01  4.097774e+01  0.000000e+00
     vertex  1.390403e+01  4.087097e+01  0.000000e+00
     vertex  1.387866e+01  4.097774e+01  8.000000e+00
   endloop
 endfacet
 facet normal -9.662211e-01 -2.577146e-01  3.716789e-16
   outer loop
     vertex  1.385038e+01  4.108378e+01  0.000000e+00
     vertex  1.387866e+01  4.097774e+01  0.000000e+00
     vertex  1.385038e+01  4.108378e+01  8.000000e+00
   endloop
 endfacet
 facet normal -9.587873e-01 -2.841250e-01  2.679466e-16
   outer loop
     vertex  1.385038e+01  4.108378e+01  0.000000e+00
     vertex  1.385038e+01  4.108378e+01  8.000000e+00
     vertex  1.381920e+01  4.118900e+01  8.000000e+00
   endloop
 endfacet
 facet normal -9.587873e-01 -2.841250e-01  5.505307e-17
   outer loop
     vertex  1.381920e+01  4.118900e+01  0.000000e+00
     vertex  1.385038e+01  4.108378e+01  0.000000e+00
     vertex  1.381920e+01  4.118900e+01  8.000000e+00
   endloop
 endfacet
 facet normal -9.506317e-01 -3.103214e-01 -4.707001e-17
   outer loop
     vertex  1.381920e+01  4.118900e+01  0.000000e+00
     vertex  1.381920e+01  4.118900e+01  8.000000e+00
     vertex  1.378514e+01  4.129333e+01  8.000000e+00
   endloop
 endfacet
 facet normal -9.506317e-01 -3.103214e-01  1.640126e-16
   outer loop
     vertex  1.378514e+01  4.129333e+01  0.000000e+00
     vertex  1.381920e+01  4.118900e+01  0.000000e+00
     vertex  1.378514e+01  4.129333e+01  8.000000e+00
   endloop
 endfacet
 facet normal -9.417605e-01 -3.362843e-01  5.995518e-17
   outer loop
     vertex  1.378514e+01  4.129333e+01  0.000000e+00
     vertex  1.378514e+01  4.129333e+01  8.000000e+00
     vertex  1.374823e+01  4.139669e+01  8.000000e+00
   endloop
 endfacet
 facet normal -9.417605e-01 -3.362843e-01 -2.387253e-16
   outer loop
     vertex  1.374823e+01  4.139669e+01  0.000000e+00
     vertex  1.378514e+01  4.129333e+01  0.000000e+00
     vertex  1.374823e+01  4.139669e+01  8.000000e+00
   endloop
 endfacet
 facet normal -9.321804e-01 -3.619940e-01 -3.656627e-16
   outer loop
     vertex  1.374823e+01  4.139669e+01  0.000000e+00
     vertex  1.374823e+01  4.139669e+01  8.000000e+00
     vertex  1.370851e+01  4.149899e+01  8.000000e+00
   endloop
 endfacet
 facet normal -9.321804e-01 -3.619940e-01 -4.414739e-17
   outer loop
     vertex  1.370851e+01  4.149899e+01  0.000000e+00
     vertex  1.374823e+01  4.139669e+01  0.000000e+00
     vertex  1.370851e+01  4.149899e+01  8.000000e+00
   endloop
 endfacet
 facet normal -9.218986e-01 -3.874313e-01 -1.482167e-16
   outer loop
     vertex  1.370851e+01  4.149899e+01  0.000000e+00
     vertex  1.370851e+01  4.149899e+01  8.000000e+00
     vertex  1.366599e+01  4.160017e+01  8.000000e+00
   endloop
 endfacet
 facet normal -9.218986e-01 -3.874313e-01  5.648587e-17
   outer loop
     vertex  1.366599e+01  4.160017e+01  0.000000e+00
     vertex  1.370851e+01  4.149899e+01  0.000000e+00
     vertex  1.366599e+01  4.160017e+01  8.000000e+00
   endloop
 endfacet
 facet normal -9.109228e-01 -4.125769e-01 -4.990901e-17
   outer loop
     vertex  1.366599e+01  4.160017e+01  0.000000e+00
     vertex  1.366599e+01  4.160017e+01  8.000000e+00
     vertex  1.362071e+01  4.170014e+01  8.000000e+00
   endloop
 endfacet
 facet normal -9.109228e-01 -4.125769e-01 -4.990901e-17
   outer loop
     vertex  1.362071e+01  4.170014e+01  0.000000e+00
     vertex  1.366599e+01  4.160017e+01  0.000000e+00
     vertex  1.362071e+01  4.170014e+01  8.000000e+00
   endloop
 endfacet
 facet normal -8.992613e-01 -4.374119e-01 -1.562663e-16
   outer loop
     vertex  1.362071e+01  4.170014e+01  0.000000e+00
     vertex  1.362071e+01  4.170014e+01  8.000000e+00
     vertex  1.357270e+01  4.179883e+01  8.000000e+00
   endloop
 endfacet
 facet normal -8.992613e-01 -4.374119e-01  4.319096e-16
   outer loop
     vertex  1.357270e+01  4.179883e+01  0.000000e+00
     vertex  1.362071e+01  4.170014e+01  0.000000e+00
     vertex  1.357270e+01  4.179883e+01  8.000000e+00
   endloop
 endfacet
 facet normal -8.869228e-01 -4.619176e-01  3.446957e-16
   outer loop
     vertex  1.357270e+01  4.179883e+01  0.000000e+00
     vertex  1.357270e+01  4.179883e+01  8.000000e+00
     vertex  1.352201e+01  4.189616e+01  8.000000e+00
   endloop
 endfacet
 facet normal -8.869228e-01 -4.619176e-01 -6.556958e-17
   outer loop
     vertex  1.352201e+01  4.189616e+01  0.000000e+00
     vertex  1.357270e+01  4.179883e+01  0.000000e+00
     vertex  1.352201e+01  4.189616e+01  8.000000e+00
   endloop
 endfacet
 facet normal -8.739167e-01 -4.860756e-01 -1.744996e-16
   outer loop
     vertex  1.352201e+01  4.189616e+01  0.000000e+00
     vertex  1.352201e+01  4.189616e+01  8.000000e+00
     vertex  1.346867e+01  4.199207e+01  8.000000e+00
   endloop
 endfacet
 facet normal -8.602528e-01 -5.098678e-01 -9.228375e-17
   outer loop
     vertex  1.346867e+01  4.199207e+01  0.000000e+00
     vertex  1.346867e+01  4.199207e+01  8.000000e+00
     vertex  1.341271e+01  4.208648e+01  8.000000e+00
   endloop
 endfacet
 facet normal -8.739167e-01 -4.860756e-01  1.954891e-17
   outer loop
     vertex  1.346867e+01  4.199207e+01  0.000000e+00
     vertex  1.352201e+01  4.189616e+01  0.000000e+00
     vertex  1.346867e+01  4.199207e+01  8.000000e+00
   endloop
 endfacet
 facet normal -8.602528e-01 -5.098678e-01  1.695553e-16
   outer loop
     vertex  1.341271e+01  4.208648e+01  0.000000e+00
     vertex  1.346867e+01  4.199207e+01  0.000000e+00
     vertex  1.341271e+01  4.208648e+01  8.000000e+00
   endloop
 endfacet
 facet normal -8.459413e-01 -5.332761e-01  8.176066e-17
   outer loop
     vertex  1.341271e+01  4.208648e+01  0.000000e+00
     vertex  1.341271e+01  4.208648e+01  8.000000e+00
     vertex  1.335418e+01  4.217932e+01  8.000000e+00
   endloop
 endfacet
 facet normal -8.309929e-01 -5.562829e-01  1.784220e-16
   outer loop
     vertex  1.335418e+01  4.217932e+01  0.000000e+00
     vertex  1.335418e+01  4.217932e+01  8.000000e+00
     vertex  1.329313e+01  4.227052e+01  8.000000e+00
   endloop
 endfacet
 facet normal -8.459413e-01 -5.332761e-01  2.695974e-16
   outer loop
     vertex  1.335418e+01  4.217932e+01  0.000000e+00
     vertex  1.341271e+01  4.208648e+01  0.000000e+00
     vertex  1.335418e+01  4.217932e+01  8.000000e+00
   endloop
 endfacet
 facet normal -8.154191e-01 -5.788711e-01  2.681717e-16
   outer loop
     vertex  1.329313e+01  4.227052e+01  0.000000e+00
     vertex  1.329313e+01  4.227052e+01  8.000000e+00
     vertex  1.322960e+01  4.236001e+01  8.000000e+00
   endloop
 endfacet
 facet normal -8.309929e-01 -5.562829e-01  3.629395e-16
   outer loop
     vertex  1.329313e+01  4.227052e+01  0.000000e+00
     vertex  1.335418e+01  4.217932e+01  0.000000e+00
     vertex  1.329313e+01  4.227052e+01  8.000000e+00
   endloop
 endfacet
 facet normal -7.992314e-01 -6.010234e-01 -3.606140e-16
   outer loop
     vertex  1.322960e+01  4.236001e+01  0.000000e+00
     vertex  1.322960e+01  4.236001e+01  8.000000e+00
     vertex  1.316364e+01  4.244772e+01  8.000000e+00
   endloop
 endfacet
 facet normal -8.154191e-01 -5.788711e-01 -2.459691e-16
   outer loop
     vertex  1.322960e+01  4.236001e+01  0.000000e+00
     vertex  1.329313e+01  4.227052e+01  0.000000e+00
     vertex  1.322960e+01  4.236001e+01  8.000000e+00
   endloop
 endfacet
 facet normal -7.824421e-01 -6.227234e-01  7.810201e-17
   outer loop
     vertex  1.316364e+01  4.244772e+01  0.000000e+00
     vertex  1.316364e+01  4.244772e+01  8.000000e+00
     vertex  1.309530e+01  4.253359e+01  8.000000e+00
   endloop
 endfacet
 facet normal -7.992314e-01 -6.010234e-01  1.732020e-16
   outer loop
     vertex  1.316364e+01  4.244772e+01  0.000000e+00
     vertex  1.322960e+01  4.236001e+01  0.000000e+00
     vertex  1.316364e+01  4.244772e+01  8.000000e+00
   endloop
 endfacet
 facet normal -7.650637e-01 -6.439545e-01  1.528215e-16
   outer loop
     vertex  1.309530e+01  4.253359e+01  0.000000e+00
     vertex  1.309530e+01  4.253359e+01  8.000000e+00
     vertex  1.302463e+01  4.261756e+01  8.000000e+00
   endloop
 endfacet
 facet normal -7.824421e-01 -6.227234e-01  2.518390e-16
   outer loop
     vertex  1.309530e+01  4.253359e+01  0.000000e+00
     vertex  1.316364e+01  4.244772e+01  0.000000e+00
     vertex  1.309530e+01  4.253359e+01  8.000000e+00
   endloop
 endfacet
 facet normal -7.471095e-01 -6.647010e-01  5.368883e-17
   outer loop
     vertex  1.302463e+01  4.261756e+01  0.000000e+00
     vertex  1.302463e+01  4.261756e+01  8.000000e+00
     vertex  1.295168e+01  4.269955e+01  8.000000e+00
   endloop
 endfacet
 facet normal -7.650637e-01 -6.439545e-01  1.528215e-16
   outer loop
     vertex  1.302463e+01  4.261756e+01  0.000000e+00
     vertex  1.309530e+01  4.253359e+01  0.000000e+00
     vertex  1.302463e+01  4.261756e+01  8.000000e+00
   endloop
 endfacet
 facet normal -7.285929e-01 -6.849470e-01 -6.538394e-16
   outer loop
     vertex  1.295168e+01  4.269955e+01  0.000000e+00
     vertex  1.295168e+01  4.269955e+01  8.000000e+00
     vertex  1.287651e+01  4.277951e+01  8.000000e+00
   endloop
 endfacet
 facet normal -7.471095e-01 -6.647010e-01 -5.366842e-16
   outer loop
     vertex  1.295168e+01  4.269955e+01  0.000000e+00
     vertex  1.302463e+01  4.261756e+01  0.000000e+00
     vertex  1.295168e+01  4.269955e+01  8.000000e+00
   endloop
 endfacet
 facet normal -7.095278e-01 -7.046775e-01  1.292379e-17
   outer loop
     vertex  1.287651e+01  4.277951e+01  0.000000e+00
     vertex  1.287651e+01  4.277951e+01  8.000000e+00
     vertex  1.279918e+01  4.285738e+01  8.000000e+00
   endloop
 endfacet
 facet normal -7.285929e-01 -6.849470e-01  1.162959e-16
   outer loop
     vertex  1.287651e+01  4.277951e+01  0.000000e+00
     vertex  1.295168e+01  4.269955e+01  0.000000e+00
     vertex  1.287651e+01  4.277951e+01  8.000000e+00
   endloop
 endfacet
 facet normal -6.899286e-01 -7.238775e-01 -9.045804e-17
   outer loop
     vertex  1.279918e+01  4.285738e+01  0.000000e+00
     vertex  1.279918e+01  4.285738e+01  8.000000e+00
     vertex  1.271973e+01  4.293310e+01  8.000000e+00
   endloop
 endfacet
 facet normal -7.095278e-01 -7.046775e-01  1.292379e-17
   outer loop
     vertex  1.279918e+01  4.285738e+01  0.000000e+00
     vertex  1.287651e+01  4.277951e+01  0.000000e+00
     vertex  1.279918e+01  4.285738e+01  8.000000e+00
   endloop
 endfacet
 facet normal -6.698100e-01 -7.425325e-01 -4.504409e-17
   outer loop
     vertex  1.271973e+01  4.293310e+01  0.000000e+00
     vertex  1.271973e+01  4.293310e+01  8.000000e+00
     vertex  1.263824e+01  4.300661e+01  8.000000e+00
   endloop
 endfacet
 facet normal -6.899286e-01 -7.238775e-01  6.273687e-17
   outer loop
     vertex  1.271973e+01  4.293310e+01  0.000000e+00
     vertex  1.279918e+01  4.285738e+01  0.000000e+00
     vertex  1.271973e+01  4.293310e+01  8.000000e+00
   endloop
 endfacet
 facet normal -6.491872e-01 -7.606287e-01  5.227828e-16
   outer loop
     vertex  1.263824e+01  4.300661e+01  0.000000e+00
     vertex  1.263824e+01  4.300661e+01  8.000000e+00
     vertex  1.255477e+01  4.307785e+01  8.000000e+00
   endloop
 endfacet
 facet normal -6.698100e-01 -7.425325e-01  6.144573e-16
   outer loop
     vertex  1.263824e+01  4.300661e+01  0.000000e+00
     vertex  1.271973e+01  4.293310e+01  0.000000e+00
     vertex  1.263824e+01  4.300661e+01  8.000000e+00
   endloop
 endfacet
 facet normal -6.280757e-01 -7.781522e-01 -1.209624e-16
   outer loop
     vertex  1.255477e+01  4.307785e+01  0.000000e+00
     vertex  1.255477e+01  4.307785e+01  8.000000e+00
     vertex  1.246937e+01  4.314678e+01  8.000000e+00
   endloop
 endfacet
 facet normal -6.491872e-01 -7.606287e-01 -8.642626e-18
   outer loop
     vertex  1.255477e+01  4.307785e+01  0.000000e+00
     vertex  1.263824e+01  4.300661e+01  0.000000e+00
     vertex  1.255477e+01  4.307785e+01  8.000000e+00
   endloop
 endfacet
 facet normal -6.064915e-01 -7.950900e-01 -2.331910e-16
   outer loop
     vertex  1.246937e+01  4.314678e+01  0.000000e+00
     vertex  1.246937e+01  4.314678e+01  8.000000e+00
     vertex  1.238211e+01  4.321334e+01  8.000000e+00
   endloop
 endfacet
 facet normal -6.280757e-01 -7.781522e-01 -1.209624e-16
   outer loop
     vertex  1.246937e+01  4.314678e+01  0.000000e+00
     vertex  1.255477e+01  4.307785e+01  0.000000e+00
     vertex  1.246937e+01  4.314678e+01  8.000000e+00
   endloop
 endfacet
 facet normal -5.844507e-01 -8.114292e-01  3.754498e-16
   outer loop
     vertex  1.238211e+01  4.321334e+01  0.000000e+00
     vertex  1.238211e+01  4.321334e+01  8.000000e+00
     vertex  1.229306e+01  4.327748e+01  8.000000e+00
   endloop
 endfacet
 facet normal -6.064915e-01 -7.950900e-01  4.729907e-16
   outer loop
     vertex  1.238211e+01  4.321334e+01  0.000000e+00
     vertex  1.246937e+01  4.314678e+01  0.000000e+00
     vertex  1.238211e+01  4.321334e+01  8.000000e+00
   endloop
 endfacet
 facet normal -5.844507e-01 -8.114292e-01 -3.452441e-16
   outer loop
     vertex  1.229306e+01  4.327748e+01  0.000000e+00
     vertex  1.238211e+01  4.321334e+01  0.000000e+00
     vertex  1.229306e+01  4.327748e+01  8.000000e+00
   endloop
 endfacet
 facet normal -5.619699e-01 -8.271577e-01 -4.570374e-16
   outer loop
     vertex  1.229306e+01  4.327748e+01  0.000000e+00
     vertex  1.229306e+01  4.327748e+01  8.000000e+00
     vertex  1.220228e+01  4.333916e+01  8.000000e+00
   endloop
 endfacet
 facet normal -5.619699e-01 -8.271577e-01  2.776262e-16
   outer loop
     vertex  1.220228e+01  4.333916e+01  0.000000e+00
     vertex  1.229306e+01  4.327748e+01  0.000000e+00
     vertex  1.220228e+01  4.333916e+01  8.000000e+00
   endloop
 endfacet
 facet normal -5.390661e-01 -8.422635e-01  1.795936e-16
   outer loop
     vertex  1.220228e+01  4.333916e+01  0.000000e+00
     vertex  1.220228e+01  4.333916e+01  8.000000e+00
     vertex  1.210984e+01  4.339832e+01  8.000000e+00
   endloop
 endfacet
 facet normal -5.390661e-01 -8.422635e-01  2.992904e-16
   outer loop
     vertex  1.210984e+01  4.339832e+01  0.000000e+00
     vertex  1.220228e+01  4.333916e+01  0.000000e+00
     vertex  1.210984e+01  4.339832e+01  8.000000e+00
   endloop
 endfacet
 facet normal -5.157565e-01 -8.567352e-01  1.959468e-16
   outer loop
     vertex  1.210984e+01  4.339832e+01  0.000000e+00
     vertex  1.210984e+01  4.339832e+01  8.000000e+00
     vertex  1.201582e+01  4.345492e+01  8.000000e+00
   endloop
 endfacet
 facet normal -5.157565e-01 -8.567352e-01  1.959468e-16
   outer loop
     vertex  1.201582e+01  4.345492e+01  0.000000e+00
     vertex  1.210984e+01  4.339832e+01  0.000000e+00
     vertex  1.201582e+01  4.345492e+01  8.000000e+00
   endloop
 endfacet
 facet normal -4.920587e-01 -8.705620e-01  9.245579e-17
   outer loop
     vertex  1.201582e+01  4.345492e+01  0.000000e+00
     vertex  1.201582e+01  4.345492e+01  8.000000e+00
     vertex  1.192028e+01  4.350892e+01  8.000000e+00
   endloop
 endfacet
 facet normal -4.920587e-01 -8.705620e-01  9.245579e-17
   outer loop
     vertex  1.192028e+01  4.350892e+01  0.000000e+00
     vertex  1.201582e+01  4.345492e+01  0.000000e+00
     vertex  1.192028e+01  4.350892e+01  8.000000e+00
   endloop
 endfacet
 facet normal -4.679904e-01 -8.837335e-01 -1.110484e-17
   outer loop
     vertex  1.192028e+01  4.350892e+01  0.000000e+00
     vertex  1.192028e+01  4.350892e+01  8.000000e+00
     vertex  1.182329e+01  4.356028e+01  8.000000e+00
   endloop
 endfacet
 facet normal -4.435699e-01 -8.962398e-01 -1.146571e-16
   outer loop
     vertex  1.182329e+01  4.356028e+01  0.000000e+00
     vertex  1.182329e+01  4.356028e+01  8.000000e+00
     vertex  1.172493e+01  4.360896e+01  8.000000e+00
   endloop
 endfacet
 facet normal -4.679904e-01 -8.837335e-01 -1.110484e-17
   outer loop
     vertex  1.182329e+01  4.356028e+01  0.000000e+00
     vertex  1.192028e+01  4.350892e+01  0.000000e+00
     vertex  1.182329e+01  4.356028e+01  8.000000e+00
   endloop
 endfacet
 facet normal -4.188155e-01 -9.080714e-01 -2.181231e-16
   outer loop
     vertex  1.172493e+01  4.360896e+01  0.000000e+00
     vertex  1.172493e+01  4.360896e+01  8.000000e+00
     vertex  1.162528e+01  4.365493e+01  8.000000e+00
   endloop
 endfacet
 facet normal -4.435699e-01 -8.962398e-01 -1.146571e-16
   outer loop
     vertex  1.172493e+01  4.360896e+01  0.000000e+00
     vertex  1.182329e+01  4.356028e+01  0.000000e+00
     vertex  1.172493e+01  4.360896e+01  8.000000e+00
   endloop
 endfacet
 facet normal -3.937458e-01 -9.192194e-01 -3.214248e-16
   outer loop
     vertex  1.162528e+01  4.365493e+01  0.000000e+00
     vertex  1.162528e+01  4.365493e+01  8.000000e+00
     vertex  1.152439e+01  4.369814e+01  8.000000e+00
   endloop
 endfacet
 facet normal -4.188155e-01 -9.080714e-01 -2.181231e-16
   outer loop
     vertex  1.162528e+01  4.365493e+01  0.000000e+00
     vertex  1.172493e+01  4.360896e+01  0.000000e+00
     vertex  1.162528e+01  4.365493e+01  8.000000e+00
   endloop
 endfacet
 facet normal -3.683796e-01 -9.296754e-01 -3.426879e-16
   outer loop
     vertex  1.152439e+01  4.369814e+01  0.000000e+00
     vertex  1.152439e+01  4.369814e+01  8.000000e+00
     vertex  1.142237e+01  4.373857e+01  8.000000e+00
   endloop
 endfacet
 facet normal -3.937458e-01 -9.192194e-01 -2.339957e-16
   outer loop
     vertex  1.152439e+01  4.369814e+01  0.000000e+00
     vertex  1.162528e+01  4.365493e+01  0.000000e+00
     vertex  1.152439e+01  4.369814e+01  8.000000e+00
   endloop
 endfacet
 facet normal -3.427362e-01 -9.394317e-01 -4.511222e-16
   outer loop
     vertex  1.142237e+01  4.373857e+01  0.000000e+00
     vertex  1.142237e+01  4.373857e+01  8.000000e+00
     vertex  1.131927e+01  4.377618e+01  8.000000e+00
   endloop
 endfacet
 facet normal -3.683796e-01 -9.296754e-01 -3.426879e-16
   outer loop
     vertex  1.142237e+01  4.373857e+01  0.000000e+00
     vertex  1.152439e+01  4.369814e+01  0.000000e+00
     vertex  1.142237e+01  4.373857e+01  8.000000e+00
   endloop
 endfacet
 facet normal -3.168348e-01 -9.484807e-01  2.832033e-16
   outer loop
     vertex  1.131927e+01  4.377618e+01  0.000000e+00
     vertex  1.131927e+01  4.377618e+01  8.000000e+00
     vertex  1.121517e+01  4.381095e+01  8.000000e+00
   endloop
 endfacet
 facet normal -3.427362e-01 -9.394317e-01  3.832608e-16
   outer loop
     vertex  1.131927e+01  4.377618e+01  0.000000e+00
     vertex  1.142237e+01  4.373857e+01  0.000000e+00
     vertex  1.131927e+01  4.377618e+01  8.000000e+00
   endloop
 endfacet
 facet normal -2.906949e-01 -9.568158e-01 -6.668905e-16
   outer loop
     vertex  1.121517e+01  4.381095e+01  0.000000e+00
     vertex  1.121517e+01  4.381095e+01  8.000000e+00
     vertex  1.111017e+01  4.384285e+01  8.000000e+00
   endloop
 endfacet
 facet normal -3.168348e-01 -9.484807e-01 -5.592168e-16
   outer loop
     vertex  1.121517e+01  4.381095e+01  0.000000e+00
     vertex  1.131927e+01  4.377618e+01  0.000000e+00
     vertex  1.121517e+01  4.381095e+01  8.000000e+00
   endloop
 endfacet
 facet normal -2.643362e-01 -9.644306e-01  8.252423e-17
   outer loop
     vertex  1.111017e+01  4.384285e+01  0.000000e+00
     vertex  1.111017e+01  4.384285e+01  8.000000e+00
     vertex  1.100432e+01  4.387186e+01  8.000000e+00
   endloop
 endfacet
 facet normal -2.906949e-01 -9.568158e-01  1.829326e-16
   outer loop
     vertex  1.111017e+01  4.384285e+01  0.000000e+00
     vertex  1.121517e+01  4.381095e+01  0.000000e+00
     vertex  1.111017e+01  4.384285e+01  8.000000e+00
   endloop
 endfacet
 facet normal -2.377784e-01 -9.713194e-01 -1.794627e-17
   outer loop
     vertex  1.100432e+01  4.387186e+01  0.000000e+00
     vertex  1.100432e+01  4.387186e+01  8.000000e+00
     vertex  1.089772e+01  4.389796e+01  8.000000e+00
   endloop
 endfacet
 facet normal -2.643362e-01 -9.644306e-01  8.252423e-17
   outer loop
     vertex  1.100432e+01  4.387186e+01  0.000000e+00
     vertex  1.111017e+01  4.384285e+01  0.000000e+00
     vertex  1.100432e+01  4.387186e+01  8.000000e+00
   endloop
 endfacet
 facet normal -2.110417e-01 -9.774771e-01 -1.184033e-16
   outer loop
     vertex  1.089772e+01  4.389796e+01  0.000000e+00
     vertex  1.089772e+01  4.389796e+01  8.000000e+00
     vertex  1.079045e+01  4.392112e+01  8.000000e+00
   endloop
 endfacet
 facet normal -2.377784e-01 -9.713194e-01 -1.794627e-17
   outer loop
     vertex  1.089772e+01  4.389796e+01  0.000000e+00
     vertex  1.100432e+01  4.387186e+01  0.000000e+00
     vertex  1.089772e+01  4.389796e+01  8.000000e+00
   endloop
 endfacet
 facet normal -1.841461e-01 -9.828989e-01 -2.187711e-16
   outer loop
     vertex  1.079045e+01  4.392112e+01  0.000000e+00
     vertex  1.079045e+01  4.392112e+01  8.000000e+00
     vertex  1.068258e+01  4.394133e+01  8.000000e+00
   endloop
 endfacet
 facet normal -2.110417e-01 -9.774771e-01 -1.184033e-16
   outer loop
     vertex  1.079045e+01  4.392112e+01  0.000000e+00
     vertex  1.089772e+01  4.389796e+01  0.000000e+00
     vertex  1.079045e+01  4.392112e+01  8.000000e+00
   endloop
 endfacet
 facet normal -1.571119e-01 -9.875808e-01 -2.840884e-16
   outer loop
     vertex  1.068258e+01  4.394133e+01  0.000000e+00
     vertex  1.068258e+01  4.394133e+01  8.000000e+00
     vertex  1.057420e+01  4.395857e+01  8.000000e+00
   endloop
 endfacet
 facet normal -1.841461e-01 -9.828989e-01 -1.778825e-16
   outer loop
     vertex  1.068258e+01  4.394133e+01  0.000000e+00
     vertex  1.079045e+01  4.392112e+01  0.000000e+00
     vertex  1.068258e+01  4.394133e+01  8.000000e+00
   endloop
 endfacet
 facet normal -1.299594e-01 -9.915193e-01  4.905655e-16
   outer loop
     vertex  1.057420e+01  4.395857e+01  0.000000e+00
     vertex  1.057420e+01  4.395857e+01  8.000000e+00
     vertex  1.046538e+01  4.397284e+01  8.000000e+00
   endloop
 endfacet
 facet normal -1.571119e-01 -9.875808e-01  5.930595e-16
   outer loop
     vertex  1.057420e+01  4.395857e+01  0.000000e+00
     vertex  1.068258e+01  4.394133e+01  0.000000e+00
     vertex  1.057420e+01  4.395857e+01  8.000000e+00
   endloop
 endfacet
 facet normal -1.027091e-01 -9.947114e-01  3.877022e-16
   outer loop
     vertex  1.046538e+01  4.397284e+01  0.000000e+00
     vertex  1.046538e+01  4.397284e+01  8.000000e+00
     vertex  1.035621e+01  4.398411e+01  8.000000e+00
   endloop
 endfacet
 facet normal -1.299594e-01 -9.915193e-01  4.905655e-16
   outer loop
     vertex  1.046538e+01  4.397284e+01  0.000000e+00
     vertex  1.057420e+01  4.395857e+01  0.000000e+00
     vertex  1.046538e+01  4.397284e+01  8.000000e+00
   endloop
 endfacet
 facet normal -7.538152e-02 -9.971548e-01  2.845470e-16
   outer loop
     vertex  1.035621e+01  4.398411e+01  0.000000e+00
     vertex  1.035621e+01  4.398411e+01  8.000000e+00
     vertex  1.024678e+01  4.399238e+01  8.000000e+00
   endloop
 endfacet
 facet normal -1.027091e-01 -9.947114e-01  3.877022e-16
   outer loop
     vertex  1.035621e+01  4.398411e+01  0.000000e+00
     vertex  1.046538e+01  4.397284e+01  0.000000e+00
     vertex  1.035621e+01  4.398411e+01  8.000000e+00
   endloop
 endfacet
 facet normal -4.799716e-02 -9.988475e-01 -7.059771e-16
   outer loop
     vertex  1.024678e+01  4.399238e+01  0.000000e+00
     vertex  1.024678e+01  4.399238e+01  8.000000e+00
     vertex  1.013716e+01  4.399765e+01  8.000000e+00
   endloop
 endfacet
 facet normal -7.538152e-02 -9.971548e-01 -6.011043e-16
   outer loop
     vertex  1.024678e+01  4.399238e+01  0.000000e+00
     vertex  1.035621e+01  4.398411e+01  0.000000e+00
     vertex  1.024678e+01  4.399238e+01  8.000000e+00
   endloop
 endfacet
 facet normal -4.799716e-02 -9.988475e-01  1.811777e-16
   outer loop
     vertex  1.013716e+01  4.399765e+01  0.000000e+00
     vertex  1.024678e+01  4.399238e+01  0.000000e+00
     vertex  1.013716e+01  4.399765e+01  8.000000e+00
   endloop
 endfacet
 facet normal -2.057667e-02 -9.997883e-01  7.767194e-17
   outer loop
     vertex  1.013716e+01  4.399765e+01  0.000000e+00
     vertex  1.013716e+01  4.399765e+01  8.000000e+00
     vertex  1.002744e+01  4.399991e+01  8.000000e+00
   endloop
 endfacet
 facet normal -2.057667e-02 -9.997883e-01  7.767194e-17
   outer loop
     vertex  1.002744e+01  4.399991e+01  0.000000e+00
     vertex  1.013716e+01  4.399765e+01  0.000000e+00
     vertex  1.002744e+01  4.399991e+01  8.000000e+00
   endloop
 endfacet
 facet normal  6.859319e-03 -9.999765e-01 -2.589227e-17
   outer loop
     vertex  1.002744e+01  4.399991e+01  0.000000e+00
     vertex  1.002744e+01  4.399991e+01  8.000000e+00
     vertex  9.917693e+00  4.399915e+01  8.000000e+00
   endloop
 endfacet
 facet normal  6.859319e-03 -9.999765e-01 -2.589227e-17
   outer loop
     vertex  9.917693e+00  4.399915e+01  0.000000e+00
     vertex  1.002744e+01  4.399991e+01  0.000000e+00
     vertex  9.917693e+00  4.399915e+01  8.000000e+00
   endloop
 endfacet
 facet normal  3.429014e-02 -9.994119e-01 -1.294370e-16
   outer loop
     vertex  9.917693e+00  4.399915e+01  0.000000e+00
     vertex  9.917693e+00  4.399915e+01  8.000000e+00
     vertex  9.808011e+00  4.399539e+01  8.000000e+00
   endloop
 endfacet
 facet normal  6.169515e-02 -9.980950e-01 -2.328843e-16
   outer loop
     vertex  9.808011e+00  4.399539e+01  0.000000e+00
     vertex  9.808011e+00  4.399539e+01  8.000000e+00
     vertex  9.698474e+00  4.398862e+01  8.000000e+00
   endloop
 endfacet
 facet normal  3.429014e-02 -9.994119e-01 -1.294370e-16
   outer loop
     vertex  9.808011e+00  4.399539e+01  0.000000e+00
     vertex  9.917693e+00  4.399915e+01  0.000000e+00
     vertex  9.808011e+00  4.399539e+01  8.000000e+00
   endloop
 endfacet
 facet normal  8.905371e-02 -9.960268e-01  5.484933e-16
   outer loop
     vertex  9.698474e+00  4.398862e+01  0.000000e+00
     vertex  9.698474e+00  4.398862e+01  8.000000e+00
     vertex  9.589163e+00  4.397885e+01  8.000000e+00
   endloop
 endfacet
 facet normal  6.169515e-02 -9.980950e-01  6.536022e-16
   outer loop
     vertex  9.698474e+00  4.398862e+01  0.000000e+00
     vertex  9.808011e+00  4.399539e+01  0.000000e+00
     vertex  9.698474e+00  4.398862e+01  8.000000e+00
   endloop
 endfacet
 facet normal  1.163452e-01 -9.932088e-01 -4.391752e-16
   outer loop
     vertex  9.589163e+00  4.397885e+01  0.000000e+00
     vertex  9.589163e+00  4.397885e+01  8.000000e+00
     vertex  9.480162e+00  4.396608e+01  8.000000e+00
   endloop
 endfacet
 facet normal  8.905371e-02 -9.960268e-01 -3.361562e-16
   outer loop
     vertex  9.589163e+00  4.397885e+01  0.000000e+00
     vertex  9.698474e+00  4.398862e+01  0.000000e+00
     vertex  9.589163e+00  4.397885e+01  8.000000e+00
   endloop
 endfacet
 facet normal  1.163452e-01 -9.932088e-01  4.429715e-16
   outer loop
     vertex  9.480162e+00  4.396608e+01  0.000000e+00
     vertex  9.589163e+00  4.397885e+01  0.000000e+00
     vertex  9.480162e+00  4.396608e+01  8.000000e+00
   endloop
 endfacet
 facet normal  1.435492e-01 -9.896432e-01  3.370239e-16
   outer loop
     vertex  9.371552e+00  4.395032e+01  0.000000e+00
     vertex  9.480162e+00  4.396608e+01  0.000000e+00
     vertex  9.480162e+00  4.396608e+01  8.000000e+00
   endloop
 endfacet
 facet normal  1.706451e-01 -9.853326e-01  2.688980e-16
   outer loop
     vertex  9.371552e+00  4.395032e+01  0.000000e+00
     vertex  9.371552e+00  4.395032e+01  8.000000e+00
     vertex  9.263415e+00  4.393160e+01  8.000000e+00
   endloop
 endfacet
 facet normal  1.435492e-01 -9.896432e-01  3.689905e-16
   outer loop
     vertex  9.371552e+00  4.395032e+01  0.000000e+00
     vertex  9.480162e+00  4.396608e+01  8.000000e+00
     vertex  9.371552e+00  4.395032e+01  8.000000e+00
   endloop
 endfacet
 facet normal  1.706451e-01 -9.853326e-01  2.310072e-16
   outer loop
     vertex  9.263415e+00  4.393160e+01  0.000000e+00
     vertex  9.371552e+00  4.395032e+01  0.000000e+00
     vertex  9.263415e+00  4.393160e+01  8.000000e+00
   endloop
 endfacet
 facet normal  1.976125e-01 -9.802802e-01  1.247243e-16
   outer loop
     vertex  9.263415e+00  4.393160e+01  0.000000e+00
     vertex  9.263415e+00  4.393160e+01  8.000000e+00
     vertex  9.155833e+00  4.390991e+01  8.000000e+00
   endloop
 endfacet
 facet normal  1.976125e-01 -9.802802e-01  1.247243e-16
   outer loop
     vertex  9.155833e+00  4.390991e+01  0.000000e+00
     vertex  9.263415e+00  4.393160e+01  0.000000e+00
     vertex  9.155833e+00  4.390991e+01  8.000000e+00
   endloop
 endfacet
 facet normal  2.244312e-01 -9.744899e-01  1.834744e-17
   outer loop
     vertex  9.155833e+00  4.390991e+01  0.000000e+00
     vertex  9.155833e+00  4.390991e+01  8.000000e+00
     vertex  9.048886e+00  4.388528e+01  8.000000e+00
   endloop
 endfacet
 facet normal  2.244312e-01 -9.744899e-01  6.818118e-17
   outer loop
     vertex  9.048886e+00  4.388528e+01  0.000000e+00
     vertex  9.155833e+00  4.390991e+01  0.000000e+00
     vertex  9.048886e+00  4.388528e+01  8.000000e+00
   endloop
 endfacet
 facet normal  2.510809e-01 -9.679661e-01 -3.229202e-17
   outer loop
     vertex  9.048886e+00  4.388528e+01  0.000000e+00
     vertex  9.048886e+00  4.388528e+01  8.000000e+00
     vertex  8.942655e+00  4.385772e+01  8.000000e+00
   endloop
 endfacet
 facet normal  2.510809e-01 -9.679661e-01 -3.229202e-17
   outer loop
     vertex  8.942655e+00  4.385772e+01  0.000000e+00
     vertex  9.048886e+00  4.388528e+01  0.000000e+00
     vertex  8.942655e+00  4.385772e+01  8.000000e+00
   endloop
 endfacet
 facet normal  2.775416e-01 -9.607136e-01 -1.327409e-16
   outer loop
     vertex  8.942655e+00  4.385772e+01  0.000000e+00
     vertex  8.942655e+00  4.385772e+01  8.000000e+00
     vertex  8.837220e+00  4.382726e+01  8.000000e+00
   endloop
 endfacet
 facet normal  2.775416e-01 -9.607136e-01 -1.327409e-16
   outer loop
     vertex  8.837220e+00  4.382726e+01  0.000000e+00
     vertex  8.942655e+00  4.385772e+01  0.000000e+00
     vertex  8.837220e+00  4.382726e+01  8.000000e+00
   endloop
 endfacet
 facet normal  3.037934e-01 -9.527379e-01 -2.330899e-16
   outer loop
     vertex  8.837220e+00  4.382726e+01  0.000000e+00
     vertex  8.837220e+00  4.382726e+01  8.000000e+00
     vertex  8.732661e+00  4.379392e+01  8.000000e+00
   endloop
 endfacet
 facet normal  3.037934e-01 -9.527379e-01  6.131114e-16
   outer loop
     vertex  8.732661e+00  4.379392e+01  0.000000e+00
     vertex  8.837220e+00  4.382726e+01  0.000000e+00
     vertex  8.732661e+00  4.379392e+01  8.000000e+00
   endloop
 endfacet
 facet normal  3.298166e-01 -9.440450e-01  5.052171e-16
   outer loop
     vertex  8.732661e+00  4.379392e+01  0.000000e+00
     vertex  8.732661e+00  4.379392e+01  8.000000e+00
     vertex  8.629055e+00  4.375773e+01  8.000000e+00
   endloop
 endfacet
 facet normal  3.298166e-01 -9.440450e-01 -3.332634e-16
   outer loop
     vertex  8.629055e+00  4.375773e+01  0.000000e+00
     vertex  8.732661e+00  4.379392e+01  0.000000e+00
     vertex  8.629055e+00  4.375773e+01  8.000000e+00
   endloop
 endfacet
 facet normal  3.555914e-01 -9.346415e-01 -4.331860e-16
   outer loop
     vertex  8.629055e+00  4.375773e+01  0.000000e+00
     vertex  8.629055e+00  4.375773e+01  8.000000e+00
     vertex  8.526481e+00  4.371870e+01  8.000000e+00
   endloop
 endfacet
 facet normal  3.555914e-01 -9.346415e-01  4.758996e-16
   outer loop
     vertex  8.526481e+00  4.371870e+01  0.000000e+00
     vertex  8.629055e+00  4.375773e+01  0.000000e+00
     vertex  8.526481e+00  4.371870e+01  8.000000e+00
   endloop
 endfacet
 facet normal  3.810986e-01 -9.245344e-01  3.725222e-16
   outer loop
     vertex  8.425017e+00  4.367688e+01  0.000000e+00
     vertex  8.526481e+00  4.371870e+01  0.000000e+00
     vertex  8.526481e+00  4.371870e+01  8.000000e+00
   endloop
 endfacet
 facet normal  4.063188e-01 -9.137314e-01 -5.417571e-16
   outer loop
     vertex  8.425017e+00  4.367688e+01  0.000000e+00
     vertex  8.425017e+00  4.367688e+01  8.000000e+00
     vertex  8.324738e+00  4.363229e+01  8.000000e+00
   endloop
 endfacet
 facet normal  3.810986e-01 -9.245344e-01 -4.481617e-16
   outer loop
     vertex  8.425017e+00  4.367688e+01  0.000000e+00
     vertex  8.526481e+00  4.371870e+01  8.000000e+00
     vertex  8.425017e+00  4.367688e+01  8.000000e+00
   endloop
 endfacet
 facet normal  4.063188e-01 -9.137314e-01  2.697993e-16
   outer loop
     vertex  8.324738e+00  4.363229e+01  0.000000e+00
     vertex  8.425017e+00  4.367688e+01  0.000000e+00
     vertex  8.324738e+00  4.363229e+01  8.000000e+00
   endloop
 endfacet
 facet normal  4.312333e-01 -9.022405e-01  1.660314e-16
   outer loop
     vertex  8.225720e+00  4.358496e+01  0.000000e+00
     vertex  8.324738e+00  4.363229e+01  0.000000e+00
     vertex  8.324738e+00  4.363229e+01  8.000000e+00
   endloop
 endfacet
 facet normal  4.558231e-01 -8.900704e-01  6.288689e-17
   outer loop
     vertex  8.225720e+00  4.358496e+01  0.000000e+00
     vertex  8.225720e+00  4.358496e+01  8.000000e+00
     vertex  8.128038e+00  4.353493e+01  8.000000e+00
   endloop
 endfacet
 facet normal  4.312333e-01 -9.022405e-01  1.664057e-16
   outer loop
     vertex  8.225720e+00  4.358496e+01  0.000000e+00
     vertex  8.324738e+00  4.363229e+01  8.000000e+00
     vertex  8.225720e+00  4.358496e+01  8.000000e+00
   endloop
 endfacet
 facet normal  4.558231e-01 -8.900704e-01  1.640999e-16
   outer loop
     vertex  8.128038e+00  4.353493e+01  0.000000e+00
     vertex  8.225720e+00  4.358496e+01  0.000000e+00
     vertex  8.128038e+00  4.353493e+01  8.000000e+00
   endloop
 endfacet
 facet normal  4.800697e-01 -8.772303e-01  6.591759e-17
   outer loop
     vertex  8.128038e+00  4.353493e+01  0.000000e+00
     vertex  8.128038e+00  4.353493e+01  8.000000e+00
     vertex  8.031765e+00  4.348225e+01  8.000000e+00
   endloop
 endfacet
 facet normal  4.800697e-01 -8.772303e-01  6.591759e-17
   outer loop
     vertex  8.031765e+00  4.348225e+01  0.000000e+00
     vertex  8.128038e+00  4.353493e+01  0.000000e+00
     vertex  8.031765e+00  4.348225e+01  8.000000e+00
   endloop
 endfacet
 facet normal  5.039550e-01 -8.637299e-01 -3.231439e-17
   outer loop
     vertex  8.031765e+00  4.348225e+01  0.000000e+00
     vertex  8.031765e+00  4.348225e+01  8.000000e+00
     vertex  7.936974e+00  4.342694e+01  8.000000e+00
   endloop
 endfacet
 facet normal  5.039550e-01 -8.637299e-01 -8.826464e-17
   outer loop
     vertex  7.936974e+00  4.342694e+01  0.000000e+00
     vertex  8.031765e+00  4.348225e+01  0.000000e+00
     vertex  7.936974e+00  4.342694e+01  8.000000e+00
   endloop
 endfacet
 facet normal  5.274609e-01 -8.495793e-01 -1.890820e-16
   outer loop
     vertex  7.936974e+00  4.342694e+01  0.000000e+00
     vertex  7.936974e+00  4.342694e+01  8.000000e+00
     vertex  7.843736e+00  4.336905e+01  8.000000e+00
   endloop
 endfacet
 facet normal  5.274609e-01 -8.495793e-01 -1.305220e-16
   outer loop
     vertex  7.843736e+00  4.336905e+01  0.000000e+00
     vertex  7.936974e+00  4.342694e+01  0.000000e+00
     vertex  7.843736e+00  4.336905e+01  8.000000e+00
   endloop
 endfacet
 facet normal  5.505698e-01 -8.347891e-01 -2.286314e-16
   outer loop
     vertex  7.843736e+00  4.336905e+01  0.000000e+00
     vertex  7.843736e+00  4.336905e+01  8.000000e+00
     vertex  7.752120e+00  4.330863e+01  8.000000e+00
   endloop
 endfacet
 facet normal  5.732642e-01 -8.193706e-01 -3.265687e-16
   outer loop
     vertex  7.752120e+00  4.330863e+01  0.000000e+00
     vertex  7.752120e+00  4.330863e+01  8.000000e+00
     vertex  7.662197e+00  4.324572e+01  8.000000e+00
   endloop
 endfacet
 facet normal  5.505698e-01 -8.347891e-01 -2.286314e-16
   outer loop
     vertex  7.752120e+00  4.330863e+01  0.000000e+00
     vertex  7.843736e+00  4.336905e+01  0.000000e+00
     vertex  7.752120e+00  4.330863e+01  8.000000e+00
   endloop
 endfacet
 facet normal  5.955271e-01 -8.033352e-01 -3.581434e-16
   outer loop
     vertex  7.662197e+00  4.324572e+01  0.000000e+00
     vertex  7.662197e+00  4.324572e+01  8.000000e+00
     vertex  7.574034e+00  4.318036e+01  8.000000e+00
   endloop
 endfacet
 facet normal  5.732642e-01 -8.193706e-01 -2.629236e-16
   outer loop
     vertex  7.662197e+00  4.324572e+01  0.000000e+00
     vertex  7.752120e+00  4.330863e+01  0.000000e+00
     vertex  7.662197e+00  4.324572e+01  8.000000e+00
   endloop
 endfacet
 facet normal  6.173417e-01 -7.866951e-01  2.456320e-16
   outer loop
     vertex  7.574034e+00  4.318036e+01  0.000000e+00
     vertex  7.574034e+00  4.318036e+01  8.000000e+00
     vertex  7.487697e+00  4.311261e+01  8.000000e+00
   endloop
 endfacet
 facet normal  5.955271e-01 -8.033352e-01  3.553616e-16
   outer loop
     vertex  7.574034e+00  4.318036e+01  0.000000e+00
     vertex  7.662197e+00  4.324572e+01  0.000000e+00
     vertex  7.574034e+00  4.318036e+01  8.000000e+00
   endloop
 endfacet
 facet normal  6.386916e-01 -7.694628e-01  2.066266e-16
   outer loop
     vertex  7.487697e+00  4.311261e+01  0.000000e+00
     vertex  7.487697e+00  4.311261e+01  8.000000e+00
     vertex  7.403251e+00  4.304251e+01  8.000000e+00
   endloop
 endfacet
 facet normal  6.173417e-01 -7.866951e-01  3.141707e-16
   outer loop
     vertex  7.487697e+00  4.311261e+01  0.000000e+00
     vertex  7.574034e+00  4.318036e+01  0.000000e+00
     vertex  7.487697e+00  4.311261e+01  8.000000e+00
   endloop
 endfacet
 facet normal  6.386916e-01 -7.694628e-01  3.484446e-16
   outer loop
     vertex  7.403251e+00  4.304251e+01  0.000000e+00
     vertex  7.487697e+00  4.311261e+01  0.000000e+00
     vertex  7.403251e+00  4.304251e+01  8.000000e+00
   endloop
 endfacet
 facet normal  6.799333e-01 -7.332740e-01 -8.847223e-18
   outer loop
     vertex  7.320760e+00  4.297013e+01  0.000000e+00
     vertex  7.320760e+00  4.297013e+01  8.000000e+00
     vertex  7.240286e+00  4.289551e+01  8.000000e+00
   endloop
 endfacet
 facet normal  6.595607e-01 -7.516513e-01  9.892693e-17
   outer loop
     vertex  7.320760e+00  4.297013e+01  0.000000e+00
     vertex  7.403251e+00  4.304251e+01  8.000000e+00
     vertex  7.320760e+00  4.297013e+01  8.000000e+00
   endloop
 endfacet
 facet normal  6.595607e-01 -7.516513e-01  2.453630e-16
   outer loop
     vertex  7.320760e+00  4.297013e+01  0.000000e+00
     vertex  7.403251e+00  4.304251e+01  0.000000e+00
     vertex  7.403251e+00  4.304251e+01  8.000000e+00
   endloop
 endfacet
 facet normal  6.799333e-01 -7.332740e-01  7.179187e-16
   outer loop
     vertex  7.240286e+00  4.289551e+01  0.000000e+00
     vertex  7.320760e+00  4.297013e+01  0.000000e+00
     vertex  7.240286e+00  4.289551e+01  8.000000e+00
   endloop
 endfacet
 facet normal  6.997940e-01 -7.143447e-01  5.951317e-16
   outer loop
     vertex  7.161889e+00  4.281871e+01  0.000000e+00
     vertex  7.240286e+00  4.289551e+01  0.000000e+00
     vertex  7.240286e+00  4.289551e+01  8.000000e+00
   endloop
 endfacet
 facet normal  7.191280e-01 -6.948776e-01 -6.461593e-17
   outer loop
     vertex  7.161889e+00  4.281871e+01  0.000000e+00
     vertex  7.161889e+00  4.281871e+01  8.000000e+00
     vertex  7.085629e+00  4.273979e+01  8.000000e+00
   endloop
 endfacet
 facet normal  6.997940e-01 -7.143447e-01  3.877077e-17
   outer loop
     vertex  7.161889e+00  4.281871e+01  0.000000e+00
     vertex  7.240286e+00  4.289551e+01  8.000000e+00
     vertex  7.161889e+00  4.281871e+01  8.000000e+00
   endloop
 endfacet
 facet normal  7.191280e-01 -6.948776e-01  5.525594e-16
   outer loop
     vertex  7.085629e+00  4.273979e+01  0.000000e+00
     vertex  7.161889e+00  4.281871e+01  0.000000e+00
     vertex  7.085629e+00  4.273979e+01  8.000000e+00
   endloop
 endfacet
 facet normal  7.379206e-01 -6.748875e-01  4.315365e-16
   outer loop
     vertex  7.011562e+00  4.265880e+01  0.000000e+00
     vertex  7.085629e+00  4.273979e+01  0.000000e+00
     vertex  7.085629e+00  4.273979e+01  8.000000e+00
   endloop
 endfacet
 facet normal  7.561578e-01 -6.543893e-01 -1.872152e-16
   outer loop
     vertex  7.011562e+00  4.265880e+01  0.000000e+00
     vertex  7.011562e+00  4.265880e+01  8.000000e+00
     vertex  6.939745e+00  4.257582e+01  8.000000e+00
   endloop
 endfacet
 facet normal  7.379206e-01 -6.748875e-01 -8.602834e-17
   outer loop
     vertex  7.011562e+00  4.265880e+01  0.000000e+00
     vertex  7.085629e+00  4.273979e+01  8.000000e+00
     vertex  7.011562e+00  4.265880e+01  8.000000e+00
   endloop
 endfacet
 facet normal  7.561578e-01 -6.543893e-01 -1.872152e-16
   outer loop
     vertex  6.939745e+00  4.257582e+01  0.000000e+00
     vertex  7.011562e+00  4.265880e+01  0.000000e+00
     vertex  6.939745e+00  4.257582e+01  8.000000e+00
   endloop
 endfacet
 facet normal  7.738257e-01 -6.333986e-01 -2.880448e-16
   outer loop
     vertex  6.870232e+00  4.249089e+01  0.000000e+00
     vertex  6.939745e+00  4.257582e+01  0.000000e+00
     vertex  6.939745e+00  4.257582e+01  8.000000e+00
   endloop
 endfacet
 facet normal  7.909112e-01 -6.119310e-01  2.422225e-16
   outer loop
     vertex  6.870232e+00  4.249089e+01  0.000000e+00
     vertex  6.870232e+00  4.249089e+01  8.000000e+00
     vertex  6.803074e+00  4.240409e+01  8.000000e+00
   endloop
 endfacet
 facet normal  7.738257e-01 -6.333986e-01  3.602216e-16
   outer loop
     vertex  6.870232e+00  4.249089e+01  0.000000e+00
     vertex  6.939745e+00  4.257582e+01  8.000000e+00
     vertex  6.870232e+00  4.249089e+01  8.000000e+00
   endloop
 endfacet
 facet normal  7.909112e-01 -6.119310e-01 -2.134726e-16
   outer loop
     vertex  6.803074e+00  4.240409e+01  0.000000e+00
     vertex  6.870232e+00  4.249089e+01  0.000000e+00
     vertex  6.803074e+00  4.240409e+01  8.000000e+00
   endloop
 endfacet
 facet normal  8.074012e-01 -5.900028e-01 -3.103472e-16
   outer loop
     vertex  6.803074e+00  4.240409e+01  0.000000e+00
     vertex  6.803074e+00  4.240409e+01  8.000000e+00
     vertex  6.738324e+00  4.231548e+01  8.000000e+00
   endloop
 endfacet
 facet normal  8.074012e-01 -5.900028e-01  3.033201e-16
   outer loop
     vertex  6.738324e+00  4.231548e+01  0.000000e+00
     vertex  6.803074e+00  4.240409e+01  0.000000e+00
     vertex  6.738324e+00  4.231548e+01  8.000000e+00
   endloop
 endfacet
 facet normal  8.232835e-01 -5.676304e-01  1.885453e-16
   outer loop
     vertex  6.676028e+00  4.222513e+01  0.000000e+00
     vertex  6.738324e+00  4.231548e+01  0.000000e+00
     vertex  6.738324e+00  4.231548e+01  8.000000e+00
   endloop
 endfacet
 facet normal  8.232835e-01 -5.676304e-01  2.799746e-16
   outer loop
     vertex  6.676028e+00  4.222513e+01  0.000000e+00
     vertex  6.738324e+00  4.231548e+01  8.000000e+00
     vertex  6.676028e+00  4.222513e+01  8.000000e+00
   endloop
 endfacet
 facet normal  8.385460e-01 -5.448308e-01  1.664001e-16
   outer loop
     vertex  6.616235e+00  4.213310e+01  0.000000e+00
     vertex  6.676028e+00  4.222513e+01  0.000000e+00
     vertex  6.676028e+00  4.222513e+01  8.000000e+00
   endloop
 endfacet
 facet normal  8.385460e-01 -5.448308e-01  1.667789e-16
   outer loop
     vertex  6.616235e+00  4.213310e+01  0.000000e+00
     vertex  6.676028e+00  4.222513e+01  8.000000e+00
     vertex  6.616235e+00  4.213310e+01  8.000000e+00
   endloop
 endfacet
 facet normal  8.531773e-01 -5.216210e-01  5.349961e-17
   outer loop
     vertex  6.558989e+00  4.203947e+01  0.000000e+00
     vertex  6.616235e+00  4.213310e+01  0.000000e+00
     vertex  6.616235e+00  4.213310e+01  8.000000e+00
   endloop
 endfacet
 facet normal  8.671664e-01 -4.980186e-01 -4.059585e-16
   outer loop
     vertex  6.558989e+00  4.203947e+01  0.000000e+00
     vertex  6.558989e+00  4.203947e+01  8.000000e+00
     vertex  6.504333e+00  4.194430e+01  8.000000e+00
   endloop
 endfacet
 facet normal  8.531773e-01 -5.216210e-01 -3.151132e-16
   outer loop
     vertex  6.558989e+00  4.203947e+01  0.000000e+00
     vertex  6.616235e+00  4.213310e+01  8.000000e+00
     vertex  6.558989e+00  4.203947e+01  8.000000e+00
   endloop
 endfacet
 facet normal  8.671664e-01 -4.980186e-01  2.289205e-16
   outer loop
     vertex  6.504333e+00  4.194430e+01  0.000000e+00
     vertex  6.558989e+00  4.203947e+01  0.000000e+00
     vertex  6.504333e+00  4.194430e+01  8.000000e+00
   endloop
 endfacet
 facet normal  8.805026e-01 -4.740412e-01  1.204168e-16
   outer loop
     vertex  6.452309e+00  4.184767e+01  0.000000e+00
     vertex  6.504333e+00  4.194430e+01  0.000000e+00
     vertex  6.504333e+00  4.194430e+01  8.000000e+00
   endloop
 endfacet
 facet normal  8.931761e-01 -4.497071e-01  1.108094e-17
   outer loop
     vertex  6.452309e+00  4.184767e+01  0.000000e+00
     vertex  6.452309e+00  4.184767e+01  8.000000e+00
     vertex  6.402955e+00  4.174965e+01  8.000000e+00
   endloop
 endfacet
 facet normal  8.805026e-01 -4.740412e-01  1.200459e-16
   outer loop
     vertex  6.452309e+00  4.184767e+01  0.000000e+00
     vertex  6.504333e+00  4.194430e+01  8.000000e+00
     vertex  6.452309e+00  4.184767e+01  8.000000e+00
   endloop
 endfacet
 facet normal  8.931761e-01 -4.497071e-01  2.094059e-16
   outer loop
     vertex  6.402955e+00  4.174965e+01  0.000000e+00
     vertex  6.452309e+00  4.184767e+01  0.000000e+00
     vertex  6.402955e+00  4.174965e+01  8.000000e+00
   endloop
 endfacet
 facet normal  9.051772e-01 -4.250344e-01  1.030974e-16
   outer loop
     vertex  6.402955e+00  4.174965e+01  0.000000e+00
     vertex  6.402955e+00  4.174965e+01  8.000000e+00
     vertex  6.356309e+00  4.165031e+01  8.000000e+00
   endloop
 endfacet
 facet normal  9.051772e-01 -4.250344e-01  1.030974e-16
   outer loop
     vertex  6.356309e+00  4.165031e+01  0.000000e+00
     vertex  6.402955e+00  4.174965e+01  0.000000e+00
     vertex  6.356309e+00  4.165031e+01  8.000000e+00
   endloop
 endfacet
 facet normal  9.271267e-01 -3.747479e-01 -6.740631e-18
   outer loop
     vertex  6.312406e+00  4.154973e+01  0.000000e+00
     vertex  6.312406e+00  4.154973e+01  8.000000e+00
     vertex  6.271278e+00  4.144798e+01  8.000000e+00
   endloop
 endfacet
 facet normal  9.164969e-01 -4.000417e-01  9.846286e-17
   outer loop
     vertex  6.312406e+00  4.154973e+01  0.000000e+00
     vertex  6.356309e+00  4.165031e+01  8.000000e+00
     vertex  6.312406e+00  4.154973e+01  8.000000e+00
   endloop
 endfacet
 facet normal  9.164969e-01 -4.000417e-01 -3.273459e-18
   outer loop
     vertex  6.312406e+00  4.154973e+01  0.000000e+00
     vertex  6.356309e+00  4.165031e+01  0.000000e+00
     vertex  6.356309e+00  4.165031e+01  8.000000e+00
   endloop
 endfacet
 facet normal  9.271267e-01 -3.747479e-01 -6.740631e-18
   outer loop
     vertex  6.271278e+00  4.144798e+01  0.000000e+00
     vertex  6.312406e+00  4.154973e+01  0.000000e+00
     vertex  6.271278e+00  4.144798e+01  8.000000e+00
   endloop
 endfacet
 facet normal  9.370586e-01 -3.491720e-01 -1.119390e-16
   outer loop
     vertex  6.271278e+00  4.144798e+01  0.000000e+00
     vertex  6.271278e+00  4.144798e+01  8.000000e+00
     vertex  6.232958e+00  4.134514e+01  8.000000e+00
   endloop
 endfacet
 facet normal  9.462851e-01 -3.233333e-01 -6.935687e-18
   outer loop
     vertex  6.232958e+00  4.134514e+01  0.000000e+00
     vertex  6.232958e+00  4.134514e+01  8.000000e+00
     vertex  6.197473e+00  4.124129e+01  8.000000e+00
   endloop
 endfacet
 facet normal  9.370586e-01 -3.491720e-01  9.612977e-17
   outer loop
     vertex  6.232958e+00  4.134514e+01  0.000000e+00
     vertex  6.271278e+00  4.144798e+01  0.000000e+00
     vertex  6.232958e+00  4.134514e+01  8.000000e+00
   endloop
 endfacet
 facet normal  9.462851e-01 -3.233333e-01 -6.935687e-18
   outer loop
     vertex  6.197473e+00  4.124129e+01  0.000000e+00
     vertex  6.232958e+00  4.134514e+01  0.000000e+00
     vertex  6.197473e+00  4.124129e+01  8.000000e+00
   endloop
 endfacet
 facet normal  9.547993e-01 -2.972512e-01 -3.991903e-18
   outer loop
     vertex  6.164851e+00  4.113650e+01  0.000000e+00
     vertex  6.197473e+00  4.124129e+01  8.000000e+00
     vertex  6.164851e+00  4.113650e+01  8.000000e+00
   endloop
 endfacet
 facet normal  9.547993e-01 -2.972512e-01 -1.097832e-16
   outer loop
     vertex  6.164851e+00  4.113650e+01  0.000000e+00
     vertex  6.197473e+00  4.124129e+01  0.000000e+00
     vertex  6.197473e+00  4.124129e+01  8.000000e+00
   endloop
 endfacet
 facet normal  9.696656e-01 -2.444354e-01 -1.004815e-16
   outer loop
     vertex  6.135116e+00  4.103086e+01  0.000000e+00
     vertex  6.135116e+00  4.103086e+01  8.000000e+00
     vertex  6.108290e+00  4.092444e+01  8.000000e+00
   endloop
 endfacet
 facet normal  9.625948e-01 -2.709453e-01  7.656166e-19
   outer loop
     vertex  6.135116e+00  4.103086e+01  0.000000e+00
     vertex  6.164851e+00  4.113650e+01  8.000000e+00
     vertex  6.135116e+00  4.103086e+01  8.000000e+00
   endloop
 endfacet
 facet normal  9.625948e-01 -2.709453e-01 -1.062458e-16
   outer loop
     vertex  6.135116e+00  4.103086e+01  0.000000e+00
     vertex  6.164851e+00  4.113650e+01  0.000000e+00
     vertex  6.164851e+00  4.113650e+01  8.000000e+00
   endloop
 endfacet
 facet normal  9.696656e-01 -2.444354e-01  7.173045e-18
   outer loop
     vertex  6.108290e+00  4.092444e+01  0.000000e+00
     vertex  6.135116e+00  4.103086e+01  0.000000e+00
     vertex  6.108290e+00  4.092444e+01  8.000000e+00
   endloop
 endfacet
 facet normal  9.816126e-01 -1.908838e-01  2.427015e-17
   outer loop
     vertex  6.084393e+00  4.081733e+01  0.000000e+00
     vertex  6.084393e+00  4.081733e+01  8.000000e+00
     vertex  6.063445e+00  4.070960e+01  8.000000e+00
   endloop
 endfacet
 facet normal  9.760065e-01 -2.177416e-01  1.234226e-16
   outer loop
     vertex  6.084393e+00  4.081733e+01  0.000000e+00
     vertex  6.108290e+00  4.092444e+01  8.000000e+00
     vertex  6.084393e+00  4.081733e+01  8.000000e+00
   endloop
 endfacet
 facet normal  9.760065e-01 -2.177416e-01 -9.315818e-17
   outer loop
     vertex  6.084393e+00  4.081733e+01  0.000000e+00
     vertex  6.108290e+00  4.092444e+01  0.000000e+00
     vertex  6.108290e+00  4.092444e+01  8.000000e+00
   endloop
 endfacet
 facet normal  9.864799e-01 -1.638824e-01  7.065625e-17
   outer loop
     vertex  6.063445e+00  4.070960e+01  0.000000e+00
     vertex  6.063445e+00  4.070960e+01  8.000000e+00
     vertex  6.045459e+00  4.060134e+01  8.000000e+00
   endloop
 endfacet
 facet normal  9.816126e-01 -1.908838e-01  1.938090e-16
   outer loop
     vertex  6.063445e+00  4.070960e+01  0.000000e+00
     vertex  6.084393e+00  4.081733e+01  0.000000e+00
     vertex  6.063445e+00  4.070960e+01  8.000000e+00
   endloop
 endfacet
 facet normal  9.906046e-01 -1.367575e-01  4.594358e-17
   outer loop
     vertex  6.045459e+00  4.060134e+01  0.000000e+00
     vertex  6.045459e+00  4.060134e+01  8.000000e+00
     vertex  6.030450e+00  4.049262e+01  8.000000e+00
   endloop
 endfacet
 facet normal  9.864799e-01 -1.638824e-01  1.441420e-16
   outer loop
     vertex  6.045459e+00  4.060134e+01  0.000000e+00
     vertex  6.063445e+00  4.070960e+01  0.000000e+00
     vertex  6.045459e+00  4.060134e+01  8.000000e+00
   endloop
 endfacet
 facet normal  9.939835e-01 -1.095298e-01  4.499254e-17
   outer loop
     vertex  6.030450e+00  4.049262e+01  0.000000e+00
     vertex  6.030450e+00  4.049262e+01  8.000000e+00
     vertex  6.018430e+00  4.038353e+01  8.000000e+00
   endloop
 endfacet
 facet normal  9.906046e-01 -1.367575e-01  1.674087e-16
   outer loop
     vertex  6.030450e+00  4.049262e+01  0.000000e+00
     vertex  6.045459e+00  4.060134e+01  0.000000e+00
     vertex  6.030450e+00  4.049262e+01  8.000000e+00
   endloop
 endfacet
 facet normal  9.939835e-01 -1.095298e-01  1.553469e-16
   outer loop
     vertex  6.018430e+00  4.038353e+01  0.000000e+00
     vertex  6.030450e+00  4.049262e+01  0.000000e+00
     vertex  6.018430e+00  4.038353e+01  8.000000e+00
   endloop
 endfacet
 facet normal  9.966142e-01 -8.221955e-02  3.316436e-17
   outer loop
     vertex  6.009407e+00  4.027416e+01  0.000000e+00
     vertex  6.018430e+00  4.038353e+01  0.000000e+00
     vertex  6.018430e+00  4.038353e+01  8.000000e+00
   endloop
 endfacet
 facet normal  9.966142e-01 -8.221955e-02  3.318894e-17
   outer loop
     vertex  6.009407e+00  4.027416e+01  0.000000e+00
     vertex  6.018430e+00  4.038353e+01  8.000000e+00
     vertex  6.009407e+00  4.027416e+01  8.000000e+00
   endloop
 endfacet
 facet normal  9.984947e-01 -5.484744e-02 -8.894887e-17
   outer loop
     vertex  6.003387e+00  4.016458e+01  0.000000e+00
     vertex  6.009407e+00  4.027416e+01  0.000000e+00
     vertex  6.009407e+00  4.027416e+01  8.000000e+00
   endloop
 endfacet
 facet normal  9.996236e-01 -2.743405e-02 -1.001294e-16
   outer loop
     vertex  6.003387e+00  4.016458e+01  0.000000e+00
     vertex  6.003387e+00  4.016458e+01  8.000000e+00
     vertex  6.000376e+00  4.005487e+01  8.000000e+00
   endloop
 endfacet
 facet normal  9.984947e-01 -5.484744e-02  2.186121e-17
   outer loop
     vertex  6.003387e+00  4.016458e+01  0.000000e+00
     vertex  6.009407e+00  4.027416e+01  8.000000e+00
     vertex  6.003387e+00  4.016458e+01  8.000000e+00
   endloop
 endfacet
 facet normal  9.996236e-01 -2.743405e-02  1.085113e-17
   outer loop
     vertex  6.000376e+00  4.005487e+01  0.000000e+00
     vertex  6.003387e+00  4.016458e+01  0.000000e+00
     vertex  6.000376e+00  4.005487e+01  8.000000e+00
   endloop
 endfacet
 facet normal  1.000000e+00  8.092999e-15 -1.110223e-16
   outer loop
     vertex  6.000376e+00  3.994513e+01  0.000000e+00
     vertex  6.000376e+00  4.005487e+01  0.000000e+00
     vertex  6.000376e+00  4.005487e+01  8.000000e+00
   endloop
 endfacet
 facet normal  1.000000e+00 -8.092999e-15  1.110223e-16
   outer loop
     vertex  6.000376e+00  3.994513e+01  0.000000e+00
     vertex  6.000376e+00  4.005487e+01  8.000000e+00
     vertex  6.000376e+00  3.994513e+01  8.000000e+00
   endloop
 endfacet
 facet normal  9.996236e-01  2.743405e-02 -1.086543e-17
   outer loop
     vertex  6.003387e+00  3.983542e+01  0.000000e+00
     vertex  6.000376e+00  3.994513e+01  0.000000e+00
     vertex  6.000376e+00  3.994513e+01  8.000000e+00
   endloop
 endfacet
 facet normal  9.984947e-01  5.484744e-02 -2.186121e-17
   outer loop
     vertex  6.003387e+00  3.983542e+01  0.000000e+00
     vertex  6.003387e+00  3.983542e+01  8.000000e+00
     vertex  6.009407e+00  3.972584e+01  8.000000e+00
   endloop
 endfacet
 facet normal  9.996236e-01  2.743405e-02  1.001294e-16
   outer loop
     vertex  6.003387e+00  3.983542e+01  0.000000e+00
     vertex  6.000376e+00  3.994513e+01  8.000000e+00
     vertex  6.003387e+00  3.983542e+01  8.000000e+00
   endloop
 endfacet
 facet normal  9.984947e-01  5.484744e-02  8.899397e-17
   outer loop
     vertex  6.009407e+00  3.972584e+01  0.000000e+00
     vertex  6.003387e+00  3.983542e+01  0.000000e+00
     vertex  6.009407e+00  3.972584e+01  8.000000e+00
   endloop
 endfacet
 facet normal  9.966142e-01  8.221955e-02 -3.318894e-17
   outer loop
     vertex  6.009407e+00  3.972584e+01  0.000000e+00
     vertex  6.009407e+00  3.972584e+01  8.000000e+00
     vertex  6.018430e+00  3.961647e+01  8.000000e+00
   endloop
 endfacet
 facet normal  9.966142e-01  8.221955e-02 -3.318894e-17
   outer loop
     vertex  6.018430e+00  3.961647e+01  0.000000e+00
     vertex  6.009407e+00  3.972584e+01  0.000000e+00
     vertex  6.018430e+00  3.961647e+01  8.000000e+00
   endloop
 endfacet
 facet normal  9.939835e-01  1.095298e-01 -1.553469e-16
   outer loop
     vertex  6.018430e+00  3.961647e+01  0.000000e+00
     vertex  6.018430e+00  3.961647e+01  8.000000e+00
     vertex  6.030450e+00  3.950738e+01  8.000000e+00
   endloop
 endfacet
 facet normal  9.939835e-01  1.095298e-01 -4.499254e-17
   outer loop
     vertex  6.030450e+00  3.950738e+01  0.000000e+00
     vertex  6.018430e+00  3.961647e+01  0.000000e+00
     vertex  6.030450e+00  3.950738e+01  8.000000e+00
   endloop
 endfacet
 facet normal  9.906046e-01  1.367575e-01 -1.674087e-16
   outer loop
     vertex  6.030450e+00  3.950738e+01  0.000000e+00
     vertex  6.030450e+00  3.950738e+01  8.000000e+00
     vertex  6.045459e+00  3.939866e+01  8.000000e+00
   endloop
 endfacet
 facet normal  9.906046e-01  1.367575e-01 -4.594358e-17
   outer loop
     vertex  6.045459e+00  3.939866e+01  0.000000e+00
     vertex  6.030450e+00  3.950738e+01  0.000000e+00
     vertex  6.045459e+00  3.939866e+01  8.000000e+00
   endloop
 endfacet
 facet normal  9.816126e-01  1.908838e-01 -1.938090e-16
   outer loop
     vertex  6.063445e+00  3.929040e+01  0.000000e+00
     vertex  6.063445e+00  3.929040e+01  8.000000e+00
     vertex  6.084393e+00  3.918267e+01  8.000000e+00
   endloop
 endfacet
 facet normal  9.864799e-01  1.638824e-01 -7.065625e-17
   outer loop
     vertex  6.063445e+00  3.929040e+01  0.000000e+00
     vertex  6.045459e+00  3.939866e+01  8.000000e+00
     vertex  6.063445e+00  3.929040e+01  8.000000e+00
   endloop
 endfacet
 facet normal  9.864799e-01  1.638824e-01 -1.441467e-16
   outer loop
     vertex  6.063445e+00  3.929040e+01  0.000000e+00
     vertex  6.045459e+00  3.939866e+01  0.000000e+00
     vertex  6.045459e+00  3.939866e+01  8.000000e+00
   endloop
 endfacet
 facet normal  9.816126e-01  1.908838e-01 -2.427015e-17
   outer loop
     vertex  6.084393e+00  3.918267e+01  0.000000e+00
     vertex  6.063445e+00  3.929040e+01  0.000000e+00
     vertex  6.084393e+00  3.918267e+01  8.000000e+00
   endloop
 endfacet
 facet normal  9.760065e-01  2.177416e-01  9.329441e-17
   outer loop
     vertex  6.108290e+00  3.907556e+01  0.000000e+00
     vertex  6.084393e+00  3.918267e+01  8.000000e+00
     vertex  6.108290e+00  3.907556e+01  8.000000e+00
   endloop
 endfacet
 facet normal  9.760065e-01  2.177416e-01 -1.235588e-16
   outer loop
     vertex  6.108290e+00  3.907556e+01  0.000000e+00
     vertex  6.084393e+00  3.918267e+01  0.000000e+00
     vertex  6.084393e+00  3.918267e+01  8.000000e+00
   endloop
 endfacet
 facet normal  9.625948e-01  2.709453e-01 -7.656166e-19
   outer loop
     vertex  6.135116e+00  3.896914e+01  0.000000e+00
     vertex  6.135116e+00  3.896914e+01  8.000000e+00
     vertex  6.164851e+00  3.886350e+01  8.000000e+00
   endloop
 endfacet
 facet normal  9.696656e-01  2.444354e-01  1.004815e-16
   outer loop
     vertex  6.135116e+00  3.896914e+01  0.000000e+00
     vertex  6.108290e+00  3.907556e+01  8.000000e+00
     vertex  6.135116e+00  3.896914e+01  8.000000e+00
   endloop
 endfacet
 facet normal  9.696656e-01  2.444354e-01 -7.066694e-18
   outer loop
     vertex  6.135116e+00  3.896914e+01  0.000000e+00
     vertex  6.108290e+00  3.907556e+01  0.000000e+00
     vertex  6.108290e+00  3.907556e+01  8.000000e+00
   endloop
 endfacet
 facet normal  9.625948e-01  2.709453e-01  1.061039e-16
   outer loop
     vertex  6.164851e+00  3.886350e+01  0.000000e+00
     vertex  6.135116e+00  3.896914e+01  0.000000e+00
     vertex  6.164851e+00  3.886350e+01  8.000000e+00
   endloop
 endfacet
 facet normal  9.462851e-01  3.233333e-01  6.935687e-18
   outer loop
     vertex  6.197473e+00  3.875871e+01  0.000000e+00
     vertex  6.197473e+00  3.875871e+01  8.000000e+00
     vertex  6.232958e+00  3.865486e+01  8.000000e+00
   endloop
 endfacet
 facet normal  9.547993e-01  2.972512e-01  1.099959e-16
   outer loop
     vertex  6.197473e+00  3.875871e+01  0.000000e+00
     vertex  6.164851e+00  3.886350e+01  8.000000e+00
     vertex  6.197473e+00  3.875871e+01  8.000000e+00
   endloop
 endfacet
 facet normal  9.547993e-01  2.972512e-01  3.779176e-18
   outer loop
     vertex  6.197473e+00  3.875871e+01  0.000000e+00
     vertex  6.164851e+00  3.886350e+01  0.000000e+00
     vertex  6.164851e+00  3.886350e+01  8.000000e+00
   endloop
 endfacet
 facet normal  9.462851e-01  3.233333e-01  6.935687e-18
   outer loop
     vertex  6.232958e+00  3.865486e+01  0.000000e+00
     vertex  6.197473e+00  3.875871e+01  0.000000e+00
     vertex  6.232958e+00  3.865486e+01  8.000000e+00
   endloop
 endfacet
 facet normal  9.271267e-01  3.747479e-01  6.740631e-18
   outer loop
     vertex  6.271278e+00  3.855202e+01  0.000000e+00
     vertex  6.271278e+00  3.855202e+01  8.000000e+00
     vertex  6.312406e+00  3.845027e+01  8.000000e+00
   endloop
 endfacet
 facet normal  9.370586e-01  3.491720e-01  1.119390e-16
   outer loop
     vertex  6.271278e+00  3.855202e+01  0.000000e+00
     vertex  6.232958e+00  3.865486e+01  8.000000e+00
     vertex  6.271278e+00  3.855202e+01  8.000000e+00
   endloop
 endfacet
 facet normal  9.370586e-01  3.491720e-01 -9.645965e-17
   outer loop
     vertex  6.271278e+00  3.855202e+01  0.000000e+00
     vertex  6.232958e+00  3.865486e+01  0.000000e+00
     vertex  6.232958e+00  3.865486e+01  8.000000e+00
   endloop
 endfacet
 facet normal  9.164969e-01  4.000417e-01 -9.846286e-17
   outer loop
     vertex  6.312406e+00  3.845027e+01  0.000000e+00
     vertex  6.312406e+00  3.845027e+01  8.000000e+00
     vertex  6.356309e+00  3.834969e+01  8.000000e+00
   endloop
 endfacet
 facet normal  9.271267e-01  3.747479e-01  6.740631e-18
   outer loop
     vertex  6.312406e+00  3.845027e+01  0.000000e+00
     vertex  6.271278e+00  3.855202e+01  0.000000e+00
     vertex  6.312406e+00  3.845027e+01  8.000000e+00
   endloop
 endfacet
 facet normal  9.051772e-01  4.250344e-01 -1.030974e-16
   outer loop
     vertex  6.356309e+00  3.834969e+01  0.000000e+00
     vertex  6.356309e+00  3.834969e+01  8.000000e+00
     vertex  6.402955e+00  3.825035e+01  8.000000e+00
   endloop
 endfacet
 facet normal  9.164969e-01  4.000417e-01  3.288740e-18
   outer loop
     vertex  6.356309e+00  3.834969e+01  0.000000e+00
     vertex  6.312406e+00  3.845027e+01  0.000000e+00
     vertex  6.356309e+00  3.834969e+01  8.000000e+00
   endloop
 endfacet
 facet normal  9.051772e-01  4.250344e-01 -1.030974e-16
   outer loop
     vertex  6.402955e+00  3.825035e+01  0.000000e+00
     vertex  6.356309e+00  3.834969e+01  0.000000e+00
     vertex  6.402955e+00  3.825035e+01  8.000000e+00
   endloop
 endfacet
 facet normal  8.931761e-01  4.497071e-01 -1.108094e-17
   outer loop
     vertex  6.452309e+00  3.815233e+01  0.000000e+00
     vertex  6.402955e+00  3.825035e+01  8.000000e+00
     vertex  6.452309e+00  3.815233e+01  8.000000e+00
   endloop
 endfacet
 facet normal  8.931761e-01  4.497071e-01 -2.091134e-16
   outer loop
     vertex  6.452309e+00  3.815233e+01  0.000000e+00
     vertex  6.402955e+00  3.825035e+01  0.000000e+00
     vertex  6.402955e+00  3.825035e+01  8.000000e+00
   endloop
 endfacet
 facet normal  8.671664e-01  4.980186e-01 -2.289205e-16
   outer loop
     vertex  6.504333e+00  3.805570e+01  0.000000e+00
     vertex  6.504333e+00  3.805570e+01  8.000000e+00
     vertex  6.558989e+00  3.796053e+01  8.000000e+00
   endloop
 endfacet
 facet normal  8.805026e-01  4.740412e-01 -1.200459e-16
   outer loop
     vertex  6.504333e+00  3.805570e+01  0.000000e+00
     vertex  6.452309e+00  3.815233e+01  8.000000e+00
     vertex  6.504333e+00  3.805570e+01  8.000000e+00
   endloop
 endfacet
 facet normal  8.805026e-01  4.740412e-01 -1.204168e-16
   outer loop
     vertex  6.504333e+00  3.805570e+01  0.000000e+00
     vertex  6.452309e+00  3.815233e+01  0.000000e+00
     vertex  6.452309e+00  3.815233e+01  8.000000e+00
   endloop
 endfacet
 facet normal  8.531773e-01  5.216210e-01  3.151132e-16
   outer loop
     vertex  6.558989e+00  3.796053e+01  0.000000e+00
     vertex  6.558989e+00  3.796053e+01  8.000000e+00
     vertex  6.616235e+00  3.786690e+01  8.000000e+00
   endloop
 endfacet
 facet normal  8.671664e-01  4.980186e-01  4.059585e-16
   outer loop
     vertex  6.558989e+00  3.796053e+01  0.000000e+00
     vertex  6.504333e+00  3.805570e+01  0.000000e+00
     vertex  6.558989e+00  3.796053e+01  8.000000e+00
   endloop
 endfacet
 facet normal  8.385460e-01  5.448308e-01 -1.667789e-16
   outer loop
     vertex  6.616235e+00  3.786690e+01  0.000000e+00
     vertex  6.616235e+00  3.786690e+01  8.000000e+00
     vertex  6.676028e+00  3.777487e+01  8.000000e+00
   endloop
 endfacet
 facet normal  8.531773e-01  5.216210e-01 -5.345758e-17
   outer loop
     vertex  6.616235e+00  3.786690e+01  0.000000e+00
     vertex  6.558989e+00  3.796053e+01  0.000000e+00
     vertex  6.616235e+00  3.786690e+01  8.000000e+00
   endloop
 endfacet
 facet normal  8.385460e-01  5.448308e-01 -1.667789e-16
   outer loop
     vertex  6.676028e+00  3.777487e+01  0.000000e+00
     vertex  6.616235e+00  3.786690e+01  0.000000e+00
     vertex  6.676028e+00  3.777487e+01  8.000000e+00
   endloop
 endfacet
 facet normal  8.232835e-01  5.676304e-01 -2.799482e-16
   outer loop
     vertex  6.738324e+00  3.768452e+01  0.000000e+00
     vertex  6.676028e+00  3.777487e+01  0.000000e+00
     vertex  6.676028e+00  3.777487e+01  8.000000e+00
   endloop
 endfacet
 facet normal  8.074012e-01  5.900028e-01 -3.033201e-16
   outer loop
     vertex  6.738324e+00  3.768452e+01  0.000000e+00
     vertex  6.738324e+00  3.768452e+01  8.000000e+00
     vertex  6.803074e+00  3.759591e+01  8.000000e+00
   endloop
 endfacet
 facet normal  8.232835e-01  5.676304e-01 -1.885718e-16
   outer loop
     vertex  6.738324e+00  3.768452e+01  0.000000e+00
     vertex  6.676028e+00  3.777487e+01  8.000000e+00
     vertex  6.738324e+00  3.768452e+01  8.000000e+00
   endloop
 endfacet
 facet normal  8.074012e-01  5.900028e-01  3.103472e-16
   outer loop
     vertex  6.803074e+00  3.759591e+01  0.000000e+00
     vertex  6.738324e+00  3.768452e+01  0.000000e+00
     vertex  6.803074e+00  3.759591e+01  8.000000e+00
   endloop
 endfacet
 facet normal  7.909112e-01  6.119310e-01  2.134726e-16
   outer loop
     vertex  6.803074e+00  3.759591e+01  0.000000e+00
     vertex  6.803074e+00  3.759591e+01  8.000000e+00
     vertex  6.870232e+00  3.750911e+01  8.000000e+00
   endloop
 endfacet
 facet normal  7.909112e-01  6.119310e-01 -2.422225e-16
   outer loop
     vertex  6.870232e+00  3.750911e+01  0.000000e+00
     vertex  6.803074e+00  3.759591e+01  0.000000e+00
     vertex  6.870232e+00  3.750911e+01  8.000000e+00
   endloop
 endfacet
 facet normal  7.738257e-01  6.333986e-01 -3.602216e-16
   outer loop
     vertex  6.870232e+00  3.750911e+01  0.000000e+00
     vertex  6.870232e+00  3.750911e+01  8.000000e+00
     vertex  6.939745e+00  3.742418e+01  8.000000e+00
   endloop
 endfacet
 facet normal  7.738257e-01  6.333986e-01  2.882612e-16
   outer loop
     vertex  6.939745e+00  3.742418e+01  0.000000e+00
     vertex  6.870232e+00  3.750911e+01  0.000000e+00
     vertex  6.939745e+00  3.742418e+01  8.000000e+00
   endloop
 endfacet
 facet normal  7.561578e-01  6.543893e-01  1.872152e-16
   outer loop
     vertex  7.011562e+00  3.734120e+01  0.000000e+00
     vertex  6.939745e+00  3.742418e+01  8.000000e+00
     vertex  7.011562e+00  3.734120e+01  8.000000e+00
   endloop
 endfacet
 facet normal  7.561578e-01  6.543893e-01  1.872015e-16
   outer loop
     vertex  7.011562e+00  3.734120e+01  0.000000e+00
     vertex  6.939745e+00  3.742418e+01  0.000000e+00
     vertex  6.939745e+00  3.742418e+01  8.000000e+00
   endloop
 endfacet
 facet normal  7.191280e-01  6.948776e-01 -5.525594e-16
   outer loop
     vertex  7.085629e+00  3.726021e+01  0.000000e+00
     vertex  7.085629e+00  3.726021e+01  8.000000e+00
     vertex  7.161889e+00  3.718129e+01  8.000000e+00
   endloop
 endfacet
 facet normal  7.379206e-01  6.748875e-01 -4.314665e-16
   outer loop
     vertex  7.085629e+00  3.726021e+01  0.000000e+00
     vertex  7.011562e+00  3.734120e+01  8.000000e+00
     vertex  7.085629e+00  3.726021e+01  8.000000e+00
   endloop
 endfacet
 facet normal  7.379206e-01  6.748875e-01  8.620219e-17
   outer loop
     vertex  7.085629e+00  3.726021e+01  0.000000e+00
     vertex  7.011562e+00  3.734120e+01  0.000000e+00
     vertex  7.011562e+00  3.734120e+01  8.000000e+00
   endloop
 endfacet
 facet normal  7.191280e-01  6.948776e-01  6.461593e-17
   outer loop
     vertex  7.161889e+00  3.718129e+01  0.000000e+00
     vertex  7.085629e+00  3.726021e+01  0.000000e+00
     vertex  7.161889e+00  3.718129e+01  8.000000e+00
   endloop
 endfacet
 facet normal  6.997940e-01  7.143447e-01 -5.955436e-16
   outer loop
     vertex  7.240286e+00  3.710449e+01  0.000000e+00
     vertex  7.161889e+00  3.718129e+01  8.000000e+00
     vertex  7.240286e+00  3.710449e+01  8.000000e+00
   endloop
 endfacet
 facet normal  6.997940e-01  7.143447e-01 -3.858313e-17
   outer loop
     vertex  7.240286e+00  3.710449e+01  0.000000e+00
     vertex  7.161889e+00  3.718129e+01  0.000000e+00
     vertex  7.161889e+00  3.718129e+01  8.000000e+00
   endloop
 endfacet
 facet normal  6.799333e-01  7.332740e-01  8.847223e-18
   outer loop
     vertex  7.320760e+00  3.702987e+01  0.000000e+00
     vertex  7.240286e+00  3.710449e+01  8.000000e+00
     vertex  7.320760e+00  3.702987e+01  8.000000e+00
   endloop
 endfacet
 facet normal  6.799333e-01  7.332740e-01 -7.180254e-16
   outer loop
     vertex  7.320760e+00  3.702987e+01  0.000000e+00
     vertex  7.240286e+00  3.710449e+01  0.000000e+00
     vertex  7.240286e+00  3.710449e+01  8.000000e+00
   endloop
 endfacet
 facet normal  6.595607e-01  7.516513e-01 -2.453788e-16
   outer loop
     vertex  7.403251e+00  3.695749e+01  0.000000e+00
     vertex  7.320760e+00  3.702987e+01  8.000000e+00
     vertex  7.403251e+00  3.695749e+01  8.000000e+00
   endloop
 endfacet
 facet normal  6.595607e-01  7.516513e-01 -9.891114e-17
   outer loop
     vertex  7.403251e+00  3.695749e+01  0.000000e+00
     vertex  7.320760e+00  3.702987e+01  0.000000e+00
     vertex  7.320760e+00  3.702987e+01  8.000000e+00
   endloop
 endfacet
 facet normal  6.386916e-01  7.694628e-01 -2.066266e-16
   outer loop
     vertex  7.487697e+00  3.688739e+01  0.000000e+00
     vertex  7.403251e+00  3.695749e+01  8.000000e+00
     vertex  7.487697e+00  3.688739e+01  8.000000e+00
   endloop
 endfacet
 facet normal  6.386916e-01  7.694628e-01 -3.486022e-16
   outer loop
     vertex  7.487697e+00  3.688739e+01  0.000000e+00
     vertex  7.403251e+00  3.695749e+01  0.000000e+00
     vertex  7.403251e+00  3.695749e+01  8.000000e+00
   endloop
 endfacet
 facet normal  6.173417e-01  7.866951e-01 -2.456320e-16
   outer loop
     vertex  7.574034e+00  3.681964e+01  0.000000e+00
     vertex  7.487697e+00  3.688739e+01  8.000000e+00
     vertex  7.574034e+00  3.681964e+01  8.000000e+00
   endloop
 endfacet
 facet normal  6.173417e-01  7.866951e-01 -3.138588e-16
   outer loop
     vertex  7.574034e+00  3.681964e+01  0.000000e+00
     vertex  7.487697e+00  3.688739e+01  0.000000e+00
     vertex  7.487697e+00  3.688739e+01  8.000000e+00
   endloop
 endfacet
 facet normal  5.732642e-01  8.193706e-01  2.629236e-16
   outer loop
     vertex  7.662197e+00  3.675428e+01  0.000000e+00
     vertex  7.662197e+00  3.675428e+01  8.000000e+00
     vertex  7.752120e+00  3.669137e+01  8.000000e+00
   endloop
 endfacet
 facet normal  5.955271e-01  8.033352e-01  3.581434e-16
   outer loop
     vertex  7.662197e+00  3.675428e+01  0.000000e+00
     vertex  7.574034e+00  3.681964e+01  8.000000e+00
     vertex  7.662197e+00  3.675428e+01  8.000000e+00
   endloop
 endfacet
 facet normal  5.955271e-01  8.033352e-01 -3.555927e-16
   outer loop
     vertex  7.662197e+00  3.675428e+01  0.000000e+00
     vertex  7.574034e+00  3.681964e+01  0.000000e+00
     vertex  7.574034e+00  3.681964e+01  8.000000e+00
   endloop
 endfacet
 facet normal  5.732642e-01  8.193706e-01  3.265687e-16
   outer loop
     vertex  7.752120e+00  3.669137e+01  0.000000e+00
     vertex  7.662197e+00  3.675428e+01  0.000000e+00
     vertex  7.752120e+00  3.669137e+01  8.000000e+00
   endloop
 endfacet
 facet normal  5.274609e-01  8.495793e-01  1.305220e-16
   outer loop
     vertex  7.843736e+00  3.663095e+01  0.000000e+00
     vertex  7.843736e+00  3.663095e+01  8.000000e+00
     vertex  7.936974e+00  3.657306e+01  8.000000e+00
   endloop
 endfacet
 facet normal  5.505698e-01  8.347891e-01  2.286314e-16
   outer loop
     vertex  7.843736e+00  3.663095e+01  0.000000e+00
     vertex  7.752120e+00  3.669137e+01  8.000000e+00
     vertex  7.843736e+00  3.663095e+01  8.000000e+00
   endloop
 endfacet
 facet normal  5.505698e-01  8.347891e-01  2.289478e-16
   outer loop
     vertex  7.843736e+00  3.663095e+01  0.000000e+00
     vertex  7.752120e+00  3.669137e+01  0.000000e+00
     vertex  7.752120e+00  3.669137e+01  8.000000e+00
   endloop
 endfacet
 facet normal  5.274609e-01  8.495793e-01  1.890820e-16
   outer loop
     vertex  7.936974e+00  3.657306e+01  0.000000e+00
     vertex  7.843736e+00  3.663095e+01  0.000000e+00
     vertex  7.936974e+00  3.657306e+01  8.000000e+00
   endloop
 endfacet
 facet normal  5.039550e-01  8.637299e-01  3.231439e-17
   outer loop
     vertex  8.031765e+00  3.651775e+01  0.000000e+00
     vertex  7.936974e+00  3.657306e+01  8.000000e+00
     vertex  8.031765e+00  3.651775e+01  8.000000e+00
   endloop
 endfacet
 facet normal  5.039550e-01  8.637299e-01  8.798390e-17
   outer loop
     vertex  8.031765e+00  3.651775e+01  0.000000e+00
     vertex  7.936974e+00  3.657306e+01  0.000000e+00
     vertex  7.936974e+00  3.657306e+01  8.000000e+00
   endloop
 endfacet
 facet normal  4.800697e-01  8.772303e-01 -6.591759e-17
   outer loop
     vertex  8.128038e+00  3.646507e+01  0.000000e+00
     vertex  8.031765e+00  3.651775e+01  8.000000e+00
     vertex  8.128038e+00  3.646507e+01  8.000000e+00
   endloop
 endfacet
 facet normal  4.800697e-01  8.772303e-01 -6.617355e-17
   outer loop
     vertex  8.128038e+00  3.646507e+01  0.000000e+00
     vertex  8.031765e+00  3.651775e+01  0.000000e+00
     vertex  8.031765e+00  3.651775e+01  8.000000e+00
   endloop
 endfacet
 facet normal  4.558231e-01  8.900704e-01 -6.288689e-17
   outer loop
     vertex  8.225720e+00  3.641504e+01  0.000000e+00
     vertex  8.128038e+00  3.646507e+01  8.000000e+00
     vertex  8.225720e+00  3.641504e+01  8.000000e+00
   endloop
 endfacet
 facet normal  4.558231e-01  8.900704e-01 -1.638937e-16
   outer loop
     vertex  8.225720e+00  3.641504e+01  0.000000e+00
     vertex  8.128038e+00  3.646507e+01  0.000000e+00
     vertex  8.128038e+00  3.646507e+01  8.000000e+00
   endloop
 endfacet
 facet normal  4.063188e-01  9.137314e-01 -2.697993e-16
   outer loop
     vertex  8.324738e+00  3.636771e+01  0.000000e+00
     vertex  8.324738e+00  3.636771e+01  8.000000e+00
     vertex  8.425017e+00  3.632312e+01  8.000000e+00
   endloop
 endfacet
 facet normal  4.312333e-01  9.022405e-01 -1.664057e-16
   outer loop
     vertex  8.324738e+00  3.636771e+01  0.000000e+00
     vertex  8.225720e+00  3.641504e+01  8.000000e+00
     vertex  8.324738e+00  3.636771e+01  8.000000e+00
   endloop
 endfacet
 facet normal  4.312333e-01  9.022405e-01 -1.660314e-16
   outer loop
     vertex  8.324738e+00  3.636771e+01  0.000000e+00
     vertex  8.225720e+00  3.641504e+01  0.000000e+00
     vertex  8.225720e+00  3.641504e+01  8.000000e+00
   endloop
 endfacet
 facet normal  4.063188e-01  9.137314e-01  5.417571e-16
   outer loop
     vertex  8.425017e+00  3.632312e+01  0.000000e+00
     vertex  8.324738e+00  3.636771e+01  0.000000e+00
     vertex  8.425017e+00  3.632312e+01  8.000000e+00
   endloop
 endfacet
 facet normal  3.810986e-01  9.245344e-01  4.484350e-16
   outer loop
     vertex  8.526481e+00  3.628130e+01  0.000000e+00
     vertex  8.425017e+00  3.632312e+01  0.000000e+00
     vertex  8.425017e+00  3.632312e+01  8.000000e+00
   endloop
 endfacet
 facet normal  3.555914e-01  9.346415e-01 -4.758996e-16
   outer loop
     vertex  8.526481e+00  3.628130e+01  0.000000e+00
     vertex  8.526481e+00  3.628130e+01  8.000000e+00
     vertex  8.629055e+00  3.624227e+01  8.000000e+00
   endloop
 endfacet
 facet normal  3.810986e-01  9.245344e-01 -3.729898e-16
   outer loop
     vertex  8.526481e+00  3.628130e+01  0.000000e+00
     vertex  8.425017e+00  3.632312e+01  8.000000e+00
     vertex  8.526481e+00  3.628130e+01  8.000000e+00
   endloop
 endfacet
 facet normal  3.555914e-01  9.346415e-01  4.331860e-16
   outer loop
     vertex  8.629055e+00  3.624227e+01  0.000000e+00
     vertex  8.526481e+00  3.628130e+01  0.000000e+00
     vertex  8.629055e+00  3.624227e+01  8.000000e+00
   endloop
 endfacet
 facet normal  3.298166e-01  9.440450e-01  3.334694e-16
   outer loop
     vertex  8.732661e+00  3.620608e+01  0.000000e+00
     vertex  8.629055e+00  3.624227e+01  0.000000e+00
     vertex  8.629055e+00  3.624227e+01  8.000000e+00
   endloop
 endfacet
 facet normal  3.037934e-01  9.527379e-01 -6.131114e-16
   outer loop
     vertex  8.732661e+00  3.620608e+01  0.000000e+00
     vertex  8.732661e+00  3.620608e+01  8.000000e+00
     vertex  8.837220e+00  3.617274e+01  8.000000e+00
   endloop
 endfacet
 facet normal  3.298166e-01  9.440450e-01 -5.052171e-16
   outer loop
     vertex  8.732661e+00  3.620608e+01  0.000000e+00
     vertex  8.629055e+00  3.624227e+01  8.000000e+00
     vertex  8.732661e+00  3.620608e+01  8.000000e+00
   endloop
 endfacet
 facet normal  2.775416e-01  9.607136e-01  1.327409e-16
   outer loop
     vertex  8.837220e+00  3.617274e+01  0.000000e+00
     vertex  8.837220e+00  3.617274e+01  8.000000e+00
     vertex  8.942655e+00  3.614228e+01  8.000000e+00
   endloop
 endfacet
 facet normal  3.037934e-01  9.527379e-01  2.330899e-16
   outer loop
     vertex  8.837220e+00  3.617274e+01  0.000000e+00
     vertex  8.732661e+00  3.620608e+01  0.000000e+00
     vertex  8.837220e+00  3.617274e+01  8.000000e+00
   endloop
 endfacet
 facet normal  2.775416e-01  9.607136e-01  1.327409e-16
   outer loop
     vertex  8.942655e+00  3.614228e+01  0.000000e+00
     vertex  8.837220e+00  3.617274e+01  0.000000e+00
     vertex  8.942655e+00  3.614228e+01  8.000000e+00
   endloop
 endfacet
 facet normal  2.510809e-01  9.679661e-01  3.229202e-17
   outer loop
     vertex  8.942655e+00  3.614228e+01  0.000000e+00
     vertex  8.942655e+00  3.614228e+01  8.000000e+00
     vertex  9.048886e+00  3.611472e+01  8.000000e+00
   endloop
 endfacet
 facet normal  2.510809e-01  9.679661e-01  3.229202e-17
   outer loop
     vertex  9.048886e+00  3.611472e+01  0.000000e+00
     vertex  8.942655e+00  3.614228e+01  0.000000e+00
     vertex  9.048886e+00  3.611472e+01  8.000000e+00
   endloop
 endfacet
 facet normal  2.244312e-01  9.744899e-01 -6.823705e-17
   outer loop
     vertex  9.155833e+00  3.609009e+01  0.000000e+00
     vertex  9.048886e+00  3.611472e+01  0.000000e+00
     vertex  9.048886e+00  3.611472e+01  8.000000e+00
   endloop
 endfacet
 facet normal  1.976125e-01  9.802802e-01 -1.247243e-16
   outer loop
     vertex  9.155833e+00  3.609009e+01  0.000000e+00
     vertex  9.155833e+00  3.609009e+01  8.000000e+00
     vertex  9.263415e+00  3.606840e+01  8.000000e+00
   endloop
 endfacet
 facet normal  2.244312e-01  9.744899e-01 -1.834744e-17
   outer loop
     vertex  9.155833e+00  3.609009e+01  0.000000e+00
     vertex  9.048886e+00  3.611472e+01  8.000000e+00
     vertex  9.155833e+00  3.609009e+01  8.000000e+00
   endloop
 endfacet
 facet normal  1.976125e-01  9.802802e-01 -1.247243e-16
   outer loop
     vertex  9.263415e+00  3.606840e+01  0.000000e+00
     vertex  9.155833e+00  3.609009e+01  0.000000e+00
     vertex  9.263415e+00  3.606840e+01  8.000000e+00
   endloop
 endfacet
 facet normal  1.706451e-01  9.853326e-01 -2.310072e-16
   outer loop
     vertex  9.263415e+00  3.606840e+01  0.000000e+00
     vertex  9.263415e+00  3.606840e+01  8.000000e+00
     vertex  9.371552e+00  3.604968e+01  8.000000e+00
   endloop
 endfacet
 facet normal  1.706451e-01  9.853326e-01 -2.688980e-16
   outer loop
     vertex  9.371552e+00  3.604968e+01  0.000000e+00
     vertex  9.263415e+00  3.606840e+01  0.000000e+00
     vertex  9.371552e+00  3.604968e+01  8.000000e+00
   endloop
 endfacet
 facet normal  1.435492e-01  9.896432e-01 -3.689905e-16
   outer loop
     vertex  9.371552e+00  3.604968e+01  0.000000e+00
     vertex  9.371552e+00  3.604968e+01  8.000000e+00
     vertex  9.480162e+00  3.603392e+01  8.000000e+00
   endloop
 endfacet
 facet normal  1.435492e-01  9.896432e-01 -3.371162e-16
   outer loop
     vertex  9.480162e+00  3.603392e+01  0.000000e+00
     vertex  9.371552e+00  3.604968e+01  0.000000e+00
     vertex  9.480162e+00  3.603392e+01  8.000000e+00
   endloop
 endfacet
 facet normal  1.163452e-01  9.932088e-01 -4.429049e-16
   outer loop
     vertex  9.589163e+00  3.602115e+01  0.000000e+00
     vertex  9.480162e+00  3.603392e+01  0.000000e+00
     vertex  9.480162e+00  3.603392e+01  8.000000e+00
   endloop
 endfacet
 facet normal  8.905371e-02  9.960268e-01  3.361562e-16
   outer loop
     vertex  9.589163e+00  3.602115e+01  0.000000e+00
     vertex  9.589163e+00  3.602115e+01  8.000000e+00
     vertex  9.698474e+00  3.601138e+01  8.000000e+00
   endloop
 endfacet
 facet normal  1.163452e-01  9.932088e-01  4.391752e-16
   outer loop
     vertex  9.589163e+00  3.602115e+01  0.000000e+00
     vertex  9.480162e+00  3.603392e+01  8.000000e+00
     vertex  9.589163e+00  3.602115e+01  8.000000e+00
   endloop
 endfacet
 facet normal  8.905371e-02  9.960268e-01 -5.484933e-16
   outer loop
     vertex  9.698474e+00  3.601138e+01  0.000000e+00
     vertex  9.589163e+00  3.602115e+01  0.000000e+00
     vertex  9.698474e+00  3.601138e+01  8.000000e+00
   endloop
 endfacet
 facet normal  6.169515e-02  9.980950e-01 -6.536091e-16
   outer loop
     vertex  9.808011e+00  3.600461e+01  0.000000e+00
     vertex  9.698474e+00  3.601138e+01  0.000000e+00
     vertex  9.698474e+00  3.601138e+01  8.000000e+00
   endloop
 endfacet
 facet normal  6.169515e-02  9.980950e-01  2.328843e-16
   outer loop
     vertex  9.808011e+00  3.600461e+01  0.000000e+00
     vertex  9.698474e+00  3.601138e+01  8.000000e+00
     vertex  9.808011e+00  3.600461e+01  8.000000e+00
   endloop
 endfacet
 facet normal  3.429014e-02  9.994119e-01  1.294603e-16
   outer loop
     vertex  9.917693e+00  3.600085e+01  0.000000e+00
     vertex  9.808011e+00  3.600461e+01  0.000000e+00
     vertex  9.808011e+00  3.600461e+01  8.000000e+00
   endloop
 endfacet
 facet normal  6.859319e-03  9.999765e-01  2.589227e-17
   outer loop
     vertex  9.917693e+00  3.600085e+01  0.000000e+00
     vertex  9.917693e+00  3.600085e+01  8.000000e+00
     vertex  1.002744e+01  3.600009e+01  8.000000e+00
   endloop
 endfacet
 facet normal  3.429014e-02  9.994119e-01  1.294370e-16
   outer loop
     vertex  9.917693e+00  3.600085e+01  0.000000e+00
     vertex  9.808011e+00  3.600461e+01  8.000000e+00
     vertex  9.917693e+00  3.600085e+01  8.000000e+00
   endloop
 endfacet
 facet normal  6.859319e-03  9.999765e-01  2.589227e-17
   outer loop
     vertex  1.002744e+01  3.600009e+01  0.000000e+00
     vertex  9.917693e+00  3.600085e+01  0.000000e+00
     vertex  1.002744e+01  3.600009e+01  8.000000e+00
   endloop
 endfacet
 facet normal -2.057667e-02  9.997883e-01 -7.765105e-17
   outer loop
     vertex  1.013716e+01  3.600235e+01  0.000000e+00
     vertex  1.002744e+01  3.600009e+01  0.000000e+00
     vertex  1.002744e+01  3.600009e+01  8.000000e+00
   endloop
 endfacet
 facet normal -2.057667e-02  9.997883e-01 -7.767194e-17
   outer loop
     vertex  1.013716e+01  3.600235e+01  0.000000e+00
     vertex  1.002744e+01  3.600009e+01  8.000000e+00
     vertex  1.013716e+01  3.600235e+01  8.000000e+00
   endloop
 endfacet
 facet normal -4.799716e-02  9.988475e-01 -1.811432e-16
   outer loop
     vertex  1.024678e+01  3.600762e+01  0.000000e+00
     vertex  1.013716e+01  3.600235e+01  0.000000e+00
     vertex  1.013716e+01  3.600235e+01  8.000000e+00
   endloop
 endfacet
 facet normal -4.799716e-02  9.988475e-01  7.059771e-16
   outer loop
     vertex  1.024678e+01  3.600762e+01  0.000000e+00
     vertex  1.013716e+01  3.600235e+01  8.000000e+00
     vertex  1.024678e+01  3.600762e+01  8.000000e+00
   endloop
 endfacet
 facet normal -7.538152e-02  9.971548e-01  6.011647e-16
   outer loop
     vertex  1.035621e+01  3.601589e+01  0.000000e+00
     vertex  1.024678e+01  3.600762e+01  0.000000e+00
     vertex  1.024678e+01  3.600762e+01  8.000000e+00
   endloop
 endfacet
 facet normal -1.027091e-01  9.947114e-01 -3.877022e-16
   outer loop
     vertex  1.035621e+01  3.601589e+01  0.000000e+00
     vertex  1.035621e+01  3.601589e+01  8.000000e+00
     vertex  1.046538e+01  3.602716e+01  8.000000e+00
   endloop
 endfacet
 facet normal -7.538152e-02  9.971548e-01 -2.845470e-16
   outer loop
     vertex  1.035621e+01  3.601589e+01  0.000000e+00
     vertex  1.024678e+01  3.600762e+01  8.000000e+00
     vertex  1.035621e+01  3.601589e+01  8.000000e+00
   endloop
 endfacet
 facet normal -1.027091e-01  9.947114e-01 -3.877022e-16
   outer loop
     vertex  1.046538e+01  3.602716e+01  0.000000e+00
     vertex  1.035621e+01  3.601589e+01  0.000000e+00
     vertex  1.046538e+01  3.602716e+01  8.000000e+00
   endloop
 endfacet
 facet normal -1.299594e-01  9.915193e-01 -4.906163e-16
   outer loop
     vertex  1.057420e+01  3.604143e+01  0.000000e+00
     vertex  1.046538e+01  3.602716e+01  0.000000e+00
     vertex  1.046538e+01  3.602716e+01  8.000000e+00
   endloop
 endfacet
 facet normal -1.571119e-01  9.875808e-01 -5.930595e-16
   outer loop
     vertex  1.057420e+01  3.604143e+01  0.000000e+00
     vertex  1.057420e+01  3.604143e+01  8.000000e+00
     vertex  1.068258e+01  3.605867e+01  8.000000e+00
   endloop
 endfacet
 facet normal -1.299594e-01  9.915193e-01 -4.905655e-16
   outer loop
     vertex  1.057420e+01  3.604143e+01  0.000000e+00
     vertex  1.046538e+01  3.602716e+01  8.000000e+00
     vertex  1.057420e+01  3.604143e+01  8.000000e+00
   endloop
 endfacet
 facet normal -1.571119e-01  9.875808e-01  2.840884e-16
   outer loop
     vertex  1.068258e+01  3.605867e+01  0.000000e+00
     vertex  1.057420e+01  3.604143e+01  0.000000e+00
     vertex  1.068258e+01  3.605867e+01  8.000000e+00
   endloop
 endfacet
 facet normal -1.841461e-01  9.828989e-01  1.778825e-16
   outer loop
     vertex  1.068258e+01  3.605867e+01  0.000000e+00
     vertex  1.068258e+01  3.605867e+01  8.000000e+00
     vertex  1.079045e+01  3.607888e+01  8.000000e+00
   endloop
 endfacet
 facet normal -1.841461e-01  9.828989e-01  2.187711e-16
   outer loop
     vertex  1.079045e+01  3.607888e+01  0.000000e+00
     vertex  1.068258e+01  3.605867e+01  0.000000e+00
     vertex  1.079045e+01  3.607888e+01  8.000000e+00
   endloop
 endfacet
 facet normal -2.110417e-01  9.774771e-01  1.182082e-16
   outer loop
     vertex  1.089772e+01  3.610204e+01  0.000000e+00
     vertex  1.079045e+01  3.607888e+01  0.000000e+00
     vertex  1.079045e+01  3.607888e+01  8.000000e+00
   endloop
 endfacet
 facet normal -2.377784e-01  9.713194e-01  1.794627e-17
   outer loop
     vertex  1.089772e+01  3.610204e+01  0.000000e+00
     vertex  1.089772e+01  3.610204e+01  8.000000e+00
     vertex  1.100432e+01  3.612814e+01  8.000000e+00
   endloop
 endfacet
 facet normal -2.110417e-01  9.774771e-01  1.184033e-16
   outer loop
     vertex  1.089772e+01  3.610204e+01  0.000000e+00
     vertex  1.079045e+01  3.607888e+01  8.000000e+00
     vertex  1.089772e+01  3.610204e+01  8.000000e+00
   endloop
 endfacet
 facet normal -2.643362e-01  9.644306e-01 -8.252423e-17
   outer loop
     vertex  1.100432e+01  3.612814e+01  0.000000e+00
     vertex  1.100432e+01  3.612814e+01  8.000000e+00
     vertex  1.111017e+01  3.615715e+01  8.000000e+00
   endloop
 endfacet
 facet normal -2.377784e-01  9.713194e-01  1.794627e-17
   outer loop
     vertex  1.100432e+01  3.612814e+01  0.000000e+00
     vertex  1.089772e+01  3.610204e+01  0.000000e+00
     vertex  1.100432e+01  3.612814e+01  8.000000e+00
   endloop
 endfacet
 facet normal -2.643362e-01  9.644306e-01 -8.252423e-17
   outer loop
     vertex  1.111017e+01  3.615715e+01  0.000000e+00
     vertex  1.100432e+01  3.612814e+01  0.000000e+00
     vertex  1.111017e+01  3.615715e+01  8.000000e+00
   endloop
 endfacet
 facet normal -2.906949e-01  9.568158e-01  6.668905e-16
   outer loop
     vertex  1.121517e+01  3.618905e+01  0.000000e+00
     vertex  1.111017e+01  3.615715e+01  8.000000e+00
     vertex  1.121517e+01  3.618905e+01  8.000000e+00
   endloop
 endfacet
 facet normal -2.906949e-01  9.568158e-01 -1.829899e-16
   outer loop
     vertex  1.121517e+01  3.618905e+01  0.000000e+00
     vertex  1.111017e+01  3.615715e+01  0.000000e+00
     vertex  1.111017e+01  3.615715e+01  8.000000e+00
   endloop
 endfacet
 facet normal -3.168348e-01  9.484807e-01 -2.832033e-16
   outer loop
     vertex  1.131927e+01  3.622382e+01  0.000000e+00
     vertex  1.121517e+01  3.618905e+01  8.000000e+00
     vertex  1.131927e+01  3.622382e+01  8.000000e+00
   endloop
 endfacet
 facet normal -3.168348e-01  9.484807e-01  5.590055e-16
   outer loop
     vertex  1.131927e+01  3.622382e+01  0.000000e+00
     vertex  1.121517e+01  3.618905e+01  0.000000e+00
     vertex  1.121517e+01  3.618905e+01  8.000000e+00
   endloop
 endfacet
 facet normal -3.427362e-01  9.394317e-01  4.511222e-16
   outer loop
     vertex  1.142237e+01  3.626143e+01  0.000000e+00
     vertex  1.131927e+01  3.622382e+01  8.000000e+00
     vertex  1.142237e+01  3.626143e+01  8.000000e+00
   endloop
 endfacet
 facet normal -3.427362e-01  9.394317e-01 -3.830277e-16
   outer loop
     vertex  1.142237e+01  3.626143e+01  0.000000e+00
     vertex  1.131927e+01  3.622382e+01  0.000000e+00
     vertex  1.131927e+01  3.622382e+01  8.000000e+00
   endloop
 endfacet
 facet normal -3.683796e-01  9.296754e-01  3.426879e-16
   outer loop
     vertex  1.152439e+01  3.630186e+01  0.000000e+00
     vertex  1.142237e+01  3.626143e+01  8.000000e+00
     vertex  1.152439e+01  3.630186e+01  8.000000e+00
   endloop
 endfacet
 facet normal -3.683796e-01  9.296754e-01  3.426796e-16
   outer loop
     vertex  1.152439e+01  3.630186e+01  0.000000e+00
     vertex  1.142237e+01  3.626143e+01  0.000000e+00
     vertex  1.142237e+01  3.626143e+01  8.000000e+00
   endloop
 endfacet
 facet normal -3.937458e-01  9.192194e-01  2.336973e-16
   outer loop
     vertex  1.162528e+01  3.634507e+01  0.000000e+00
     vertex  1.152439e+01  3.630186e+01  0.000000e+00
     vertex  1.152439e+01  3.630186e+01  8.000000e+00
   endloop
 endfacet
 facet normal -3.937458e-01  9.192194e-01  3.214248e-16
   outer loop
     vertex  1.162528e+01  3.634507e+01  0.000000e+00
     vertex  1.152439e+01  3.630186e+01  8.000000e+00
     vertex  1.162528e+01  3.634507e+01  8.000000e+00
   endloop
 endfacet
 facet normal -4.188155e-01  9.080714e-01  2.176937e-16
   outer loop
     vertex  1.172493e+01  3.639104e+01  0.000000e+00
     vertex  1.162528e+01  3.634507e+01  0.000000e+00
     vertex  1.162528e+01  3.634507e+01  8.000000e+00
   endloop
 endfacet
 facet normal -4.188155e-01  9.080714e-01  2.181231e-16
   outer loop
     vertex  1.172493e+01  3.639104e+01  0.000000e+00
     vertex  1.162528e+01  3.634507e+01  8.000000e+00
     vertex  1.172493e+01  3.639104e+01  8.000000e+00
   endloop
 endfacet
 facet normal -4.435699e-01  8.962398e-01  1.141886e-16
   outer loop
     vertex  1.182329e+01  3.643972e+01  0.000000e+00
     vertex  1.172493e+01  3.639104e+01  0.000000e+00
     vertex  1.172493e+01  3.639104e+01  8.000000e+00
   endloop
 endfacet
 facet normal -4.435699e-01  8.962398e-01  1.146571e-16
   outer loop
     vertex  1.182329e+01  3.643972e+01  0.000000e+00
     vertex  1.172493e+01  3.639104e+01  8.000000e+00
     vertex  1.182329e+01  3.643972e+01  8.000000e+00
   endloop
 endfacet
 facet normal -4.679904e-01  8.837335e-01  1.087375e-17
   outer loop
     vertex  1.192028e+01  3.649108e+01  0.000000e+00
     vertex  1.182329e+01  3.643972e+01  0.000000e+00
     vertex  1.182329e+01  3.643972e+01  8.000000e+00
   endloop
 endfacet
 facet normal -4.920587e-01  8.705620e-01 -9.245579e-17
   outer loop
     vertex  1.192028e+01  3.649108e+01  0.000000e+00
     vertex  1.192028e+01  3.649108e+01  8.000000e+00
     vertex  1.201582e+01  3.654508e+01  8.000000e+00
   endloop
 endfacet
 facet normal -4.679904e-01  8.837335e-01  1.110484e-17
   outer loop
     vertex  1.192028e+01  3.649108e+01  0.000000e+00
     vertex  1.182329e+01  3.643972e+01  8.000000e+00
     vertex  1.192028e+01  3.649108e+01  8.000000e+00
   endloop
 endfacet
 facet normal -4.920587e-01  8.705620e-01 -9.245579e-17
   outer loop
     vertex  1.201582e+01  3.654508e+01  0.000000e+00
     vertex  1.192028e+01  3.649108e+01  0.000000e+00
     vertex  1.201582e+01  3.654508e+01  8.000000e+00
   endloop
 endfacet
 facet normal -5.157565e-01  8.567352e-01 -1.958580e-16
   outer loop
     vertex  1.210984e+01  3.660168e+01  0.000000e+00
     vertex  1.201582e+01  3.654508e+01  0.000000e+00
     vertex  1.201582e+01  3.654508e+01  8.000000e+00
   endloop
 endfacet
 facet normal -5.157565e-01  8.567352e-01 -1.959468e-16
   outer loop
     vertex  1.210984e+01  3.660168e+01  0.000000e+00
     vertex  1.201582e+01  3.654508e+01  8.000000e+00
     vertex  1.210984e+01  3.660168e+01  8.000000e+00
   endloop
 endfacet
 facet normal -5.390661e-01  8.422635e-01 -2.991769e-16
   outer loop
     vertex  1.220228e+01  3.666084e+01  0.000000e+00
     vertex  1.210984e+01  3.660168e+01  0.000000e+00
     vertex  1.210984e+01  3.660168e+01  8.000000e+00
   endloop
 endfacet
 facet normal -5.390661e-01  8.422635e-01 -1.795936e-16
   outer loop
     vertex  1.220228e+01  3.666084e+01  0.000000e+00
     vertex  1.210984e+01  3.660168e+01  8.000000e+00
     vertex  1.220228e+01  3.666084e+01  8.000000e+00
   endloop
 endfacet
 facet normal -5.619699e-01  8.271577e-01 -2.780469e-16
   outer loop
     vertex  1.229306e+01  3.672252e+01  0.000000e+00
     vertex  1.220228e+01  3.666084e+01  0.000000e+00
     vertex  1.220228e+01  3.666084e+01  8.000000e+00
   endloop
 endfacet
 facet normal -5.844507e-01  8.114292e-01  3.452441e-16
   outer loop
     vertex  1.229306e+01  3.672252e+01  0.000000e+00
     vertex  1.229306e+01  3.672252e+01  8.000000e+00
     vertex  1.238211e+01  3.678666e+01  8.000000e+00
   endloop
 endfacet
 facet normal -5.619699e-01  8.271577e-01  4.570374e-16
   outer loop
     vertex  1.229306e+01  3.672252e+01  0.000000e+00
     vertex  1.220228e+01  3.666084e+01  8.000000e+00
     vertex  1.229306e+01  3.672252e+01  8.000000e+00
   endloop
 endfacet
 facet normal -5.844507e-01  8.114292e-01 -3.754498e-16
   outer loop
     vertex  1.238211e+01  3.678666e+01  0.000000e+00
     vertex  1.229306e+01  3.672252e+01  0.000000e+00
     vertex  1.238211e+01  3.678666e+01  8.000000e+00
   endloop
 endfacet
 facet normal -6.064915e-01  7.950900e-01 -4.728324e-16
   outer loop
     vertex  1.246937e+01  3.685322e+01  0.000000e+00
     vertex  1.238211e+01  3.678666e+01  0.000000e+00
     vertex  1.238211e+01  3.678666e+01  8.000000e+00
   endloop
 endfacet
 facet normal -6.280757e-01  7.781522e-01  1.209624e-16
   outer loop
     vertex  1.246937e+01  3.685322e+01  0.000000e+00
     vertex  1.246937e+01  3.685322e+01  8.000000e+00
     vertex  1.255477e+01  3.692215e+01  8.000000e+00
   endloop
 endfacet
 facet normal -6.064915e-01  7.950900e-01  2.331910e-16
   outer loop
     vertex  1.246937e+01  3.685322e+01  0.000000e+00
     vertex  1.238211e+01  3.678666e+01  8.000000e+00
     vertex  1.246937e+01  3.685322e+01  8.000000e+00
   endloop
 endfacet
 facet normal -6.280757e-01  7.781522e-01  1.209624e-16
   outer loop
     vertex  1.255477e+01  3.692215e+01  0.000000e+00
     vertex  1.246937e+01  3.685322e+01  0.000000e+00
     vertex  1.255477e+01  3.692215e+01  8.000000e+00
   endloop
 endfacet
 facet normal -6.491872e-01  7.606287e-01  8.461662e-18
   outer loop
     vertex  1.263824e+01  3.699339e+01  0.000000e+00
     vertex  1.255477e+01  3.692215e+01  0.000000e+00
     vertex  1.255477e+01  3.692215e+01  8.000000e+00
   endloop
 endfacet
 facet normal -6.491872e-01  7.606287e-01 -5.227828e-16
   outer loop
     vertex  1.263824e+01  3.699339e+01  0.000000e+00
     vertex  1.255477e+01  3.692215e+01  8.000000e+00
     vertex  1.263824e+01  3.699339e+01  8.000000e+00
   endloop
 endfacet
 facet normal -6.698100e-01  7.425325e-01 -6.148210e-16
   outer loop
     vertex  1.271973e+01  3.706690e+01  0.000000e+00
     vertex  1.263824e+01  3.699339e+01  0.000000e+00
     vertex  1.263824e+01  3.699339e+01  8.000000e+00
   endloop
 endfacet
 facet normal -6.899286e-01  7.238775e-01 -6.273687e-17
   outer loop
     vertex  1.271973e+01  3.706690e+01  0.000000e+00
     vertex  1.271973e+01  3.706690e+01  8.000000e+00
     vertex  1.279918e+01  3.714262e+01  8.000000e+00
   endloop
 endfacet
 facet normal -6.698100e-01  7.425325e-01  4.504409e-17
   outer loop
     vertex  1.271973e+01  3.706690e+01  0.000000e+00
     vertex  1.263824e+01  3.699339e+01  8.000000e+00
     vertex  1.271973e+01  3.706690e+01  8.000000e+00
   endloop
 endfacet
 facet normal -6.899286e-01  7.238775e-01  9.045804e-17
   outer loop
     vertex  1.279918e+01  3.714262e+01  0.000000e+00
     vertex  1.271973e+01  3.706690e+01  0.000000e+00
     vertex  1.279918e+01  3.714262e+01  8.000000e+00
   endloop
 endfacet
 facet normal -7.095278e-01  7.046775e-01 -1.292379e-17
   outer loop
     vertex  1.279918e+01  3.714262e+01  0.000000e+00
     vertex  1.279918e+01  3.714262e+01  8.000000e+00
     vertex  1.287651e+01  3.722049e+01  8.000000e+00
   endloop
 endfacet
 facet normal -7.285929e-01  6.849470e-01 -1.162959e-16
   outer loop
     vertex  1.287651e+01  3.722049e+01  0.000000e+00
     vertex  1.287651e+01  3.722049e+01  8.000000e+00
     vertex  1.295168e+01  3.730045e+01  8.000000e+00
   endloop
 endfacet
 facet normal -7.095278e-01  7.046775e-01 -1.292379e-17
   outer loop
     vertex  1.287651e+01  3.722049e+01  0.000000e+00
     vertex  1.279918e+01  3.714262e+01  0.000000e+00
     vertex  1.287651e+01  3.722049e+01  8.000000e+00
   endloop
 endfacet
 facet normal -7.285929e-01  6.849470e-01  6.538394e-16
   outer loop
     vertex  1.295168e+01  3.730045e+01  0.000000e+00
     vertex  1.287651e+01  3.722049e+01  0.000000e+00
     vertex  1.295168e+01  3.730045e+01  8.000000e+00
   endloop
 endfacet
 facet normal -7.471095e-01  6.647010e-01 -5.368883e-17
   outer loop
     vertex  1.302463e+01  3.738244e+01  0.000000e+00
     vertex  1.295168e+01  3.730045e+01  8.000000e+00
     vertex  1.302463e+01  3.738244e+01  8.000000e+00
   endloop
 endfacet
 facet normal -7.471095e-01  6.647010e-01  5.362553e-16
   outer loop
     vertex  1.302463e+01  3.738244e+01  0.000000e+00
     vertex  1.295168e+01  3.730045e+01  0.000000e+00
     vertex  1.295168e+01  3.730045e+01  8.000000e+00
   endloop
 endfacet
 facet normal -7.650637e-01  6.439545e-01 -1.528215e-16
   outer loop
     vertex  1.309530e+01  3.746641e+01  0.000000e+00
     vertex  1.302463e+01  3.738244e+01  8.000000e+00
     vertex  1.309530e+01  3.746641e+01  8.000000e+00
   endloop
 endfacet
 facet normal -7.650637e-01  6.439545e-01 -1.530733e-16
   outer loop
     vertex  1.309530e+01  3.746641e+01  0.000000e+00
     vertex  1.302463e+01  3.738244e+01  0.000000e+00
     vertex  1.302463e+01  3.738244e+01  8.000000e+00
   endloop
 endfacet
 facet normal -7.824421e-01  6.227234e-01 -7.810201e-17
   outer loop
     vertex  1.316364e+01  3.755228e+01  0.000000e+00
     vertex  1.309530e+01  3.746641e+01  8.000000e+00
     vertex  1.316364e+01  3.755228e+01  8.000000e+00
   endloop
 endfacet
 facet normal -7.824421e-01  6.227234e-01 -2.522618e-16
   outer loop
     vertex  1.316364e+01  3.755228e+01  0.000000e+00
     vertex  1.309530e+01  3.746641e+01  0.000000e+00
     vertex  1.309530e+01  3.746641e+01  8.000000e+00
   endloop
 endfacet
 facet normal -7.992314e-01  6.010234e-01  3.606140e-16
   outer loop
     vertex  1.322960e+01  3.763999e+01  0.000000e+00
     vertex  1.316364e+01  3.755228e+01  8.000000e+00
     vertex  1.322960e+01  3.763999e+01  8.000000e+00
   endloop
 endfacet
 facet normal -7.992314e-01  6.010234e-01 -1.734702e-16
   outer loop
     vertex  1.322960e+01  3.763999e+01  0.000000e+00
     vertex  1.316364e+01  3.755228e+01  0.000000e+00
     vertex  1.316364e+01  3.755228e+01  8.000000e+00
   endloop
 endfacet
 facet normal -8.309929e-01  5.562829e-01 -3.629395e-16
   outer loop
     vertex  1.329313e+01  3.772948e+01  0.000000e+00
     vertex  1.329313e+01  3.772948e+01  8.000000e+00
     vertex  1.335418e+01  3.782068e+01  8.000000e+00
   endloop
 endfacet
 facet normal -8.154191e-01  5.788711e-01 -2.681717e-16
   outer loop
     vertex  1.329313e+01  3.772948e+01  0.000000e+00
     vertex  1.322960e+01  3.763999e+01  8.000000e+00
     vertex  1.329313e+01  3.772948e+01  8.000000e+00
   endloop
 endfacet
 facet normal -8.154191e-01  5.788711e-01  2.462133e-16
   outer loop
     vertex  1.329313e+01  3.772948e+01  0.000000e+00
     vertex  1.322960e+01  3.763999e+01  0.000000e+00
     vertex  1.322960e+01  3.763999e+01  8.000000e+00
   endloop
 endfacet
 facet normal -8.309929e-01  5.562829e-01 -1.784220e-16
   outer loop
     vertex  1.335418e+01  3.782068e+01  0.000000e+00
     vertex  1.329313e+01  3.772948e+01  0.000000e+00
     vertex  1.335418e+01  3.782068e+01  8.000000e+00
   endloop
 endfacet
 facet normal -8.459413e-01  5.332761e-01 -8.176066e-17
   outer loop
     vertex  1.341271e+01  3.791352e+01  0.000000e+00
     vertex  1.335418e+01  3.782068e+01  8.000000e+00
     vertex  1.341271e+01  3.791352e+01  8.000000e+00
   endloop
 endfacet
 facet normal -8.459413e-01  5.332761e-01 -2.692718e-16
   outer loop
     vertex  1.341271e+01  3.791352e+01  0.000000e+00
     vertex  1.335418e+01  3.782068e+01  0.000000e+00
     vertex  1.335418e+01  3.782068e+01  8.000000e+00
   endloop
 endfacet
 facet normal -8.739167e-01  4.860756e-01 -1.954891e-17
   outer loop
     vertex  1.346867e+01  3.800793e+01  0.000000e+00
     vertex  1.346867e+01  3.800793e+01  8.000000e+00
     vertex  1.352201e+01  3.810384e+01  8.000000e+00
   endloop
 endfacet
 facet normal -8.602528e-01  5.098678e-01  9.228375e-17
   outer loop
     vertex  1.346867e+01  3.800793e+01  0.000000e+00
     vertex  1.341271e+01  3.791352e+01  8.000000e+00
     vertex  1.346867e+01  3.800793e+01  8.000000e+00
   endloop
 endfacet
 facet normal -8.602528e-01  5.098678e-01 -1.692569e-16
   outer loop
     vertex  1.346867e+01  3.800793e+01  0.000000e+00
     vertex  1.341271e+01  3.791352e+01  0.000000e+00
     vertex  1.341271e+01  3.791352e+01  8.000000e+00
   endloop
 endfacet
 facet normal -8.869228e-01  4.619176e-01  6.556958e-17
   outer loop
     vertex  1.352201e+01  3.810384e+01  0.000000e+00
     vertex  1.352201e+01  3.810384e+01  8.000000e+00
     vertex  1.357270e+01  3.820117e+01  8.000000e+00
   endloop
 endfacet
 facet normal -8.739167e-01  4.860756e-01  1.744996e-16
   outer loop
     vertex  1.352201e+01  3.810384e+01  0.000000e+00
     vertex  1.346867e+01  3.800793e+01  0.000000e+00
     vertex  1.352201e+01  3.810384e+01  8.000000e+00
   endloop
 endfacet
 facet normal -8.869228e-01  4.619176e-01 -3.446957e-16
   outer loop
     vertex  1.357270e+01  3.820117e+01  0.000000e+00
     vertex  1.352201e+01  3.810384e+01  0.000000e+00
     vertex  1.357270e+01  3.820117e+01  8.000000e+00
   endloop
 endfacet
 facet normal -8.992613e-01  4.374119e-01 -4.316795e-16
   outer loop
     vertex  1.362071e+01  3.829986e+01  0.000000e+00
     vertex  1.357270e+01  3.820117e+01  0.000000e+00
     vertex  1.357270e+01  3.820117e+01  8.000000e+00
   endloop
 endfacet
 facet normal -8.992613e-01  4.374119e-01  1.562663e-16
   outer loop
     vertex  1.362071e+01  3.829986e+01  0.000000e+00
     vertex  1.357270e+01  3.820117e+01  8.000000e+00
     vertex  1.362071e+01  3.829986e+01  8.000000e+00
   endloop
 endfacet
 facet normal -9.109228e-01  4.125769e-01  4.971739e-17
   outer loop
     vertex  1.366599e+01  3.839983e+01  0.000000e+00
     vertex  1.362071e+01  3.829986e+01  0.000000e+00
     vertex  1.362071e+01  3.829986e+01  8.000000e+00
   endloop
 endfacet
 facet normal -9.109228e-01  4.125769e-01  4.990901e-17
   outer loop
     vertex  1.366599e+01  3.839983e+01  0.000000e+00
     vertex  1.362071e+01  3.829986e+01  8.000000e+00
     vertex  1.366599e+01  3.839983e+01  8.000000e+00
   endloop
 endfacet
 facet normal -9.218986e-01  3.874313e-01 -5.632638e-17
   outer loop
     vertex  1.370851e+01  3.850101e+01  0.000000e+00
     vertex  1.366599e+01  3.839983e+01  0.000000e+00
     vertex  1.366599e+01  3.839983e+01  8.000000e+00
   endloop
 endfacet
 facet normal -9.218986e-01  3.874313e-01  1.482167e-16
   outer loop
     vertex  1.370851e+01  3.850101e+01  0.000000e+00
     vertex  1.366599e+01  3.839983e+01  8.000000e+00
     vertex  1.370851e+01  3.850101e+01  8.000000e+00
   endloop
 endfacet
 facet normal -9.321804e-01  3.619940e-01  4.372811e-17
   outer loop
     vertex  1.374823e+01  3.860331e+01  0.000000e+00
     vertex  1.370851e+01  3.850101e+01  0.000000e+00
     vertex  1.370851e+01  3.850101e+01  8.000000e+00
   endloop
 endfacet
 facet normal -9.417605e-01  3.362843e-01  2.387253e-16
   outer loop
     vertex  1.374823e+01  3.860331e+01  0.000000e+00
     vertex  1.374823e+01  3.860331e+01  8.000000e+00
     vertex  1.378514e+01  3.870667e+01  8.000000e+00
   endloop
 endfacet
 facet normal -9.321804e-01  3.619940e-01  3.656627e-16
   outer loop
     vertex  1.374823e+01  3.860331e+01  0.000000e+00
     vertex  1.370851e+01  3.850101e+01  8.000000e+00
     vertex  1.374823e+01  3.860331e+01  8.000000e+00
   endloop
 endfacet
 facet normal -9.417605e-01  3.362843e-01 -5.995518e-17
   outer loop
     vertex  1.378514e+01  3.870667e+01  0.000000e+00
     vertex  1.374823e+01  3.860331e+01  0.000000e+00
     vertex  1.378514e+01  3.870667e+01  8.000000e+00
   endloop
 endfacet
 facet normal -9.506317e-01  3.103214e-01 -1.639801e-16
   outer loop
     vertex  1.381920e+01  3.881100e+01  0.000000e+00
     vertex  1.378514e+01  3.870667e+01  0.000000e+00
     vertex  1.378514e+01  3.870667e+01  8.000000e+00
   endloop
 endfacet
 facet normal -9.506317e-01  3.103214e-01  4.707001e-17
   outer loop
     vertex  1.381920e+01  3.881100e+01  0.000000e+00
     vertex  1.378514e+01  3.870667e+01  8.000000e+00
     vertex  1.381920e+01  3.881100e+01  8.000000e+00
   endloop
 endfacet
 facet normal -9.587873e-01  2.841250e-01 -5.506509e-17
   outer loop
     vertex  1.385038e+01  3.891622e+01  0.000000e+00
     vertex  1.381920e+01  3.881100e+01  0.000000e+00
     vertex  1.381920e+01  3.881100e+01  8.000000e+00
   endloop
 endfacet
 facet normal -9.587873e-01  2.841250e-01 -2.679466e-16
   outer loop
     vertex  1.385038e+01  3.891622e+01  0.000000e+00
     vertex  1.381920e+01  3.881100e+01  8.000000e+00
     vertex  1.385038e+01  3.891622e+01  8.000000e+00
   endloop
 endfacet
 facet normal -9.662211e-01  2.577146e-01 -3.714603e-16
   outer loop
     vertex  1.387866e+01  3.902226e+01  0.000000e+00
     vertex  1.385038e+01  3.891622e+01  0.000000e+00
     vertex  1.385038e+01  3.891622e+01  8.000000e+00
   endloop
 endfacet
 facet normal -9.729276e-01  2.311102e-01 -5.383092e-17
   outer loop
     vertex  1.387866e+01  3.902226e+01  0.000000e+00
     vertex  1.387866e+01  3.902226e+01  8.000000e+00
     vertex  1.390403e+01  3.912903e+01  8.000000e+00
   endloop
 endfacet
 facet normal -9.662211e-01  2.577146e-01  7.176185e-17
   outer loop
     vertex  1.387866e+01  3.902226e+01  0.000000e+00
     vertex  1.385038e+01  3.891622e+01  8.000000e+00
     vertex  1.387866e+01  3.902226e+01  8.000000e+00
   endloop
 endfacet
 facet normal -9.729276e-01  2.311102e-01 -4.306474e-17
   outer loop
     vertex  1.390403e+01  3.912903e+01  0.000000e+00
     vertex  1.387866e+01  3.902226e+01  0.000000e+00
     vertex  1.390403e+01  3.912903e+01  8.000000e+00
   endloop
 endfacet
 facet normal -9.841389e-01  1.773998e-01 -8.627764e-17
   outer loop
     vertex  1.392645e+01  3.923646e+01  0.000000e+00
     vertex  1.392645e+01  3.923646e+01  8.000000e+00
     vertex  1.394592e+01  3.934447e+01  8.000000e+00
   endloop
 endfacet
 facet normal -9.789017e-01  2.043319e-01  3.797667e-17
   outer loop
     vertex  1.392645e+01  3.923646e+01  0.000000e+00
     vertex  1.390403e+01  3.912903e+01  8.000000e+00
     vertex  1.392645e+01  3.923646e+01  8.000000e+00
   endloop
 endfacet
 facet normal -9.789017e-01  2.043319e-01 -1.434229e-16
   outer loop
     vertex  1.392645e+01  3.923646e+01  0.000000e+00
     vertex  1.390403e+01  3.912903e+01  0.000000e+00
     vertex  1.390403e+01  3.912903e+01  8.000000e+00
   endloop
 endfacet
 facet normal -9.841389e-01  1.773998e-01  1.322451e-16
   outer loop
     vertex  1.394592e+01  3.934447e+01  0.000000e+00
     vertex  1.392645e+01  3.923646e+01  0.000000e+00
     vertex  1.394592e+01  3.934447e+01  8.000000e+00
   endloop
 endfacet
 facet normal -9.923874e-01  1.231552e-01  1.062106e-16
   outer loop
     vertex  1.396242e+01  3.945297e+01  0.000000e+00
     vertex  1.396242e+01  3.945297e+01  8.000000e+00
     vertex  1.397593e+01  3.956188e+01  8.000000e+00
   endloop
 endfacet
 facet normal -9.886353e-01  1.503341e-01  2.285752e-16
   outer loop
     vertex  1.396242e+01  3.945297e+01  0.000000e+00
     vertex  1.394592e+01  3.934447e+01  8.000000e+00
     vertex  1.396242e+01  3.945297e+01  8.000000e+00
   endloop
 endfacet
 facet normal -9.886353e-01  1.503341e-01  9.174683e-18
   outer loop
     vertex  1.396242e+01  3.945297e+01  0.000000e+00
     vertex  1.394592e+01  3.934447e+01  0.000000e+00
     vertex  1.394592e+01  3.934447e+01  8.000000e+00
   endloop
 endfacet
 facet normal -9.923874e-01  1.231552e-01  1.062106e-16
   outer loop
     vertex  1.397593e+01  3.956188e+01  0.000000e+00
     vertex  1.396242e+01  3.945297e+01  0.000000e+00
     vertex  1.397593e+01  3.956188e+01  8.000000e+00
   endloop
 endfacet
 facet normal -9.953925e-01  9.588368e-02 -1.623399e-17
   outer loop
     vertex  1.398646e+01  3.967112e+01  0.000000e+00
     vertex  1.397593e+01  3.956188e+01  8.000000e+00
     vertex  1.398646e+01  3.967112e+01  8.000000e+00
   endloop
 endfacet
 facet normal -9.953925e-01  9.588368e-02 -1.625548e-17
   outer loop
     vertex  1.398646e+01  3.967112e+01  0.000000e+00
     vertex  1.397593e+01  3.956188e+01  0.000000e+00
     vertex  1.397593e+01  3.956188e+01  8.000000e+00
   endloop
 endfacet
 facet normal -9.991532e-01  4.114462e-02 -3.913777e-17
   outer loop
     vertex  1.399398e+01  3.978061e+01  0.000000e+00
     vertex  1.399398e+01  3.978061e+01  8.000000e+00
     vertex  1.399849e+01  3.989026e+01  8.000000e+00
   endloop
 endfacet
 facet normal -9.976484e-01  6.853995e-02  8.285608e-17
   outer loop
     vertex  1.399398e+01  3.978061e+01  0.000000e+00
     vertex  1.398646e+01  3.967112e+01  8.000000e+00
     vertex  1.399398e+01  3.978061e+01  8.000000e+00
   endloop
 endfacet
 facet normal -9.976484e-01  6.853995e-02 -1.386992e-16
   outer loop
     vertex  1.399398e+01  3.978061e+01  0.000000e+00
     vertex  1.398646e+01  3.967112e+01  0.000000e+00
     vertex  1.398646e+01  3.967112e+01  8.000000e+00
   endloop
 endfacet
 facet normal -9.991532e-01  4.114462e-02  1.827188e-16
   outer loop
     vertex  1.399849e+01  3.989026e+01  0.000000e+00
     vertex  1.399398e+01  3.978061e+01  0.000000e+00
     vertex  1.399849e+01  3.989026e+01  8.000000e+00
   endloop
 endfacet
 facet normal -9.999059e-01  1.371831e-02  0.000000e+00
   outer loop
     vertex  1.400000e+01  4.000000e+01  0.000000e+00
     vertex  1.399849e+01  3.989026e+01  8.000000e+00
     vertex  1.400000e+01  4.000000e+01  8.000000e+00
   endloop
 endfacet
 facet normal -9.999059e-01  1.371831e-02  6.092004e-17
   outer loop
     vertex  1.400000e+01  4.000000e+01  0.000000e+00
     vertex  1.399849e+01  3.989026e+01  0.000000e+00
     vertex  1.399849e+01  3.989026e+01  8.000000e+00
   endloop
 endfacet
 facet normal -9.999059e-01 -1.371831e-02  0.000000e+00
   outer loop
     vertex  7.400000e+01  4.000000e+01  0.000000e+00
     vertex  7.400000e+01  4.000000e+01  8.000000e+00
     vertex  7.399849e+01  4.010974e+01  8.000000e+00
   endloop
 endfacet
 facet normal -9.991532e-01 -4.114462e-02 -1.827188e-16
   outer loop
     vertex  7.399849e+01  4.010974e+01  0.000000e+00
     vertex  7.399849e+01  4.010974e+01  8.000000e+00
     vertex  7.399398e+01  4.021939e+01  8.000000e+00
   endloop
 endfacet
 facet normal -9.999059e-01 -1.371831e-02 -6.092156e-17
   outer loop
     vertex  7.399849e+01  4.010974e+01  0.000000e+00
     vertex  7.400000e+01  4.000000e+01  0.000000e+00
     vertex  7.399849e+01  4.010974e+01  8.000000e+00
   endloop
 endfacet
 facet normal -9.976484e-01 -6.853995e-02 -3.043785e-16
   outer loop
     vertex  7.399398e+01  4.021939e+01  0.000000e+00
     vertex  7.399398e+01  4.021939e+01  8.000000e+00
     vertex  7.398646e+01  4.032888e+01  8.000000e+00
   endloop
 endfacet
 facet normal -9.991532e-01 -4.114462e-02 -1.827188e-16
   outer loop
     vertex  7.399398e+01  4.021939e+01  0.000000e+00
     vertex  7.399849e+01  4.010974e+01  0.000000e+00
     vertex  7.399398e+01  4.021939e+01  8.000000e+00
   endloop
 endfacet
 facet normal -9.953925e-01 -9.588368e-02 -4.258091e-16
   outer loop
     vertex  7.398646e+01  4.032888e+01  0.000000e+00
     vertex  7.398646e+01  4.032888e+01  8.000000e+00
     vertex  7.397593e+01  4.043812e+01  8.000000e+00
   endloop
 endfacet
 facet normal -9.976484e-01 -6.853995e-02 -3.043785e-16
   outer loop
     vertex  7.398646e+01  4.032888e+01  0.000000e+00
     vertex  7.399398e+01  4.021939e+01  0.000000e+00
     vertex  7.398646e+01  4.032888e+01  8.000000e+00
   endloop
 endfacet
 facet normal -9.923874e-01 -1.231552e-01 -5.469191e-16
   outer loop
     vertex  7.397593e+01  4.043812e+01  0.000000e+00
     vertex  7.397593e+01  4.043812e+01  8.000000e+00
     vertex  7.396242e+01  4.054703e+01  8.000000e+00
   endloop
 endfacet
 facet normal -9.953925e-01 -9.588368e-02 -4.258091e-16
   outer loop
     vertex  7.397593e+01  4.043812e+01  0.000000e+00
     vertex  7.398646e+01  4.032888e+01  0.000000e+00
     vertex  7.397593e+01  4.043812e+01  8.000000e+00
   endloop
 endfacet
 facet normal -9.886353e-01 -1.503341e-01 -6.676175e-16
   outer loop
     vertex  7.396242e+01  4.054703e+01  0.000000e+00
     vertex  7.396242e+01  4.054703e+01  8.000000e+00
     vertex  7.394592e+01  4.065553e+01  8.000000e+00
   endloop
 endfacet
 facet normal -9.923874e-01 -1.231552e-01 -5.469191e-16
   outer loop
     vertex  7.396242e+01  4.054703e+01  0.000000e+00
     vertex  7.397593e+01  4.043812e+01  0.000000e+00
     vertex  7.396242e+01  4.054703e+01  8.000000e+00
   endloop
 endfacet
 facet normal -9.841389e-01 -1.773998e-01  9.603686e-16
   outer loop
     vertex  7.394592e+01  4.065553e+01  0.000000e+00
     vertex  7.394592e+01  4.065553e+01  8.000000e+00
     vertex  7.392645e+01  4.076354e+01  8.000000e+00
   endloop
 endfacet
 facet normal -9.886353e-01 -1.503341e-01  1.088552e-15
   outer loop
     vertex  7.394592e+01  4.065553e+01  0.000000e+00
     vertex  7.396242e+01  4.054703e+01  0.000000e+00
     vertex  7.394592e+01  4.065553e+01  8.000000e+00
   endloop
 endfacet
 facet normal -9.789017e-01 -2.043319e-01 -9.074160e-16
   outer loop
     vertex  7.392645e+01  4.076354e+01  0.000000e+00
     vertex  7.392645e+01  4.076354e+01  8.000000e+00
     vertex  7.390403e+01  4.087097e+01  8.000000e+00
   endloop
 endfacet
 facet normal -9.841389e-01 -1.773998e-01 -7.878133e-16
   outer loop
     vertex  7.392645e+01  4.076354e+01  0.000000e+00
     vertex  7.394592e+01  4.065553e+01  0.000000e+00
     vertex  7.392645e+01  4.076354e+01  8.000000e+00
   endloop
 endfacet
 facet normal -9.729276e-01 -2.311102e-01  9.071980e-16
   outer loop
     vertex  7.390403e+01  4.087097e+01  0.000000e+00
     vertex  7.390403e+01  4.087097e+01  8.000000e+00
     vertex  7.387866e+01  4.097774e+01  8.000000e+00
   endloop
 endfacet
 facet normal -9.789017e-01 -2.043319e-01  1.012946e-15
   outer loop
     vertex  7.390403e+01  4.087097e+01  0.000000e+00
     vertex  7.392645e+01  4.076354e+01  0.000000e+00
     vertex  7.390403e+01  4.087097e+01  8.000000e+00
   endloop
 endfacet
 facet normal -9.662211e-01 -2.577146e-01  5.718707e-16
   outer loop
     vertex  7.387866e+01  4.097774e+01  0.000000e+00
     vertex  7.387866e+01  4.097774e+01  8.000000e+00
     vertex  7.385038e+01  4.108378e+01  8.000000e+00
   endloop
 endfacet
 facet normal -9.729276e-01 -2.311102e-01  7.019309e-16
   outer loop
     vertex  7.387866e+01  4.097774e+01  0.000000e+00
     vertex  7.390403e+01  4.087097e+01  0.000000e+00
     vertex  7.387866e+01  4.097774e+01  8.000000e+00
   endloop
 endfacet
 facet normal -9.662211e-01 -2.577146e-01 -9.155862e-16
   outer loop
     vertex  7.385038e+01  4.108378e+01  0.000000e+00
     vertex  7.387866e+01  4.097774e+01  0.000000e+00
     vertex  7.385038e+01  4.108378e+01  8.000000e+00
   endloop
 endfacet
 facet normal -9.587873e-01 -2.841250e-01 -1.009415e-15
   outer loop
     vertex  7.385038e+01  4.108378e+01  0.000000e+00
     vertex  7.385038e+01  4.108378e+01  8.000000e+00
     vertex  7.381920e+01  4.118900e+01  8.000000e+00
   endloop
 endfacet
 facet normal -9.587873e-01 -2.841250e-01 -1.009415e-15
   outer loop
     vertex  7.381920e+01  4.118900e+01  0.000000e+00
     vertex  7.385038e+01  4.108378e+01  0.000000e+00
     vertex  7.381920e+01  4.118900e+01  8.000000e+00
   endloop
 endfacet
 facet normal -9.506317e-01 -3.103214e-01 -1.102483e-15
   outer loop
     vertex  7.381920e+01  4.118900e+01  0.000000e+00
     vertex  7.381920e+01  4.118900e+01  8.000000e+00
     vertex  7.378514e+01  4.129333e+01  8.000000e+00
   endloop
 endfacet
 facet normal -9.506317e-01 -3.103214e-01  5.861779e-16
   outer loop
     vertex  7.378514e+01  4.129333e+01  0.000000e+00
     vertex  7.381920e+01  4.118900e+01  0.000000e+00
     vertex  7.378514e+01  4.129333e+01  8.000000e+00
   endloop
 endfacet
 facet normal -9.417605e-01 -3.362843e-01  4.781809e-16
   outer loop
     vertex  7.378514e+01  4.129333e+01  0.000000e+00
     vertex  7.378514e+01  4.129333e+01  8.000000e+00
     vertex  7.374823e+01  4.139669e+01  8.000000e+00
   endloop
 endfacet
 facet normal -9.417605e-01 -3.362843e-01 -1.493402e-15
   outer loop
     vertex  7.374823e+01  4.139669e+01  0.000000e+00
     vertex  7.378514e+01  4.129333e+01  0.000000e+00
     vertex  7.374823e+01  4.139669e+01  8.000000e+00
   endloop
 endfacet
 facet normal -9.321804e-01 -3.619940e-01 -1.607576e-15
   outer loop
     vertex  7.374823e+01  4.139669e+01  0.000000e+00
     vertex  7.374823e+01  4.139669e+01  8.000000e+00
     vertex  7.370851e+01  4.149899e+01  8.000000e+00
   endloop
 endfacet
 facet normal -9.321804e-01 -3.619940e-01  3.698239e-16
   outer loop
     vertex  7.370851e+01  4.149899e+01  0.000000e+00
     vertex  7.374823e+01  4.139669e+01  0.000000e+00
     vertex  7.370851e+01  4.149899e+01  8.000000e+00
   endloop
 endfacet
 facet normal -9.218986e-01 -3.874313e-01  2.611885e-16
   outer loop
     vertex  7.370851e+01  4.149899e+01  0.000000e+00
     vertex  7.370851e+01  4.149899e+01  8.000000e+00
     vertex  7.366599e+01  4.160017e+01  8.000000e+00
   endloop
 endfacet
 facet normal -9.218986e-01 -3.874313e-01  2.611885e-16
   outer loop
     vertex  7.366599e+01  4.160017e+01  0.000000e+00
     vertex  7.370851e+01  4.149899e+01  0.000000e+00
     vertex  7.366599e+01  4.160017e+01  8.000000e+00
   endloop
 endfacet
 facet normal -9.109228e-01 -4.125769e-01  1.523565e-16
   outer loop
     vertex  7.366599e+01  4.160017e+01  0.000000e+00
     vertex  7.366599e+01  4.160017e+01  8.000000e+00
     vertex  7.362071e+01  4.170014e+01  8.000000e+00
   endloop
 endfacet
 facet normal -9.109228e-01 -4.125769e-01  1.523565e-16
   outer loop
     vertex  7.362071e+01  4.170014e+01  0.000000e+00
     vertex  7.366599e+01  4.160017e+01  0.000000e+00
     vertex  7.362071e+01  4.170014e+01  8.000000e+00
   endloop
 endfacet
 facet normal -8.992613e-01 -4.374119e-01  4.340979e-17
   outer loop
     vertex  7.362071e+01  4.170014e+01  0.000000e+00
     vertex  7.362071e+01  4.170014e+01  8.000000e+00
     vertex  7.357270e+01  4.179883e+01  8.000000e+00
   endloop
 endfacet
 facet normal -8.992613e-01 -4.374119e-01  4.319096e-16
   outer loop
     vertex  7.357270e+01  4.179883e+01  0.000000e+00
     vertex  7.362071e+01  4.170014e+01  0.000000e+00
     vertex  7.357270e+01  4.179883e+01  8.000000e+00
   endloop
 endfacet
 facet normal -8.869228e-01 -4.619176e-01  3.446957e-16
   outer loop
     vertex  7.357270e+01  4.179883e+01  0.000000e+00
     vertex  7.357270e+01  4.179883e+01  8.000000e+00
     vertex  7.352201e+01  4.189616e+01  8.000000e+00
   endloop
 endfacet
 facet normal -8.869228e-01 -4.619176e-01 -6.556958e-17
   outer loop
     vertex  7.352201e+01  4.189616e+01  0.000000e+00
     vertex  7.357270e+01  4.179883e+01  0.000000e+00
     vertex  7.352201e+01  4.189616e+01  8.000000e+00
   endloop
 endfacet
 facet normal -8.739167e-01 -4.860756e-01 -1.744996e-16
   outer loop
     vertex  7.352201e+01  4.189616e+01  0.000000e+00
     vertex  7.352201e+01  4.189616e+01  8.000000e+00
     vertex  7.346867e+01  4.199207e+01  8.000000e+00
   endloop
 endfacet
 facet normal -8.602528e-01 -5.098678e-01 -2.832982e-16
   outer loop
     vertex  7.346867e+01  4.199207e+01  0.000000e+00
     vertex  7.346867e+01  4.199207e+01  8.000000e+00
     vertex  7.341271e+01  4.208648e+01  8.000000e+00
   endloop
 endfacet
 facet normal -8.739167e-01 -4.860756e-01 -1.744996e-16
   outer loop
     vertex  7.346867e+01  4.199207e+01  0.000000e+00
     vertex  7.352201e+01  4.189616e+01  0.000000e+00
     vertex  7.346867e+01  4.199207e+01  8.000000e+00
   endloop
 endfacet
 facet normal -8.602528e-01 -5.098678e-01  1.695553e-16
   outer loop
     vertex  7.341271e+01  4.208648e+01  0.000000e+00
     vertex  7.346867e+01  4.199207e+01  0.000000e+00
     vertex  7.341271e+01  4.208648e+01  8.000000e+00
   endloop
 endfacet
 facet normal -8.459413e-01 -5.332761e-01  8.176066e-17
   outer loop
     vertex  7.341271e+01  4.208648e+01  0.000000e+00
     vertex  7.341271e+01  4.208648e+01  8.000000e+00
     vertex  7.335418e+01  4.217932e+01  8.000000e+00
   endloop
 endfacet
 facet normal -8.309929e-01 -5.562829e-01 -6.095523e-18
   outer loop
     vertex  7.335418e+01  4.217932e+01  0.000000e+00
     vertex  7.335418e+01  4.217932e+01  8.000000e+00
     vertex  7.329313e+01  4.227052e+01  8.000000e+00
   endloop
 endfacet
 facet normal -8.459413e-01 -5.332761e-01  8.176066e-17
   outer loop
     vertex  7.335418e+01  4.217932e+01  0.000000e+00
     vertex  7.341271e+01  4.208648e+01  0.000000e+00
     vertex  7.335418e+01  4.217932e+01  8.000000e+00
   endloop
 endfacet
 facet normal -8.154191e-01 -5.788711e-01  1.354528e-15
   outer loop
     vertex  7.329313e+01  4.227052e+01  0.000000e+00
     vertex  7.329313e+01  4.227052e+01  8.000000e+00
     vertex  7.322960e+01  4.236001e+01  8.000000e+00
   endloop
 endfacet
 facet normal -8.309929e-01 -5.562829e-01  1.470044e-15
   outer loop
     vertex  7.329313e+01  4.227052e+01  0.000000e+00
     vertex  7.335418e+01  4.217932e+01  0.000000e+00
     vertex  7.329313e+01  4.227052e+01  8.000000e+00
   endloop
 endfacet
 facet normal -7.992314e-01 -6.010234e-01  7.041761e-16
   outer loop
     vertex  7.322960e+01  4.236001e+01  0.000000e+00
     vertex  7.322960e+01  4.236001e+01  8.000000e+00
     vertex  7.316364e+01  4.244772e+01  8.000000e+00
   endloop
 endfacet
 facet normal -8.154191e-01 -5.788711e-01  8.403874e-16
   outer loop
     vertex  7.322960e+01  4.236001e+01  0.000000e+00
     vertex  7.329313e+01  4.227052e+01  0.000000e+00
     vertex  7.322960e+01  4.236001e+01  8.000000e+00
   endloop
 endfacet
 facet normal -7.824421e-01 -6.227234e-01  1.120524e-15
   outer loop
     vertex  7.316364e+01  4.244772e+01  0.000000e+00
     vertex  7.316364e+01  4.244772e+01  8.000000e+00
     vertex  7.309530e+01  4.253359e+01  8.000000e+00
   endloop
 endfacet
 facet normal -7.992314e-01 -6.010234e-01  1.237992e-15
   outer loop
     vertex  7.316364e+01  4.244772e+01  0.000000e+00
     vertex  7.322960e+01  4.236001e+01  0.000000e+00
     vertex  7.316364e+01  4.244772e+01  8.000000e+00
   endloop
 endfacet
 facet normal -7.650637e-01 -6.439545e-01  1.002213e-15
   outer loop
     vertex  7.309530e+01  4.253359e+01  0.000000e+00
     vertex  7.309530e+01  4.253359e+01  8.000000e+00
     vertex  7.302463e+01  4.261756e+01  8.000000e+00
   endloop
 endfacet
 facet normal -7.824421e-01 -6.227234e-01  1.120524e-15
   outer loop
     vertex  7.309530e+01  4.253359e+01  0.000000e+00
     vertex  7.316364e+01  4.244772e+01  0.000000e+00
     vertex  7.309530e+01  4.253359e+01  8.000000e+00
   endloop
 endfacet
 facet normal -7.471095e-01 -6.647010e-01  8.831470e-16
   outer loop
     vertex  7.302463e+01  4.261756e+01  0.000000e+00
     vertex  7.302463e+01  4.261756e+01  8.000000e+00
     vertex  7.295168e+01  4.269955e+01  8.000000e+00
   endloop
 endfacet
 facet normal -7.650637e-01 -6.439545e-01  1.002213e-15
   outer loop
     vertex  7.302463e+01  4.261756e+01  0.000000e+00
     vertex  7.309530e+01  4.253359e+01  0.000000e+00
     vertex  7.302463e+01  4.261756e+01  8.000000e+00
   endloop
 endfacet
 facet normal -7.285929e-01 -6.849470e-01 -1.139180e-15
   outer loop
     vertex  7.295168e+01  4.269955e+01  0.000000e+00
     vertex  7.295168e+01  4.269955e+01  8.000000e+00
     vertex  7.287651e+01  4.277951e+01  8.000000e+00
   endloop
 endfacet
 facet normal -7.471095e-01 -6.647010e-01 -1.034359e-15
   outer loop
     vertex  7.295168e+01  4.269955e+01  0.000000e+00
     vertex  7.302463e+01  4.261756e+01  0.000000e+00
     vertex  7.295168e+01  4.269955e+01  8.000000e+00
   endloop
 endfacet
 facet normal -7.095278e-01 -7.046775e-01  6.431110e-16
   outer loop
     vertex  7.287651e+01  4.277951e+01  0.000000e+00
     vertex  7.287651e+01  4.277951e+01  8.000000e+00
     vertex  7.279918e+01  4.285738e+01  8.000000e+00
   endloop
 endfacet
 facet normal -7.285929e-01 -6.849470e-01  7.634164e-16
   outer loop
     vertex  7.287651e+01  4.277951e+01  0.000000e+00
     vertex  7.295168e+01  4.269955e+01  0.000000e+00
     vertex  7.287651e+01  4.277951e+01  8.000000e+00
   endloop
 endfacet
 facet normal -6.899286e-01 -7.238775e-01  5.223216e-16
   outer loop
     vertex  7.279918e+01  4.285738e+01  0.000000e+00
     vertex  7.279918e+01  4.285738e+01  8.000000e+00
     vertex  7.271973e+01  4.293310e+01  8.000000e+00
   endloop
 endfacet
 facet normal -7.095278e-01 -7.046775e-01  6.431110e-16
   outer loop
     vertex  7.279918e+01  4.285738e+01  0.000000e+00
     vertex  7.287651e+01  4.277951e+01  0.000000e+00
     vertex  7.279918e+01  4.285738e+01  8.000000e+00
   endloop
 endfacet
 facet normal -6.698100e-01 -7.425325e-01  4.011390e-16
   outer loop
     vertex  7.271973e+01  4.293310e+01  0.000000e+00
     vertex  7.271973e+01  4.293310e+01  8.000000e+00
     vertex  7.263824e+01  4.300661e+01  8.000000e+00
   endloop
 endfacet
 facet normal -6.899286e-01 -7.238775e-01  5.223216e-16
   outer loop
     vertex  7.271973e+01  4.293310e+01  0.000000e+00
     vertex  7.279918e+01  4.285738e+01  0.000000e+00
     vertex  7.271973e+01  4.293310e+01  8.000000e+00
   endloop
 endfacet
 facet normal -6.491872e-01 -7.606287e-01  9.552284e-16
   outer loop
     vertex  7.263824e+01  4.300661e+01  0.000000e+00
     vertex  7.263824e+01  4.300661e+01  8.000000e+00
     vertex  7.255477e+01  4.307785e+01  8.000000e+00
   endloop
 endfacet
 facet normal -6.698100e-01 -7.425325e-01  1.060640e-15
   outer loop
     vertex  7.263824e+01  4.300661e+01  0.000000e+00
     vertex  7.271973e+01  4.293310e+01  0.000000e+00
     vertex  7.263824e+01  4.300661e+01  8.000000e+00
   endloop
 endfacet
 facet normal -6.280757e-01 -7.781522e-01 -9.577273e-16
   outer loop
     vertex  7.255477e+01  4.307785e+01  0.000000e+00
     vertex  7.255477e+01  4.307785e+01  8.000000e+00
     vertex  7.246937e+01  4.314678e+01  8.000000e+00
   endloop
 endfacet
 facet normal -6.491872e-01 -7.606287e-01 -8.735337e-16
   outer loop
     vertex  7.255477e+01  4.307785e+01  0.000000e+00
     vertex  7.263824e+01  4.300661e+01  0.000000e+00
     vertex  7.255477e+01  4.307785e+01  8.000000e+00
   endloop
 endfacet
 facet normal -6.064915e-01 -7.950900e-01 -1.041200e-15
   outer loop
     vertex  7.246937e+01  4.314678e+01  0.000000e+00
     vertex  7.246937e+01  4.314678e+01  8.000000e+00
     vertex  7.238211e+01  4.321334e+01  8.000000e+00
   endloop
 endfacet
 facet normal -6.280757e-01 -7.781522e-01 -9.577273e-16
   outer loop
     vertex  7.246937e+01  4.314678e+01  0.000000e+00
     vertex  7.255477e+01  4.307785e+01  0.000000e+00
     vertex  7.246937e+01  4.314678e+01  8.000000e+00
   endloop
 endfacet
 facet normal -5.844507e-01 -8.114292e-01  6.349980e-16
   outer loop
     vertex  7.238211e+01  4.321334e+01  0.000000e+00
     vertex  7.238211e+01  4.321334e+01  8.000000e+00
     vertex  7.229306e+01  4.327748e+01  8.000000e+00
   endloop
 endfacet
 facet normal -6.064915e-01 -7.950900e-01  7.423271e-16
   outer loop
     vertex  7.238211e+01  4.321334e+01  0.000000e+00
     vertex  7.246937e+01  4.314678e+01  0.000000e+00
     vertex  7.238211e+01  4.321334e+01  8.000000e+00
   endloop
 endfacet
 facet normal -5.844507e-01 -8.114292e-01 -8.569591e-17
   outer loop
     vertex  7.229306e+01  4.327748e+01  0.000000e+00
     vertex  7.238211e+01  4.321334e+01  0.000000e+00
     vertex  7.229306e+01  4.327748e+01  8.000000e+00
   endloop
 endfacet
 facet normal -5.619699e-01 -8.271577e-01 -2.074726e-16
   outer loop
     vertex  7.229306e+01  4.327748e+01  0.000000e+00
     vertex  7.229306e+01  4.327748e+01  8.000000e+00
     vertex  7.220228e+01  4.333916e+01  8.000000e+00
   endloop
 endfacet
 facet normal -5.619699e-01 -8.271577e-01  5.271910e-16
   outer loop
     vertex  7.220228e+01  4.333916e+01  0.000000e+00
     vertex  7.229306e+01  4.327748e+01  0.000000e+00
     vertex  7.220228e+01  4.333916e+01  8.000000e+00
   endloop
 endfacet
 facet normal -5.390661e-01 -8.422635e-01  4.189871e-16
   outer loop
     vertex  7.220228e+01  4.333916e+01  0.000000e+00
     vertex  7.220228e+01  4.333916e+01  8.000000e+00
     vertex  7.210984e+01  4.339832e+01  8.000000e+00
   endloop
 endfacet
 facet normal -5.390661e-01 -8.422635e-01 -5.385867e-16
   outer loop
     vertex  7.210984e+01  4.339832e+01  0.000000e+00
     vertex  7.220228e+01  4.333916e+01  0.000000e+00
     vertex  7.210984e+01  4.339832e+01  8.000000e+00
   endloop
 endfacet
 facet normal -5.157565e-01 -8.567352e-01 -6.056998e-16
   outer loop
     vertex  7.210984e+01  4.339832e+01  0.000000e+00
     vertex  7.210984e+01  4.339832e+01  8.000000e+00
     vertex  7.201582e+01  4.345492e+01  8.000000e+00
   endloop
 endfacet
 facet normal -5.157565e-01 -8.567352e-01 -6.056998e-16
   outer loop
     vertex  7.201582e+01  4.345492e+01  0.000000e+00
     vertex  7.210984e+01  4.339832e+01  0.000000e+00
     vertex  7.201582e+01  4.345492e+01  8.000000e+00
   endloop
 endfacet
 facet normal -4.920587e-01 -8.705620e-01 -6.723570e-16
   outer loop
     vertex  7.201582e+01  4.345492e+01  0.000000e+00
     vertex  7.201582e+01  4.345492e+01  8.000000e+00
     vertex  7.192028e+01  4.350892e+01  8.000000e+00
   endloop
 endfacet
 facet normal -4.920587e-01 -8.705620e-01 -6.723570e-16
   outer loop
     vertex  7.192028e+01  4.350892e+01  0.000000e+00
     vertex  7.201582e+01  4.345492e+01  0.000000e+00
     vertex  7.192028e+01  4.350892e+01  8.000000e+00
   endloop
 endfacet
 facet normal -4.679904e-01 -8.837335e-01 -7.385081e-16
   outer loop
     vertex  7.192028e+01  4.350892e+01  0.000000e+00
     vertex  7.192028e+01  4.350892e+01  8.000000e+00
     vertex  7.182329e+01  4.356028e+01  8.000000e+00
   endloop
 endfacet
 facet normal -4.435699e-01 -8.962398e-01 -1.616481e-17
   outer loop
     vertex  7.182329e+01  4.356028e+01  0.000000e+00
     vertex  7.182329e+01  4.356028e+01  8.000000e+00
     vertex  7.172493e+01  4.360896e+01  8.000000e+00
   endloop
 endfacet
 facet normal -4.679904e-01 -8.837335e-01  9.280991e-17
   outer loop
     vertex  7.182329e+01  4.356028e+01  0.000000e+00
     vertex  7.192028e+01  4.350892e+01  0.000000e+00
     vertex  7.182329e+01  4.356028e+01  8.000000e+00
   endloop
 endfacet
 facet normal -4.188155e-01 -9.080714e-01 -1.251274e-16
   outer loop
     vertex  7.172493e+01  4.360896e+01  0.000000e+00
     vertex  7.172493e+01  4.360896e+01  8.000000e+00
     vertex  7.162528e+01  4.365493e+01  8.000000e+00
   endloop
 endfacet
 facet normal -4.435699e-01 -8.962398e-01 -1.616481e-17
   outer loop
     vertex  7.172493e+01  4.360896e+01  0.000000e+00
     vertex  7.182329e+01  4.356028e+01  0.000000e+00
     vertex  7.172493e+01  4.360896e+01  8.000000e+00
   endloop
 endfacet
 facet normal -3.937458e-01 -9.192194e-01 -2.339957e-16
   outer loop
     vertex  7.162528e+01  4.365493e+01  0.000000e+00
     vertex  7.162528e+01  4.365493e+01  8.000000e+00
     vertex  7.152439e+01  4.369814e+01  8.000000e+00
   endloop
 endfacet
 facet normal -4.188155e-01 -9.080714e-01 -1.251274e-16
   outer loop
     vertex  7.162528e+01  4.365493e+01  0.000000e+00
     vertex  7.172493e+01  4.360896e+01  0.000000e+00
     vertex  7.162528e+01  4.365493e+01  8.000000e+00
   endloop
 endfacet
 facet normal -3.683796e-01 -9.296754e-01 -3.426879e-16
   outer loop
     vertex  7.152439e+01  4.369814e+01  0.000000e+00
     vertex  7.152439e+01  4.369814e+01  8.000000e+00
     vertex  7.142237e+01  4.373857e+01  8.000000e+00
   endloop
 endfacet
 facet normal -3.937458e-01 -9.192194e-01 -2.339957e-16
   outer loop
     vertex  7.152439e+01  4.369814e+01  0.000000e+00
     vertex  7.162528e+01  4.365493e+01  0.000000e+00
     vertex  7.152439e+01  4.369814e+01  8.000000e+00
   endloop
 endfacet
 facet normal -3.427362e-01 -9.394317e-01 -4.511222e-16
   outer loop
     vertex  7.142237e+01  4.373857e+01  0.000000e+00
     vertex  7.142237e+01  4.373857e+01  8.000000e+00
     vertex  7.131927e+01  4.377618e+01  8.000000e+00
   endloop
 endfacet
 facet normal -3.683796e-01 -9.296754e-01 -3.426879e-16
   outer loop
     vertex  7.142237e+01  4.373857e+01  0.000000e+00
     vertex  7.152439e+01  4.369814e+01  0.000000e+00
     vertex  7.142237e+01  4.373857e+01  8.000000e+00
   endloop
 endfacet
 facet normal -3.168348e-01 -9.484807e-01  2.832033e-16
   outer loop
     vertex  7.131927e+01  4.377618e+01  0.000000e+00
     vertex  7.131927e+01  4.377618e+01  8.000000e+00
     vertex  7.121517e+01  4.381095e+01  8.000000e+00
   endloop
 endfacet
 facet normal -3.427362e-01 -9.394317e-01  3.832608e-16
   outer loop
     vertex  7.131927e+01  4.377618e+01  0.000000e+00
     vertex  7.142237e+01  4.373857e+01  0.000000e+00
     vertex  7.131927e+01  4.377618e+01  8.000000e+00
   endloop
 endfacet
 facet normal -2.906949e-01 -9.568158e-01 -6.668905e-16
   outer loop
     vertex  7.121517e+01  4.381095e+01  0.000000e+00
     vertex  7.121517e+01  4.381095e+01  8.000000e+00
     vertex  7.111017e+01  4.384285e+01  8.000000e+00
   endloop
 endfacet
 facet normal -3.168348e-01 -9.484807e-01 -5.592168e-16
   outer loop
     vertex  7.121517e+01  4.381095e+01  0.000000e+00
     vertex  7.131927e+01  4.377618e+01  0.000000e+00
     vertex  7.121517e+01  4.381095e+01  8.000000e+00
   endloop
 endfacet
 facet normal -2.643362e-01 -9.644306e-01  8.252423e-17
   outer loop
     vertex  7.111017e+01  4.384285e+01  0.000000e+00
     vertex  7.111017e+01  4.384285e+01  8.000000e+00
     vertex  7.100432e+01  4.387186e+01  8.000000e+00
   endloop
 endfacet
 facet normal -2.906949e-01 -9.568158e-01  1.829326e-16
   outer loop
     vertex  7.111017e+01  4.384285e+01  0.000000e+00
     vertex  7.121517e+01  4.381095e+01  0.000000e+00
     vertex  7.111017e+01  4.384285e+01  8.000000e+00
   endloop
 endfacet
 facet normal -2.377784e-01 -9.713194e-01 -1.794627e-17
   outer loop
     vertex  7.100432e+01  4.387186e+01  0.000000e+00
     vertex  7.100432e+01  4.387186e+01  8.000000e+00
     vertex  7.089772e+01  4.389796e+01  8.000000e+00
   endloop
 endfacet
 facet normal -2.643362e-01 -9.644306e-01  8.252423e-17
   outer loop
     vertex  7.100432e+01  4.387186e+01  0.000000e+00
     vertex  7.111017e+01  4.384285e+01  0.000000e+00
     vertex  7.100432e+01  4.387186e+01  8.000000e+00
   endloop
 endfacet
 facet normal -2.110417e-01 -9.774771e-01  2.564821e-16
   outer loop
     vertex  7.089772e+01  4.389796e+01  0.000000e+00
     vertex  7.089772e+01  4.389796e+01  8.000000e+00
     vertex  7.079045e+01  4.392112e+01  8.000000e+00
   endloop
 endfacet
 facet normal -2.377784e-01 -9.713194e-01  4.044331e-16
   outer loop
     vertex  7.089772e+01  4.389796e+01  0.000000e+00
     vertex  7.100432e+01  4.387186e+01  0.000000e+00
     vertex  7.089772e+01  4.389796e+01  8.000000e+00
   endloop
 endfacet
 facet normal -1.841461e-01 -9.828989e-01 -2.187711e-16
   outer loop
     vertex  7.079045e+01  4.392112e+01  0.000000e+00
     vertex  7.079045e+01  4.392112e+01  8.000000e+00
     vertex  7.068258e+01  4.394133e+01  8.000000e+00
   endloop
 endfacet
 facet normal -2.110417e-01 -9.774771e-01 -1.184033e-16
   outer loop
     vertex  7.079045e+01  4.392112e+01  0.000000e+00
     vertex  7.089772e+01  4.389796e+01  0.000000e+00
     vertex  7.079045e+01  4.392112e+01  8.000000e+00
   endloop
 endfacet
 facet normal -1.571119e-01 -9.875808e-01 -3.189743e-16
   outer loop
     vertex  7.068258e+01  4.394133e+01  0.000000e+00
     vertex  7.068258e+01  4.394133e+01  8.000000e+00
     vertex  7.057420e+01  4.395857e+01  8.000000e+00
   endloop
 endfacet
 facet normal -1.841461e-01 -9.828989e-01 -2.187711e-16
   outer loop
     vertex  7.068258e+01  4.394133e+01  0.000000e+00
     vertex  7.079045e+01  4.392112e+01  0.000000e+00
     vertex  7.068258e+01  4.394133e+01  8.000000e+00
   endloop
 endfacet
 facet normal -1.299594e-01 -9.915193e-01  4.617087e-16
   outer loop
     vertex  7.057420e+01  4.395857e+01  0.000000e+00
     vertex  7.057420e+01  4.395857e+01  8.000000e+00
     vertex  7.046538e+01  4.397284e+01  8.000000e+00
   endloop
 endfacet
 facet normal -1.571119e-01 -9.875808e-01  5.581737e-16
   outer loop
     vertex  7.057420e+01  4.395857e+01  0.000000e+00
     vertex  7.068258e+01  4.394133e+01  0.000000e+00
     vertex  7.057420e+01  4.395857e+01  8.000000e+00
   endloop
 endfacet
 facet normal -1.027091e-01 -9.947114e-01  3.648962e-16
   outer loop
     vertex  7.046538e+01  4.397284e+01  0.000000e+00
     vertex  7.046538e+01  4.397284e+01  8.000000e+00
     vertex  7.035621e+01  4.398411e+01  8.000000e+00
   endloop
 endfacet
 facet normal -1.299594e-01 -9.915193e-01  4.617087e-16
   outer loop
     vertex  7.046538e+01  4.397284e+01  0.000000e+00
     vertex  7.057420e+01  4.395857e+01  0.000000e+00
     vertex  7.046538e+01  4.397284e+01  8.000000e+00
   endloop
 endfacet
 facet normal -7.538152e-02 -9.971548e-01  4.017135e-16
   outer loop
     vertex  7.035621e+01  4.398411e+01  0.000000e+00
     vertex  7.035621e+01  4.398411e+01  8.000000e+00
     vertex  7.024678e+01  4.399238e+01  8.000000e+00
   endloop
 endfacet
 facet normal -1.027091e-01 -9.947114e-01  5.473443e-16
   outer loop
     vertex  7.035621e+01  4.398411e+01  0.000000e+00
     vertex  7.046538e+01  4.397284e+01  0.000000e+00
     vertex  7.035621e+01  4.398411e+01  8.000000e+00
   endloop
 endfacet
 facet normal -4.799716e-02 -9.988475e-01 -7.166346e-16
   outer loop
     vertex  7.024678e+01  4.399238e+01  0.000000e+00
     vertex  7.024678e+01  4.399238e+01  8.000000e+00
     vertex  7.013716e+01  4.399765e+01  8.000000e+00
   endloop
 endfacet
 facet normal -7.538152e-02 -9.971548e-01 -6.178424e-16
   outer loop
     vertex  7.024678e+01  4.399238e+01  0.000000e+00
     vertex  7.035621e+01  4.398411e+01  0.000000e+00
     vertex  7.024678e+01  4.399238e+01  8.000000e+00
   endloop
 endfacet
 facet normal -4.799716e-02 -9.988475e-01  1.705202e-16
   outer loop
     vertex  7.013716e+01  4.399765e+01  0.000000e+00
     vertex  7.024678e+01  4.399238e+01  0.000000e+00
     vertex  7.013716e+01  4.399765e+01  8.000000e+00
   endloop
 endfacet
 facet normal -2.057667e-02 -9.997883e-01  7.310300e-17
   outer loop
     vertex  7.013716e+01  4.399765e+01  0.000000e+00
     vertex  7.013716e+01  4.399765e+01  8.000000e+00
     vertex  7.002744e+01  4.399991e+01  8.000000e+00
   endloop
 endfacet
 facet normal -2.057667e-02 -9.997883e-01  7.310300e-17
   outer loop
     vertex  7.002744e+01  4.399991e+01  0.000000e+00
     vertex  7.013716e+01  4.399765e+01  0.000000e+00
     vertex  7.002744e+01  4.399991e+01  8.000000e+00
   endloop
 endfacet
 facet normal  6.859319e-03 -9.999765e-01 -2.436920e-17
   outer loop
     vertex  7.002744e+01  4.399991e+01  0.000000e+00
     vertex  7.002744e+01  4.399991e+01  8.000000e+00
     vertex  6.991769e+01  4.399915e+01  8.000000e+00
   endloop
 endfacet
 facet normal  6.859319e-03 -9.999765e-01 -2.436920e-17
   outer loop
     vertex  6.991769e+01  4.399915e+01  0.000000e+00
     vertex  7.002744e+01  4.399991e+01  0.000000e+00
     vertex  6.991769e+01  4.399915e+01  8.000000e+00
   endloop
 endfacet
 facet normal  3.429014e-02 -9.994119e-01 -1.218230e-16
   outer loop
     vertex  6.991769e+01  4.399915e+01  0.000000e+00
     vertex  6.991769e+01  4.399915e+01  8.000000e+00
     vertex  6.980801e+01  4.399539e+01  8.000000e+00
   endloop
 endfacet
 facet normal  6.169515e-02 -9.980950e-01 -2.191852e-16
   outer loop
     vertex  6.980801e+01  4.399539e+01  0.000000e+00
     vertex  6.980801e+01  4.399539e+01  8.000000e+00
     vertex  6.969847e+01  4.398862e+01  8.000000e+00
   endloop
 endfacet
 facet normal  3.429014e-02 -9.994119e-01 -1.218230e-16
   outer loop
     vertex  6.980801e+01  4.399539e+01  0.000000e+00
     vertex  6.991769e+01  4.399915e+01  0.000000e+00
     vertex  6.980801e+01  4.399539e+01  8.000000e+00
   endloop
 endfacet
 facet normal  8.905371e-02 -9.960268e-01  5.682672e-16
   outer loop
     vertex  6.969847e+01  4.398862e+01  0.000000e+00
     vertex  6.969847e+01  4.398862e+01  8.000000e+00
     vertex  6.958916e+01  4.397885e+01  8.000000e+00
   endloop
 endfacet
 facet normal  6.169515e-02 -9.980950e-01  6.673013e-16
   outer loop
     vertex  6.969847e+01  4.398862e+01  0.000000e+00
     vertex  6.980801e+01  4.399539e+01  0.000000e+00
     vertex  6.969847e+01  4.398862e+01  8.000000e+00
   endloop
 endfacet
 facet normal  1.163452e-01 -9.932088e-01 -4.133413e-16
   outer loop
     vertex  6.958916e+01  4.397885e+01  0.000000e+00
     vertex  6.958916e+01  4.397885e+01  8.000000e+00
     vertex  6.948016e+01  4.396608e+01  8.000000e+00
   endloop
 endfacet
 facet normal  8.905371e-02 -9.960268e-01 -3.163823e-16
   outer loop
     vertex  6.958916e+01  4.397885e+01  0.000000e+00
     vertex  6.969847e+01  4.398862e+01  0.000000e+00
     vertex  6.958916e+01  4.397885e+01  8.000000e+00
   endloop
 endfacet
 facet normal  1.163452e-01 -9.932088e-01  2.621346e-16
   outer loop
     vertex  6.948016e+01  4.396608e+01  0.000000e+00
     vertex  6.958916e+01  4.397885e+01  0.000000e+00
     vertex  6.948016e+01  4.396608e+01  8.000000e+00
   endloop
 endfacet
 facet normal  1.435492e-01 -9.896432e-01  1.139318e-16
   outer loop
     vertex  6.937155e+01  4.395032e+01  0.000000e+00
     vertex  6.948016e+01  4.396608e+01  0.000000e+00
     vertex  6.948016e+01  4.396608e+01  8.000000e+00
   endloop
 endfacet
 facet normal  1.706451e-01 -9.853326e-01  2.688980e-16
   outer loop
     vertex  6.937155e+01  4.395032e+01  0.000000e+00
     vertex  6.937155e+01  4.395032e+01  8.000000e+00
     vertex  6.926342e+01  4.393160e+01  8.000000e+00
   endloop
 endfacet
 facet normal  1.435492e-01 -9.896432e-01  3.689905e-16
   outer loop
     vertex  6.937155e+01  4.395032e+01  0.000000e+00
     vertex  6.948016e+01  4.396608e+01  8.000000e+00
     vertex  6.937155e+01  4.395032e+01  8.000000e+00
   endloop
 endfacet
 facet normal  1.706451e-01 -9.853326e-01  2.688980e-16
   outer loop
     vertex  6.926342e+01  4.393160e+01  0.000000e+00
     vertex  6.937155e+01  4.395032e+01  0.000000e+00
     vertex  6.926342e+01  4.393160e+01  8.000000e+00
   endloop
 endfacet
 facet normal  1.976125e-01 -9.802802e-01  1.686031e-16
   outer loop
     vertex  6.926342e+01  4.393160e+01  0.000000e+00
     vertex  6.926342e+01  4.393160e+01  8.000000e+00
     vertex  6.915583e+01  4.390991e+01  8.000000e+00
   endloop
 endfacet
 facet normal  1.976125e-01 -9.802802e-01  1.686031e-16
   outer loop
     vertex  6.915583e+01  4.390991e+01  0.000000e+00
     vertex  6.926342e+01  4.393160e+01  0.000000e+00
     vertex  6.915583e+01  4.390991e+01  8.000000e+00
   endloop
 endfacet
 facet normal  2.244312e-01 -9.744899e-01  6.818118e-17
   outer loop
     vertex  6.915583e+01  4.390991e+01  0.000000e+00
     vertex  6.915583e+01  4.390991e+01  8.000000e+00
     vertex  6.904889e+01  4.388528e+01  8.000000e+00
   endloop
 endfacet
 facet normal  2.244312e-01 -9.744899e-01  6.818118e-17
   outer loop
     vertex  6.904889e+01  4.388528e+01  0.000000e+00
     vertex  6.915583e+01  4.390991e+01  0.000000e+00
     vertex  6.904889e+01  4.388528e+01  8.000000e+00
   endloop
 endfacet
 facet normal  2.510809e-01 -9.679661e-01 -3.229202e-17
   outer loop
     vertex  6.904889e+01  4.388528e+01  0.000000e+00
     vertex  6.904889e+01  4.388528e+01  8.000000e+00
     vertex  6.894266e+01  4.385772e+01  8.000000e+00
   endloop
 endfacet
 facet normal  2.510809e-01 -9.679661e-01 -3.229202e-17
   outer loop
     vertex  6.894266e+01  4.385772e+01  0.000000e+00
     vertex  6.904889e+01  4.388528e+01  0.000000e+00
     vertex  6.894266e+01  4.385772e+01  8.000000e+00
   endloop
 endfacet
 facet normal  2.775416e-01 -9.607136e-01 -1.327409e-16
   outer loop
     vertex  6.894266e+01  4.385772e+01  0.000000e+00
     vertex  6.894266e+01  4.385772e+01  8.000000e+00
     vertex  6.883722e+01  4.382726e+01  8.000000e+00
   endloop
 endfacet
 facet normal  2.775416e-01 -9.607136e-01 -1.327409e-16
   outer loop
     vertex  6.883722e+01  4.382726e+01  0.000000e+00
     vertex  6.894266e+01  4.385772e+01  0.000000e+00
     vertex  6.883722e+01  4.382726e+01  8.000000e+00
   endloop
 endfacet
 facet normal  3.037934e-01 -9.527379e-01 -2.330899e-16
   outer loop
     vertex  6.883722e+01  4.382726e+01  0.000000e+00
     vertex  6.883722e+01  4.382726e+01  8.000000e+00
     vertex  6.873266e+01  4.379392e+01  8.000000e+00
   endloop
 endfacet
 facet normal  3.037934e-01 -9.527379e-01  6.131114e-16
   outer loop
     vertex  6.873266e+01  4.379392e+01  0.000000e+00
     vertex  6.883722e+01  4.382726e+01  0.000000e+00
     vertex  6.873266e+01  4.379392e+01  8.000000e+00
   endloop
 endfacet
 facet normal  3.298166e-01 -9.440450e-01  5.052171e-16
   outer loop
     vertex  6.873266e+01  4.379392e+01  0.000000e+00
     vertex  6.873266e+01  4.379392e+01  8.000000e+00
     vertex  6.862906e+01  4.375773e+01  8.000000e+00
   endloop
 endfacet
 facet normal  3.298166e-01 -9.440450e-01 -3.332634e-16
   outer loop
     vertex  6.862906e+01  4.375773e+01  0.000000e+00
     vertex  6.873266e+01  4.379392e+01  0.000000e+00
     vertex  6.862906e+01  4.375773e+01  8.000000e+00
   endloop
 endfacet
 facet normal  3.555914e-01 -9.346415e-01 -4.331860e-16
   outer loop
     vertex  6.862906e+01  4.375773e+01  0.000000e+00
     vertex  6.862906e+01  4.375773e+01  8.000000e+00
     vertex  6.852648e+01  4.371870e+01  8.000000e+00
   endloop
 endfacet
 facet normal  3.555914e-01 -9.346415e-01  3.969424e-16
   outer loop
     vertex  6.852648e+01  4.371870e+01  0.000000e+00
     vertex  6.862906e+01  4.375773e+01  0.000000e+00
     vertex  6.852648e+01  4.371870e+01  8.000000e+00
   endloop
 endfacet
 facet normal  3.810986e-01 -9.245344e-01  2.882097e-16
   outer loop
     vertex  6.842502e+01  4.367688e+01  0.000000e+00
     vertex  6.852648e+01  4.371870e+01  0.000000e+00
     vertex  6.852648e+01  4.371870e+01  8.000000e+00
   endloop
 endfacet
 facet normal  4.063188e-01 -9.137314e-01 -6.319780e-16
   outer loop
     vertex  6.842502e+01  4.367688e+01  0.000000e+00
     vertex  6.842502e+01  4.367688e+01  8.000000e+00
     vertex  6.832474e+01  4.363229e+01  8.000000e+00
   endloop
 endfacet
 facet normal  3.810986e-01 -9.245344e-01 -5.327826e-16
   outer loop
     vertex  6.842502e+01  4.367688e+01  0.000000e+00
     vertex  6.852648e+01  4.371870e+01  8.000000e+00
     vertex  6.842502e+01  4.367688e+01  8.000000e+00
   endloop
 endfacet
 facet normal  4.063188e-01 -9.137314e-01  1.795784e-16
   outer loop
     vertex  6.832474e+01  4.363229e+01  0.000000e+00
     vertex  6.842502e+01  4.367688e+01  0.000000e+00
     vertex  6.832474e+01  4.363229e+01  8.000000e+00
   endloop
 endfacet
 facet normal  4.312333e-01 -9.022405e-01  7.035314e-17
   outer loop
     vertex  6.822572e+01  4.358496e+01  0.000000e+00
     vertex  6.832474e+01  4.363229e+01  0.000000e+00
     vertex  6.832474e+01  4.363229e+01  8.000000e+00
   endloop
 endfacet
 facet normal  4.558231e-01 -8.900704e-01  7.713783e-16
   outer loop
     vertex  6.822572e+01  4.358496e+01  0.000000e+00
     vertex  6.822572e+01  4.358496e+01  8.000000e+00
     vertex  6.812804e+01  4.353493e+01  8.000000e+00
   endloop
 endfacet
 facet normal  4.312333e-01 -9.022405e-01  8.366769e-16
   outer loop
     vertex  6.822572e+01  4.358496e+01  0.000000e+00
     vertex  6.832474e+01  4.363229e+01  8.000000e+00
     vertex  6.822572e+01  4.358496e+01  8.000000e+00
   endloop
 endfacet
 facet normal  4.558231e-01 -8.900704e-01 -3.832616e-17
   outer loop
     vertex  6.812804e+01  4.353493e+01  0.000000e+00
     vertex  6.822572e+01  4.358496e+01  0.000000e+00
     vertex  6.812804e+01  4.353493e+01  8.000000e+00
   endloop
 endfacet
 facet normal  4.800697e-01 -8.772303e-01 -1.472762e-16
   outer loop
     vertex  6.812804e+01  4.353493e+01  0.000000e+00
     vertex  6.812804e+01  4.353493e+01  8.000000e+00
     vertex  6.803177e+01  4.348225e+01  8.000000e+00
   endloop
 endfacet
 facet normal  4.800697e-01 -8.772303e-01 -1.472762e-16
   outer loop
     vertex  6.803177e+01  4.348225e+01  0.000000e+00
     vertex  6.812804e+01  4.353493e+01  0.000000e+00
     vertex  6.803177e+01  4.348225e+01  8.000000e+00
   endloop
 endfacet
 facet normal  5.039550e-01 -8.637299e-01 -2.561154e-16
   outer loop
     vertex  6.803177e+01  4.348225e+01  0.000000e+00
     vertex  6.803177e+01  4.348225e+01  8.000000e+00
     vertex  6.793697e+01  4.342694e+01  8.000000e+00
   endloop
 endfacet
 facet normal  5.039550e-01 -8.637299e-01 -2.561154e-16
   outer loop
     vertex  6.793697e+01  4.342694e+01  0.000000e+00
     vertex  6.803177e+01  4.348225e+01  0.000000e+00
     vertex  6.793697e+01  4.342694e+01  8.000000e+00
   endloop
 endfacet
 facet normal  5.274609e-01 -8.495793e-01 -3.647618e-16
   outer loop
     vertex  6.793697e+01  4.342694e+01  0.000000e+00
     vertex  6.793697e+01  4.342694e+01  8.000000e+00
     vertex  6.784374e+01  4.336905e+01  8.000000e+00
   endloop
 endfacet
 facet normal  5.274609e-01 -8.495793e-01  5.721971e-16
   outer loop
     vertex  6.784374e+01  4.336905e+01  0.000000e+00
     vertex  6.793697e+01  4.342694e+01  0.000000e+00
     vertex  6.784374e+01  4.336905e+01  8.000000e+00
   endloop
 endfacet
 facet normal  5.505698e-01 -8.347891e-01  5.048749e-16
   outer loop
     vertex  6.784374e+01  4.336905e+01  0.000000e+00
     vertex  6.784374e+01  4.336905e+01  8.000000e+00
     vertex  6.775212e+01  4.330863e+01  8.000000e+00
   endloop
 endfacet
 facet normal  5.732642e-01 -8.193706e-01 -5.811492e-16
   outer loop
     vertex  6.775212e+01  4.330863e+01  0.000000e+00
     vertex  6.775212e+01  4.330863e+01  8.000000e+00
     vertex  6.766220e+01  4.324572e+01  8.000000e+00
   endloop
 endfacet
 facet normal  5.505698e-01 -8.347891e-01 -4.731336e-16
   outer loop
     vertex  6.775212e+01  4.330863e+01  0.000000e+00
     vertex  6.784374e+01  4.336905e+01  0.000000e+00
     vertex  6.775212e+01  4.330863e+01  8.000000e+00
   endloop
 endfacet
 facet normal  5.955271e-01 -8.033352e-01  3.691413e-16
   outer loop
     vertex  6.766220e+01  4.324572e+01  0.000000e+00
     vertex  6.766220e+01  4.324572e+01  8.000000e+00
     vertex  6.757403e+01  4.318036e+01  8.000000e+00
   endloop
 endfacet
 facet normal  5.732642e-01 -8.193706e-01  4.371727e-16
   outer loop
     vertex  6.766220e+01  4.324572e+01  0.000000e+00
     vertex  6.775212e+01  4.330863e+01  0.000000e+00
     vertex  6.766220e+01  4.324572e+01  8.000000e+00
   endloop
 endfacet
 facet normal  6.173417e-01 -7.866951e-01 -9.706144e-17
   outer loop
     vertex  6.757403e+01  4.318036e+01  0.000000e+00
     vertex  6.757403e+01  4.318036e+01  8.000000e+00
     vertex  6.748770e+01  4.311261e+01  8.000000e+00
   endloop
 endfacet
 facet normal  5.955271e-01 -8.033352e-01  2.477764e-17
   outer loop
     vertex  6.757403e+01  4.318036e+01  0.000000e+00
     vertex  6.766220e+01  4.324572e+01  0.000000e+00
     vertex  6.757403e+01  4.318036e+01  8.000000e+00
   endloop
 endfacet
 facet normal  6.386916e-01 -7.694628e-01 -2.188275e-16
   outer loop
     vertex  6.748770e+01  4.311261e+01  0.000000e+00
     vertex  6.748770e+01  4.311261e+01  8.000000e+00
     vertex  6.740325e+01  4.304251e+01  8.000000e+00
   endloop
 endfacet
 facet normal  6.173417e-01 -7.866951e-01 -9.706144e-17
   outer loop
     vertex  6.748770e+01  4.311261e+01  0.000000e+00
     vertex  6.757403e+01  4.318036e+01  0.000000e+00
     vertex  6.748770e+01  4.311261e+01  8.000000e+00
   endloop
 endfacet
 facet normal  6.386916e-01 -7.694628e-01 -2.188275e-16
   outer loop
     vertex  6.740325e+01  4.304251e+01  0.000000e+00
     vertex  6.748770e+01  4.311261e+01  0.000000e+00
     vertex  6.740325e+01  4.304251e+01  8.000000e+00
   endloop
 endfacet
 facet normal  6.799333e-01 -7.332740e-01 -4.617738e-16
   outer loop
     vertex  6.732076e+01  4.297013e+01  0.000000e+00
     vertex  6.732076e+01  4.297013e+01  8.000000e+00
     vertex  6.724029e+01  4.289551e+01  8.000000e+00
   endloop
 endfacet
 facet normal  6.595607e-01 -7.516513e-01 -3.404287e-16
   outer loop
     vertex  6.732076e+01  4.297013e+01  0.000000e+00
     vertex  6.740325e+01  4.304251e+01  8.000000e+00
     vertex  6.732076e+01  4.297013e+01  8.000000e+00
   endloop
 endfacet
 facet normal  6.595607e-01 -7.516513e-01 -3.404445e-16
   outer loop
     vertex  6.732076e+01  4.297013e+01  0.000000e+00
     vertex  6.740325e+01  4.304251e+01  0.000000e+00
     vertex  6.740325e+01  4.304251e+01  8.000000e+00
   endloop
 endfacet
 facet normal  6.799333e-01 -7.332740e-01  1.895044e-16
   outer loop
     vertex  6.724029e+01  4.289551e+01  0.000000e+00
     vertex  6.732076e+01  4.297013e+01  0.000000e+00
     vertex  6.724029e+01  4.289551e+01  8.000000e+00
   endloop
 endfacet
 facet normal  6.997940e-01 -7.143447e-01  5.191791e-17
   outer loop
     vertex  6.716189e+01  4.281871e+01  0.000000e+00
     vertex  6.724029e+01  4.289551e+01  0.000000e+00
     vertex  6.724029e+01  4.289551e+01  8.000000e+00
   endloop
 endfacet
 facet normal  7.191280e-01 -6.948776e-01  5.740980e-16
   outer loop
     vertex  6.716189e+01  4.281871e+01  0.000000e+00
     vertex  6.716189e+01  4.281871e+01  8.000000e+00
     vertex  6.708563e+01  4.273979e+01  8.000000e+00
   endloop
 endfacet
 facet normal  6.997940e-01 -7.143447e-01  6.603127e-16
   outer loop
     vertex  6.716189e+01  4.281871e+01  0.000000e+00
     vertex  6.724029e+01  4.289551e+01  8.000000e+00
     vertex  6.716189e+01  4.281871e+01  8.000000e+00
   endloop
 endfacet
 facet normal  7.191280e-01 -6.948776e-01  1.191273e-15
   outer loop
     vertex  6.708563e+01  4.273979e+01  0.000000e+00
     vertex  6.716189e+01  4.281871e+01  0.000000e+00
     vertex  6.708563e+01  4.273979e+01  8.000000e+00
   endloop
 endfacet
 facet normal  7.379206e-01 -6.748875e-01  1.086453e-15
   outer loop
     vertex  6.701156e+01  4.265880e+01  0.000000e+00
     vertex  6.708563e+01  4.273979e+01  0.000000e+00
     vertex  6.708563e+01  4.273979e+01  8.000000e+00
   endloop
 endfacet
 facet normal  7.561578e-01 -6.543893e-01  4.004374e-16
   outer loop
     vertex  6.701156e+01  4.265880e+01  0.000000e+00
     vertex  6.701156e+01  4.265880e+01  8.000000e+00
     vertex  6.693975e+01  4.257582e+01  8.000000e+00
   endloop
 endfacet
 facet normal  7.379206e-01 -6.748875e-01  4.874512e-16
   outer loop
     vertex  6.701156e+01  4.265880e+01  0.000000e+00
     vertex  6.708563e+01  4.273979e+01  8.000000e+00
     vertex  6.701156e+01  4.265880e+01  8.000000e+00
   endloop
 endfacet
 facet normal  7.561578e-01 -6.543893e-01 -9.427686e-16
   outer loop
     vertex  6.693975e+01  4.257582e+01  0.000000e+00
     vertex  6.701156e+01  4.265880e+01  0.000000e+00
     vertex  6.693975e+01  4.257582e+01  8.000000e+00
   endloop
 endfacet
 facet normal  7.738257e-01 -6.333986e-01 -1.061215e-15
   outer loop
     vertex  6.687023e+01  4.249089e+01  0.000000e+00
     vertex  6.693975e+01  4.257582e+01  0.000000e+00
     vertex  6.693975e+01  4.257582e+01  8.000000e+00
   endloop
 endfacet
 facet normal  7.909112e-01 -6.119310e-01  7.690752e-16
   outer loop
     vertex  6.687023e+01  4.249089e+01  0.000000e+00
     vertex  6.687023e+01  4.249089e+01  8.000000e+00
     vertex  6.680307e+01  4.240409e+01  8.000000e+00
   endloop
 endfacet
 facet normal  7.738257e-01 -6.333986e-01  8.756931e-16
   outer loop
     vertex  6.687023e+01  4.249089e+01  0.000000e+00
     vertex  6.693975e+01  4.257582e+01  8.000000e+00
     vertex  6.687023e+01  4.249089e+01  8.000000e+00
   endloop
 endfacet
 facet normal  7.909112e-01 -6.119310e-01 -1.179369e-15
   outer loop
     vertex  6.680307e+01  4.240409e+01  0.000000e+00
     vertex  6.687023e+01  4.249089e+01  0.000000e+00
     vertex  6.680307e+01  4.240409e+01  8.000000e+00
   endloop
 endfacet
 facet normal  8.074012e-01 -5.900028e-01 -1.296382e-15
   outer loop
     vertex  6.680307e+01  4.240409e+01  0.000000e+00
     vertex  6.680307e+01  4.240409e+01  8.000000e+00
     vertex  6.673832e+01  4.231548e+01  8.000000e+00
   endloop
 endfacet
 facet normal  8.074012e-01 -5.900028e-01 -7.723544e-16
   outer loop
     vertex  6.673832e+01  4.231548e+01  0.000000e+00
     vertex  6.680307e+01  4.240409e+01  0.000000e+00
     vertex  6.673832e+01  4.231548e+01  8.000000e+00
   endloop
 endfacet
 facet normal  8.232835e-01 -5.676304e-01 -9.087204e-16
   outer loop
     vertex  6.667603e+01  4.222513e+01  0.000000e+00
     vertex  6.673832e+01  4.231548e+01  0.000000e+00
     vertex  6.673832e+01  4.231548e+01  8.000000e+00
   endloop
 endfacet
 facet normal  8.232835e-01 -5.676304e-01  5.541831e-16
   outer loop
     vertex  6.667603e+01  4.222513e+01  0.000000e+00
     vertex  6.673832e+01  4.231548e+01  8.000000e+00
     vertex  6.667603e+01  4.222513e+01  8.000000e+00
   endloop
 endfacet
 facet normal  8.385460e-01 -5.448308e-01  4.462133e-16
   outer loop
     vertex  6.661623e+01  4.213310e+01  0.000000e+00
     vertex  6.667603e+01  4.222513e+01  0.000000e+00
     vertex  6.667603e+01  4.222513e+01  8.000000e+00
   endloop
 endfacet
 facet normal  8.385460e-01 -5.448308e-01  4.460708e-16
   outer loop
     vertex  6.661623e+01  4.213310e+01  0.000000e+00
     vertex  6.667603e+01  4.222513e+01  8.000000e+00
     vertex  6.661623e+01  4.213310e+01  8.000000e+00
   endloop
 endfacet
 facet normal  8.531773e-01 -5.216210e-01  3.375466e-16
   outer loop
     vertex  6.655899e+01  4.203947e+01  0.000000e+00
     vertex  6.661623e+01  4.213310e+01  0.000000e+00
     vertex  6.661623e+01  4.213310e+01  8.000000e+00
   endloop
 endfacet
 facet normal  8.671664e-01 -4.980186e-01 -2.134089e-16
   outer loop
     vertex  6.655899e+01  4.203947e+01  0.000000e+00
     vertex  6.655899e+01  4.203947e+01  8.000000e+00
     vertex  6.650433e+01  4.194430e+01  8.000000e+00
   endloop
 endfacet
 facet normal  8.531773e-01 -5.216210e-01 -1.256698e-16
   outer loop
     vertex  6.655899e+01  4.203947e+01  0.000000e+00
     vertex  6.661623e+01  4.213310e+01  8.000000e+00
     vertex  6.655899e+01  4.203947e+01  8.000000e+00
   endloop
 endfacet
 facet normal  8.671664e-01 -4.980186e-01  2.289205e-16
   outer loop
     vertex  6.650433e+01  4.194430e+01  0.000000e+00
     vertex  6.655899e+01  4.203947e+01  0.000000e+00
     vertex  6.650433e+01  4.194430e+01  8.000000e+00
   endloop
 endfacet
 facet normal  8.805026e-01 -4.740412e-01  1.197178e-16
   outer loop
     vertex  6.645231e+01  4.184767e+01  0.000000e+00
     vertex  6.650433e+01  4.194430e+01  0.000000e+00
     vertex  6.650433e+01  4.194430e+01  8.000000e+00
   endloop
 endfacet
 facet normal  8.931761e-01 -4.497071e-01  1.108094e-17
   outer loop
     vertex  6.645231e+01  4.184767e+01  0.000000e+00
     vertex  6.645231e+01  4.184767e+01  8.000000e+00
     vertex  6.640295e+01  4.174965e+01  8.000000e+00
   endloop
 endfacet
 facet normal  8.805026e-01 -4.740412e-01  1.200459e-16
   outer loop
     vertex  6.645231e+01  4.184767e+01  0.000000e+00
     vertex  6.650433e+01  4.194430e+01  8.000000e+00
     vertex  6.645231e+01  4.184767e+01  8.000000e+00
   endloop
 endfacet
 facet normal  8.931761e-01 -4.497071e-01  1.108094e-17
   outer loop
     vertex  6.640295e+01  4.174965e+01  0.000000e+00
     vertex  6.645231e+01  4.184767e+01  0.000000e+00
     vertex  6.640295e+01  4.174965e+01  8.000000e+00
   endloop
 endfacet
 facet normal  9.051772e-01 -4.250344e-01 -9.789235e-17
   outer loop
     vertex  6.640295e+01  4.174965e+01  0.000000e+00
     vertex  6.640295e+01  4.174965e+01  8.000000e+00
     vertex  6.635631e+01  4.165031e+01  8.000000e+00
   endloop
 endfacet
 facet normal  9.051772e-01 -4.250344e-01 -9.789235e-17
   outer loop
     vertex  6.635631e+01  4.165031e+01  0.000000e+00
     vertex  6.640295e+01  4.174965e+01  0.000000e+00
     vertex  6.635631e+01  4.165031e+01  8.000000e+00
   endloop
 endfacet
 facet normal  9.271267e-01 -3.747479e-01 -3.155359e-16
   outer loop
     vertex  6.631241e+01  4.154973e+01  0.000000e+00
     vertex  6.631241e+01  4.154973e+01  8.000000e+00
     vertex  6.627128e+01  4.144798e+01  8.000000e+00
   endloop
 endfacet
 facet normal  9.164969e-01 -4.000417e-01 -2.067919e-16
   outer loop
     vertex  6.631241e+01  4.154973e+01  0.000000e+00
     vertex  6.635631e+01  4.165031e+01  8.000000e+00
     vertex  6.631241e+01  4.154973e+01  8.000000e+00
   endloop
 endfacet
 facet normal  9.164969e-01 -4.000417e-01 -2.067839e-16
   outer loop
     vertex  6.631241e+01  4.154973e+01  0.000000e+00
     vertex  6.635631e+01  4.165031e+01  0.000000e+00
     vertex  6.635631e+01  4.165031e+01  8.000000e+00
   endloop
 endfacet
 facet normal  9.271267e-01 -3.747479e-01 -3.155359e-16
   outer loop
     vertex  6.627128e+01  4.144798e+01  0.000000e+00
     vertex  6.631241e+01  4.154973e+01  0.000000e+00
     vertex  6.627128e+01  4.144798e+01  8.000000e+00
   endloop
 endfacet
 facet normal  9.370586e-01 -3.491720e-01 -4.240423e-16
   outer loop
     vertex  6.627128e+01  4.144798e+01  0.000000e+00
     vertex  6.627128e+01  4.144798e+01  8.000000e+00
     vertex  6.623296e+01  4.134514e+01  8.000000e+00
   endloop
 endfacet
 facet normal  9.462851e-01 -3.233333e-01  1.148711e-15
   outer loop
     vertex  6.623296e+01  4.134514e+01  0.000000e+00
     vertex  6.623296e+01  4.134514e+01  8.000000e+00
     vertex  6.619747e+01  4.124129e+01  8.000000e+00
   endloop
 endfacet
 facet normal  9.370586e-01 -3.491720e-01  1.240508e-15
   outer loop
     vertex  6.623296e+01  4.134514e+01  0.000000e+00
     vertex  6.627128e+01  4.144798e+01  0.000000e+00
     vertex  6.623296e+01  4.134514e+01  8.000000e+00
   endloop
 endfacet
 facet normal  9.462851e-01 -3.233333e-01 -5.322295e-16
   outer loop
     vertex  6.619747e+01  4.124129e+01  0.000000e+00
     vertex  6.623296e+01  4.134514e+01  0.000000e+00
     vertex  6.619747e+01  4.124129e+01  8.000000e+00
   endloop
 endfacet
 facet normal  9.547993e-01 -2.972512e-01  1.056048e-15
   outer loop
     vertex  6.616485e+01  4.113650e+01  0.000000e+00
     vertex  6.619747e+01  4.124129e+01  8.000000e+00
     vertex  6.616485e+01  4.113650e+01  8.000000e+00
   endloop
 endfacet
 facet normal  9.547993e-01 -2.972512e-01 -6.400077e-16
   outer loop
     vertex  6.616485e+01  4.113650e+01  0.000000e+00
     vertex  6.619747e+01  4.124129e+01  0.000000e+00
     vertex  6.619747e+01  4.124129e+01  8.000000e+00
   endloop
 endfacet
 facet normal  9.696656e-01 -2.444354e-01 -8.540630e-16
   outer loop
     vertex  6.613512e+01  4.103086e+01  0.000000e+00
     vertex  6.613512e+01  4.103086e+01  8.000000e+00
     vertex  6.610829e+01  4.092444e+01  8.000000e+00
   endloop
 endfacet
 facet normal  9.625948e-01 -2.709453e-01 -7.473208e-16
   outer loop
     vertex  6.613512e+01  4.103086e+01  0.000000e+00
     vertex  6.616485e+01  4.113650e+01  8.000000e+00
     vertex  6.613512e+01  4.103086e+01  8.000000e+00
   endloop
 endfacet
 facet normal  9.625948e-01 -2.709453e-01  9.624190e-16
   outer loop
     vertex  6.613512e+01  4.103086e+01  0.000000e+00
     vertex  6.616485e+01  4.113650e+01  0.000000e+00
     vertex  6.616485e+01  4.113650e+01  8.000000e+00
   endloop
 endfacet
 facet normal  9.696656e-01 -2.444354e-01 -8.540630e-16
   outer loop
     vertex  6.610829e+01  4.092444e+01  0.000000e+00
     vertex  6.613512e+01  4.103086e+01  0.000000e+00
     vertex  6.610829e+01  4.092444e+01  8.000000e+00
   endloop
 endfacet
 facet normal  9.816126e-01 -1.908838e-01 -1.065539e-15
   outer loop
     vertex  6.608439e+01  4.081733e+01  0.000000e+00
     vertex  6.608439e+01  4.081733e+01  8.000000e+00
     vertex  6.606344e+01  4.070960e+01  8.000000e+00
   endloop
 endfacet
 facet normal  9.760065e-01 -2.177416e-01 -9.601623e-16
   outer loop
     vertex  6.608439e+01  4.081733e+01  0.000000e+00
     vertex  6.610829e+01  4.092444e+01  8.000000e+00
     vertex  6.608439e+01  4.081733e+01  8.000000e+00
   endloop
 endfacet
 facet normal  9.760065e-01 -2.177416e-01 -9.600535e-16
   outer loop
     vertex  6.608439e+01  4.081733e+01  0.000000e+00
     vertex  6.610829e+01  4.092444e+01  0.000000e+00
     vertex  6.610829e+01  4.092444e+01  8.000000e+00
   endloop
 endfacet
 facet normal  9.864799e-01 -1.638824e-01  7.277839e-16
   outer loop
     vertex  6.606344e+01  4.070960e+01  0.000000e+00
     vertex  6.606344e+01  4.070960e+01  8.000000e+00
     vertex  6.604546e+01  4.060134e+01  8.000000e+00
   endloop
 endfacet
 facet normal  9.816126e-01 -1.908838e-01  8.476944e-16
   outer loop
     vertex  6.606344e+01  4.070960e+01  0.000000e+00
     vertex  6.608439e+01  4.081733e+01  0.000000e+00
     vertex  6.606344e+01  4.070960e+01  8.000000e+00
   endloop
 endfacet
 facet normal  9.906046e-01 -1.367575e-01 -1.273807e-15
   outer loop
     vertex  6.604546e+01  4.060134e+01  0.000000e+00
     vertex  6.604546e+01  4.060134e+01  8.000000e+00
     vertex  6.603045e+01  4.049262e+01  8.000000e+00
   endloop
 endfacet
 facet normal  9.864799e-01 -1.638824e-01 -1.170113e-15
   outer loop
     vertex  6.604546e+01  4.060134e+01  0.000000e+00
     vertex  6.606344e+01  4.070960e+01  0.000000e+00
     vertex  6.604546e+01  4.060134e+01  8.000000e+00
   endloop
 endfacet
 facet normal  9.939835e-01 -1.095298e-01  4.864099e-16
   outer loop
     vertex  6.603045e+01  4.049262e+01  0.000000e+00
     vertex  6.603045e+01  4.049262e+01  8.000000e+00
     vertex  6.601843e+01  4.038353e+01  8.000000e+00
   endloop
 endfacet
 facet normal  9.906046e-01 -1.367575e-01  6.073255e-16
   outer loop
     vertex  6.603045e+01  4.049262e+01  0.000000e+00
     vertex  6.604546e+01  4.060134e+01  0.000000e+00
     vertex  6.603045e+01  4.049262e+01  8.000000e+00
   endloop
 endfacet
 facet normal  9.939835e-01 -1.095298e-01 -1.279260e-15
   outer loop
     vertex  6.601843e+01  4.038353e+01  0.000000e+00
     vertex  6.603045e+01  4.049262e+01  0.000000e+00
     vertex  6.601843e+01  4.038353e+01  8.000000e+00
   endloop
 endfacet
 facet normal  9.966142e-01 -8.221955e-02 -1.405239e-15
   outer loop
     vertex  6.600941e+01  4.027416e+01  0.000000e+00
     vertex  6.601843e+01  4.038353e+01  0.000000e+00
     vertex  6.601843e+01  4.038353e+01  8.000000e+00
   endloop
 endfacet
 facet normal  9.966142e-01 -8.221955e-02  3.651282e-16
   outer loop
     vertex  6.600941e+01  4.027416e+01  0.000000e+00
     vertex  6.601843e+01  4.038353e+01  8.000000e+00
     vertex  6.600941e+01  4.027416e+01  8.000000e+00
   endloop
 endfacet
 facet normal  9.984947e-01 -5.484744e-02  2.436288e-16
   outer loop
     vertex  6.600339e+01  4.016458e+01  0.000000e+00
     vertex  6.600941e+01  4.027416e+01  0.000000e+00
     vertex  6.600941e+01  4.027416e+01  8.000000e+00
   endloop
 endfacet
 facet normal  9.996236e-01 -2.743405e-02  1.218316e-16
   outer loop
     vertex  6.600339e+01  4.016458e+01  0.000000e+00
     vertex  6.600339e+01  4.016458e+01  8.000000e+00
     vertex  6.600038e+01  4.005487e+01  8.000000e+00
   endloop
 endfacet
 facet normal  9.984947e-01 -5.484744e-02  2.435716e-16
   outer loop
     vertex  6.600339e+01  4.016458e+01  0.000000e+00
     vertex  6.600941e+01  4.027416e+01  8.000000e+00
     vertex  6.600339e+01  4.016458e+01  8.000000e+00
   endloop
 endfacet
 facet normal  9.996236e-01 -2.743405e-02  1.218316e-16
   outer loop
     vertex  6.600038e+01  4.005487e+01  0.000000e+00
     vertex  6.600339e+01  4.016458e+01  0.000000e+00
     vertex  6.600038e+01  4.005487e+01  8.000000e+00
   endloop
 endfacet
 facet normal  1.000000e+00  0.000000e+00  0.000000e+00
   outer loop
     vertex  6.600038e+01  3.994513e+01  0.000000e+00
     vertex  6.600038e+01  4.005487e+01  0.000000e+00
     vertex  6.600038e+01  4.005487e+01  8.000000e+00
   endloop
 endfacet
 facet normal  1.000000e+00  0.000000e+00  0.000000e+00
   outer loop
     vertex  6.600038e+01  3.994513e+01  0.000000e+00
     vertex  6.600038e+01  4.005487e+01  8.000000e+00
     vertex  6.600038e+01  3.994513e+01  8.000000e+00
   endloop
 endfacet
 facet normal  9.996236e-01  2.743405e-02 -1.218095e-16
   outer loop
     vertex  6.600339e+01  3.983542e+01  0.000000e+00
     vertex  6.600038e+01  3.994513e+01  0.000000e+00
     vertex  6.600038e+01  3.994513e+01  8.000000e+00
   endloop
 endfacet
 facet normal  9.984947e-01  5.484744e-02 -2.435716e-16
   outer loop
     vertex  6.600339e+01  3.983542e+01  0.000000e+00
     vertex  6.600339e+01  3.983542e+01  8.000000e+00
     vertex  6.600941e+01  3.972584e+01  8.000000e+00
   endloop
 endfacet
 facet normal  9.996236e-01  2.743405e-02 -1.218316e-16
   outer loop
     vertex  6.600339e+01  3.983542e+01  0.000000e+00
     vertex  6.600038e+01  3.994513e+01  8.000000e+00
     vertex  6.600339e+01  3.983542e+01  8.000000e+00
   endloop
 endfacet
 facet normal  9.984947e-01  5.484744e-02 -2.435716e-16
   outer loop
     vertex  6.600941e+01  3.972584e+01  0.000000e+00
     vertex  6.600339e+01  3.983542e+01  0.000000e+00
     vertex  6.600941e+01  3.972584e+01  8.000000e+00
   endloop
 endfacet
 facet normal  9.966142e-01  8.221955e-02 -3.651282e-16
   outer loop
     vertex  6.600941e+01  3.972584e+01  0.000000e+00
     vertex  6.600941e+01  3.972584e+01  8.000000e+00
     vertex  6.601843e+01  3.961647e+01  8.000000e+00
   endloop
 endfacet
 facet normal  9.966142e-01  8.221955e-02  1.405214e-15
   outer loop
     vertex  6.601843e+01  3.961647e+01  0.000000e+00
     vertex  6.600941e+01  3.972584e+01  0.000000e+00
     vertex  6.601843e+01  3.961647e+01  8.000000e+00
   endloop
 endfacet
 facet normal  9.939835e-01  1.095298e-01  1.279260e-15
   outer loop
     vertex  6.601843e+01  3.961647e+01  0.000000e+00
     vertex  6.601843e+01  3.961647e+01  8.000000e+00
     vertex  6.603045e+01  3.950738e+01  8.000000e+00
   endloop
 endfacet
 facet normal  9.939835e-01  1.095298e-01 -4.864099e-16
   outer loop
     vertex  6.603045e+01  3.950738e+01  0.000000e+00
     vertex  6.601843e+01  3.961647e+01  0.000000e+00
     vertex  6.603045e+01  3.950738e+01  8.000000e+00
   endloop
 endfacet
 facet normal  9.906046e-01  1.367575e-01 -6.073255e-16
   outer loop
     vertex  6.603045e+01  3.950738e+01  0.000000e+00
     vertex  6.603045e+01  3.950738e+01  8.000000e+00
     vertex  6.604546e+01  3.939866e+01  8.000000e+00
   endloop
 endfacet
 facet normal  9.906046e-01  1.367575e-01  1.273807e-15
   outer loop
     vertex  6.604546e+01  3.939866e+01  0.000000e+00
     vertex  6.603045e+01  3.950738e+01  0.000000e+00
     vertex  6.604546e+01  3.939866e+01  8.000000e+00
   endloop
 endfacet
 facet normal  9.816126e-01  1.908838e-01 -8.476944e-16
   outer loop
     vertex  6.606344e+01  3.929040e+01  0.000000e+00
     vertex  6.606344e+01  3.929040e+01  8.000000e+00
     vertex  6.608439e+01  3.918267e+01  8.000000e+00
   endloop
 endfacet
 facet normal  9.864799e-01  1.638824e-01 -7.277839e-16
   outer loop
     vertex  6.606344e+01  3.929040e+01  0.000000e+00
     vertex  6.604546e+01  3.939866e+01  8.000000e+00
     vertex  6.606344e+01  3.929040e+01  8.000000e+00
   endloop
 endfacet
 facet normal  9.864799e-01  1.638824e-01  1.170164e-15
   outer loop
     vertex  6.606344e+01  3.929040e+01  0.000000e+00
     vertex  6.604546e+01  3.939866e+01  0.000000e+00
     vertex  6.604546e+01  3.939866e+01  8.000000e+00
   endloop
 endfacet
 facet normal  9.816126e-01  1.908838e-01  1.065539e-15
   outer loop
     vertex  6.608439e+01  3.918267e+01  0.000000e+00
     vertex  6.606344e+01  3.929040e+01  0.000000e+00
     vertex  6.608439e+01  3.918267e+01  8.000000e+00
   endloop
 endfacet
 facet normal  9.760065e-01  2.177416e-01  9.601623e-16
   outer loop
     vertex  6.610829e+01  3.907556e+01  0.000000e+00
     vertex  6.608439e+01  3.918267e+01  8.000000e+00
     vertex  6.610829e+01  3.907556e+01  8.000000e+00
   endloop
 endfacet
 facet normal  9.760065e-01  2.177416e-01  9.600535e-16
   outer loop
     vertex  6.610829e+01  3.907556e+01  0.000000e+00
     vertex  6.608439e+01  3.918267e+01  0.000000e+00
     vertex  6.608439e+01  3.918267e+01  8.000000e+00
   endloop
 endfacet
 facet normal  9.625948e-01  2.709453e-01  7.473208e-16
   outer loop
     vertex  6.613512e+01  3.896914e+01  0.000000e+00
     vertex  6.613512e+01  3.896914e+01  8.000000e+00
     vertex  6.616485e+01  3.886350e+01  8.000000e+00
   endloop
 endfacet
 facet normal  9.696656e-01  2.444354e-01  8.540630e-16
   outer loop
     vertex  6.613512e+01  3.896914e+01  0.000000e+00
     vertex  6.610829e+01  3.907556e+01  8.000000e+00
     vertex  6.613512e+01  3.896914e+01  8.000000e+00
   endloop
 endfacet
 facet normal  9.696656e-01  2.444354e-01  8.539575e-16
   outer loop
     vertex  6.613512e+01  3.896914e+01  0.000000e+00
     vertex  6.610829e+01  3.907556e+01  0.000000e+00
     vertex  6.610829e+01  3.907556e+01  8.000000e+00
   endloop
 endfacet
 facet normal  9.625948e-01  2.709453e-01 -9.625910e-16
   outer loop
     vertex  6.616485e+01  3.886350e+01  0.000000e+00
     vertex  6.613512e+01  3.896914e+01  0.000000e+00
     vertex  6.616485e+01  3.886350e+01  8.000000e+00
   endloop
 endfacet
 facet normal  9.462851e-01  3.233333e-01  5.322295e-16
   outer loop
     vertex  6.619747e+01  3.875871e+01  0.000000e+00
     vertex  6.619747e+01  3.875871e+01  8.000000e+00
     vertex  6.623296e+01  3.865486e+01  8.000000e+00
   endloop
 endfacet
 facet normal  9.547993e-01  2.972512e-01  6.400160e-16
   outer loop
     vertex  6.619747e+01  3.875871e+01  0.000000e+00
     vertex  6.616485e+01  3.886350e+01  8.000000e+00
     vertex  6.619747e+01  3.875871e+01  8.000000e+00
   endloop
 endfacet
 facet normal  9.547993e-01  2.972512e-01 -1.056057e-15
   outer loop
     vertex  6.619747e+01  3.875871e+01  0.000000e+00
     vertex  6.616485e+01  3.886350e+01  0.000000e+00
     vertex  6.616485e+01  3.886350e+01  8.000000e+00
   endloop
 endfacet
 facet normal  9.462851e-01  3.233333e-01 -1.148711e-15
   outer loop
     vertex  6.623296e+01  3.865486e+01  0.000000e+00
     vertex  6.619747e+01  3.875871e+01  0.000000e+00
     vertex  6.623296e+01  3.865486e+01  8.000000e+00
   endloop
 endfacet
 facet normal  9.271267e-01  3.747479e-01  3.155359e-16
   outer loop
     vertex  6.627128e+01  3.855202e+01  0.000000e+00
     vertex  6.627128e+01  3.855202e+01  8.000000e+00
     vertex  6.631241e+01  3.845027e+01  8.000000e+00
   endloop
 endfacet
 facet normal  9.370586e-01  3.491720e-01  4.240423e-16
   outer loop
     vertex  6.627128e+01  3.855202e+01  0.000000e+00
     vertex  6.623296e+01  3.865486e+01  8.000000e+00
     vertex  6.627128e+01  3.855202e+01  8.000000e+00
   endloop
 endfacet
 facet normal  9.370586e-01  3.491720e-01 -1.240309e-15
   outer loop
     vertex  6.627128e+01  3.855202e+01  0.000000e+00
     vertex  6.623296e+01  3.865486e+01  0.000000e+00
     vertex  6.623296e+01  3.865486e+01  8.000000e+00
   endloop
 endfacet
 facet normal  9.164969e-01  4.000417e-01  2.067919e-16
   outer loop
     vertex  6.631241e+01  3.845027e+01  0.000000e+00
     vertex  6.631241e+01  3.845027e+01  8.000000e+00
     vertex  6.635631e+01  3.834969e+01  8.000000e+00
   endloop
 endfacet
 facet normal  9.271267e-01  3.747479e-01  3.155359e-16
   outer loop
     vertex  6.631241e+01  3.845027e+01  0.000000e+00
     vertex  6.627128e+01  3.855202e+01  0.000000e+00
     vertex  6.631241e+01  3.845027e+01  8.000000e+00
   endloop
 endfacet
 facet normal  9.051772e-01  4.250344e-01  9.789235e-17
   outer loop
     vertex  6.635631e+01  3.834969e+01  0.000000e+00
     vertex  6.635631e+01  3.834969e+01  8.000000e+00
     vertex  6.640295e+01  3.825035e+01  8.000000e+00
   endloop
 endfacet
 facet normal  9.164969e-01  4.000417e-01  2.067919e-16
   outer loop
     vertex  6.635631e+01  3.834969e+01  0.000000e+00
     vertex  6.631241e+01  3.845027e+01  0.000000e+00
     vertex  6.635631e+01  3.834969e+01  8.000000e+00
   endloop
 endfacet
 facet normal  9.051772e-01  4.250344e-01  9.789235e-17
   outer loop
     vertex  6.640295e+01  3.825035e+01  0.000000e+00
     vertex  6.635631e+01  3.834969e+01  0.000000e+00
     vertex  6.640295e+01  3.825035e+01  8.000000e+00
   endloop
 endfacet
 facet normal  8.931761e-01  4.497071e-01 -1.108094e-17
   outer loop
     vertex  6.645231e+01  3.815233e+01  0.000000e+00
     vertex  6.640295e+01  3.825035e+01  8.000000e+00
     vertex  6.645231e+01  3.815233e+01  8.000000e+00
   endloop
 endfacet
 facet normal  8.931761e-01  4.497071e-01 -1.128449e-17
   outer loop
     vertex  6.645231e+01  3.815233e+01  0.000000e+00
     vertex  6.640295e+01  3.825035e+01  0.000000e+00
     vertex  6.640295e+01  3.825035e+01  8.000000e+00
   endloop
 endfacet
 facet normal  8.671664e-01  4.980186e-01 -2.289205e-16
   outer loop
     vertex  6.650433e+01  3.805570e+01  0.000000e+00
     vertex  6.650433e+01  3.805570e+01  8.000000e+00
     vertex  6.655899e+01  3.796053e+01  8.000000e+00
   endloop
 endfacet
 facet normal  8.805026e-01  4.740412e-01 -1.200459e-16
   outer loop
     vertex  6.650433e+01  3.805570e+01  0.000000e+00
     vertex  6.645231e+01  3.815233e+01  8.000000e+00
     vertex  6.650433e+01  3.805570e+01  8.000000e+00
   endloop
 endfacet
 facet normal  8.805026e-01  4.740412e-01 -1.197178e-16
   outer loop
     vertex  6.650433e+01  3.805570e+01  0.000000e+00
     vertex  6.645231e+01  3.815233e+01  0.000000e+00
     vertex  6.645231e+01  3.815233e+01  8.000000e+00
   endloop
 endfacet
 facet normal  8.531773e-01  5.216210e-01  1.256698e-16
   outer loop
     vertex  6.655899e+01  3.796053e+01  0.000000e+00
     vertex  6.655899e+01  3.796053e+01  8.000000e+00
     vertex  6.661623e+01  3.786690e+01  8.000000e+00
   endloop
 endfacet
 facet normal  8.671664e-01  4.980186e-01  2.134089e-16
   outer loop
     vertex  6.655899e+01  3.796053e+01  0.000000e+00
     vertex  6.650433e+01  3.805570e+01  0.000000e+00
     vertex  6.655899e+01  3.796053e+01  8.000000e+00
   endloop
 endfacet
 facet normal  8.385460e-01  5.448308e-01 -4.460708e-16
   outer loop
     vertex  6.661623e+01  3.786690e+01  0.000000e+00
     vertex  6.661623e+01  3.786690e+01  8.000000e+00
     vertex  6.667603e+01  3.777487e+01  8.000000e+00
   endloop
 endfacet
 facet normal  8.531773e-01  5.216210e-01 -3.376227e-16
   outer loop
     vertex  6.661623e+01  3.786690e+01  0.000000e+00
     vertex  6.655899e+01  3.796053e+01  0.000000e+00
     vertex  6.661623e+01  3.786690e+01  8.000000e+00
   endloop
 endfacet
 facet normal  8.385460e-01  5.448308e-01 -4.460708e-16
   outer loop
     vertex  6.667603e+01  3.777487e+01  0.000000e+00
     vertex  6.661623e+01  3.786690e+01  0.000000e+00
     vertex  6.667603e+01  3.777487e+01  8.000000e+00
   endloop
 endfacet
 facet normal  8.232835e-01  5.676304e-01 -5.537248e-16
   outer loop
     vertex  6.673832e+01  3.768452e+01  0.000000e+00
     vertex  6.667603e+01  3.777487e+01  0.000000e+00
     vertex  6.667603e+01  3.777487e+01  8.000000e+00
   endloop
 endfacet
 facet normal  8.074012e-01  5.900028e-01  7.723544e-16
   outer loop
     vertex  6.673832e+01  3.768452e+01  0.000000e+00
     vertex  6.673832e+01  3.768452e+01  8.000000e+00
     vertex  6.680307e+01  3.759591e+01  8.000000e+00
   endloop
 endfacet
 facet normal  8.232835e-01  5.676304e-01  9.082621e-16
   outer loop
     vertex  6.673832e+01  3.768452e+01  0.000000e+00
     vertex  6.667603e+01  3.777487e+01  8.000000e+00
     vertex  6.673832e+01  3.768452e+01  8.000000e+00
   endloop
 endfacet
 facet normal  8.074012e-01  5.900028e-01  1.296382e-15
   outer loop
     vertex  6.680307e+01  3.759591e+01  0.000000e+00
     vertex  6.673832e+01  3.768452e+01  0.000000e+00
     vertex  6.680307e+01  3.759591e+01  8.000000e+00
   endloop
 endfacet
 facet normal  7.909112e-01  6.119310e-01  1.179369e-15
   outer loop
     vertex  6.680307e+01  3.759591e+01  0.000000e+00
     vertex  6.680307e+01  3.759591e+01  8.000000e+00
     vertex  6.687023e+01  3.750911e+01  8.000000e+00
   endloop
 endfacet
 facet normal  7.909112e-01  6.119310e-01 -7.690752e-16
   outer loop
     vertex  6.687023e+01  3.750911e+01  0.000000e+00
     vertex  6.680307e+01  3.759591e+01  0.000000e+00
     vertex  6.687023e+01  3.750911e+01  8.000000e+00
   endloop
 endfacet
 facet normal  7.738257e-01  6.333986e-01 -8.756931e-16
   outer loop
     vertex  6.687023e+01  3.750911e+01  0.000000e+00
     vertex  6.687023e+01  3.750911e+01  8.000000e+00
     vertex  6.693975e+01  3.742418e+01  8.000000e+00
   endloop
 endfacet
 facet normal  7.738257e-01  6.333986e-01  1.061468e-15
   outer loop
     vertex  6.693975e+01  3.742418e+01  0.000000e+00
     vertex  6.687023e+01  3.750911e+01  0.000000e+00
     vertex  6.693975e+01  3.742418e+01  8.000000e+00
   endloop
 endfacet
 facet normal  7.561578e-01  6.543893e-01 -4.004374e-16
   outer loop
     vertex  6.701156e+01  3.734120e+01  0.000000e+00
     vertex  6.693975e+01  3.742418e+01  8.000000e+00
     vertex  6.701156e+01  3.734120e+01  8.000000e+00
   endloop
 endfacet
 facet normal  7.561578e-01  6.543893e-01  9.427325e-16
   outer loop
     vertex  6.701156e+01  3.734120e+01  0.000000e+00
     vertex  6.693975e+01  3.742418e+01  0.000000e+00
     vertex  6.693975e+01  3.742418e+01  8.000000e+00
   endloop
 endfacet
 facet normal  7.191280e-01  6.948776e-01 -1.191273e-15
   outer loop
     vertex  6.708563e+01  3.726021e+01  0.000000e+00
     vertex  6.708563e+01  3.726021e+01  8.000000e+00
     vertex  6.716189e+01  3.718129e+01  8.000000e+00
   endloop
 endfacet
 facet normal  7.379206e-01  6.748875e-01 -1.086872e-15
   outer loop
     vertex  6.708563e+01  3.726021e+01  0.000000e+00
     vertex  6.701156e+01  3.734120e+01  8.000000e+00
     vertex  6.708563e+01  3.726021e+01  8.000000e+00
   endloop
 endfacet
 facet normal  7.379206e-01  6.748875e-01 -4.877763e-16
   outer loop
     vertex  6.708563e+01  3.726021e+01  0.000000e+00
     vertex  6.701156e+01  3.734120e+01  0.000000e+00
     vertex  6.701156e+01  3.734120e+01  8.000000e+00
   endloop
 endfacet
 facet normal  7.191280e-01  6.948776e-01 -5.740980e-16
   outer loop
     vertex  6.716189e+01  3.718129e+01  0.000000e+00
     vertex  6.708563e+01  3.726021e+01  0.000000e+00
     vertex  6.716189e+01  3.718129e+01  8.000000e+00
   endloop
 endfacet
 facet normal  6.997940e-01  7.143447e-01 -5.169436e-17
   outer loop
     vertex  6.724029e+01  3.710449e+01  0.000000e+00
     vertex  6.716189e+01  3.718129e+01  8.000000e+00
     vertex  6.724029e+01  3.710449e+01  8.000000e+00
   endloop
 endfacet
 facet normal  6.997940e-01  7.143447e-01 -6.607605e-16
   outer loop
     vertex  6.724029e+01  3.710449e+01  0.000000e+00
     vertex  6.716189e+01  3.718129e+01  0.000000e+00
     vertex  6.716189e+01  3.718129e+01  8.000000e+00
   endloop
 endfacet
 facet normal  6.799333e-01  7.332740e-01  4.617738e-16
   outer loop
     vertex  6.732076e+01  3.702987e+01  0.000000e+00
     vertex  6.724029e+01  3.710449e+01  8.000000e+00
     vertex  6.732076e+01  3.702987e+01  8.000000e+00
   endloop
 endfacet
 facet normal  6.799333e-01  7.332740e-01 -1.890847e-16
   outer loop
     vertex  6.732076e+01  3.702987e+01  0.000000e+00
     vertex  6.724029e+01  3.710449e+01  0.000000e+00
     vertex  6.724029e+01  3.710449e+01  8.000000e+00
   endloop
 endfacet
 facet normal  6.595607e-01  7.516513e-01  3.404287e-16
   outer loop
     vertex  6.740325e+01  3.695749e+01  0.000000e+00
     vertex  6.732076e+01  3.702987e+01  8.000000e+00
     vertex  6.740325e+01  3.695749e+01  8.000000e+00
   endloop
 endfacet
 facet normal  6.595607e-01  7.516513e-01  3.404445e-16
   outer loop
     vertex  6.740325e+01  3.695749e+01  0.000000e+00
     vertex  6.732076e+01  3.702987e+01  0.000000e+00
     vertex  6.732076e+01  3.702987e+01  8.000000e+00
   endloop
 endfacet
 facet normal  6.386916e-01  7.694628e-01  2.188275e-16
   outer loop
     vertex  6.748770e+01  3.688739e+01  0.000000e+00
     vertex  6.740325e+01  3.695749e+01  8.000000e+00
     vertex  6.748770e+01  3.688739e+01  8.000000e+00
   endloop
 endfacet
 facet normal  6.386916e-01  7.694628e-01  2.189027e-16
   outer loop
     vertex  6.748770e+01  3.688739e+01  0.000000e+00
     vertex  6.740325e+01  3.695749e+01  0.000000e+00
     vertex  6.740325e+01  3.695749e+01  8.000000e+00
   endloop
 endfacet
 facet normal  6.173417e-01  7.866951e-01  9.706144e-17
   outer loop
     vertex  6.757403e+01  3.681964e+01  0.000000e+00
     vertex  6.748770e+01  3.688739e+01  8.000000e+00
     vertex  6.757403e+01  3.681964e+01  8.000000e+00
   endloop
 endfacet
 facet normal  6.173417e-01  7.866951e-01  9.674119e-17
   outer loop
     vertex  6.757403e+01  3.681964e+01  0.000000e+00
     vertex  6.748770e+01  3.688739e+01  0.000000e+00
     vertex  6.748770e+01  3.688739e+01  8.000000e+00
   endloop
 endfacet
 facet normal  5.732642e-01  8.193706e-01 -4.371727e-16
   outer loop
     vertex  6.766220e+01  3.675428e+01  0.000000e+00
     vertex  6.766220e+01  3.675428e+01  8.000000e+00
     vertex  6.775212e+01  3.669137e+01  8.000000e+00
   endloop
 endfacet
 facet normal  5.955271e-01  8.033352e-01 -3.691413e-16
   outer loop
     vertex  6.766220e+01  3.675428e+01  0.000000e+00
     vertex  6.757403e+01  3.681964e+01  8.000000e+00
     vertex  6.766220e+01  3.675428e+01  8.000000e+00
   endloop
 endfacet
 facet normal  5.955271e-01  8.033352e-01 -2.508226e-17
   outer loop
     vertex  6.766220e+01  3.675428e+01  0.000000e+00
     vertex  6.757403e+01  3.681964e+01  0.000000e+00
     vertex  6.757403e+01  3.681964e+01  8.000000e+00
   endloop
 endfacet
 facet normal  5.732642e-01  8.193706e-01  5.811492e-16
   outer loop
     vertex  6.775212e+01  3.669137e+01  0.000000e+00
     vertex  6.766220e+01  3.675428e+01  0.000000e+00
     vertex  6.775212e+01  3.669137e+01  8.000000e+00
   endloop
 endfacet
 facet normal  5.274609e-01  8.495793e-01 -5.721971e-16
   outer loop
     vertex  6.784374e+01  3.663095e+01  0.000000e+00
     vertex  6.784374e+01  3.663095e+01  8.000000e+00
     vertex  6.793697e+01  3.657306e+01  8.000000e+00
   endloop
 endfacet
 facet normal  5.505698e-01  8.347891e-01 -5.048749e-16
   outer loop
     vertex  6.784374e+01  3.663095e+01  0.000000e+00
     vertex  6.775212e+01  3.669137e+01  8.000000e+00
     vertex  6.784374e+01  3.663095e+01  8.000000e+00
   endloop
 endfacet
 facet normal  5.505698e-01  8.347891e-01  4.731996e-16
   outer loop
     vertex  6.784374e+01  3.663095e+01  0.000000e+00
     vertex  6.775212e+01  3.669137e+01  0.000000e+00
     vertex  6.775212e+01  3.669137e+01  8.000000e+00
   endloop
 endfacet
 facet normal  5.274609e-01  8.495793e-01  3.647618e-16
   outer loop
     vertex  6.793697e+01  3.657306e+01  0.000000e+00
     vertex  6.784374e+01  3.663095e+01  0.000000e+00
     vertex  6.793697e+01  3.657306e+01  8.000000e+00
   endloop
 endfacet
 facet normal  5.039550e-01  8.637299e-01  2.561154e-16
   outer loop
     vertex  6.803177e+01  3.651775e+01  0.000000e+00
     vertex  6.793697e+01  3.657306e+01  8.000000e+00
     vertex  6.803177e+01  3.651775e+01  8.000000e+00
   endloop
 endfacet
 facet normal  5.039550e-01  8.637299e-01  2.564799e-16
   outer loop
     vertex  6.803177e+01  3.651775e+01  0.000000e+00
     vertex  6.793697e+01  3.657306e+01  0.000000e+00
     vertex  6.793697e+01  3.657306e+01  8.000000e+00
   endloop
 endfacet
 facet normal  4.800697e-01  8.772303e-01  1.472762e-16
   outer loop
     vertex  6.812804e+01  3.646507e+01  0.000000e+00
     vertex  6.803177e+01  3.651775e+01  8.000000e+00
     vertex  6.812804e+01  3.646507e+01  8.000000e+00
   endloop
 endfacet
 facet normal  4.800697e-01  8.772303e-01  1.473140e-16
   outer loop
     vertex  6.812804e+01  3.646507e+01  0.000000e+00
     vertex  6.803177e+01  3.651775e+01  0.000000e+00
     vertex  6.803177e+01  3.651775e+01  8.000000e+00
   endloop
 endfacet
 facet normal  4.558231e-01  8.900704e-01 -7.713783e-16
   outer loop
     vertex  6.822572e+01  3.641504e+01  0.000000e+00
     vertex  6.812804e+01  3.646507e+01  8.000000e+00
     vertex  6.822572e+01  3.641504e+01  8.000000e+00
   endloop
 endfacet
 facet normal  4.558231e-01  8.900704e-01  3.878523e-17
   outer loop
     vertex  6.822572e+01  3.641504e+01  0.000000e+00
     vertex  6.812804e+01  3.646507e+01  0.000000e+00
     vertex  6.812804e+01  3.646507e+01  8.000000e+00
   endloop
 endfacet
 facet normal  4.063188e-01  9.137314e-01 -1.795784e-16
   outer loop
     vertex  6.832474e+01  3.636771e+01  0.000000e+00
     vertex  6.832474e+01  3.636771e+01  8.000000e+00
     vertex  6.842502e+01  3.632312e+01  8.000000e+00
   endloop
 endfacet
 facet normal  4.312333e-01  9.022405e-01 -7.065273e-17
   outer loop
     vertex  6.832474e+01  3.636771e+01  0.000000e+00
     vertex  6.822572e+01  3.641504e+01  8.000000e+00
     vertex  6.832474e+01  3.636771e+01  8.000000e+00
   endloop
 endfacet
 facet normal  4.312333e-01  9.022405e-01 -8.363773e-16
   outer loop
     vertex  6.832474e+01  3.636771e+01  0.000000e+00
     vertex  6.822572e+01  3.641504e+01  0.000000e+00
     vertex  6.822572e+01  3.641504e+01  8.000000e+00
   endloop
 endfacet
 facet normal  4.063188e-01  9.137314e-01  6.319780e-16
   outer loop
     vertex  6.842502e+01  3.632312e+01  0.000000e+00
     vertex  6.832474e+01  3.636771e+01  0.000000e+00
     vertex  6.842502e+01  3.632312e+01  8.000000e+00
   endloop
 endfacet
 facet normal  3.810986e-01  9.245344e-01  5.327476e-16
   outer loop
     vertex  6.852648e+01  3.628130e+01  0.000000e+00
     vertex  6.842502e+01  3.632312e+01  0.000000e+00
     vertex  6.842502e+01  3.632312e+01  8.000000e+00
   endloop
 endfacet
 facet normal  3.555914e-01  9.346415e-01 -3.969424e-16
   outer loop
     vertex  6.852648e+01  3.628130e+01  0.000000e+00
     vertex  6.852648e+01  3.628130e+01  8.000000e+00
     vertex  6.862906e+01  3.624227e+01  8.000000e+00
   endloop
 endfacet
 facet normal  3.810986e-01  9.245344e-01 -2.883690e-16
   outer loop
     vertex  6.852648e+01  3.628130e+01  0.000000e+00
     vertex  6.842502e+01  3.632312e+01  8.000000e+00
     vertex  6.852648e+01  3.628130e+01  8.000000e+00
   endloop
 endfacet
 facet normal  3.555914e-01  9.346415e-01  4.331860e-16
   outer loop
     vertex  6.862906e+01  3.624227e+01  0.000000e+00
     vertex  6.852648e+01  3.628130e+01  0.000000e+00
     vertex  6.862906e+01  3.624227e+01  8.000000e+00
   endloop
 endfacet
 facet normal  3.298166e-01  9.440450e-01  3.334694e-16
   outer loop
     vertex  6.873266e+01  3.620608e+01  0.000000e+00
     vertex  6.862906e+01  3.624227e+01  0.000000e+00
     vertex  6.862906e+01  3.624227e+01  8.000000e+00
   endloop
 endfacet
 facet normal  3.037934e-01  9.527379e-01 -6.131114e-16
   outer loop
     vertex  6.873266e+01  3.620608e+01  0.000000e+00
     vertex  6.873266e+01  3.620608e+01  8.000000e+00
     vertex  6.883722e+01  3.617274e+01  8.000000e+00
   endloop
 endfacet
 facet normal  3.298166e-01  9.440450e-01 -5.052171e-16
   outer loop
     vertex  6.873266e+01  3.620608e+01  0.000000e+00
     vertex  6.862906e+01  3.624227e+01  8.000000e+00
     vertex  6.873266e+01  3.620608e+01  8.000000e+00
   endloop
 endfacet
 facet normal  2.775416e-01  9.607136e-01  1.327409e-16
   outer loop
     vertex  6.883722e+01  3.617274e+01  0.000000e+00
     vertex  6.883722e+01  3.617274e+01  8.000000e+00
     vertex  6.894266e+01  3.614228e+01  8.000000e+00
   endloop
 endfacet
 facet normal  3.037934e-01  9.527379e-01  2.330899e-16
   outer loop
     vertex  6.883722e+01  3.617274e+01  0.000000e+00
     vertex  6.873266e+01  3.620608e+01  0.000000e+00
     vertex  6.883722e+01  3.617274e+01  8.000000e+00
   endloop
 endfacet
 facet normal  2.775416e-01  9.607136e-01  1.327409e-16
   outer loop
     vertex  6.894266e+01  3.614228e+01  0.000000e+00
     vertex  6.883722e+01  3.617274e+01  0.000000e+00
     vertex  6.894266e+01  3.614228e+01  8.000000e+00
   endloop
 endfacet
 facet normal  2.510809e-01  9.679661e-01  3.229202e-17
   outer loop
     vertex  6.894266e+01  3.614228e+01  0.000000e+00
     vertex  6.894266e+01  3.614228e+01  8.000000e+00
     vertex  6.904889e+01  3.611472e+01  8.000000e+00
   endloop
 endfacet
 facet normal  2.510809e-01  9.679661e-01  3.229202e-17
   outer loop
     vertex  6.904889e+01  3.611472e+01  0.000000e+00
     vertex  6.894266e+01  3.614228e+01  0.000000e+00
     vertex  6.904889e+01  3.611472e+01  8.000000e+00
   endloop
 endfacet
 facet normal  2.244312e-01  9.744899e-01 -6.801319e-17
   outer loop
     vertex  6.915583e+01  3.609009e+01  0.000000e+00
     vertex  6.904889e+01  3.611472e+01  0.000000e+00
     vertex  6.904889e+01  3.611472e+01  8.000000e+00
   endloop
 endfacet
 facet normal  1.976125e-01  9.802802e-01 -1.686031e-16
   outer loop
     vertex  6.915583e+01  3.609009e+01  0.000000e+00
     vertex  6.915583e+01  3.609009e+01  8.000000e+00
     vertex  6.926342e+01  3.606840e+01  8.000000e+00
   endloop
 endfacet
 facet normal  2.244312e-01  9.744899e-01 -6.818118e-17
   outer loop
     vertex  6.915583e+01  3.609009e+01  0.000000e+00
     vertex  6.904889e+01  3.611472e+01  8.000000e+00
     vertex  6.915583e+01  3.609009e+01  8.000000e+00
   endloop
 endfacet
 facet normal  1.976125e-01  9.802802e-01 -1.686031e-16
   outer loop
     vertex  6.926342e+01  3.606840e+01  0.000000e+00
     vertex  6.915583e+01  3.609009e+01  0.000000e+00
     vertex  6.926342e+01  3.606840e+01  8.000000e+00
   endloop
 endfacet
 facet normal  1.706451e-01  9.853326e-01 -2.688980e-16
   outer loop
     vertex  6.926342e+01  3.606840e+01  0.000000e+00
     vertex  6.926342e+01  3.606840e+01  8.000000e+00
     vertex  6.937155e+01  3.604968e+01  8.000000e+00
   endloop
 endfacet
 facet normal  1.706451e-01  9.853326e-01 -2.688980e-16
   outer loop
     vertex  6.937155e+01  3.604968e+01  0.000000e+00
     vertex  6.926342e+01  3.606840e+01  0.000000e+00
     vertex  6.937155e+01  3.604968e+01  8.000000e+00
   endloop
 endfacet
 facet normal  1.435492e-01  9.896432e-01 -3.689905e-16
   outer loop
     vertex  6.937155e+01  3.604968e+01  0.000000e+00
     vertex  6.937155e+01  3.604968e+01  8.000000e+00
     vertex  6.948016e+01  3.603392e+01  8.000000e+00
   endloop
 endfacet
 facet normal  1.435492e-01  9.896432e-01 -1.139960e-16
   outer loop
     vertex  6.948016e+01  3.603392e+01  0.000000e+00
     vertex  6.937155e+01  3.604968e+01  0.000000e+00
     vertex  6.948016e+01  3.603392e+01  8.000000e+00
   endloop
 endfacet
 facet normal  1.163452e-01  9.932088e-01 -2.620674e-16
   outer loop
     vertex  6.958916e+01  3.602115e+01  0.000000e+00
     vertex  6.948016e+01  3.603392e+01  0.000000e+00
     vertex  6.948016e+01  3.603392e+01  8.000000e+00
   endloop
 endfacet
 facet normal  8.905371e-02  9.960268e-01  3.163823e-16
   outer loop
     vertex  6.958916e+01  3.602115e+01  0.000000e+00
     vertex  6.958916e+01  3.602115e+01  8.000000e+00
     vertex  6.969847e+01  3.601138e+01  8.000000e+00
   endloop
 endfacet
 facet normal  1.163452e-01  9.932088e-01  4.133413e-16
   outer loop
     vertex  6.958916e+01  3.602115e+01  0.000000e+00
     vertex  6.948016e+01  3.603392e+01  8.000000e+00
     vertex  6.958916e+01  3.602115e+01  8.000000e+00
   endloop
 endfacet
 facet normal  8.905371e-02  9.960268e-01 -5.682672e-16
   outer loop
     vertex  6.969847e+01  3.601138e+01  0.000000e+00
     vertex  6.958916e+01  3.602115e+01  0.000000e+00
     vertex  6.969847e+01  3.601138e+01  8.000000e+00
   endloop
 endfacet
 facet normal  6.169515e-02  9.980950e-01 -6.673247e-16
   outer loop
     vertex  6.980801e+01  3.600461e+01  0.000000e+00
     vertex  6.969847e+01  3.601138e+01  0.000000e+00
     vertex  6.969847e+01  3.601138e+01  8.000000e+00
   endloop
 endfacet
 facet normal  6.169515e-02  9.980950e-01  2.191852e-16
   outer loop
     vertex  6.980801e+01  3.600461e+01  0.000000e+00
     vertex  6.969847e+01  3.601138e+01  8.000000e+00
     vertex  6.980801e+01  3.600461e+01  8.000000e+00
   endloop
 endfacet
 facet normal  3.429014e-02  9.994119e-01  1.218270e-16
   outer loop
     vertex  6.991769e+01  3.600085e+01  0.000000e+00
     vertex  6.980801e+01  3.600461e+01  0.000000e+00
     vertex  6.980801e+01  3.600461e+01  8.000000e+00
   endloop
 endfacet
 facet normal  6.859319e-03  9.999765e-01  2.436920e-17
   outer loop
     vertex  6.991769e+01  3.600085e+01  0.000000e+00
     vertex  6.991769e+01  3.600085e+01  8.000000e+00
     vertex  7.002744e+01  3.600009e+01  8.000000e+00
   endloop
 endfacet
 facet normal  3.429014e-02  9.994119e-01  1.218230e-16
   outer loop
     vertex  6.991769e+01  3.600085e+01  0.000000e+00
     vertex  6.980801e+01  3.600461e+01  8.000000e+00
     vertex  6.991769e+01  3.600085e+01  8.000000e+00
   endloop
 endfacet
 facet normal  6.859319e-03  9.999765e-01  2.436920e-17
   outer loop
     vertex  7.002744e+01  3.600009e+01  0.000000e+00
     vertex  6.991769e+01  3.600085e+01  0.000000e+00
     vertex  7.002744e+01  3.600009e+01  8.000000e+00
   endloop
 endfacet
 facet normal -2.057667e-02  9.997883e-01 -7.308160e-17
   outer loop
     vertex  7.013716e+01  3.600235e+01  0.000000e+00
     vertex  7.002744e+01  3.600009e+01  0.000000e+00
     vertex  7.002744e+01  3.600009e+01  8.000000e+00
   endloop
 endfacet
 facet normal -2.057667e-02  9.997883e-01 -7.310300e-17
   outer loop
     vertex  7.013716e+01  3.600235e+01  0.000000e+00
     vertex  7.002744e+01  3.600009e+01  8.000000e+00
     vertex  7.013716e+01  3.600235e+01  8.000000e+00
   endloop
 endfacet
 facet normal -4.799716e-02  9.988475e-01 -1.705718e-16
   outer loop
     vertex  7.024678e+01  3.600762e+01  0.000000e+00
     vertex  7.013716e+01  3.600235e+01  0.000000e+00
     vertex  7.013716e+01  3.600235e+01  8.000000e+00
   endloop
 endfacet
 facet normal -4.799716e-02  9.988475e-01  7.166346e-16
   outer loop
     vertex  7.024678e+01  3.600762e+01  0.000000e+00
     vertex  7.013716e+01  3.600235e+01  8.000000e+00
     vertex  7.024678e+01  3.600762e+01  8.000000e+00
   endloop
 endfacet
 facet normal -7.538152e-02  9.971548e-01  6.178568e-16
   outer loop
     vertex  7.035621e+01  3.601589e+01  0.000000e+00
     vertex  7.024678e+01  3.600762e+01  0.000000e+00
     vertex  7.024678e+01  3.600762e+01  8.000000e+00
   endloop
 endfacet
 facet normal -1.027091e-01  9.947114e-01 -5.473443e-16
   outer loop
     vertex  7.035621e+01  3.601589e+01  0.000000e+00
     vertex  7.035621e+01  3.601589e+01  8.000000e+00
     vertex  7.046538e+01  3.602716e+01  8.000000e+00
   endloop
 endfacet
 facet normal -7.538152e-02  9.971548e-01 -4.017135e-16
   outer loop
     vertex  7.035621e+01  3.601589e+01  0.000000e+00
     vertex  7.024678e+01  3.600762e+01  8.000000e+00
     vertex  7.035621e+01  3.601589e+01  8.000000e+00
   endloop
 endfacet
 facet normal -1.027091e-01  9.947114e-01 -3.648962e-16
   outer loop
     vertex  7.046538e+01  3.602716e+01  0.000000e+00
     vertex  7.035621e+01  3.601589e+01  0.000000e+00
     vertex  7.046538e+01  3.602716e+01  8.000000e+00
   endloop
 endfacet
 facet normal -1.299594e-01  9.915193e-01 -4.616316e-16
   outer loop
     vertex  7.057420e+01  3.604143e+01  0.000000e+00
     vertex  7.046538e+01  3.602716e+01  0.000000e+00
     vertex  7.046538e+01  3.602716e+01  8.000000e+00
   endloop
 endfacet
 facet normal -1.571119e-01  9.875808e-01 -5.581737e-16
   outer loop
     vertex  7.057420e+01  3.604143e+01  0.000000e+00
     vertex  7.057420e+01  3.604143e+01  8.000000e+00
     vertex  7.068258e+01  3.605867e+01  8.000000e+00
   endloop
 endfacet
 facet normal -1.299594e-01  9.915193e-01 -4.617087e-16
   outer loop
     vertex  7.057420e+01  3.604143e+01  0.000000e+00
     vertex  7.046538e+01  3.602716e+01  8.000000e+00
     vertex  7.057420e+01  3.604143e+01  8.000000e+00
   endloop
 endfacet
 facet normal -1.571119e-01  9.875808e-01  3.189743e-16
   outer loop
     vertex  7.068258e+01  3.605867e+01  0.000000e+00
     vertex  7.057420e+01  3.604143e+01  0.000000e+00
     vertex  7.068258e+01  3.605867e+01  8.000000e+00
   endloop
 endfacet
 facet normal -1.841461e-01  9.828989e-01  2.187711e-16
   outer loop
     vertex  7.068258e+01  3.605867e+01  0.000000e+00
     vertex  7.068258e+01  3.605867e+01  8.000000e+00
     vertex  7.079045e+01  3.607888e+01  8.000000e+00
   endloop
 endfacet
 facet normal -1.841461e-01  9.828989e-01  2.187711e-16
   outer loop
     vertex  7.079045e+01  3.607888e+01  0.000000e+00
     vertex  7.068258e+01  3.605867e+01  0.000000e+00
     vertex  7.079045e+01  3.607888e+01  8.000000e+00
   endloop
 endfacet
 facet normal -2.110417e-01  9.774771e-01  1.182452e-16
   outer loop
     vertex  7.089772e+01  3.610204e+01  0.000000e+00
     vertex  7.079045e+01  3.607888e+01  0.000000e+00
     vertex  7.079045e+01  3.607888e+01  8.000000e+00
   endloop
 endfacet
 facet normal -2.377784e-01  9.713194e-01 -4.044331e-16
   outer loop
     vertex  7.089772e+01  3.610204e+01  0.000000e+00
     vertex  7.089772e+01  3.610204e+01  8.000000e+00
     vertex  7.100432e+01  3.612814e+01  8.000000e+00
   endloop
 endfacet
 facet normal -2.110417e-01  9.774771e-01 -2.564821e-16
   outer loop
     vertex  7.089772e+01  3.610204e+01  0.000000e+00
     vertex  7.079045e+01  3.607888e+01  8.000000e+00
     vertex  7.089772e+01  3.610204e+01  8.000000e+00
   endloop
 endfacet
 facet normal -2.643362e-01  9.644306e-01 -8.252423e-17
   outer loop
     vertex  7.100432e+01  3.612814e+01  0.000000e+00
     vertex  7.100432e+01  3.612814e+01  8.000000e+00
     vertex  7.111017e+01  3.615715e+01  8.000000e+00
   endloop
 endfacet
 facet normal -2.377784e-01  9.713194e-01  1.794627e-17
   outer loop
     vertex  7.100432e+01  3.612814e+01  0.000000e+00
     vertex  7.089772e+01  3.610204e+01  0.000000e+00
     vertex  7.100432e+01  3.612814e+01  8.000000e+00
   endloop
 endfacet
 facet normal -2.643362e-01  9.644306e-01 -8.252423e-17
   outer loop
     vertex  7.111017e+01  3.615715e+01  0.000000e+00
     vertex  7.100432e+01  3.612814e+01  0.000000e+00
     vertex  7.111017e+01  3.615715e+01  8.000000e+00
   endloop
 endfacet
 facet normal -2.906949e-01  9.568158e-01  6.668905e-16
   outer loop
     vertex  7.121517e+01  3.618905e+01  0.000000e+00
     vertex  7.111017e+01  3.615715e+01  8.000000e+00
     vertex  7.121517e+01  3.618905e+01  8.000000e+00
   endloop
 endfacet
 facet normal -2.906949e-01  9.568158e-01 -1.831511e-16
   outer loop
     vertex  7.121517e+01  3.618905e+01  0.000000e+00
     vertex  7.111017e+01  3.615715e+01  0.000000e+00
     vertex  7.111017e+01  3.615715e+01  8.000000e+00
   endloop
 endfacet
 facet normal -3.168348e-01  9.484807e-01 -2.832033e-16
   outer loop
     vertex  7.131927e+01  3.622382e+01  0.000000e+00
     vertex  7.121517e+01  3.618905e+01  8.000000e+00
     vertex  7.131927e+01  3.622382e+01  8.000000e+00
   endloop
 endfacet
 facet normal -3.168348e-01  9.484807e-01  5.593648e-16
   outer loop
     vertex  7.131927e+01  3.622382e+01  0.000000e+00
     vertex  7.121517e+01  3.618905e+01  0.000000e+00
     vertex  7.121517e+01  3.618905e+01  8.000000e+00
   endloop
 endfacet
 facet normal -3.427362e-01  9.394317e-01  4.511222e-16
   outer loop
     vertex  7.142237e+01  3.626143e+01  0.000000e+00
     vertex  7.131927e+01  3.622382e+01  8.000000e+00
     vertex  7.142237e+01  3.626143e+01  8.000000e+00
   endloop
 endfacet
 facet normal -3.427362e-01  9.394317e-01 -3.834551e-16
   outer loop
     vertex  7.142237e+01  3.626143e+01  0.000000e+00
     vertex  7.131927e+01  3.622382e+01  0.000000e+00
     vertex  7.131927e+01  3.622382e+01  8.000000e+00
   endloop
 endfacet
 facet normal -3.683796e-01  9.296754e-01  3.426879e-16
   outer loop
     vertex  7.152439e+01  3.630186e+01  0.000000e+00
     vertex  7.142237e+01  3.626143e+01  8.000000e+00
     vertex  7.152439e+01  3.630186e+01  8.000000e+00
   endloop
 endfacet
 facet normal -3.683796e-01  9.296754e-01  3.426664e-16
   outer loop
     vertex  7.152439e+01  3.630186e+01  0.000000e+00
     vertex  7.142237e+01  3.626143e+01  0.000000e+00
     vertex  7.142237e+01  3.626143e+01  8.000000e+00
   endloop
 endfacet
 facet normal -3.937458e-01  9.192194e-01  2.337000e-16
   outer loop
     vertex  7.162528e+01  3.634507e+01  0.000000e+00
     vertex  7.152439e+01  3.630186e+01  0.000000e+00
     vertex  7.152439e+01  3.630186e+01  8.000000e+00
   endloop
 endfacet
 facet normal -3.937458e-01  9.192194e-01  2.339957e-16
   outer loop
     vertex  7.162528e+01  3.634507e+01  0.000000e+00
     vertex  7.152439e+01  3.630186e+01  8.000000e+00
     vertex  7.162528e+01  3.634507e+01  8.000000e+00
   endloop
 endfacet
 facet normal -4.188155e-01  9.080714e-01  1.246980e-16
   outer loop
     vertex  7.172493e+01  3.639104e+01  0.000000e+00
     vertex  7.162528e+01  3.634507e+01  0.000000e+00
     vertex  7.162528e+01  3.634507e+01  8.000000e+00
   endloop
 endfacet
 facet normal -4.188155e-01  9.080714e-01  1.251274e-16
   outer loop
     vertex  7.172493e+01  3.639104e+01  0.000000e+00
     vertex  7.162528e+01  3.634507e+01  8.000000e+00
     vertex  7.172493e+01  3.639104e+01  8.000000e+00
   endloop
 endfacet
 facet normal -4.435699e-01  8.962398e-01  1.629461e-17
   outer loop
     vertex  7.182329e+01  3.643972e+01  0.000000e+00
     vertex  7.172493e+01  3.639104e+01  0.000000e+00
     vertex  7.172493e+01  3.639104e+01  8.000000e+00
   endloop
 endfacet
 facet normal -4.435699e-01  8.962398e-01  1.616481e-17
   outer loop
     vertex  7.182329e+01  3.643972e+01  0.000000e+00
     vertex  7.172493e+01  3.639104e+01  8.000000e+00
     vertex  7.182329e+01  3.643972e+01  8.000000e+00
   endloop
 endfacet
 facet normal -4.679904e-01  8.837335e-01 -9.322469e-17
   outer loop
     vertex  7.192028e+01  3.649108e+01  0.000000e+00
     vertex  7.182329e+01  3.643972e+01  0.000000e+00
     vertex  7.182329e+01  3.643972e+01  8.000000e+00
   endloop
 endfacet
 facet normal -4.920587e-01  8.705620e-01  6.723570e-16
   outer loop
     vertex  7.192028e+01  3.649108e+01  0.000000e+00
     vertex  7.192028e+01  3.649108e+01  8.000000e+00
     vertex  7.201582e+01  3.654508e+01  8.000000e+00
   endloop
 endfacet
 facet normal -4.679904e-01  8.837335e-01  7.385081e-16
   outer loop
     vertex  7.192028e+01  3.649108e+01  0.000000e+00
     vertex  7.182329e+01  3.643972e+01  8.000000e+00
     vertex  7.192028e+01  3.649108e+01  8.000000e+00
   endloop
 endfacet
 facet normal -4.920587e-01  8.705620e-01  6.723570e-16
   outer loop
     vertex  7.201582e+01  3.654508e+01  0.000000e+00
     vertex  7.192028e+01  3.649108e+01  0.000000e+00
     vertex  7.201582e+01  3.654508e+01  8.000000e+00
   endloop
 endfacet
 facet normal -5.157565e-01  8.567352e-01  6.053410e-16
   outer loop
     vertex  7.210984e+01  3.660168e+01  0.000000e+00
     vertex  7.201582e+01  3.654508e+01  0.000000e+00
     vertex  7.201582e+01  3.654508e+01  8.000000e+00
   endloop
 endfacet
 facet normal -5.157565e-01  8.567352e-01  6.056998e-16
   outer loop
     vertex  7.210984e+01  3.660168e+01  0.000000e+00
     vertex  7.201582e+01  3.654508e+01  8.000000e+00
     vertex  7.210984e+01  3.660168e+01  8.000000e+00
   endloop
 endfacet
 facet normal -5.390661e-01  8.422635e-01  5.387002e-16
   outer loop
     vertex  7.220228e+01  3.666084e+01  0.000000e+00
     vertex  7.210984e+01  3.660168e+01  0.000000e+00
     vertex  7.210984e+01  3.660168e+01  8.000000e+00
   endloop
 endfacet
 facet normal -5.390661e-01  8.422635e-01 -4.189871e-16
   outer loop
     vertex  7.220228e+01  3.666084e+01  0.000000e+00
     vertex  7.210984e+01  3.660168e+01  8.000000e+00
     vertex  7.220228e+01  3.666084e+01  8.000000e+00
   endloop
 endfacet
 facet normal -5.619699e-01  8.271577e-01 -5.272339e-16
   outer loop
     vertex  7.229306e+01  3.672252e+01  0.000000e+00
     vertex  7.220228e+01  3.666084e+01  0.000000e+00
     vertex  7.220228e+01  3.666084e+01  8.000000e+00
   endloop
 endfacet
 facet normal -5.844507e-01  8.114292e-01  8.569591e-17
   outer loop
     vertex  7.229306e+01  3.672252e+01  0.000000e+00
     vertex  7.229306e+01  3.672252e+01  8.000000e+00
     vertex  7.238211e+01  3.678666e+01  8.000000e+00
   endloop
 endfacet
 facet normal -5.619699e-01  8.271577e-01  2.074726e-16
   outer loop
     vertex  7.229306e+01  3.672252e+01  0.000000e+00
     vertex  7.220228e+01  3.666084e+01  8.000000e+00
     vertex  7.229306e+01  3.672252e+01  8.000000e+00
   endloop
 endfacet
 facet normal -5.844507e-01  8.114292e-01 -6.349980e-16
   outer loop
     vertex  7.238211e+01  3.678666e+01  0.000000e+00
     vertex  7.229306e+01  3.672252e+01  0.000000e+00
     vertex  7.238211e+01  3.678666e+01  8.000000e+00
   endloop
 endfacet
 facet normal -6.064915e-01  7.950900e-01 -7.424277e-16
   outer loop
     vertex  7.246937e+01  3.685322e+01  0.000000e+00
     vertex  7.238211e+01  3.678666e+01  0.000000e+00
     vertex  7.238211e+01  3.678666e+01  8.000000e+00
   endloop
 endfacet
 facet normal -6.280757e-01  7.781522e-01  9.577273e-16
   outer loop
     vertex  7.246937e+01  3.685322e+01  0.000000e+00
     vertex  7.246937e+01  3.685322e+01  8.000000e+00
     vertex  7.255477e+01  3.692215e+01  8.000000e+00
   endloop
 endfacet
 facet normal -6.064915e-01  7.950900e-01  1.041200e-15
   outer loop
     vertex  7.246937e+01  3.685322e+01  0.000000e+00
     vertex  7.238211e+01  3.678666e+01  8.000000e+00
     vertex  7.246937e+01  3.685322e+01  8.000000e+00
   endloop
 endfacet
 facet normal -6.280757e-01  7.781522e-01  9.577273e-16
   outer loop
     vertex  7.255477e+01  3.692215e+01  0.000000e+00
     vertex  7.246937e+01  3.685322e+01  0.000000e+00
     vertex  7.255477e+01  3.692215e+01  8.000000e+00
   endloop
 endfacet
 facet normal -6.491872e-01  7.606287e-01  8.737010e-16
   outer loop
     vertex  7.263824e+01  3.699339e+01  0.000000e+00
     vertex  7.255477e+01  3.692215e+01  0.000000e+00
     vertex  7.255477e+01  3.692215e+01  8.000000e+00
   endloop
 endfacet
 facet normal -6.491872e-01  7.606287e-01 -9.552284e-16
   outer loop
     vertex  7.263824e+01  3.699339e+01  0.000000e+00
     vertex  7.255477e+01  3.692215e+01  8.000000e+00
     vertex  7.263824e+01  3.699339e+01  8.000000e+00
   endloop
 endfacet
 facet normal -6.698100e-01  7.425325e-01 -1.060818e-15
   outer loop
     vertex  7.271973e+01  3.706690e+01  0.000000e+00
     vertex  7.263824e+01  3.699339e+01  0.000000e+00
     vertex  7.263824e+01  3.699339e+01  8.000000e+00
   endloop
 endfacet
 facet normal -6.899286e-01  7.238775e-01 -5.223216e-16
   outer loop
     vertex  7.271973e+01  3.706690e+01  0.000000e+00
     vertex  7.271973e+01  3.706690e+01  8.000000e+00
     vertex  7.279918e+01  3.714262e+01  8.000000e+00
   endloop
 endfacet
 facet normal -6.698100e-01  7.425325e-01 -4.011390e-16
   outer loop
     vertex  7.271973e+01  3.706690e+01  0.000000e+00
     vertex  7.263824e+01  3.699339e+01  8.000000e+00
     vertex  7.271973e+01  3.706690e+01  8.000000e+00
   endloop
 endfacet
 facet normal -6.899286e-01  7.238775e-01 -5.223216e-16
   outer loop
     vertex  7.279918e+01  3.714262e+01  0.000000e+00
     vertex  7.271973e+01  3.706690e+01  0.000000e+00
     vertex  7.279918e+01  3.714262e+01  8.000000e+00
   endloop
 endfacet
 facet normal -7.095278e-01  7.046775e-01 -6.431110e-16
   outer loop
     vertex  7.279918e+01  3.714262e+01  0.000000e+00
     vertex  7.279918e+01  3.714262e+01  8.000000e+00
     vertex  7.287651e+01  3.722049e+01  8.000000e+00
   endloop
 endfacet
 facet normal -7.285929e-01  6.849470e-01 -7.634164e-16
   outer loop
     vertex  7.287651e+01  3.722049e+01  0.000000e+00
     vertex  7.287651e+01  3.722049e+01  8.000000e+00
     vertex  7.295168e+01  3.730045e+01  8.000000e+00
   endloop
 endfacet
 facet normal -7.095278e-01  7.046775e-01 -6.431110e-16
   outer loop
     vertex  7.287651e+01  3.722049e+01  0.000000e+00
     vertex  7.279918e+01  3.714262e+01  0.000000e+00
     vertex  7.287651e+01  3.722049e+01  8.000000e+00
   endloop
 endfacet
 facet normal -7.285929e-01  6.849470e-01  1.139180e-15
   outer loop
     vertex  7.295168e+01  3.730045e+01  0.000000e+00
     vertex  7.287651e+01  3.722049e+01  0.000000e+00
     vertex  7.295168e+01  3.730045e+01  8.000000e+00
   endloop
 endfacet
 facet normal -7.471095e-01  6.647010e-01 -8.831470e-16
   outer loop
     vertex  7.302463e+01  3.738244e+01  0.000000e+00
     vertex  7.295168e+01  3.730045e+01  8.000000e+00
     vertex  7.302463e+01  3.738244e+01  8.000000e+00
   endloop
 endfacet
 facet normal -7.471095e-01  6.647010e-01  1.034008e-15
   outer loop
     vertex  7.302463e+01  3.738244e+01  0.000000e+00
     vertex  7.295168e+01  3.730045e+01  0.000000e+00
     vertex  7.295168e+01  3.730045e+01  8.000000e+00
   endloop
 endfacet
 facet normal -7.650637e-01  6.439545e-01 -1.002213e-15
   outer loop
     vertex  7.309530e+01  3.746641e+01  0.000000e+00
     vertex  7.302463e+01  3.738244e+01  8.000000e+00
     vertex  7.309530e+01  3.746641e+01  8.000000e+00
   endloop
 endfacet
 facet normal -7.650637e-01  6.439545e-01 -1.002680e-15
   outer loop
     vertex  7.309530e+01  3.746641e+01  0.000000e+00
     vertex  7.302463e+01  3.738244e+01  0.000000e+00
     vertex  7.302463e+01  3.738244e+01  8.000000e+00
   endloop
 endfacet
 facet normal -7.824421e-01  6.227234e-01 -1.120524e-15
   outer loop
     vertex  7.316364e+01  3.755228e+01  0.000000e+00
     vertex  7.309530e+01  3.746641e+01  8.000000e+00
     vertex  7.316364e+01  3.755228e+01  8.000000e+00
   endloop
 endfacet
 facet normal -7.824421e-01  6.227234e-01 -1.120911e-15
   outer loop
     vertex  7.316364e+01  3.755228e+01  0.000000e+00
     vertex  7.309530e+01  3.746641e+01  0.000000e+00
     vertex  7.309530e+01  3.746641e+01  8.000000e+00
   endloop
 endfacet
 facet normal -7.992314e-01  6.010234e-01 -7.041761e-16
   outer loop
     vertex  7.322960e+01  3.763999e+01  0.000000e+00
     vertex  7.316364e+01  3.755228e+01  8.000000e+00
     vertex  7.322960e+01  3.763999e+01  8.000000e+00
   endloop
 endfacet
 facet normal -7.992314e-01  6.010234e-01 -1.238442e-15
   outer loop
     vertex  7.322960e+01  3.763999e+01  0.000000e+00
     vertex  7.316364e+01  3.755228e+01  0.000000e+00
     vertex  7.316364e+01  3.755228e+01  8.000000e+00
   endloop
 endfacet
 facet normal -8.309929e-01  5.562829e-01 -1.470044e-15
   outer loop
     vertex  7.329313e+01  3.772948e+01  0.000000e+00
     vertex  7.329313e+01  3.772948e+01  8.000000e+00
     vertex  7.335418e+01  3.782068e+01  8.000000e+00
   endloop
 endfacet
 facet normal -8.154191e-01  5.788711e-01 -1.354528e-15
   outer loop
     vertex  7.329313e+01  3.772948e+01  0.000000e+00
     vertex  7.322960e+01  3.763999e+01  8.000000e+00
     vertex  7.329313e+01  3.772948e+01  8.000000e+00
   endloop
 endfacet
 facet normal -8.154191e-01  5.788711e-01 -8.404930e-16
   outer loop
     vertex  7.329313e+01  3.772948e+01  0.000000e+00
     vertex  7.322960e+01  3.763999e+01  0.000000e+00
     vertex  7.322960e+01  3.763999e+01  8.000000e+00
   endloop
 endfacet
 facet normal -8.309929e-01  5.562829e-01  6.095523e-18
   outer loop
     vertex  7.335418e+01  3.782068e+01  0.000000e+00
     vertex  7.329313e+01  3.772948e+01  0.000000e+00
     vertex  7.335418e+01  3.782068e+01  8.000000e+00
   endloop
 endfacet
 facet normal -8.459413e-01  5.332761e-01 -8.176066e-17
   outer loop
     vertex  7.341271e+01  3.791352e+01  0.000000e+00
     vertex  7.335418e+01  3.782068e+01  8.000000e+00
     vertex  7.341271e+01  3.791352e+01  8.000000e+00
   endloop
 endfacet
 facet normal -8.459413e-01  5.332761e-01 -8.170084e-17
   outer loop
     vertex  7.341271e+01  3.791352e+01  0.000000e+00
     vertex  7.335418e+01  3.782068e+01  0.000000e+00
     vertex  7.335418e+01  3.782068e+01  8.000000e+00
   endloop
 endfacet
 facet normal -8.739167e-01  4.860756e-01  1.744996e-16
   outer loop
     vertex  7.346867e+01  3.800793e+01  0.000000e+00
     vertex  7.346867e+01  3.800793e+01  8.000000e+00
     vertex  7.352201e+01  3.810384e+01  8.000000e+00
   endloop
 endfacet
 facet normal -8.602528e-01  5.098678e-01  2.832982e-16
   outer loop
     vertex  7.346867e+01  3.800793e+01  0.000000e+00
     vertex  7.341271e+01  3.791352e+01  8.000000e+00
     vertex  7.346867e+01  3.800793e+01  8.000000e+00
   endloop
 endfacet
 facet normal -8.602528e-01  5.098678e-01 -1.696038e-16
   outer loop
     vertex  7.346867e+01  3.800793e+01  0.000000e+00
     vertex  7.341271e+01  3.791352e+01  0.000000e+00
     vertex  7.341271e+01  3.791352e+01  8.000000e+00
   endloop
 endfacet
 facet normal -8.869228e-01  4.619176e-01  6.556958e-17
   outer loop
     vertex  7.352201e+01  3.810384e+01  0.000000e+00
     vertex  7.352201e+01  3.810384e+01  8.000000e+00
     vertex  7.357270e+01  3.820117e+01  8.000000e+00
   endloop
 endfacet
 facet normal -8.739167e-01  4.860756e-01  1.744996e-16
   outer loop
     vertex  7.352201e+01  3.810384e+01  0.000000e+00
     vertex  7.346867e+01  3.800793e+01  0.000000e+00
     vertex  7.352201e+01  3.810384e+01  8.000000e+00
   endloop
 endfacet
 facet normal -8.869228e-01  4.619176e-01 -3.446957e-16
   outer loop
     vertex  7.357270e+01  3.820117e+01  0.000000e+00
     vertex  7.352201e+01  3.810384e+01  0.000000e+00
     vertex  7.357270e+01  3.820117e+01  8.000000e+00
   endloop
 endfacet
 facet normal -8.992613e-01  4.374119e-01 -4.315622e-16
   outer loop
     vertex  7.362071e+01  3.829986e+01  0.000000e+00
     vertex  7.357270e+01  3.820117e+01  0.000000e+00
     vertex  7.357270e+01  3.820117e+01  8.000000e+00
   endloop
 endfacet
 facet normal -8.992613e-01  4.374119e-01 -4.340979e-17
   outer loop
     vertex  7.362071e+01  3.829986e+01  0.000000e+00
     vertex  7.357270e+01  3.820117e+01  8.000000e+00
     vertex  7.362071e+01  3.829986e+01  8.000000e+00
   endloop
 endfacet
 facet normal -9.109228e-01  4.125769e-01 -1.528455e-16
   outer loop
     vertex  7.366599e+01  3.839983e+01  0.000000e+00
     vertex  7.362071e+01  3.829986e+01  0.000000e+00
     vertex  7.362071e+01  3.829986e+01  8.000000e+00
   endloop
 endfacet
 facet normal -9.109228e-01  4.125769e-01 -1.523565e-16
   outer loop
     vertex  7.366599e+01  3.839983e+01  0.000000e+00
     vertex  7.362071e+01  3.829986e+01  8.000000e+00
     vertex  7.366599e+01  3.839983e+01  8.000000e+00
   endloop
 endfacet
 facet normal -9.218986e-01  3.874313e-01 -2.616417e-16
   outer loop
     vertex  7.370851e+01  3.850101e+01  0.000000e+00
     vertex  7.366599e+01  3.839983e+01  0.000000e+00
     vertex  7.366599e+01  3.839983e+01  8.000000e+00
   endloop
 endfacet
 facet normal -9.218986e-01  3.874313e-01 -2.611885e-16
   outer loop
     vertex  7.370851e+01  3.850101e+01  0.000000e+00
     vertex  7.366599e+01  3.839983e+01  8.000000e+00
     vertex  7.370851e+01  3.850101e+01  8.000000e+00
   endloop
 endfacet
 facet normal -9.321804e-01  3.619940e-01 -3.702431e-16
   outer loop
     vertex  7.374823e+01  3.860331e+01  0.000000e+00
     vertex  7.370851e+01  3.850101e+01  0.000000e+00
     vertex  7.370851e+01  3.850101e+01  8.000000e+00
   endloop
 endfacet
 facet normal -9.417605e-01  3.362843e-01  1.493402e-15
   outer loop
     vertex  7.374823e+01  3.860331e+01  0.000000e+00
     vertex  7.374823e+01  3.860331e+01  8.000000e+00
     vertex  7.378514e+01  3.870667e+01  8.000000e+00
   endloop
 endfacet
 facet normal -9.321804e-01  3.619940e-01  1.607576e-15
   outer loop
     vertex  7.374823e+01  3.860331e+01  0.000000e+00
     vertex  7.370851e+01  3.850101e+01  8.000000e+00
     vertex  7.374823e+01  3.860331e+01  8.000000e+00
   endloop
 endfacet
 facet normal -9.417605e-01  3.362843e-01 -4.781809e-16
   outer loop
     vertex  7.378514e+01  3.870667e+01  0.000000e+00
     vertex  7.374823e+01  3.860331e+01  0.000000e+00
     vertex  7.378514e+01  3.870667e+01  8.000000e+00
   endloop
 endfacet
 facet normal -9.506317e-01  3.103214e-01 -5.863082e-16
   outer loop
     vertex  7.381920e+01  3.881100e+01  0.000000e+00
     vertex  7.378514e+01  3.870667e+01  0.000000e+00
     vertex  7.378514e+01  3.870667e+01  8.000000e+00
   endloop
 endfacet
 facet normal -9.506317e-01  3.103214e-01  1.102483e-15
   outer loop
     vertex  7.381920e+01  3.881100e+01  0.000000e+00
     vertex  7.378514e+01  3.870667e+01  8.000000e+00
     vertex  7.381920e+01  3.881100e+01  8.000000e+00
   endloop
 endfacet
 facet normal -9.587873e-01  2.841250e-01  1.009411e-15
   outer loop
     vertex  7.385038e+01  3.891622e+01  0.000000e+00
     vertex  7.381920e+01  3.881100e+01  0.000000e+00
     vertex  7.381920e+01  3.881100e+01  8.000000e+00
   endloop
 endfacet
 facet normal -9.587873e-01  2.841250e-01  1.009415e-15
   outer loop
     vertex  7.385038e+01  3.891622e+01  0.000000e+00
     vertex  7.381920e+01  3.881100e+01  8.000000e+00
     vertex  7.385038e+01  3.891622e+01  8.000000e+00
   endloop
 endfacet
 facet normal -9.662211e-01  2.577146e-01  9.154715e-16
   outer loop
     vertex  7.387866e+01  3.902226e+01  0.000000e+00
     vertex  7.385038e+01  3.891622e+01  0.000000e+00
     vertex  7.385038e+01  3.891622e+01  8.000000e+00
   endloop
 endfacet
 facet normal -9.729276e-01  2.311102e-01 -7.019309e-16
   outer loop
     vertex  7.387866e+01  3.902226e+01  0.000000e+00
     vertex  7.387866e+01  3.902226e+01  8.000000e+00
     vertex  7.390403e+01  3.912903e+01  8.000000e+00
   endloop
 endfacet
 facet normal -9.662211e-01  2.577146e-01 -5.718707e-16
   outer loop
     vertex  7.387866e+01  3.902226e+01  0.000000e+00
     vertex  7.385038e+01  3.891622e+01  8.000000e+00
     vertex  7.387866e+01  3.902226e+01  8.000000e+00
   endloop
 endfacet
 facet normal -9.729276e-01  2.311102e-01 -9.071980e-16
   outer loop
     vertex  7.390403e+01  3.912903e+01  0.000000e+00
     vertex  7.387866e+01  3.902226e+01  0.000000e+00
     vertex  7.390403e+01  3.912903e+01  8.000000e+00
   endloop
 endfacet
 facet normal -9.841389e-01  1.773998e-01  7.878133e-16
   outer loop
     vertex  7.392645e+01  3.923646e+01  0.000000e+00
     vertex  7.392645e+01  3.923646e+01  8.000000e+00
     vertex  7.394592e+01  3.934447e+01  8.000000e+00
   endloop
 endfacet
 facet normal -9.789017e-01  2.043319e-01  9.074160e-16
   outer loop
     vertex  7.392645e+01  3.923646e+01  0.000000e+00
     vertex  7.390403e+01  3.912903e+01  8.000000e+00
     vertex  7.392645e+01  3.923646e+01  8.000000e+00
   endloop
 endfacet
 facet normal -9.789017e-01  2.043319e-01 -1.012807e-15
   outer loop
     vertex  7.392645e+01  3.923646e+01  0.000000e+00
     vertex  7.390403e+01  3.912903e+01  0.000000e+00
     vertex  7.390403e+01  3.912903e+01  8.000000e+00
   endloop
 endfacet
 facet normal -9.841389e-01  1.773998e-01 -9.603686e-16
   outer loop
     vertex  7.394592e+01  3.934447e+01  0.000000e+00
     vertex  7.392645e+01  3.923646e+01  0.000000e+00
     vertex  7.394592e+01  3.934447e+01  8.000000e+00
   endloop
 endfacet
 facet normal -9.923874e-01  1.231552e-01  5.469191e-16
   outer loop
     vertex  7.396242e+01  3.945297e+01  0.000000e+00
     vertex  7.396242e+01  3.945297e+01  8.000000e+00
     vertex  7.397593e+01  3.956188e+01  8.000000e+00
   endloop
 endfacet
 facet normal -9.886353e-01  1.503341e-01  6.676175e-16
   outer loop
     vertex  7.396242e+01  3.945297e+01  0.000000e+00
     vertex  7.394592e+01  3.934447e+01  8.000000e+00
     vertex  7.396242e+01  3.945297e+01  8.000000e+00
   endloop
 endfacet
 facet normal -9.886353e-01  1.503341e-01 -1.088431e-15
   outer loop
     vertex  7.396242e+01  3.945297e+01  0.000000e+00
     vertex  7.394592e+01  3.934447e+01  0.000000e+00
     vertex  7.394592e+01  3.934447e+01  8.000000e+00
   endloop
 endfacet
 facet normal -9.923874e-01  1.231552e-01  5.469191e-16
   outer loop
     vertex  7.397593e+01  3.956188e+01  0.000000e+00
     vertex  7.396242e+01  3.945297e+01  0.000000e+00
     vertex  7.397593e+01  3.956188e+01  8.000000e+00
   endloop
 endfacet
 facet normal -9.953925e-01  9.588368e-02  4.258091e-16
   outer loop
     vertex  7.398646e+01  3.967112e+01  0.000000e+00
     vertex  7.397593e+01  3.956188e+01  8.000000e+00
     vertex  7.398646e+01  3.967112e+01  8.000000e+00
   endloop
 endfacet
 facet normal -9.953925e-01  9.588368e-02  4.257876e-16
   outer loop
     vertex  7.398646e+01  3.967112e+01  0.000000e+00
     vertex  7.397593e+01  3.956188e+01  0.000000e+00
     vertex  7.397593e+01  3.956188e+01  8.000000e+00
   endloop
 endfacet
 facet normal -9.991532e-01  4.114462e-02  1.827188e-16
   outer loop
     vertex  7.399398e+01  3.978061e+01  0.000000e+00
     vertex  7.399398e+01  3.978061e+01  8.000000e+00
     vertex  7.399849e+01  3.989026e+01  8.000000e+00
   endloop
 endfacet
 facet normal -9.976484e-01  6.853995e-02  3.043785e-16
   outer loop
     vertex  7.399398e+01  3.978061e+01  0.000000e+00
     vertex  7.398646e+01  3.967112e+01  8.000000e+00
     vertex  7.399398e+01  3.978061e+01  8.000000e+00
   endloop
 endfacet
 facet normal -9.976484e-01  6.853995e-02  3.043806e-16
   outer loop
     vertex  7.399398e+01  3.978061e+01  0.000000e+00
     vertex  7.398646e+01  3.967112e+01  0.000000e+00
     vertex  7.398646e+01  3.967112e+01  8.000000e+00
   endloop
 endfacet
 facet normal -9.991532e-01  4.114462e-02  1.827188e-16
   outer loop
     vertex  7.399849e+01  3.989026e+01  0.000000e+00
     vertex  7.399398e+01  3.978061e+01  0.000000e+00
     vertex  7.399849e+01  3.989026e+01  8.000000e+00
   endloop
 endfacet
 facet normal -9.999059e-01  1.371831e-02  0.000000e+00
   outer loop
     vertex  7.400000e+01  4.000000e+01  0.000000e+00
     vertex  7.399849e+01  3.989026e+01  8.000000e+00
     vertex  7.400000e+01  4.000000e+01  8.000000e+00
   endloop
 endfacet
 facet normal -9.999059e-01  1.371831e-02  6.092978e-17
   outer loop
     vertex  7.400000e+01  4.000000e+01  0.000000e+00
     vertex  7.399849e+01  3.989026e+01  0.000000e+00
     vertex  7.399849e+01  3.989026e+01  8.000000e+00
   endloop
 endfacet
endsolid
