solid 
 facet normal  9.999059e-01  1.371831e-02 -3.046078e-18
   outer loop
     vertex  1.500000e+01  0.000000e+00  0.000000e+00
     vertex  1.499435e+01  4.115107e-01  1.800000e+01
     vertex  1.500000e+01  3.996803e-15  1.800000e+01
   endloop
 endfacet
 facet normal  9.999059e-01  1.371831e-02 -3.046078e-18
   outer loop
     vertex  1.499435e+01  4.115107e-01  0.000000e+00
     vertex  1.499435e+01  4.115107e-01  1.800000e+01
     vertex  1.500000e+01  0.000000e+00  0.000000e+00
   endloop
 endfacet
 facet normal  9.991532e-01  4.114462e-02 -9.135940e-18
   outer loop
     vertex  1.497742e+01  8.227117e-01  0.000000e+00
     vertex  1.497742e+01  8.227117e-01  1.800000e+01
     vertex  1.499435e+01  4.115107e-01  1.800000e+01
   endloop
 endfacet
 facet normal  9.991532e-01  4.114462e-02 -9.105262e-18
   outer loop
     vertex  1.497742e+01  8.227117e-01  0.000000e+00
     vertex  1.499435e+01  4.115107e-01  1.800000e+01
     vertex  1.499435e+01  4.115107e-01  0.000000e+00
   endloop
 endfacet
 facet normal  9.976484e-01  6.853995e-02 -1.521893e-17
   outer loop
     vertex  1.494921e+01  1.233293e+00  0.000000e+00
     vertex  1.494921e+01  1.233293e+00  1.800000e+01
     vertex  1.497742e+01  8.227117e-01  1.800000e+01
   endloop
 endfacet
 facet normal  9.976484e-01  6.853995e-02 -1.520980e-17
   outer loop
     vertex  1.494921e+01  1.233293e+00  0.000000e+00
     vertex  1.497742e+01  8.227117e-01  1.800000e+01
     vertex  1.497742e+01  8.227117e-01  0.000000e+00
   endloop
 endfacet
 facet normal  9.953925e-01  9.588368e-02 -2.129045e-17
   outer loop
     vertex  1.490975e+01  1.642947e+00  0.000000e+00
     vertex  1.490975e+01  1.642947e+00  1.800000e+01
     vertex  1.494921e+01  1.233293e+00  1.800000e+01
   endloop
 endfacet
 facet normal  9.953925e-01  9.588368e-02 -2.116789e-17
   outer loop
     vertex  1.490975e+01  1.642947e+00  0.000000e+00
     vertex  1.494921e+01  1.233293e+00  1.800000e+01
     vertex  1.494921e+01  1.233293e+00  0.000000e+00
   endloop
 endfacet
 facet normal  9.923874e-01  1.231552e-01 -2.734596e-17
   outer loop
     vertex  1.485907e+01  2.051363e+00  0.000000e+00
     vertex  1.485907e+01  2.051363e+00  1.800000e+01
     vertex  1.490975e+01  1.642947e+00  1.800000e+01
   endloop
 endfacet
 facet normal  9.923874e-01  1.231552e-01 -2.719686e-17
   outer loop
     vertex  1.485907e+01  2.051363e+00  0.000000e+00
     vertex  1.490975e+01  1.642947e+00  1.800000e+01
     vertex  1.490975e+01  1.642947e+00  0.000000e+00
   endloop
 endfacet
 facet normal  9.886353e-01  1.503341e-01 -3.338087e-17
   outer loop
     vertex  1.479720e+01  2.458235e+00  0.000000e+00
     vertex  1.479720e+01  2.458235e+00  1.800000e+01
     vertex  1.485907e+01  2.051363e+00  1.800000e+01
   endloop
 endfacet
 facet normal  9.886353e-01  1.503341e-01 -3.321028e-17
   outer loop
     vertex  1.479720e+01  2.458235e+00  0.000000e+00
     vertex  1.485907e+01  2.051363e+00  1.800000e+01
     vertex  1.485907e+01  2.051363e+00  0.000000e+00
   endloop
 endfacet
 facet normal  9.841389e-01  1.773998e-01 -3.939066e-17
   outer loop
     vertex  1.472419e+01  2.863257e+00  0.000000e+00
     vertex  1.472419e+01  2.863257e+00  1.800000e+01
     vertex  1.479720e+01  2.458235e+00  1.800000e+01
   endloop
 endfacet
 facet normal  9.841389e-01  1.773998e-01 -3.935411e-17
   outer loop
     vertex  1.472419e+01  2.863257e+00  0.000000e+00
     vertex  1.479720e+01  2.458235e+00  1.800000e+01
     vertex  1.479720e+01  2.458235e+00  0.000000e+00
   endloop
 endfacet
 facet normal  9.789017e-01  2.043319e-01 -4.537080e-17
   outer loop
     vertex  1.464010e+01  3.266124e+00  0.000000e+00
     vertex  1.464010e+01  3.266124e+00  1.800000e+01
     vertex  1.472419e+01  2.863257e+00  1.800000e+01
   endloop
 endfacet
 facet normal  9.789017e-01  2.043319e-01 -4.546883e-17
   outer loop
     vertex  1.464010e+01  3.266124e+00  0.000000e+00
     vertex  1.472419e+01  2.863257e+00  1.800000e+01
     vertex  1.472419e+01  2.863257e+00  0.000000e+00
   endloop
 endfacet
 facet normal  9.729276e-01  2.311102e-01 -5.131678e-17
   outer loop
     vertex  1.454498e+01  3.666531e+00  0.000000e+00
     vertex  1.454498e+01  3.666531e+00  1.800000e+01
     vertex  1.464010e+01  3.266124e+00  1.800000e+01
   endloop
 endfacet
 facet normal  9.729276e-01  2.311102e-01 -5.110616e-17
   outer loop
     vertex  1.454498e+01  3.666531e+00  0.000000e+00
     vertex  1.464010e+01  3.266124e+00  1.800000e+01
     vertex  1.464010e+01  3.266124e+00  0.000000e+00
   endloop
 endfacet
 facet normal  9.662211e-01  2.577146e-01 -5.741711e-17
   outer loop
     vertex  1.443892e+01  4.064179e+00  0.000000e+00
     vertex  1.454498e+01  3.666531e+00  1.800000e+01
     vertex  1.454498e+01  3.666531e+00  0.000000e+00
   endloop
 endfacet
 facet normal  9.662211e-01  2.577146e-01 -6.358237e-17
   outer loop
     vertex  1.443892e+01  4.064179e+00  0.000000e+00
     vertex  1.443892e+01  4.064179e+00  1.800000e+01
     vertex  1.454498e+01  3.666531e+00  1.800000e+01
   endloop
 endfacet
 facet normal  9.587873e-01  2.841250e-01 -6.982696e-17
   outer loop
     vertex  1.432199e+01  4.458768e+00  0.000000e+00
     vertex  1.443892e+01  4.064179e+00  1.800000e+01
     vertex  1.443892e+01  4.064179e+00  0.000000e+00
   endloop
 endfacet
 facet normal  9.587873e-01  2.841250e-01 -5.607859e-17
   outer loop
     vertex  1.432199e+01  4.458768e+00  0.000000e+00
     vertex  1.432199e+01  4.458768e+00  1.800000e+01
     vertex  1.443892e+01  4.064179e+00  1.800000e+01
   endloop
 endfacet
 facet normal  9.506317e-01  3.103214e-01 -6.114852e-17
   outer loop
     vertex  1.419428e+01  4.849999e+00  0.000000e+00
     vertex  1.432199e+01  4.458768e+00  1.800000e+01
     vertex  1.432199e+01  4.458768e+00  0.000000e+00
   endloop
 endfacet
 facet normal  9.506317e-01  3.103214e-01 -6.124907e-17
   outer loop
     vertex  1.419428e+01  4.849999e+00  0.000000e+00
     vertex  1.419428e+01  4.849999e+00  1.800000e+01
     vertex  1.432199e+01  4.458768e+00  1.800000e+01
   endloop
 endfacet
 facet normal  9.417605e-01  3.362843e-01 -6.644630e-17
   outer loop
     vertex  1.405588e+01  5.237580e+00  0.000000e+00
     vertex  1.419428e+01  4.849999e+00  1.800000e+01
     vertex  1.419428e+01  4.849999e+00  0.000000e+00
   endloop
 endfacet
 facet normal  9.417605e-01  3.362843e-01 -8.296680e-17
   outer loop
     vertex  1.405588e+01  5.237580e+00  0.000000e+00
     vertex  1.405588e+01  5.237580e+00  1.800000e+01
     vertex  1.419428e+01  4.849999e+00  1.800000e+01
   endloop
 endfacet
 facet normal  9.321804e-01  3.619940e-01 -8.930980e-17
   outer loop
     vertex  1.405588e+01  5.237580e+00  0.000000e+00
     vertex  1.390690e+01  5.621219e+00  1.800000e+01
     vertex  1.405588e+01  5.237580e+00  1.800000e+01
   endloop
 endfacet
 facet normal  9.321804e-01  3.619940e-01 -7.144784e-17
   outer loop
     vertex  1.390690e+01  5.621219e+00  0.000000e+00
     vertex  1.390690e+01  5.621219e+00  1.800000e+01
     vertex  1.405588e+01  5.237580e+00  0.000000e+00
   endloop
 endfacet
 facet normal  9.218986e-01  3.874313e-01 -7.651576e-17
   outer loop
     vertex  1.374745e+01  6.000626e+00  0.000000e+00
     vertex  1.390690e+01  5.621219e+00  1.800000e+01
     vertex  1.390690e+01  5.621219e+00  0.000000e+00
   endloop
 endfacet
 facet normal  9.218986e-01  3.874313e-01 -7.646847e-17
   outer loop
     vertex  1.374745e+01  6.000626e+00  0.000000e+00
     vertex  1.374745e+01  6.000626e+00  1.800000e+01
     vertex  1.390690e+01  5.621219e+00  1.800000e+01
   endloop
 endfacet
 facet normal  9.109228e-01  4.125769e-01 -8.153372e-17
   outer loop
     vertex  1.357766e+01  6.375515e+00  0.000000e+00
     vertex  1.374745e+01  6.000626e+00  1.800000e+01
     vertex  1.374745e+01  6.000626e+00  0.000000e+00
   endloop
 endfacet
 facet normal  9.109228e-01  4.125769e-01 -1.017894e-16
   outer loop
     vertex  1.357766e+01  6.375515e+00  0.000000e+00
     vertex  1.357766e+01  6.375515e+00  1.800000e+01
     vertex  1.374745e+01  6.000626e+00  1.800000e+01
   endloop
 endfacet
 facet normal  8.992613e-01  4.374119e-01 -1.078046e-16
   outer loop
     vertex  1.339764e+01  6.745606e+00  0.000000e+00
     vertex  1.357766e+01  6.375515e+00  1.800000e+01
     vertex  1.357766e+01  6.375515e+00  0.000000e+00
   endloop
 endfacet
 facet normal  8.992613e-01  4.374119e-01 -8.633329e-17
   outer loop
     vertex  1.339764e+01  6.745606e+00  0.000000e+00
     vertex  1.339764e+01  6.745606e+00  1.800000e+01
     vertex  1.357766e+01  6.375515e+00  1.800000e+01
   endloop
 endfacet
 facet normal  8.869228e-01  4.619176e-01 -9.117006e-17
   outer loop
     vertex  1.339764e+01  6.745606e+00  0.000000e+00
     vertex  1.320754e+01  7.110619e+00  1.800000e+01
     vertex  1.339764e+01  6.745606e+00  1.800000e+01
   endloop
 endfacet
 facet normal  8.869228e-01  4.619176e-01 -9.117006e-17
   outer loop
     vertex  1.320754e+01  7.110619e+00  0.000000e+00
     vertex  1.320754e+01  7.110619e+00  1.800000e+01
     vertex  1.339764e+01  6.745606e+00  0.000000e+00
   endloop
 endfacet
 facet normal  8.739167e-01  4.860756e-01 -9.646043e-17
   outer loop
     vertex  1.300750e+01  7.470278e+00  0.000000e+00
     vertex  1.320754e+01  7.110619e+00  1.800000e+01
     vertex  1.320754e+01  7.110619e+00  0.000000e+00
   endloop
 endfacet
 facet normal  8.739167e-01  4.860756e-01 -1.199227e-16
   outer loop
     vertex  1.300750e+01  7.470278e+00  0.000000e+00
     vertex  1.300750e+01  7.470278e+00  1.800000e+01
     vertex  1.320754e+01  7.110619e+00  1.800000e+01
   endloop
 endfacet
 facet normal  8.602528e-01  5.098678e-01 -1.248700e-16
   outer loop
     vertex  1.279766e+01  7.824315e+00  0.000000e+00
     vertex  1.300750e+01  7.470278e+00  1.800000e+01
     vertex  1.300750e+01  7.470278e+00  0.000000e+00
   endloop
 endfacet
 facet normal  8.602528e-01  5.098678e-01 -1.257927e-16
   outer loop
     vertex  1.279766e+01  7.824315e+00  0.000000e+00
     vertex  1.279766e+01  7.824315e+00  1.800000e+01
     vertex  1.300750e+01  7.470278e+00  1.800000e+01
   endloop
 endfacet
 facet normal  8.459413e-01  5.332761e-01 -1.317175e-16
   outer loop
     vertex  1.257819e+01  8.172462e+00  0.000000e+00
     vertex  1.279766e+01  7.824315e+00  1.800000e+01
     vertex  1.279766e+01  7.824315e+00  0.000000e+00
   endloop
 endfacet
 facet normal  8.459413e-01  5.332761e-01 -1.052543e-16
   outer loop
     vertex  1.257819e+01  8.172462e+00  0.000000e+00
     vertex  1.257819e+01  8.172462e+00  1.800000e+01
     vertex  1.279766e+01  7.824315e+00  1.800000e+01
   endloop
 endfacet
 facet normal  8.309929e-01  5.562829e-01 -1.097952e-16
   outer loop
     vertex  1.234925e+01  8.514456e+00  0.000000e+00
     vertex  1.234925e+01  8.514456e+00  1.800000e+01
     vertex  1.257819e+01  8.172462e+00  1.800000e+01
   endloop
 endfacet
 facet normal  8.309929e-01  5.562829e-01 -1.095373e-16
   outer loop
     vertex  1.234925e+01  8.514456e+00  0.000000e+00
     vertex  1.257819e+01  8.172462e+00  1.800000e+01
     vertex  1.257819e+01  8.172462e+00  0.000000e+00
   endloop
 endfacet
 facet normal  8.154191e-01  5.788711e-01 -1.142535e-16
   outer loop
     vertex  1.211102e+01  8.850042e+00  0.000000e+00
     vertex  1.211102e+01  8.850042e+00  1.800000e+01
     vertex  1.234925e+01  8.514456e+00  1.800000e+01
   endloop
 endfacet
 facet normal  8.154191e-01  5.788711e-01 -1.136034e-16
   outer loop
     vertex  1.211102e+01  8.850042e+00  0.000000e+00
     vertex  1.234925e+01  8.514456e+00  1.800000e+01
     vertex  1.234925e+01  8.514456e+00  0.000000e+00
   endloop
 endfacet
 facet normal  7.992314e-01  6.010234e-01 -1.186258e-16
   outer loop
     vertex  1.186367e+01  9.178965e+00  0.000000e+00
     vertex  1.186367e+01  9.178965e+00  1.800000e+01
     vertex  1.211102e+01  8.850042e+00  1.800000e+01
   endloop
 endfacet
 facet normal  7.992314e-01  6.010234e-01 -1.180508e-16
   outer loop
     vertex  1.186367e+01  9.178965e+00  0.000000e+00
     vertex  1.211102e+01  8.850042e+00  1.800000e+01
     vertex  1.211102e+01  8.850042e+00  0.000000e+00
   endloop
 endfacet
 facet normal  7.824421e-01  6.227234e-01 -1.229088e-16
   outer loop
     vertex  1.160739e+01  9.500978e+00  0.000000e+00
     vertex  1.160739e+01  9.500978e+00  1.800000e+01
     vertex  1.186367e+01  9.178965e+00  1.800000e+01
   endloop
 endfacet
 facet normal  7.824421e-01  6.227234e-01 -1.230326e-16
   outer loop
     vertex  1.160739e+01  9.500978e+00  0.000000e+00
     vertex  1.186367e+01  9.178965e+00  1.800000e+01
     vertex  1.186367e+01  9.178965e+00  0.000000e+00
   endloop
 endfacet
 facet normal  7.650637e-01  6.439545e-01 -1.270992e-16
   outer loop
     vertex  1.134237e+01  9.815840e+00  0.000000e+00
     vertex  1.134237e+01  9.815840e+00  1.800000e+01
     vertex  1.160739e+01  9.500978e+00  1.800000e+01
   endloop
 endfacet
 facet normal  7.471095e-01  6.647010e-01 -1.311940e-16
   outer loop
     vertex  1.134237e+01  9.815840e+00  0.000000e+00
     vertex  1.106881e+01  1.012331e+01  1.800000e+01
     vertex  1.134237e+01  9.815840e+00  1.800000e+01
   endloop
 endfacet
 facet normal  7.650637e-01  6.439545e-01 -1.275057e-16
   outer loop
     vertex  1.134237e+01  9.815840e+00  0.000000e+00
     vertex  1.160739e+01  9.500978e+00  1.800000e+01
     vertex  1.160739e+01  9.500978e+00  0.000000e+00
   endloop
 endfacet
 facet normal  7.471095e-01  6.647010e-01 -1.311940e-16
   outer loop
     vertex  1.106881e+01  1.012331e+01  0.000000e+00
     vertex  1.106881e+01  1.012331e+01  1.800000e+01
     vertex  1.134237e+01  9.815840e+00  0.000000e+00
   endloop
 endfacet
 facet normal  7.285929e-01  6.849470e-01 -1.351900e-16
   outer loop
     vertex  1.078692e+01  1.042316e+01  0.000000e+00
     vertex  1.078692e+01  1.042316e+01  1.800000e+01
     vertex  1.106881e+01  1.012331e+01  1.800000e+01
   endloop
 endfacet
 facet normal  7.095278e-01  7.046775e-01 -1.390843e-16
   outer loop
     vertex  1.078692e+01  1.042316e+01  0.000000e+00
     vertex  1.049691e+01  1.071517e+01  1.800000e+01
     vertex  1.078692e+01  1.042316e+01  1.800000e+01
   endloop
 endfacet
 facet normal  7.285929e-01  6.849470e-01 -1.346998e-16
   outer loop
     vertex  1.078692e+01  1.042316e+01  0.000000e+00
     vertex  1.106881e+01  1.012331e+01  1.800000e+01
     vertex  1.106881e+01  1.012331e+01  0.000000e+00
   endloop
 endfacet
 facet normal  7.095278e-01  7.046775e-01 -1.390843e-16
   outer loop
     vertex  1.049691e+01  1.071517e+01  0.000000e+00
     vertex  1.049691e+01  1.071517e+01  1.800000e+01
     vertex  1.078692e+01  1.042316e+01  0.000000e+00
   endloop
 endfacet
 facet normal  6.899286e-01  7.238775e-01 -1.428739e-16
   outer loop
     vertex  1.019900e+01  1.099911e+01  0.000000e+00
     vertex  1.019900e+01  1.099911e+01  1.800000e+01
     vertex  1.049691e+01  1.071517e+01  1.800000e+01
   endloop
 endfacet
 facet normal  6.899286e-01  7.238775e-01 -1.431089e-16
   outer loop
     vertex  1.019900e+01  1.099911e+01  0.000000e+00
     vertex  1.049691e+01  1.071517e+01  1.800000e+01
     vertex  1.049691e+01  1.071517e+01  0.000000e+00
   endloop
 endfacet
 facet normal  6.698100e-01  7.425325e-01 -1.465559e-16
   outer loop
     vertex  9.893410e+00  1.127477e+01  0.000000e+00
     vertex  9.893410e+00  1.127477e+01  1.800000e+01
     vertex  1.019900e+01  1.099911e+01  1.800000e+01
   endloop
 endfacet
 facet normal  6.698100e-01  7.425325e-01 -1.466495e-16
   outer loop
     vertex  9.893410e+00  1.127477e+01  0.000000e+00
     vertex  1.019900e+01  1.099911e+01  1.800000e+01
     vertex  1.019900e+01  1.099911e+01  0.000000e+00
   endloop
 endfacet
 facet normal  6.491872e-01  7.606287e-01 -1.501275e-16
   outer loop
     vertex  9.580374e+00  1.154194e+01  0.000000e+00
     vertex  9.580374e+00  1.154194e+01  1.800000e+01
     vertex  9.893410e+00  1.127477e+01  1.800000e+01
   endloop
 endfacet
 facet normal  6.491872e-01  7.606287e-01 -1.508781e-16
   outer loop
     vertex  9.580374e+00  1.154194e+01  0.000000e+00
     vertex  9.893410e+00  1.127477e+01  1.800000e+01
     vertex  9.893410e+00  1.127477e+01  0.000000e+00
   endloop
 endfacet
 facet normal  6.280757e-01  7.781522e-01 -1.535862e-16
   outer loop
     vertex  9.260126e+00  1.180043e+01  0.000000e+00
     vertex  9.260126e+00  1.180043e+01  1.800000e+01
     vertex  9.580374e+00  1.154194e+01  1.800000e+01
   endloop
 endfacet
 facet normal  6.280757e-01  7.781522e-01 -1.536996e-16
   outer loop
     vertex  9.260126e+00  1.180043e+01  0.000000e+00
     vertex  9.580374e+00  1.154194e+01  1.800000e+01
     vertex  9.580374e+00  1.154194e+01  0.000000e+00
   endloop
 endfacet
 facet normal  6.064915e-01  7.950900e-01 -1.569293e-16
   outer loop
     vertex  8.932907e+00  1.205003e+01  0.000000e+00
     vertex  8.932907e+00  1.205003e+01  1.800000e+01
     vertex  9.260126e+00  1.180043e+01  1.800000e+01
   endloop
 endfacet
 facet normal  5.844507e-01  8.114292e-01 -1.601542e-16
   outer loop
     vertex  8.932907e+00  1.205003e+01  0.000000e+00
     vertex  8.598964e+00  1.229056e+01  1.800000e+01
     vertex  8.932907e+00  1.205003e+01  1.800000e+01
   endloop
 endfacet
 facet normal  6.064915e-01  7.950900e-01 -1.563404e-16
   outer loop
     vertex  8.932907e+00  1.205003e+01  0.000000e+00
     vertex  9.260126e+00  1.180043e+01  1.800000e+01
     vertex  9.260126e+00  1.180043e+01  0.000000e+00
   endloop
 endfacet
 facet normal  5.844507e-01  8.114292e-01 -1.601542e-16
   outer loop
     vertex  8.598964e+00  1.229056e+01  0.000000e+00
     vertex  8.598964e+00  1.229056e+01  1.800000e+01
     vertex  8.932907e+00  1.205003e+01  0.000000e+00
   endloop
 endfacet
 facet normal  5.619699e-01  8.271577e-01 -1.641768e-16
   outer loop
     vertex  8.258547e+00  1.252184e+01  0.000000e+00
     vertex  8.598964e+00  1.229056e+01  1.800000e+01
     vertex  8.598964e+00  1.229056e+01  0.000000e+00
   endloop
 endfacet
 facet normal  5.619699e-01  8.271577e-01 -1.632586e-16
   outer loop
     vertex  8.258547e+00  1.252184e+01  0.000000e+00
     vertex  8.258547e+00  1.252184e+01  1.800000e+01
     vertex  8.598964e+00  1.229056e+01  1.800000e+01
   endloop
 endfacet
 facet normal  5.390661e-01  8.422635e-01 -1.662401e-16
   outer loop
     vertex  8.258547e+00  1.252184e+01  0.000000e+00
     vertex  7.911914e+00  1.274369e+01  1.800000e+01
     vertex  8.258547e+00  1.252184e+01  1.800000e+01
   endloop
 endfacet
 facet normal  5.390661e-01  8.422635e-01 -1.662401e-16
   outer loop
     vertex  7.911914e+00  1.274369e+01  0.000000e+00
     vertex  7.911914e+00  1.274369e+01  1.800000e+01
     vertex  8.258547e+00  1.252184e+01  0.000000e+00
   endloop
 endfacet
 facet normal  5.157565e-01  8.567352e-01 -1.686213e-16
   outer loop
     vertex  7.559325e+00  1.295595e+01  0.000000e+00
     vertex  7.911914e+00  1.274369e+01  1.800000e+01
     vertex  7.911914e+00  1.274369e+01  0.000000e+00
   endloop
 endfacet
 facet normal  5.157565e-01  8.567352e-01 -1.690964e-16
   outer loop
     vertex  7.559325e+00  1.295595e+01  0.000000e+00
     vertex  7.559325e+00  1.295595e+01  1.800000e+01
     vertex  7.911914e+00  1.274369e+01  1.800000e+01
   endloop
 endfacet
 facet normal  4.920587e-01  8.705620e-01 -1.713859e-16
   outer loop
     vertex  7.201046e+00  1.315845e+01  0.000000e+00
     vertex  7.559325e+00  1.295595e+01  1.800000e+01
     vertex  7.559325e+00  1.295595e+01  0.000000e+00
   endloop
 endfacet
 facet normal  4.920587e-01  8.705620e-01 -1.718254e-16
   outer loop
     vertex  7.201046e+00  1.315845e+01  0.000000e+00
     vertex  7.201046e+00  1.315845e+01  1.800000e+01
     vertex  7.559325e+00  1.295595e+01  1.800000e+01
   endloop
 endfacet
 facet normal  4.679904e-01  8.837335e-01 -1.735672e-16
   outer loop
     vertex  6.837346e+00  1.335106e+01  0.000000e+00
     vertex  7.201046e+00  1.315845e+01  1.800000e+01
     vertex  7.201046e+00  1.315845e+01  0.000000e+00
   endloop
 endfacet
 facet normal  4.679904e-01  8.837335e-01 -1.744251e-16
   outer loop
     vertex  6.837346e+00  1.335106e+01  0.000000e+00
     vertex  6.837346e+00  1.335106e+01  1.800000e+01
     vertex  7.201046e+00  1.315845e+01  1.800000e+01
   endloop
 endfacet
 facet normal  4.435699e-01  8.962398e-01 -1.765123e-16
   outer loop
     vertex  6.468499e+00  1.353361e+01  0.000000e+00
     vertex  6.837346e+00  1.335106e+01  1.800000e+01
     vertex  6.837346e+00  1.335106e+01  0.000000e+00
   endloop
 endfacet
 facet normal  4.435699e-01  8.962398e-01 -1.768935e-16
   outer loop
     vertex  6.468499e+00  1.353361e+01  0.000000e+00
     vertex  6.468499e+00  1.353361e+01  1.800000e+01
     vertex  6.837346e+00  1.335106e+01  1.800000e+01
   endloop
 endfacet
 facet normal  4.188155e-01  9.080714e-01 -1.789748e-16
   outer loop
     vertex  6.094783e+00  1.370597e+01  0.000000e+00
     vertex  6.468499e+00  1.353361e+01  1.800000e+01
     vertex  6.468499e+00  1.353361e+01  0.000000e+00
   endloop
 endfacet
 facet normal  4.188155e-01  9.080714e-01 -1.792288e-16
   outer loop
     vertex  6.094783e+00  1.370597e+01  0.000000e+00
     vertex  6.094783e+00  1.370597e+01  1.800000e+01
     vertex  6.468499e+00  1.353361e+01  1.800000e+01
   endloop
 endfacet
 facet normal  3.937458e-01  9.192194e-01 -1.814291e-16
   outer loop
     vertex  6.094783e+00  1.370597e+01  0.000000e+00
     vertex  5.716478e+00  1.386802e+01  1.800000e+01
     vertex  6.094783e+00  1.370597e+01  1.800000e+01
   endloop
 endfacet
 facet normal  3.937458e-01  9.192194e-01 -1.814291e-16
   outer loop
     vertex  5.716478e+00  1.386802e+01  0.000000e+00
     vertex  5.716478e+00  1.386802e+01  1.800000e+01
     vertex  6.094783e+00  1.370597e+01  0.000000e+00
   endloop
 endfacet
 facet normal  3.683796e-01  9.296754e-01 -1.834928e-16
   outer loop
     vertex  5.716478e+00  1.386802e+01  0.000000e+00
     vertex  5.333871e+00  1.401962e+01  1.800000e+01
     vertex  5.716478e+00  1.386802e+01  1.800000e+01
   endloop
 endfacet
 facet normal  3.683796e-01  9.296754e-01 -1.834928e-16
   outer loop
     vertex  5.333871e+00  1.401962e+01  0.000000e+00
     vertex  5.333871e+00  1.401962e+01  1.800000e+01
     vertex  5.716478e+00  1.386802e+01  0.000000e+00
   endloop
 endfacet
 facet normal  3.427362e-01  9.394317e-01 -1.854184e-16
   outer loop
     vertex  5.333871e+00  1.401962e+01  0.000000e+00
     vertex  4.947248e+00  1.416068e+01  1.800000e+01
     vertex  5.333871e+00  1.401962e+01  1.800000e+01
   endloop
 endfacet
 facet normal  3.427362e-01  9.394317e-01 -1.854184e-16
   outer loop
     vertex  4.947248e+00  1.416068e+01  0.000000e+00
     vertex  4.947248e+00  1.416068e+01  1.800000e+01
     vertex  5.333871e+00  1.401962e+01  0.000000e+00
   endloop
 endfacet
 facet normal  3.168348e-01  9.484807e-01 -1.876245e-16
   outer loop
     vertex  4.556902e+00  1.429107e+01  0.000000e+00
     vertex  4.947248e+00  1.416068e+01  1.800000e+01
     vertex  4.947248e+00  1.416068e+01  0.000000e+00
   endloop
 endfacet
 facet normal  3.168348e-01  9.484807e-01 -1.872045e-16
   outer loop
     vertex  4.556902e+00  1.429107e+01  0.000000e+00
     vertex  4.556902e+00  1.429107e+01  1.800000e+01
     vertex  4.947248e+00  1.416068e+01  1.800000e+01
   endloop
 endfacet
 facet normal  2.906949e-01  9.568158e-01 -1.888496e-16
   outer loop
     vertex  4.556902e+00  1.429107e+01  0.000000e+00
     vertex  4.163125e+00  1.441070e+01  1.800000e+01
     vertex  4.556902e+00  1.429107e+01  1.800000e+01
   endloop
 endfacet
 facet normal  2.906949e-01  9.568158e-01 -1.888496e-16
   outer loop
     vertex  4.163125e+00  1.441070e+01  0.000000e+00
     vertex  4.163125e+00  1.441070e+01  1.800000e+01
     vertex  4.556902e+00  1.429107e+01  0.000000e+00
   endloop
 endfacet
 facet normal  2.643362e-01  9.644306e-01 -1.908084e-16
   outer loop
     vertex  3.766214e+00  1.451949e+01  0.000000e+00
     vertex  4.163125e+00  1.441070e+01  1.800000e+01
     vertex  4.163125e+00  1.441070e+01  0.000000e+00
   endloop
 endfacet
 facet normal  2.643362e-01  9.644306e-01 -1.903525e-16
   outer loop
     vertex  3.766214e+00  1.451949e+01  0.000000e+00
     vertex  3.766214e+00  1.451949e+01  1.800000e+01
     vertex  4.163125e+00  1.441070e+01  1.800000e+01
   endloop
 endfacet
 facet normal  2.377784e-01  9.713194e-01 -1.918397e-16
   outer loop
     vertex  3.366468e+00  1.461735e+01  0.000000e+00
     vertex  3.766214e+00  1.451949e+01  1.800000e+01
     vertex  3.766214e+00  1.451949e+01  0.000000e+00
   endloop
 endfacet
 facet normal  2.377784e-01  9.713194e-01 -1.917122e-16
   outer loop
     vertex  3.366468e+00  1.461735e+01  0.000000e+00
     vertex  3.366468e+00  1.461735e+01  1.800000e+01
     vertex  3.766214e+00  1.451949e+01  1.800000e+01
   endloop
 endfacet
 facet normal  2.110417e-01  9.774771e-01 -1.931241e-16
   outer loop
     vertex  2.964188e+00  1.470420e+01  0.000000e+00
     vertex  3.366468e+00  1.461735e+01  1.800000e+01
     vertex  3.366468e+00  1.461735e+01  0.000000e+00
   endloop
 endfacet
 facet normal  2.110417e-01  9.774771e-01 -1.929276e-16
   outer loop
     vertex  2.964188e+00  1.470420e+01  0.000000e+00
     vertex  2.964188e+00  1.470420e+01  1.800000e+01
     vertex  3.366468e+00  1.461735e+01  1.800000e+01
   endloop
 endfacet
 facet normal  1.841461e-01  9.828989e-01 -1.939977e-16
   outer loop
     vertex  2.964188e+00  1.470420e+01  0.000000e+00
     vertex  2.559676e+00  1.477999e+01  1.800000e+01
     vertex  2.964188e+00  1.470420e+01  1.800000e+01
   endloop
 endfacet
 facet normal  1.841461e-01  9.828989e-01 -1.939977e-16
   outer loop
     vertex  2.559676e+00  1.477999e+01  0.000000e+00
     vertex  2.559676e+00  1.477999e+01  1.800000e+01
     vertex  2.964188e+00  1.470420e+01  0.000000e+00
   endloop
 endfacet
 facet normal  1.571119e-01  9.875808e-01 -1.950046e-16
   outer loop
     vertex  2.153238e+00  1.484465e+01  0.000000e+00
     vertex  2.559676e+00  1.477999e+01  1.800000e+01
     vertex  2.559676e+00  1.477999e+01  0.000000e+00
   endloop
 endfacet
 facet normal  1.571119e-01  9.875808e-01 -1.949218e-16
   outer loop
     vertex  2.153238e+00  1.484465e+01  0.000000e+00
     vertex  2.153238e+00  1.484465e+01  1.800000e+01
     vertex  2.559676e+00  1.477999e+01  1.800000e+01
   endloop
 endfacet
 facet normal  1.299594e-01  9.915193e-01 -1.956991e-16
   outer loop
     vertex  2.153238e+00  1.484465e+01  0.000000e+00
     vertex  1.745179e+00  1.489813e+01  1.800000e+01
     vertex  2.153238e+00  1.484465e+01  1.800000e+01
   endloop
 endfacet
 facet normal  1.299594e-01  9.915193e-01 -1.956991e-16
   outer loop
     vertex  1.745179e+00  1.489813e+01  0.000000e+00
     vertex  1.745179e+00  1.489813e+01  1.800000e+01
     vertex  2.153238e+00  1.484465e+01  0.000000e+00
   endloop
 endfacet
 facet normal  1.027091e-01  9.947114e-01 -1.962781e-16
   outer loop
     vertex  1.335806e+00  1.494040e+01  0.000000e+00
     vertex  1.745179e+00  1.489813e+01  1.800000e+01
     vertex  1.745179e+00  1.489813e+01  0.000000e+00
   endloop
 endfacet
 facet normal  1.027091e-01  9.947114e-01 -1.963292e-16
   outer loop
     vertex  1.335806e+00  1.494040e+01  0.000000e+00
     vertex  1.335806e+00  1.494040e+01  1.800000e+01
     vertex  1.745179e+00  1.489813e+01  1.800000e+01
   endloop
 endfacet
 facet normal  7.538152e-02  9.971548e-01 -1.968656e-16
   outer loop
     vertex  9.254272e-01  1.497143e+01  0.000000e+00
     vertex  1.335806e+00  1.494040e+01  1.800000e+01
     vertex  1.335806e+00  1.494040e+01  0.000000e+00
   endloop
 endfacet
 facet normal  7.538152e-02  9.971548e-01 -1.968114e-16
   outer loop
     vertex  9.254272e-01  1.497143e+01  0.000000e+00
     vertex  9.254272e-01  1.497143e+01  1.800000e+01
     vertex  1.335806e+00  1.494040e+01  1.800000e+01
   endloop
 endfacet
 facet normal  4.799716e-02  9.988475e-01 -1.971455e-16
   outer loop
     vertex  9.254272e-01  1.497143e+01  0.000000e+00
     vertex  5.143521e-01  1.499118e+01  1.800000e+01
     vertex  9.254272e-01  1.497143e+01  1.800000e+01
   endloop
 endfacet
 facet normal  4.799716e-02  9.988475e-01 -1.971455e-16
   outer loop
     vertex  5.143521e-01  1.499118e+01  0.000000e+00
     vertex  5.143521e-01  1.499118e+01  1.800000e+01
     vertex  9.254272e-01  1.497143e+01  0.000000e+00
   endloop
 endfacet
 facet normal  2.057667e-02  9.997883e-01 -1.973312e-16
   outer loop
     vertex  1.028898e-01  1.499965e+01  0.000000e+00
     vertex  1.028898e-01  1.499965e+01  1.800000e+01
     vertex  5.143521e-01  1.499118e+01  1.800000e+01
   endloop
 endfacet
 facet normal  2.057667e-02  9.997883e-01 -1.973366e-16
   outer loop
     vertex  1.028898e-01  1.499965e+01  0.000000e+00
     vertex  5.143521e-01  1.499118e+01  1.800000e+01
     vertex  5.143521e-01  1.499118e+01  0.000000e+00
   endloop
 endfacet
 facet normal -6.859319e-03  9.999765e-01 -1.973683e-16
   outer loop
     vertex -3.086500e-01  1.499682e+01  0.000000e+00
     vertex -3.086500e-01  1.499682e+01  1.800000e+01
     vertex  1.028898e-01  1.499965e+01  1.800000e+01
   endloop
 endfacet
 facet normal -6.859319e-03  9.999765e-01 -1.973586e-16
   outer loop
     vertex -3.086500e-01  1.499682e+01  0.000000e+00
     vertex  1.028898e-01  1.499965e+01  1.800000e+01
     vertex  1.028898e-01  1.499965e+01  0.000000e+00
   endloop
 endfacet
 facet normal -3.429014e-02  9.994119e-01 -1.972569e-16
   outer loop
     vertex -7.199574e-01  1.498271e+01  0.000000e+00
     vertex -7.199574e-01  1.498271e+01  1.800000e+01
     vertex -3.086500e-01  1.499682e+01  1.800000e+01
   endloop
 endfacet
 facet normal -3.429014e-02  9.994119e-01 -1.972597e-16
   outer loop
     vertex -7.199574e-01  1.498271e+01  0.000000e+00
     vertex -3.086500e-01  1.499682e+01  1.800000e+01
     vertex -3.086500e-01  1.499682e+01  0.000000e+00
   endloop
 endfacet
 facet normal -6.169515e-02  9.980950e-01 -1.969970e-16
   outer loop
     vertex -1.130723e+00  1.495732e+01  0.000000e+00
     vertex -1.130723e+00  1.495732e+01  1.800000e+01
     vertex -7.199574e-01  1.498271e+01  1.800000e+01
   endloop
 endfacet
 facet normal -6.169515e-02  9.980950e-01 -1.968942e-16
   outer loop
     vertex -1.130723e+00  1.495732e+01  0.000000e+00
     vertex -7.199574e-01  1.498271e+01  1.800000e+01
     vertex -7.199574e-01  1.498271e+01  0.000000e+00
   endloop
 endfacet
 facet normal -8.905371e-02  9.960268e-01 -1.965077e-16
   outer loop
     vertex -1.540637e+00  1.492067e+01  0.000000e+00
     vertex -1.130723e+00  1.495732e+01  1.800000e+01
     vertex -1.130723e+00  1.495732e+01  0.000000e+00
   endloop
 endfacet
 facet normal -8.905371e-02  9.960268e-01 -1.965888e-16
   outer loop
     vertex -1.540637e+00  1.492067e+01  0.000000e+00
     vertex -1.540637e+00  1.492067e+01  1.800000e+01
     vertex -1.130723e+00  1.495732e+01  1.800000e+01
   endloop
 endfacet
 facet normal -1.163452e-01  9.932088e-01 -1.958640e-16
   outer loop
     vertex -1.949392e+00  1.487279e+01  0.000000e+00
     vertex -1.540637e+00  1.492067e+01  1.800000e+01
     vertex -1.540637e+00  1.492067e+01  0.000000e+00
   endloop
 endfacet
 facet normal -1.163452e-01  9.932088e-01 -1.960326e-16
   outer loop
     vertex -1.949392e+00  1.487279e+01  0.000000e+00
     vertex -1.949392e+00  1.487279e+01  1.800000e+01
     vertex -1.540637e+00  1.492067e+01  1.800000e+01
   endloop
 endfacet
 facet normal -1.435492e-01  9.896432e-01 -1.953288e-16
   outer loop
     vertex -1.949392e+00  1.487279e+01  0.000000e+00
     vertex -2.356679e+00  1.481371e+01  1.800000e+01
     vertex -1.949392e+00  1.487279e+01  1.800000e+01
   endloop
 endfacet
 facet normal -1.435492e-01  9.896432e-01 -1.953288e-16
   outer loop
     vertex -2.356679e+00  1.481371e+01  0.000000e+00
     vertex -2.356679e+00  1.481371e+01  1.800000e+01
     vertex -1.949392e+00  1.487279e+01  0.000000e+00
   endloop
 endfacet
 facet normal -1.706451e-01  9.853326e-01 -1.946929e-16
   outer loop
     vertex -2.762192e+00  1.474348e+01  0.000000e+00
     vertex -2.356679e+00  1.481371e+01  1.800000e+01
     vertex -2.356679e+00  1.481371e+01  0.000000e+00
   endloop
 endfacet
 facet normal -1.706451e-01  9.853326e-01 -1.944780e-16
   outer loop
     vertex -2.762192e+00  1.474348e+01  0.000000e+00
     vertex -2.762192e+00  1.474348e+01  1.800000e+01
     vertex -2.356679e+00  1.481371e+01  1.800000e+01
   endloop
 endfacet
 facet normal -1.976125e-01  9.802802e-01 -1.934808e-16
   outer loop
     vertex -2.762192e+00  1.474348e+01  0.000000e+00
     vertex -3.165626e+00  1.466216e+01  1.800000e+01
     vertex -2.762192e+00  1.474348e+01  1.800000e+01
   endloop
 endfacet
 facet normal -1.976125e-01  9.802802e-01 -1.934808e-16
   outer loop
     vertex -3.165626e+00  1.466216e+01  0.000000e+00
     vertex -3.165626e+00  1.466216e+01  1.800000e+01
     vertex -2.762192e+00  1.474348e+01  0.000000e+00
   endloop
 endfacet
 facet normal -2.244312e-01  9.744899e-01 -1.923380e-16
   outer loop
     vertex -3.165626e+00  1.466216e+01  0.000000e+00
     vertex -3.566676e+00  1.456979e+01  1.800000e+01
     vertex -3.165626e+00  1.466216e+01  1.800000e+01
   endloop
 endfacet
 facet normal -2.244312e-01  9.744899e-01 -1.923380e-16
   outer loop
     vertex -3.566676e+00  1.456979e+01  0.000000e+00
     vertex -3.566676e+00  1.456979e+01  1.800000e+01
     vertex -3.165626e+00  1.466216e+01  0.000000e+00
   endloop
 endfacet
 facet normal -2.510809e-01  9.679661e-01 -1.912630e-16
   outer loop
     vertex -3.965042e+00  1.446646e+01  0.000000e+00
     vertex -3.566676e+00  1.456979e+01  1.800000e+01
     vertex -3.566676e+00  1.456979e+01  0.000000e+00
   endloop
 endfacet
 facet normal -2.510809e-01  9.679661e-01 -1.910504e-16
   outer loop
     vertex -3.965042e+00  1.446646e+01  0.000000e+00
     vertex -3.965042e+00  1.446646e+01  1.800000e+01
     vertex -3.566676e+00  1.456979e+01  1.800000e+01
   endloop
 endfacet
 facet normal -2.775416e-01  9.607136e-01 -1.894549e-16
   outer loop
     vertex -4.360424e+00  1.435224e+01  0.000000e+00
     vertex -3.965042e+00  1.446646e+01  1.800000e+01
     vertex -3.965042e+00  1.446646e+01  0.000000e+00
   endloop
 endfacet
 facet normal -2.775416e-01  9.607136e-01 -1.896189e-16
   outer loop
     vertex -4.360424e+00  1.435224e+01  0.000000e+00
     vertex -4.360424e+00  1.435224e+01  1.800000e+01
     vertex -3.965042e+00  1.446646e+01  1.800000e+01
   endloop
 endfacet
 facet normal -3.037934e-01  9.527379e-01 -1.880447e-16
   outer loop
     vertex -4.360424e+00  1.435224e+01  0.000000e+00
     vertex -4.752522e+00  1.422721e+01  1.800000e+01
     vertex -4.360424e+00  1.435224e+01  1.800000e+01
   endloop
 endfacet
 facet normal -3.037934e-01  9.527379e-01 -1.880447e-16
   outer loop
     vertex -4.752522e+00  1.422721e+01  0.000000e+00
     vertex -4.752522e+00  1.422721e+01  1.800000e+01
     vertex -4.360424e+00  1.435224e+01  0.000000e+00
   endloop
 endfacet
 facet normal -3.298166e-01  9.440450e-01 -1.865857e-16
   outer loop
     vertex -5.141043e+00  1.409148e+01  0.000000e+00
     vertex -4.752522e+00  1.422721e+01  1.800000e+01
     vertex -4.752522e+00  1.422721e+01  0.000000e+00
   endloop
 endfacet
 facet normal -3.298166e-01  9.440450e-01 -1.863290e-16
   outer loop
     vertex -5.141043e+00  1.409148e+01  0.000000e+00
     vertex -5.141043e+00  1.409148e+01  1.800000e+01
     vertex -4.752522e+00  1.422721e+01  1.800000e+01
   endloop
 endfacet
 facet normal -3.555914e-01  9.346415e-01 -1.844730e-16
   outer loop
     vertex -5.141043e+00  1.409148e+01  0.000000e+00
     vertex -5.525695e+00  1.394513e+01  1.800000e+01
     vertex -5.141043e+00  1.409148e+01  1.800000e+01
   endloop
 endfacet
 facet normal -3.555914e-01  9.346415e-01 -1.844730e-16
   outer loop
     vertex -5.525695e+00  1.394513e+01  0.000000e+00
     vertex -5.525695e+00  1.394513e+01  1.800000e+01
     vertex -5.141043e+00  1.409148e+01  0.000000e+00
   endloop
 endfacet
 facet normal -3.810986e-01  9.245344e-01 -1.823840e-16
   outer loop
     vertex -5.906186e+00  1.378829e+01  0.000000e+00
     vertex -5.525695e+00  1.394513e+01  1.800000e+01
     vertex -5.525695e+00  1.394513e+01  0.000000e+00
   endloop
 endfacet
 facet normal -3.810986e-01  9.245344e-01 -1.824781e-16
   outer loop
     vertex -5.906186e+00  1.378829e+01  0.000000e+00
     vertex -5.906186e+00  1.378829e+01  1.800000e+01
     vertex -5.525695e+00  1.394513e+01  1.800000e+01
   endloop
 endfacet
 facet normal -4.063188e-01  9.137314e-01 -1.803459e-16
   outer loop
     vertex -6.282232e+00  1.362107e+01  0.000000e+00
     vertex -6.282232e+00  1.362107e+01  1.800000e+01
     vertex -5.906186e+00  1.378829e+01  1.800000e+01
   endloop
 endfacet
 facet normal -4.063188e-01  9.137314e-01 -1.802849e-16
   outer loop
     vertex -6.282232e+00  1.362107e+01  0.000000e+00
     vertex -5.906186e+00  1.378829e+01  1.800000e+01
     vertex -5.906186e+00  1.378829e+01  0.000000e+00
   endloop
 endfacet
 facet normal -4.312333e-01  9.022405e-01 -1.780779e-16
   outer loop
     vertex -6.653549e+00  1.344360e+01  0.000000e+00
     vertex -6.653549e+00  1.344360e+01  1.800000e+01
     vertex -6.282232e+00  1.362107e+01  1.800000e+01
   endloop
 endfacet
 facet normal -4.312333e-01  9.022405e-01 -1.786138e-16
   outer loop
     vertex -6.653549e+00  1.344360e+01  0.000000e+00
     vertex -6.282232e+00  1.362107e+01  1.800000e+01
     vertex -6.282232e+00  1.362107e+01  0.000000e+00
   endloop
 endfacet
 facet normal -4.558231e-01  8.900704e-01 -1.756759e-16
   outer loop
     vertex -7.019857e+00  1.325600e+01  0.000000e+00
     vertex -7.019857e+00  1.325600e+01  1.800000e+01
     vertex -6.653549e+00  1.344360e+01  1.800000e+01
   endloop
 endfacet
 facet normal -4.558231e-01  8.900704e-01 -1.759655e-16
   outer loop
     vertex -7.019857e+00  1.325600e+01  0.000000e+00
     vertex -6.653549e+00  1.344360e+01  1.800000e+01
     vertex -6.653549e+00  1.344360e+01  0.000000e+00
   endloop
 endfacet
 facet normal -4.800697e-01  8.772303e-01 -1.731416e-16
   outer loop
     vertex -7.380880e+00  1.305843e+01  0.000000e+00
     vertex -7.380880e+00  1.305843e+01  1.800000e+01
     vertex -7.019857e+00  1.325600e+01  1.800000e+01
   endloop
 endfacet
 facet normal -4.800697e-01  8.772303e-01 -1.737688e-16
   outer loop
     vertex -7.380880e+00  1.305843e+01  0.000000e+00
     vertex -7.019857e+00  1.325600e+01  1.800000e+01
     vertex -7.019857e+00  1.325600e+01  0.000000e+00
   endloop
 endfacet
 facet normal -5.039550e-01  8.637299e-01 -1.704769e-16
   outer loop
     vertex -7.736348e+00  1.285103e+01  0.000000e+00
     vertex -7.736348e+00  1.285103e+01  1.800000e+01
     vertex -7.380880e+00  1.305843e+01  1.800000e+01
   endloop
 endfacet
 facet normal -5.039550e-01  8.637299e-01 -1.696355e-16
   outer loop
     vertex -7.736348e+00  1.285103e+01  0.000000e+00
     vertex -7.380880e+00  1.305843e+01  1.800000e+01
     vertex -7.380880e+00  1.305843e+01  0.000000e+00
   endloop
 endfacet
 facet normal -5.274609e-01  8.495793e-01 -1.676840e-16
   outer loop
     vertex -8.085992e+00  1.263395e+01  0.000000e+00
     vertex -8.085992e+00  1.263395e+01  1.800000e+01
     vertex -7.736348e+00  1.285103e+01  1.800000e+01
   endloop
 endfacet
 facet normal -5.274609e-01  8.495793e-01 -1.674502e-16
   outer loop
     vertex -8.085992e+00  1.263395e+01  0.000000e+00
     vertex -7.736348e+00  1.285103e+01  1.800000e+01
     vertex -7.736348e+00  1.285103e+01  0.000000e+00
   endloop
 endfacet
 facet normal -5.505698e-01  8.347891e-01 -1.647648e-16
   outer loop
     vertex -8.429549e+00  1.240737e+01  0.000000e+00
     vertex -8.429549e+00  1.240737e+01  1.800000e+01
     vertex -8.085992e+00  1.263395e+01  1.800000e+01
   endloop
 endfacet
 facet normal -5.505698e-01  8.347891e-01 -1.643730e-16
   outer loop
     vertex -8.429549e+00  1.240737e+01  0.000000e+00
     vertex -8.085992e+00  1.263395e+01  1.800000e+01
     vertex -8.085992e+00  1.263395e+01  0.000000e+00
   endloop
 endfacet
 facet normal -5.732642e-01  8.193706e-01 -1.617216e-16
   outer loop
     vertex -8.766760e+00  1.217144e+01  0.000000e+00
     vertex -8.766760e+00  1.217144e+01  1.800000e+01
     vertex -8.429549e+00  1.240737e+01  1.800000e+01
   endloop
 endfacet
 facet normal -5.732642e-01  8.193706e-01 -1.611756e-16
   outer loop
     vertex -8.766760e+00  1.217144e+01  0.000000e+00
     vertex -8.429549e+00  1.240737e+01  1.800000e+01
     vertex -8.429549e+00  1.240737e+01  0.000000e+00
   endloop
 endfacet
 facet normal -5.955271e-01  8.033352e-01 -1.585567e-16
   outer loop
     vertex -9.097372e+00  1.192635e+01  0.000000e+00
     vertex -9.097372e+00  1.192635e+01  1.800000e+01
     vertex -8.766760e+00  1.217144e+01  1.800000e+01
   endloop
 endfacet
 facet normal -6.173417e-01  7.866951e-01 -1.552724e-16
   outer loop
     vertex -9.097372e+00  1.192635e+01  0.000000e+00
     vertex -9.421136e+00  1.167228e+01  1.800000e+01
     vertex -9.097372e+00  1.192635e+01  1.800000e+01
   endloop
 endfacet
 facet normal -5.955271e-01  8.033352e-01 -1.593919e-16
   outer loop
     vertex -9.097372e+00  1.192635e+01  0.000000e+00
     vertex -8.766760e+00  1.217144e+01  1.800000e+01
     vertex -8.766760e+00  1.217144e+01  0.000000e+00
   endloop
 endfacet
 facet normal -6.173417e-01  7.866951e-01 -1.552724e-16
   outer loop
     vertex -9.421136e+00  1.167228e+01  0.000000e+00
     vertex -9.421136e+00  1.167228e+01  1.800000e+01
     vertex -9.097372e+00  1.192635e+01  0.000000e+00
   endloop
 endfacet
 facet normal -6.386916e-01  7.694628e-01 -1.518712e-16
   outer loop
     vertex -9.737808e+00  1.140943e+01  0.000000e+00
     vertex -9.737808e+00  1.140943e+01  1.800000e+01
     vertex -9.421136e+00  1.167228e+01  1.800000e+01
   endloop
 endfacet
 facet normal -6.386916e-01  7.694628e-01 -1.518863e-16
   outer loop
     vertex -9.737808e+00  1.140943e+01  0.000000e+00
     vertex -9.421136e+00  1.167228e+01  1.800000e+01
     vertex -9.421136e+00  1.167228e+01  0.000000e+00
   endloop
 endfacet
 facet normal -6.595607e-01  7.516513e-01 -1.483557e-16
   outer loop
     vertex -1.004715e+01  1.113799e+01  0.000000e+00
     vertex -1.004715e+01  1.113799e+01  1.800000e+01
     vertex -9.737808e+00  1.140943e+01  1.800000e+01
   endloop
 endfacet
 facet normal -6.595607e-01  7.516513e-01 -1.485747e-16
   outer loop
     vertex -1.004715e+01  1.113799e+01  0.000000e+00
     vertex -9.737808e+00  1.140943e+01  1.800000e+01
     vertex -9.737808e+00  1.140943e+01  0.000000e+00
   endloop
 endfacet
 facet normal -6.799333e-01  7.332740e-01 -1.447285e-16
   outer loop
     vertex -1.034893e+01  1.085816e+01  0.000000e+00
     vertex -1.034893e+01  1.085816e+01  1.800000e+01
     vertex -1.004715e+01  1.113799e+01  1.800000e+01
   endloop
 endfacet
 facet normal -6.799333e-01  7.332740e-01 -1.446148e-16
   outer loop
     vertex -1.034893e+01  1.085816e+01  0.000000e+00
     vertex -1.004715e+01  1.113799e+01  1.800000e+01
     vertex -1.004715e+01  1.113799e+01  0.000000e+00
   endloop
 endfacet
 facet normal -6.997940e-01  7.143447e-01 -1.409923e-16
   outer loop
     vertex -1.064292e+01  1.057016e+01  0.000000e+00
     vertex -1.064292e+01  1.057016e+01  1.800000e+01
     vertex -1.034893e+01  1.085816e+01  1.800000e+01
   endloop
 endfacet
 facet normal -6.997940e-01  7.143447e-01 -1.413319e-16
   outer loop
     vertex -1.064292e+01  1.057016e+01  0.000000e+00
     vertex -1.034893e+01  1.085816e+01  1.800000e+01
     vertex -1.034893e+01  1.085816e+01  0.000000e+00
   endloop
 endfacet
 facet normal -7.191280e-01  6.948776e-01 -1.373406e-16
   outer loop
     vertex -1.092889e+01  1.027421e+01  0.000000e+00
     vertex -1.064292e+01  1.057016e+01  1.800000e+01
     vertex -1.064292e+01  1.057016e+01  0.000000e+00
   endloop
 endfacet
 facet normal -7.191280e-01  6.948776e-01 -1.371501e-16
   outer loop
     vertex -1.092889e+01  1.027421e+01  0.000000e+00
     vertex -1.092889e+01  1.027421e+01  1.800000e+01
     vertex -1.064292e+01  1.057016e+01  1.800000e+01
   endloop
 endfacet
 facet normal -7.379206e-01  6.748875e-01 -1.334578e-16
   outer loop
     vertex -1.120664e+01  9.970515e+00  0.000000e+00
     vertex -1.092889e+01  1.027421e+01  1.800000e+01
     vertex -1.092889e+01  1.027421e+01  0.000000e+00
   endloop
 endfacet
 facet normal -7.379206e-01  6.748875e-01 -1.332046e-16
   outer loop
     vertex -1.120664e+01  9.970515e+00  0.000000e+00
     vertex -1.120664e+01  9.970515e+00  1.800000e+01
     vertex -1.092889e+01  1.027421e+01  1.800000e+01
   endloop
 endfacet
 facet normal -7.561578e-01  6.543893e-01 -1.286263e-16
   outer loop
     vertex -1.147596e+01  9.659318e+00  0.000000e+00
     vertex -1.120664e+01  9.970515e+00  1.800000e+01
     vertex -1.120664e+01  9.970515e+00  0.000000e+00
   endloop
 endfacet
 facet normal -7.561578e-01  6.543893e-01 -1.291588e-16
   outer loop
     vertex -1.147596e+01  9.659318e+00  0.000000e+00
     vertex -1.147596e+01  9.659318e+00  1.800000e+01
     vertex -1.120664e+01  9.970515e+00  1.800000e+01
   endloop
 endfacet
 facet normal -7.738257e-01  6.333986e-01 -1.250158e-16
   outer loop
     vertex -1.147596e+01  9.659318e+00  0.000000e+00
     vertex -1.173663e+01  9.340851e+00  1.800000e+01
     vertex -1.147596e+01  9.659318e+00  1.800000e+01
   endloop
 endfacet
 facet normal -7.909112e-01  6.119310e-01 -1.207786e-16
   outer loop
     vertex -1.173663e+01  9.340851e+00  0.000000e+00
     vertex -1.198847e+01  9.015352e+00  1.800000e+01
     vertex -1.173663e+01  9.340851e+00  1.800000e+01
   endloop
 endfacet
 facet normal -7.738257e-01  6.333986e-01 -1.250158e-16
   outer loop
     vertex -1.173663e+01  9.340851e+00  0.000000e+00
     vertex -1.173663e+01  9.340851e+00  1.800000e+01
     vertex -1.147596e+01  9.659318e+00  0.000000e+00
   endloop
 endfacet
 facet normal -7.909112e-01  6.119310e-01 -1.207786e-16
   outer loop
     vertex -1.198847e+01  9.015352e+00  0.000000e+00
     vertex -1.198847e+01  9.015352e+00  1.800000e+01
     vertex -1.173663e+01  9.340851e+00  0.000000e+00
   endloop
 endfacet
 facet normal -8.074012e-01  5.900028e-01 -1.164506e-16
   outer loop
     vertex -1.223129e+01  8.683066e+00  0.000000e+00
     vertex -1.223129e+01  8.683066e+00  1.800000e+01
     vertex -1.198847e+01  9.015352e+00  1.800000e+01
   endloop
 endfacet
 facet normal -8.074012e-01  5.900028e-01 -1.164297e-16
   outer loop
     vertex -1.223129e+01  8.683066e+00  0.000000e+00
     vertex -1.198847e+01  9.015352e+00  1.800000e+01
     vertex -1.198847e+01  9.015352e+00  0.000000e+00
   endloop
 endfacet
 facet normal -8.232835e-01  5.676304e-01 -1.120349e-16
   outer loop
     vertex -1.246489e+01  8.344244e+00  0.000000e+00
     vertex -1.246489e+01  8.344244e+00  1.800000e+01
     vertex -1.223129e+01  8.683066e+00  1.800000e+01
   endloop
 endfacet
 facet normal -8.232835e-01  5.676304e-01 -1.127017e-16
   outer loop
     vertex -1.246489e+01  8.344244e+00  0.000000e+00
     vertex -1.223129e+01  8.683066e+00  1.800000e+01
     vertex -1.223129e+01  8.683066e+00  0.000000e+00
   endloop
 endfacet
 facet normal -8.385460e-01  5.448308e-01 -1.075349e-16
   outer loop
     vertex -1.268912e+01  7.999141e+00  0.000000e+00
     vertex -1.268912e+01  7.999141e+00  1.800000e+01
     vertex -1.246489e+01  8.344244e+00  1.800000e+01
   endloop
 endfacet
 facet normal -8.385460e-01  5.448308e-01 -1.084382e-16
   outer loop
     vertex -1.268912e+01  7.999141e+00  0.000000e+00
     vertex -1.246489e+01  8.344244e+00  1.800000e+01
     vertex -1.246489e+01  8.344244e+00  0.000000e+00
   endloop
 endfacet
 facet normal -8.531773e-01  5.216210e-01 -1.286924e-16
   outer loop
     vertex -1.290379e+01  7.648016e+00  0.000000e+00
     vertex -1.290379e+01  7.648016e+00  1.800000e+01
     vertex -1.268912e+01  7.999141e+00  1.800000e+01
   endloop
 endfacet
 facet normal -8.671664e-01  4.980186e-01 -1.228693e-16
   outer loop
     vertex -1.290379e+01  7.648016e+00  0.000000e+00
     vertex -1.310875e+01  7.291135e+00  1.800000e+01
     vertex -1.290379e+01  7.648016e+00  1.800000e+01
   endloop
 endfacet
 facet normal -8.531773e-01  5.216210e-01 -1.036980e-16
   outer loop
     vertex -1.290379e+01  7.648016e+00  0.000000e+00
     vertex -1.268912e+01  7.999141e+00  1.800000e+01
     vertex -1.268912e+01  7.999141e+00  0.000000e+00
   endloop
 endfacet
 facet normal -8.671664e-01  4.980186e-01 -9.829541e-17
   outer loop
     vertex -1.310875e+01  7.291135e+00  0.000000e+00
     vertex -1.310875e+01  7.291135e+00  1.800000e+01
     vertex -1.290379e+01  7.648016e+00  0.000000e+00
   endloop
 endfacet
 facet normal -8.805026e-01  4.740412e-01 -9.356293e-17
   outer loop
     vertex -1.330384e+01  6.928764e+00  0.000000e+00
     vertex -1.330384e+01  6.928764e+00  1.800000e+01
     vertex -1.310875e+01  7.291135e+00  1.800000e+01
   endloop
 endfacet
 facet normal -8.805026e-01  4.740412e-01 -9.387048e-17
   outer loop
     vertex -1.330384e+01  6.928764e+00  0.000000e+00
     vertex -1.310875e+01  7.291135e+00  1.800000e+01
     vertex -1.310875e+01  7.291135e+00  0.000000e+00
   endloop
 endfacet
 facet normal -8.931761e-01  4.497071e-01 -1.109500e-16
   outer loop
     vertex -1.348892e+01  6.561178e+00  0.000000e+00
     vertex -1.348892e+01  6.561178e+00  1.800000e+01
     vertex -1.330384e+01  6.928764e+00  1.800000e+01
   endloop
 endfacet
 facet normal -8.931761e-01  4.497071e-01 -8.824775e-17
   outer loop
     vertex -1.348892e+01  6.561178e+00  0.000000e+00
     vertex -1.330384e+01  6.928764e+00  1.800000e+01
     vertex -1.330384e+01  6.928764e+00  0.000000e+00
   endloop
 endfacet
 facet normal -9.051772e-01  4.250344e-01 -8.389030e-17
   outer loop
     vertex -1.366384e+01  6.188653e+00  0.000000e+00
     vertex -1.366384e+01  6.188653e+00  1.800000e+01
     vertex -1.348892e+01  6.561178e+00  1.800000e+01
   endloop
 endfacet
 facet normal -9.051772e-01  4.250344e-01 -1.053625e-16
   outer loop
     vertex -1.366384e+01  6.188653e+00  0.000000e+00
     vertex -1.348892e+01  6.561178e+00  1.800000e+01
     vertex -1.348892e+01  6.561178e+00  0.000000e+00
   endloop
 endfacet
 facet normal -9.164969e-01  4.000417e-01 -9.869678e-17
   outer loop
     vertex -1.382848e+01  5.811469e+00  0.000000e+00
     vertex -1.382848e+01  5.811469e+00  1.800000e+01
     vertex -1.366384e+01  6.188653e+00  1.800000e+01
   endloop
 endfacet
 facet normal -9.164969e-01  4.000417e-01 -7.908292e-17
   outer loop
     vertex -1.382848e+01  5.811469e+00  0.000000e+00
     vertex -1.366384e+01  6.188653e+00  1.800000e+01
     vertex -1.366384e+01  6.188653e+00  0.000000e+00
   endloop
 endfacet
 facet normal -9.271267e-01  3.747479e-01 -7.396511e-17
   outer loop
     vertex -1.398271e+01  5.429911e+00  0.000000e+00
     vertex -1.398271e+01  5.429911e+00  1.800000e+01
     vertex -1.382848e+01  5.811469e+00  1.800000e+01
   endloop
 endfacet
 facet normal -9.271267e-01  3.747479e-01 -9.289162e-17
   outer loop
     vertex -1.398271e+01  5.429911e+00  0.000000e+00
     vertex -1.382848e+01  5.811469e+00  1.800000e+01
     vertex -1.382848e+01  5.811469e+00  0.000000e+00
   endloop
 endfacet
 facet normal -9.370586e-01  3.491720e-01 -6.891713e-17
   outer loop
     vertex -1.412641e+01  5.044265e+00  0.000000e+00
     vertex -1.412641e+01  5.044265e+00  1.800000e+01
     vertex -1.398271e+01  5.429911e+00  1.800000e+01
   endloop
 endfacet
 facet normal -9.370586e-01  3.491720e-01 -6.900321e-17
   outer loop
     vertex -1.412641e+01  5.044265e+00  0.000000e+00
     vertex -1.398271e+01  5.429911e+00  1.800000e+01
     vertex -1.398271e+01  5.429911e+00  0.000000e+00
   endloop
 endfacet
 facet normal -9.462851e-01  3.233333e-01 -6.381726e-17
   outer loop
     vertex -1.425948e+01  4.654822e+00  0.000000e+00
     vertex -1.425948e+01  4.654822e+00  1.800000e+01
     vertex -1.412641e+01  5.044265e+00  1.800000e+01
   endloop
 endfacet
 facet normal -9.547993e-01  2.972512e-01 -5.866935e-17
   outer loop
     vertex -1.425948e+01  4.654822e+00  0.000000e+00
     vertex -1.438181e+01  4.261874e+00  1.800000e+01
     vertex -1.425948e+01  4.654822e+00  1.800000e+01
   endloop
 endfacet
 facet normal -9.462851e-01  3.233333e-01 -6.362409e-17
   outer loop
     vertex -1.425948e+01  4.654822e+00  0.000000e+00
     vertex -1.412641e+01  5.044265e+00  1.800000e+01
     vertex -1.412641e+01  5.044265e+00  0.000000e+00
   endloop
 endfacet
 facet normal -9.547993e-01  2.972512e-01 -7.333669e-17
   outer loop
     vertex -1.438181e+01  4.261874e+00  0.000000e+00
     vertex -1.438181e+01  4.261874e+00  1.800000e+01
     vertex -1.425948e+01  4.654822e+00  0.000000e+00
   endloop
 endfacet
 facet normal -9.625948e-01  2.709453e-01 -6.016194e-17
   outer loop
     vertex -1.449332e+01  3.865719e+00  0.000000e+00
     vertex -1.449332e+01  3.865719e+00  1.800000e+01
     vertex -1.438181e+01  4.261874e+00  1.800000e+01
   endloop
 endfacet
 facet normal -9.625948e-01  2.709453e-01 -6.710170e-17
   outer loop
     vertex -1.449332e+01  3.865719e+00  0.000000e+00
     vertex -1.438181e+01  4.261874e+00  1.800000e+01
     vertex -1.438181e+01  4.261874e+00  0.000000e+00
   endloop
 endfacet
 facet normal -9.696656e-01  2.444354e-01 -5.427557e-17
   outer loop
     vertex -1.459391e+01  3.466654e+00  0.000000e+00
     vertex -1.459391e+01  3.466654e+00  1.800000e+01
     vertex -1.449332e+01  3.865719e+00  1.800000e+01
   endloop
 endfacet
 facet normal -9.760065e-01  2.177416e-01 -4.834834e-17
   outer loop
     vertex -1.459391e+01  3.466654e+00  0.000000e+00
     vertex -1.468352e+01  3.064979e+00  1.800000e+01
     vertex -1.459391e+01  3.466654e+00  1.800000e+01
   endloop
 endfacet
 facet normal -9.696656e-01  2.444354e-01 -5.420098e-17
   outer loop
     vertex -1.459391e+01  3.466654e+00  0.000000e+00
     vertex -1.449332e+01  3.865719e+00  1.800000e+01
     vertex -1.449332e+01  3.865719e+00  0.000000e+00
   endloop
 endfacet
 facet normal -9.760065e-01  2.177416e-01 -4.834834e-17
   outer loop
     vertex -1.468352e+01  3.064979e+00  0.000000e+00
     vertex -1.468352e+01  3.064979e+00  1.800000e+01
     vertex -1.459391e+01  3.466654e+00  0.000000e+00
   endloop
 endfacet
 facet normal -9.816126e-01  1.908838e-01 -4.238472e-17
   outer loop
     vertex -1.476208e+01  2.660997e+00  0.000000e+00
     vertex -1.476208e+01  2.660997e+00  1.800000e+01
     vertex -1.468352e+01  3.064979e+00  1.800000e+01
   endloop
 endfacet
 facet normal -9.816126e-01  1.908838e-01 -4.275099e-17
   outer loop
     vertex -1.476208e+01  2.660997e+00  0.000000e+00
     vertex -1.468352e+01  3.064979e+00  1.800000e+01
     vertex -1.468352e+01  3.064979e+00  0.000000e+00
   endloop
 endfacet
 facet normal -9.864799e-01  1.638824e-01 -3.638919e-17
   outer loop
     vertex -1.482953e+01  2.255011e+00  0.000000e+00
     vertex -1.482953e+01  2.255011e+00  1.800000e+01
     vertex -1.476208e+01  2.660997e+00  1.800000e+01
   endloop
 endfacet
 facet normal -9.864799e-01  1.638824e-01 -3.622876e-17
   outer loop
     vertex -1.482953e+01  2.255011e+00  0.000000e+00
     vertex -1.476208e+01  2.660997e+00  1.800000e+01
     vertex -1.476208e+01  2.660997e+00  0.000000e+00
   endloop
 endfacet
 facet normal -9.906046e-01  1.367575e-01 -3.036627e-17
   outer loop
     vertex -1.488581e+01  1.847329e+00  0.000000e+00
     vertex -1.488581e+01  1.847329e+00  1.800000e+01
     vertex -1.482953e+01  2.255011e+00  1.800000e+01
   endloop
 endfacet
 facet normal -9.906046e-01  1.367575e-01 -3.027770e-17
   outer loop
     vertex -1.488581e+01  1.847329e+00  0.000000e+00
     vertex -1.482953e+01  2.255011e+00  1.800000e+01
     vertex -1.482953e+01  2.255011e+00  0.000000e+00
   endloop
 endfacet
 facet normal -9.939835e-01  1.095298e-01 -2.450272e-17
   outer loop
     vertex -1.493089e+01  1.438255e+00  0.000000e+00
     vertex -1.488581e+01  1.847329e+00  1.800000e+01
     vertex -1.488581e+01  1.847329e+00  0.000000e+00
   endloop
 endfacet
 facet normal -9.939835e-01  1.095298e-01 -2.432049e-17
   outer loop
     vertex -1.493089e+01  1.438255e+00  0.000000e+00
     vertex -1.493089e+01  1.438255e+00  1.800000e+01
     vertex -1.488581e+01  1.847329e+00  1.800000e+01
   endloop
 endfacet
 facet normal -9.966142e-01  8.221955e-02 -1.818109e-17
   outer loop
     vertex -1.496473e+01  1.028099e+00  0.000000e+00
     vertex -1.493089e+01  1.438255e+00  1.800000e+01
     vertex -1.493089e+01  1.438255e+00  0.000000e+00
   endloop
 endfacet
 facet normal -9.966142e-01  8.221955e-02 -1.825641e-17
   outer loop
     vertex -1.496473e+01  1.028099e+00  0.000000e+00
     vertex -1.496473e+01  1.028099e+00  1.800000e+01
     vertex -1.493089e+01  1.438255e+00  1.800000e+01
   endloop
 endfacet
 facet normal -9.984947e-01  5.484744e-02 -1.206339e-17
   outer loop
     vertex -1.498730e+01  6.171693e-01  0.000000e+00
     vertex -1.496473e+01  1.028099e+00  1.800000e+01
     vertex -1.496473e+01  1.028099e+00  0.000000e+00
   endloop
 endfacet
 facet normal -9.984947e-01  5.484744e-02 -1.217858e-17
   outer loop
     vertex -1.498730e+01  6.171693e-01  0.000000e+00
     vertex -1.498730e+01  6.171693e-01  1.800000e+01
     vertex -1.496473e+01  1.028099e+00  1.800000e+01
   endloop
 endfacet
 facet normal -9.996236e-01  2.743405e-02 -6.080126e-18
   outer loop
     vertex -1.499859e+01  2.057747e-01  0.000000e+00
     vertex -1.498730e+01  6.171693e-01  1.800000e+01
     vertex -1.498730e+01  6.171693e-01  0.000000e+00
   endloop
 endfacet
 facet normal -9.996236e-01  2.743405e-02 -6.091582e-18
   outer loop
     vertex -1.499859e+01  2.057747e-01  0.000000e+00
     vertex -1.499859e+01  2.057747e-01  1.800000e+01
     vertex -1.498730e+01  6.171693e-01  1.800000e+01
   endloop
 endfacet
 facet normal -1.000000e+00 -4.316266e-15  9.584036e-31
   outer loop
     vertex -1.499859e+01 -2.057747e-01  0.000000e+00
     vertex -1.499859e+01  2.057747e-01  1.800000e+01
     vertex -1.499859e+01  2.057747e-01  0.000000e+00
   endloop
 endfacet
 facet normal -1.000000e+00 -4.316266e-15  9.584036e-31
   outer loop
     vertex -1.499859e+01 -2.057747e-01  0.000000e+00
     vertex -1.499859e+01 -2.057747e-01  1.800000e+01
     vertex -1.499859e+01  2.057747e-01  1.800000e+01
   endloop
 endfacet
 facet normal -9.996236e-01 -2.743405e-02  6.101969e-18
   outer loop
     vertex -1.498730e+01 -6.171693e-01  0.000000e+00
     vertex -1.499859e+01 -2.057747e-01  1.800000e+01
     vertex -1.499859e+01 -2.057747e-01  0.000000e+00
   endloop
 endfacet
 facet normal -9.996236e-01 -2.743405e-02  6.091582e-18
   outer loop
     vertex -1.498730e+01 -6.171693e-01  0.000000e+00
     vertex -1.498730e+01 -6.171693e-01  1.800000e+01
     vertex -1.499859e+01 -2.057747e-01  1.800000e+01
   endloop
 endfacet
 facet normal -9.984947e-01 -5.484744e-02  1.217858e-17
   outer loop
     vertex -1.498730e+01 -6.171693e-01  0.000000e+00
     vertex -1.496473e+01 -1.028099e+00  1.800000e+01
     vertex -1.498730e+01 -6.171693e-01  1.800000e+01
   endloop
 endfacet
 facet normal -9.984947e-01 -5.484744e-02  1.217858e-17
   outer loop
     vertex -1.496473e+01 -1.028099e+00  0.000000e+00
     vertex -1.496473e+01 -1.028099e+00  1.800000e+01
     vertex -1.498730e+01 -6.171693e-01  0.000000e+00
   endloop
 endfacet
 facet normal -9.966142e-01 -8.221955e-02  1.818119e-17
   outer loop
     vertex -1.493089e+01 -1.438255e+00  0.000000e+00
     vertex -1.496473e+01 -1.028099e+00  1.800000e+01
     vertex -1.496473e+01 -1.028099e+00  0.000000e+00
   endloop
 endfacet
 facet normal -9.966142e-01 -8.221955e-02  1.825641e-17
   outer loop
     vertex -1.493089e+01 -1.438255e+00  0.000000e+00
     vertex -1.493089e+01 -1.438255e+00  1.800000e+01
     vertex -1.496473e+01 -1.028099e+00  1.800000e+01
   endloop
 endfacet
 facet normal -9.939835e-01 -1.095298e-01  2.439202e-17
   outer loop
     vertex -1.488581e+01 -1.847329e+00  0.000000e+00
     vertex -1.493089e+01 -1.438255e+00  1.800000e+01
     vertex -1.493089e+01 -1.438255e+00  0.000000e+00
   endloop
 endfacet
 facet normal -9.939835e-01 -1.095298e-01  2.432049e-17
   outer loop
     vertex -1.488581e+01 -1.847329e+00  0.000000e+00
     vertex -1.488581e+01 -1.847329e+00  1.800000e+01
     vertex -1.493089e+01 -1.438255e+00  1.800000e+01
   endloop
 endfacet
 facet normal -9.906046e-01 -1.367575e-01  3.055968e-17
   outer loop
     vertex -1.482953e+01 -2.255011e+00  0.000000e+00
     vertex -1.488581e+01 -1.847329e+00  1.800000e+01
     vertex -1.488581e+01 -1.847329e+00  0.000000e+00
   endloop
 endfacet
 facet normal -9.906046e-01 -1.367575e-01  3.036627e-17
   outer loop
     vertex -1.482953e+01 -2.255011e+00  0.000000e+00
     vertex -1.482953e+01 -2.255011e+00  1.800000e+01
     vertex -1.488581e+01 -1.847329e+00  1.800000e+01
   endloop
 endfacet
 facet normal -9.864799e-01 -1.638824e-01  3.624735e-17
   outer loop
     vertex -1.476208e+01 -2.660997e+00  0.000000e+00
     vertex -1.482953e+01 -2.255011e+00  1.800000e+01
     vertex -1.482953e+01 -2.255011e+00  0.000000e+00
   endloop
 endfacet
 facet normal -9.864799e-01 -1.638824e-01  3.638919e-17
   outer loop
     vertex -1.476208e+01 -2.660997e+00  0.000000e+00
     vertex -1.476208e+01 -2.660997e+00  1.800000e+01
     vertex -1.482953e+01 -2.255011e+00  1.800000e+01
   endloop
 endfacet
 facet normal -9.816126e-01 -1.908838e-01  4.241004e-17
   outer loop
     vertex -1.468352e+01 -3.064979e+00  0.000000e+00
     vertex -1.476208e+01 -2.660997e+00  1.800000e+01
     vertex -1.476208e+01 -2.660997e+00  0.000000e+00
   endloop
 endfacet
 facet normal -9.816126e-01 -1.908838e-01  4.238472e-17
   outer loop
     vertex -1.468352e+01 -3.064979e+00  0.000000e+00
     vertex -1.468352e+01 -3.064979e+00  1.800000e+01
     vertex -1.476208e+01 -2.660997e+00  1.800000e+01
   endloop
 endfacet
 facet normal -9.760065e-01 -2.177416e-01  4.834834e-17
   outer loop
     vertex -1.459391e+01 -3.466654e+00  0.000000e+00
     vertex -1.459391e+01 -3.466654e+00  1.800000e+01
     vertex -1.468352e+01 -3.064979e+00  1.800000e+01
   endloop
 endfacet
 facet normal -9.760065e-01 -2.177416e-01  4.810244e-17
   outer loop
     vertex -1.459391e+01 -3.466654e+00  0.000000e+00
     vertex -1.468352e+01 -3.064979e+00  1.800000e+01
     vertex -1.468352e+01 -3.064979e+00  0.000000e+00
   endloop
 endfacet
 facet normal -9.696656e-01 -2.444354e-01  5.427557e-17
   outer loop
     vertex -1.449332e+01 -3.865719e+00  0.000000e+00
     vertex -1.449332e+01 -3.865719e+00  1.800000e+01
     vertex -1.459391e+01 -3.466654e+00  1.800000e+01
   endloop
 endfacet
 facet normal -9.625948e-01 -2.709453e-01  6.016194e-17
   outer loop
     vertex -1.449332e+01 -3.865719e+00  0.000000e+00
     vertex -1.438181e+01 -4.261874e+00  1.800000e+01
     vertex -1.449332e+01 -3.865719e+00  1.800000e+01
   endloop
 endfacet
 facet normal -9.696656e-01 -2.444354e-01  5.431036e-17
   outer loop
     vertex -1.449332e+01 -3.865719e+00  0.000000e+00
     vertex -1.459391e+01 -3.466654e+00  1.800000e+01
     vertex -1.459391e+01 -3.466654e+00  0.000000e+00
   endloop
 endfacet
 facet normal -9.625948e-01 -2.709453e-01  6.684660e-17
   outer loop
     vertex -1.438181e+01 -4.261874e+00  0.000000e+00
     vertex -1.438181e+01 -4.261874e+00  1.800000e+01
     vertex -1.449332e+01 -3.865719e+00  0.000000e+00
   endloop
 endfacet
 facet normal -9.547993e-01 -2.972512e-01  5.866935e-17
   outer loop
     vertex -1.425948e+01 -4.654822e+00  0.000000e+00
     vertex -1.425948e+01 -4.654822e+00  1.800000e+01
     vertex -1.438181e+01 -4.261874e+00  1.800000e+01
   endloop
 endfacet
 facet normal -9.547993e-01 -2.972512e-01  7.323721e-17
   outer loop
     vertex -1.425948e+01 -4.654822e+00  0.000000e+00
     vertex -1.438181e+01 -4.261874e+00  1.800000e+01
     vertex -1.438181e+01 -4.261874e+00  0.000000e+00
   endloop
 endfacet
 facet normal -9.462851e-01 -3.233333e-01  7.977157e-17
   outer loop
     vertex -1.412641e+01 -5.044265e+00  0.000000e+00
     vertex -1.412641e+01 -5.044265e+00  1.800000e+01
     vertex -1.425948e+01 -4.654822e+00  1.800000e+01
   endloop
 endfacet
 facet normal -9.462851e-01 -3.233333e-01  6.365468e-17
   outer loop
     vertex -1.412641e+01 -5.044265e+00  0.000000e+00
     vertex -1.425948e+01 -4.654822e+00  1.800000e+01
     vertex -1.425948e+01 -4.654822e+00  0.000000e+00
   endloop
 endfacet
 facet normal -9.370586e-01 -3.491720e-01  8.614641e-17
   outer loop
     vertex -1.398271e+01 -5.429911e+00  0.000000e+00
     vertex -1.398271e+01 -5.429911e+00  1.800000e+01
     vertex -1.412641e+01 -5.044265e+00  1.800000e+01
   endloop
 endfacet
 facet normal -9.370586e-01 -3.491720e-01  8.643641e-17
   outer loop
     vertex -1.398271e+01 -5.429911e+00  0.000000e+00
     vertex -1.412641e+01 -5.044265e+00  1.800000e+01
     vertex -1.412641e+01 -5.044265e+00  0.000000e+00
   endloop
 endfacet
 facet normal -9.271267e-01 -3.747479e-01  9.245639e-17
   outer loop
     vertex -1.382848e+01 -5.811469e+00  0.000000e+00
     vertex -1.382848e+01 -5.811469e+00  1.800000e+01
     vertex -1.398271e+01 -5.429911e+00  1.800000e+01
   endloop
 endfacet
 facet normal -9.164969e-01 -4.000417e-01  9.869678e-17
   outer loop
     vertex -1.382848e+01 -5.811469e+00  0.000000e+00
     vertex -1.366384e+01 -6.188653e+00  1.800000e+01
     vertex -1.382848e+01 -5.811469e+00  1.800000e+01
   endloop
 endfacet
 facet normal -9.271267e-01 -3.747479e-01  9.201311e-17
   outer loop
     vertex -1.382848e+01 -5.811469e+00  0.000000e+00
     vertex -1.398271e+01 -5.429911e+00  1.800000e+01
     vertex -1.398271e+01 -5.429911e+00  0.000000e+00
   endloop
 endfacet
 facet normal -9.164969e-01 -4.000417e-01  9.869678e-17
   outer loop
     vertex -1.366384e+01 -6.188653e+00  0.000000e+00
     vertex -1.366384e+01 -6.188653e+00  1.800000e+01
     vertex -1.382848e+01 -5.811469e+00  0.000000e+00
   endloop
 endfacet
 facet normal -9.051772e-01 -4.250344e-01  8.389030e-17
   outer loop
     vertex -1.348892e+01 -6.561178e+00  0.000000e+00
     vertex -1.348892e+01 -6.561178e+00  1.800000e+01
     vertex -1.366384e+01 -6.188653e+00  1.800000e+01
   endloop
 endfacet
 facet normal -9.051772e-01 -4.250344e-01  1.048133e-16
   outer loop
     vertex -1.348892e+01 -6.561178e+00  0.000000e+00
     vertex -1.366384e+01 -6.188653e+00  1.800000e+01
     vertex -1.366384e+01 -6.188653e+00  0.000000e+00
   endloop
 endfacet
 facet normal -8.931761e-01 -4.497071e-01  8.876002e-17
   outer loop
     vertex -1.330384e+01 -6.928764e+00  0.000000e+00
     vertex -1.330384e+01 -6.928764e+00  1.800000e+01
     vertex -1.348892e+01 -6.561178e+00  1.800000e+01
   endloop
 endfacet
 facet normal -8.931761e-01 -4.497071e-01  8.963941e-17
   outer loop
     vertex -1.330384e+01 -6.928764e+00  0.000000e+00
     vertex -1.348892e+01 -6.561178e+00  1.800000e+01
     vertex -1.348892e+01 -6.561178e+00  0.000000e+00
   endloop
 endfacet
 facet normal -8.805026e-01 -4.740412e-01  1.169537e-16
   outer loop
     vertex -1.310875e+01 -7.291135e+00  0.000000e+00
     vertex -1.310875e+01 -7.291135e+00  1.800000e+01
     vertex -1.330384e+01 -6.928764e+00  1.800000e+01
   endloop
 endfacet
 facet normal -8.805026e-01 -4.740412e-01  9.334412e-17
   outer loop
     vertex -1.310875e+01 -7.291135e+00  0.000000e+00
     vertex -1.330384e+01 -6.928764e+00  1.800000e+01
     vertex -1.330384e+01 -6.928764e+00  0.000000e+00
   endloop
 endfacet
 facet normal -8.671664e-01 -4.980186e-01  9.829541e-17
   outer loop
     vertex -1.290379e+01 -7.648016e+00  0.000000e+00
     vertex -1.290379e+01 -7.648016e+00  1.800000e+01
     vertex -1.310875e+01 -7.291135e+00  1.800000e+01
   endloop
 endfacet
 facet normal -8.671664e-01 -4.980186e-01  1.227280e-16
   outer loop
     vertex -1.290379e+01 -7.648016e+00  0.000000e+00
     vertex -1.310875e+01 -7.291135e+00  1.800000e+01
     vertex -1.310875e+01 -7.291135e+00  0.000000e+00
   endloop
 endfacet
 facet normal -8.531773e-01 -5.216210e-01  1.286924e-16
   outer loop
     vertex -1.268912e+01 -7.999141e+00  0.000000e+00
     vertex -1.268912e+01 -7.999141e+00  1.800000e+01
     vertex -1.290379e+01 -7.648016e+00  1.800000e+01
   endloop
 endfacet
 facet normal -8.531773e-01 -5.216210e-01  1.028253e-16
   outer loop
     vertex -1.268912e+01 -7.999141e+00  0.000000e+00
     vertex -1.290379e+01 -7.648016e+00  1.800000e+01
     vertex -1.290379e+01 -7.648016e+00  0.000000e+00
   endloop
 endfacet
 facet normal -8.385460e-01 -5.448308e-01  1.075349e-16
   outer loop
     vertex -1.246489e+01 -8.344244e+00  0.000000e+00
     vertex -1.246489e+01 -8.344244e+00  1.800000e+01
     vertex -1.268912e+01 -7.999141e+00  1.800000e+01
   endloop
 endfacet
 facet normal -8.385460e-01 -5.448308e-01  1.347614e-16
   outer loop
     vertex -1.246489e+01 -8.344244e+00  0.000000e+00
     vertex -1.268912e+01 -7.999141e+00  1.800000e+01
     vertex -1.268912e+01 -7.999141e+00  0.000000e+00
   endloop
 endfacet
 facet normal -8.232835e-01 -5.676304e-01  1.123162e-16
   outer loop
     vertex -1.223129e+01 -8.683066e+00  0.000000e+00
     vertex -1.246489e+01 -8.344244e+00  1.800000e+01
     vertex -1.246489e+01 -8.344244e+00  0.000000e+00
   endloop
 endfacet
 facet normal -8.232835e-01 -5.676304e-01  1.120349e-16
   outer loop
     vertex -1.223129e+01 -8.683066e+00  0.000000e+00
     vertex -1.223129e+01 -8.683066e+00  1.800000e+01
     vertex -1.246489e+01 -8.344244e+00  1.800000e+01
   endloop
 endfacet
 facet normal -8.074012e-01 -5.900028e-01  1.163078e-16
   outer loop
     vertex -1.198847e+01 -9.015352e+00  0.000000e+00
     vertex -1.223129e+01 -8.683066e+00  1.800000e+01
     vertex -1.223129e+01 -8.683066e+00  0.000000e+00
   endloop
 endfacet
 facet normal -8.074012e-01 -5.900028e-01  1.164506e-16
   outer loop
     vertex -1.198847e+01 -9.015352e+00  0.000000e+00
     vertex -1.198847e+01 -9.015352e+00  1.800000e+01
     vertex -1.223129e+01 -8.683066e+00  1.800000e+01
   endloop
 endfacet
 facet normal -7.909112e-01 -6.119310e-01  1.207786e-16
   outer loop
     vertex -1.198847e+01 -9.015352e+00  0.000000e+00
     vertex -1.173663e+01 -9.340851e+00  1.800000e+01
     vertex -1.198847e+01 -9.015352e+00  1.800000e+01
   endloop
 endfacet
 facet normal -7.909112e-01 -6.119310e-01  1.207786e-16
   outer loop
     vertex -1.173663e+01 -9.340851e+00  0.000000e+00
     vertex -1.173663e+01 -9.340851e+00  1.800000e+01
     vertex -1.198847e+01 -9.015352e+00  0.000000e+00
   endloop
 endfacet
 facet normal -7.738257e-01 -6.333986e-01  1.250158e-16
   outer loop
     vertex -1.173663e+01 -9.340851e+00  0.000000e+00
     vertex -1.147596e+01 -9.659318e+00  1.800000e+01
     vertex -1.173663e+01 -9.340851e+00  1.800000e+01
   endloop
 endfacet
 facet normal -7.738257e-01 -6.333986e-01  1.250158e-16
   outer loop
     vertex -1.147596e+01 -9.659318e+00  0.000000e+00
     vertex -1.147596e+01 -9.659318e+00  1.800000e+01
     vertex -1.173663e+01 -9.340851e+00  0.000000e+00
   endloop
 endfacet
 facet normal -7.561578e-01 -6.543893e-01  1.288346e-16
   outer loop
     vertex -1.120664e+01 -9.970515e+00  0.000000e+00
     vertex -1.147596e+01 -9.659318e+00  1.800000e+01
     vertex -1.147596e+01 -9.659318e+00  0.000000e+00
   endloop
 endfacet
 facet normal -7.561578e-01 -6.543893e-01  1.291588e-16
   outer loop
     vertex -1.120664e+01 -9.970515e+00  0.000000e+00
     vertex -1.120664e+01 -9.970515e+00  1.800000e+01
     vertex -1.147596e+01 -9.659318e+00  1.800000e+01
   endloop
 endfacet
 facet normal -7.379206e-01 -6.748875e-01  1.332046e-16
   outer loop
     vertex -1.120664e+01 -9.970515e+00  0.000000e+00
     vertex -1.092889e+01 -1.027421e+01  1.800000e+01
     vertex -1.120664e+01 -9.970515e+00  1.800000e+01
   endloop
 endfacet
 facet normal -7.379206e-01 -6.748875e-01  1.332046e-16
   outer loop
     vertex -1.092889e+01 -1.027421e+01  0.000000e+00
     vertex -1.092889e+01 -1.027421e+01  1.800000e+01
     vertex -1.120664e+01 -9.970515e+00  0.000000e+00
   endloop
 endfacet
 facet normal -7.191280e-01 -6.948776e-01  1.375608e-16
   outer loop
     vertex -1.064292e+01 -1.057016e+01  0.000000e+00
     vertex -1.092889e+01 -1.027421e+01  1.800000e+01
     vertex -1.092889e+01 -1.027421e+01  0.000000e+00
   endloop
 endfacet
 facet normal -7.191280e-01 -6.948776e-01  1.371501e-16
   outer loop
     vertex -1.064292e+01 -1.057016e+01  0.000000e+00
     vertex -1.064292e+01 -1.057016e+01  1.800000e+01
     vertex -1.092889e+01 -1.027421e+01  1.800000e+01
   endloop
 endfacet
 facet normal -6.997940e-01 -7.143447e-01  1.404571e-16
   outer loop
     vertex -1.034893e+01 -1.085816e+01  0.000000e+00
     vertex -1.064292e+01 -1.057016e+01  1.800000e+01
     vertex -1.064292e+01 -1.057016e+01  0.000000e+00
   endloop
 endfacet
 facet normal -6.997940e-01 -7.143447e-01  1.409923e-16
   outer loop
     vertex -1.034893e+01 -1.085816e+01  0.000000e+00
     vertex -1.034893e+01 -1.085816e+01  1.800000e+01
     vertex -1.064292e+01 -1.057016e+01  1.800000e+01
   endloop
 endfacet
 facet normal -6.799333e-01 -7.332740e-01  1.449562e-16
   outer loop
     vertex -1.004715e+01 -1.113799e+01  0.000000e+00
     vertex -1.034893e+01 -1.085816e+01  1.800000e+01
     vertex -1.034893e+01 -1.085816e+01  0.000000e+00
   endloop
 endfacet
 facet normal -6.799333e-01 -7.332740e-01  1.447285e-16
   outer loop
     vertex -1.004715e+01 -1.113799e+01  0.000000e+00
     vertex -1.004715e+01 -1.113799e+01  1.800000e+01
     vertex -1.034893e+01 -1.085816e+01  1.800000e+01
   endloop
 endfacet
 facet normal -6.595607e-01 -7.516513e-01  1.475777e-16
   outer loop
     vertex -9.737808e+00 -1.140943e+01  0.000000e+00
     vertex -1.004715e+01 -1.113799e+01  1.800000e+01
     vertex -1.004715e+01 -1.113799e+01  0.000000e+00
   endloop
 endfacet
 facet normal -6.595607e-01 -7.516513e-01  1.483557e-16
   outer loop
     vertex -9.737808e+00 -1.140943e+01  0.000000e+00
     vertex -9.737808e+00 -1.140943e+01  1.800000e+01
     vertex -1.004715e+01 -1.113799e+01  1.800000e+01
   endloop
 endfacet
 facet normal -6.386916e-01 -7.694628e-01  1.526784e-16
   outer loop
     vertex -9.421136e+00 -1.167228e+01  0.000000e+00
     vertex -9.737808e+00 -1.140943e+01  1.800000e+01
     vertex -9.737808e+00 -1.140943e+01  0.000000e+00
   endloop
 endfacet
 facet normal -6.386916e-01 -7.694628e-01  1.518712e-16
   outer loop
     vertex -9.421136e+00 -1.167228e+01  0.000000e+00
     vertex -9.421136e+00 -1.167228e+01  1.800000e+01
     vertex -9.737808e+00 -1.140943e+01  1.800000e+01
   endloop
 endfacet
 facet normal -6.173417e-01 -7.866951e-01  1.552724e-16
   outer loop
     vertex -9.421136e+00 -1.167228e+01  0.000000e+00
     vertex -9.097372e+00 -1.192635e+01  1.800000e+01
     vertex -9.421136e+00 -1.167228e+01  1.800000e+01
   endloop
 endfacet
 facet normal -6.173417e-01 -7.866951e-01  1.552724e-16
   outer loop
     vertex -9.097372e+00 -1.192635e+01  0.000000e+00
     vertex -9.097372e+00 -1.192635e+01  1.800000e+01
     vertex -9.421136e+00 -1.167228e+01  0.000000e+00
   endloop
 endfacet
 facet normal -5.955271e-01 -8.033352e-01  1.592926e-16
   outer loop
     vertex -8.766760e+00 -1.217144e+01  0.000000e+00
     vertex -9.097372e+00 -1.192635e+01  1.800000e+01
     vertex -9.097372e+00 -1.192635e+01  0.000000e+00
   endloop
 endfacet
 facet normal -5.955271e-01 -8.033352e-01  1.585567e-16
   outer loop
     vertex -8.766760e+00 -1.217144e+01  0.000000e+00
     vertex -8.766760e+00 -1.217144e+01  1.800000e+01
     vertex -9.097372e+00 -1.192635e+01  1.800000e+01
   endloop
 endfacet
 facet normal -5.732642e-01 -8.193706e-01  1.617216e-16
   outer loop
     vertex -8.766760e+00 -1.217144e+01  0.000000e+00
     vertex -8.429549e+00 -1.240737e+01  1.800000e+01
     vertex -8.766760e+00 -1.217144e+01  1.800000e+01
   endloop
 endfacet
 facet normal -5.732642e-01 -8.193706e-01  1.617216e-16
   outer loop
     vertex -8.429549e+00 -1.240737e+01  0.000000e+00
     vertex -8.429549e+00 -1.240737e+01  1.800000e+01
     vertex -8.766760e+00 -1.217144e+01  0.000000e+00
   endloop
 endfacet
 facet normal -5.505698e-01 -8.347891e-01  1.642746e-16
   outer loop
     vertex -8.085992e+00 -1.263395e+01  0.000000e+00
     vertex -8.429549e+00 -1.240737e+01  1.800000e+01
     vertex -8.429549e+00 -1.240737e+01  0.000000e+00
   endloop
 endfacet
 facet normal -5.505698e-01 -8.347891e-01  1.647648e-16
   outer loop
     vertex -8.085992e+00 -1.263395e+01  0.000000e+00
     vertex -8.085992e+00 -1.263395e+01  1.800000e+01
     vertex -8.429549e+00 -1.240737e+01  1.800000e+01
   endloop
 endfacet
 facet normal -5.274609e-01 -8.495793e-01  1.671321e-16
   outer loop
     vertex -7.736348e+00 -1.285103e+01  0.000000e+00
     vertex -8.085992e+00 -1.263395e+01  1.800000e+01
     vertex -8.085992e+00 -1.263395e+01  0.000000e+00
   endloop
 endfacet
 facet normal -5.274609e-01 -8.495793e-01  1.676840e-16
   outer loop
     vertex -7.736348e+00 -1.285103e+01  0.000000e+00
     vertex -7.736348e+00 -1.285103e+01  1.800000e+01
     vertex -8.085992e+00 -1.263395e+01  1.800000e+01
   endloop
 endfacet
 facet normal -5.039550e-01 -8.637299e-01  1.709960e-16
   outer loop
     vertex -7.380880e+00 -1.305843e+01  0.000000e+00
     vertex -7.736348e+00 -1.285103e+01  1.800000e+01
     vertex -7.736348e+00 -1.285103e+01  0.000000e+00
   endloop
 endfacet
 facet normal -5.039550e-01 -8.637299e-01  1.704769e-16
   outer loop
     vertex -7.380880e+00 -1.305843e+01  0.000000e+00
     vertex -7.380880e+00 -1.305843e+01  1.800000e+01
     vertex -7.736348e+00 -1.285103e+01  1.800000e+01
   endloop
 endfacet
 facet normal -4.800697e-01 -8.772303e-01  1.733518e-16
   outer loop
     vertex -7.019857e+00 -1.325600e+01  0.000000e+00
     vertex -7.380880e+00 -1.305843e+01  1.800000e+01
     vertex -7.380880e+00 -1.305843e+01  0.000000e+00
   endloop
 endfacet
 facet normal -4.800697e-01 -8.772303e-01  1.731416e-16
   outer loop
     vertex -7.019857e+00 -1.325600e+01  0.000000e+00
     vertex -7.019857e+00 -1.325600e+01  1.800000e+01
     vertex -7.380880e+00 -1.305843e+01  1.800000e+01
   endloop
 endfacet
 facet normal -4.558231e-01 -8.900704e-01  1.756759e-16
   outer loop
     vertex -7.019857e+00 -1.325600e+01  0.000000e+00
     vertex -6.653549e+00 -1.344360e+01  1.800000e+01
     vertex -7.019857e+00 -1.325600e+01  1.800000e+01
   endloop
 endfacet
 facet normal -4.558231e-01 -8.900704e-01  1.756759e-16
   outer loop
     vertex -6.653549e+00 -1.344360e+01  0.000000e+00
     vertex -6.653549e+00 -1.344360e+01  1.800000e+01
     vertex -7.019857e+00 -1.325600e+01  0.000000e+00
   endloop
 endfacet
 facet normal -4.312333e-01 -9.022405e-01  1.789327e-16
   outer loop
     vertex -6.282232e+00 -1.362107e+01  0.000000e+00
     vertex -6.653549e+00 -1.344360e+01  1.800000e+01
     vertex -6.653549e+00 -1.344360e+01  0.000000e+00
   endloop
 endfacet
 facet normal -4.312333e-01 -9.022405e-01  1.780779e-16
   outer loop
     vertex -6.282232e+00 -1.362107e+01  0.000000e+00
     vertex -6.282232e+00 -1.362107e+01  1.800000e+01
     vertex -6.653549e+00 -1.344360e+01  1.800000e+01
   endloop
 endfacet
 facet normal -4.063188e-01 -9.137314e-01  1.812020e-16
   outer loop
     vertex -5.906186e+00 -1.378829e+01  0.000000e+00
     vertex -6.282232e+00 -1.362107e+01  1.800000e+01
     vertex -6.282232e+00 -1.362107e+01  0.000000e+00
   endloop
 endfacet
 facet normal -4.063188e-01 -9.137314e-01  1.803459e-16
   outer loop
     vertex -5.906186e+00 -1.378829e+01  0.000000e+00
     vertex -5.906186e+00 -1.378829e+01  1.800000e+01
     vertex -6.282232e+00 -1.362107e+01  1.800000e+01
   endloop
 endfacet
 facet normal -3.810986e-01 -9.245344e-01  1.824781e-16
   outer loop
     vertex -5.525695e+00 -1.394513e+01  0.000000e+00
     vertex -5.525695e+00 -1.394513e+01  1.800000e+01
     vertex -5.906186e+00 -1.378829e+01  1.800000e+01
   endloop
 endfacet
 facet normal -3.810986e-01 -9.245344e-01  1.825170e-16
   outer loop
     vertex -5.525695e+00 -1.394513e+01  0.000000e+00
     vertex -5.906186e+00 -1.378829e+01  1.800000e+01
     vertex -5.906186e+00 -1.378829e+01  0.000000e+00
   endloop
 endfacet
 facet normal -3.555914e-01 -9.346415e-01  1.844730e-16
   outer loop
     vertex -5.141043e+00 -1.409148e+01  0.000000e+00
     vertex -5.141043e+00 -1.409148e+01  1.800000e+01
     vertex -5.525695e+00 -1.394513e+01  1.800000e+01
   endloop
 endfacet
 facet normal -3.555914e-01 -9.346415e-01  1.840936e-16
   outer loop
     vertex -5.141043e+00 -1.409148e+01  0.000000e+00
     vertex -5.525695e+00 -1.394513e+01  1.800000e+01
     vertex -5.525695e+00 -1.394513e+01  0.000000e+00
   endloop
 endfacet
 facet normal -3.298166e-01 -9.440450e-01  1.863290e-16
   outer loop
     vertex -4.752522e+00 -1.422721e+01  0.000000e+00
     vertex -4.752522e+00 -1.422721e+01  1.800000e+01
     vertex -5.141043e+00 -1.409148e+01  1.800000e+01
   endloop
 endfacet
 facet normal -3.298166e-01 -9.440450e-01  1.865951e-16
   outer loop
     vertex -4.752522e+00 -1.422721e+01  0.000000e+00
     vertex -5.141043e+00 -1.409148e+01  1.800000e+01
     vertex -5.141043e+00 -1.409148e+01  0.000000e+00
   endloop
 endfacet
 facet normal -3.037934e-01 -9.527379e-01  1.880447e-16
   outer loop
     vertex -4.360424e+00 -1.435224e+01  0.000000e+00
     vertex -4.360424e+00 -1.435224e+01  1.800000e+01
     vertex -4.752522e+00 -1.422721e+01  1.800000e+01
   endloop
 endfacet
 facet normal -3.037934e-01 -9.527379e-01  1.878594e-16
   outer loop
     vertex -4.360424e+00 -1.435224e+01  0.000000e+00
     vertex -4.752522e+00 -1.422721e+01  1.800000e+01
     vertex -4.752522e+00 -1.422721e+01  0.000000e+00
   endloop
 endfacet
 facet normal -2.775416e-01 -9.607136e-01  1.892813e-16
   outer loop
     vertex -3.965042e+00 -1.446646e+01  0.000000e+00
     vertex -4.360424e+00 -1.435224e+01  1.800000e+01
     vertex -4.360424e+00 -1.435224e+01  0.000000e+00
   endloop
 endfacet
 facet normal -2.775416e-01 -9.607136e-01  1.896189e-16
   outer loop
     vertex -3.965042e+00 -1.446646e+01  0.000000e+00
     vertex -3.965042e+00 -1.446646e+01  1.800000e+01
     vertex -4.360424e+00 -1.435224e+01  1.800000e+01
   endloop
 endfacet
 facet normal -2.510809e-01 -9.679661e-01  1.910504e-16
   outer loop
     vertex -3.965042e+00 -1.446646e+01  0.000000e+00
     vertex -3.566676e+00 -1.456979e+01  1.800000e+01
     vertex -3.965042e+00 -1.446646e+01  1.800000e+01
   endloop
 endfacet
 facet normal -2.510809e-01 -9.679661e-01  1.910504e-16
   outer loop
     vertex -3.566676e+00 -1.456979e+01  0.000000e+00
     vertex -3.566676e+00 -1.456979e+01  1.800000e+01
     vertex -3.965042e+00 -1.446646e+01  0.000000e+00
   endloop
 endfacet
 facet normal -2.244312e-01 -9.744899e-01  1.923784e-16
   outer loop
     vertex -3.165626e+00 -1.466216e+01  0.000000e+00
     vertex -3.566676e+00 -1.456979e+01  1.800000e+01
     vertex -3.566676e+00 -1.456979e+01  0.000000e+00
   endloop
 endfacet
 facet normal -2.244312e-01 -9.744899e-01  1.923380e-16
   outer loop
     vertex -3.165626e+00 -1.466216e+01  0.000000e+00
     vertex -3.165626e+00 -1.466216e+01  1.800000e+01
     vertex -3.566676e+00 -1.456979e+01  1.800000e+01
   endloop
 endfacet
 facet normal -1.976125e-01 -9.802802e-01  1.934808e-16
   outer loop
     vertex -3.165626e+00 -1.466216e+01  0.000000e+00
     vertex -2.762192e+00 -1.474348e+01  1.800000e+01
     vertex -3.165626e+00 -1.466216e+01  1.800000e+01
   endloop
 endfacet
 facet normal -1.976125e-01 -9.802802e-01  1.934808e-16
   outer loop
     vertex -2.762192e+00 -1.474348e+01  0.000000e+00
     vertex -2.762192e+00 -1.474348e+01  1.800000e+01
     vertex -3.165626e+00 -1.466216e+01  0.000000e+00
   endloop
 endfacet
 facet normal -1.706451e-01 -9.853326e-01  1.943495e-16
   outer loop
     vertex -2.356679e+00 -1.481371e+01  0.000000e+00
     vertex -2.762192e+00 -1.474348e+01  1.800000e+01
     vertex -2.762192e+00 -1.474348e+01  0.000000e+00
   endloop
 endfacet
 facet normal -1.706451e-01 -9.853326e-01  1.944780e-16
   outer loop
     vertex -2.356679e+00 -1.481371e+01  0.000000e+00
     vertex -2.356679e+00 -1.481371e+01  1.800000e+01
     vertex -2.762192e+00 -1.474348e+01  1.800000e+01
   endloop
 endfacet
 facet normal -1.435492e-01 -9.896432e-01  1.953288e-16
   outer loop
     vertex -2.356679e+00 -1.481371e+01  0.000000e+00
     vertex -1.949392e+00 -1.487279e+01  1.800000e+01
     vertex -2.356679e+00 -1.481371e+01  1.800000e+01
   endloop
 endfacet
 facet normal -1.435492e-01 -9.896432e-01  1.953288e-16
   outer loop
     vertex -1.949392e+00 -1.487279e+01  0.000000e+00
     vertex -1.949392e+00 -1.487279e+01  1.800000e+01
     vertex -2.356679e+00 -1.481371e+01  0.000000e+00
   endloop
 endfacet
 facet normal -1.163452e-01 -9.932088e-01  1.959358e-16
   outer loop
     vertex -1.540637e+00 -1.492067e+01  0.000000e+00
     vertex -1.949392e+00 -1.487279e+01  1.800000e+01
     vertex -1.949392e+00 -1.487279e+01  0.000000e+00
   endloop
 endfacet
 facet normal -1.163452e-01 -9.932088e-01  1.960326e-16
   outer loop
     vertex -1.540637e+00 -1.492067e+01  0.000000e+00
     vertex -1.540637e+00 -1.492067e+01  1.800000e+01
     vertex -1.949392e+00 -1.487279e+01  1.800000e+01
   endloop
 endfacet
 facet normal -8.905371e-02 -9.960268e-01  1.964783e-16
   outer loop
     vertex -1.130723e+00 -1.495732e+01  0.000000e+00
     vertex -1.540637e+00 -1.492067e+01  1.800000e+01
     vertex -1.540637e+00 -1.492067e+01  0.000000e+00
   endloop
 endfacet
 facet normal -8.905371e-02 -9.960268e-01  1.965888e-16
   outer loop
     vertex -1.130723e+00 -1.495732e+01  0.000000e+00
     vertex -1.130723e+00 -1.495732e+01  1.800000e+01
     vertex -1.540637e+00 -1.492067e+01  1.800000e+01
   endloop
 endfacet
 facet normal -6.169515e-02 -9.980950e-01  1.970406e-16
   outer loop
     vertex -7.199574e-01 -1.498271e+01  0.000000e+00
     vertex -1.130723e+00 -1.495732e+01  1.800000e+01
     vertex -1.130723e+00 -1.495732e+01  0.000000e+00
   endloop
 endfacet
 facet normal -6.169515e-02 -9.980950e-01  1.969970e-16
   outer loop
     vertex -7.199574e-01 -1.498271e+01  0.000000e+00
     vertex -7.199574e-01 -1.498271e+01  1.800000e+01
     vertex -1.130723e+00 -1.495732e+01  1.800000e+01
   endloop
 endfacet
 facet normal -3.429014e-02 -9.994119e-01  1.972603e-16
   outer loop
     vertex -3.086500e-01 -1.499682e+01  0.000000e+00
     vertex -7.199574e-01 -1.498271e+01  1.800000e+01
     vertex -7.199574e-01 -1.498271e+01  0.000000e+00
   endloop
 endfacet
 facet normal -3.429014e-02 -9.994119e-01  1.972569e-16
   outer loop
     vertex -3.086500e-01 -1.499682e+01  0.000000e+00
     vertex -3.086500e-01 -1.499682e+01  1.800000e+01
     vertex -7.199574e-01 -1.498271e+01  1.800000e+01
   endloop
 endfacet
 facet normal -6.859319e-03 -9.999765e-01  1.973683e-16
   outer loop
     vertex -3.086500e-01 -1.499682e+01  0.000000e+00
     vertex  1.028898e-01 -1.499965e+01  1.800000e+01
     vertex -3.086500e-01 -1.499682e+01  1.800000e+01
   endloop
 endfacet
 facet normal -6.859319e-03 -9.999765e-01  1.973683e-16
   outer loop
     vertex  1.028898e-01 -1.499965e+01  0.000000e+00
     vertex  1.028898e-01 -1.499965e+01  1.800000e+01
     vertex -3.086500e-01 -1.499682e+01  0.000000e+00
   endloop
 endfacet
 facet normal  2.057667e-02 -9.997883e-01  1.973312e-16
   outer loop
     vertex  1.028898e-01 -1.499965e+01  0.000000e+00
     vertex  5.143521e-01 -1.499118e+01  1.800000e+01
     vertex  1.028898e-01 -1.499965e+01  1.800000e+01
   endloop
 endfacet
 facet normal  2.057667e-02 -9.997883e-01  1.973312e-16
   outer loop
     vertex  5.143521e-01 -1.499118e+01  0.000000e+00
     vertex  5.143521e-01 -1.499118e+01  1.800000e+01
     vertex  1.028898e-01 -1.499965e+01  0.000000e+00
   endloop
 endfacet
 facet normal  4.799716e-02 -9.988475e-01  1.971455e-16
   outer loop
     vertex  9.254272e-01 -1.497143e+01  0.000000e+00
     vertex  9.254272e-01 -1.497143e+01  1.800000e+01
     vertex  5.143521e-01 -1.499118e+01  1.800000e+01
   endloop
 endfacet
 facet normal  7.538152e-02 -9.971548e-01  1.968114e-16
   outer loop
     vertex  9.254272e-01 -1.497143e+01  0.000000e+00
     vertex  1.335806e+00 -1.494040e+01  1.800000e+01
     vertex  9.254272e-01 -1.497143e+01  1.800000e+01
   endloop
 endfacet
 facet normal  4.799716e-02 -9.988475e-01  1.971135e-16
   outer loop
     vertex  9.254272e-01 -1.497143e+01  0.000000e+00
     vertex  5.143521e-01 -1.499118e+01  1.800000e+01
     vertex  5.143521e-01 -1.499118e+01  0.000000e+00
   endloop
 endfacet
 facet normal  7.538152e-02 -9.971548e-01  1.968114e-16
   outer loop
     vertex  1.335806e+00 -1.494040e+01  0.000000e+00
     vertex  1.335806e+00 -1.494040e+01  1.800000e+01
     vertex  9.254272e-01 -1.497143e+01  0.000000e+00
   endloop
 endfacet
 facet normal  1.027091e-01 -9.947114e-01  1.963292e-16
   outer loop
     vertex  1.745179e+00 -1.489813e+01  0.000000e+00
     vertex  1.745179e+00 -1.489813e+01  1.800000e+01
     vertex  1.335806e+00 -1.494040e+01  1.800000e+01
   endloop
 endfacet
 facet normal  1.027091e-01 -9.947114e-01  1.961785e-16
   outer loop
     vertex  1.745179e+00 -1.489813e+01  0.000000e+00
     vertex  1.335806e+00 -1.494040e+01  1.800000e+01
     vertex  1.335806e+00 -1.494040e+01  0.000000e+00
   endloop
 endfacet
 facet normal  1.299594e-01 -9.915193e-01  1.956991e-16
   outer loop
     vertex  2.153238e+00 -1.484465e+01  0.000000e+00
     vertex  2.153238e+00 -1.484465e+01  1.800000e+01
     vertex  1.745179e+00 -1.489813e+01  1.800000e+01
   endloop
 endfacet
 facet normal  1.299594e-01 -9.915193e-01  1.959179e-16
   outer loop
     vertex  2.153238e+00 -1.484465e+01  0.000000e+00
     vertex  1.745179e+00 -1.489813e+01  1.800000e+01
     vertex  1.745179e+00 -1.489813e+01  0.000000e+00
   endloop
 endfacet
 facet normal  1.571119e-01 -9.875808e-01  1.949218e-16
   outer loop
     vertex  2.559676e+00 -1.477999e+01  0.000000e+00
     vertex  2.559676e+00 -1.477999e+01  1.800000e+01
     vertex  2.153238e+00 -1.484465e+01  1.800000e+01
   endloop
 endfacet
 facet normal  1.571119e-01 -9.875808e-01  1.949203e-16
   outer loop
     vertex  2.559676e+00 -1.477999e+01  0.000000e+00
     vertex  2.153238e+00 -1.484465e+01  1.800000e+01
     vertex  2.153238e+00 -1.484465e+01  0.000000e+00
   endloop
 endfacet
 facet normal  1.841461e-01 -9.828989e-01  1.939977e-16
   outer loop
     vertex  2.964188e+00 -1.470420e+01  0.000000e+00
     vertex  2.964188e+00 -1.470420e+01  1.800000e+01
     vertex  2.559676e+00 -1.477999e+01  1.800000e+01
   endloop
 endfacet
 facet normal  1.841461e-01 -9.828989e-01  1.941293e-16
   outer loop
     vertex  2.964188e+00 -1.470420e+01  0.000000e+00
     vertex  2.559676e+00 -1.477999e+01  1.800000e+01
     vertex  2.559676e+00 -1.477999e+01  0.000000e+00
   endloop
 endfacet
 facet normal  2.110417e-01 -9.774771e-01  1.929276e-16
   outer loop
     vertex  3.366468e+00 -1.461735e+01  0.000000e+00
     vertex  3.366468e+00 -1.461735e+01  1.800000e+01
     vertex  2.964188e+00 -1.470420e+01  1.800000e+01
   endloop
 endfacet
 facet normal  2.110417e-01 -9.774771e-01  1.925703e-16
   outer loop
     vertex  3.366468e+00 -1.461735e+01  0.000000e+00
     vertex  2.964188e+00 -1.470420e+01  1.800000e+01
     vertex  2.964188e+00 -1.470420e+01  0.000000e+00
   endloop
 endfacet
 facet normal  2.377784e-01 -9.713194e-01  1.917122e-16
   outer loop
     vertex  3.766214e+00 -1.451949e+01  0.000000e+00
     vertex  3.766214e+00 -1.451949e+01  1.800000e+01
     vertex  3.366468e+00 -1.461735e+01  1.800000e+01
   endloop
 endfacet
 facet normal  2.377784e-01 -9.713194e-01  1.919748e-16
   outer loop
     vertex  3.766214e+00 -1.451949e+01  0.000000e+00
     vertex  3.366468e+00 -1.461735e+01  1.800000e+01
     vertex  3.366468e+00 -1.461735e+01  0.000000e+00
   endloop
 endfacet
 facet normal  2.643362e-01 -9.644306e-01  1.903525e-16
   outer loop
     vertex  4.163125e+00 -1.441070e+01  0.000000e+00
     vertex  4.163125e+00 -1.441070e+01  1.800000e+01
     vertex  3.766214e+00 -1.451949e+01  1.800000e+01
   endloop
 endfacet
 facet normal  2.906949e-01 -9.568158e-01  1.888496e-16
   outer loop
     vertex  4.163125e+00 -1.441070e+01  0.000000e+00
     vertex  4.556902e+00 -1.429107e+01  1.800000e+01
     vertex  4.163125e+00 -1.441070e+01  1.800000e+01
   endloop
 endfacet
 facet normal  2.643362e-01 -9.644306e-01  1.901467e-16
   outer loop
     vertex  4.163125e+00 -1.441070e+01  0.000000e+00
     vertex  3.766214e+00 -1.451949e+01  1.800000e+01
     vertex  3.766214e+00 -1.451949e+01  0.000000e+00
   endloop
 endfacet
 facet normal  2.906949e-01 -9.568158e-01  1.888496e-16
   outer loop
     vertex  4.556902e+00 -1.429107e+01  0.000000e+00
     vertex  4.556902e+00 -1.429107e+01  1.800000e+01
     vertex  4.163125e+00 -1.441070e+01  0.000000e+00
   endloop
 endfacet
 facet normal  3.168348e-01 -9.484807e-01  1.872045e-16
   outer loop
     vertex  4.947248e+00 -1.416068e+01  0.000000e+00
     vertex  4.947248e+00 -1.416068e+01  1.800000e+01
     vertex  4.556902e+00 -1.429107e+01  1.800000e+01
   endloop
 endfacet
 facet normal  3.427362e-01 -9.394317e-01  1.854184e-16
   outer loop
     vertex  4.947248e+00 -1.416068e+01  0.000000e+00
     vertex  5.333871e+00 -1.401962e+01  1.800000e+01
     vertex  4.947248e+00 -1.416068e+01  1.800000e+01
   endloop
 endfacet
 facet normal  3.168348e-01 -9.484807e-01  1.867777e-16
   outer loop
     vertex  4.947248e+00 -1.416068e+01  0.000000e+00
     vertex  4.556902e+00 -1.429107e+01  1.800000e+01
     vertex  4.556902e+00 -1.429107e+01  0.000000e+00
   endloop
 endfacet
 facet normal  3.427362e-01 -9.394317e-01  1.854184e-16
   outer loop
     vertex  5.333871e+00 -1.401962e+01  0.000000e+00
     vertex  5.333871e+00 -1.401962e+01  1.800000e+01
     vertex  4.947248e+00 -1.416068e+01  0.000000e+00
   endloop
 endfacet
 facet normal  3.683796e-01 -9.296754e-01  1.834928e-16
   outer loop
     vertex  5.716478e+00 -1.386802e+01  0.000000e+00
     vertex  5.716478e+00 -1.386802e+01  1.800000e+01
     vertex  5.333871e+00 -1.401962e+01  1.800000e+01
   endloop
 endfacet
 facet normal  3.683796e-01 -9.296754e-01  1.834248e-16
   outer loop
     vertex  5.716478e+00 -1.386802e+01  0.000000e+00
     vertex  5.333871e+00 -1.401962e+01  1.800000e+01
     vertex  5.333871e+00 -1.401962e+01  0.000000e+00
   endloop
 endfacet
 facet normal  3.937458e-01 -9.192194e-01  1.814336e-16
   outer loop
     vertex  6.094783e+00 -1.370597e+01  0.000000e+00
     vertex  5.716478e+00 -1.386802e+01  1.800000e+01
     vertex  5.716478e+00 -1.386802e+01  0.000000e+00
   endloop
 endfacet
 facet normal  3.937458e-01 -9.192194e-01  1.814291e-16
   outer loop
     vertex  6.094783e+00 -1.370597e+01  0.000000e+00
     vertex  6.094783e+00 -1.370597e+01  1.800000e+01
     vertex  5.716478e+00 -1.386802e+01  1.800000e+01
   endloop
 endfacet
 facet normal  4.188155e-01 -9.080714e-01  1.792288e-16
   outer loop
     vertex  6.094783e+00 -1.370597e+01  0.000000e+00
     vertex  6.468499e+00 -1.353361e+01  1.800000e+01
     vertex  6.094783e+00 -1.370597e+01  1.800000e+01
   endloop
 endfacet
 facet normal  4.188155e-01 -9.080714e-01  1.792288e-16
   outer loop
     vertex  6.468499e+00 -1.353361e+01  0.000000e+00
     vertex  6.468499e+00 -1.353361e+01  1.800000e+01
     vertex  6.094783e+00 -1.370597e+01  0.000000e+00
   endloop
 endfacet
 facet normal  4.435699e-01 -8.962398e-01  1.768935e-16
   outer loop
     vertex  6.468499e+00 -1.353361e+01  0.000000e+00
     vertex  6.837346e+00 -1.335106e+01  1.800000e+01
     vertex  6.468499e+00 -1.353361e+01  1.800000e+01
   endloop
 endfacet
 facet normal  4.435699e-01 -8.962398e-01  1.768935e-16
   outer loop
     vertex  6.837346e+00 -1.335106e+01  0.000000e+00
     vertex  6.837346e+00 -1.335106e+01  1.800000e+01
     vertex  6.468499e+00 -1.353361e+01  0.000000e+00
   endloop
 endfacet
 facet normal  4.679904e-01 -8.837335e-01  1.738066e-16
   outer loop
     vertex  7.201046e+00 -1.315845e+01  0.000000e+00
     vertex  6.837346e+00 -1.335106e+01  1.800000e+01
     vertex  6.837346e+00 -1.335106e+01  0.000000e+00
   endloop
 endfacet
 facet normal  4.679904e-01 -8.837335e-01  1.744251e-16
   outer loop
     vertex  7.201046e+00 -1.315845e+01  0.000000e+00
     vertex  7.201046e+00 -1.315845e+01  1.800000e+01
     vertex  6.837346e+00 -1.335106e+01  1.800000e+01
   endloop
 endfacet
 facet normal  4.920587e-01 -8.705620e-01  1.718254e-16
   outer loop
     vertex  7.559325e+00 -1.295595e+01  0.000000e+00
     vertex  7.559325e+00 -1.295595e+01  1.800000e+01
     vertex  7.201046e+00 -1.315845e+01  1.800000e+01
   endloop
 endfacet
 facet normal  4.920587e-01 -8.705620e-01  1.710829e-16
   outer loop
     vertex  7.559325e+00 -1.295595e+01  0.000000e+00
     vertex  7.201046e+00 -1.315845e+01  1.800000e+01
     vertex  7.201046e+00 -1.315845e+01  0.000000e+00
   endloop
 endfacet
 facet normal  5.157565e-01 -8.567352e-01  1.690964e-16
   outer loop
     vertex  7.911914e+00 -1.274369e+01  0.000000e+00
     vertex  7.911914e+00 -1.274369e+01  1.800000e+01
     vertex  7.559325e+00 -1.295595e+01  1.800000e+01
   endloop
 endfacet
 facet normal  5.157565e-01 -8.567352e-01  1.696456e-16
   outer loop
     vertex  7.911914e+00 -1.274369e+01  0.000000e+00
     vertex  7.559325e+00 -1.295595e+01  1.800000e+01
     vertex  7.559325e+00 -1.295595e+01  0.000000e+00
   endloop
 endfacet
 facet normal  5.390661e-01 -8.422635e-01  1.662401e-16
   outer loop
     vertex  8.258547e+00 -1.252184e+01  0.000000e+00
     vertex  8.258547e+00 -1.252184e+01  1.800000e+01
     vertex  7.911914e+00 -1.274369e+01  1.800000e+01
   endloop
 endfacet
 facet normal  5.390661e-01 -8.422635e-01  1.663374e-16
   outer loop
     vertex  8.258547e+00 -1.252184e+01  0.000000e+00
     vertex  7.911914e+00 -1.274369e+01  1.800000e+01
     vertex  7.911914e+00 -1.274369e+01  0.000000e+00
   endloop
 endfacet
 facet normal  5.619699e-01 -8.271577e-01  1.632586e-16
   outer loop
     vertex  8.598964e+00 -1.229056e+01  0.000000e+00
     vertex  8.598964e+00 -1.229056e+01  1.800000e+01
     vertex  8.258547e+00 -1.252184e+01  1.800000e+01
   endloop
 endfacet
 facet normal  5.619699e-01 -8.271577e-01  1.633774e-16
   outer loop
     vertex  8.598964e+00 -1.229056e+01  0.000000e+00
     vertex  8.258547e+00 -1.252184e+01  1.800000e+01
     vertex  8.258547e+00 -1.252184e+01  0.000000e+00
   endloop
 endfacet
 facet normal  5.844507e-01 -8.114292e-01  1.601542e-16
   outer loop
     vertex  8.932907e+00 -1.205003e+01  0.000000e+00
     vertex  8.932907e+00 -1.205003e+01  1.800000e+01
     vertex  8.598964e+00 -1.229056e+01  1.800000e+01
   endloop
 endfacet
 facet normal  5.844507e-01 -8.114292e-01  1.599082e-16
   outer loop
     vertex  8.932907e+00 -1.205003e+01  0.000000e+00
     vertex  8.598964e+00 -1.229056e+01  1.800000e+01
     vertex  8.598964e+00 -1.229056e+01  0.000000e+00
   endloop
 endfacet
 facet normal  6.064915e-01 -7.950900e-01  1.569293e-16
   outer loop
     vertex  9.260126e+00 -1.180043e+01  0.000000e+00
     vertex  9.260126e+00 -1.180043e+01  1.800000e+01
     vertex  8.932907e+00 -1.205003e+01  1.800000e+01
   endloop
 endfacet
 facet normal  6.280757e-01 -7.781522e-01  1.535862e-16
   outer loop
     vertex  9.260126e+00 -1.180043e+01  0.000000e+00
     vertex  9.580374e+00 -1.154194e+01  1.800000e+01
     vertex  9.260126e+00 -1.180043e+01  1.800000e+01
   endloop
 endfacet
 facet normal  6.064915e-01 -7.950900e-01  1.561231e-16
   outer loop
     vertex  9.260126e+00 -1.180043e+01  0.000000e+00
     vertex  8.932907e+00 -1.205003e+01  1.800000e+01
     vertex  8.932907e+00 -1.205003e+01  0.000000e+00
   endloop
 endfacet
 facet normal  6.280757e-01 -7.781522e-01  1.535862e-16
   outer loop
     vertex  9.580374e+00 -1.154194e+01  0.000000e+00
     vertex  9.580374e+00 -1.154194e+01  1.800000e+01
     vertex  9.260126e+00 -1.180043e+01  0.000000e+00
   endloop
 endfacet
 facet normal  6.491872e-01 -7.606287e-01  1.501275e-16
   outer loop
     vertex  9.580374e+00 -1.154194e+01  0.000000e+00
     vertex  9.893410e+00 -1.127477e+01  1.800000e+01
     vertex  9.580374e+00 -1.154194e+01  1.800000e+01
   endloop
 endfacet
 facet normal  6.491872e-01 -7.606287e-01  1.501275e-16
   outer loop
     vertex  9.893410e+00 -1.127477e+01  0.000000e+00
     vertex  9.893410e+00 -1.127477e+01  1.800000e+01
     vertex  9.580374e+00 -1.154194e+01  0.000000e+00
   endloop
 endfacet
 facet normal  6.698100e-01 -7.425325e-01  1.465559e-16
   outer loop
     vertex  1.019900e+01 -1.099911e+01  0.000000e+00
     vertex  1.019900e+01 -1.099911e+01  1.800000e+01
     vertex  9.893410e+00 -1.127477e+01  1.800000e+01
   endloop
 endfacet
 facet normal  6.698100e-01 -7.425325e-01  1.474570e-16
   outer loop
     vertex  1.019900e+01 -1.099911e+01  0.000000e+00
     vertex  9.893410e+00 -1.127477e+01  1.800000e+01
     vertex  9.893410e+00 -1.127477e+01  0.000000e+00
   endloop
 endfacet
 facet normal  6.899286e-01 -7.238775e-01  1.428739e-16
   outer loop
     vertex  1.049691e+01 -1.071517e+01  0.000000e+00
     vertex  1.049691e+01 -1.071517e+01  1.800000e+01
     vertex  1.019900e+01 -1.099911e+01  1.800000e+01
   endloop
 endfacet
 facet normal  6.899286e-01 -7.238775e-01  1.429610e-16
   outer loop
     vertex  1.049691e+01 -1.071517e+01  0.000000e+00
     vertex  1.019900e+01 -1.099911e+01  1.800000e+01
     vertex  1.019900e+01 -1.099911e+01  0.000000e+00
   endloop
 endfacet
 facet normal  7.095278e-01 -7.046775e-01  1.390843e-16
   outer loop
     vertex  1.078692e+01 -1.042316e+01  0.000000e+00
     vertex  1.078692e+01 -1.042316e+01  1.800000e+01
     vertex  1.049691e+01 -1.071517e+01  1.800000e+01
   endloop
 endfacet
 facet normal  7.095278e-01 -7.046775e-01  1.383203e-16
   outer loop
     vertex  1.078692e+01 -1.042316e+01  0.000000e+00
     vertex  1.049691e+01 -1.071517e+01  1.800000e+01
     vertex  1.049691e+01 -1.071517e+01  0.000000e+00
   endloop
 endfacet
 facet normal  7.285929e-01 -6.849470e-01  1.351900e-16
   outer loop
     vertex  1.106881e+01 -1.012331e+01  0.000000e+00
     vertex  1.106881e+01 -1.012331e+01  1.800000e+01
     vertex  1.078692e+01 -1.042316e+01  1.800000e+01
   endloop
 endfacet
 facet normal  7.285929e-01 -6.849470e-01  1.351455e-16
   outer loop
     vertex  1.106881e+01 -1.012331e+01  0.000000e+00
     vertex  1.078692e+01 -1.042316e+01  1.800000e+01
     vertex  1.078692e+01 -1.042316e+01  0.000000e+00
   endloop
 endfacet
 facet normal  7.471095e-01 -6.647010e-01  1.311940e-16
   outer loop
     vertex  1.134237e+01 -9.815840e+00  0.000000e+00
     vertex  1.134237e+01 -9.815840e+00  1.800000e+01
     vertex  1.106881e+01 -1.012331e+01  1.800000e+01
   endloop
 endfacet
 facet normal  7.650637e-01 -6.439545e-01  1.270992e-16
   outer loop
     vertex  1.134237e+01 -9.815840e+00  0.000000e+00
     vertex  1.160739e+01 -9.500978e+00  1.800000e+01
     vertex  1.134237e+01 -9.815840e+00  1.800000e+01
   endloop
 endfacet
 facet normal  7.471095e-01 -6.647010e-01  1.313896e-16
   outer loop
     vertex  1.134237e+01 -9.815840e+00  0.000000e+00
     vertex  1.106881e+01 -1.012331e+01  1.800000e+01
     vertex  1.106881e+01 -1.012331e+01  0.000000e+00
   endloop
 endfacet
 facet normal  7.650637e-01 -6.439545e-01  1.270992e-16
   outer loop
     vertex  1.160739e+01 -9.500978e+00  0.000000e+00
     vertex  1.160739e+01 -9.500978e+00  1.800000e+01
     vertex  1.134237e+01 -9.815840e+00  0.000000e+00
   endloop
 endfacet
 facet normal  7.824421e-01 -6.227234e-01  1.229088e-16
   outer loop
     vertex  1.186367e+01 -9.178965e+00  0.000000e+00
     vertex  1.186367e+01 -9.178965e+00  1.800000e+01
     vertex  1.160739e+01 -9.500978e+00  1.800000e+01
   endloop
 endfacet
 facet normal  7.824421e-01 -6.227234e-01  1.226655e-16
   outer loop
     vertex  1.186367e+01 -9.178965e+00  0.000000e+00
     vertex  1.160739e+01 -9.500978e+00  1.800000e+01
     vertex  1.160739e+01 -9.500978e+00  0.000000e+00
   endloop
 endfacet
 facet normal  7.992314e-01 -6.010234e-01  1.186258e-16
   outer loop
     vertex  1.211102e+01 -8.850042e+00  0.000000e+00
     vertex  1.211102e+01 -8.850042e+00  1.800000e+01
     vertex  1.186367e+01 -9.178965e+00  1.800000e+01
   endloop
 endfacet
 facet normal  8.154191e-01 -5.788711e-01  1.142535e-16
   outer loop
     vertex  1.211102e+01 -8.850042e+00  0.000000e+00
     vertex  1.234925e+01 -8.514456e+00  1.800000e+01
     vertex  1.211102e+01 -8.850042e+00  1.800000e+01
   endloop
 endfacet
 facet normal  7.992314e-01 -6.010234e-01  1.178594e-16
   outer loop
     vertex  1.211102e+01 -8.850042e+00  0.000000e+00
     vertex  1.186367e+01 -9.178965e+00  1.800000e+01
     vertex  1.186367e+01 -9.178965e+00  0.000000e+00
   endloop
 endfacet
 facet normal  8.154191e-01 -5.788711e-01  1.142535e-16
   outer loop
     vertex  1.234925e+01 -8.514456e+00  0.000000e+00
     vertex  1.234925e+01 -8.514456e+00  1.800000e+01
     vertex  1.211102e+01 -8.850042e+00  0.000000e+00
   endloop
 endfacet
 facet normal  8.309929e-01 -5.562829e-01  1.097952e-16
   outer loop
     vertex  1.257819e+01 -8.172462e+00  0.000000e+00
     vertex  1.257819e+01 -8.172462e+00  1.800000e+01
     vertex  1.234925e+01 -8.514456e+00  1.800000e+01
   endloop
 endfacet
 facet normal  8.309929e-01 -5.562829e-01  1.105278e-16
   outer loop
     vertex  1.257819e+01 -8.172462e+00  0.000000e+00
     vertex  1.234925e+01 -8.514456e+00  1.800000e+01
     vertex  1.234925e+01 -8.514456e+00  0.000000e+00
   endloop
 endfacet
 facet normal  8.459413e-01 -5.332761e-01  1.052543e-16
   outer loop
     vertex  1.279766e+01 -7.824315e+00  0.000000e+00
     vertex  1.279766e+01 -7.824315e+00  1.800000e+01
     vertex  1.257819e+01 -8.172462e+00  1.800000e+01
   endloop
 endfacet
 facet normal  8.602528e-01 -5.098678e-01  1.006341e-16
   outer loop
     vertex  1.279766e+01 -7.824315e+00  0.000000e+00
     vertex  1.300750e+01 -7.470278e+00  1.800000e+01
     vertex  1.279766e+01 -7.824315e+00  1.800000e+01
   endloop
 endfacet
 facet normal  8.459413e-01 -5.332761e-01  1.059878e-16
   outer loop
     vertex  1.279766e+01 -7.824315e+00  0.000000e+00
     vertex  1.257819e+01 -8.172462e+00  1.800000e+01
     vertex  1.257819e+01 -8.172462e+00  0.000000e+00
   endloop
 endfacet
 facet normal  8.739167e-01 -4.860756e-01  9.593820e-17
   outer loop
     vertex  1.300750e+01 -7.470278e+00  0.000000e+00
     vertex  1.320754e+01 -7.110619e+00  1.800000e+01
     vertex  1.300750e+01 -7.470278e+00  1.800000e+01
   endloop
 endfacet
 facet normal  8.602528e-01 -5.098678e-01  1.006341e-16
   outer loop
     vertex  1.300750e+01 -7.470278e+00  0.000000e+00
     vertex  1.300750e+01 -7.470278e+00  1.800000e+01
     vertex  1.279766e+01 -7.824315e+00  0.000000e+00
   endloop
 endfacet
 facet normal  8.739167e-01 -4.860756e-01  9.593820e-17
   outer loop
     vertex  1.320754e+01 -7.110619e+00  0.000000e+00
     vertex  1.320754e+01 -7.110619e+00  1.800000e+01
     vertex  1.300750e+01 -7.470278e+00  0.000000e+00
   endloop
 endfacet
 facet normal  8.869228e-01 -4.619176e-01  1.139626e-16
   outer loop
     vertex  1.339764e+01 -6.745606e+00  0.000000e+00
     vertex  1.339764e+01 -6.745606e+00  1.800000e+01
     vertex  1.320754e+01 -7.110619e+00  1.800000e+01
   endloop
 endfacet
 facet normal  8.992613e-01 -4.374119e-01  1.079166e-16
   outer loop
     vertex  1.339764e+01 -6.745606e+00  0.000000e+00
     vertex  1.357766e+01 -6.375515e+00  1.800000e+01
     vertex  1.339764e+01 -6.745606e+00  1.800000e+01
   endloop
 endfacet
 facet normal  8.869228e-01 -4.619176e-01  9.186372e-17
   outer loop
     vertex  1.339764e+01 -6.745606e+00  0.000000e+00
     vertex  1.320754e+01 -7.110619e+00  1.800000e+01
     vertex  1.320754e+01 -7.110619e+00  0.000000e+00
   endloop
 endfacet
 facet normal  8.992613e-01 -4.374119e-01  8.633329e-17
   outer loop
     vertex  1.357766e+01 -6.375515e+00  0.000000e+00
     vertex  1.357766e+01 -6.375515e+00  1.800000e+01
     vertex  1.339764e+01 -6.745606e+00  0.000000e+00
   endloop
 endfacet
 facet normal  9.109228e-01 -4.125769e-01  8.143153e-17
   outer loop
     vertex  1.357766e+01 -6.375515e+00  0.000000e+00
     vertex  1.374745e+01 -6.000626e+00  1.800000e+01
     vertex  1.357766e+01 -6.375515e+00  1.800000e+01
   endloop
 endfacet
 facet normal  9.109228e-01 -4.125769e-01  1.017894e-16
   outer loop
     vertex  1.374745e+01 -6.000626e+00  0.000000e+00
     vertex  1.374745e+01 -6.000626e+00  1.800000e+01
     vertex  1.357766e+01 -6.375515e+00  0.000000e+00
   endloop
 endfacet
 facet normal  9.218986e-01 -3.874313e-01  9.558558e-17
   outer loop
     vertex  1.374745e+01 -6.000626e+00  0.000000e+00
     vertex  1.390690e+01 -5.621219e+00  1.800000e+01
     vertex  1.374745e+01 -6.000626e+00  1.800000e+01
   endloop
 endfacet
 facet normal  9.218986e-01 -3.874313e-01  7.646847e-17
   outer loop
     vertex  1.390690e+01 -5.621219e+00  0.000000e+00
     vertex  1.390690e+01 -5.621219e+00  1.800000e+01
     vertex  1.374745e+01 -6.000626e+00  0.000000e+00
   endloop
 endfacet
 facet normal  9.321804e-01 -3.619940e-01  7.123826e-17
   outer loop
     vertex  1.405588e+01 -5.237580e+00  0.000000e+00
     vertex  1.390690e+01 -5.621219e+00  1.800000e+01
     vertex  1.390690e+01 -5.621219e+00  0.000000e+00
   endloop
 endfacet
 facet normal  9.321804e-01 -3.619940e-01  8.930980e-17
   outer loop
     vertex  1.405588e+01 -5.237580e+00  0.000000e+00
     vertex  1.405588e+01 -5.237580e+00  1.800000e+01
     vertex  1.390690e+01 -5.621219e+00  1.800000e+01
   endloop
 endfacet
 facet normal  9.417605e-01 -3.362843e-01  8.256584e-17
   outer loop
     vertex  1.419428e+01 -4.849999e+00  0.000000e+00
     vertex  1.405588e+01 -5.237580e+00  1.800000e+01
     vertex  1.405588e+01 -5.237580e+00  0.000000e+00
   endloop
 endfacet
 facet normal  9.417605e-01 -3.362843e-01  6.637344e-17
   outer loop
     vertex  1.419428e+01 -4.849999e+00  0.000000e+00
     vertex  1.419428e+01 -4.849999e+00  1.800000e+01
     vertex  1.405588e+01 -5.237580e+00  1.800000e+01
   endloop
 endfacet
 facet normal  9.506317e-01 -3.103214e-01  6.136236e-17
   outer loop
     vertex  1.432199e+01 -4.458768e+00  0.000000e+00
     vertex  1.419428e+01 -4.849999e+00  1.800000e+01
     vertex  1.419428e+01 -4.849999e+00  0.000000e+00
   endloop
 endfacet
 facet normal  9.506317e-01 -3.103214e-01  6.124907e-17
   outer loop
     vertex  1.432199e+01 -4.458768e+00  0.000000e+00
     vertex  1.432199e+01 -4.458768e+00  1.800000e+01
     vertex  1.419428e+01 -4.849999e+00  1.800000e+01
   endloop
 endfacet
 facet normal  9.587873e-01 -2.841250e-01  5.568452e-17
   outer loop
     vertex  1.443892e+01 -4.064179e+00  0.000000e+00
     vertex  1.432199e+01 -4.458768e+00  1.800000e+01
     vertex  1.432199e+01 -4.458768e+00  0.000000e+00
   endloop
 endfacet
 facet normal  9.587873e-01 -2.841250e-01  5.607859e-17
   outer loop
     vertex  1.443892e+01 -4.064179e+00  0.000000e+00
     vertex  1.443892e+01 -4.064179e+00  1.800000e+01
     vertex  1.432199e+01 -4.458768e+00  1.800000e+01
   endloop
 endfacet
 facet normal  9.662211e-01 -2.577146e-01  5.084186e-17
   outer loop
     vertex  1.454498e+01 -3.666531e+00  0.000000e+00
     vertex  1.443892e+01 -4.064179e+00  1.800000e+01
     vertex  1.443892e+01 -4.064179e+00  0.000000e+00
   endloop
 endfacet
 facet normal  9.662211e-01 -2.577146e-01  5.722414e-17
   outer loop
     vertex  1.454498e+01 -3.666531e+00  0.000000e+00
     vertex  1.454498e+01 -3.666531e+00  1.800000e+01
     vertex  1.443892e+01 -4.064179e+00  1.800000e+01
   endloop
 endfacet
 facet normal  9.729276e-01 -2.311102e-01  5.142483e-17
   outer loop
     vertex  1.464010e+01 -3.266124e+00  0.000000e+00
     vertex  1.454498e+01 -3.666531e+00  1.800000e+01
     vertex  1.454498e+01 -3.666531e+00  0.000000e+00
   endloop
 endfacet
 facet normal  9.729276e-01 -2.311102e-01  5.131678e-17
   outer loop
     vertex  1.464010e+01 -3.266124e+00  0.000000e+00
     vertex  1.464010e+01 -3.266124e+00  1.800000e+01
     vertex  1.454498e+01 -3.666531e+00  1.800000e+01
   endloop
 endfacet
 facet normal  9.789017e-01 -2.043319e-01  4.548006e-17
   outer loop
     vertex  1.472419e+01 -2.863257e+00  0.000000e+00
     vertex  1.464010e+01 -3.266124e+00  1.800000e+01
     vertex  1.464010e+01 -3.266124e+00  0.000000e+00
   endloop
 endfacet
 facet normal  9.789017e-01 -2.043319e-01  4.537080e-17
   outer loop
     vertex  1.472419e+01 -2.863257e+00  0.000000e+00
     vertex  1.472419e+01 -2.863257e+00  1.800000e+01
     vertex  1.464010e+01 -3.266124e+00  1.800000e+01
   endloop
 endfacet
 facet normal  9.841389e-01 -1.773998e-01  3.947916e-17
   outer loop
     vertex  1.479720e+01 -2.458235e+00  0.000000e+00
     vertex  1.472419e+01 -2.863257e+00  1.800000e+01
     vertex  1.472419e+01 -2.863257e+00  0.000000e+00
   endloop
 endfacet
 facet normal  9.841389e-01 -1.773998e-01  3.939066e-17
   outer loop
     vertex  1.479720e+01 -2.458235e+00  0.000000e+00
     vertex  1.479720e+01 -2.458235e+00  1.800000e+01
     vertex  1.472419e+01 -2.863257e+00  1.800000e+01
   endloop
 endfacet
 facet normal  9.886353e-01 -1.503341e-01  3.330463e-17
   outer loop
     vertex  1.485907e+01 -2.051363e+00  0.000000e+00
     vertex  1.479720e+01 -2.458235e+00  1.800000e+01
     vertex  1.479720e+01 -2.458235e+00  0.000000e+00
   endloop
 endfacet
 facet normal  9.886353e-01 -1.503341e-01  3.338087e-17
   outer loop
     vertex  1.485907e+01 -2.051363e+00  0.000000e+00
     vertex  1.485907e+01 -2.051363e+00  1.800000e+01
     vertex  1.479720e+01 -2.458235e+00  1.800000e+01
   endloop
 endfacet
 facet normal  9.923874e-01 -1.231552e-01  2.731129e-17
   outer loop
     vertex  1.490975e+01 -1.642947e+00  0.000000e+00
     vertex  1.485907e+01 -2.051363e+00  1.800000e+01
     vertex  1.485907e+01 -2.051363e+00  0.000000e+00
   endloop
 endfacet
 facet normal  9.923874e-01 -1.231552e-01  2.734596e-17
   outer loop
     vertex  1.490975e+01 -1.642947e+00  0.000000e+00
     vertex  1.490975e+01 -1.642947e+00  1.800000e+01
     vertex  1.485907e+01 -2.051363e+00  1.800000e+01
   endloop
 endfacet
 facet normal  9.953925e-01 -9.588368e-02  2.129045e-17
   outer loop
     vertex  1.494921e+01 -1.233293e+00  0.000000e+00
     vertex  1.494921e+01 -1.233293e+00  1.800000e+01
     vertex  1.490975e+01 -1.642947e+00  1.800000e+01
   endloop
 endfacet
 facet normal  9.976484e-01 -6.853995e-02  1.521893e-17
   outer loop
     vertex  1.494921e+01 -1.233293e+00  0.000000e+00
     vertex  1.497742e+01 -8.227117e-01  1.800000e+01
     vertex  1.494921e+01 -1.233293e+00  1.800000e+01
   endloop
 endfacet
 facet normal  9.953925e-01 -9.588368e-02  2.146177e-17
   outer loop
     vertex  1.494921e+01 -1.233293e+00  0.000000e+00
     vertex  1.490975e+01 -1.642947e+00  1.800000e+01
     vertex  1.490975e+01 -1.642947e+00  0.000000e+00
   endloop
 endfacet
 facet normal  9.976484e-01 -6.853995e-02  1.521893e-17
   outer loop
     vertex  1.497742e+01 -8.227117e-01  0.000000e+00
     vertex  1.497742e+01 -8.227117e-01  1.800000e+01
     vertex  1.494921e+01 -1.233293e+00  0.000000e+00
   endloop
 endfacet
 facet normal  9.991532e-01 -4.114462e-02  9.135940e-18
   outer loop
     vertex  1.499435e+01 -4.115107e-01  0.000000e+00
     vertex  1.499435e+01 -4.115107e-01  1.800000e+01
     vertex  1.497742e+01 -8.227117e-01  1.800000e+01
   endloop
 endfacet
 facet normal  9.991532e-01 -4.114462e-02  9.109063e-18
   outer loop
     vertex  1.499435e+01 -4.115107e-01  0.000000e+00
     vertex  1.497742e+01 -8.227117e-01  1.800000e+01
     vertex  1.497742e+01 -8.227117e-01  0.000000e+00
   endloop
 endfacet
 facet normal  9.999059e-01 -1.371831e-02  3.046078e-18
   outer loop
     vertex  1.500000e+01  0.000000e+00  0.000000e+00
     vertex  1.500000e+01  3.996803e-15  1.800000e+01
     vertex  1.499435e+01 -4.115107e-01  1.800000e+01
   endloop
 endfacet
 facet normal  9.999059e-01 -1.371831e-02  3.047766e-18
   outer loop
     vertex  1.500000e+01  0.000000e+00  0.000000e+00
     vertex  1.499435e+01 -4.115107e-01  1.800000e+01
     vertex  1.499435e+01 -4.115107e-01  0.000000e+00
   endloop
 endfacet
 facet normal  0.000000e+00  0.000000e+00 -1.000000e+00
   outer loop
     vertex -1.147596e+01 -9.659318e+00  0.000000e+00
     vertex -1.092889e+01 -1.027421e+01  0.000000e+00
     vertex -1.120664e+01 -9.970515e+00  0.000000e+00
   endloop
 endfacet
 facet normal  0.000000e+00  0.000000e+00 -1.000000e+00
   outer loop
     vertex -9.421136e+00 -1.167228e+01  0.000000e+00
     vertex -1.064292e+01 -1.057016e+01  0.000000e+00
     vertex -1.092889e+01 -1.027421e+01  0.000000e+00
   endloop
 endfacet
 facet normal  0.000000e+00  0.000000e+00 -1.000000e+00
   outer loop
     vertex -9.421136e+00 -1.167228e+01  0.000000e+00
     vertex -1.092889e+01 -1.027421e+01  0.000000e+00
     vertex -1.147596e+01 -9.659318e+00  0.000000e+00
   endloop
 endfacet
 facet normal  0.000000e+00  0.000000e+00 -1.000000e+00
   outer loop
     vertex -9.421136e+00 -1.167228e+01  0.000000e+00
     vertex -1.034893e+01 -1.085816e+01  0.000000e+00
     vertex -1.064292e+01 -1.057016e+01  0.000000e+00
   endloop
 endfacet
 facet normal  0.000000e+00  0.000000e+00 -1.000000e+00
   outer loop
     vertex -9.421136e+00 -1.167228e+01  0.000000e+00
     vertex -1.004715e+01 -1.113799e+01  0.000000e+00
     vertex -1.034893e+01 -1.085816e+01  0.000000e+00
   endloop
 endfacet
 facet normal  0.000000e+00  0.000000e+00 -1.000000e+00
   outer loop
     vertex -9.421136e+00 -1.167228e+01  0.000000e+00
     vertex -9.737808e+00 -1.140943e+01  0.000000e+00
     vertex -1.004715e+01 -1.113799e+01  0.000000e+00
   endloop
 endfacet
 facet normal  0.000000e+00  0.000000e+00 -1.000000e+00
   outer loop
     vertex -8.766760e+00 -1.217144e+01  0.000000e+00
     vertex -9.097372e+00 -1.192635e+01  0.000000e+00
     vertex -9.421136e+00 -1.167228e+01  0.000000e+00
   endloop
 endfacet
 facet normal  0.000000e+00  0.000000e+00 -1.000000e+00
   outer loop
     vertex -8.085992e+00 -1.263395e+01  0.000000e+00
     vertex -9.421136e+00 -1.167228e+01  0.000000e+00
     vertex -1.147596e+01 -9.659318e+00  0.000000e+00
   endloop
 endfacet
 facet normal  0.000000e+00  0.000000e+00 -1.000000e+00
   outer loop
     vertex -8.085992e+00 -1.263395e+01  0.000000e+00
     vertex -8.429549e+00 -1.240737e+01  0.000000e+00
     vertex -8.766760e+00 -1.217144e+01  0.000000e+00
   endloop
 endfacet
 facet normal  0.000000e+00  0.000000e+00 -1.000000e+00
   outer loop
     vertex -8.085992e+00 -1.263395e+01  0.000000e+00
     vertex -8.766760e+00 -1.217144e+01  0.000000e+00
     vertex -9.421136e+00 -1.167228e+01  0.000000e+00
   endloop
 endfacet
 facet normal  0.000000e+00  0.000000e+00 -1.000000e+00
   outer loop
     vertex -1.268912e+01 -7.999141e+00  0.000000e+00
     vertex -1.223129e+01 -8.683066e+00  0.000000e+00
     vertex -1.246489e+01 -8.344244e+00  0.000000e+00
   endloop
 endfacet
 facet normal  0.000000e+00  0.000000e+00 -1.000000e+00
   outer loop
     vertex -1.268912e+01 -7.999141e+00  0.000000e+00
     vertex -1.198847e+01 -9.015352e+00  0.000000e+00
     vertex -1.223129e+01 -8.683066e+00  0.000000e+00
   endloop
 endfacet
 facet normal  0.000000e+00  0.000000e+00 -1.000000e+00
   outer loop
     vertex -1.290379e+01 -7.648016e+00  0.000000e+00
     vertex -1.173663e+01 -9.340851e+00  0.000000e+00
     vertex -1.198847e+01 -9.015352e+00  0.000000e+00
   endloop
 endfacet
 facet normal  0.000000e+00  0.000000e+00 -1.000000e+00
   outer loop
     vertex -1.290379e+01 -7.648016e+00  0.000000e+00
     vertex -1.147596e+01 -9.659318e+00  0.000000e+00
     vertex -1.173663e+01 -9.340851e+00  0.000000e+00
   endloop
 endfacet
 facet normal  0.000000e+00  0.000000e+00 -1.000000e+00
   outer loop
     vertex -1.290379e+01 -7.648016e+00  0.000000e+00
     vertex -1.198847e+01 -9.015352e+00  0.000000e+00
     vertex -1.268912e+01 -7.999141e+00  0.000000e+00
   endloop
 endfacet
 facet normal  0.000000e+00  0.000000e+00 -1.000000e+00
   outer loop
     vertex -1.290379e+01 -7.648016e+00  0.000000e+00
     vertex -8.085992e+00 -1.263395e+01  0.000000e+00
     vertex -1.147596e+01 -9.659318e+00  0.000000e+00
   endloop
 endfacet
 facet normal  0.000000e+00  0.000000e+00 -1.000000e+00
   outer loop
     vertex -7.019857e+00 -1.325600e+01  0.000000e+00
     vertex -7.736348e+00 -1.285103e+01  0.000000e+00
     vertex -8.085992e+00 -1.263395e+01  0.000000e+00
   endloop
 endfacet
 facet normal  0.000000e+00  0.000000e+00 -1.000000e+00
   outer loop
     vertex -7.019857e+00 -1.325600e+01  0.000000e+00
     vertex -7.380880e+00 -1.305843e+01  0.000000e+00
     vertex -7.736348e+00 -1.285103e+01  0.000000e+00
   endloop
 endfacet
 facet normal  0.000000e+00  0.000000e+00 -1.000000e+00
   outer loop
     vertex -6.653549e+00 -1.344360e+01  0.000000e+00
     vertex -7.019857e+00 -1.325600e+01  0.000000e+00
     vertex -8.085992e+00 -1.263395e+01  0.000000e+00
   endloop
 endfacet
 facet normal  0.000000e+00  0.000000e+00 -1.000000e+00
   outer loop
     vertex -1.366384e+01 -6.188653e+00  0.000000e+00
     vertex -1.330384e+01 -6.928764e+00  0.000000e+00
     vertex -1.348892e+01 -6.561178e+00  0.000000e+00
   endloop
 endfacet
 facet normal  0.000000e+00  0.000000e+00 -1.000000e+00
   outer loop
     vertex -1.366384e+01 -6.188653e+00  0.000000e+00
     vertex -1.310875e+01 -7.291135e+00  0.000000e+00
     vertex -1.330384e+01 -6.928764e+00  0.000000e+00
   endloop
 endfacet
 facet normal  0.000000e+00  0.000000e+00 -1.000000e+00
   outer loop
     vertex -5.906186e+00 -1.378829e+01  0.000000e+00
     vertex -1.290379e+01 -7.648016e+00  0.000000e+00
     vertex -1.310875e+01 -7.291135e+00  0.000000e+00
   endloop
 endfacet
 facet normal  0.000000e+00  0.000000e+00 -1.000000e+00
   outer loop
     vertex -5.906186e+00 -1.378829e+01  0.000000e+00
     vertex -6.282232e+00 -1.362107e+01  0.000000e+00
     vertex -6.653549e+00 -1.344360e+01  0.000000e+00
   endloop
 endfacet
 facet normal  0.000000e+00  0.000000e+00 -1.000000e+00
   outer loop
     vertex -5.906186e+00 -1.378829e+01  0.000000e+00
     vertex -8.085992e+00 -1.263395e+01  0.000000e+00
     vertex -1.290379e+01 -7.648016e+00  0.000000e+00
   endloop
 endfacet
 facet normal  0.000000e+00  0.000000e+00 -1.000000e+00
   outer loop
     vertex -5.906186e+00 -1.378829e+01  0.000000e+00
     vertex -6.653549e+00 -1.344360e+01  0.000000e+00
     vertex -8.085992e+00 -1.263395e+01  0.000000e+00
   endloop
 endfacet
 facet normal  0.000000e+00  0.000000e+00 -1.000000e+00
   outer loop
     vertex -1.382848e+01 -5.811469e+00  0.000000e+00
     vertex -1.310875e+01 -7.291135e+00  0.000000e+00
     vertex -1.366384e+01 -6.188653e+00  0.000000e+00
   endloop
 endfacet
 facet normal  0.000000e+00  0.000000e+00 -1.000000e+00
   outer loop
     vertex -5.141043e+00 -1.409148e+01  0.000000e+00
     vertex -5.525695e+00 -1.394513e+01  0.000000e+00
     vertex -5.906186e+00 -1.378829e+01  0.000000e+00
   endloop
 endfacet
 facet normal  0.000000e+00  0.000000e+00 -1.000000e+00
   outer loop
     vertex -5.141043e+00 -1.409148e+01  0.000000e+00
     vertex -5.906186e+00 -1.378829e+01  0.000000e+00
     vertex -1.310875e+01 -7.291135e+00  0.000000e+00
   endloop
 endfacet
 facet normal  0.000000e+00  0.000000e+00 -1.000000e+00
   outer loop
     vertex -1.425948e+01 -4.654822e+00  0.000000e+00
     vertex -1.398271e+01 -5.429911e+00  0.000000e+00
     vertex -1.412641e+01 -5.044265e+00  0.000000e+00
   endloop
 endfacet
 facet normal  0.000000e+00  0.000000e+00 -1.000000e+00
   outer loop
     vertex -1.425948e+01 -4.654822e+00  0.000000e+00
     vertex -1.382848e+01 -5.811469e+00  0.000000e+00
     vertex -1.398271e+01 -5.429911e+00  0.000000e+00
   endloop
 endfacet
 facet normal  0.000000e+00  0.000000e+00 -1.000000e+00
   outer loop
     vertex -3.965042e+00 -1.446646e+01  0.000000e+00
     vertex -4.360424e+00 -1.435224e+01  0.000000e+00
     vertex -4.752522e+00 -1.422721e+01  0.000000e+00
   endloop
 endfacet
 facet normal  0.000000e+00  0.000000e+00 -1.000000e+00
   outer loop
     vertex -1.459391e+01 -3.466654e+00  0.000000e+00
     vertex -1.438181e+01 -4.261874e+00  0.000000e+00
     vertex -1.449332e+01 -3.865719e+00  0.000000e+00
   endloop
 endfacet
 facet normal  0.000000e+00  0.000000e+00 -1.000000e+00
   outer loop
     vertex -1.459391e+01 -3.466654e+00  0.000000e+00
     vertex -1.425948e+01 -4.654822e+00  0.000000e+00
     vertex -1.438181e+01 -4.261874e+00  0.000000e+00
   endloop
 endfacet
 facet normal  0.000000e+00  0.000000e+00 -1.000000e+00
   outer loop
     vertex -3.165626e+00 -1.466216e+01  0.000000e+00
     vertex -3.965042e+00 -1.446646e+01  0.000000e+00
     vertex -4.752522e+00 -1.422721e+01  0.000000e+00
   endloop
 endfacet
 facet normal  0.000000e+00  0.000000e+00 -1.000000e+00
   outer loop
     vertex -3.165626e+00 -1.466216e+01  0.000000e+00
     vertex -3.566676e+00 -1.456979e+01  0.000000e+00
     vertex -3.965042e+00 -1.446646e+01  0.000000e+00
   endloop
 endfacet
 facet normal  0.000000e+00  0.000000e+00 -1.000000e+00
   outer loop
     vertex -1.476208e+01 -2.660997e+00  0.000000e+00
     vertex -1.459391e+01 -3.466654e+00  0.000000e+00
     vertex -1.468352e+01 -3.064979e+00  0.000000e+00
   endloop
 endfacet
 facet normal  0.000000e+00  0.000000e+00 -1.000000e+00
   outer loop
     vertex -1.476208e+01 -2.660997e+00  0.000000e+00
     vertex -1.425948e+01 -4.654822e+00  0.000000e+00
     vertex -1.459391e+01 -3.466654e+00  0.000000e+00
   endloop
 endfacet
 facet normal  0.000000e+00  0.000000e+00 -1.000000e+00
   outer loop
     vertex -2.356679e+00 -1.481371e+01  0.000000e+00
     vertex -3.165626e+00 -1.466216e+01  0.000000e+00
     vertex -4.752522e+00 -1.422721e+01  0.000000e+00
   endloop
 endfacet
 facet normal  0.000000e+00  0.000000e+00 -1.000000e+00
   outer loop
     vertex -2.356679e+00 -1.481371e+01  0.000000e+00
     vertex -4.752522e+00 -1.422721e+01  0.000000e+00
     vertex -5.141043e+00 -1.409148e+01  0.000000e+00
   endloop
 endfacet
 facet normal  0.000000e+00  0.000000e+00 -1.000000e+00
   outer loop
     vertex -2.356679e+00 -1.481371e+01  0.000000e+00
     vertex -2.762192e+00 -1.474348e+01  0.000000e+00
     vertex -3.165626e+00 -1.466216e+01  0.000000e+00
   endloop
 endfacet
 facet normal  0.000000e+00  0.000000e+00 -1.000000e+00
   outer loop
     vertex -1.949392e+00 -1.487279e+01  0.000000e+00
     vertex -2.356679e+00 -1.481371e+01  0.000000e+00
     vertex -5.141043e+00 -1.409148e+01  0.000000e+00
   endloop
 endfacet
 facet normal  0.000000e+00  0.000000e+00 -1.000000e+00
   outer loop
     vertex -1.488581e+01 -1.847329e+00  0.000000e+00
     vertex -1.476208e+01 -2.660997e+00  0.000000e+00
     vertex -1.482953e+01 -2.255011e+00  0.000000e+00
   endloop
 endfacet
 facet normal  0.000000e+00  0.000000e+00 -1.000000e+00
   outer loop
     vertex -1.493089e+01 -1.438255e+00  0.000000e+00
     vertex -1.476208e+01 -2.660997e+00  0.000000e+00
     vertex -1.488581e+01 -1.847329e+00  0.000000e+00
   endloop
 endfacet
 facet normal  0.000000e+00  0.000000e+00 -1.000000e+00
   outer loop
     vertex -7.199574e-01 -1.498271e+01  0.000000e+00
     vertex -1.540637e+00 -1.492067e+01  0.000000e+00
     vertex -1.949392e+00 -1.487279e+01  0.000000e+00
   endloop
 endfacet
 facet normal  0.000000e+00  0.000000e+00 -1.000000e+00
   outer loop
     vertex -7.199574e-01 -1.498271e+01  0.000000e+00
     vertex -1.130723e+00 -1.495732e+01  0.000000e+00
     vertex -1.540637e+00 -1.492067e+01  0.000000e+00
   endloop
 endfacet
 facet normal  0.000000e+00  0.000000e+00 -1.000000e+00
   outer loop
     vertex -3.086500e-01 -1.499682e+01  0.000000e+00
     vertex -7.199574e-01 -1.498271e+01  0.000000e+00
     vertex -1.949392e+00 -1.487279e+01  0.000000e+00
   endloop
 endfacet
 facet normal  0.000000e+00  0.000000e+00 -1.000000e+00
   outer loop
     vertex -1.499859e+01  2.057747e-01  0.000000e+00
     vertex -1.498730e+01 -6.171693e-01  0.000000e+00
     vertex -1.499859e+01 -2.057747e-01  0.000000e+00
   endloop
 endfacet
 facet normal -0.000000e+00  0.000000e+00 -1.000000e+00
   outer loop
     vertex  5.143521e-01 -1.499118e+01  0.000000e+00
     vertex -3.086500e-01 -1.499682e+01  0.000000e+00
     vertex -1.949392e+00 -1.487279e+01  0.000000e+00
   endloop
 endfacet
 facet normal  0.000000e+00  0.000000e+00 -1.000000e+00
   outer loop
     vertex  5.143521e-01 -1.499118e+01  0.000000e+00
     vertex -1.949392e+00 -1.487279e+01  0.000000e+00
     vertex -5.141043e+00 -1.409148e+01  0.000000e+00
   endloop
 endfacet
 facet normal  0.000000e+00  0.000000e+00 -1.000000e+00
   outer loop
     vertex  5.143521e-01 -1.499118e+01  0.000000e+00
     vertex  1.028898e-01 -1.499965e+01  0.000000e+00
     vertex -3.086500e-01 -1.499682e+01  0.000000e+00
   endloop
 endfacet
 facet normal  0.000000e+00  0.000000e+00 -1.000000e+00
   outer loop
     vertex  5.143521e-01 -1.499118e+01  0.000000e+00
     vertex -1.310875e+01 -7.291135e+00  0.000000e+00
     vertex -1.382848e+01 -5.811469e+00  0.000000e+00
   endloop
 endfacet
 facet normal  0.000000e+00  0.000000e+00 -1.000000e+00
   outer loop
     vertex  5.143521e-01 -1.499118e+01  0.000000e+00
     vertex -5.141043e+00 -1.409148e+01  0.000000e+00
     vertex -1.310875e+01 -7.291135e+00  0.000000e+00
   endloop
 endfacet
 facet normal  0.000000e+00  0.000000e+00 -1.000000e+00
   outer loop
     vertex -1.498730e+01  6.171693e-01  0.000000e+00
     vertex -1.496473e+01 -1.028099e+00  0.000000e+00
     vertex -1.498730e+01 -6.171693e-01  0.000000e+00
   endloop
 endfacet
 facet normal  0.000000e+00  0.000000e+00 -1.000000e+00
   outer loop
     vertex -1.498730e+01  6.171693e-01  0.000000e+00
     vertex -1.493089e+01 -1.438255e+00  0.000000e+00
     vertex -1.496473e+01 -1.028099e+00  0.000000e+00
   endloop
 endfacet
 facet normal  0.000000e+00 -0.000000e+00 -1.000000e+00
   outer loop
     vertex -1.498730e+01  6.171693e-01  0.000000e+00
     vertex -1.498730e+01 -6.171693e-01  0.000000e+00
     vertex -1.499859e+01  2.057747e-01  0.000000e+00
   endloop
 endfacet
 facet normal -0.000000e+00  0.000000e+00 -1.000000e+00
   outer loop
     vertex  1.335806e+00 -1.494040e+01  0.000000e+00
     vertex  5.143521e-01 -1.499118e+01  0.000000e+00
     vertex -1.382848e+01 -5.811469e+00  0.000000e+00
   endloop
 endfacet
 facet normal  0.000000e+00  0.000000e+00 -1.000000e+00
   outer loop
     vertex  1.335806e+00 -1.494040e+01  0.000000e+00
     vertex  9.254272e-01 -1.497143e+01  0.000000e+00
     vertex  5.143521e-01 -1.499118e+01  0.000000e+00
   endloop
 endfacet
 facet normal  0.000000e+00  0.000000e+00 -1.000000e+00
   outer loop
     vertex -1.482953e+01  2.255011e+00  0.000000e+00
     vertex -1.493089e+01  1.438255e+00  0.000000e+00
     vertex -1.488581e+01  1.847329e+00  0.000000e+00
   endloop
 endfacet
 facet normal  0.000000e+00  0.000000e+00 -1.000000e+00
   outer loop
     vertex -1.482953e+01  2.255011e+00  0.000000e+00
     vertex -1.496473e+01  1.028099e+00  0.000000e+00
     vertex -1.493089e+01  1.438255e+00  0.000000e+00
   endloop
 endfacet
 facet normal  0.000000e+00  0.000000e+00 -1.000000e+00
   outer loop
     vertex -1.482953e+01  2.255011e+00  0.000000e+00
     vertex -1.498730e+01  6.171693e-01  0.000000e+00
     vertex -1.496473e+01  1.028099e+00  0.000000e+00
   endloop
 endfacet
 facet normal  0.000000e+00 -0.000000e+00 -1.000000e+00
   outer loop
     vertex -1.482953e+01  2.255011e+00  0.000000e+00
     vertex -1.476208e+01 -2.660997e+00  0.000000e+00
     vertex -1.493089e+01 -1.438255e+00  0.000000e+00
   endloop
 endfacet
 facet normal  0.000000e+00  0.000000e+00 -1.000000e+00
   outer loop
     vertex -1.482953e+01  2.255011e+00  0.000000e+00
     vertex -1.425948e+01 -4.654822e+00  0.000000e+00
     vertex -1.476208e+01 -2.660997e+00  0.000000e+00
   endloop
 endfacet
 facet normal  0.000000e+00  0.000000e+00 -1.000000e+00
   outer loop
     vertex -1.482953e+01  2.255011e+00  0.000000e+00
     vertex -1.493089e+01 -1.438255e+00  0.000000e+00
     vertex -1.498730e+01  6.171693e-01  0.000000e+00
   endloop
 endfacet
 facet normal  0.000000e+00  0.000000e+00 -1.000000e+00
   outer loop
     vertex -1.482953e+01  2.255011e+00  0.000000e+00
     vertex -1.382848e+01 -5.811469e+00  0.000000e+00
     vertex -1.425948e+01 -4.654822e+00  0.000000e+00
   endloop
 endfacet
 facet normal  0.000000e+00  0.000000e+00 -1.000000e+00
   outer loop
     vertex  2.559676e+00 -1.477999e+01  0.000000e+00
     vertex  2.153238e+00 -1.484465e+01  0.000000e+00
     vertex  1.745179e+00 -1.489813e+01  0.000000e+00
   endloop
 endfacet
 facet normal  0.000000e+00  0.000000e+00 -1.000000e+00
   outer loop
     vertex  3.366468e+00 -1.461735e+01  0.000000e+00
     vertex  2.559676e+00 -1.477999e+01  0.000000e+00
     vertex  1.745179e+00 -1.489813e+01  0.000000e+00
   endloop
 endfacet
 facet normal  0.000000e+00  0.000000e+00 -1.000000e+00
   outer loop
     vertex  3.366468e+00 -1.461735e+01  0.000000e+00
     vertex  2.964188e+00 -1.470420e+01  0.000000e+00
     vertex  2.559676e+00 -1.477999e+01  0.000000e+00
   endloop
 endfacet
 facet normal  0.000000e+00  0.000000e+00 -1.000000e+00
   outer loop
     vertex -1.459391e+01  3.466654e+00  0.000000e+00
     vertex -1.476208e+01  2.660997e+00  0.000000e+00
     vertex -1.468352e+01  3.064979e+00  0.000000e+00
   endloop
 endfacet
 facet normal  0.000000e+00  0.000000e+00 -1.000000e+00
   outer loop
     vertex  3.766214e+00 -1.451949e+01  0.000000e+00
     vertex  3.366468e+00 -1.461735e+01  0.000000e+00
     vertex  1.745179e+00 -1.489813e+01  0.000000e+00
   endloop
 endfacet
 facet normal  0.000000e+00  0.000000e+00 -1.000000e+00
   outer loop
     vertex -1.449332e+01  3.865719e+00  0.000000e+00
     vertex -1.476208e+01  2.660997e+00  0.000000e+00
     vertex -1.459391e+01  3.466654e+00  0.000000e+00
   endloop
 endfacet
 facet normal  0.000000e+00  0.000000e+00 -1.000000e+00
   outer loop
     vertex -1.438181e+01  4.261874e+00  0.000000e+00
     vertex -1.482953e+01  2.255011e+00  0.000000e+00
     vertex -1.476208e+01  2.660997e+00  0.000000e+00
   endloop
 endfacet
 facet normal  0.000000e+00  0.000000e+00 -1.000000e+00
   outer loop
     vertex -1.438181e+01  4.261874e+00  0.000000e+00
     vertex -1.476208e+01  2.660997e+00  0.000000e+00
     vertex -1.449332e+01  3.865719e+00  0.000000e+00
   endloop
 endfacet
 facet normal  0.000000e+00  0.000000e+00 -1.000000e+00
   outer loop
     vertex  4.556902e+00 -1.429107e+01  0.000000e+00
     vertex  4.163125e+00 -1.441070e+01  0.000000e+00
     vertex  3.766214e+00 -1.451949e+01  0.000000e+00
   endloop
 endfacet
 facet normal  0.000000e+00  0.000000e+00 -1.000000e+00
   outer loop
     vertex  4.947248e+00 -1.416068e+01  0.000000e+00
     vertex  4.556902e+00 -1.429107e+01  0.000000e+00
     vertex  3.766214e+00 -1.451949e+01  0.000000e+00
   endloop
 endfacet
 facet normal  0.000000e+00  0.000000e+00 -1.000000e+00
   outer loop
     vertex -1.412641e+01  5.044265e+00  0.000000e+00
     vertex -1.438181e+01  4.261874e+00  0.000000e+00
     vertex -1.425948e+01  4.654822e+00  0.000000e+00
   endloop
 endfacet
 facet normal  0.000000e+00  0.000000e+00 -1.000000e+00
   outer loop
     vertex -1.412641e+01  5.044265e+00  0.000000e+00
     vertex -1.482953e+01  2.255011e+00  0.000000e+00
     vertex -1.438181e+01  4.261874e+00  0.000000e+00
   endloop
 endfacet
 facet normal  0.000000e+00  0.000000e+00 -1.000000e+00
   outer loop
     vertex -1.382848e+01  5.811469e+00  0.000000e+00
     vertex -1.412641e+01  5.044265e+00  0.000000e+00
     vertex -1.398271e+01  5.429911e+00  0.000000e+00
   endloop
 endfacet
 facet normal  0.000000e+00  0.000000e+00 -1.000000e+00
   outer loop
     vertex  6.094783e+00 -1.370597e+01  0.000000e+00
     vertex  5.333871e+00 -1.401962e+01  0.000000e+00
     vertex  4.947248e+00 -1.416068e+01  0.000000e+00
   endloop
 endfacet
 facet normal  0.000000e+00  0.000000e+00 -1.000000e+00
   outer loop
     vertex  6.094783e+00 -1.370597e+01  0.000000e+00
     vertex  5.716478e+00 -1.386802e+01  0.000000e+00
     vertex  5.333871e+00 -1.401962e+01  0.000000e+00
   endloop
 endfacet
 facet normal  0.000000e+00  0.000000e+00 -1.000000e+00
   outer loop
     vertex  6.094783e+00 -1.370597e+01  0.000000e+00
     vertex  4.947248e+00 -1.416068e+01  0.000000e+00
     vertex  3.766214e+00 -1.451949e+01  0.000000e+00
   endloop
 endfacet
 facet normal  0.000000e+00  0.000000e+00 -1.000000e+00
   outer loop
     vertex -1.348892e+01  6.561178e+00  0.000000e+00
     vertex -1.482953e+01  2.255011e+00  0.000000e+00
     vertex -1.412641e+01  5.044265e+00  0.000000e+00
   endloop
 endfacet
 facet normal  0.000000e+00  0.000000e+00 -1.000000e+00
   outer loop
     vertex -1.348892e+01  6.561178e+00  0.000000e+00
     vertex -1.412641e+01  5.044265e+00  0.000000e+00
     vertex -1.382848e+01  5.811469e+00  0.000000e+00
   endloop
 endfacet
 facet normal  0.000000e+00  0.000000e+00 -1.000000e+00
   outer loop
     vertex -1.348892e+01  6.561178e+00  0.000000e+00
     vertex -1.382848e+01  5.811469e+00  0.000000e+00
     vertex -1.366384e+01  6.188653e+00  0.000000e+00
   endloop
 endfacet
 facet normal  0.000000e+00  0.000000e+00 -1.000000e+00
   outer loop
     vertex  7.201046e+00 -1.315845e+01  0.000000e+00
     vertex  6.837346e+00 -1.335106e+01  0.000000e+00
     vertex  6.468499e+00 -1.353361e+01  0.000000e+00
   endloop
 endfacet
 facet normal  0.000000e+00  0.000000e+00 -1.000000e+00
   outer loop
     vertex  7.559325e+00 -1.295595e+01  0.000000e+00
     vertex  7.201046e+00 -1.315845e+01  0.000000e+00
     vertex  6.468499e+00 -1.353361e+01  0.000000e+00
   endloop
 endfacet
 facet normal -0.000000e+00  0.000000e+00 -1.000000e+00
   outer loop
     vertex  7.559325e+00 -1.295595e+01  0.000000e+00
     vertex  1.335806e+00 -1.494040e+01  0.000000e+00
     vertex -1.382848e+01 -5.811469e+00  0.000000e+00
   endloop
 endfacet
 facet normal  0.000000e+00  0.000000e+00 -1.000000e+00
   outer loop
     vertex  7.559325e+00 -1.295595e+01  0.000000e+00
     vertex  6.094783e+00 -1.370597e+01  0.000000e+00
     vertex  3.766214e+00 -1.451949e+01  0.000000e+00
   endloop
 endfacet
 facet normal  0.000000e+00  0.000000e+00 -1.000000e+00
   outer loop
     vertex  7.559325e+00 -1.295595e+01  0.000000e+00
     vertex  1.745179e+00 -1.489813e+01  0.000000e+00
     vertex  1.335806e+00 -1.494040e+01  0.000000e+00
   endloop
 endfacet
 facet normal  0.000000e+00  0.000000e+00 -1.000000e+00
   outer loop
     vertex  7.559325e+00 -1.295595e+01  0.000000e+00
     vertex  3.766214e+00 -1.451949e+01  0.000000e+00
     vertex  1.745179e+00 -1.489813e+01  0.000000e+00
   endloop
 endfacet
 facet normal  0.000000e+00  0.000000e+00 -1.000000e+00
   outer loop
     vertex  7.559325e+00 -1.295595e+01  0.000000e+00
     vertex  6.468499e+00 -1.353361e+01  0.000000e+00
     vertex  6.094783e+00 -1.370597e+01  0.000000e+00
   endloop
 endfacet
 facet normal  0.000000e+00  0.000000e+00 -1.000000e+00
   outer loop
     vertex -1.268912e+01  7.999141e+00  0.000000e+00
     vertex -1.310875e+01  7.291135e+00  0.000000e+00
     vertex -1.290379e+01  7.648016e+00  0.000000e+00
   endloop
 endfacet
 facet normal  0.000000e+00  0.000000e+00 -1.000000e+00
   outer loop
     vertex -1.246489e+01  8.344244e+00  0.000000e+00
     vertex -1.310875e+01  7.291135e+00  0.000000e+00
     vertex -1.268912e+01  7.999141e+00  0.000000e+00
   endloop
 endfacet
 facet normal  0.000000e+00  0.000000e+00 -1.000000e+00
   outer loop
     vertex -1.246489e+01  8.344244e+00  0.000000e+00
     vertex -1.330384e+01  6.928764e+00  0.000000e+00
     vertex -1.310875e+01  7.291135e+00  0.000000e+00
   endloop
 endfacet
 facet normal  0.000000e+00  0.000000e+00 -1.000000e+00
   outer loop
     vertex -1.246489e+01  8.344244e+00  0.000000e+00
     vertex -1.348892e+01  6.561178e+00  0.000000e+00
     vertex -1.330384e+01  6.928764e+00  0.000000e+00
   endloop
 endfacet
 facet normal  0.000000e+00  0.000000e+00 -1.000000e+00
   outer loop
     vertex  8.598964e+00 -1.229056e+01  0.000000e+00
     vertex  7.911914e+00 -1.274369e+01  0.000000e+00
     vertex  7.559325e+00 -1.295595e+01  0.000000e+00
   endloop
 endfacet
 facet normal  0.000000e+00  0.000000e+00 -1.000000e+00
   outer loop
     vertex  8.598964e+00 -1.229056e+01  0.000000e+00
     vertex  8.258547e+00 -1.252184e+01  0.000000e+00
     vertex  7.911914e+00 -1.274369e+01  0.000000e+00
   endloop
 endfacet
 facet normal  0.000000e+00  0.000000e+00 -1.000000e+00
   outer loop
     vertex  9.260126e+00 -1.180043e+01  0.000000e+00
     vertex  8.932907e+00 -1.205003e+01  0.000000e+00
     vertex  8.598964e+00 -1.229056e+01  0.000000e+00
   endloop
 endfacet
 facet normal  0.000000e+00  0.000000e+00 -1.000000e+00
   outer loop
     vertex -1.173663e+01  9.340851e+00  0.000000e+00
     vertex -1.223129e+01  8.683066e+00  0.000000e+00
     vertex -1.198847e+01  9.015352e+00  0.000000e+00
   endloop
 endfacet
 facet normal  0.000000e+00  0.000000e+00 -1.000000e+00
   outer loop
     vertex -1.173663e+01  9.340851e+00  0.000000e+00
     vertex -1.246489e+01  8.344244e+00  0.000000e+00
     vertex -1.223129e+01  8.683066e+00  0.000000e+00
   endloop
 endfacet
 facet normal  0.000000e+00  0.000000e+00 -1.000000e+00
   outer loop
     vertex  9.893410e+00 -1.127477e+01  0.000000e+00
     vertex  8.598964e+00 -1.229056e+01  0.000000e+00
     vertex  7.559325e+00 -1.295595e+01  0.000000e+00
   endloop
 endfacet
 facet normal  0.000000e+00  0.000000e+00 -1.000000e+00
   outer loop
     vertex  9.893410e+00 -1.127477e+01  0.000000e+00
     vertex  9.260126e+00 -1.180043e+01  0.000000e+00
     vertex  8.598964e+00 -1.229056e+01  0.000000e+00
   endloop
 endfacet
 facet normal  0.000000e+00  0.000000e+00 -1.000000e+00
   outer loop
     vertex  9.893410e+00 -1.127477e+01  0.000000e+00
     vertex  9.580374e+00 -1.154194e+01  0.000000e+00
     vertex  9.260126e+00 -1.180043e+01  0.000000e+00
   endloop
 endfacet
 facet normal  0.000000e+00  0.000000e+00 -1.000000e+00
   outer loop
     vertex  1.019900e+01 -1.099911e+01  0.000000e+00
     vertex  9.893410e+00 -1.127477e+01  0.000000e+00
     vertex  7.559325e+00 -1.295595e+01  0.000000e+00
   endloop
 endfacet
 facet normal  0.000000e+00  0.000000e+00 -1.000000e+00
   outer loop
     vertex -1.064292e+01  1.057016e+01  0.000000e+00
     vertex -1.120664e+01  9.970515e+00  0.000000e+00
     vertex -1.092889e+01  1.027421e+01  0.000000e+00
   endloop
 endfacet
 facet normal  0.000000e+00  0.000000e+00 -1.000000e+00
   outer loop
     vertex -1.064292e+01  1.057016e+01  0.000000e+00
     vertex -1.147596e+01  9.659318e+00  0.000000e+00
     vertex -1.120664e+01  9.970515e+00  0.000000e+00
   endloop
 endfacet
 facet normal  0.000000e+00  0.000000e+00 -1.000000e+00
   outer loop
     vertex -1.034893e+01  1.085816e+01  0.000000e+00
     vertex -1.147596e+01  9.659318e+00  0.000000e+00
     vertex -1.064292e+01  1.057016e+01  0.000000e+00
   endloop
 endfacet
 facet normal  0.000000e+00  0.000000e+00 -1.000000e+00
   outer loop
     vertex  1.134237e+01 -9.815840e+00  0.000000e+00
     vertex  1.106881e+01 -1.012331e+01  0.000000e+00
     vertex  1.078692e+01 -1.042316e+01  0.000000e+00
   endloop
 endfacet
 facet normal  0.000000e+00  0.000000e+00 -1.000000e+00
   outer loop
     vertex  1.134237e+01 -9.815840e+00  0.000000e+00
     vertex  1.049691e+01 -1.071517e+01  0.000000e+00
     vertex  1.019900e+01 -1.099911e+01  0.000000e+00
   endloop
 endfacet
 facet normal  0.000000e+00  0.000000e+00 -1.000000e+00
   outer loop
     vertex  1.134237e+01 -9.815840e+00  0.000000e+00
     vertex  1.078692e+01 -1.042316e+01  0.000000e+00
     vertex  1.049691e+01 -1.071517e+01  0.000000e+00
   endloop
 endfacet
 facet normal  0.000000e+00  0.000000e+00 -1.000000e+00
   outer loop
     vertex -9.737808e+00  1.140943e+01  0.000000e+00
     vertex -1.147596e+01  9.659318e+00  0.000000e+00
     vertex -1.034893e+01  1.085816e+01  0.000000e+00
   endloop
 endfacet
 facet normal  0.000000e+00  0.000000e+00 -1.000000e+00
   outer loop
     vertex -9.737808e+00  1.140943e+01  0.000000e+00
     vertex -1.034893e+01  1.085816e+01  0.000000e+00
     vertex -1.004715e+01  1.113799e+01  0.000000e+00
   endloop
 endfacet
 facet normal  0.000000e+00  0.000000e+00 -1.000000e+00
   outer loop
     vertex -9.421136e+00  1.167228e+01  0.000000e+00
     vertex -1.246489e+01  8.344244e+00  0.000000e+00
     vertex -1.173663e+01  9.340851e+00  0.000000e+00
   endloop
 endfacet
 facet normal  0.000000e+00  0.000000e+00 -1.000000e+00
   outer loop
     vertex -9.421136e+00  1.167228e+01  0.000000e+00
     vertex -1.147596e+01  9.659318e+00  0.000000e+00
     vertex -9.737808e+00  1.140943e+01  0.000000e+00
   endloop
 endfacet
 facet normal  0.000000e+00  0.000000e+00 -1.000000e+00
   outer loop
     vertex -9.421136e+00  1.167228e+01  0.000000e+00
     vertex -1.173663e+01  9.340851e+00  0.000000e+00
     vertex -1.147596e+01  9.659318e+00  0.000000e+00
   endloop
 endfacet
 facet normal  0.000000e+00  0.000000e+00 -1.000000e+00
   outer loop
     vertex  1.234925e+01 -8.514456e+00  0.000000e+00
     vertex  1.160739e+01 -9.500978e+00  0.000000e+00
     vertex  1.134237e+01 -9.815840e+00  0.000000e+00
   endloop
 endfacet
 facet normal  0.000000e+00  0.000000e+00 -1.000000e+00
   outer loop
     vertex  1.234925e+01 -8.514456e+00  0.000000e+00
     vertex  1.186367e+01 -9.178965e+00  0.000000e+00
     vertex  1.160739e+01 -9.500978e+00  0.000000e+00
   endloop
 endfacet
 facet normal  0.000000e+00  0.000000e+00 -1.000000e+00
   outer loop
     vertex  1.234925e+01 -8.514456e+00  0.000000e+00
     vertex  1.211102e+01 -8.850042e+00  0.000000e+00
     vertex  1.186367e+01 -9.178965e+00  0.000000e+00
   endloop
 endfacet
 facet normal  0.000000e+00  0.000000e+00 -1.000000e+00
   outer loop
     vertex  1.234925e+01 -8.514456e+00  0.000000e+00
     vertex  1.019900e+01 -1.099911e+01  0.000000e+00
     vertex  7.559325e+00 -1.295595e+01  0.000000e+00
   endloop
 endfacet
 facet normal  0.000000e+00  0.000000e+00 -1.000000e+00
   outer loop
     vertex  1.234925e+01 -8.514456e+00  0.000000e+00
     vertex  1.134237e+01 -9.815840e+00  0.000000e+00
     vertex  1.019900e+01 -1.099911e+01  0.000000e+00
   endloop
 endfacet
 facet normal  0.000000e+00  0.000000e+00 -1.000000e+00
   outer loop
     vertex -8.429549e+00  1.240737e+01  0.000000e+00
     vertex -9.097372e+00  1.192635e+01  0.000000e+00
     vertex -8.766760e+00  1.217144e+01  0.000000e+00
   endloop
 endfacet
 facet normal  0.000000e+00  0.000000e+00 -1.000000e+00
   outer loop
     vertex -8.429549e+00  1.240737e+01  0.000000e+00
     vertex -9.421136e+00  1.167228e+01  0.000000e+00
     vertex -9.097372e+00  1.192635e+01  0.000000e+00
   endloop
 endfacet
 facet normal  0.000000e+00  0.000000e+00 -1.000000e+00
   outer loop
     vertex  1.300750e+01 -7.470278e+00  0.000000e+00
     vertex  1.279766e+01 -7.824315e+00  0.000000e+00
     vertex  1.257819e+01 -8.172462e+00  0.000000e+00
   endloop
 endfacet
 facet normal  0.000000e+00  0.000000e+00 -1.000000e+00
   outer loop
     vertex -7.380880e+00  1.305843e+01  0.000000e+00
     vertex -1.246489e+01  8.344244e+00  0.000000e+00
     vertex -9.421136e+00  1.167228e+01  0.000000e+00
   endloop
 endfacet
 facet normal  0.000000e+00  0.000000e+00 -1.000000e+00
   outer loop
     vertex -7.380880e+00  1.305843e+01  0.000000e+00
     vertex -1.348892e+01  6.561178e+00  0.000000e+00
     vertex -1.246489e+01  8.344244e+00  0.000000e+00
   endloop
 endfacet
 facet normal  0.000000e+00  0.000000e+00 -1.000000e+00
   outer loop
     vertex -7.380880e+00  1.305843e+01  0.000000e+00
     vertex -8.085992e+00  1.263395e+01  0.000000e+00
     vertex -7.736348e+00  1.285103e+01  0.000000e+00
   endloop
 endfacet
 facet normal  0.000000e+00  0.000000e+00 -1.000000e+00
   outer loop
     vertex -7.380880e+00  1.305843e+01  0.000000e+00
     vertex -8.429549e+00  1.240737e+01  0.000000e+00
     vertex -8.085992e+00  1.263395e+01  0.000000e+00
   endloop
 endfacet
 facet normal  0.000000e+00  0.000000e+00 -1.000000e+00
   outer loop
     vertex -7.380880e+00  1.305843e+01  0.000000e+00
     vertex -9.421136e+00  1.167228e+01  0.000000e+00
     vertex -8.429549e+00  1.240737e+01  0.000000e+00
   endloop
 endfacet
 facet normal -0.000000e+00  0.000000e+00 -1.000000e+00
   outer loop
     vertex  1.320754e+01 -7.110619e+00  0.000000e+00
     vertex  7.559325e+00 -1.295595e+01  0.000000e+00
     vertex -1.382848e+01 -5.811469e+00  0.000000e+00
   endloop
 endfacet
 facet normal  0.000000e+00  0.000000e+00 -1.000000e+00
   outer loop
     vertex  1.320754e+01 -7.110619e+00  0.000000e+00
     vertex  1.257819e+01 -8.172462e+00  0.000000e+00
     vertex  1.234925e+01 -8.514456e+00  0.000000e+00
   endloop
 endfacet
 facet normal  0.000000e+00  0.000000e+00 -1.000000e+00
   outer loop
     vertex  1.320754e+01 -7.110619e+00  0.000000e+00
     vertex  1.234925e+01 -8.514456e+00  0.000000e+00
     vertex  7.559325e+00 -1.295595e+01  0.000000e+00
   endloop
 endfacet
 facet normal  0.000000e+00  0.000000e+00 -1.000000e+00
   outer loop
     vertex  1.320754e+01 -7.110619e+00  0.000000e+00
     vertex  1.300750e+01 -7.470278e+00  0.000000e+00
     vertex  1.257819e+01 -8.172462e+00  0.000000e+00
   endloop
 endfacet
 facet normal  0.000000e+00  0.000000e+00 -1.000000e+00
   outer loop
     vertex  1.374745e+01 -6.000626e+00  0.000000e+00
     vertex  1.339764e+01 -6.745606e+00  0.000000e+00
     vertex  1.320754e+01 -7.110619e+00  0.000000e+00
   endloop
 endfacet
 facet normal  0.000000e+00  0.000000e+00 -1.000000e+00
   outer loop
     vertex  1.374745e+01 -6.000626e+00  0.000000e+00
     vertex  1.357766e+01 -6.375515e+00  0.000000e+00
     vertex  1.339764e+01 -6.745606e+00  0.000000e+00
   endloop
 endfacet
 facet normal  0.000000e+00  0.000000e+00 -1.000000e+00
   outer loop
     vertex -5.906186e+00  1.378829e+01  0.000000e+00
     vertex -6.653549e+00  1.344360e+01  0.000000e+00
     vertex -6.282232e+00  1.362107e+01  0.000000e+00
   endloop
 endfacet
 facet normal  0.000000e+00  0.000000e+00 -1.000000e+00
   outer loop
     vertex -5.906186e+00  1.378829e+01  0.000000e+00
     vertex -7.019857e+00  1.325600e+01  0.000000e+00
     vertex -6.653549e+00  1.344360e+01  0.000000e+00
   endloop
 endfacet
 facet normal  0.000000e+00  0.000000e+00 -1.000000e+00
   outer loop
     vertex -5.525695e+00  1.394513e+01  0.000000e+00
     vertex -7.019857e+00  1.325600e+01  0.000000e+00
     vertex -5.906186e+00  1.378829e+01  0.000000e+00
   endloop
 endfacet
 facet normal  0.000000e+00  0.000000e+00 -1.000000e+00
   outer loop
     vertex -5.525695e+00  1.394513e+01  0.000000e+00
     vertex -7.380880e+00  1.305843e+01  0.000000e+00
     vertex -7.019857e+00  1.325600e+01  0.000000e+00
   endloop
 endfacet
 facet normal  0.000000e+00  0.000000e+00 -1.000000e+00
   outer loop
     vertex  1.405588e+01 -5.237580e+00  0.000000e+00
     vertex  1.390690e+01 -5.621219e+00  0.000000e+00
     vertex  1.374745e+01 -6.000626e+00  0.000000e+00
   endloop
 endfacet
 facet normal  0.000000e+00  0.000000e+00 -1.000000e+00
   outer loop
     vertex  1.432199e+01 -4.458768e+00  0.000000e+00
     vertex  1.419428e+01 -4.849999e+00  0.000000e+00
     vertex  1.405588e+01 -5.237580e+00  0.000000e+00
   endloop
 endfacet
 facet normal  0.000000e+00  0.000000e+00 -1.000000e+00
   outer loop
     vertex  1.432199e+01 -4.458768e+00  0.000000e+00
     vertex  1.405588e+01 -5.237580e+00  0.000000e+00
     vertex  1.374745e+01 -6.000626e+00  0.000000e+00
   endloop
 endfacet
 facet normal  0.000000e+00  0.000000e+00 -1.000000e+00
   outer loop
     vertex  1.432199e+01 -4.458768e+00  0.000000e+00
     vertex  1.374745e+01 -6.000626e+00  0.000000e+00
     vertex  1.320754e+01 -7.110619e+00  0.000000e+00
   endloop
 endfacet
 facet normal  0.000000e+00  0.000000e+00 -1.000000e+00
   outer loop
     vertex -4.360424e+00  1.435224e+01  0.000000e+00
     vertex -7.380880e+00  1.305843e+01  0.000000e+00
     vertex -5.525695e+00  1.394513e+01  0.000000e+00
   endloop
 endfacet
 facet normal  0.000000e+00  0.000000e+00 -1.000000e+00
   outer loop
     vertex -4.360424e+00  1.435224e+01  0.000000e+00
     vertex -5.141043e+00  1.409148e+01  0.000000e+00
     vertex -4.752522e+00  1.422721e+01  0.000000e+00
   endloop
 endfacet
 facet normal  0.000000e+00  0.000000e+00 -1.000000e+00
   outer loop
     vertex -4.360424e+00  1.435224e+01  0.000000e+00
     vertex -5.525695e+00  1.394513e+01  0.000000e+00
     vertex -5.141043e+00  1.409148e+01  0.000000e+00
   endloop
 endfacet
 facet normal  0.000000e+00  0.000000e+00 -1.000000e+00
   outer loop
     vertex  1.454498e+01 -3.666531e+00  0.000000e+00
     vertex  1.443892e+01 -4.064179e+00  0.000000e+00
     vertex  1.432199e+01 -4.458768e+00  0.000000e+00
   endloop
 endfacet
 facet normal  0.000000e+00  0.000000e+00 -1.000000e+00
   outer loop
     vertex  1.464010e+01 -3.266124e+00  0.000000e+00
     vertex  1.454498e+01 -3.666531e+00  0.000000e+00
     vertex  1.432199e+01 -4.458768e+00  0.000000e+00
   endloop
 endfacet
 facet normal  0.000000e+00  0.000000e+00 -1.000000e+00
   outer loop
     vertex -3.165626e+00  1.466216e+01  0.000000e+00
     vertex -3.965042e+00  1.446646e+01  0.000000e+00
     vertex -3.566676e+00  1.456979e+01  0.000000e+00
   endloop
 endfacet
 facet normal  0.000000e+00  0.000000e+00 -1.000000e+00
   outer loop
     vertex -2.356679e+00  1.481371e+01  0.000000e+00
     vertex -3.165626e+00  1.466216e+01  0.000000e+00
     vertex -2.762192e+00  1.474348e+01  0.000000e+00
   endloop
 endfacet
 facet normal  0.000000e+00  0.000000e+00 -1.000000e+00
   outer loop
     vertex  1.485907e+01 -2.051363e+00  0.000000e+00
     vertex  1.472419e+01 -2.863257e+00  0.000000e+00
     vertex  1.464010e+01 -3.266124e+00  0.000000e+00
   endloop
 endfacet
 facet normal  0.000000e+00  0.000000e+00 -1.000000e+00
   outer loop
     vertex  1.485907e+01 -2.051363e+00  0.000000e+00
     vertex  1.479720e+01 -2.458235e+00  0.000000e+00
     vertex  1.472419e+01 -2.863257e+00  0.000000e+00
   endloop
 endfacet
 facet normal  0.000000e+00  0.000000e+00 -1.000000e+00
   outer loop
     vertex  1.485907e+01 -2.051363e+00  0.000000e+00
     vertex  1.432199e+01 -4.458768e+00  0.000000e+00
     vertex  1.320754e+01 -7.110619e+00  0.000000e+00
   endloop
 endfacet
 facet normal  0.000000e+00  0.000000e+00 -1.000000e+00
   outer loop
     vertex  1.485907e+01 -2.051363e+00  0.000000e+00
     vertex  1.464010e+01 -3.266124e+00  0.000000e+00
     vertex  1.432199e+01 -4.458768e+00  0.000000e+00
   endloop
 endfacet
 facet normal  0.000000e+00  0.000000e+00 -1.000000e+00
   outer loop
     vertex  1.485907e+01 -2.051363e+00  0.000000e+00
     vertex  1.320754e+01 -7.110619e+00  0.000000e+00
     vertex -1.382848e+01 -5.811469e+00  0.000000e+00
   endloop
 endfacet
 facet normal  0.000000e+00  0.000000e+00 -1.000000e+00
   outer loop
     vertex -1.949392e+00  1.487279e+01  0.000000e+00
     vertex -3.165626e+00  1.466216e+01  0.000000e+00
     vertex -2.356679e+00  1.481371e+01  0.000000e+00
   endloop
 endfacet
 facet normal  0.000000e+00  0.000000e+00 -1.000000e+00
   outer loop
     vertex  1.494921e+01 -1.233293e+00  0.000000e+00
     vertex  1.490975e+01 -1.642947e+00  0.000000e+00
     vertex  1.485907e+01 -2.051363e+00  0.000000e+00
   endloop
 endfacet
 facet normal  0.000000e+00  0.000000e+00 -1.000000e+00
   outer loop
     vertex  1.497742e+01 -8.227117e-01  0.000000e+00
     vertex  1.494921e+01 -1.233293e+00  0.000000e+00
     vertex  1.485907e+01 -2.051363e+00  0.000000e+00
   endloop
 endfacet
 facet normal  0.000000e+00  0.000000e+00 -1.000000e+00
   outer loop
     vertex -7.199574e-01  1.498271e+01  0.000000e+00
     vertex -3.965042e+00  1.446646e+01  0.000000e+00
     vertex -3.165626e+00  1.466216e+01  0.000000e+00
   endloop
 endfacet
 facet normal  0.000000e+00  0.000000e+00 -1.000000e+00
   outer loop
     vertex -7.199574e-01  1.498271e+01  0.000000e+00
     vertex -3.165626e+00  1.466216e+01  0.000000e+00
     vertex -1.949392e+00  1.487279e+01  0.000000e+00
   endloop
 endfacet
 facet normal  0.000000e+00  0.000000e+00 -1.000000e+00
   outer loop
     vertex -7.199574e-01  1.498271e+01  0.000000e+00
     vertex -1.540637e+00  1.492067e+01  0.000000e+00
     vertex -1.130723e+00  1.495732e+01  0.000000e+00
   endloop
 endfacet
 facet normal  0.000000e+00  0.000000e+00 -1.000000e+00
   outer loop
     vertex -7.199574e-01  1.498271e+01  0.000000e+00
     vertex -1.949392e+00  1.487279e+01  0.000000e+00
     vertex -1.540637e+00  1.492067e+01  0.000000e+00
   endloop
 endfacet
 facet normal  0.000000e+00  0.000000e+00 -1.000000e+00
   outer loop
     vertex -7.199574e-01  1.498271e+01  0.000000e+00
     vertex -4.360424e+00  1.435224e+01  0.000000e+00
     vertex -3.965042e+00  1.446646e+01  0.000000e+00
   endloop
 endfacet
 facet normal  0.000000e+00  0.000000e+00 -1.000000e+00
   outer loop
     vertex  1.499435e+01 -4.115107e-01  0.000000e+00
     vertex  1.497742e+01 -8.227117e-01  0.000000e+00
     vertex  1.485907e+01 -2.051363e+00  0.000000e+00
   endloop
 endfacet
 facet normal  0.000000e+00  0.000000e+00 -1.000000e+00
   outer loop
     vertex  1.499435e+01 -4.115107e-01  0.000000e+00
     vertex  1.485907e+01 -2.051363e+00  0.000000e+00
     vertex -1.382848e+01 -5.811469e+00  0.000000e+00
   endloop
 endfacet
 facet normal  0.000000e+00  0.000000e+00 -1.000000e+00
   outer loop
     vertex  1.028898e-01  1.499965e+01  0.000000e+00
     vertex -7.199574e-01  1.498271e+01  0.000000e+00
     vertex -3.086500e-01  1.499682e+01  0.000000e+00
   endloop
 endfacet
 facet normal  0.000000e+00  0.000000e+00 -1.000000e+00
   outer loop
     vertex  5.143521e-01  1.499118e+01  0.000000e+00
     vertex -4.360424e+00  1.435224e+01  0.000000e+00
     vertex -7.199574e-01  1.498271e+01  0.000000e+00
   endloop
 endfacet
 facet normal -0.000000e+00  0.000000e+00 -1.000000e+00
   outer loop
     vertex  5.143521e-01  1.499118e+01  0.000000e+00
     vertex -7.199574e-01  1.498271e+01  0.000000e+00
     vertex  1.028898e-01  1.499965e+01  0.000000e+00
   endloop
 endfacet
 facet normal  0.000000e+00  0.000000e+00 -1.000000e+00
   outer loop
     vertex  1.494921e+01  1.233293e+00  0.000000e+00
     vertex  1.499435e+01  4.115107e-01  0.000000e+00
     vertex  1.500000e+01  0.000000e+00  0.000000e+00
   endloop
 endfacet
 facet normal  0.000000e+00  0.000000e+00 -1.000000e+00
   outer loop
     vertex  1.494921e+01  1.233293e+00  0.000000e+00
     vertex  1.497742e+01  8.227117e-01  0.000000e+00
     vertex  1.499435e+01  4.115107e-01  0.000000e+00
   endloop
 endfacet
 facet normal  0.000000e+00  0.000000e+00 -1.000000e+00
   outer loop
     vertex  1.490975e+01  1.642947e+00  0.000000e+00
     vertex  1.500000e+01  0.000000e+00  0.000000e+00
     vertex  1.499435e+01 -4.115107e-01  0.000000e+00
   endloop
 endfacet
 facet normal  0.000000e+00 -0.000000e+00 -1.000000e+00
   outer loop
     vertex  1.490975e+01  1.642947e+00  0.000000e+00
     vertex  1.499435e+01 -4.115107e-01  0.000000e+00
     vertex -1.382848e+01 -5.811469e+00  0.000000e+00
   endloop
 endfacet
 facet normal  0.000000e+00  0.000000e+00 -1.000000e+00
   outer loop
     vertex  1.490975e+01  1.642947e+00  0.000000e+00
     vertex  1.494921e+01  1.233293e+00  0.000000e+00
     vertex  1.500000e+01  0.000000e+00  0.000000e+00
   endloop
 endfacet
 facet normal  0.000000e+00  0.000000e+00 -1.000000e+00
   outer loop
     vertex  2.153238e+00  1.484465e+01  0.000000e+00
     vertex  1.335806e+00  1.494040e+01  0.000000e+00
     vertex  1.745179e+00  1.489813e+01  0.000000e+00
   endloop
 endfacet
 facet normal  0.000000e+00  0.000000e+00 -1.000000e+00
   outer loop
     vertex  1.479720e+01  2.458235e+00  0.000000e+00
     vertex  1.485907e+01  2.051363e+00  0.000000e+00
     vertex  1.490975e+01  1.642947e+00  0.000000e+00
   endloop
 endfacet
 facet normal  0.000000e+00 -0.000000e+00 -1.000000e+00
   outer loop
     vertex  1.479720e+01  2.458235e+00  0.000000e+00
     vertex  1.490975e+01  1.642947e+00  0.000000e+00
     vertex -1.382848e+01 -5.811469e+00  0.000000e+00
   endloop
 endfacet
 facet normal -0.000000e+00  0.000000e+00 -1.000000e+00
   outer loop
     vertex  2.559676e+00  1.477999e+01  0.000000e+00
     vertex -4.360424e+00  1.435224e+01  0.000000e+00
     vertex  5.143521e-01  1.499118e+01  0.000000e+00
   endloop
 endfacet
 facet normal  0.000000e+00  0.000000e+00 -1.000000e+00
   outer loop
     vertex  2.559676e+00  1.477999e+01  0.000000e+00
     vertex  9.254272e-01  1.497143e+01  0.000000e+00
     vertex  1.335806e+00  1.494040e+01  0.000000e+00
   endloop
 endfacet
 facet normal  0.000000e+00  0.000000e+00 -1.000000e+00
   outer loop
     vertex  2.559676e+00  1.477999e+01  0.000000e+00
     vertex  5.143521e-01  1.499118e+01  0.000000e+00
     vertex  9.254272e-01  1.497143e+01  0.000000e+00
   endloop
 endfacet
 facet normal  0.000000e+00  0.000000e+00 -1.000000e+00
   outer loop
     vertex  2.559676e+00  1.477999e+01  0.000000e+00
     vertex  1.335806e+00  1.494040e+01  0.000000e+00
     vertex  2.153238e+00  1.484465e+01  0.000000e+00
   endloop
 endfacet
 facet normal  0.000000e+00  0.000000e+00 -1.000000e+00
   outer loop
     vertex  1.464010e+01  3.266124e+00  0.000000e+00
     vertex  1.472419e+01  2.863257e+00  0.000000e+00
     vertex  1.479720e+01  2.458235e+00  0.000000e+00
   endloop
 endfacet
 facet normal  0.000000e+00  0.000000e+00 -1.000000e+00
   outer loop
     vertex  1.454498e+01  3.666531e+00  0.000000e+00
     vertex  1.464010e+01  3.266124e+00  0.000000e+00
     vertex  1.479720e+01  2.458235e+00  0.000000e+00
   endloop
 endfacet
 facet normal  0.000000e+00  0.000000e+00 -1.000000e+00
   outer loop
     vertex  1.443892e+01  4.064179e+00  0.000000e+00
     vertex  1.454498e+01  3.666531e+00  0.000000e+00
     vertex  1.479720e+01  2.458235e+00  0.000000e+00
   endloop
 endfacet
 facet normal  0.000000e+00  0.000000e+00 -1.000000e+00
   outer loop
     vertex  4.163125e+00  1.441070e+01  0.000000e+00
     vertex  3.366468e+00  1.461735e+01  0.000000e+00
     vertex  3.766214e+00  1.451949e+01  0.000000e+00
   endloop
 endfacet
 facet normal  0.000000e+00  0.000000e+00 -1.000000e+00
   outer loop
     vertex  4.163125e+00  1.441070e+01  0.000000e+00
     vertex  2.964188e+00  1.470420e+01  0.000000e+00
     vertex  3.366468e+00  1.461735e+01  0.000000e+00
   endloop
 endfacet
 facet normal  0.000000e+00  0.000000e+00 -1.000000e+00
   outer loop
     vertex  4.163125e+00  1.441070e+01  0.000000e+00
     vertex  2.559676e+00  1.477999e+01  0.000000e+00
     vertex  2.964188e+00  1.470420e+01  0.000000e+00
   endloop
 endfacet
 facet normal  0.000000e+00  0.000000e+00 -1.000000e+00
   outer loop
     vertex  1.419428e+01  4.849999e+00  0.000000e+00
     vertex  1.443892e+01  4.064179e+00  0.000000e+00
     vertex  1.479720e+01  2.458235e+00  0.000000e+00
   endloop
 endfacet
 facet normal  0.000000e+00  0.000000e+00 -1.000000e+00
   outer loop
     vertex  1.419428e+01  4.849999e+00  0.000000e+00
     vertex  1.432199e+01  4.458768e+00  0.000000e+00
     vertex  1.443892e+01  4.064179e+00  0.000000e+00
   endloop
 endfacet
 facet normal  0.000000e+00  0.000000e+00 -1.000000e+00
   outer loop
     vertex  1.419428e+01  4.849999e+00  0.000000e+00
     vertex -1.382848e+01 -5.811469e+00  0.000000e+00
     vertex -1.482953e+01  2.255011e+00  0.000000e+00
   endloop
 endfacet
 facet normal  0.000000e+00 -0.000000e+00 -1.000000e+00
   outer loop
     vertex  1.419428e+01  4.849999e+00  0.000000e+00
     vertex  1.479720e+01  2.458235e+00  0.000000e+00
     vertex -1.382848e+01 -5.811469e+00  0.000000e+00
   endloop
 endfacet
 facet normal  0.000000e+00  0.000000e+00 -1.000000e+00
   outer loop
     vertex  4.947248e+00  1.416068e+01  0.000000e+00
     vertex  4.163125e+00  1.441070e+01  0.000000e+00
     vertex  4.556902e+00  1.429107e+01  0.000000e+00
   endloop
 endfacet
 facet normal  0.000000e+00  0.000000e+00 -1.000000e+00
   outer loop
     vertex  5.333871e+00  1.401962e+01  0.000000e+00
     vertex  2.559676e+00  1.477999e+01  0.000000e+00
     vertex  4.163125e+00  1.441070e+01  0.000000e+00
   endloop
 endfacet
 facet normal  0.000000e+00  0.000000e+00 -1.000000e+00
   outer loop
     vertex  5.333871e+00  1.401962e+01  0.000000e+00
     vertex  4.163125e+00  1.441070e+01  0.000000e+00
     vertex  4.947248e+00  1.416068e+01  0.000000e+00
   endloop
 endfacet
 facet normal  0.000000e+00  0.000000e+00 -1.000000e+00
   outer loop
     vertex  5.333871e+00  1.401962e+01  0.000000e+00
     vertex -4.360424e+00  1.435224e+01  0.000000e+00
     vertex  2.559676e+00  1.477999e+01  0.000000e+00
   endloop
 endfacet
 facet normal  0.000000e+00  0.000000e+00 -1.000000e+00
   outer loop
     vertex  1.390690e+01  5.621219e+00  0.000000e+00
     vertex  1.405588e+01  5.237580e+00  0.000000e+00
     vertex  1.419428e+01  4.849999e+00  0.000000e+00
   endloop
 endfacet
 facet normal  0.000000e+00  0.000000e+00 -1.000000e+00
   outer loop
     vertex  1.374745e+01  6.000626e+00  0.000000e+00
     vertex  1.390690e+01  5.621219e+00  0.000000e+00
     vertex  1.419428e+01  4.849999e+00  0.000000e+00
   endloop
 endfacet
 facet normal  0.000000e+00  0.000000e+00 -1.000000e+00
   outer loop
     vertex  6.094783e+00  1.370597e+01  0.000000e+00
     vertex  5.333871e+00  1.401962e+01  0.000000e+00
     vertex  5.716478e+00  1.386802e+01  0.000000e+00
   endloop
 endfacet
 facet normal  0.000000e+00  0.000000e+00 -1.000000e+00
   outer loop
     vertex  1.357766e+01  6.375515e+00  0.000000e+00
     vertex  1.374745e+01  6.000626e+00  0.000000e+00
     vertex  1.419428e+01  4.849999e+00  0.000000e+00
   endloop
 endfacet
 facet normal  0.000000e+00  0.000000e+00 -1.000000e+00
   outer loop
     vertex  6.468499e+00  1.353361e+01  0.000000e+00
     vertex  5.333871e+00  1.401962e+01  0.000000e+00
     vertex  6.094783e+00  1.370597e+01  0.000000e+00
   endloop
 endfacet
 facet normal  0.000000e+00  0.000000e+00 -1.000000e+00
   outer loop
     vertex  6.468499e+00  1.353361e+01  0.000000e+00
     vertex -4.360424e+00  1.435224e+01  0.000000e+00
     vertex  5.333871e+00  1.401962e+01  0.000000e+00
   endloop
 endfacet
 facet normal  0.000000e+00  0.000000e+00 -1.000000e+00
   outer loop
     vertex  1.339764e+01  6.745606e+00  0.000000e+00
     vertex  1.357766e+01  6.375515e+00  0.000000e+00
     vertex  1.419428e+01  4.849999e+00  0.000000e+00
   endloop
 endfacet
 facet normal -0.000000e+00  0.000000e+00 -1.000000e+00
   outer loop
     vertex  6.837346e+00  1.335106e+01  0.000000e+00
     vertex -7.380880e+00  1.305843e+01  0.000000e+00
     vertex -4.360424e+00  1.435224e+01  0.000000e+00
   endloop
 endfacet
 facet normal  0.000000e+00  0.000000e+00 -1.000000e+00
   outer loop
     vertex  6.837346e+00  1.335106e+01  0.000000e+00
     vertex -4.360424e+00  1.435224e+01  0.000000e+00
     vertex  6.468499e+00  1.353361e+01  0.000000e+00
   endloop
 endfacet
 facet normal  0.000000e+00  0.000000e+00 -1.000000e+00
   outer loop
     vertex  6.837346e+00  1.335106e+01  0.000000e+00
     vertex -1.348892e+01  6.561178e+00  0.000000e+00
     vertex -7.380880e+00  1.305843e+01  0.000000e+00
   endloop
 endfacet
 facet normal  0.000000e+00  0.000000e+00 -1.000000e+00
   outer loop
     vertex  1.320754e+01  7.110619e+00  0.000000e+00
     vertex -1.482953e+01  2.255011e+00  0.000000e+00
     vertex -1.348892e+01  6.561178e+00  0.000000e+00
   endloop
 endfacet
 facet normal  0.000000e+00  0.000000e+00 -1.000000e+00
   outer loop
     vertex  1.320754e+01  7.110619e+00  0.000000e+00
     vertex  1.339764e+01  6.745606e+00  0.000000e+00
     vertex  1.419428e+01  4.849999e+00  0.000000e+00
   endloop
 endfacet
 facet normal  0.000000e+00 -0.000000e+00 -1.000000e+00
   outer loop
     vertex  1.320754e+01  7.110619e+00  0.000000e+00
     vertex  1.419428e+01  4.849999e+00  0.000000e+00
     vertex -1.482953e+01  2.255011e+00  0.000000e+00
   endloop
 endfacet
 facet normal  0.000000e+00 -0.000000e+00 -1.000000e+00
   outer loop
     vertex  1.300750e+01  7.470278e+00  0.000000e+00
     vertex  1.320754e+01  7.110619e+00  0.000000e+00
     vertex -1.348892e+01  6.561178e+00  0.000000e+00
   endloop
 endfacet
 facet normal  0.000000e+00  0.000000e+00 -1.000000e+00
   outer loop
     vertex  7.911914e+00  1.274369e+01  0.000000e+00
     vertex  7.201046e+00  1.315845e+01  0.000000e+00
     vertex  7.559325e+00  1.295595e+01  0.000000e+00
   endloop
 endfacet
 facet normal  0.000000e+00  0.000000e+00 -1.000000e+00
   outer loop
     vertex  7.911914e+00  1.274369e+01  0.000000e+00
     vertex  6.837346e+00  1.335106e+01  0.000000e+00
     vertex  7.201046e+00  1.315845e+01  0.000000e+00
   endloop
 endfacet
 facet normal  0.000000e+00  0.000000e+00 -1.000000e+00
   outer loop
     vertex  1.257819e+01  8.172462e+00  0.000000e+00
     vertex  1.279766e+01  7.824315e+00  0.000000e+00
     vertex  1.300750e+01  7.470278e+00  0.000000e+00
   endloop
 endfacet
 facet normal  0.000000e+00  0.000000e+00 -1.000000e+00
   outer loop
     vertex  8.258547e+00  1.252184e+01  0.000000e+00
     vertex  6.837346e+00  1.335106e+01  0.000000e+00
     vertex  7.911914e+00  1.274369e+01  0.000000e+00
   endloop
 endfacet
 facet normal  0.000000e+00  0.000000e+00 -1.000000e+00
   outer loop
     vertex  1.211102e+01  8.850042e+00  0.000000e+00
     vertex  1.234925e+01  8.514456e+00  0.000000e+00
     vertex  1.257819e+01  8.172462e+00  0.000000e+00
   endloop
 endfacet
 facet normal  0.000000e+00 -0.000000e+00 -1.000000e+00
   outer loop
     vertex  1.211102e+01  8.850042e+00  0.000000e+00
     vertex  1.300750e+01  7.470278e+00  0.000000e+00
     vertex -1.348892e+01  6.561178e+00  0.000000e+00
   endloop
 endfacet
 facet normal  0.000000e+00  0.000000e+00 -1.000000e+00
   outer loop
     vertex  1.211102e+01  8.850042e+00  0.000000e+00
     vertex  1.257819e+01  8.172462e+00  0.000000e+00
     vertex  1.300750e+01  7.470278e+00  0.000000e+00
   endloop
 endfacet
 facet normal  0.000000e+00  0.000000e+00 -1.000000e+00
   outer loop
     vertex  9.260126e+00  1.180043e+01  0.000000e+00
     vertex  8.598964e+00  1.229056e+01  0.000000e+00
     vertex  8.932907e+00  1.205003e+01  0.000000e+00
   endloop
 endfacet
 facet normal  0.000000e+00  0.000000e+00 -1.000000e+00
   outer loop
     vertex  9.260126e+00  1.180043e+01  0.000000e+00
     vertex  8.258547e+00  1.252184e+01  0.000000e+00
     vertex  8.598964e+00  1.229056e+01  0.000000e+00
   endloop
 endfacet
 facet normal  0.000000e+00  0.000000e+00 -1.000000e+00
   outer loop
     vertex  9.260126e+00  1.180043e+01  0.000000e+00
     vertex  6.837346e+00  1.335106e+01  0.000000e+00
     vertex  8.258547e+00  1.252184e+01  0.000000e+00
   endloop
 endfacet
 facet normal  0.000000e+00  0.000000e+00 -1.000000e+00
   outer loop
     vertex  1.160739e+01  9.500978e+00  0.000000e+00
     vertex  1.186367e+01  9.178965e+00  0.000000e+00
     vertex  1.211102e+01  8.850042e+00  0.000000e+00
   endloop
 endfacet
 facet normal  0.000000e+00  0.000000e+00 -1.000000e+00
   outer loop
     vertex  1.134237e+01  9.815840e+00  0.000000e+00
     vertex  1.160739e+01  9.500978e+00  0.000000e+00
     vertex  1.211102e+01  8.850042e+00  0.000000e+00
   endloop
 endfacet
 facet normal  0.000000e+00  0.000000e+00 -1.000000e+00
   outer loop
     vertex  1.106881e+01  1.012331e+01  0.000000e+00
     vertex  1.134237e+01  9.815840e+00  0.000000e+00
     vertex  1.211102e+01  8.850042e+00  0.000000e+00
   endloop
 endfacet
 facet normal -0.000000e+00  0.000000e+00 -1.000000e+00
   outer loop
     vertex  1.019900e+01  1.099911e+01  0.000000e+00
     vertex -1.348892e+01  6.561178e+00  0.000000e+00
     vertex  6.837346e+00  1.335106e+01  0.000000e+00
   endloop
 endfacet
 facet normal  0.000000e+00  0.000000e+00 -1.000000e+00
   outer loop
     vertex  1.019900e+01  1.099911e+01  0.000000e+00
     vertex  9.580374e+00  1.154194e+01  0.000000e+00
     vertex  9.893410e+00  1.127477e+01  0.000000e+00
   endloop
 endfacet
 facet normal  0.000000e+00  0.000000e+00 -1.000000e+00
   outer loop
     vertex  1.019900e+01  1.099911e+01  0.000000e+00
     vertex  9.260126e+00  1.180043e+01  0.000000e+00
     vertex  9.580374e+00  1.154194e+01  0.000000e+00
   endloop
 endfacet
 facet normal  0.000000e+00  0.000000e+00 -1.000000e+00
   outer loop
     vertex  1.019900e+01  1.099911e+01  0.000000e+00
     vertex  6.837346e+00  1.335106e+01  0.000000e+00
     vertex  9.260126e+00  1.180043e+01  0.000000e+00
   endloop
 endfacet
 facet normal  0.000000e+00 -0.000000e+00 -1.000000e+00
   outer loop
     vertex  1.019900e+01  1.099911e+01  0.000000e+00
     vertex  1.211102e+01  8.850042e+00  0.000000e+00
     vertex -1.348892e+01  6.561178e+00  0.000000e+00
   endloop
 endfacet
 facet normal  0.000000e+00  0.000000e+00 -1.000000e+00
   outer loop
     vertex  1.078692e+01  1.042316e+01  0.000000e+00
     vertex  1.106881e+01  1.012331e+01  0.000000e+00
     vertex  1.211102e+01  8.850042e+00  0.000000e+00
   endloop
 endfacet
 facet normal -0.000000e+00 -0.000000e+00 -1.000000e+00
   outer loop
     vertex  1.049691e+01  1.071517e+01  0.000000e+00
     vertex  1.211102e+01  8.850042e+00  0.000000e+00
     vertex  1.019900e+01  1.099911e+01  0.000000e+00
   endloop
 endfacet
 facet normal  0.000000e+00  0.000000e+00 -1.000000e+00
   outer loop
     vertex  1.049691e+01  1.071517e+01  0.000000e+00
     vertex  1.078692e+01  1.042316e+01  0.000000e+00
     vertex  1.211102e+01  8.850042e+00  0.000000e+00
   endloop
 endfacet
 facet normal -5.041972e-16  5.007506e-16  1.000000e+00
   outer loop
     vertex  6.997940e+00 -7.143447e+00  1.800000e+01
     vertex  1.049691e+01 -1.071517e+01  1.800000e+01
     vertex  1.078692e+01 -1.042316e+01  1.800000e+01
   endloop
 endfacet
 facet normal -5.041972e-16  5.007506e-16  1.000000e+00
   outer loop
     vertex  7.191280e+00 -6.948776e+00  1.800000e+01
     vertex  6.997940e+00 -7.143447e+00  1.800000e+01
     vertex  1.078692e+01 -1.042316e+01  1.800000e+01
   endloop
 endfacet
 facet normal -4.902699e-16  5.143943e-16  1.000000e+00
   outer loop
     vertex  6.799333e+00 -7.332740e+00  1.800000e+01
     vertex  1.049691e+01 -1.071517e+01  1.800000e+01
     vertex  6.997940e+00 -7.143447e+00  1.800000e+01
   endloop
 endfacet
 facet normal -4.902699e-16  5.143943e-16  1.000000e+00
   outer loop
     vertex  6.799333e+00 -7.332740e+00  1.800000e+01
     vertex  1.019900e+01 -1.099911e+01  1.800000e+01
     vertex  1.049691e+01 -1.071517e+01  1.800000e+01
   endloop
 endfacet
 facet normal -5.177451e-16  4.867299e-16  1.000000e+00
   outer loop
     vertex  7.379206e+00 -6.748875e+00  1.800000e+01
     vertex  1.078692e+01 -1.042316e+01  1.800000e+01
     vertex  1.106881e+01 -1.012331e+01  1.800000e+01
   endloop
 endfacet
 facet normal -5.309032e-16  4.723429e-16  1.000000e+00
   outer loop
     vertex  7.379206e+00 -6.748875e+00  1.800000e+01
     vertex  1.106881e+01 -1.012331e+01  1.800000e+01
     vertex  1.134237e+01 -9.815840e+00  1.800000e+01
   endloop
 endfacet
 facet normal -5.177451e-16  4.867299e-16  1.000000e+00
   outer loop
     vertex  7.379206e+00 -6.748875e+00  1.800000e+01
     vertex  7.191280e+00 -6.948776e+00  1.800000e+01
     vertex  1.078692e+01 -1.042316e+01  1.800000e+01
   endloop
 endfacet
 facet normal -4.759734e-16  5.276508e-16  1.000000e+00
   outer loop
     vertex  6.595607e+00 -7.516513e+00  1.800000e+01
     vertex  1.019900e+01 -1.099911e+01  1.800000e+01
     vertex  6.799333e+00 -7.332740e+00  1.800000e+01
   endloop
 endfacet
 facet normal -4.759734e-16  5.276508e-16  1.000000e+00
   outer loop
     vertex  6.595607e+00 -7.516513e+00  1.800000e+01
     vertex  9.893410e+00 -1.127477e+01  1.800000e+01
     vertex  1.019900e+01 -1.099911e+01  1.800000e+01
   endloop
 endfacet
 facet normal -5.309032e-16  4.723429e-16  1.000000e+00
   outer loop
     vertex  7.561578e+00 -6.543893e+00  1.800000e+01
     vertex  7.379206e+00 -6.748875e+00  1.800000e+01
     vertex  1.134237e+01 -9.815840e+00  1.800000e+01
   endloop
 endfacet
 facet normal -4.613187e-16  5.405100e-16  1.000000e+00
   outer loop
     vertex  6.386916e+00 -7.694628e+00  1.800000e+01
     vertex  9.893410e+00 -1.127477e+01  1.800000e+01
     vertex  6.595607e+00 -7.516513e+00  1.800000e+01
   endloop
 endfacet
 facet normal -4.463167e-16  5.529624e-16  1.000000e+00
   outer loop
     vertex  6.386916e+00 -7.694628e+00  1.800000e+01
     vertex  9.260126e+00 -1.180043e+01  1.800000e+01
     vertex  9.580374e+00 -1.154194e+01  1.800000e+01
   endloop
 endfacet
 facet normal -4.613187e-16  5.405100e-16  1.000000e+00
   outer loop
     vertex  6.386916e+00 -7.694628e+00  1.800000e+01
     vertex  9.580374e+00 -1.154194e+01  1.800000e+01
     vertex  9.893410e+00 -1.127477e+01  1.800000e+01
   endloop
 endfacet
 facet normal -5.436616e-16  4.576003e-16  1.000000e+00
   outer loop
     vertex  7.738257e+00 -6.333986e+00  1.800000e+01
     vertex  1.134237e+01 -9.815840e+00  1.800000e+01
     vertex  1.160739e+01 -9.500978e+00  1.800000e+01
   endloop
 endfacet
 facet normal -5.560109e-16  4.425132e-16  1.000000e+00
   outer loop
     vertex  7.738257e+00 -6.333986e+00  1.800000e+01
     vertex  1.160739e+01 -9.500978e+00  1.800000e+01
     vertex  1.186367e+01 -9.178965e+00  1.800000e+01
   endloop
 endfacet
 facet normal -5.436616e-16  4.576003e-16  1.000000e+00
   outer loop
     vertex  7.738257e+00 -6.333986e+00  1.800000e+01
     vertex  7.561578e+00 -6.543893e+00  1.800000e+01
     vertex  1.134237e+01 -9.815840e+00  1.800000e+01
   endloop
 endfacet
 facet normal -4.463167e-16  5.529624e-16  1.000000e+00
   outer loop
     vertex  6.173417e+00 -7.866951e+00  1.800000e+01
     vertex  9.260126e+00 -1.180043e+01  1.800000e+01
     vertex  6.386916e+00 -7.694628e+00  1.800000e+01
   endloop
 endfacet
 facet normal -5.560109e-16  4.425132e-16  1.000000e+00
   outer loop
     vertex  7.909112e+00 -6.119310e+00  1.800000e+01
     vertex  7.738257e+00 -6.333986e+00  1.800000e+01
     vertex  1.186367e+01 -9.178965e+00  1.800000e+01
   endloop
 endfacet
 facet normal  0.000000e+00  0.000000e+00  1.000000e+00
   outer loop
     vertex  5.955271e+00 -8.033352e+00  1.800000e+01
     vertex  8.932907e+00 -1.205003e+01  1.800000e+01
     vertex  9.260126e+00 -1.180043e+01  1.800000e+01
   endloop
 endfacet
 facet normal  9.756736e-15  8.559584e-15  1.000000e+00
   outer loop
     vertex  5.955271e+00 -8.033352e+00  1.800000e+01
     vertex  9.260126e+00 -1.180043e+01  1.800000e+01
     vertex  6.173417e+00 -7.866951e+00  1.800000e+01
   endloop
 endfacet
 facet normal -5.679415e-16  4.270930e-16  1.000000e+00
   outer loop
     vertex  8.074012e+00 -5.900028e+00  1.800000e+01
     vertex  1.186367e+01 -9.178965e+00  1.800000e+01
     vertex  1.211102e+01 -8.850042e+00  1.800000e+01
   endloop
 endfacet
 facet normal -5.794446e-16  4.113513e-16  1.000000e+00
   outer loop
     vertex  8.074012e+00 -5.900028e+00  1.800000e+01
     vertex  1.211102e+01 -8.850042e+00  1.800000e+01
     vertex  1.234925e+01 -8.514456e+00  1.800000e+01
   endloop
 endfacet
 facet normal -5.679415e-16  4.270930e-16  1.000000e+00
   outer loop
     vertex  8.074012e+00 -5.900028e+00  1.800000e+01
     vertex  7.909112e+00 -6.119310e+00  1.800000e+01
     vertex  1.186367e+01 -9.178965e+00  1.800000e+01
   endloop
 endfacet
 facet normal -0.000000e+00  0.000000e+00  1.000000e+00
   outer loop
     vertex  5.732642e+00 -8.193706e+00  1.800000e+01
     vertex  8.932907e+00 -1.205003e+01  1.800000e+01
     vertex  5.955271e+00 -8.033352e+00  1.800000e+01
   endloop
 endfacet
 facet normal  0.000000e+00  0.000000e+00  1.000000e+00
   outer loop
     vertex  5.732642e+00 -8.193706e+00  1.800000e+01
     vertex  8.598964e+00 -1.229056e+01  1.800000e+01
     vertex  8.932907e+00 -1.205003e+01  1.800000e+01
   endloop
 endfacet
 facet normal -5.794446e-16  4.113513e-16  1.000000e+00
   outer loop
     vertex  8.232835e+00 -5.676304e+00  1.800000e+01
     vertex  8.074012e+00 -5.900028e+00  1.800000e+01
     vertex  1.234925e+01 -8.514456e+00  1.800000e+01
   endloop
 endfacet
 facet normal -0.000000e+00  0.000000e+00  1.000000e+00
   outer loop
     vertex  5.505698e+00 -8.347891e+00  1.800000e+01
     vertex  8.598964e+00 -1.229056e+01  1.800000e+01
     vertex  5.732642e+00 -8.193706e+00  1.800000e+01
   endloop
 endfacet
 facet normal  0.000000e+00  0.000000e+00  1.000000e+00
   outer loop
     vertex  5.505698e+00 -8.347891e+00  1.800000e+01
     vertex  8.258547e+00 -1.252184e+01  1.800000e+01
     vertex  8.598964e+00 -1.229056e+01  1.800000e+01
   endloop
 endfacet
 facet normal -5.905116e-16  3.953000e-16  1.000000e+00
   outer loop
     vertex  8.385460e+00 -5.448308e+00  1.800000e+01
     vertex  1.234925e+01 -8.514456e+00  1.800000e+01
     vertex  1.257819e+01 -8.172462e+00  1.800000e+01
   endloop
 endfacet
 facet normal -5.905116e-16  3.953000e-16  1.000000e+00
   outer loop
     vertex  8.385460e+00 -5.448308e+00  1.800000e+01
     vertex  8.232835e+00 -5.676304e+00  1.800000e+01
     vertex  1.234925e+01 -8.514456e+00  1.800000e+01
   endloop
 endfacet
 facet normal -0.000000e+00  0.000000e+00  1.000000e+00
   outer loop
     vertex  5.274609e+00 -8.495793e+00  1.800000e+01
     vertex  8.258547e+00 -1.252184e+01  1.800000e+01
     vertex  5.505698e+00 -8.347891e+00  1.800000e+01
   endloop
 endfacet
 facet normal  0.000000e+00  0.000000e+00  1.000000e+00
   outer loop
     vertex  5.274609e+00 -8.495793e+00  1.800000e+01
     vertex  7.559325e+00 -1.295595e+01  1.800000e+01
     vertex  7.911914e+00 -1.274369e+01  1.800000e+01
   endloop
 endfacet
 facet normal  0.000000e+00  0.000000e+00  1.000000e+00
   outer loop
     vertex  5.274609e+00 -8.495793e+00  1.800000e+01
     vertex  7.911914e+00 -1.274369e+01  1.800000e+01
     vertex  8.258547e+00 -1.252184e+01  1.800000e+01
   endloop
 endfacet
 facet normal  4.503334e-15  7.365773e-15  1.000000e+00
   outer loop
     vertex  8.531773e+00 -5.216210e+00  1.800000e+01
     vertex  1.257819e+01 -8.172462e+00  1.800000e+01
     vertex  1.279766e+01 -7.824315e+00  1.800000e+01
   endloop
 endfacet
 facet normal -6.011340e-16  3.789511e-16  1.000000e+00
   outer loop
     vertex  8.531773e+00 -5.216210e+00  1.800000e+01
     vertex  8.385460e+00 -5.448308e+00  1.800000e+01
     vertex  1.257819e+01 -8.172462e+00  1.800000e+01
   endloop
 endfacet
 facet normal -0.000000e+00  0.000000e+00  1.000000e+00
   outer loop
     vertex  5.039550e+00 -8.637299e+00  1.800000e+01
     vertex  7.559325e+00 -1.295595e+01  1.800000e+01
     vertex  5.274609e+00 -8.495793e+00  1.800000e+01
   endloop
 endfacet
 facet normal  0.000000e+00  0.000000e+00  1.000000e+00
   outer loop
     vertex  8.671664e+00 -4.980186e+00  1.800000e+01
     vertex  1.279766e+01 -7.824315e+00  1.800000e+01
     vertex  1.300750e+01 -7.470278e+00  1.800000e+01
   endloop
 endfacet
 facet normal  0.000000e+00  0.000000e+00  1.000000e+00
   outer loop
     vertex  8.671664e+00 -4.980186e+00  1.800000e+01
     vertex  8.531773e+00 -5.216210e+00  1.800000e+01
     vertex  1.279766e+01 -7.824315e+00  1.800000e+01
   endloop
 endfacet
 facet normal -0.000000e+00  0.000000e+00  1.000000e+00
   outer loop
     vertex  4.800697e+00 -8.772303e+00  1.800000e+01
     vertex  7.559325e+00 -1.295595e+01  1.800000e+01
     vertex  5.039550e+00 -8.637299e+00  1.800000e+01
   endloop
 endfacet
 facet normal  0.000000e+00  0.000000e+00  1.000000e+00
   outer loop
     vertex  4.800697e+00 -8.772303e+00  1.800000e+01
     vertex  7.201046e+00 -1.315845e+01  1.800000e+01
     vertex  7.559325e+00 -1.295595e+01  1.800000e+01
   endloop
 endfacet
 facet normal  0.000000e+00  0.000000e+00  1.000000e+00
   outer loop
     vertex  8.805026e+00 -4.740412e+00  1.800000e+01
     vertex  8.671664e+00 -4.980186e+00  1.800000e+01
     vertex  1.300750e+01 -7.470278e+00  1.800000e+01
   endloop
 endfacet
 facet normal  0.000000e+00  0.000000e+00  1.000000e+00
   outer loop
     vertex  8.805026e+00 -4.740412e+00  1.800000e+01
     vertex  1.300750e+01 -7.470278e+00  1.800000e+01
     vertex  1.320754e+01 -7.110619e+00  1.800000e+01
   endloop
 endfacet
 facet normal -0.000000e+00  0.000000e+00  1.000000e+00
   outer loop
     vertex  4.558231e+00 -8.900704e+00  1.800000e+01
     vertex  7.201046e+00 -1.315845e+01  1.800000e+01
     vertex  4.800697e+00 -8.772303e+00  1.800000e+01
   endloop
 endfacet
 facet normal  0.000000e+00  0.000000e+00  1.000000e+00
   outer loop
     vertex  4.558231e+00 -8.900704e+00  1.800000e+01
     vertex  6.837346e+00 -1.335106e+01  1.800000e+01
     vertex  7.201046e+00 -1.315845e+01  1.800000e+01
   endloop
 endfacet
 facet normal  0.000000e+00  0.000000e+00  1.000000e+00
   outer loop
     vertex  8.931761e+00 -4.497071e+00  1.800000e+01
     vertex  1.320754e+01 -7.110619e+00  1.800000e+01
     vertex  1.339764e+01 -6.745606e+00  1.800000e+01
   endloop
 endfacet
 facet normal  0.000000e+00  0.000000e+00  1.000000e+00
   outer loop
     vertex  8.931761e+00 -4.497071e+00  1.800000e+01
     vertex  1.339764e+01 -6.745606e+00  1.800000e+01
     vertex  1.357766e+01 -6.375515e+00  1.800000e+01
   endloop
 endfacet
 facet normal  0.000000e+00  0.000000e+00  1.000000e+00
   outer loop
     vertex  8.931761e+00 -4.497071e+00  1.800000e+01
     vertex  8.805026e+00 -4.740412e+00  1.800000e+01
     vertex  1.320754e+01 -7.110619e+00  1.800000e+01
   endloop
 endfacet
 facet normal -0.000000e+00  0.000000e+00  1.000000e+00
   outer loop
     vertex  4.312333e+00 -9.022405e+00  1.800000e+01
     vertex  6.837346e+00 -1.335106e+01  1.800000e+01
     vertex  4.558231e+00 -8.900704e+00  1.800000e+01
   endloop
 endfacet
 facet normal  0.000000e+00  0.000000e+00  1.000000e+00
   outer loop
     vertex  4.312333e+00 -9.022405e+00  1.800000e+01
     vertex  6.094783e+00 -1.370597e+01  1.800000e+01
     vertex  6.468499e+00 -1.353361e+01  1.800000e+01
   endloop
 endfacet
 facet normal  0.000000e+00  0.000000e+00  1.000000e+00
   outer loop
     vertex  4.312333e+00 -9.022405e+00  1.800000e+01
     vertex  6.468499e+00 -1.353361e+01  1.800000e+01
     vertex  6.837346e+00 -1.335106e+01  1.800000e+01
   endloop
 endfacet
 facet normal  0.000000e+00  0.000000e+00  1.000000e+00
   outer loop
     vertex  9.051772e+00 -4.250344e+00  1.800000e+01
     vertex  8.931761e+00 -4.497071e+00  1.800000e+01
     vertex  1.357766e+01 -6.375515e+00  1.800000e+01
   endloop
 endfacet
 facet normal -0.000000e+00  0.000000e+00  1.000000e+00
   outer loop
     vertex  4.063188e+00 -9.137314e+00  1.800000e+01
     vertex  6.094783e+00 -1.370597e+01  1.800000e+01
     vertex  4.312333e+00 -9.022405e+00  1.800000e+01
   endloop
 endfacet
 facet normal  0.000000e+00  0.000000e+00  1.000000e+00
   outer loop
     vertex  9.164969e+00 -4.000417e+00  1.800000e+01
     vertex  9.051772e+00 -4.250344e+00  1.800000e+01
     vertex  1.357766e+01 -6.375515e+00  1.800000e+01
   endloop
 endfacet
 facet normal  0.000000e+00  0.000000e+00  1.000000e+00
   outer loop
     vertex  9.164969e+00 -4.000417e+00  1.800000e+01
     vertex  1.357766e+01 -6.375515e+00  1.800000e+01
     vertex  1.374745e+01 -6.000626e+00  1.800000e+01
   endloop
 endfacet
 facet normal -0.000000e+00  0.000000e+00  1.000000e+00
   outer loop
     vertex  3.810986e+00 -9.245344e+00  1.800000e+01
     vertex  6.094783e+00 -1.370597e+01  1.800000e+01
     vertex  4.063188e+00 -9.137314e+00  1.800000e+01
   endloop
 endfacet
 facet normal  0.000000e+00  0.000000e+00  1.000000e+00
   outer loop
     vertex  3.810986e+00 -9.245344e+00  1.800000e+01
     vertex  5.716478e+00 -1.386802e+01  1.800000e+01
     vertex  6.094783e+00 -1.370597e+01  1.800000e+01
   endloop
 endfacet
 facet normal  0.000000e+00  0.000000e+00  1.000000e+00
   outer loop
     vertex  9.271267e+00 -3.747479e+00  1.800000e+01
     vertex  1.374745e+01 -6.000626e+00  1.800000e+01
     vertex  1.390690e+01 -5.621219e+00  1.800000e+01
   endloop
 endfacet
 facet normal  0.000000e+00  0.000000e+00  1.000000e+00
   outer loop
     vertex  9.271267e+00 -3.747479e+00  1.800000e+01
     vertex  1.390690e+01 -5.621219e+00  1.800000e+01
     vertex  1.405588e+01 -5.237580e+00  1.800000e+01
   endloop
 endfacet
 facet normal  0.000000e+00  0.000000e+00  1.000000e+00
   outer loop
     vertex  9.271267e+00 -3.747479e+00  1.800000e+01
     vertex  9.164969e+00 -4.000417e+00  1.800000e+01
     vertex  1.374745e+01 -6.000626e+00  1.800000e+01
   endloop
 endfacet
 facet normal -0.000000e+00  0.000000e+00  1.000000e+00
   outer loop
     vertex  3.555914e+00 -9.346415e+00  1.800000e+01
     vertex  5.716478e+00 -1.386802e+01  1.800000e+01
     vertex  3.810986e+00 -9.245344e+00  1.800000e+01
   endloop
 endfacet
 facet normal  0.000000e+00  0.000000e+00  1.000000e+00
   outer loop
     vertex  3.555914e+00 -9.346415e+00  1.800000e+01
     vertex  5.333871e+00 -1.401962e+01  1.800000e+01
     vertex  5.716478e+00 -1.386802e+01  1.800000e+01
   endloop
 endfacet
 facet normal  0.000000e+00  0.000000e+00  1.000000e+00
   outer loop
     vertex  9.370586e+00 -3.491720e+00  1.800000e+01
     vertex  9.271267e+00 -3.747479e+00  1.800000e+01
     vertex  1.405588e+01 -5.237580e+00  1.800000e+01
   endloop
 endfacet
 facet normal -0.000000e+00  0.000000e+00  1.000000e+00
   outer loop
     vertex  3.298166e+00 -9.440450e+00  1.800000e+01
     vertex  5.333871e+00 -1.401962e+01  1.800000e+01
     vertex  3.555914e+00 -9.346415e+00  1.800000e+01
   endloop
 endfacet
 facet normal  0.000000e+00  0.000000e+00  1.000000e+00
   outer loop
     vertex  3.298166e+00 -9.440450e+00  1.800000e+01
     vertex  4.947248e+00 -1.416068e+01  1.800000e+01
     vertex  5.333871e+00 -1.401962e+01  1.800000e+01
   endloop
 endfacet
 facet normal  0.000000e+00  0.000000e+00  1.000000e+00
   outer loop
     vertex  9.462851e+00 -3.233333e+00  1.800000e+01
     vertex  1.405588e+01 -5.237580e+00  1.800000e+01
     vertex  1.419428e+01 -4.849999e+00  1.800000e+01
   endloop
 endfacet
 facet normal  0.000000e+00  0.000000e+00  1.000000e+00
   outer loop
     vertex  9.462851e+00 -3.233333e+00  1.800000e+01
     vertex  9.370586e+00 -3.491720e+00  1.800000e+01
     vertex  1.405588e+01 -5.237580e+00  1.800000e+01
   endloop
 endfacet
 facet normal -0.000000e+00  0.000000e+00  1.000000e+00
   outer loop
     vertex  3.037934e+00 -9.527379e+00  1.800000e+01
     vertex  4.947248e+00 -1.416068e+01  1.800000e+01
     vertex  3.298166e+00 -9.440450e+00  1.800000e+01
   endloop
 endfacet
 facet normal  0.000000e+00  0.000000e+00  1.000000e+00
   outer loop
     vertex  3.037934e+00 -9.527379e+00  1.800000e+01
     vertex  4.163125e+00 -1.441070e+01  1.800000e+01
     vertex  4.556902e+00 -1.429107e+01  1.800000e+01
   endloop
 endfacet
 facet normal  0.000000e+00  0.000000e+00  1.000000e+00
   outer loop
     vertex  3.037934e+00 -9.527379e+00  1.800000e+01
     vertex  4.556902e+00 -1.429107e+01  1.800000e+01
     vertex  4.947248e+00 -1.416068e+01  1.800000e+01
   endloop
 endfacet
 facet normal  0.000000e+00  0.000000e+00  1.000000e+00
   outer loop
     vertex  9.547993e+00 -2.972512e+00  1.800000e+01
     vertex  1.419428e+01 -4.849999e+00  1.800000e+01
     vertex  1.432199e+01 -4.458768e+00  1.800000e+01
   endloop
 endfacet
 facet normal  0.000000e+00  0.000000e+00  1.000000e+00
   outer loop
     vertex  9.547993e+00 -2.972512e+00  1.800000e+01
     vertex  9.462851e+00 -3.233333e+00  1.800000e+01
     vertex  1.419428e+01 -4.849999e+00  1.800000e+01
   endloop
 endfacet
 facet normal -0.000000e+00  0.000000e+00  1.000000e+00
   outer loop
     vertex  2.775416e+00 -9.607136e+00  1.800000e+01
     vertex  4.163125e+00 -1.441070e+01  1.800000e+01
     vertex  3.037934e+00 -9.527379e+00  1.800000e+01
   endloop
 endfacet
 facet normal  0.000000e+00  0.000000e+00  1.000000e+00
   outer loop
     vertex  9.625948e+00 -2.709453e+00  1.800000e+01
     vertex  1.432199e+01 -4.458768e+00  1.800000e+01
     vertex  1.443892e+01 -4.064179e+00  1.800000e+01
   endloop
 endfacet
 facet normal  0.000000e+00  0.000000e+00  1.000000e+00
   outer loop
     vertex  9.625948e+00 -2.709453e+00  1.800000e+01
     vertex  9.547993e+00 -2.972512e+00  1.800000e+01
     vertex  1.432199e+01 -4.458768e+00  1.800000e+01
   endloop
 endfacet
 facet normal -0.000000e+00  0.000000e+00  1.000000e+00
   outer loop
     vertex  2.510809e+00 -9.679661e+00  1.800000e+01
     vertex  4.163125e+00 -1.441070e+01  1.800000e+01
     vertex  2.775416e+00 -9.607136e+00  1.800000e+01
   endloop
 endfacet
 facet normal  0.000000e+00  0.000000e+00  1.000000e+00
   outer loop
     vertex  2.510809e+00 -9.679661e+00  1.800000e+01
     vertex  3.766214e+00 -1.451949e+01  1.800000e+01
     vertex  4.163125e+00 -1.441070e+01  1.800000e+01
   endloop
 endfacet
 facet normal  0.000000e+00  0.000000e+00  1.000000e+00
   outer loop
     vertex  9.696656e+00 -2.444354e+00  1.800000e+01
     vertex  1.443892e+01 -4.064179e+00  1.800000e+01
     vertex  1.454498e+01 -3.666531e+00  1.800000e+01
   endloop
 endfacet
 facet normal  0.000000e+00  0.000000e+00  1.000000e+00
   outer loop
     vertex  9.696656e+00 -2.444354e+00  1.800000e+01
     vertex  9.625948e+00 -2.709453e+00  1.800000e+01
     vertex  1.443892e+01 -4.064179e+00  1.800000e+01
   endloop
 endfacet
 facet normal -0.000000e+00  0.000000e+00  1.000000e+00
   outer loop
     vertex  2.244312e+00 -9.744899e+00  1.800000e+01
     vertex  3.766214e+00 -1.451949e+01  1.800000e+01
     vertex  2.510809e+00 -9.679661e+00  1.800000e+01
   endloop
 endfacet
 facet normal  0.000000e+00  0.000000e+00  1.000000e+00
   outer loop
     vertex  2.244312e+00 -9.744899e+00  1.800000e+01
     vertex  2.964188e+00 -1.470420e+01  1.800000e+01
     vertex  3.366468e+00 -1.461735e+01  1.800000e+01
   endloop
 endfacet
 facet normal  0.000000e+00  0.000000e+00  1.000000e+00
   outer loop
     vertex  2.244312e+00 -9.744899e+00  1.800000e+01
     vertex  3.366468e+00 -1.461735e+01  1.800000e+01
     vertex  3.766214e+00 -1.451949e+01  1.800000e+01
   endloop
 endfacet
 facet normal  0.000000e+00  0.000000e+00  1.000000e+00
   outer loop
     vertex  9.760065e+00 -2.177416e+00  1.800000e+01
     vertex  1.454498e+01 -3.666531e+00  1.800000e+01
     vertex  1.464010e+01 -3.266124e+00  1.800000e+01
   endloop
 endfacet
 facet normal  0.000000e+00  0.000000e+00  1.000000e+00
   outer loop
     vertex  9.760065e+00 -2.177416e+00  1.800000e+01
     vertex  1.464010e+01 -3.266124e+00  1.800000e+01
     vertex  1.472419e+01 -2.863257e+00  1.800000e+01
   endloop
 endfacet
 facet normal  0.000000e+00  0.000000e+00  1.000000e+00
   outer loop
     vertex  9.760065e+00 -2.177416e+00  1.800000e+01
     vertex  9.696656e+00 -2.444354e+00  1.800000e+01
     vertex  1.454498e+01 -3.666531e+00  1.800000e+01
   endloop
 endfacet
 facet normal  0.000000e+00  0.000000e+00  1.000000e+00
   outer loop
     vertex  1.976125e+00 -9.802802e+00  1.800000e+01
     vertex  2.559676e+00 -1.477999e+01  1.800000e+01
     vertex  2.964188e+00 -1.470420e+01  1.800000e+01
   endloop
 endfacet
 facet normal -0.000000e+00  0.000000e+00  1.000000e+00
   outer loop
     vertex  1.976125e+00 -9.802802e+00  1.800000e+01
     vertex  2.964188e+00 -1.470420e+01  1.800000e+01
     vertex  2.244312e+00 -9.744899e+00  1.800000e+01
   endloop
 endfacet
 facet normal  0.000000e+00  0.000000e+00  1.000000e+00
   outer loop
     vertex  9.816126e+00 -1.908838e+00  1.800000e+01
     vertex  9.760065e+00 -2.177416e+00  1.800000e+01
     vertex  1.472419e+01 -2.863257e+00  1.800000e+01
   endloop
 endfacet
 facet normal  0.000000e+00  0.000000e+00  1.000000e+00
   outer loop
     vertex  1.706451e+00 -9.853326e+00  1.800000e+01
     vertex  2.153238e+00 -1.484465e+01  1.800000e+01
     vertex  2.559676e+00 -1.477999e+01  1.800000e+01
   endloop
 endfacet
 facet normal -0.000000e+00  0.000000e+00  1.000000e+00
   outer loop
     vertex  1.706451e+00 -9.853326e+00  1.800000e+01
     vertex  2.559676e+00 -1.477999e+01  1.800000e+01
     vertex  1.976125e+00 -9.802802e+00  1.800000e+01
   endloop
 endfacet
 facet normal  0.000000e+00  0.000000e+00  1.000000e+00
   outer loop
     vertex  9.864799e+00 -1.638824e+00  1.800000e+01
     vertex  1.472419e+01 -2.863257e+00  1.800000e+01
     vertex  1.479720e+01 -2.458235e+00  1.800000e+01
   endloop
 endfacet
 facet normal  0.000000e+00  0.000000e+00  1.000000e+00
   outer loop
     vertex  9.864799e+00 -1.638824e+00  1.800000e+01
     vertex  9.816126e+00 -1.908838e+00  1.800000e+01
     vertex  1.472419e+01 -2.863257e+00  1.800000e+01
   endloop
 endfacet
 facet normal -0.000000e+00  0.000000e+00  1.000000e+00
   outer loop
     vertex  1.435492e+00 -9.896432e+00  1.800000e+01
     vertex  2.153238e+00 -1.484465e+01  1.800000e+01
     vertex  1.706451e+00 -9.853326e+00  1.800000e+01
   endloop
 endfacet
 facet normal  0.000000e+00  0.000000e+00  1.000000e+00
   outer loop
     vertex  9.906046e+00 -1.367575e+00  1.800000e+01
     vertex  1.479720e+01 -2.458235e+00  1.800000e+01
     vertex  1.485907e+01 -2.051363e+00  1.800000e+01
   endloop
 endfacet
 facet normal  0.000000e+00  0.000000e+00  1.000000e+00
   outer loop
     vertex  9.906046e+00 -1.367575e+00  1.800000e+01
     vertex  1.485907e+01 -2.051363e+00  1.800000e+01
     vertex  1.490975e+01 -1.642947e+00  1.800000e+01
   endloop
 endfacet
 facet normal  0.000000e+00  0.000000e+00  1.000000e+00
   outer loop
     vertex  9.906046e+00 -1.367575e+00  1.800000e+01
     vertex  9.864799e+00 -1.638824e+00  1.800000e+01
     vertex  1.479720e+01 -2.458235e+00  1.800000e+01
   endloop
 endfacet
 facet normal  0.000000e+00  0.000000e+00  1.000000e+00
   outer loop
     vertex  1.163452e+00 -9.932088e+00  1.800000e+01
     vertex  1.745179e+00 -1.489813e+01  1.800000e+01
     vertex  2.153238e+00 -1.484465e+01  1.800000e+01
   endloop
 endfacet
 facet normal -0.000000e+00  0.000000e+00  1.000000e+00
   outer loop
     vertex  1.163452e+00 -9.932088e+00  1.800000e+01
     vertex  2.153238e+00 -1.484465e+01  1.800000e+01
     vertex  1.435492e+00 -9.896432e+00  1.800000e+01
   endloop
 endfacet
 facet normal  0.000000e+00  0.000000e+00  1.000000e+00
   outer loop
     vertex  9.939835e+00 -1.095298e+00  1.800000e+01
     vertex  9.906046e+00 -1.367575e+00  1.800000e+01
     vertex  1.490975e+01 -1.642947e+00  1.800000e+01
   endloop
 endfacet
 facet normal -0.000000e+00  0.000000e+00  1.000000e+00
   outer loop
     vertex  8.905371e-01 -9.960268e+00  1.800000e+01
     vertex  1.745179e+00 -1.489813e+01  1.800000e+01
     vertex  1.163452e+00 -9.932088e+00  1.800000e+01
   endloop
 endfacet
 facet normal  0.000000e+00  0.000000e+00  1.000000e+00
   outer loop
     vertex  8.905371e-01 -9.960268e+00  1.800000e+01
     vertex  1.335806e+00 -1.494040e+01  1.800000e+01
     vertex  1.745179e+00 -1.489813e+01  1.800000e+01
   endloop
 endfacet
 facet normal  0.000000e+00  0.000000e+00  1.000000e+00
   outer loop
     vertex  9.966142e+00 -8.221955e-01  1.800000e+01
     vertex  1.490975e+01 -1.642947e+00  1.800000e+01
     vertex  1.494921e+01 -1.233293e+00  1.800000e+01
   endloop
 endfacet
 facet normal  0.000000e+00  0.000000e+00  1.000000e+00
   outer loop
     vertex  9.966142e+00 -8.221955e-01  1.800000e+01
     vertex  9.939835e+00 -1.095298e+00  1.800000e+01
     vertex  1.490975e+01 -1.642947e+00  1.800000e+01
   endloop
 endfacet
 facet normal -0.000000e+00  0.000000e+00  1.000000e+00
   outer loop
     vertex  6.169515e-01 -9.980950e+00  1.800000e+01
     vertex  1.335806e+00 -1.494040e+01  1.800000e+01
     vertex  8.905371e-01 -9.960268e+00  1.800000e+01
   endloop
 endfacet
 facet normal  0.000000e+00  0.000000e+00  1.000000e+00
   outer loop
     vertex  6.169515e-01 -9.980950e+00  1.800000e+01
     vertex  9.254272e-01 -1.497143e+01  1.800000e+01
     vertex  1.335806e+00 -1.494040e+01  1.800000e+01
   endloop
 endfacet
 facet normal  0.000000e+00  0.000000e+00  1.000000e+00
   outer loop
     vertex  9.984947e+00 -5.484744e-01  1.800000e+01
     vertex  1.494921e+01 -1.233293e+00  1.800000e+01
     vertex  1.497742e+01 -8.227117e-01  1.800000e+01
   endloop
 endfacet
 facet normal  0.000000e+00  0.000000e+00  1.000000e+00
   outer loop
     vertex  9.984947e+00 -5.484744e-01  1.800000e+01
     vertex  9.966142e+00 -8.221955e-01  1.800000e+01
     vertex  1.494921e+01 -1.233293e+00  1.800000e+01
   endloop
 endfacet
 facet normal -0.000000e+00  0.000000e+00  1.000000e+00
   outer loop
     vertex  3.429014e-01 -9.994119e+00  1.800000e+01
     vertex  9.254272e-01 -1.497143e+01  1.800000e+01
     vertex  6.169515e-01 -9.980950e+00  1.800000e+01
   endloop
 endfacet
 facet normal  0.000000e+00  0.000000e+00  1.000000e+00
   outer loop
     vertex  3.429014e-01 -9.994119e+00  1.800000e+01
     vertex  1.028898e-01 -1.499965e+01  1.800000e+01
     vertex  5.143521e-01 -1.499118e+01  1.800000e+01
   endloop
 endfacet
 facet normal  0.000000e+00  0.000000e+00  1.000000e+00
   outer loop
     vertex  3.429014e-01 -9.994119e+00  1.800000e+01
     vertex  5.143521e-01 -1.499118e+01  1.800000e+01
     vertex  9.254272e-01 -1.497143e+01  1.800000e+01
   endloop
 endfacet
 facet normal  0.000000e+00  0.000000e+00  1.000000e+00
   outer loop
     vertex  9.996236e+00 -2.743405e-01  1.800000e+01
     vertex  9.984947e+00 -5.484744e-01  1.800000e+01
     vertex  1.497742e+01 -8.227117e-01  1.800000e+01
   endloop
 endfacet
 facet normal  0.000000e+00  0.000000e+00  1.000000e+00
   outer loop
     vertex  9.996236e+00 -2.743405e-01  1.800000e+01
     vertex  1.497742e+01 -8.227117e-01  1.800000e+01
     vertex  1.499435e+01 -4.115107e-01  1.800000e+01
   endloop
 endfacet
 facet normal -0.000000e+00  0.000000e+00  1.000000e+00
   outer loop
     vertex  6.859319e-02 -9.999765e+00  1.800000e+01
     vertex  1.028898e-01 -1.499965e+01  1.800000e+01
     vertex  3.429014e-01 -9.994119e+00  1.800000e+01
   endloop
 endfacet
 facet normal  0.000000e+00  0.000000e+00  1.000000e+00
   outer loop
     vertex  6.859319e-02 -9.999765e+00  1.800000e+01
     vertex -3.086500e-01 -1.499682e+01  1.800000e+01
     vertex  1.028898e-01 -1.499965e+01  1.800000e+01
   endloop
 endfacet
 facet normal  0.000000e+00  0.000000e+00  1.000000e+00
   outer loop
     vertex  1.000000e+01  3.996803e-15  1.800000e+01
     vertex  9.996236e+00 -2.743405e-01  1.800000e+01
     vertex  1.499435e+01 -4.115107e-01  1.800000e+01
   endloop
 endfacet
 facet normal -0.000000e+00  0.000000e+00  1.000000e+00
   outer loop
     vertex  1.000000e+01  3.996803e-15  1.800000e+01
     vertex  1.499435e+01 -4.115107e-01  1.800000e+01
     vertex  1.500000e+01  3.996803e-15  1.800000e+01
   endloop
 endfacet
 facet normal  0.000000e+00  0.000000e+00  1.000000e+00
   outer loop
     vertex -2.057667e-01 -9.997883e+00  1.800000e+01
     vertex -3.086500e-01 -1.499682e+01  1.800000e+01
     vertex  6.859319e-02 -9.999765e+00  1.800000e+01
   endloop
 endfacet
 facet normal -0.000000e+00  0.000000e+00  1.000000e+00
   outer loop
     vertex  9.996236e+00  2.743405e-01  1.800000e+01
     vertex  1.500000e+01  3.996803e-15  1.800000e+01
     vertex  1.499435e+01  4.115107e-01  1.800000e+01
   endloop
 endfacet
 facet normal  0.000000e+00  0.000000e+00  1.000000e+00
   outer loop
     vertex  9.996236e+00  2.743405e-01  1.800000e+01
     vertex  1.499435e+01  4.115107e-01  1.800000e+01
     vertex  1.497742e+01  8.227117e-01  1.800000e+01
   endloop
 endfacet
 facet normal  0.000000e+00  0.000000e+00  1.000000e+00
   outer loop
     vertex  9.996236e+00  2.743405e-01  1.800000e+01
     vertex  1.000000e+01  3.996803e-15  1.800000e+01
     vertex  1.500000e+01  3.996803e-15  1.800000e+01
   endloop
 endfacet
 facet normal  0.000000e+00  0.000000e+00  1.000000e+00
   outer loop
     vertex -4.799716e-01 -9.988475e+00  1.800000e+01
     vertex -3.086500e-01 -1.499682e+01  1.800000e+01
     vertex -2.057667e-01 -9.997883e+00  1.800000e+01
   endloop
 endfacet
 facet normal  0.000000e+00  0.000000e+00  1.000000e+00
   outer loop
     vertex -4.799716e-01 -9.988475e+00  1.800000e+01
     vertex -1.130723e+00 -1.495732e+01  1.800000e+01
     vertex -7.199574e-01 -1.498271e+01  1.800000e+01
   endloop
 endfacet
 facet normal  0.000000e+00  0.000000e+00  1.000000e+00
   outer loop
     vertex -4.799716e-01 -9.988475e+00  1.800000e+01
     vertex -7.199574e-01 -1.498271e+01  1.800000e+01
     vertex -3.086500e-01 -1.499682e+01  1.800000e+01
   endloop
 endfacet
 facet normal -0.000000e+00  0.000000e+00  1.000000e+00
   outer loop
     vertex  9.984947e+00  5.484744e-01  1.800000e+01
     vertex  9.996236e+00  2.743405e-01  1.800000e+01
     vertex  1.497742e+01  8.227117e-01  1.800000e+01
   endloop
 endfacet
 facet normal  0.000000e+00  0.000000e+00  1.000000e+00
   outer loop
     vertex -7.538152e-01 -9.971548e+00  1.800000e+01
     vertex -1.130723e+00 -1.495732e+01  1.800000e+01
     vertex -4.799716e-01 -9.988475e+00  1.800000e+01
   endloop
 endfacet
 facet normal  0.000000e+00  0.000000e+00  1.000000e+00
   outer loop
     vertex  9.966142e+00  8.221955e-01  1.800000e+01
     vertex  1.497742e+01  8.227117e-01  1.800000e+01
     vertex  1.494921e+01  1.233293e+00  1.800000e+01
   endloop
 endfacet
 facet normal -0.000000e+00  0.000000e+00  1.000000e+00
   outer loop
     vertex  9.966142e+00  8.221955e-01  1.800000e+01
     vertex  9.984947e+00  5.484744e-01  1.800000e+01
     vertex  1.497742e+01  8.227117e-01  1.800000e+01
   endloop
 endfacet
 facet normal  0.000000e+00  0.000000e+00  1.000000e+00
   outer loop
     vertex -1.027091e+00 -9.947114e+00  1.800000e+01
     vertex -1.130723e+00 -1.495732e+01  1.800000e+01
     vertex -7.538152e-01 -9.971548e+00  1.800000e+01
   endloop
 endfacet
 facet normal  0.000000e+00  0.000000e+00  1.000000e+00
   outer loop
     vertex -1.027091e+00 -9.947114e+00  1.800000e+01
     vertex -1.949392e+00 -1.487279e+01  1.800000e+01
     vertex -1.540637e+00 -1.492067e+01  1.800000e+01
   endloop
 endfacet
 facet normal  0.000000e+00  0.000000e+00  1.000000e+00
   outer loop
     vertex -1.027091e+00 -9.947114e+00  1.800000e+01
     vertex -1.540637e+00 -1.492067e+01  1.800000e+01
     vertex -1.130723e+00 -1.495732e+01  1.800000e+01
   endloop
 endfacet
 facet normal  0.000000e+00  0.000000e+00  1.000000e+00
   outer loop
     vertex  9.939835e+00  1.095298e+00  1.800000e+01
     vertex  1.494921e+01  1.233293e+00  1.800000e+01
     vertex  1.490975e+01  1.642947e+00  1.800000e+01
   endloop
 endfacet
 facet normal  0.000000e+00  0.000000e+00  1.000000e+00
   outer loop
     vertex  9.939835e+00  1.095298e+00  1.800000e+01
     vertex  1.490975e+01  1.642947e+00  1.800000e+01
     vertex  1.485907e+01  2.051363e+00  1.800000e+01
   endloop
 endfacet
 facet normal -0.000000e+00  0.000000e+00  1.000000e+00
   outer loop
     vertex  9.939835e+00  1.095298e+00  1.800000e+01
     vertex  9.966142e+00  8.221955e-01  1.800000e+01
     vertex  1.494921e+01  1.233293e+00  1.800000e+01
   endloop
 endfacet
 facet normal  0.000000e+00  0.000000e+00  1.000000e+00
   outer loop
     vertex -1.299594e+00 -9.915193e+00  1.800000e+01
     vertex -1.949392e+00 -1.487279e+01  1.800000e+01
     vertex -1.027091e+00 -9.947114e+00  1.800000e+01
   endloop
 endfacet
 facet normal  0.000000e+00  0.000000e+00  1.000000e+00
   outer loop
     vertex -1.299594e+00 -9.915193e+00  1.800000e+01
     vertex -2.356679e+00 -1.481371e+01  1.800000e+01
     vertex -1.949392e+00 -1.487279e+01  1.800000e+01
   endloop
 endfacet
 facet normal  0.000000e+00  0.000000e+00  1.000000e+00
   outer loop
     vertex  9.906046e+00  1.367575e+00  1.800000e+01
     vertex  1.485907e+01  2.051363e+00  1.800000e+01
     vertex  1.479720e+01  2.458235e+00  1.800000e+01
   endloop
 endfacet
 facet normal -0.000000e+00  0.000000e+00  1.000000e+00
   outer loop
     vertex  9.906046e+00  1.367575e+00  1.800000e+01
     vertex  9.939835e+00  1.095298e+00  1.800000e+01
     vertex  1.485907e+01  2.051363e+00  1.800000e+01
   endloop
 endfacet
 facet normal  0.000000e+00  0.000000e+00  1.000000e+00
   outer loop
     vertex -1.571119e+00 -9.875808e+00  1.800000e+01
     vertex -2.356679e+00 -1.481371e+01  1.800000e+01
     vertex -1.299594e+00 -9.915193e+00  1.800000e+01
   endloop
 endfacet
 facet normal -0.000000e+00  0.000000e+00  1.000000e+00
   outer loop
     vertex  9.864799e+00  1.638824e+00  1.800000e+01
     vertex  9.906046e+00  1.367575e+00  1.800000e+01
     vertex  1.479720e+01  2.458235e+00  1.800000e+01
   endloop
 endfacet
 facet normal  0.000000e+00  0.000000e+00  1.000000e+00
   outer loop
     vertex -1.841461e+00 -9.828989e+00  1.800000e+01
     vertex -2.762192e+00 -1.474348e+01  1.800000e+01
     vertex -2.356679e+00 -1.481371e+01  1.800000e+01
   endloop
 endfacet
 facet normal  0.000000e+00  0.000000e+00  1.000000e+00
   outer loop
     vertex -1.841461e+00 -9.828989e+00  1.800000e+01
     vertex -2.356679e+00 -1.481371e+01  1.800000e+01
     vertex -1.571119e+00 -9.875808e+00  1.800000e+01
   endloop
 endfacet
 facet normal  0.000000e+00  0.000000e+00  1.000000e+00
   outer loop
     vertex  9.816126e+00  1.908838e+00  1.800000e+01
     vertex  1.479720e+01  2.458235e+00  1.800000e+01
     vertex  1.472419e+01  2.863257e+00  1.800000e+01
   endloop
 endfacet
 facet normal -0.000000e+00  0.000000e+00  1.000000e+00
   outer loop
     vertex  9.816126e+00  1.908838e+00  1.800000e+01
     vertex  9.864799e+00  1.638824e+00  1.800000e+01
     vertex  1.479720e+01  2.458235e+00  1.800000e+01
   endloop
 endfacet
 facet normal  0.000000e+00  0.000000e+00  1.000000e+00
   outer loop
     vertex -2.110417e+00 -9.774771e+00  1.800000e+01
     vertex -2.762192e+00 -1.474348e+01  1.800000e+01
     vertex -1.841461e+00 -9.828989e+00  1.800000e+01
   endloop
 endfacet
 facet normal  0.000000e+00  0.000000e+00  1.000000e+00
   outer loop
     vertex -2.110417e+00 -9.774771e+00  1.800000e+01
     vertex -3.165626e+00 -1.466216e+01  1.800000e+01
     vertex -2.762192e+00 -1.474348e+01  1.800000e+01
   endloop
 endfacet
 facet normal  0.000000e+00  0.000000e+00  1.000000e+00
   outer loop
     vertex  9.760065e+00  2.177416e+00  1.800000e+01
     vertex  1.472419e+01  2.863257e+00  1.800000e+01
     vertex  1.464010e+01  3.266124e+00  1.800000e+01
   endloop
 endfacet
 facet normal -0.000000e+00  0.000000e+00  1.000000e+00
   outer loop
     vertex  9.760065e+00  2.177416e+00  1.800000e+01
     vertex  9.816126e+00  1.908838e+00  1.800000e+01
     vertex  1.472419e+01  2.863257e+00  1.800000e+01
   endloop
 endfacet
 facet normal  0.000000e+00  0.000000e+00  1.000000e+00
   outer loop
     vertex -2.377784e+00 -9.713194e+00  1.800000e+01
     vertex -3.566676e+00 -1.456979e+01  1.800000e+01
     vertex -3.165626e+00 -1.466216e+01  1.800000e+01
   endloop
 endfacet
 facet normal  0.000000e+00  0.000000e+00  1.000000e+00
   outer loop
     vertex -2.377784e+00 -9.713194e+00  1.800000e+01
     vertex -3.165626e+00 -1.466216e+01  1.800000e+01
     vertex -2.110417e+00 -9.774771e+00  1.800000e+01
   endloop
 endfacet
 facet normal  0.000000e+00  0.000000e+00  1.000000e+00
   outer loop
     vertex  9.696656e+00  2.444354e+00  1.800000e+01
     vertex  1.464010e+01  3.266124e+00  1.800000e+01
     vertex  1.454498e+01  3.666531e+00  1.800000e+01
   endloop
 endfacet
 facet normal -0.000000e+00  0.000000e+00  1.000000e+00
   outer loop
     vertex  9.696656e+00  2.444354e+00  1.800000e+01
     vertex  9.760065e+00  2.177416e+00  1.800000e+01
     vertex  1.464010e+01  3.266124e+00  1.800000e+01
   endloop
 endfacet
 facet normal  0.000000e+00  0.000000e+00  1.000000e+00
   outer loop
     vertex -2.643362e+00 -9.644306e+00  1.800000e+01
     vertex -3.965042e+00 -1.446646e+01  1.800000e+01
     vertex -3.566676e+00 -1.456979e+01  1.800000e+01
   endloop
 endfacet
 facet normal  0.000000e+00  0.000000e+00  1.000000e+00
   outer loop
     vertex -2.643362e+00 -9.644306e+00  1.800000e+01
     vertex -3.566676e+00 -1.456979e+01  1.800000e+01
     vertex -2.377784e+00 -9.713194e+00  1.800000e+01
   endloop
 endfacet
 facet normal  0.000000e+00  0.000000e+00  1.000000e+00
   outer loop
     vertex  9.625948e+00  2.709453e+00  1.800000e+01
     vertex  1.454498e+01  3.666531e+00  1.800000e+01
     vertex  1.443892e+01  4.064179e+00  1.800000e+01
   endloop
 endfacet
 facet normal  0.000000e+00  0.000000e+00  1.000000e+00
   outer loop
     vertex  9.625948e+00  2.709453e+00  1.800000e+01
     vertex  1.443892e+01  4.064179e+00  1.800000e+01
     vertex  1.432199e+01  4.458768e+00  1.800000e+01
   endloop
 endfacet
 facet normal -0.000000e+00  0.000000e+00  1.000000e+00
   outer loop
     vertex  9.625948e+00  2.709453e+00  1.800000e+01
     vertex  9.696656e+00  2.444354e+00  1.800000e+01
     vertex  1.454498e+01  3.666531e+00  1.800000e+01
   endloop
 endfacet
 facet normal  0.000000e+00  0.000000e+00  1.000000e+00
   outer loop
     vertex -2.906949e+00 -9.568158e+00  1.800000e+01
     vertex -3.965042e+00 -1.446646e+01  1.800000e+01
     vertex -2.643362e+00 -9.644306e+00  1.800000e+01
   endloop
 endfacet
 facet normal  0.000000e+00  0.000000e+00  1.000000e+00
   outer loop
     vertex -2.906949e+00 -9.568158e+00  1.800000e+01
     vertex -4.360424e+00 -1.435224e+01  1.800000e+01
     vertex -3.965042e+00 -1.446646e+01  1.800000e+01
   endloop
 endfacet
 facet normal -0.000000e+00  0.000000e+00  1.000000e+00
   outer loop
     vertex  9.547993e+00  2.972512e+00  1.800000e+01
     vertex  9.625948e+00  2.709453e+00  1.800000e+01
     vertex  1.432199e+01  4.458768e+00  1.800000e+01
   endloop
 endfacet
 facet normal  0.000000e+00  0.000000e+00  1.000000e+00
   outer loop
     vertex -3.168348e+00 -9.484807e+00  1.800000e+01
     vertex -4.752522e+00 -1.422721e+01  1.800000e+01
     vertex -4.360424e+00 -1.435224e+01  1.800000e+01
   endloop
 endfacet
 facet normal  0.000000e+00  0.000000e+00  1.000000e+00
   outer loop
     vertex -3.168348e+00 -9.484807e+00  1.800000e+01
     vertex -4.360424e+00 -1.435224e+01  1.800000e+01
     vertex -2.906949e+00 -9.568158e+00  1.800000e+01
   endloop
 endfacet
 facet normal  0.000000e+00  0.000000e+00  1.000000e+00
   outer loop
     vertex  9.462851e+00  3.233333e+00  1.800000e+01
     vertex  1.432199e+01  4.458768e+00  1.800000e+01
     vertex  1.419428e+01  4.849999e+00  1.800000e+01
   endloop
 endfacet
 facet normal -0.000000e+00  0.000000e+00  1.000000e+00
   outer loop
     vertex  9.462851e+00  3.233333e+00  1.800000e+01
     vertex  9.547993e+00  2.972512e+00  1.800000e+01
     vertex  1.432199e+01  4.458768e+00  1.800000e+01
   endloop
 endfacet
 facet normal  0.000000e+00  0.000000e+00  1.000000e+00
   outer loop
     vertex -3.427362e+00 -9.394317e+00  1.800000e+01
     vertex -4.752522e+00 -1.422721e+01  1.800000e+01
     vertex -3.168348e+00 -9.484807e+00  1.800000e+01
   endloop
 endfacet
 facet normal  0.000000e+00  0.000000e+00  1.000000e+00
   outer loop
     vertex -3.427362e+00 -9.394317e+00  1.800000e+01
     vertex -5.141043e+00 -1.409148e+01  1.800000e+01
     vertex -4.752522e+00 -1.422721e+01  1.800000e+01
   endloop
 endfacet
 facet normal  0.000000e+00  0.000000e+00  1.000000e+00
   outer loop
     vertex  9.370586e+00  3.491720e+00  1.800000e+01
     vertex  1.419428e+01  4.849999e+00  1.800000e+01
     vertex  1.405588e+01  5.237580e+00  1.800000e+01
   endloop
 endfacet
 facet normal -0.000000e+00  0.000000e+00  1.000000e+00
   outer loop
     vertex  9.370586e+00  3.491720e+00  1.800000e+01
     vertex  9.462851e+00  3.233333e+00  1.800000e+01
     vertex  1.419428e+01  4.849999e+00  1.800000e+01
   endloop
 endfacet
 facet normal  0.000000e+00  0.000000e+00  1.000000e+00
   outer loop
     vertex -3.683796e+00 -9.296754e+00  1.800000e+01
     vertex -5.141043e+00 -1.409148e+01  1.800000e+01
     vertex -3.427362e+00 -9.394317e+00  1.800000e+01
   endloop
 endfacet
 facet normal  0.000000e+00  0.000000e+00  1.000000e+00
   outer loop
     vertex -3.683796e+00 -9.296754e+00  1.800000e+01
     vertex -5.525695e+00 -1.394513e+01  1.800000e+01
     vertex -5.141043e+00 -1.409148e+01  1.800000e+01
   endloop
 endfacet
 facet normal  0.000000e+00  0.000000e+00  1.000000e+00
   outer loop
     vertex  9.271267e+00  3.747479e+00  1.800000e+01
     vertex  1.405588e+01  5.237580e+00  1.800000e+01
     vertex  1.390690e+01  5.621219e+00  1.800000e+01
   endloop
 endfacet
 facet normal -0.000000e+00  0.000000e+00  1.000000e+00
   outer loop
     vertex  9.271267e+00  3.747479e+00  1.800000e+01
     vertex  9.370586e+00  3.491720e+00  1.800000e+01
     vertex  1.405588e+01  5.237580e+00  1.800000e+01
   endloop
 endfacet
 facet normal  0.000000e+00  0.000000e+00  1.000000e+00
   outer loop
     vertex -3.937458e+00 -9.192194e+00  1.800000e+01
     vertex -5.525695e+00 -1.394513e+01  1.800000e+01
     vertex -3.683796e+00 -9.296754e+00  1.800000e+01
   endloop
 endfacet
 facet normal  0.000000e+00  0.000000e+00  1.000000e+00
   outer loop
     vertex -3.937458e+00 -9.192194e+00  1.800000e+01
     vertex -5.906186e+00 -1.378829e+01  1.800000e+01
     vertex -5.525695e+00 -1.394513e+01  1.800000e+01
   endloop
 endfacet
 facet normal  0.000000e+00  0.000000e+00  1.000000e+00
   outer loop
     vertex  9.164969e+00  4.000417e+00  1.800000e+01
     vertex  1.390690e+01  5.621219e+00  1.800000e+01
     vertex  1.374745e+01  6.000626e+00  1.800000e+01
   endloop
 endfacet
 facet normal -0.000000e+00  0.000000e+00  1.000000e+00
   outer loop
     vertex  9.164969e+00  4.000417e+00  1.800000e+01
     vertex  9.271267e+00  3.747479e+00  1.800000e+01
     vertex  1.390690e+01  5.621219e+00  1.800000e+01
   endloop
 endfacet
 facet normal  0.000000e+00  0.000000e+00  1.000000e+00
   outer loop
     vertex -4.188155e+00 -9.080714e+00  1.800000e+01
     vertex -5.906186e+00 -1.378829e+01  1.800000e+01
     vertex -3.937458e+00 -9.192194e+00  1.800000e+01
   endloop
 endfacet
 facet normal  0.000000e+00  0.000000e+00  1.000000e+00
   outer loop
     vertex -4.188155e+00 -9.080714e+00  1.800000e+01
     vertex -6.653549e+00 -1.344360e+01  1.800000e+01
     vertex -6.282232e+00 -1.362107e+01  1.800000e+01
   endloop
 endfacet
 facet normal  0.000000e+00  0.000000e+00  1.000000e+00
   outer loop
     vertex -4.188155e+00 -9.080714e+00  1.800000e+01
     vertex -6.282232e+00 -1.362107e+01  1.800000e+01
     vertex -5.906186e+00 -1.378829e+01  1.800000e+01
   endloop
 endfacet
 facet normal  0.000000e+00  0.000000e+00  1.000000e+00
   outer loop
     vertex  9.051772e+00  4.250344e+00  1.800000e+01
     vertex  1.374745e+01  6.000626e+00  1.800000e+01
     vertex  1.357766e+01  6.375515e+00  1.800000e+01
   endloop
 endfacet
 facet normal -0.000000e+00  0.000000e+00  1.000000e+00
   outer loop
     vertex  9.051772e+00  4.250344e+00  1.800000e+01
     vertex  9.164969e+00  4.000417e+00  1.800000e+01
     vertex  1.374745e+01  6.000626e+00  1.800000e+01
   endloop
 endfacet
 facet normal  0.000000e+00  0.000000e+00  1.000000e+00
   outer loop
     vertex -4.435699e+00 -8.962398e+00  1.800000e+01
     vertex -6.653549e+00 -1.344360e+01  1.800000e+01
     vertex -4.188155e+00 -9.080714e+00  1.800000e+01
   endloop
 endfacet
 facet normal  0.000000e+00  0.000000e+00  1.000000e+00
   outer loop
     vertex -4.435699e+00 -8.962398e+00  1.800000e+01
     vertex -7.019857e+00 -1.325600e+01  1.800000e+01
     vertex -6.653549e+00 -1.344360e+01  1.800000e+01
   endloop
 endfacet
 facet normal  0.000000e+00  0.000000e+00  1.000000e+00
   outer loop
     vertex  8.931761e+00  4.497071e+00  1.800000e+01
     vertex  1.357766e+01  6.375515e+00  1.800000e+01
     vertex  1.339764e+01  6.745606e+00  1.800000e+01
   endloop
 endfacet
 facet normal -0.000000e+00  0.000000e+00  1.000000e+00
   outer loop
     vertex  8.931761e+00  4.497071e+00  1.800000e+01
     vertex  9.051772e+00  4.250344e+00  1.800000e+01
     vertex  1.357766e+01  6.375515e+00  1.800000e+01
   endloop
 endfacet
 facet normal  0.000000e+00  0.000000e+00  1.000000e+00
   outer loop
     vertex -4.679904e+00 -8.837335e+00  1.800000e+01
     vertex -7.019857e+00 -1.325600e+01  1.800000e+01
     vertex -4.435699e+00 -8.962398e+00  1.800000e+01
   endloop
 endfacet
 facet normal  0.000000e+00  0.000000e+00  1.000000e+00
   outer loop
     vertex  8.805026e+00  4.740412e+00  1.800000e+01
     vertex  1.339764e+01  6.745606e+00  1.800000e+01
     vertex  1.320754e+01  7.110619e+00  1.800000e+01
   endloop
 endfacet
 facet normal  0.000000e+00  0.000000e+00  1.000000e+00
   outer loop
     vertex  8.805026e+00  4.740412e+00  1.800000e+01
     vertex  1.320754e+01  7.110619e+00  1.800000e+01
     vertex  1.300750e+01  7.470278e+00  1.800000e+01
   endloop
 endfacet
 facet normal -0.000000e+00  0.000000e+00  1.000000e+00
   outer loop
     vertex  8.805026e+00  4.740412e+00  1.800000e+01
     vertex  8.931761e+00  4.497071e+00  1.800000e+01
     vertex  1.339764e+01  6.745606e+00  1.800000e+01
   endloop
 endfacet
 facet normal  0.000000e+00  0.000000e+00  1.000000e+00
   outer loop
     vertex -4.920587e+00 -8.705620e+00  1.800000e+01
     vertex -7.019857e+00 -1.325600e+01  1.800000e+01
     vertex -4.679904e+00 -8.837335e+00  1.800000e+01
   endloop
 endfacet
 facet normal  0.000000e+00  0.000000e+00  1.000000e+00
   outer loop
     vertex -4.920587e+00 -8.705620e+00  1.800000e+01
     vertex -7.736348e+00 -1.285103e+01  1.800000e+01
     vertex -7.380880e+00 -1.305843e+01  1.800000e+01
   endloop
 endfacet
 facet normal  0.000000e+00  0.000000e+00  1.000000e+00
   outer loop
     vertex -4.920587e+00 -8.705620e+00  1.800000e+01
     vertex -7.380880e+00 -1.305843e+01  1.800000e+01
     vertex -7.019857e+00 -1.325600e+01  1.800000e+01
   endloop
 endfacet
 facet normal -0.000000e+00  0.000000e+00  1.000000e+00
   outer loop
     vertex  8.671664e+00  4.980186e+00  1.800000e+01
     vertex  8.805026e+00  4.740412e+00  1.800000e+01
     vertex  1.300750e+01  7.470278e+00  1.800000e+01
   endloop
 endfacet
 facet normal  0.000000e+00  0.000000e+00  1.000000e+00
   outer loop
     vertex -5.157565e+00 -8.567352e+00  1.800000e+01
     vertex -7.736348e+00 -1.285103e+01  1.800000e+01
     vertex -4.920587e+00 -8.705620e+00  1.800000e+01
   endloop
 endfacet
 facet normal  0.000000e+00  0.000000e+00  1.000000e+00
   outer loop
     vertex  8.531773e+00  5.216210e+00  1.800000e+01
     vertex  1.300750e+01  7.470278e+00  1.800000e+01
     vertex  1.279766e+01  7.824315e+00  1.800000e+01
   endloop
 endfacet
 facet normal -0.000000e+00  0.000000e+00  1.000000e+00
   outer loop
     vertex  8.531773e+00  5.216210e+00  1.800000e+01
     vertex  8.671664e+00  4.980186e+00  1.800000e+01
     vertex  1.300750e+01  7.470278e+00  1.800000e+01
   endloop
 endfacet
 facet normal  0.000000e+00  0.000000e+00  1.000000e+00
   outer loop
     vertex -5.390661e+00 -8.422635e+00  1.800000e+01
     vertex -8.429549e+00 -1.240737e+01  1.800000e+01
     vertex -8.085992e+00 -1.263395e+01  1.800000e+01
   endloop
 endfacet
 facet normal  0.000000e+00  0.000000e+00  1.000000e+00
   outer loop
     vertex -5.390661e+00 -8.422635e+00  1.800000e+01
     vertex -8.085992e+00 -1.263395e+01  1.800000e+01
     vertex -7.736348e+00 -1.285103e+01  1.800000e+01
   endloop
 endfacet
 facet normal  0.000000e+00  0.000000e+00  1.000000e+00
   outer loop
     vertex -5.390661e+00 -8.422635e+00  1.800000e+01
     vertex -7.736348e+00 -1.285103e+01  1.800000e+01
     vertex -5.157565e+00 -8.567352e+00  1.800000e+01
   endloop
 endfacet
 facet normal -4.102578e-15  7.618407e-15  1.000000e+00
   outer loop
     vertex  8.385460e+00  5.448308e+00  1.800000e+01
     vertex  1.279766e+01  7.824315e+00  1.800000e+01
     vertex  1.257819e+01  8.172462e+00  1.800000e+01
   endloop
 endfacet
 facet normal -0.000000e+00  0.000000e+00  1.000000e+00
   outer loop
     vertex  8.385460e+00  5.448308e+00  1.800000e+01
     vertex  8.531773e+00  5.216210e+00  1.800000e+01
     vertex  1.279766e+01  7.824315e+00  1.800000e+01
   endloop
 endfacet
 facet normal  0.000000e+00  0.000000e+00  1.000000e+00
   outer loop
     vertex -5.619699e+00 -8.271577e+00  1.800000e+01
     vertex -8.429549e+00 -1.240737e+01  1.800000e+01
     vertex -5.390661e+00 -8.422635e+00  1.800000e+01
   endloop
 endfacet
 facet normal  5.905116e-16  3.953000e-16  1.000000e+00
   outer loop
     vertex  8.232835e+00  5.676304e+00  1.800000e+01
     vertex  1.257819e+01  8.172462e+00  1.800000e+01
     vertex  1.234925e+01  8.514456e+00  1.800000e+01
   endloop
 endfacet
 facet normal  5.905116e-16  3.953000e-16  1.000000e+00
   outer loop
     vertex  8.232835e+00  5.676304e+00  1.800000e+01
     vertex  8.385460e+00  5.448308e+00  1.800000e+01
     vertex  1.257819e+01  8.172462e+00  1.800000e+01
   endloop
 endfacet
 facet normal  0.000000e+00  0.000000e+00  1.000000e+00
   outer loop
     vertex -5.844507e+00 -8.114292e+00  1.800000e+01
     vertex -9.097372e+00 -1.192635e+01  1.800000e+01
     vertex -8.766760e+00 -1.217144e+01  1.800000e+01
   endloop
 endfacet
 facet normal  0.000000e+00  0.000000e+00  1.000000e+00
   outer loop
     vertex -5.844507e+00 -8.114292e+00  1.800000e+01
     vertex -8.766760e+00 -1.217144e+01  1.800000e+01
     vertex -8.429549e+00 -1.240737e+01  1.800000e+01
   endloop
 endfacet
 facet normal  0.000000e+00  0.000000e+00  1.000000e+00
   outer loop
     vertex -5.844507e+00 -8.114292e+00  1.800000e+01
     vertex -8.429549e+00 -1.240737e+01  1.800000e+01
     vertex -5.619699e+00 -8.271577e+00  1.800000e+01
   endloop
 endfacet
 facet normal  5.794446e-16  4.113513e-16  1.000000e+00
   outer loop
     vertex  8.074012e+00  5.900028e+00  1.800000e+01
     vertex  1.234925e+01  8.514456e+00  1.800000e+01
     vertex  1.211102e+01  8.850042e+00  1.800000e+01
   endloop
 endfacet
 facet normal  5.794446e-16  4.113513e-16  1.000000e+00
   outer loop
     vertex  8.074012e+00  5.900028e+00  1.800000e+01
     vertex  8.232835e+00  5.676304e+00  1.800000e+01
     vertex  1.234925e+01  8.514456e+00  1.800000e+01
   endloop
 endfacet
 facet normal -9.873241e-15  8.424932e-15  1.000000e+00
   outer loop
     vertex -6.064915e+00 -7.950900e+00  1.800000e+01
     vertex -9.097372e+00 -1.192635e+01  1.800000e+01
     vertex -5.844507e+00 -8.114292e+00  1.800000e+01
   endloop
 endfacet
 facet normal  5.679415e-16  4.270930e-16  1.000000e+00
   outer loop
     vertex  7.909112e+00  6.119310e+00  1.800000e+01
     vertex  1.211102e+01  8.850042e+00  1.800000e+01
     vertex  1.186367e+01  9.178965e+00  1.800000e+01
   endloop
 endfacet
 facet normal  5.679415e-16  4.270930e-16  1.000000e+00
   outer loop
     vertex  7.909112e+00  6.119310e+00  1.800000e+01
     vertex  8.074012e+00  5.900028e+00  1.800000e+01
     vertex  1.211102e+01  8.850042e+00  1.800000e+01
   endloop
 endfacet
 facet normal  4.386889e-16  5.590331e-16  1.000000e+00
   outer loop
     vertex -6.280757e+00 -7.781522e+00  1.800000e+01
     vertex -9.421136e+00 -1.167228e+01  1.800000e+01
     vertex -9.097372e+00 -1.192635e+01  1.800000e+01
   endloop
 endfacet
 facet normal  4.386889e-16  5.590331e-16  1.000000e+00
   outer loop
     vertex -6.280757e+00 -7.781522e+00  1.800000e+01
     vertex -9.097372e+00 -1.192635e+01  1.800000e+01
     vertex -6.064915e+00 -7.950900e+00  1.800000e+01
   endloop
 endfacet
 facet normal  5.560109e-16  4.425132e-16  1.000000e+00
   outer loop
     vertex  7.738257e+00  6.333986e+00  1.800000e+01
     vertex  1.186367e+01  9.178965e+00  1.800000e+01
     vertex  1.160739e+01  9.500978e+00  1.800000e+01
   endloop
 endfacet
 facet normal  5.560109e-16  4.425132e-16  1.000000e+00
   outer loop
     vertex  7.738257e+00  6.333986e+00  1.800000e+01
     vertex  7.909112e+00  6.119310e+00  1.800000e+01
     vertex  1.186367e+01  9.178965e+00  1.800000e+01
   endloop
 endfacet
 facet normal  4.538604e-16  5.467877e-16  1.000000e+00
   outer loop
     vertex -6.491872e+00 -7.606287e+00  1.800000e+01
     vertex -9.737808e+00 -1.140943e+01  1.800000e+01
     vertex -9.421136e+00 -1.167228e+01  1.800000e+01
   endloop
 endfacet
 facet normal  4.538604e-16  5.467877e-16  1.000000e+00
   outer loop
     vertex -6.491872e+00 -7.606287e+00  1.800000e+01
     vertex -9.421136e+00 -1.167228e+01  1.800000e+01
     vertex -6.280757e+00 -7.781522e+00  1.800000e+01
   endloop
 endfacet
 facet normal  5.436616e-16  4.576003e-16  1.000000e+00
   outer loop
     vertex  7.561578e+00  6.543893e+00  1.800000e+01
     vertex  1.160739e+01  9.500978e+00  1.800000e+01
     vertex  1.134237e+01  9.815840e+00  1.800000e+01
   endloop
 endfacet
 facet normal  5.436616e-16  4.576003e-16  1.000000e+00
   outer loop
     vertex  7.561578e+00  6.543893e+00  1.800000e+01
     vertex  7.738257e+00  6.333986e+00  1.800000e+01
     vertex  1.160739e+01  9.500978e+00  1.800000e+01
   endloop
 endfacet
 facet normal  4.686901e-16  5.341307e-16  1.000000e+00
   outer loop
     vertex -6.698100e+00 -7.425325e+00  1.800000e+01
     vertex -1.004715e+01 -1.113799e+01  1.800000e+01
     vertex -9.737808e+00 -1.140943e+01  1.800000e+01
   endloop
 endfacet
 facet normal  4.686901e-16  5.341307e-16  1.000000e+00
   outer loop
     vertex -6.698100e+00 -7.425325e+00  1.800000e+01
     vertex -9.737808e+00 -1.140943e+01  1.800000e+01
     vertex -6.491872e+00 -7.606287e+00  1.800000e+01
   endloop
 endfacet
 facet normal  5.309032e-16  4.723429e-16  1.000000e+00
   outer loop
     vertex  7.379206e+00  6.748875e+00  1.800000e+01
     vertex  1.134237e+01  9.815840e+00  1.800000e+01
     vertex  1.106881e+01  1.012331e+01  1.800000e+01
   endloop
 endfacet
 facet normal  5.309032e-16  4.723429e-16  1.000000e+00
   outer loop
     vertex  7.379206e+00  6.748875e+00  1.800000e+01
     vertex  7.561578e+00  6.543893e+00  1.800000e+01
     vertex  1.134237e+01  9.815840e+00  1.800000e+01
   endloop
 endfacet
 facet normal  4.831671e-16  5.210715e-16  1.000000e+00
   outer loop
     vertex -6.899286e+00 -7.238775e+00  1.800000e+01
     vertex -1.034893e+01 -1.085816e+01  1.800000e+01
     vertex -1.004715e+01 -1.113799e+01  1.800000e+01
   endloop
 endfacet
 facet normal  4.831671e-16  5.210715e-16  1.000000e+00
   outer loop
     vertex -6.899286e+00 -7.238775e+00  1.800000e+01
     vertex -1.004715e+01 -1.113799e+01  1.800000e+01
     vertex -6.698100e+00 -7.425325e+00  1.800000e+01
   endloop
 endfacet
 facet normal  5.177451e-16  4.867299e-16  1.000000e+00
   outer loop
     vertex  7.191280e+00  6.948776e+00  1.800000e+01
     vertex  1.106881e+01  1.012331e+01  1.800000e+01
     vertex  1.078692e+01  1.042316e+01  1.800000e+01
   endloop
 endfacet
 facet normal  5.177451e-16  4.867299e-16  1.000000e+00
   outer loop
     vertex  7.191280e+00  6.948776e+00  1.800000e+01
     vertex  7.379206e+00  6.748875e+00  1.800000e+01
     vertex  1.106881e+01  1.012331e+01  1.800000e+01
   endloop
 endfacet
 facet normal  4.972804e-16  5.076202e-16  1.000000e+00
   outer loop
     vertex -1.064292e+01 -1.057016e+01  1.800000e+01
     vertex -6.899286e+00 -7.238775e+00  1.800000e+01
     vertex -7.095278e+00 -7.046775e+00  1.800000e+01
   endloop
 endfacet
 facet normal  4.972804e-16  5.076202e-16  1.000000e+00
   outer loop
     vertex -1.064292e+01 -1.057016e+01  1.800000e+01
     vertex -1.034893e+01 -1.085816e+01  1.800000e+01
     vertex -6.899286e+00 -7.238775e+00  1.800000e+01
   endloop
 endfacet
 facet normal  5.041972e-16  5.007506e-16  1.000000e+00
   outer loop
     vertex  6.997940e+00  7.143447e+00  1.800000e+01
     vertex  7.191280e+00  6.948776e+00  1.800000e+01
     vertex  1.078692e+01  1.042316e+01  1.800000e+01
   endloop
 endfacet
 facet normal  5.041972e-16  5.007506e-16  1.000000e+00
   outer loop
     vertex  1.049691e+01  1.071517e+01  1.800000e+01
     vertex  6.997940e+00  7.143447e+00  1.800000e+01
     vertex  1.078692e+01  1.042316e+01  1.800000e+01
   endloop
 endfacet
 facet normal  4.902699e-16  5.143943e-16  1.000000e+00
   outer loop
     vertex  6.799333e+00  7.332740e+00  1.800000e+01
     vertex  6.997940e+00  7.143447e+00  1.800000e+01
     vertex  1.049691e+01  1.071517e+01  1.800000e+01
   endloop
 endfacet
 facet normal  5.110193e-16  4.937867e-16  1.000000e+00
   outer loop
     vertex -1.092889e+01 -1.027421e+01  1.800000e+01
     vertex -1.064292e+01 -1.057016e+01  1.800000e+01
     vertex -7.095278e+00 -7.046775e+00  1.800000e+01
   endloop
 endfacet
 facet normal  5.110193e-16  4.937867e-16  1.000000e+00
   outer loop
     vertex -1.092889e+01 -1.027421e+01  1.800000e+01
     vertex -7.095278e+00 -7.046775e+00  1.800000e+01
     vertex -7.285929e+00 -6.849470e+00  1.800000e+01
   endloop
 endfacet
 facet normal  4.902699e-16  5.143943e-16  1.000000e+00
   outer loop
     vertex  1.019900e+01  1.099911e+01  1.800000e+01
     vertex  6.799333e+00  7.332740e+00  1.800000e+01
     vertex  1.049691e+01  1.071517e+01  1.800000e+01
   endloop
 endfacet
 facet normal  5.243735e-16  4.795815e-16  1.000000e+00
   outer loop
     vertex -7.471095e+00 -6.647010e+00  1.800000e+01
     vertex -1.092889e+01 -1.027421e+01  1.800000e+01
     vertex -7.285929e+00 -6.849470e+00  1.800000e+01
   endloop
 endfacet
 facet normal  4.759734e-16  5.276508e-16  1.000000e+00
   outer loop
     vertex  6.595607e+00  7.516513e+00  1.800000e+01
     vertex  6.799333e+00  7.332740e+00  1.800000e+01
     vertex  1.019900e+01  1.099911e+01  1.800000e+01
   endloop
 endfacet
 facet normal  5.243735e-16  4.795815e-16  1.000000e+00
   outer loop
     vertex -1.120664e+01 -9.970515e+00  1.800000e+01
     vertex -1.092889e+01 -1.027421e+01  1.800000e+01
     vertex -7.471095e+00 -6.647010e+00  1.800000e+01
   endloop
 endfacet
 facet normal  4.759734e-16  5.276508e-16  1.000000e+00
   outer loop
     vertex  9.893410e+00  1.127477e+01  1.800000e+01
     vertex  6.595607e+00  7.516513e+00  1.800000e+01
     vertex  1.019900e+01  1.099911e+01  1.800000e+01
   endloop
 endfacet
 facet normal  5.373330e-16  4.650153e-16  1.000000e+00
   outer loop
     vertex -1.147596e+01 -9.659318e+00  1.800000e+01
     vertex -1.120664e+01 -9.970515e+00  1.800000e+01
     vertex -7.471095e+00 -6.647010e+00  1.800000e+01
   endloop
 endfacet
 facet normal  5.498880e-16  4.500991e-16  1.000000e+00
   outer loop
     vertex -1.147596e+01 -9.659318e+00  1.800000e+01
     vertex -7.650637e+00 -6.439545e+00  1.800000e+01
     vertex -7.824421e+00 -6.227234e+00  1.800000e+01
   endloop
 endfacet
 facet normal  5.373330e-16  4.650153e-16  1.000000e+00
   outer loop
     vertex -1.147596e+01 -9.659318e+00  1.800000e+01
     vertex -7.471095e+00 -6.647010e+00  1.800000e+01
     vertex -7.650637e+00 -6.439545e+00  1.800000e+01
   endloop
 endfacet
 facet normal  4.613187e-16  5.405100e-16  1.000000e+00
   outer loop
     vertex  9.580374e+00  1.154194e+01  1.800000e+01
     vertex  6.595607e+00  7.516513e+00  1.800000e+01
     vertex  9.893410e+00  1.127477e+01  1.800000e+01
   endloop
 endfacet
 facet normal  4.613187e-16  5.405100e-16  1.000000e+00
   outer loop
     vertex  9.580374e+00  1.154194e+01  1.800000e+01
     vertex  6.386916e+00  7.694628e+00  1.800000e+01
     vertex  6.595607e+00  7.516513e+00  1.800000e+01
   endloop
 endfacet
 facet normal  4.463167e-16  5.529624e-16  1.000000e+00
   outer loop
     vertex  9.580374e+00  1.154194e+01  1.800000e+01
     vertex  6.173417e+00  7.866951e+00  1.800000e+01
     vertex  6.386916e+00  7.694628e+00  1.800000e+01
   endloop
 endfacet
 facet normal  5.498880e-16  4.500991e-16  1.000000e+00
   outer loop
     vertex -1.173663e+01 -9.340851e+00  1.800000e+01
     vertex -1.147596e+01 -9.659318e+00  1.800000e+01
     vertex -7.824421e+00 -6.227234e+00  1.800000e+01
   endloop
 endfacet
 facet normal  5.620291e-16  4.348440e-16  1.000000e+00
   outer loop
     vertex -1.173663e+01 -9.340851e+00  1.800000e+01
     vertex -7.824421e+00 -6.227234e+00  1.800000e+01
     vertex -7.992314e+00 -6.010234e+00  1.800000e+01
   endloop
 endfacet
 facet normal  4.463167e-16  5.529624e-16  1.000000e+00
   outer loop
     vertex  9.260126e+00  1.180043e+01  1.800000e+01
     vertex  6.173417e+00  7.866951e+00  1.800000e+01
     vertex  9.580374e+00  1.154194e+01  1.800000e+01
   endloop
 endfacet
 facet normal  5.620291e-16  4.348440e-16  1.000000e+00
   outer loop
     vertex -1.198847e+01 -9.015352e+00  1.800000e+01
     vertex -1.173663e+01 -9.340851e+00  1.800000e+01
     vertex -7.992314e+00 -6.010234e+00  1.800000e+01
   endloop
 endfacet
 facet normal  4.309787e-16  5.649986e-16  1.000000e+00
   outer loop
     vertex  8.932907e+00  1.205003e+01  1.800000e+01
     vertex  6.173417e+00  7.866951e+00  1.800000e+01
     vertex  9.260126e+00  1.180043e+01  1.800000e+01
   endloop
 endfacet
 facet normal -1.040320e-14  7.712086e-15  1.000000e+00
   outer loop
     vertex  8.932907e+00  1.205003e+01  1.800000e+01
     vertex  5.955271e+00  8.033352e+00  1.800000e+01
     vertex  6.173417e+00  7.866951e+00  1.800000e+01
   endloop
 endfacet
 facet normal  0.000000e+00  0.000000e+00  1.000000e+00
   outer loop
     vertex  8.932907e+00  1.205003e+01  1.800000e+01
     vertex  5.732642e+00  8.193706e+00  1.800000e+01
     vertex  5.955271e+00  8.033352e+00  1.800000e+01
   endloop
 endfacet
 facet normal  5.737471e-16  4.192616e-16  1.000000e+00
   outer loop
     vertex -1.223129e+01 -8.683066e+00  1.800000e+01
     vertex -1.198847e+01 -9.015352e+00  1.800000e+01
     vertex -7.992314e+00 -6.010234e+00  1.800000e+01
   endloop
 endfacet
 facet normal  5.737471e-16  4.192616e-16  1.000000e+00
   outer loop
     vertex -1.223129e+01 -8.683066e+00  1.800000e+01
     vertex -7.992314e+00 -6.010234e+00  1.800000e+01
     vertex -8.154191e+00 -5.788711e+00  1.800000e+01
   endloop
 endfacet
 facet normal  0.000000e+00  0.000000e+00  1.000000e+00
   outer loop
     vertex  8.598964e+00  1.229056e+01  1.800000e+01
     vertex  5.732642e+00  8.193706e+00  1.800000e+01
     vertex  8.932907e+00  1.205003e+01  1.800000e+01
   endloop
 endfacet
 facet normal  5.850332e-16  4.033636e-16  1.000000e+00
   outer loop
     vertex -1.246489e+01 -8.344244e+00  1.800000e+01
     vertex -8.154191e+00 -5.788711e+00  1.800000e+01
     vertex -8.309929e+00 -5.562829e+00  1.800000e+01
   endloop
 endfacet
 facet normal  5.850332e-16  4.033636e-16  1.000000e+00
   outer loop
     vertex -1.246489e+01 -8.344244e+00  1.800000e+01
     vertex -1.223129e+01 -8.683066e+00  1.800000e+01
     vertex -8.154191e+00 -5.788711e+00  1.800000e+01
   endloop
 endfacet
 facet normal  0.000000e+00  0.000000e+00  1.000000e+00
   outer loop
     vertex  8.258547e+00  1.252184e+01  1.800000e+01
     vertex  5.732642e+00  8.193706e+00  1.800000e+01
     vertex  8.598964e+00  1.229056e+01  1.800000e+01
   endloop
 endfacet
 facet normal  0.000000e+00  0.000000e+00  1.000000e+00
   outer loop
     vertex  8.258547e+00  1.252184e+01  1.800000e+01
     vertex  5.505698e+00  8.347891e+00  1.800000e+01
     vertex  5.732642e+00  8.193706e+00  1.800000e+01
   endloop
 endfacet
 facet normal  0.000000e+00  0.000000e+00  1.000000e+00
   outer loop
     vertex -1.268912e+01 -7.999141e+00  1.800000e+01
     vertex -8.309929e+00 -5.562829e+00  1.800000e+01
     vertex -8.459413e+00 -5.332761e+00  1.800000e+01
   endloop
 endfacet
 facet normal -4.206703e-15  7.561410e-15  1.000000e+00
   outer loop
     vertex -1.268912e+01 -7.999141e+00  1.800000e+01
     vertex -1.246489e+01 -8.344244e+00  1.800000e+01
     vertex -8.309929e+00 -5.562829e+00  1.800000e+01
   endloop
 endfacet
 facet normal  0.000000e+00  0.000000e+00  1.000000e+00
   outer loop
     vertex  7.911914e+00  1.274369e+01  1.800000e+01
     vertex  5.274609e+00  8.495793e+00  1.800000e+01
     vertex  5.505698e+00  8.347891e+00  1.800000e+01
   endloop
 endfacet
 facet normal  0.000000e+00  0.000000e+00  1.000000e+00
   outer loop
     vertex  7.911914e+00  1.274369e+01  1.800000e+01
     vertex  5.505698e+00  8.347891e+00  1.800000e+01
     vertex  8.258547e+00  1.252184e+01  1.800000e+01
   endloop
 endfacet
 facet normal  0.000000e+00  0.000000e+00  1.000000e+00
   outer loop
     vertex -1.290379e+01 -7.648016e+00  1.800000e+01
     vertex -8.459413e+00 -5.332761e+00  1.800000e+01
     vertex -8.602528e+00 -5.098678e+00  1.800000e+01
   endloop
 endfacet
 facet normal -0.000000e+00  0.000000e+00  1.000000e+00
   outer loop
     vertex -1.290379e+01 -7.648016e+00  1.800000e+01
     vertex -1.268912e+01 -7.999141e+00  1.800000e+01
     vertex -8.459413e+00 -5.332761e+00  1.800000e+01
   endloop
 endfacet
 facet normal  0.000000e+00  0.000000e+00  1.000000e+00
   outer loop
     vertex  7.559325e+00  1.295595e+01  1.800000e+01
     vertex  5.039550e+00  8.637299e+00  1.800000e+01
     vertex  5.274609e+00  8.495793e+00  1.800000e+01
   endloop
 endfacet
 facet normal  0.000000e+00  0.000000e+00  1.000000e+00
   outer loop
     vertex  7.559325e+00  1.295595e+01  1.800000e+01
     vertex  5.274609e+00  8.495793e+00  1.800000e+01
     vertex  7.911914e+00  1.274369e+01  1.800000e+01
   endloop
 endfacet
 facet normal -0.000000e+00  0.000000e+00  1.000000e+00
   outer loop
     vertex -1.310875e+01 -7.291135e+00  1.800000e+01
     vertex -1.290379e+01 -7.648016e+00  1.800000e+01
     vertex -8.602528e+00 -5.098678e+00  1.800000e+01
   endloop
 endfacet
 facet normal  0.000000e+00  0.000000e+00  1.000000e+00
   outer loop
     vertex -1.310875e+01 -7.291135e+00  1.800000e+01
     vertex -8.602528e+00 -5.098678e+00  1.800000e+01
     vertex -8.739167e+00 -4.860756e+00  1.800000e+01
   endloop
 endfacet
 facet normal  0.000000e+00  0.000000e+00  1.000000e+00
   outer loop
     vertex  7.201046e+00  1.315845e+01  1.800000e+01
     vertex  4.800697e+00  8.772303e+00  1.800000e+01
     vertex  5.039550e+00  8.637299e+00  1.800000e+01
   endloop
 endfacet
 facet normal  0.000000e+00  0.000000e+00  1.000000e+00
   outer loop
     vertex  7.201046e+00  1.315845e+01  1.800000e+01
     vertex  5.039550e+00  8.637299e+00  1.800000e+01
     vertex  7.559325e+00  1.295595e+01  1.800000e+01
   endloop
 endfacet
 facet normal -0.000000e+00  0.000000e+00  1.000000e+00
   outer loop
     vertex -1.330384e+01 -6.928764e+00  1.800000e+01
     vertex -1.310875e+01 -7.291135e+00  1.800000e+01
     vertex -8.739167e+00 -4.860756e+00  1.800000e+01
   endloop
 endfacet
 facet normal  0.000000e+00  0.000000e+00  1.000000e+00
   outer loop
     vertex -1.330384e+01 -6.928764e+00  1.800000e+01
     vertex -8.739167e+00 -4.860756e+00  1.800000e+01
     vertex -8.869228e+00 -4.619176e+00  1.800000e+01
   endloop
 endfacet
 facet normal  0.000000e+00  0.000000e+00  1.000000e+00
   outer loop
     vertex  6.837346e+00  1.335106e+01  1.800000e+01
     vertex  4.800697e+00  8.772303e+00  1.800000e+01
     vertex  7.201046e+00  1.315845e+01  1.800000e+01
   endloop
 endfacet
 facet normal  0.000000e+00  0.000000e+00  1.000000e+00
   outer loop
     vertex  6.837346e+00  1.335106e+01  1.800000e+01
     vertex  4.558231e+00  8.900704e+00  1.800000e+01
     vertex  4.800697e+00  8.772303e+00  1.800000e+01
   endloop
 endfacet
 facet normal -0.000000e+00  0.000000e+00  1.000000e+00
   outer loop
     vertex -1.348892e+01 -6.561178e+00  1.800000e+01
     vertex -1.330384e+01 -6.928764e+00  1.800000e+01
     vertex -8.869228e+00 -4.619176e+00  1.800000e+01
   endloop
 endfacet
 facet normal  0.000000e+00  0.000000e+00  1.000000e+00
   outer loop
     vertex -1.348892e+01 -6.561178e+00  1.800000e+01
     vertex -8.869228e+00 -4.619176e+00  1.800000e+01
     vertex -8.992613e+00 -4.374119e+00  1.800000e+01
   endloop
 endfacet
 facet normal  0.000000e+00  0.000000e+00  1.000000e+00
   outer loop
     vertex  6.468499e+00  1.353361e+01  1.800000e+01
     vertex  4.312333e+00  9.022405e+00  1.800000e+01
     vertex  4.558231e+00  8.900704e+00  1.800000e+01
   endloop
 endfacet
 facet normal  0.000000e+00  0.000000e+00  1.000000e+00
   outer loop
     vertex  6.468499e+00  1.353361e+01  1.800000e+01
     vertex  4.063188e+00  9.137314e+00  1.800000e+01
     vertex  4.312333e+00  9.022405e+00  1.800000e+01
   endloop
 endfacet
 facet normal  0.000000e+00  0.000000e+00  1.000000e+00
   outer loop
     vertex  6.468499e+00  1.353361e+01  1.800000e+01
     vertex  4.558231e+00  8.900704e+00  1.800000e+01
     vertex  6.837346e+00  1.335106e+01  1.800000e+01
   endloop
 endfacet
 facet normal -0.000000e+00  0.000000e+00  1.000000e+00
   outer loop
     vertex -1.366384e+01 -6.188653e+00  1.800000e+01
     vertex -1.348892e+01 -6.561178e+00  1.800000e+01
     vertex -8.992613e+00 -4.374119e+00  1.800000e+01
   endloop
 endfacet
 facet normal  0.000000e+00  0.000000e+00  1.000000e+00
   outer loop
     vertex -1.366384e+01 -6.188653e+00  1.800000e+01
     vertex -8.992613e+00 -4.374119e+00  1.800000e+01
     vertex -9.109228e+00 -4.125769e+00  1.800000e+01
   endloop
 endfacet
 facet normal  0.000000e+00  0.000000e+00  1.000000e+00
   outer loop
     vertex  6.094783e+00  1.370597e+01  1.800000e+01
     vertex  4.063188e+00  9.137314e+00  1.800000e+01
     vertex  6.468499e+00  1.353361e+01  1.800000e+01
   endloop
 endfacet
 facet normal -0.000000e+00  0.000000e+00  1.000000e+00
   outer loop
     vertex -1.382848e+01 -5.811469e+00  1.800000e+01
     vertex -1.366384e+01 -6.188653e+00  1.800000e+01
     vertex -9.109228e+00 -4.125769e+00  1.800000e+01
   endloop
 endfacet
 facet normal  0.000000e+00  0.000000e+00  1.000000e+00
   outer loop
     vertex -1.382848e+01 -5.811469e+00  1.800000e+01
     vertex -9.218986e+00 -3.874313e+00  1.800000e+01
     vertex -9.321804e+00 -3.619940e+00  1.800000e+01
   endloop
 endfacet
 facet normal  0.000000e+00  0.000000e+00  1.000000e+00
   outer loop
     vertex -1.382848e+01 -5.811469e+00  1.800000e+01
     vertex -9.109228e+00 -4.125769e+00  1.800000e+01
     vertex -9.218986e+00 -3.874313e+00  1.800000e+01
   endloop
 endfacet
 facet normal  0.000000e+00  0.000000e+00  1.000000e+00
   outer loop
     vertex  5.716478e+00  1.386802e+01  1.800000e+01
     vertex  3.810986e+00  9.245344e+00  1.800000e+01
     vertex  4.063188e+00  9.137314e+00  1.800000e+01
   endloop
 endfacet
 facet normal  0.000000e+00  0.000000e+00  1.000000e+00
   outer loop
     vertex  5.716478e+00  1.386802e+01  1.800000e+01
     vertex  4.063188e+00  9.137314e+00  1.800000e+01
     vertex  6.094783e+00  1.370597e+01  1.800000e+01
   endloop
 endfacet
 facet normal -0.000000e+00  0.000000e+00  1.000000e+00
   outer loop
     vertex -1.398271e+01 -5.429911e+00  1.800000e+01
     vertex -1.382848e+01 -5.811469e+00  1.800000e+01
     vertex -9.321804e+00 -3.619940e+00  1.800000e+01
   endloop
 endfacet
 facet normal  0.000000e+00  0.000000e+00  1.000000e+00
   outer loop
     vertex  5.333871e+00  1.401962e+01  1.800000e+01
     vertex  3.810986e+00  9.245344e+00  1.800000e+01
     vertex  5.716478e+00  1.386802e+01  1.800000e+01
   endloop
 endfacet
 facet normal  0.000000e+00  0.000000e+00  1.000000e+00
   outer loop
     vertex  5.333871e+00  1.401962e+01  1.800000e+01
     vertex  3.555914e+00  9.346415e+00  1.800000e+01
     vertex  3.810986e+00  9.245344e+00  1.800000e+01
   endloop
 endfacet
 facet normal  0.000000e+00  0.000000e+00  1.000000e+00
   outer loop
     vertex -1.412641e+01 -5.044265e+00  1.800000e+01
     vertex -9.321804e+00 -3.619940e+00  1.800000e+01
     vertex -9.417605e+00 -3.362843e+00  1.800000e+01
   endloop
 endfacet
 facet normal -0.000000e+00  0.000000e+00  1.000000e+00
   outer loop
     vertex -1.412641e+01 -5.044265e+00  1.800000e+01
     vertex -1.398271e+01 -5.429911e+00  1.800000e+01
     vertex -9.321804e+00 -3.619940e+00  1.800000e+01
   endloop
 endfacet
 facet normal  0.000000e+00  0.000000e+00  1.000000e+00
   outer loop
     vertex  4.947248e+00  1.416068e+01  1.800000e+01
     vertex  3.555914e+00  9.346415e+00  1.800000e+01
     vertex  5.333871e+00  1.401962e+01  1.800000e+01
   endloop
 endfacet
 facet normal  0.000000e+00  0.000000e+00  1.000000e+00
   outer loop
     vertex  4.947248e+00  1.416068e+01  1.800000e+01
     vertex  3.298166e+00  9.440450e+00  1.800000e+01
     vertex  3.555914e+00  9.346415e+00  1.800000e+01
   endloop
 endfacet
 facet normal  0.000000e+00  0.000000e+00  1.000000e+00
   outer loop
     vertex  4.947248e+00  1.416068e+01  1.800000e+01
     vertex  3.037934e+00  9.527379e+00  1.800000e+01
     vertex  3.298166e+00  9.440450e+00  1.800000e+01
   endloop
 endfacet
 facet normal  0.000000e+00  0.000000e+00  1.000000e+00
   outer loop
     vertex -1.425948e+01 -4.654822e+00  1.800000e+01
     vertex -9.417605e+00 -3.362843e+00  1.800000e+01
     vertex -9.506317e+00 -3.103214e+00  1.800000e+01
   endloop
 endfacet
 facet normal -0.000000e+00  0.000000e+00  1.000000e+00
   outer loop
     vertex -1.425948e+01 -4.654822e+00  1.800000e+01
     vertex -1.412641e+01 -5.044265e+00  1.800000e+01
     vertex -9.417605e+00 -3.362843e+00  1.800000e+01
   endloop
 endfacet
 facet normal  0.000000e+00  0.000000e+00  1.000000e+00
   outer loop
     vertex  4.556902e+00  1.429107e+01  1.800000e+01
     vertex  3.037934e+00  9.527379e+00  1.800000e+01
     vertex  4.947248e+00  1.416068e+01  1.800000e+01
   endloop
 endfacet
 facet normal -0.000000e+00  0.000000e+00  1.000000e+00
   outer loop
     vertex -1.438181e+01 -4.261874e+00  1.800000e+01
     vertex -1.425948e+01 -4.654822e+00  1.800000e+01
     vertex -9.506317e+00 -3.103214e+00  1.800000e+01
   endloop
 endfacet
 facet normal  0.000000e+00  0.000000e+00  1.000000e+00
   outer loop
     vertex -1.438181e+01 -4.261874e+00  1.800000e+01
     vertex -9.506317e+00 -3.103214e+00  1.800000e+01
     vertex -9.587873e+00 -2.841250e+00  1.800000e+01
   endloop
 endfacet
 facet normal  0.000000e+00  0.000000e+00  1.000000e+00
   outer loop
     vertex  4.163125e+00  1.441070e+01  1.800000e+01
     vertex  3.037934e+00  9.527379e+00  1.800000e+01
     vertex  4.556902e+00  1.429107e+01  1.800000e+01
   endloop
 endfacet
 facet normal  0.000000e+00  0.000000e+00  1.000000e+00
   outer loop
     vertex  4.163125e+00  1.441070e+01  1.800000e+01
     vertex  2.775416e+00  9.607136e+00  1.800000e+01
     vertex  3.037934e+00  9.527379e+00  1.800000e+01
   endloop
 endfacet
 facet normal  0.000000e+00  0.000000e+00  1.000000e+00
   outer loop
     vertex -1.449332e+01 -3.865719e+00  1.800000e+01
     vertex -9.662211e+00 -2.577146e+00  1.800000e+01
     vertex -9.729276e+00 -2.311102e+00  1.800000e+01
   endloop
 endfacet
 facet normal  0.000000e+00  0.000000e+00  1.000000e+00
   outer loop
     vertex -1.449332e+01 -3.865719e+00  1.800000e+01
     vertex -9.587873e+00 -2.841250e+00  1.800000e+01
     vertex -9.662211e+00 -2.577146e+00  1.800000e+01
   endloop
 endfacet
 facet normal -0.000000e+00  0.000000e+00  1.000000e+00
   outer loop
     vertex -1.449332e+01 -3.865719e+00  1.800000e+01
     vertex -1.438181e+01 -4.261874e+00  1.800000e+01
     vertex -9.587873e+00 -2.841250e+00  1.800000e+01
   endloop
 endfacet
 facet normal  0.000000e+00  0.000000e+00  1.000000e+00
   outer loop
     vertex  3.766214e+00  1.451949e+01  1.800000e+01
     vertex  2.510809e+00  9.679661e+00  1.800000e+01
     vertex  2.775416e+00  9.607136e+00  1.800000e+01
   endloop
 endfacet
 facet normal  0.000000e+00  0.000000e+00  1.000000e+00
   outer loop
     vertex  3.766214e+00  1.451949e+01  1.800000e+01
     vertex  2.775416e+00  9.607136e+00  1.800000e+01
     vertex  4.163125e+00  1.441070e+01  1.800000e+01
   endloop
 endfacet
 facet normal -0.000000e+00  0.000000e+00  1.000000e+00
   outer loop
     vertex -1.459391e+01 -3.466654e+00  1.800000e+01
     vertex -1.449332e+01 -3.865719e+00  1.800000e+01
     vertex -9.729276e+00 -2.311102e+00  1.800000e+01
   endloop
 endfacet
 facet normal  0.000000e+00  0.000000e+00  1.000000e+00
   outer loop
     vertex  3.366468e+00  1.461735e+01  1.800000e+01
     vertex  2.510809e+00  9.679661e+00  1.800000e+01
     vertex  3.766214e+00  1.451949e+01  1.800000e+01
   endloop
 endfacet
 facet normal  0.000000e+00  0.000000e+00  1.000000e+00
   outer loop
     vertex  3.366468e+00  1.461735e+01  1.800000e+01
     vertex  2.244312e+00  9.744899e+00  1.800000e+01
     vertex  2.510809e+00  9.679661e+00  1.800000e+01
   endloop
 endfacet
 facet normal -0.000000e+00  0.000000e+00  1.000000e+00
   outer loop
     vertex -1.468352e+01 -3.064979e+00  1.800000e+01
     vertex -1.459391e+01 -3.466654e+00  1.800000e+01
     vertex -9.729276e+00 -2.311102e+00  1.800000e+01
   endloop
 endfacet
 facet normal  0.000000e+00  0.000000e+00  1.000000e+00
   outer loop
     vertex -1.468352e+01 -3.064979e+00  1.800000e+01
     vertex -9.729276e+00 -2.311102e+00  1.800000e+01
     vertex -9.789017e+00 -2.043319e+00  1.800000e+01
   endloop
 endfacet
 facet normal  0.000000e+00  0.000000e+00  1.000000e+00
   outer loop
     vertex  2.964188e+00  1.470420e+01  1.800000e+01
     vertex  2.244312e+00  9.744899e+00  1.800000e+01
     vertex  3.366468e+00  1.461735e+01  1.800000e+01
   endloop
 endfacet
 facet normal  0.000000e+00  0.000000e+00  1.000000e+00
   outer loop
     vertex  2.964188e+00  1.470420e+01  1.800000e+01
     vertex  1.976125e+00  9.802802e+00  1.800000e+01
     vertex  2.244312e+00  9.744899e+00  1.800000e+01
   endloop
 endfacet
 facet normal  0.000000e+00  0.000000e+00  1.000000e+00
   outer loop
     vertex  2.964188e+00  1.470420e+01  1.800000e+01
     vertex  1.706451e+00  9.853326e+00  1.800000e+01
     vertex  1.976125e+00  9.802802e+00  1.800000e+01
   endloop
 endfacet
 facet normal -0.000000e+00  0.000000e+00  1.000000e+00
   outer loop
     vertex -1.476208e+01 -2.660997e+00  1.800000e+01
     vertex -1.468352e+01 -3.064979e+00  1.800000e+01
     vertex -9.789017e+00 -2.043319e+00  1.800000e+01
   endloop
 endfacet
 facet normal  0.000000e+00  0.000000e+00  1.000000e+00
   outer loop
     vertex -1.476208e+01 -2.660997e+00  1.800000e+01
     vertex -9.841389e+00 -1.773998e+00  1.800000e+01
     vertex -9.886353e+00 -1.503341e+00  1.800000e+01
   endloop
 endfacet
 facet normal  0.000000e+00  0.000000e+00  1.000000e+00
   outer loop
     vertex -1.476208e+01 -2.660997e+00  1.800000e+01
     vertex -9.789017e+00 -2.043319e+00  1.800000e+01
     vertex -9.841389e+00 -1.773998e+00  1.800000e+01
   endloop
 endfacet
 facet normal  0.000000e+00  0.000000e+00  1.000000e+00
   outer loop
     vertex  2.559676e+00  1.477999e+01  1.800000e+01
     vertex  1.706451e+00  9.853326e+00  1.800000e+01
     vertex  2.964188e+00  1.470420e+01  1.800000e+01
   endloop
 endfacet
 facet normal -0.000000e+00  0.000000e+00  1.000000e+00
   outer loop
     vertex -1.482953e+01 -2.255011e+00  1.800000e+01
     vertex -1.476208e+01 -2.660997e+00  1.800000e+01
     vertex -9.886353e+00 -1.503341e+00  1.800000e+01
   endloop
 endfacet
 facet normal  0.000000e+00  0.000000e+00  1.000000e+00
   outer loop
     vertex  2.153238e+00  1.484465e+01  1.800000e+01
     vertex  1.706451e+00  9.853326e+00  1.800000e+01
     vertex  2.559676e+00  1.477999e+01  1.800000e+01
   endloop
 endfacet
 facet normal  0.000000e+00  0.000000e+00  1.000000e+00
   outer loop
     vertex  2.153238e+00  1.484465e+01  1.800000e+01
     vertex  1.435492e+00  9.896432e+00  1.800000e+01
     vertex  1.706451e+00  9.853326e+00  1.800000e+01
   endloop
 endfacet
 facet normal  0.000000e+00  0.000000e+00  1.000000e+00
   outer loop
     vertex -1.488581e+01 -1.847329e+00  1.800000e+01
     vertex -9.886353e+00 -1.503341e+00  1.800000e+01
     vertex -9.923874e+00 -1.231552e+00  1.800000e+01
   endloop
 endfacet
 facet normal -0.000000e+00  0.000000e+00  1.000000e+00
   outer loop
     vertex -1.488581e+01 -1.847329e+00  1.800000e+01
     vertex -1.482953e+01 -2.255011e+00  1.800000e+01
     vertex -9.886353e+00 -1.503341e+00  1.800000e+01
   endloop
 endfacet
 facet normal  0.000000e+00  0.000000e+00  1.000000e+00
   outer loop
     vertex  1.745179e+00  1.489813e+01  1.800000e+01
     vertex  1.435492e+00  9.896432e+00  1.800000e+01
     vertex  2.153238e+00  1.484465e+01  1.800000e+01
   endloop
 endfacet
 facet normal  0.000000e+00  0.000000e+00  1.000000e+00
   outer loop
     vertex  1.745179e+00  1.489813e+01  1.800000e+01
     vertex  1.163452e+00  9.932088e+00  1.800000e+01
     vertex  1.435492e+00  9.896432e+00  1.800000e+01
   endloop
 endfacet
 facet normal -0.000000e+00  0.000000e+00  1.000000e+00
   outer loop
     vertex -1.493089e+01 -1.438255e+00  1.800000e+01
     vertex -1.488581e+01 -1.847329e+00  1.800000e+01
     vertex -9.923874e+00 -1.231552e+00  1.800000e+01
   endloop
 endfacet
 facet normal  0.000000e+00  0.000000e+00  1.000000e+00
   outer loop
     vertex -1.493089e+01 -1.438255e+00  1.800000e+01
     vertex -9.923874e+00 -1.231552e+00  1.800000e+01
     vertex -9.953925e+00 -9.588368e-01  1.800000e+01
   endloop
 endfacet
 facet normal  0.000000e+00  0.000000e+00  1.000000e+00
   outer loop
     vertex  1.335806e+00  1.494040e+01  1.800000e+01
     vertex  1.163452e+00  9.932088e+00  1.800000e+01
     vertex  1.745179e+00  1.489813e+01  1.800000e+01
   endloop
 endfacet
 facet normal  0.000000e+00  0.000000e+00  1.000000e+00
   outer loop
     vertex  1.335806e+00  1.494040e+01  1.800000e+01
     vertex  8.905371e-01  9.960268e+00  1.800000e+01
     vertex  1.163452e+00  9.932088e+00  1.800000e+01
   endloop
 endfacet
 facet normal  0.000000e+00  0.000000e+00  1.000000e+00
   outer loop
     vertex  1.335806e+00  1.494040e+01  1.800000e+01
     vertex  6.169515e-01  9.980950e+00  1.800000e+01
     vertex  8.905371e-01  9.960268e+00  1.800000e+01
   endloop
 endfacet
 facet normal  0.000000e+00  0.000000e+00  1.000000e+00
   outer loop
     vertex -1.496473e+01 -1.028099e+00  1.800000e+01
     vertex -9.953925e+00 -9.588368e-01  1.800000e+01
     vertex -9.976484e+00 -6.853995e-01  1.800000e+01
   endloop
 endfacet
 facet normal -0.000000e+00  0.000000e+00  1.000000e+00
   outer loop
     vertex -1.496473e+01 -1.028099e+00  1.800000e+01
     vertex -1.493089e+01 -1.438255e+00  1.800000e+01
     vertex -9.953925e+00 -9.588368e-01  1.800000e+01
   endloop
 endfacet
 facet normal  0.000000e+00  0.000000e+00  1.000000e+00
   outer loop
     vertex  9.254272e-01  1.497143e+01  1.800000e+01
     vertex  6.169515e-01  9.980950e+00  1.800000e+01
     vertex  1.335806e+00  1.494040e+01  1.800000e+01
   endloop
 endfacet
 facet normal  0.000000e+00  0.000000e+00  1.000000e+00
   outer loop
     vertex  9.254272e-01  1.497143e+01  1.800000e+01
     vertex  3.429014e-01  9.994119e+00  1.800000e+01
     vertex  6.169515e-01  9.980950e+00  1.800000e+01
   endloop
 endfacet
 facet normal  0.000000e+00  0.000000e+00  1.000000e+00
   outer loop
     vertex -1.498730e+01 -6.171693e-01  1.800000e+01
     vertex -1.496473e+01 -1.028099e+00  1.800000e+01
     vertex -9.976484e+00 -6.853995e-01  1.800000e+01
   endloop
 endfacet
 facet normal -0.000000e+00  0.000000e+00  1.000000e+00
   outer loop
     vertex -1.498730e+01 -6.171693e-01  1.800000e+01
     vertex -9.976484e+00 -6.853995e-01  1.800000e+01
     vertex -9.991532e+00 -4.114462e-01  1.800000e+01
   endloop
 endfacet
 facet normal  0.000000e+00  0.000000e+00  1.000000e+00
   outer loop
     vertex  5.143521e-01  1.499118e+01  1.800000e+01
     vertex  3.429014e-01  9.994119e+00  1.800000e+01
     vertex  9.254272e-01  1.497143e+01  1.800000e+01
   endloop
 endfacet
 facet normal  0.000000e+00  0.000000e+00  1.000000e+00
   outer loop
     vertex  5.143521e-01  1.499118e+01  1.800000e+01
     vertex  6.859319e-02  9.999765e+00  1.800000e+01
     vertex  3.429014e-01  9.994119e+00  1.800000e+01
   endloop
 endfacet
 facet normal -0.000000e+00  0.000000e+00  1.000000e+00
   outer loop
     vertex -1.499859e+01 -2.057747e-01  1.800000e+01
     vertex -9.991532e+00 -4.114462e-01  1.800000e+01
     vertex -9.999059e+00 -1.371831e-01  1.800000e+01
   endloop
 endfacet
 facet normal  0.000000e+00  0.000000e+00  1.000000e+00
   outer loop
     vertex -1.499859e+01 -2.057747e-01  1.800000e+01
     vertex -1.498730e+01 -6.171693e-01  1.800000e+01
     vertex -9.991532e+00 -4.114462e-01  1.800000e+01
   endloop
 endfacet
 facet normal  0.000000e+00  0.000000e+00  1.000000e+00
   outer loop
     vertex  1.028898e-01  1.499965e+01  1.800000e+01
     vertex  6.859319e-02  9.999765e+00  1.800000e+01
     vertex  5.143521e-01  1.499118e+01  1.800000e+01
   endloop
 endfacet
 facet normal -0.000000e+00  0.000000e+00  1.000000e+00
   outer loop
     vertex -1.499859e+01  2.057747e-01  1.800000e+01
     vertex -9.999059e+00  1.371831e-01  1.800000e+01
     vertex -9.991532e+00  4.114462e-01  1.800000e+01
   endloop
 endfacet
 facet normal  0.000000e+00  0.000000e+00  1.000000e+00
   outer loop
     vertex -1.499859e+01  2.057747e-01  1.800000e+01
     vertex -9.999059e+00 -1.371831e-01  1.800000e+01
     vertex -9.999059e+00  1.371831e-01  1.800000e+01
   endloop
 endfacet
 facet normal  0.000000e+00  0.000000e+00  1.000000e+00
   outer loop
     vertex -1.499859e+01  2.057747e-01  1.800000e+01
     vertex -1.499859e+01 -2.057747e-01  1.800000e+01
     vertex -9.999059e+00 -1.371831e-01  1.800000e+01
   endloop
 endfacet
 facet normal -0.000000e+00  0.000000e+00  1.000000e+00
   outer loop
     vertex -3.086500e-01  1.499682e+01  1.800000e+01
     vertex  6.859319e-02  9.999765e+00  1.800000e+01
     vertex  1.028898e-01  1.499965e+01  1.800000e+01
   endloop
 endfacet
 facet normal  0.000000e+00  0.000000e+00  1.000000e+00
   outer loop
     vertex -3.086500e-01  1.499682e+01  1.800000e+01
     vertex -2.057667e-01  9.997883e+00  1.800000e+01
     vertex  6.859319e-02  9.999765e+00  1.800000e+01
   endloop
 endfacet
 facet normal  0.000000e+00  0.000000e+00  1.000000e+00
   outer loop
     vertex -1.498730e+01  6.171693e-01  1.800000e+01
     vertex -1.499859e+01  2.057747e-01  1.800000e+01
     vertex -9.991532e+00  4.114462e-01  1.800000e+01
   endloop
 endfacet
 facet normal -0.000000e+00  0.000000e+00  1.000000e+00
   outer loop
     vertex -7.199574e-01  1.498271e+01  1.800000e+01
     vertex -2.057667e-01  9.997883e+00  1.800000e+01
     vertex -3.086500e-01  1.499682e+01  1.800000e+01
   endloop
 endfacet
 facet normal  0.000000e+00  0.000000e+00  1.000000e+00
   outer loop
     vertex -7.199574e-01  1.498271e+01  1.800000e+01
     vertex -4.799716e-01  9.988475e+00  1.800000e+01
     vertex -2.057667e-01  9.997883e+00  1.800000e+01
   endloop
 endfacet
 facet normal  0.000000e+00  0.000000e+00  1.000000e+00
   outer loop
     vertex -1.496473e+01  1.028099e+00  1.800000e+01
     vertex -1.498730e+01  6.171693e-01  1.800000e+01
     vertex -9.991532e+00  4.114462e-01  1.800000e+01
   endloop
 endfacet
 facet normal  0.000000e+00  0.000000e+00  1.000000e+00
   outer loop
     vertex -1.496473e+01  1.028099e+00  1.800000e+01
     vertex -9.976484e+00  6.853995e-01  1.800000e+01
     vertex -9.953925e+00  9.588368e-01  1.800000e+01
   endloop
 endfacet
 facet normal  0.000000e+00  0.000000e+00  1.000000e+00
   outer loop
     vertex -1.496473e+01  1.028099e+00  1.800000e+01
     vertex -9.991532e+00  4.114462e-01  1.800000e+01
     vertex -9.976484e+00  6.853995e-01  1.800000e+01
   endloop
 endfacet
 facet normal  0.000000e+00  0.000000e+00  1.000000e+00
   outer loop
     vertex -1.130723e+00  1.495732e+01  1.800000e+01
     vertex -7.538152e-01  9.971548e+00  1.800000e+01
     vertex -4.799716e-01  9.988475e+00  1.800000e+01
   endloop
 endfacet
 facet normal -0.000000e+00  0.000000e+00  1.000000e+00
   outer loop
     vertex -1.130723e+00  1.495732e+01  1.800000e+01
     vertex -4.799716e-01  9.988475e+00  1.800000e+01
     vertex -7.199574e-01  1.498271e+01  1.800000e+01
   endloop
 endfacet
 facet normal  0.000000e+00  0.000000e+00  1.000000e+00
   outer loop
     vertex -1.493089e+01  1.438255e+00  1.800000e+01
     vertex -1.496473e+01  1.028099e+00  1.800000e+01
     vertex -9.953925e+00  9.588368e-01  1.800000e+01
   endloop
 endfacet
 facet normal -0.000000e+00  0.000000e+00  1.000000e+00
   outer loop
     vertex -1.540637e+00  1.492067e+01  1.800000e+01
     vertex -7.538152e-01  9.971548e+00  1.800000e+01
     vertex -1.130723e+00  1.495732e+01  1.800000e+01
   endloop
 endfacet
 facet normal  0.000000e+00  0.000000e+00  1.000000e+00
   outer loop
     vertex -1.540637e+00  1.492067e+01  1.800000e+01
     vertex -1.027091e+00  9.947114e+00  1.800000e+01
     vertex -7.538152e-01  9.971548e+00  1.800000e+01
   endloop
 endfacet
 facet normal  0.000000e+00  0.000000e+00  1.000000e+00
   outer loop
     vertex -1.488581e+01  1.847329e+00  1.800000e+01
     vertex -9.953925e+00  9.588368e-01  1.800000e+01
     vertex -9.923874e+00  1.231552e+00  1.800000e+01
   endloop
 endfacet
 facet normal  0.000000e+00  0.000000e+00  1.000000e+00
   outer loop
     vertex -1.488581e+01  1.847329e+00  1.800000e+01
     vertex -1.493089e+01  1.438255e+00  1.800000e+01
     vertex -9.953925e+00  9.588368e-01  1.800000e+01
   endloop
 endfacet
 facet normal -0.000000e+00  0.000000e+00  1.000000e+00
   outer loop
     vertex -1.949392e+00  1.487279e+01  1.800000e+01
     vertex -1.027091e+00  9.947114e+00  1.800000e+01
     vertex -1.540637e+00  1.492067e+01  1.800000e+01
   endloop
 endfacet
 facet normal  0.000000e+00  0.000000e+00  1.000000e+00
   outer loop
     vertex -1.949392e+00  1.487279e+01  1.800000e+01
     vertex -1.299594e+00  9.915193e+00  1.800000e+01
     vertex -1.027091e+00  9.947114e+00  1.800000e+01
   endloop
 endfacet
 facet normal  0.000000e+00  0.000000e+00  1.000000e+00
   outer loop
     vertex -1.949392e+00  1.487279e+01  1.800000e+01
     vertex -1.571119e+00  9.875808e+00  1.800000e+01
     vertex -1.299594e+00  9.915193e+00  1.800000e+01
   endloop
 endfacet
 facet normal  0.000000e+00  0.000000e+00  1.000000e+00
   outer loop
     vertex -1.482953e+01  2.255011e+00  1.800000e+01
     vertex -9.923874e+00  1.231552e+00  1.800000e+01
     vertex -9.886353e+00  1.503341e+00  1.800000e+01
   endloop
 endfacet
 facet normal  0.000000e+00  0.000000e+00  1.000000e+00
   outer loop
     vertex -1.482953e+01  2.255011e+00  1.800000e+01
     vertex -1.488581e+01  1.847329e+00  1.800000e+01
     vertex -9.923874e+00  1.231552e+00  1.800000e+01
   endloop
 endfacet
 facet normal -0.000000e+00  0.000000e+00  1.000000e+00
   outer loop
     vertex -2.356679e+00  1.481371e+01  1.800000e+01
     vertex -1.571119e+00  9.875808e+00  1.800000e+01
     vertex -1.949392e+00  1.487279e+01  1.800000e+01
   endloop
 endfacet
 facet normal  0.000000e+00  0.000000e+00  1.000000e+00
   outer loop
     vertex -1.476208e+01  2.660997e+00  1.800000e+01
     vertex -9.841389e+00  1.773998e+00  1.800000e+01
     vertex -9.789017e+00  2.043319e+00  1.800000e+01
   endloop
 endfacet
 facet normal  0.000000e+00  0.000000e+00  1.000000e+00
   outer loop
     vertex -1.476208e+01  2.660997e+00  1.800000e+01
     vertex -9.886353e+00  1.503341e+00  1.800000e+01
     vertex -9.841389e+00  1.773998e+00  1.800000e+01
   endloop
 endfacet
 facet normal  0.000000e+00  0.000000e+00  1.000000e+00
   outer loop
     vertex -1.476208e+01  2.660997e+00  1.800000e+01
     vertex -1.482953e+01  2.255011e+00  1.800000e+01
     vertex -9.886353e+00  1.503341e+00  1.800000e+01
   endloop
 endfacet
 facet normal -0.000000e+00  0.000000e+00  1.000000e+00
   outer loop
     vertex -2.762192e+00  1.474348e+01  1.800000e+01
     vertex -1.571119e+00  9.875808e+00  1.800000e+01
     vertex -2.356679e+00  1.481371e+01  1.800000e+01
   endloop
 endfacet
 facet normal  0.000000e+00  0.000000e+00  1.000000e+00
   outer loop
     vertex -2.762192e+00  1.474348e+01  1.800000e+01
     vertex -1.841461e+00  9.828989e+00  1.800000e+01
     vertex -1.571119e+00  9.875808e+00  1.800000e+01
   endloop
 endfacet
 facet normal  0.000000e+00  0.000000e+00  1.000000e+00
   outer loop
     vertex -1.468352e+01  3.064979e+00  1.800000e+01
     vertex -1.476208e+01  2.660997e+00  1.800000e+01
     vertex -9.789017e+00  2.043319e+00  1.800000e+01
   endloop
 endfacet
 facet normal -0.000000e+00  0.000000e+00  1.000000e+00
   outer loop
     vertex -3.165626e+00  1.466216e+01  1.800000e+01
     vertex -1.841461e+00  9.828989e+00  1.800000e+01
     vertex -2.762192e+00  1.474348e+01  1.800000e+01
   endloop
 endfacet
 facet normal  0.000000e+00  0.000000e+00  1.000000e+00
   outer loop
     vertex -3.165626e+00  1.466216e+01  1.800000e+01
     vertex -2.110417e+00  9.774771e+00  1.800000e+01
     vertex -1.841461e+00  9.828989e+00  1.800000e+01
   endloop
 endfacet
 facet normal  0.000000e+00  0.000000e+00  1.000000e+00
   outer loop
     vertex -1.459391e+01  3.466654e+00  1.800000e+01
     vertex -9.729276e+00  2.311102e+00  1.800000e+01
     vertex -9.662211e+00  2.577146e+00  1.800000e+01
   endloop
 endfacet
 facet normal  0.000000e+00  0.000000e+00  1.000000e+00
   outer loop
     vertex -1.459391e+01  3.466654e+00  1.800000e+01
     vertex -9.789017e+00  2.043319e+00  1.800000e+01
     vertex -9.729276e+00  2.311102e+00  1.800000e+01
   endloop
 endfacet
 facet normal  0.000000e+00  0.000000e+00  1.000000e+00
   outer loop
     vertex -1.459391e+01  3.466654e+00  1.800000e+01
     vertex -1.468352e+01  3.064979e+00  1.800000e+01
     vertex -9.789017e+00  2.043319e+00  1.800000e+01
   endloop
 endfacet
 facet normal -0.000000e+00  0.000000e+00  1.000000e+00
   outer loop
     vertex -3.566676e+00  1.456979e+01  1.800000e+01
     vertex -2.110417e+00  9.774771e+00  1.800000e+01
     vertex -3.165626e+00  1.466216e+01  1.800000e+01
   endloop
 endfacet
 facet normal  0.000000e+00  0.000000e+00  1.000000e+00
   outer loop
     vertex -3.566676e+00  1.456979e+01  1.800000e+01
     vertex -2.377784e+00  9.713194e+00  1.800000e+01
     vertex -2.110417e+00  9.774771e+00  1.800000e+01
   endloop
 endfacet
 facet normal  0.000000e+00  0.000000e+00  1.000000e+00
   outer loop
     vertex -1.449332e+01  3.865719e+00  1.800000e+01
     vertex -1.459391e+01  3.466654e+00  1.800000e+01
     vertex -9.662211e+00  2.577146e+00  1.800000e+01
   endloop
 endfacet
 facet normal -0.000000e+00  0.000000e+00  1.000000e+00
   outer loop
     vertex -3.965042e+00  1.446646e+01  1.800000e+01
     vertex -2.377784e+00  9.713194e+00  1.800000e+01
     vertex -3.566676e+00  1.456979e+01  1.800000e+01
   endloop
 endfacet
 facet normal  0.000000e+00  0.000000e+00  1.000000e+00
   outer loop
     vertex -3.965042e+00  1.446646e+01  1.800000e+01
     vertex -2.643362e+00  9.644306e+00  1.800000e+01
     vertex -2.377784e+00  9.713194e+00  1.800000e+01
   endloop
 endfacet
 facet normal  0.000000e+00  0.000000e+00  1.000000e+00
   outer loop
     vertex -1.438181e+01  4.261874e+00  1.800000e+01
     vertex -9.587873e+00  2.841250e+00  1.800000e+01
     vertex -9.506317e+00  3.103214e+00  1.800000e+01
   endloop
 endfacet
 facet normal  0.000000e+00  0.000000e+00  1.000000e+00
   outer loop
     vertex -1.438181e+01  4.261874e+00  1.800000e+01
     vertex -9.662211e+00  2.577146e+00  1.800000e+01
     vertex -9.587873e+00  2.841250e+00  1.800000e+01
   endloop
 endfacet
 facet normal  0.000000e+00  0.000000e+00  1.000000e+00
   outer loop
     vertex -1.438181e+01  4.261874e+00  1.800000e+01
     vertex -1.449332e+01  3.865719e+00  1.800000e+01
     vertex -9.662211e+00  2.577146e+00  1.800000e+01
   endloop
 endfacet
 facet normal -0.000000e+00  0.000000e+00  1.000000e+00
   outer loop
     vertex -4.360424e+00  1.435224e+01  1.800000e+01
     vertex -2.643362e+00  9.644306e+00  1.800000e+01
     vertex -3.965042e+00  1.446646e+01  1.800000e+01
   endloop
 endfacet
 facet normal  0.000000e+00  0.000000e+00  1.000000e+00
   outer loop
     vertex -4.360424e+00  1.435224e+01  1.800000e+01
     vertex -2.906949e+00  9.568158e+00  1.800000e+01
     vertex -2.643362e+00  9.644306e+00  1.800000e+01
   endloop
 endfacet
 facet normal  0.000000e+00  0.000000e+00  1.000000e+00
   outer loop
     vertex -1.425948e+01  4.654822e+00  1.800000e+01
     vertex -1.438181e+01  4.261874e+00  1.800000e+01
     vertex -9.506317e+00  3.103214e+00  1.800000e+01
   endloop
 endfacet
 facet normal -0.000000e+00  0.000000e+00  1.000000e+00
   outer loop
     vertex -4.752522e+00  1.422721e+01  1.800000e+01
     vertex -2.906949e+00  9.568158e+00  1.800000e+01
     vertex -4.360424e+00  1.435224e+01  1.800000e+01
   endloop
 endfacet
 facet normal  0.000000e+00  0.000000e+00  1.000000e+00
   outer loop
     vertex -4.752522e+00  1.422721e+01  1.800000e+01
     vertex -3.168348e+00  9.484807e+00  1.800000e+01
     vertex -2.906949e+00  9.568158e+00  1.800000e+01
   endloop
 endfacet
 facet normal  0.000000e+00  0.000000e+00  1.000000e+00
   outer loop
     vertex -4.752522e+00  1.422721e+01  1.800000e+01
     vertex -3.427362e+00  9.394317e+00  1.800000e+01
     vertex -3.168348e+00  9.484807e+00  1.800000e+01
   endloop
 endfacet
 facet normal  0.000000e+00  0.000000e+00  1.000000e+00
   outer loop
     vertex -1.412641e+01  5.044265e+00  1.800000e+01
     vertex -9.506317e+00  3.103214e+00  1.800000e+01
     vertex -9.417605e+00  3.362843e+00  1.800000e+01
   endloop
 endfacet
 facet normal  0.000000e+00  0.000000e+00  1.000000e+00
   outer loop
     vertex -1.412641e+01  5.044265e+00  1.800000e+01
     vertex -1.425948e+01  4.654822e+00  1.800000e+01
     vertex -9.506317e+00  3.103214e+00  1.800000e+01
   endloop
 endfacet
 facet normal -0.000000e+00  0.000000e+00  1.000000e+00
   outer loop
     vertex -5.141043e+00  1.409148e+01  1.800000e+01
     vertex -3.427362e+00  9.394317e+00  1.800000e+01
     vertex -4.752522e+00  1.422721e+01  1.800000e+01
   endloop
 endfacet
 facet normal  0.000000e+00  0.000000e+00  1.000000e+00
   outer loop
     vertex -1.398271e+01  5.429911e+00  1.800000e+01
     vertex -9.321804e+00  3.619940e+00  1.800000e+01
     vertex -9.218986e+00  3.874313e+00  1.800000e+01
   endloop
 endfacet
 facet normal  0.000000e+00  0.000000e+00  1.000000e+00
   outer loop
     vertex -1.398271e+01  5.429911e+00  1.800000e+01
     vertex -9.417605e+00  3.362843e+00  1.800000e+01
     vertex -9.321804e+00  3.619940e+00  1.800000e+01
   endloop
 endfacet
 facet normal  0.000000e+00  0.000000e+00  1.000000e+00
   outer loop
     vertex -1.398271e+01  5.429911e+00  1.800000e+01
     vertex -1.412641e+01  5.044265e+00  1.800000e+01
     vertex -9.417605e+00  3.362843e+00  1.800000e+01
   endloop
 endfacet
 facet normal  0.000000e+00  0.000000e+00  1.000000e+00
   outer loop
     vertex -5.525695e+00  1.394513e+01  1.800000e+01
     vertex -3.683796e+00  9.296754e+00  1.800000e+01
     vertex -3.427362e+00  9.394317e+00  1.800000e+01
   endloop
 endfacet
 facet normal -0.000000e+00  0.000000e+00  1.000000e+00
   outer loop
     vertex -5.525695e+00  1.394513e+01  1.800000e+01
     vertex -3.427362e+00  9.394317e+00  1.800000e+01
     vertex -5.141043e+00  1.409148e+01  1.800000e+01
   endloop
 endfacet
 facet normal  0.000000e+00  0.000000e+00  1.000000e+00
   outer loop
     vertex -1.382848e+01  5.811469e+00  1.800000e+01
     vertex -1.398271e+01  5.429911e+00  1.800000e+01
     vertex -9.218986e+00  3.874313e+00  1.800000e+01
   endloop
 endfacet
 facet normal -0.000000e+00  0.000000e+00  1.000000e+00
   outer loop
     vertex -5.906186e+00  1.378829e+01  1.800000e+01
     vertex -3.683796e+00  9.296754e+00  1.800000e+01
     vertex -5.525695e+00  1.394513e+01  1.800000e+01
   endloop
 endfacet
 facet normal  0.000000e+00  0.000000e+00  1.000000e+00
   outer loop
     vertex -5.906186e+00  1.378829e+01  1.800000e+01
     vertex -3.937458e+00  9.192194e+00  1.800000e+01
     vertex -3.683796e+00  9.296754e+00  1.800000e+01
   endloop
 endfacet
 facet normal  0.000000e+00  0.000000e+00  1.000000e+00
   outer loop
     vertex -1.366384e+01  6.188653e+00  1.800000e+01
     vertex -9.109228e+00  4.125769e+00  1.800000e+01
     vertex -8.992613e+00  4.374119e+00  1.800000e+01
   endloop
 endfacet
 facet normal  0.000000e+00  0.000000e+00  1.000000e+00
   outer loop
     vertex -1.366384e+01  6.188653e+00  1.800000e+01
     vertex -9.218986e+00  3.874313e+00  1.800000e+01
     vertex -9.109228e+00  4.125769e+00  1.800000e+01
   endloop
 endfacet
 facet normal  0.000000e+00  0.000000e+00  1.000000e+00
   outer loop
     vertex -1.366384e+01  6.188653e+00  1.800000e+01
     vertex -1.382848e+01  5.811469e+00  1.800000e+01
     vertex -9.218986e+00  3.874313e+00  1.800000e+01
   endloop
 endfacet
 facet normal  0.000000e+00  0.000000e+00  1.000000e+00
   outer loop
     vertex -6.282232e+00  1.362107e+01  1.800000e+01
     vertex -4.435699e+00  8.962398e+00  1.800000e+01
     vertex -4.188155e+00  9.080714e+00  1.800000e+01
   endloop
 endfacet
 facet normal -0.000000e+00  0.000000e+00  1.000000e+00
   outer loop
     vertex -6.282232e+00  1.362107e+01  1.800000e+01
     vertex -3.937458e+00  9.192194e+00  1.800000e+01
     vertex -5.906186e+00  1.378829e+01  1.800000e+01
   endloop
 endfacet
 facet normal  0.000000e+00  0.000000e+00  1.000000e+00
   outer loop
     vertex -6.282232e+00  1.362107e+01  1.800000e+01
     vertex -4.188155e+00  9.080714e+00  1.800000e+01
     vertex -3.937458e+00  9.192194e+00  1.800000e+01
   endloop
 endfacet
 facet normal  0.000000e+00  0.000000e+00  1.000000e+00
   outer loop
     vertex -1.348892e+01  6.561178e+00  1.800000e+01
     vertex -1.366384e+01  6.188653e+00  1.800000e+01
     vertex -8.992613e+00  4.374119e+00  1.800000e+01
   endloop
 endfacet
 facet normal -0.000000e+00  0.000000e+00  1.000000e+00
   outer loop
     vertex -6.653549e+00  1.344360e+01  1.800000e+01
     vertex -4.435699e+00  8.962398e+00  1.800000e+01
     vertex -6.282232e+00  1.362107e+01  1.800000e+01
   endloop
 endfacet
 facet normal  0.000000e+00  0.000000e+00  1.000000e+00
   outer loop
     vertex -1.330384e+01  6.928764e+00  1.800000e+01
     vertex -1.348892e+01  6.561178e+00  1.800000e+01
     vertex -8.992613e+00  4.374119e+00  1.800000e+01
   endloop
 endfacet
 facet normal  0.000000e+00  0.000000e+00  1.000000e+00
   outer loop
     vertex -1.330384e+01  6.928764e+00  1.800000e+01
     vertex -8.869228e+00  4.619176e+00  1.800000e+01
     vertex -8.739167e+00  4.860756e+00  1.800000e+01
   endloop
 endfacet
 facet normal  0.000000e+00  0.000000e+00  1.000000e+00
   outer loop
     vertex -1.330384e+01  6.928764e+00  1.800000e+01
     vertex -8.992613e+00  4.374119e+00  1.800000e+01
     vertex -8.869228e+00  4.619176e+00  1.800000e+01
   endloop
 endfacet
 facet normal  0.000000e+00  0.000000e+00  1.000000e+00
   outer loop
     vertex -7.019857e+00  1.325600e+01  1.800000e+01
     vertex -4.679904e+00  8.837335e+00  1.800000e+01
     vertex -4.435699e+00  8.962398e+00  1.800000e+01
   endloop
 endfacet
 facet normal -0.000000e+00  0.000000e+00  1.000000e+00
   outer loop
     vertex -7.019857e+00  1.325600e+01  1.800000e+01
     vertex -4.435699e+00  8.962398e+00  1.800000e+01
     vertex -6.653549e+00  1.344360e+01  1.800000e+01
   endloop
 endfacet
 facet normal  0.000000e+00  0.000000e+00  1.000000e+00
   outer loop
     vertex -1.310875e+01  7.291135e+00  1.800000e+01
     vertex -1.330384e+01  6.928764e+00  1.800000e+01
     vertex -8.739167e+00  4.860756e+00  1.800000e+01
   endloop
 endfacet
 facet normal  0.000000e+00  0.000000e+00  1.000000e+00
   outer loop
     vertex -7.380880e+00  1.305843e+01  1.800000e+01
     vertex -4.920587e+00  8.705620e+00  1.800000e+01
     vertex -4.679904e+00  8.837335e+00  1.800000e+01
   endloop
 endfacet
 facet normal -0.000000e+00  0.000000e+00  1.000000e+00
   outer loop
     vertex -7.380880e+00  1.305843e+01  1.800000e+01
     vertex -4.679904e+00  8.837335e+00  1.800000e+01
     vertex -7.019857e+00  1.325600e+01  1.800000e+01
   endloop
 endfacet
 facet normal  0.000000e+00  0.000000e+00  1.000000e+00
   outer loop
     vertex -1.290379e+01  7.648016e+00  1.800000e+01
     vertex -8.739167e+00  4.860756e+00  1.800000e+01
     vertex -8.602528e+00  5.098678e+00  1.800000e+01
   endloop
 endfacet
 facet normal  0.000000e+00  0.000000e+00  1.000000e+00
   outer loop
     vertex -1.290379e+01  7.648016e+00  1.800000e+01
     vertex -1.310875e+01  7.291135e+00  1.800000e+01
     vertex -8.739167e+00  4.860756e+00  1.800000e+01
   endloop
 endfacet
 facet normal  0.000000e+00  0.000000e+00  1.000000e+00
   outer loop
     vertex -7.736348e+00  1.285103e+01  1.800000e+01
     vertex -5.157565e+00  8.567352e+00  1.800000e+01
     vertex -4.920587e+00  8.705620e+00  1.800000e+01
   endloop
 endfacet
 facet normal -0.000000e+00  0.000000e+00  1.000000e+00
   outer loop
     vertex -7.736348e+00  1.285103e+01  1.800000e+01
     vertex -4.920587e+00  8.705620e+00  1.800000e+01
     vertex -7.380880e+00  1.305843e+01  1.800000e+01
   endloop
 endfacet
 facet normal  0.000000e+00  0.000000e+00  1.000000e+00
   outer loop
     vertex -1.268912e+01  7.999141e+00  1.800000e+01
     vertex -8.602528e+00  5.098678e+00  1.800000e+01
     vertex -8.459413e+00  5.332761e+00  1.800000e+01
   endloop
 endfacet
 facet normal  0.000000e+00  0.000000e+00  1.000000e+00
   outer loop
     vertex -1.268912e+01  7.999141e+00  1.800000e+01
     vertex -1.290379e+01  7.648016e+00  1.800000e+01
     vertex -8.602528e+00  5.098678e+00  1.800000e+01
   endloop
 endfacet
 facet normal  0.000000e+00  0.000000e+00  1.000000e+00
   outer loop
     vertex -8.085992e+00  1.263395e+01  1.800000e+01
     vertex -5.390661e+00  8.422635e+00  1.800000e+01
     vertex -5.157565e+00  8.567352e+00  1.800000e+01
   endloop
 endfacet
 facet normal -0.000000e+00  0.000000e+00  1.000000e+00
   outer loop
     vertex -8.085992e+00  1.263395e+01  1.800000e+01
     vertex -5.157565e+00  8.567352e+00  1.800000e+01
     vertex -7.736348e+00  1.285103e+01  1.800000e+01
   endloop
 endfacet
 facet normal -5.850332e-16  4.033636e-16  1.000000e+00
   outer loop
     vertex -1.246489e+01  8.344244e+00  1.800000e+01
     vertex -8.309929e+00  5.562829e+00  1.800000e+01
     vertex -8.154191e+00  5.788711e+00  1.800000e+01
   endloop
 endfacet
 facet normal -5.958789e-16  3.871620e-16  1.000000e+00
   outer loop
     vertex -1.246489e+01  8.344244e+00  1.800000e+01
     vertex -8.459413e+00  5.332761e+00  1.800000e+01
     vertex -8.309929e+00  5.562829e+00  1.800000e+01
   endloop
 endfacet
 facet normal  4.603956e-15  7.303302e-15  1.000000e+00
   outer loop
     vertex -1.246489e+01  8.344244e+00  1.800000e+01
     vertex -1.268912e+01  7.999141e+00  1.800000e+01
     vertex -8.459413e+00  5.332761e+00  1.800000e+01
   endloop
 endfacet
 facet normal  0.000000e+00  0.000000e+00  1.000000e+00
   outer loop
     vertex -8.429549e+00  1.240737e+01  1.800000e+01
     vertex -5.619699e+00  8.271577e+00  1.800000e+01
     vertex -5.390661e+00  8.422635e+00  1.800000e+01
   endloop
 endfacet
 facet normal -0.000000e+00  0.000000e+00  1.000000e+00
   outer loop
     vertex -8.429549e+00  1.240737e+01  1.800000e+01
     vertex -5.390661e+00  8.422635e+00  1.800000e+01
     vertex -8.085992e+00  1.263395e+01  1.800000e+01
   endloop
 endfacet
 facet normal -5.850332e-16  4.033636e-16  1.000000e+00
   outer loop
     vertex -1.223129e+01  8.683066e+00  1.800000e+01
     vertex -1.246489e+01  8.344244e+00  1.800000e+01
     vertex -8.154191e+00  5.788711e+00  1.800000e+01
   endloop
 endfacet
 facet normal  0.000000e+00  0.000000e+00  1.000000e+00
   outer loop
     vertex -8.766760e+00  1.217144e+01  1.800000e+01
     vertex -5.844507e+00  8.114292e+00  1.800000e+01
     vertex -5.619699e+00  8.271577e+00  1.800000e+01
   endloop
 endfacet
 facet normal -0.000000e+00  0.000000e+00  1.000000e+00
   outer loop
     vertex -8.766760e+00  1.217144e+01  1.800000e+01
     vertex -5.619699e+00  8.271577e+00  1.800000e+01
     vertex -8.429549e+00  1.240737e+01  1.800000e+01
   endloop
 endfacet
 facet normal -5.737471e-16  4.192616e-16  1.000000e+00
   outer loop
     vertex -1.198847e+01  9.015352e+00  1.800000e+01
     vertex -1.223129e+01  8.683066e+00  1.800000e+01
     vertex -8.154191e+00  5.788711e+00  1.800000e+01
   endloop
 endfacet
 facet normal -5.737471e-16  4.192616e-16  1.000000e+00
   outer loop
     vertex -1.198847e+01  9.015352e+00  1.800000e+01
     vertex -8.154191e+00  5.788711e+00  1.800000e+01
     vertex -7.992314e+00  6.010234e+00  1.800000e+01
   endloop
 endfacet
 facet normal  9.873241e-15  8.424932e-15  1.000000e+00
   outer loop
     vertex -9.097372e+00  1.192635e+01  1.800000e+01
     vertex -6.064915e+00  7.950900e+00  1.800000e+01
     vertex -5.844507e+00  8.114292e+00  1.800000e+01
   endloop
 endfacet
 facet normal -4.386889e-16  5.590331e-16  1.000000e+00
   outer loop
     vertex -9.097372e+00  1.192635e+01  1.800000e+01
     vertex -6.280757e+00  7.781522e+00  1.800000e+01
     vertex -6.064915e+00  7.950900e+00  1.800000e+01
   endloop
 endfacet
 facet normal -0.000000e+00  0.000000e+00  1.000000e+00
   outer loop
     vertex -9.097372e+00  1.192635e+01  1.800000e+01
     vertex -5.844507e+00  8.114292e+00  1.800000e+01
     vertex -8.766760e+00  1.217144e+01  1.800000e+01
   endloop
 endfacet
 facet normal -5.620291e-16  4.348440e-16  1.000000e+00
   outer loop
     vertex -1.173663e+01  9.340851e+00  1.800000e+01
     vertex -7.992314e+00  6.010234e+00  1.800000e+01
     vertex -7.824421e+00  6.227234e+00  1.800000e+01
   endloop
 endfacet
 facet normal -5.620291e-16  4.348440e-16  1.000000e+00
   outer loop
     vertex -1.173663e+01  9.340851e+00  1.800000e+01
     vertex -1.198847e+01  9.015352e+00  1.800000e+01
     vertex -7.992314e+00  6.010234e+00  1.800000e+01
   endloop
 endfacet
 facet normal -4.386889e-16  5.590331e-16  1.000000e+00
   outer loop
     vertex -9.421136e+00  1.167228e+01  1.800000e+01
     vertex -6.280757e+00  7.781522e+00  1.800000e+01
     vertex -9.097372e+00  1.192635e+01  1.800000e+01
   endloop
 endfacet
 facet normal -5.373330e-16  4.650153e-16  1.000000e+00
   outer loop
     vertex -1.147596e+01  9.659318e+00  1.800000e+01
     vertex -7.650637e+00  6.439545e+00  1.800000e+01
     vertex -7.471095e+00  6.647010e+00  1.800000e+01
   endloop
 endfacet
 facet normal -5.498880e-16  4.500991e-16  1.000000e+00
   outer loop
     vertex -1.147596e+01  9.659318e+00  1.800000e+01
     vertex -7.824421e+00  6.227234e+00  1.800000e+01
     vertex -7.650637e+00  6.439545e+00  1.800000e+01
   endloop
 endfacet
 facet normal -5.498880e-16  4.500991e-16  1.000000e+00
   outer loop
     vertex -1.147596e+01  9.659318e+00  1.800000e+01
     vertex -1.173663e+01  9.340851e+00  1.800000e+01
     vertex -7.824421e+00  6.227234e+00  1.800000e+01
   endloop
 endfacet
 facet normal -4.538604e-16  5.467877e-16  1.000000e+00
   outer loop
     vertex -9.737808e+00  1.140943e+01  1.800000e+01
     vertex -6.491872e+00  7.606287e+00  1.800000e+01
     vertex -6.280757e+00  7.781522e+00  1.800000e+01
   endloop
 endfacet
 facet normal -4.538604e-16  5.467877e-16  1.000000e+00
   outer loop
     vertex -9.737808e+00  1.140943e+01  1.800000e+01
     vertex -6.280757e+00  7.781522e+00  1.800000e+01
     vertex -9.421136e+00  1.167228e+01  1.800000e+01
   endloop
 endfacet
 facet normal -5.373330e-16  4.650153e-16  1.000000e+00
   outer loop
     vertex -1.120664e+01  9.970515e+00  1.800000e+01
     vertex -1.147596e+01  9.659318e+00  1.800000e+01
     vertex -7.471095e+00  6.647010e+00  1.800000e+01
   endloop
 endfacet
 facet normal -5.243735e-16  4.795815e-16  1.000000e+00
   outer loop
     vertex -1.120664e+01  9.970515e+00  1.800000e+01
     vertex -7.471095e+00  6.647010e+00  1.800000e+01
     vertex -7.285929e+00  6.849470e+00  1.800000e+01
   endloop
 endfacet
 facet normal -4.686901e-16  5.341307e-16  1.000000e+00
   outer loop
     vertex -1.004715e+01  1.113799e+01  1.800000e+01
     vertex -6.491872e+00  7.606287e+00  1.800000e+01
     vertex -9.737808e+00  1.140943e+01  1.800000e+01
   endloop
 endfacet
 facet normal -4.686901e-16  5.341307e-16  1.000000e+00
   outer loop
     vertex -1.004715e+01  1.113799e+01  1.800000e+01
     vertex -6.698100e+00  7.425325e+00  1.800000e+01
     vertex -6.491872e+00  7.606287e+00  1.800000e+01
   endloop
 endfacet
 facet normal -5.243735e-16  4.795815e-16  1.000000e+00
   outer loop
     vertex -1.092889e+01  1.027421e+01  1.800000e+01
     vertex -1.120664e+01  9.970515e+00  1.800000e+01
     vertex -7.285929e+00  6.849470e+00  1.800000e+01
   endloop
 endfacet
 facet normal -4.831671e-16  5.210715e-16  1.000000e+00
   outer loop
     vertex -1.034893e+01  1.085816e+01  1.800000e+01
     vertex -6.899286e+00  7.238775e+00  1.800000e+01
     vertex -6.698100e+00  7.425325e+00  1.800000e+01
   endloop
 endfacet
 facet normal -4.831671e-16  5.210715e-16  1.000000e+00
   outer loop
     vertex -1.034893e+01  1.085816e+01  1.800000e+01
     vertex -6.698100e+00  7.425325e+00  1.800000e+01
     vertex -1.004715e+01  1.113799e+01  1.800000e+01
   endloop
 endfacet
 facet normal -4.972804e-16  5.076202e-16  1.000000e+00
   outer loop
     vertex -1.064292e+01  1.057016e+01  1.800000e+01
     vertex -7.095278e+00  7.046775e+00  1.800000e+01
     vertex -6.899286e+00  7.238775e+00  1.800000e+01
   endloop
 endfacet
 facet normal -5.110193e-16  4.937867e-16  1.000000e+00
   outer loop
     vertex -1.064292e+01  1.057016e+01  1.800000e+01
     vertex -7.285929e+00  6.849470e+00  1.800000e+01
     vertex -7.095278e+00  7.046775e+00  1.800000e+01
   endloop
 endfacet
 facet normal -5.110193e-16  4.937867e-16  1.000000e+00
   outer loop
     vertex -1.064292e+01  1.057016e+01  1.800000e+01
     vertex -1.092889e+01  1.027421e+01  1.800000e+01
     vertex -7.285929e+00  6.849470e+00  1.800000e+01
   endloop
 endfacet
 facet normal -4.972804e-16  5.076202e-16  1.000000e+00
   outer loop
     vertex -1.064292e+01  1.057016e+01  1.800000e+01
     vertex -6.899286e+00  7.238775e+00  1.800000e+01
     vertex -1.034893e+01  1.085816e+01  1.800000e+01
   endloop
 endfacet
 facet normal  9.999059e-01  1.371831e-02 -3.046078e-18
   outer loop
     vertex  9.996236e+00  2.743405e-01  1.800000e+01
     vertex  9.996236e+00  2.743405e-01  2.200000e+01
     vertex  1.000000e+01  4.884981e-15  2.200000e+01
   endloop
 endfacet
 facet normal  9.999059e-01  1.371831e-02 -2.958891e-18
   outer loop
     vertex  9.996236e+00  2.743405e-01  1.800000e+01
     vertex  1.000000e+01  4.884981e-15  2.200000e+01
     vertex  1.000000e+01  3.996803e-15  1.800000e+01
   endloop
 endfacet
 facet normal  9.991532e-01  4.114462e-02 -9.135940e-18
   outer loop
     vertex  9.984947e+00  5.484744e-01  1.800000e+01
     vertex  9.984947e+00  5.484744e-01  2.200000e+01
     vertex  9.996236e+00  2.743405e-01  2.200000e+01
   endloop
 endfacet
 facet normal  9.991532e-01  4.114462e-02 -9.104251e-18
   outer loop
     vertex  9.984947e+00  5.484744e-01  1.800000e+01
     vertex  9.996236e+00  2.743405e-01  2.200000e+01
     vertex  9.996236e+00  2.743405e-01  1.800000e+01
   endloop
 endfacet
 facet normal  9.976484e-01  6.853995e-02 -1.521893e-17
   outer loop
     vertex  9.966142e+00  8.221955e-01  1.800000e+01
     vertex  9.966142e+00  8.221955e-01  2.200000e+01
     vertex  9.984947e+00  5.484744e-01  2.200000e+01
   endloop
 endfacet
 facet normal  9.976484e-01  6.853995e-02 -1.500151e-17
   outer loop
     vertex  9.966142e+00  8.221955e-01  1.800000e+01
     vertex  9.984947e+00  5.484744e-01  2.200000e+01
     vertex  9.984947e+00  5.484744e-01  1.800000e+01
   endloop
 endfacet
 facet normal  9.953925e-01  9.588368e-02 -2.129045e-17
   outer loop
     vertex  9.939835e+00  1.095298e+00  1.800000e+01
     vertex  9.939835e+00  1.095298e+00  2.200000e+01
     vertex  9.966142e+00  8.221955e-01  2.200000e+01
   endloop
 endfacet
 facet normal  9.953925e-01  9.588368e-02 -2.120021e-17
   outer loop
     vertex  9.939835e+00  1.095298e+00  1.800000e+01
     vertex  9.966142e+00  8.221955e-01  2.200000e+01
     vertex  9.966142e+00  8.221955e-01  1.800000e+01
   endloop
 endfacet
 facet normal  9.923874e-01  1.231552e-01 -2.734596e-17
   outer loop
     vertex  9.906046e+00  1.367575e+00  1.800000e+01
     vertex  9.906046e+00  1.367575e+00  2.200000e+01
     vertex  9.939835e+00  1.095298e+00  2.200000e+01
   endloop
 endfacet
 facet normal  9.923874e-01  1.231552e-01 -2.732111e-17
   outer loop
     vertex  9.906046e+00  1.367575e+00  1.800000e+01
     vertex  9.939835e+00  1.095298e+00  2.200000e+01
     vertex  9.939835e+00  1.095298e+00  1.800000e+01
   endloop
 endfacet
 facet normal  9.886353e-01  1.503341e-01 -3.338087e-17
   outer loop
     vertex  9.864799e+00  1.638824e+00  1.800000e+01
     vertex  9.864799e+00  1.638824e+00  2.200000e+01
     vertex  9.906046e+00  1.367575e+00  2.200000e+01
   endloop
 endfacet
 facet normal  9.886353e-01  1.503341e-01 -3.335627e-17
   outer loop
     vertex  9.864799e+00  1.638824e+00  1.800000e+01
     vertex  9.906046e+00  1.367575e+00  2.200000e+01
     vertex  9.906046e+00  1.367575e+00  1.800000e+01
   endloop
 endfacet
 facet normal  9.841389e-01  1.773998e-01 -3.939066e-17
   outer loop
     vertex  9.816126e+00  1.908838e+00  1.800000e+01
     vertex  9.816126e+00  1.908838e+00  2.200000e+01
     vertex  9.864799e+00  1.638824e+00  2.200000e+01
   endloop
 endfacet
 facet normal  9.841389e-01  1.773998e-01 -3.944185e-17
   outer loop
     vertex  9.816126e+00  1.908838e+00  1.800000e+01
     vertex  9.864799e+00  1.638824e+00  2.200000e+01
     vertex  9.864799e+00  1.638824e+00  1.800000e+01
   endloop
 endfacet
 facet normal  9.789017e-01  2.043319e-01 -4.537080e-17
   outer loop
     vertex  9.760065e+00  2.177416e+00  1.800000e+01
     vertex  9.760065e+00  2.177416e+00  2.200000e+01
     vertex  9.816126e+00  1.908838e+00  2.200000e+01
   endloop
 endfacet
 facet normal  9.789017e-01  2.043319e-01 -4.558403e-17
   outer loop
     vertex  9.760065e+00  2.177416e+00  1.800000e+01
     vertex  9.816126e+00  1.908838e+00  2.200000e+01
     vertex  9.816126e+00  1.908838e+00  1.800000e+01
   endloop
 endfacet
 facet normal  9.729276e-01  2.311102e-01 -5.131678e-17
   outer loop
     vertex  9.696656e+00  2.444354e+00  1.800000e+01
     vertex  9.696656e+00  2.444354e+00  2.200000e+01
     vertex  9.760065e+00  2.177416e+00  2.200000e+01
   endloop
 endfacet
 facet normal  9.729276e-01  2.311102e-01 -5.217250e-17
   outer loop
     vertex  9.696656e+00  2.444354e+00  1.800000e+01
     vertex  9.760065e+00  2.177416e+00  2.200000e+01
     vertex  9.760065e+00  2.177416e+00  1.800000e+01
   endloop
 endfacet
 facet normal  9.662211e-01  2.577146e-01 -5.793217e-17
   outer loop
     vertex  9.625948e+00  2.709453e+00  1.800000e+01
     vertex  9.696656e+00  2.444354e+00  2.200000e+01
     vertex  9.696656e+00  2.444354e+00  1.800000e+01
   endloop
 endfacet
 facet normal  9.662211e-01  2.577146e-01 -5.722414e-17
   outer loop
     vertex  9.625948e+00  2.709453e+00  1.800000e+01
     vertex  9.625948e+00  2.709453e+00  2.200000e+01
     vertex  9.696656e+00  2.444354e+00  2.200000e+01
   endloop
 endfacet
 facet normal  9.587873e-01  2.841250e-01 -6.151139e-17
   outer loop
     vertex  9.547993e+00  2.972512e+00  1.800000e+01
     vertex  9.625948e+00  2.709453e+00  2.200000e+01
     vertex  9.625948e+00  2.709453e+00  1.800000e+01
   endloop
 endfacet
 facet normal  9.587873e-01  2.841250e-01 -6.308841e-17
   outer loop
     vertex  9.547993e+00  2.972512e+00  1.800000e+01
     vertex  9.547993e+00  2.972512e+00  2.200000e+01
     vertex  9.625948e+00  2.709453e+00  2.200000e+01
   endloop
 endfacet
 facet normal  9.506317e-01  3.103214e-01 -6.739363e-17
   outer loop
     vertex  9.462851e+00  3.233333e+00  1.800000e+01
     vertex  9.547993e+00  2.972512e+00  2.200000e+01
     vertex  9.547993e+00  2.972512e+00  1.800000e+01
   endloop
 endfacet
 facet normal  9.506317e-01  3.103214e-01 -6.890520e-17
   outer loop
     vertex  9.462851e+00  3.233333e+00  1.800000e+01
     vertex  9.462851e+00  3.233333e+00  2.200000e+01
     vertex  9.547993e+00  2.972512e+00  2.200000e+01
   endloop
 endfacet
 facet normal  9.417605e-01  3.362843e-01 -7.467012e-17
   outer loop
     vertex  9.370586e+00  3.491720e+00  1.800000e+01
     vertex  9.370586e+00  3.491720e+00  2.200000e+01
     vertex  9.462851e+00  3.233333e+00  2.200000e+01
   endloop
 endfacet
 facet normal  9.417605e-01  3.362843e-01 -7.523475e-17
   outer loop
     vertex  9.370586e+00  3.491720e+00  1.800000e+01
     vertex  9.462851e+00  3.233333e+00  2.200000e+01
     vertex  9.462851e+00  3.233333e+00  1.800000e+01
   endloop
 endfacet
 facet normal  9.321804e-01  3.619940e-01 -8.037882e-17
   outer loop
     vertex  9.271267e+00  3.747479e+00  1.800000e+01
     vertex  9.271267e+00  3.747479e+00  2.200000e+01
     vertex  9.370586e+00  3.491720e+00  2.200000e+01
   endloop
 endfacet
 facet normal  9.321804e-01  3.619940e-01 -8.063562e-17
   outer loop
     vertex  9.271267e+00  3.747479e+00  1.800000e+01
     vertex  9.370586e+00  3.491720e+00  2.200000e+01
     vertex  9.370586e+00  3.491720e+00  1.800000e+01
   endloop
 endfacet
 facet normal  9.218986e-01  3.874313e-01 -8.602702e-17
   outer loop
     vertex  9.271267e+00  3.747479e+00  1.800000e+01
     vertex  9.164969e+00  4.000417e+00  2.200000e+01
     vertex  9.271267e+00  3.747479e+00  2.200000e+01
   endloop
 endfacet
 facet normal  9.109228e-01  4.125769e-01 -0.000000e+00
   outer loop
     vertex  9.164969e+00  4.000417e+00  1.800000e+01
     vertex  9.051772e+00  4.250344e+00  2.200000e+01
     vertex  9.164969e+00  4.000417e+00  2.200000e+01
   endloop
 endfacet
 facet normal  9.218986e-01  3.874313e-01 -0.000000e+00
   outer loop
     vertex  9.164969e+00  4.000417e+00  1.800000e+01
     vertex  9.164969e+00  4.000417e+00  2.200000e+01
     vertex  9.271267e+00  3.747479e+00  1.800000e+01
   endloop
 endfacet
 facet normal  9.109228e-01  4.125769e-01 -1.832209e-16
   outer loop
     vertex  9.051772e+00  4.250344e+00  1.800000e+01
     vertex  9.051772e+00  4.250344e+00  2.200000e+01
     vertex  9.164969e+00  4.000417e+00  1.800000e+01
   endloop
 endfacet
 facet normal  8.992613e-01  4.374119e-01 -0.000000e+00
   outer loop
     vertex  8.931761e+00  4.497071e+00  1.800000e+01
     vertex  8.931761e+00  4.497071e+00  2.200000e+01
     vertex  9.051772e+00  4.250344e+00  2.200000e+01
   endloop
 endfacet
 facet normal  8.992613e-01  4.374119e-01 -1.941602e-16
   outer loop
     vertex  8.931761e+00  4.497071e+00  1.800000e+01
     vertex  9.051772e+00  4.250344e+00  2.200000e+01
     vertex  9.051772e+00  4.250344e+00  1.800000e+01
   endloop
 endfacet
 facet normal  8.869228e-01  4.619176e-01 -0.000000e+00
   outer loop
     vertex  8.805026e+00  4.740412e+00  1.800000e+01
     vertex  8.805026e+00  4.740412e+00  2.200000e+01
     vertex  8.931761e+00  4.497071e+00  2.200000e+01
   endloop
 endfacet
 facet normal  8.739167e-01  4.860756e-01 -0.000000e+00
   outer loop
     vertex  8.805026e+00  4.740412e+00  1.800000e+01
     vertex  8.671664e+00  4.980186e+00  2.200000e+01
     vertex  8.805026e+00  4.740412e+00  2.200000e+01
   endloop
 endfacet
 facet normal  8.869228e-01  4.619176e-01 -1.222479e-18
   outer loop
     vertex  8.805026e+00  4.740412e+00  1.800000e+01
     vertex  8.931761e+00  4.497071e+00  2.200000e+01
     vertex  8.931761e+00  4.497071e+00  1.800000e+01
   endloop
 endfacet
 facet normal  8.739167e-01  4.860756e-01 -0.000000e+00
   outer loop
     vertex  8.671664e+00  4.980186e+00  1.800000e+01
     vertex  8.671664e+00  4.980186e+00  2.200000e+01
     vertex  8.805026e+00  4.740412e+00  1.800000e+01
   endloop
 endfacet
 facet normal  8.602528e-01  5.098678e-01 -0.000000e+00
   outer loop
     vertex  8.531773e+00  5.216210e+00  1.800000e+01
     vertex  8.531773e+00  5.216210e+00  2.200000e+01
     vertex  8.671664e+00  4.980186e+00  2.200000e+01
   endloop
 endfacet
 facet normal  8.602528e-01  5.098678e-01  2.641659e-18
   outer loop
     vertex  8.531773e+00  5.216210e+00  1.800000e+01
     vertex  8.671664e+00  4.980186e+00  2.200000e+01
     vertex  8.671664e+00  4.980186e+00  1.800000e+01
   endloop
 endfacet
 facet normal  8.459413e-01  5.332761e-01 -2.368221e-16
   outer loop
     vertex  8.385460e+00  5.448308e+00  1.800000e+01
     vertex  8.385460e+00  5.448308e+00  2.200000e+01
     vertex  8.531773e+00  5.216210e+00  2.200000e+01
   endloop
 endfacet
 facet normal  8.459413e-01  5.332761e-01 -1.845273e-18
   outer loop
     vertex  8.385460e+00  5.448308e+00  1.800000e+01
     vertex  8.531773e+00  5.216210e+00  2.200000e+01
     vertex  8.531773e+00  5.216210e+00  1.800000e+01
   endloop
 endfacet
 facet normal  8.309929e-01  5.562829e-01 -2.470393e-16
   outer loop
     vertex  8.232835e+00  5.676304e+00  1.800000e+01
     vertex  8.232835e+00  5.676304e+00  2.200000e+01
     vertex  8.385460e+00  5.448308e+00  2.200000e+01
   endloop
 endfacet
 facet normal  8.154191e-01  5.788711e-01 -2.570704e-16
   outer loop
     vertex  8.232835e+00  5.676304e+00  1.800000e+01
     vertex  8.074012e+00  5.900028e+00  2.200000e+01
     vertex  8.232835e+00  5.676304e+00  2.200000e+01
   endloop
 endfacet
 facet normal  8.309929e-01  5.562829e-01 -2.457956e-16
   outer loop
     vertex  8.232835e+00  5.676304e+00  1.800000e+01
     vertex  8.385460e+00  5.448308e+00  2.200000e+01
     vertex  8.385460e+00  5.448308e+00  1.800000e+01
   endloop
 endfacet
 facet normal  8.154191e-01  5.788711e-01 -2.570704e-16
   outer loop
     vertex  8.074012e+00  5.900028e+00  1.800000e+01
     vertex  8.074012e+00  5.900028e+00  2.200000e+01
     vertex  8.232835e+00  5.676304e+00  1.800000e+01
   endloop
 endfacet
 facet normal  7.992314e-01  6.010234e-01 -2.669080e-16
   outer loop
     vertex  7.909112e+00  6.119310e+00  1.800000e+01
     vertex  7.909112e+00  6.119310e+00  2.200000e+01
     vertex  8.074012e+00  5.900028e+00  2.200000e+01
   endloop
 endfacet
 facet normal  7.824421e-01  6.227234e-01 -2.765447e-16
   outer loop
     vertex  7.909112e+00  6.119310e+00  1.800000e+01
     vertex  7.738257e+00  6.333986e+00  2.200000e+01
     vertex  7.909112e+00  6.119310e+00  2.200000e+01
   endloop
 endfacet
 facet normal  7.992314e-01  6.010234e-01 -2.657206e-16
   outer loop
     vertex  7.909112e+00  6.119310e+00  1.800000e+01
     vertex  8.074012e+00  5.900028e+00  2.200000e+01
     vertex  8.074012e+00  5.900028e+00  1.800000e+01
   endloop
 endfacet
 facet normal  7.824421e-01  6.227234e-01 -2.765447e-16
   outer loop
     vertex  7.738257e+00  6.333986e+00  1.800000e+01
     vertex  7.738257e+00  6.333986e+00  2.200000e+01
     vertex  7.909112e+00  6.119310e+00  1.800000e+01
   endloop
 endfacet
 facet normal  7.650637e-01  6.439545e-01 -2.859733e-16
   outer loop
     vertex  7.561578e+00  6.543893e+00  1.800000e+01
     vertex  7.561578e+00  6.543893e+00  2.200000e+01
     vertex  7.738257e+00  6.333986e+00  2.200000e+01
   endloop
 endfacet
 facet normal  7.650637e-01  6.439545e-01 -2.872526e-16
   outer loop
     vertex  7.561578e+00  6.543893e+00  1.800000e+01
     vertex  7.738257e+00  6.333986e+00  2.200000e+01
     vertex  7.738257e+00  6.333986e+00  1.800000e+01
   endloop
 endfacet
 facet normal  7.471095e-01  6.647010e-01 -2.951865e-16
   outer loop
     vertex  7.379206e+00  6.748875e+00  1.800000e+01
     vertex  7.379206e+00  6.748875e+00  2.200000e+01
     vertex  7.561578e+00  6.543893e+00  2.200000e+01
   endloop
 endfacet
 facet normal  7.471095e-01  6.647010e-01 -2.966572e-16
   outer loop
     vertex  7.379206e+00  6.748875e+00  1.800000e+01
     vertex  7.561578e+00  6.543893e+00  2.200000e+01
     vertex  7.561578e+00  6.543893e+00  1.800000e+01
   endloop
 endfacet
 facet normal  7.285929e-01  6.849470e-01 -3.041776e-16
   outer loop
     vertex  7.191280e+00  6.948776e+00  1.800000e+01
     vertex  7.191280e+00  6.948776e+00  2.200000e+01
     vertex  7.379206e+00  6.748875e+00  2.200000e+01
   endloop
 endfacet
 facet normal  7.285929e-01  6.849470e-01 -3.017619e-16
   outer loop
     vertex  7.191280e+00  6.948776e+00  1.800000e+01
     vertex  7.379206e+00  6.748875e+00  2.200000e+01
     vertex  7.379206e+00  6.748875e+00  1.800000e+01
   endloop
 endfacet
 facet normal  7.095278e-01  7.046775e-01 -3.129397e-16
   outer loop
     vertex  6.997940e+00  7.143447e+00  1.800000e+01
     vertex  6.997940e+00  7.143447e+00  2.200000e+01
     vertex  7.191280e+00  6.948776e+00  2.200000e+01
   endloop
 endfacet
 facet normal  7.095278e-01  7.046775e-01 -3.124457e-16
   outer loop
     vertex  6.997940e+00  7.143447e+00  1.800000e+01
     vertex  7.191280e+00  6.948776e+00  2.200000e+01
     vertex  7.191280e+00  6.948776e+00  1.800000e+01
   endloop
 endfacet
 facet normal  6.899286e-01  7.238775e-01 -3.214662e-16
   outer loop
     vertex  6.799333e+00  7.332740e+00  1.800000e+01
     vertex  6.799333e+00  7.332740e+00  2.200000e+01
     vertex  6.997940e+00  7.143447e+00  2.200000e+01
   endloop
 endfacet
 facet normal  6.899286e-01  7.238775e-01 -3.201069e-16
   outer loop
     vertex  6.799333e+00  7.332740e+00  1.800000e+01
     vertex  6.997940e+00  7.143447e+00  2.200000e+01
     vertex  6.997940e+00  7.143447e+00  1.800000e+01
   endloop
 endfacet
 facet normal  6.698100e-01  7.425325e-01 -3.297507e-16
   outer loop
     vertex  6.595607e+00  7.516513e+00  1.800000e+01
     vertex  6.595607e+00  7.516513e+00  2.200000e+01
     vertex  6.799333e+00  7.332740e+00  2.200000e+01
   endloop
 endfacet
 facet normal  6.698100e-01  7.425325e-01 -3.285297e-16
   outer loop
     vertex  6.595607e+00  7.516513e+00  1.800000e+01
     vertex  6.799333e+00  7.332740e+00  2.200000e+01
     vertex  6.799333e+00  7.332740e+00  1.800000e+01
   endloop
 endfacet
 facet normal  6.491872e-01  7.606287e-01 -0.000000e+00
   outer loop
     vertex  6.386916e+00  7.694628e+00  1.800000e+01
     vertex  6.386916e+00  7.694628e+00  2.200000e+01
     vertex  6.595607e+00  7.516513e+00  2.200000e+01
   endloop
 endfacet
 facet normal  6.491872e-01  7.606287e-01 -3.348983e-16
   outer loop
     vertex  6.386916e+00  7.694628e+00  1.800000e+01
     vertex  6.595607e+00  7.516513e+00  2.200000e+01
     vertex  6.595607e+00  7.516513e+00  1.800000e+01
   endloop
 endfacet
 facet normal  6.280757e-01  7.781522e-01 -3.455690e-16
   outer loop
     vertex  6.173417e+00  7.866951e+00  1.800000e+01
     vertex  6.173417e+00  7.866951e+00  2.200000e+01
     vertex  6.386916e+00  7.694628e+00  2.200000e+01
   endloop
 endfacet
 facet normal  6.280757e-01  7.781522e-01 -2.597367e-18
   outer loop
     vertex  6.173417e+00  7.866951e+00  1.800000e+01
     vertex  6.386916e+00  7.694628e+00  2.200000e+01
     vertex  6.386916e+00  7.694628e+00  1.800000e+01
   endloop
 endfacet
 facet normal  6.064915e-01  7.950900e-01 -3.530909e-16
   outer loop
     vertex  5.955271e+00  8.033352e+00  1.800000e+01
     vertex  5.955271e+00  8.033352e+00  2.200000e+01
     vertex  6.173417e+00  7.866951e+00  2.200000e+01
   endloop
 endfacet
 facet normal  5.844507e-01  8.114292e-01 -3.603470e-16
   outer loop
     vertex  5.955271e+00  8.033352e+00  1.800000e+01
     vertex  5.732642e+00  8.193706e+00  2.200000e+01
     vertex  5.955271e+00  8.033352e+00  2.200000e+01
   endloop
 endfacet
 facet normal  6.064915e-01  7.950900e-01 -3.528400e-16
   outer loop
     vertex  5.955271e+00  8.033352e+00  1.800000e+01
     vertex  6.173417e+00  7.866951e+00  2.200000e+01
     vertex  6.173417e+00  7.866951e+00  1.800000e+01
   endloop
 endfacet
 facet normal  5.844507e-01  8.114292e-01 -3.603470e-16
   outer loop
     vertex  5.732642e+00  8.193706e+00  1.800000e+01
     vertex  5.732642e+00  8.193706e+00  2.200000e+01
     vertex  5.955271e+00  8.033352e+00  1.800000e+01
   endloop
 endfacet
 facet normal  5.619699e-01  8.271577e-01 -3.644665e-16
   outer loop
     vertex  5.505698e+00  8.347891e+00  1.800000e+01
     vertex  5.732642e+00  8.193706e+00  2.200000e+01
     vertex  5.732642e+00  8.193706e+00  1.800000e+01
   endloop
 endfacet
 facet normal  5.619699e-01  8.271577e-01 -3.673318e-16
   outer loop
     vertex  5.505698e+00  8.347891e+00  1.800000e+01
     vertex  5.505698e+00  8.347891e+00  2.200000e+01
     vertex  5.732642e+00  8.193706e+00  2.200000e+01
   endloop
 endfacet
 facet normal  5.390661e-01  8.422635e-01 -3.752918e-16
   outer loop
     vertex  5.274609e+00  8.495793e+00  1.800000e+01
     vertex  5.505698e+00  8.347891e+00  2.200000e+01
     vertex  5.505698e+00  8.347891e+00  1.800000e+01
   endloop
 endfacet
 facet normal  5.390661e-01  8.422635e-01 -3.740401e-16
   outer loop
     vertex  5.274609e+00  8.495793e+00  1.800000e+01
     vertex  5.274609e+00  8.495793e+00  2.200000e+01
     vertex  5.505698e+00  8.347891e+00  2.200000e+01
   endloop
 endfacet
 facet normal  5.157565e-01  8.567352e-01 -3.780416e-16
   outer loop
     vertex  5.039550e+00  8.637299e+00  1.800000e+01
     vertex  5.274609e+00  8.495793e+00  2.200000e+01
     vertex  5.274609e+00  8.495793e+00  1.800000e+01
   endloop
 endfacet
 facet normal  5.157565e-01  8.567352e-01 -3.804669e-16
   outer loop
     vertex  5.039550e+00  8.637299e+00  1.800000e+01
     vertex  5.039550e+00  8.637299e+00  2.200000e+01
     vertex  5.274609e+00  8.495793e+00  2.200000e+01
   endloop
 endfacet
 facet normal  4.920587e-01  8.705620e-01 -3.855970e-16
   outer loop
     vertex  4.800697e+00  8.772303e+00  1.800000e+01
     vertex  5.039550e+00  8.637299e+00  2.200000e+01
     vertex  5.039550e+00  8.637299e+00  1.800000e+01
   endloop
 endfacet
 facet normal  4.920587e-01  8.705620e-01 -3.866072e-16
   outer loop
     vertex  4.800697e+00  8.772303e+00  1.800000e+01
     vertex  4.800697e+00  8.772303e+00  2.200000e+01
     vertex  5.039550e+00  8.637299e+00  2.200000e+01
   endloop
 endfacet
 facet normal  4.679904e-01  8.837335e-01 -3.909445e-16
   outer loop
     vertex  4.558231e+00  8.900704e+00  1.800000e+01
     vertex  4.800697e+00  8.772303e+00  2.200000e+01
     vertex  4.800697e+00  8.772303e+00  1.800000e+01
   endloop
 endfacet
 facet normal  4.679904e-01  8.837335e-01 -3.924565e-16
   outer loop
     vertex  4.558231e+00  8.900704e+00  1.800000e+01
     vertex  4.558231e+00  8.900704e+00  2.200000e+01
     vertex  4.800697e+00  8.772303e+00  2.200000e+01
   endloop
 endfacet
 facet normal  4.435699e-01  8.962398e-01 -3.972762e-16
   outer loop
     vertex  4.312333e+00  9.022405e+00  1.800000e+01
     vertex  4.558231e+00  8.900704e+00  2.200000e+01
     vertex  4.558231e+00  8.900704e+00  1.800000e+01
   endloop
 endfacet
 facet normal  4.435699e-01  8.962398e-01 -3.980104e-16
   outer loop
     vertex  4.312333e+00  9.022405e+00  1.800000e+01
     vertex  4.312333e+00  9.022405e+00  2.200000e+01
     vertex  4.558231e+00  8.900704e+00  2.200000e+01
   endloop
 endfacet
 facet normal  4.188155e-01  9.080714e-01 -4.029645e-16
   outer loop
     vertex  4.063188e+00  9.137314e+00  1.800000e+01
     vertex  4.312333e+00  9.022405e+00  2.200000e+01
     vertex  4.312333e+00  9.022405e+00  1.800000e+01
   endloop
 endfacet
 facet normal  4.188155e-01  9.080714e-01 -4.032647e-16
   outer loop
     vertex  4.063188e+00  9.137314e+00  1.800000e+01
     vertex  4.063188e+00  9.137314e+00  2.200000e+01
     vertex  4.312333e+00  9.022405e+00  2.200000e+01
   endloop
 endfacet
 facet normal  3.937458e-01  9.192194e-01 -4.083999e-16
   outer loop
     vertex  3.810986e+00  9.245344e+00  1.800000e+01
     vertex  4.063188e+00  9.137314e+00  2.200000e+01
     vertex  4.063188e+00  9.137314e+00  1.800000e+01
   endloop
 endfacet
 facet normal  3.937458e-01  9.192194e-01 -4.082154e-16
   outer loop
     vertex  3.810986e+00  9.245344e+00  1.800000e+01
     vertex  3.810986e+00  9.245344e+00  2.200000e+01
     vertex  4.063188e+00  9.137314e+00  2.200000e+01
   endloop
 endfacet
 facet normal  3.683796e-01  9.296754e-01 -4.133482e-16
   outer loop
     vertex  3.555914e+00  9.346415e+00  1.800000e+01
     vertex  3.810986e+00  9.245344e+00  2.200000e+01
     vertex  3.810986e+00  9.245344e+00  1.800000e+01
   endloop
 endfacet
 facet normal  3.683796e-01  9.296754e-01 -4.128588e-16
   outer loop
     vertex  3.555914e+00  9.346415e+00  1.800000e+01
     vertex  3.555914e+00  9.346415e+00  2.200000e+01
     vertex  3.810986e+00  9.245344e+00  2.200000e+01
   endloop
 endfacet
 facet normal  3.427362e-01  9.394317e-01 -4.162726e-16
   outer loop
     vertex  3.298166e+00  9.440450e+00  1.800000e+01
     vertex  3.555914e+00  9.346415e+00  2.200000e+01
     vertex  3.555914e+00  9.346415e+00  1.800000e+01
   endloop
 endfacet
 facet normal  3.427362e-01  9.394317e-01 -4.171915e-16
   outer loop
     vertex  3.298166e+00  9.440450e+00  1.800000e+01
     vertex  3.298166e+00  9.440450e+00  2.200000e+01
     vertex  3.555914e+00  9.346415e+00  2.200000e+01
   endloop
 endfacet
 facet normal  3.168348e-01  9.484807e-01 -4.212101e-16
   outer loop
     vertex  3.298166e+00  9.440450e+00  1.800000e+01
     vertex  3.037934e+00  9.527379e+00  2.200000e+01
     vertex  3.298166e+00  9.440450e+00  2.200000e+01
   endloop
 endfacet
 facet normal  3.168348e-01  9.484807e-01 -4.212101e-16
   outer loop
     vertex  3.037934e+00  9.527379e+00  1.800000e+01
     vertex  3.037934e+00  9.527379e+00  2.200000e+01
     vertex  3.298166e+00  9.440450e+00  1.800000e+01
   endloop
 endfacet
 facet normal  2.906949e-01  9.568158e-01 -4.249116e-16
   outer loop
     vertex  2.775416e+00  9.607136e+00  1.800000e+01
     vertex  2.775416e+00  9.607136e+00  2.200000e+01
     vertex  3.037934e+00  9.527379e+00  2.200000e+01
   endloop
 endfacet
 facet normal  2.906949e-01  9.568158e-01 -4.243080e-16
   outer loop
     vertex  2.775416e+00  9.607136e+00  1.800000e+01
     vertex  3.037934e+00  9.527379e+00  2.200000e+01
     vertex  3.037934e+00  9.527379e+00  1.800000e+01
   endloop
 endfacet
 facet normal  2.643362e-01  9.644306e-01 -4.282932e-16
   outer loop
     vertex  2.510809e+00  9.679661e+00  1.800000e+01
     vertex  2.510809e+00  9.679661e+00  2.200000e+01
     vertex  2.775416e+00  9.607136e+00  2.200000e+01
   endloop
 endfacet
 facet normal  2.643362e-01  9.644306e-01 -4.286155e-16
   outer loop
     vertex  2.510809e+00  9.679661e+00  1.800000e+01
     vertex  2.775416e+00  9.607136e+00  2.200000e+01
     vertex  2.775416e+00  9.607136e+00  1.800000e+01
   endloop
 endfacet
 facet normal  2.377784e-01  9.713194e-01 -4.313525e-16
   outer loop
     vertex  2.244312e+00  9.744899e+00  1.800000e+01
     vertex  2.244312e+00  9.744899e+00  2.200000e+01
     vertex  2.510809e+00  9.679661e+00  2.200000e+01
   endloop
 endfacet
 facet normal  2.377784e-01  9.713194e-01 -4.312532e-16
   outer loop
     vertex  2.244312e+00  9.744899e+00  1.800000e+01
     vertex  2.510809e+00  9.679661e+00  2.200000e+01
     vertex  2.510809e+00  9.679661e+00  1.800000e+01
   endloop
 endfacet
 facet normal  2.110417e-01  9.774771e-01 -4.340870e-16
   outer loop
     vertex  1.976125e+00  9.802802e+00  1.800000e+01
     vertex  1.976125e+00  9.802802e+00  2.200000e+01
     vertex  2.244312e+00  9.744899e+00  2.200000e+01
   endloop
 endfacet
 facet normal  2.110417e-01  9.774771e-01 -4.337648e-16
   outer loop
     vertex  1.976125e+00  9.802802e+00  1.800000e+01
     vertex  2.244312e+00  9.744899e+00  2.200000e+01
     vertex  2.244312e+00  9.744899e+00  1.800000e+01
   endloop
 endfacet
 facet normal  1.841461e-01  9.828989e-01 -4.364948e-16
   outer loop
     vertex  1.706451e+00  9.853326e+00  1.800000e+01
     vertex  1.706451e+00  9.853326e+00  2.200000e+01
     vertex  1.976125e+00  9.802802e+00  2.200000e+01
   endloop
 endfacet
 facet normal  1.841461e-01  9.828989e-01 -4.368064e-16
   outer loop
     vertex  1.706451e+00  9.853326e+00  1.800000e+01
     vertex  1.976125e+00  9.802802e+00  2.200000e+01
     vertex  1.976125e+00  9.802802e+00  1.800000e+01
   endloop
 endfacet
 facet normal  1.571119e-01  9.875808e-01 -4.385740e-16
   outer loop
     vertex  1.435492e+00  9.896432e+00  1.800000e+01
     vertex  1.435492e+00  9.896432e+00  2.200000e+01
     vertex  1.706451e+00  9.853326e+00  2.200000e+01
   endloop
 endfacet
 facet normal  1.571119e-01  9.875808e-01 -4.391552e-16
   outer loop
     vertex  1.435492e+00  9.896432e+00  1.800000e+01
     vertex  1.706451e+00  9.853326e+00  2.200000e+01
     vertex  1.706451e+00  9.853326e+00  1.800000e+01
   endloop
 endfacet
 facet normal  1.299594e-01  9.915193e-01 -4.403230e-16
   outer loop
     vertex  1.163452e+00  9.932088e+00  1.800000e+01
     vertex  1.163452e+00  9.932088e+00  2.200000e+01
     vertex  1.435492e+00  9.896432e+00  2.200000e+01
   endloop
 endfacet
 facet normal  1.299594e-01  9.915193e-01 -4.406367e-16
   outer loop
     vertex  1.163452e+00  9.932088e+00  1.800000e+01
     vertex  1.435492e+00  9.896432e+00  2.200000e+01
     vertex  1.435492e+00  9.896432e+00  1.800000e+01
   endloop
 endfacet
 facet normal  1.027091e-01  9.947114e-01 -4.417406e-16
   outer loop
     vertex  8.905371e-01  9.960268e+00  1.800000e+01
     vertex  8.905371e-01  9.960268e+00  2.200000e+01
     vertex  1.163452e+00  9.932088e+00  2.200000e+01
   endloop
 endfacet
 facet normal  7.538152e-02  9.971548e-01 -4.428257e-16
   outer loop
     vertex  8.905371e-01  9.960268e+00  1.800000e+01
     vertex  6.169515e-01  9.980950e+00  2.200000e+01
     vertex  8.905371e-01  9.960268e+00  2.200000e+01
   endloop
 endfacet
 facet normal  1.027091e-01  9.947114e-01 -4.415350e-16
   outer loop
     vertex  8.905371e-01  9.960268e+00  1.800000e+01
     vertex  1.163452e+00  9.932088e+00  2.200000e+01
     vertex  1.163452e+00  9.932088e+00  1.800000e+01
   endloop
 endfacet
 facet normal  7.538152e-02  9.971548e-01 -4.428257e-16
   outer loop
     vertex  6.169515e-01  9.980950e+00  1.800000e+01
     vertex  6.169515e-01  9.980950e+00  2.200000e+01
     vertex  8.905371e-01  9.960268e+00  1.800000e+01
   endloop
 endfacet
 facet normal  4.799716e-02  9.988475e-01 -4.435774e-16
   outer loop
     vertex  3.429014e-01  9.994119e+00  1.800000e+01
     vertex  3.429014e-01  9.994119e+00  2.200000e+01
     vertex  6.169515e-01  9.980950e+00  2.200000e+01
   endloop
 endfacet
 facet normal  4.799716e-02  9.988475e-01 -4.434416e-16
   outer loop
     vertex  3.429014e-01  9.994119e+00  1.800000e+01
     vertex  6.169515e-01  9.980950e+00  2.200000e+01
     vertex  6.169515e-01  9.980950e+00  1.800000e+01
   endloop
 endfacet
 facet normal  2.057667e-02  9.997883e-01 -4.439952e-16
   outer loop
     vertex  6.859319e-02  9.999765e+00  1.800000e+01
     vertex  6.859319e-02  9.999765e+00  2.200000e+01
     vertex  3.429014e-01  9.994119e+00  2.200000e+01
   endloop
 endfacet
 facet normal  2.057667e-02  9.997883e-01 -4.440890e-16
   outer loop
     vertex  6.859319e-02  9.999765e+00  1.800000e+01
     vertex  3.429014e-01  9.994119e+00  2.200000e+01
     vertex  3.429014e-01  9.994119e+00  1.800000e+01
   endloop
 endfacet
 facet normal -6.859319e-03  9.999765e-01 -4.440788e-16
   outer loop
     vertex -2.057667e-01  9.997883e+00  1.800000e+01
     vertex -2.057667e-01  9.997883e+00  2.200000e+01
     vertex  6.859319e-02  9.999765e+00  2.200000e+01
   endloop
 endfacet
 facet normal -6.859319e-03  9.999765e-01 -4.441044e-16
   outer loop
     vertex -2.057667e-01  9.997883e+00  1.800000e+01
     vertex  6.859319e-02  9.999765e+00  2.200000e+01
     vertex  6.859319e-02  9.999765e+00  1.800000e+01
   endloop
 endfacet
 facet normal -3.429014e-02  9.994119e-01 -4.438280e-16
   outer loop
     vertex -4.799716e-01  9.988475e+00  1.800000e+01
     vertex -4.799716e-01  9.988475e+00  2.200000e+01
     vertex -2.057667e-01  9.997883e+00  2.200000e+01
   endloop
 endfacet
 facet normal -6.169515e-02  9.980950e-01 -4.432432e-16
   outer loop
     vertex -4.799716e-01  9.988475e+00  1.800000e+01
     vertex -7.538152e-01  9.971548e+00  2.200000e+01
     vertex -4.799716e-01  9.988475e+00  2.200000e+01
   endloop
 endfacet
 facet normal -3.429014e-02  9.994119e-01 -4.437674e-16
   outer loop
     vertex -4.799716e-01  9.988475e+00  1.800000e+01
     vertex -2.057667e-01  9.997883e+00  2.200000e+01
     vertex -2.057667e-01  9.997883e+00  1.800000e+01
   endloop
 endfacet
 facet normal -8.905371e-02  9.960268e-01 -4.423248e-16
   outer loop
     vertex -7.538152e-01  9.971548e+00  1.800000e+01
     vertex -1.027091e+00  9.947114e+00  2.200000e+01
     vertex -7.538152e-01  9.971548e+00  2.200000e+01
   endloop
 endfacet
 facet normal -6.169515e-02  9.980950e-01 -4.432432e-16
   outer loop
     vertex -7.538152e-01  9.971548e+00  1.800000e+01
     vertex -7.538152e-01  9.971548e+00  2.200000e+01
     vertex -4.799716e-01  9.988475e+00  1.800000e+01
   endloop
 endfacet
 facet normal -8.905371e-02  9.960268e-01 -4.423248e-16
   outer loop
     vertex -1.027091e+00  9.947114e+00  1.800000e+01
     vertex -1.027091e+00  9.947114e+00  2.200000e+01
     vertex -7.538152e-01  9.971548e+00  1.800000e+01
   endloop
 endfacet
 facet normal -1.163452e-01  9.932088e-01 -4.417514e-16
   outer loop
     vertex -1.299594e+00  9.915193e+00  1.800000e+01
     vertex -1.027091e+00  9.947114e+00  2.200000e+01
     vertex -1.027091e+00  9.947114e+00  1.800000e+01
   endloop
 endfacet
 facet normal -1.163452e-01  9.932088e-01 -4.410733e-16
   outer loop
     vertex -1.299594e+00  9.915193e+00  1.800000e+01
     vertex -1.299594e+00  9.915193e+00  2.200000e+01
     vertex -1.027091e+00  9.947114e+00  2.200000e+01
   endloop
 endfacet
 facet normal -1.435492e-01  9.896432e-01 -4.394899e-16
   outer loop
     vertex -1.299594e+00  9.915193e+00  1.800000e+01
     vertex -1.571119e+00  9.875808e+00  2.200000e+01
     vertex -1.299594e+00  9.915193e+00  2.200000e+01
   endloop
 endfacet
 facet normal -1.435492e-01  9.896432e-01 -4.394899e-16
   outer loop
     vertex -1.571119e+00  9.875808e+00  1.800000e+01
     vertex -1.571119e+00  9.875808e+00  2.200000e+01
     vertex -1.299594e+00  9.915193e+00  1.800000e+01
   endloop
 endfacet
 facet normal -1.706451e-01  9.853326e-01 -4.370921e-16
   outer loop
     vertex -1.841461e+00  9.828989e+00  1.800000e+01
     vertex -1.571119e+00  9.875808e+00  2.200000e+01
     vertex -1.571119e+00  9.875808e+00  1.800000e+01
   endloop
 endfacet
 facet normal -1.706451e-01  9.853326e-01 -4.375756e-16
   outer loop
     vertex -1.841461e+00  9.828989e+00  1.800000e+01
     vertex -1.841461e+00  9.828989e+00  2.200000e+01
     vertex -1.571119e+00  9.875808e+00  2.200000e+01
   endloop
 endfacet
 facet normal -1.976125e-01  9.802802e-01 -4.353319e-16
   outer loop
     vertex -1.841461e+00  9.828989e+00  1.800000e+01
     vertex -2.110417e+00  9.774771e+00  2.200000e+01
     vertex -1.841461e+00  9.828989e+00  2.200000e+01
   endloop
 endfacet
 facet normal -1.976125e-01  9.802802e-01 -4.353319e-16
   outer loop
     vertex -2.110417e+00  9.774771e+00  1.800000e+01
     vertex -2.110417e+00  9.774771e+00  2.200000e+01
     vertex -1.841461e+00  9.828989e+00  1.800000e+01
   endloop
 endfacet
 facet normal -2.244312e-01  9.744899e-01 -4.312185e-16
   outer loop
     vertex -2.377784e+00  9.713194e+00  1.800000e+01
     vertex -2.110417e+00  9.774771e+00  2.200000e+01
     vertex -2.110417e+00  9.774771e+00  1.800000e+01
   endloop
 endfacet
 facet normal -2.244312e-01  9.744899e-01 -4.327605e-16
   outer loop
     vertex -2.377784e+00  9.713194e+00  1.800000e+01
     vertex -2.377784e+00  9.713194e+00  2.200000e+01
     vertex -2.110417e+00  9.774771e+00  2.200000e+01
   endloop
 endfacet
 facet normal -2.510809e-01  9.679661e-01 -4.298633e-16
   outer loop
     vertex -2.377784e+00  9.713194e+00  1.800000e+01
     vertex -2.643362e+00  9.644306e+00  2.200000e+01
     vertex -2.377784e+00  9.713194e+00  2.200000e+01
   endloop
 endfacet
 facet normal -2.510809e-01  9.679661e-01 -4.298633e-16
   outer loop
     vertex -2.643362e+00  9.644306e+00  1.800000e+01
     vertex -2.643362e+00  9.644306e+00  2.200000e+01
     vertex -2.377784e+00  9.713194e+00  1.800000e+01
   endloop
 endfacet
 facet normal -2.775416e-01  9.607136e-01 -4.275164e-16
   outer loop
     vertex -2.906949e+00  9.568158e+00  1.800000e+01
     vertex -2.643362e+00  9.644306e+00  2.200000e+01
     vertex -2.643362e+00  9.644306e+00  1.800000e+01
   endloop
 endfacet
 facet normal -2.775416e-01  9.607136e-01 -4.266425e-16
   outer loop
     vertex -2.906949e+00  9.568158e+00  1.800000e+01
     vertex -2.906949e+00  9.568158e+00  2.200000e+01
     vertex -2.643362e+00  9.644306e+00  2.200000e+01
   endloop
 endfacet
 facet normal -3.037934e-01  9.527379e-01 -4.223978e-16
   outer loop
     vertex -3.168348e+00  9.484807e+00  1.800000e+01
     vertex -2.906949e+00  9.568158e+00  2.200000e+01
     vertex -2.906949e+00  9.568158e+00  1.800000e+01
   endloop
 endfacet
 facet normal -3.037934e-01  9.527379e-01 -4.231006e-16
   outer loop
     vertex -3.168348e+00  9.484807e+00  1.800000e+01
     vertex -3.168348e+00  9.484807e+00  2.200000e+01
     vertex -2.906949e+00  9.568158e+00  2.200000e+01
   endloop
 endfacet
 facet normal -3.298166e-01  9.440450e-01 -4.189707e-16
   outer loop
     vertex -3.427362e+00  9.394317e+00  1.800000e+01
     vertex -3.168348e+00  9.484807e+00  2.200000e+01
     vertex -3.168348e+00  9.484807e+00  1.800000e+01
   endloop
 endfacet
 facet normal -3.298166e-01  9.440450e-01 -4.192402e-16
   outer loop
     vertex -3.427362e+00  9.394317e+00  1.800000e+01
     vertex -3.427362e+00  9.394317e+00  2.200000e+01
     vertex -3.168348e+00  9.484807e+00  2.200000e+01
   endloop
 endfacet
 facet normal -3.555914e-01  9.346415e-01 -4.156081e-16
   outer loop
     vertex -3.683796e+00  9.296754e+00  1.800000e+01
     vertex -3.427362e+00  9.394317e+00  2.200000e+01
     vertex -3.427362e+00  9.394317e+00  1.800000e+01
   endloop
 endfacet
 facet normal -3.555914e-01  9.346415e-01 -4.150642e-16
   outer loop
     vertex -3.683796e+00  9.296754e+00  1.800000e+01
     vertex -3.683796e+00  9.296754e+00  2.200000e+01
     vertex -3.427362e+00  9.394317e+00  2.200000e+01
   endloop
 endfacet
 facet normal -3.810986e-01  9.245344e-01 -4.090879e-16
   outer loop
     vertex -3.937458e+00  9.192194e+00  1.800000e+01
     vertex -3.683796e+00  9.296754e+00  2.200000e+01
     vertex -3.683796e+00  9.296754e+00  1.800000e+01
   endloop
 endfacet
 facet normal -3.810986e-01  9.245344e-01 -4.105758e-16
   outer loop
     vertex -3.937458e+00  9.192194e+00  1.800000e+01
     vertex -3.937458e+00  9.192194e+00  2.200000e+01
     vertex -3.683796e+00  9.296754e+00  2.200000e+01
   endloop
 endfacet
 facet normal -4.063188e-01  9.137314e-01 -4.048256e-16
   outer loop
     vertex -4.188155e+00  9.080714e+00  1.800000e+01
     vertex -3.937458e+00  9.192194e+00  2.200000e+01
     vertex -3.937458e+00  9.192194e+00  1.800000e+01
   endloop
 endfacet
 facet normal -4.063188e-01  9.137314e-01 -4.057782e-16
   outer loop
     vertex -4.188155e+00  9.080714e+00  1.800000e+01
     vertex -4.188155e+00  9.080714e+00  2.200000e+01
     vertex -3.937458e+00  9.192194e+00  2.200000e+01
   endloop
 endfacet
 facet normal -4.312333e-01  9.022405e-01 -4.005933e-16
   outer loop
     vertex -4.435699e+00  8.962398e+00  1.800000e+01
     vertex -4.188155e+00  9.080714e+00  2.200000e+01
     vertex -4.188155e+00  9.080714e+00  1.800000e+01
   endloop
 endfacet
 facet normal -4.312333e-01  9.022405e-01 -4.006753e-16
   outer loop
     vertex -4.435699e+00  8.962398e+00  1.800000e+01
     vertex -4.435699e+00  8.962398e+00  2.200000e+01
     vertex -4.188155e+00  9.080714e+00  2.200000e+01
   endloop
 endfacet
 facet normal -4.558231e-01  8.900704e-01 -3.968083e-16
   outer loop
     vertex -4.679904e+00  8.837335e+00  1.800000e+01
     vertex -4.435699e+00  8.962398e+00  2.200000e+01
     vertex -4.435699e+00  8.962398e+00  1.800000e+01
   endloop
 endfacet
 facet normal -4.558231e-01  8.900704e-01 -3.952707e-16
   outer loop
     vertex -4.679904e+00  8.837335e+00  1.800000e+01
     vertex -4.679904e+00  8.837335e+00  2.200000e+01
     vertex -4.435699e+00  8.962398e+00  2.200000e+01
   endloop
 endfacet
 facet normal -4.800697e-01  8.772303e-01 -3.895685e-16
   outer loop
     vertex -4.679904e+00  8.837335e+00  1.800000e+01
     vertex -4.920587e+00  8.705620e+00  2.200000e+01
     vertex -4.679904e+00  8.837335e+00  2.200000e+01
   endloop
 endfacet
 facet normal -4.800697e-01  8.772303e-01 -3.895685e-16
   outer loop
     vertex -4.920587e+00  8.705620e+00  1.800000e+01
     vertex -4.920587e+00  8.705620e+00  2.200000e+01
     vertex -4.679904e+00  8.837335e+00  1.800000e+01
   endloop
 endfacet
 facet normal -5.039550e-01  8.637299e-01 -3.835731e-16
   outer loop
     vertex -4.920587e+00  8.705620e+00  1.800000e+01
     vertex -5.157565e+00  8.567352e+00  2.200000e+01
     vertex -4.920587e+00  8.705620e+00  2.200000e+01
   endloop
 endfacet
 facet normal -5.039550e-01  8.637299e-01 -3.835731e-16
   outer loop
     vertex -5.157565e+00  8.567352e+00  1.800000e+01
     vertex -5.157565e+00  8.567352e+00  2.200000e+01
     vertex -4.920587e+00  8.705620e+00  1.800000e+01
   endloop
 endfacet
 facet normal -5.274609e-01  8.495793e-01 -3.772890e-16
   outer loop
     vertex -5.157565e+00  8.567352e+00  1.800000e+01
     vertex -5.390661e+00  8.422635e+00  2.200000e+01
     vertex -5.157565e+00  8.567352e+00  2.200000e+01
   endloop
 endfacet
 facet normal -5.274609e-01  8.495793e-01 -3.772890e-16
   outer loop
     vertex -5.390661e+00  8.422635e+00  1.800000e+01
     vertex -5.390661e+00  8.422635e+00  2.200000e+01
     vertex -5.157565e+00  8.567352e+00  1.800000e+01
   endloop
 endfacet
 facet normal -5.505698e-01  8.347891e-01 -3.710329e-16
   outer loop
     vertex -5.619699e+00  8.271577e+00  1.800000e+01
     vertex -5.390661e+00  8.422635e+00  2.200000e+01
     vertex -5.390661e+00  8.422635e+00  1.800000e+01
   endloop
 endfacet
 facet normal -5.505698e-01  8.347891e-01 -3.707208e-16
   outer loop
     vertex -5.619699e+00  8.271577e+00  1.800000e+01
     vertex -5.619699e+00  8.271577e+00  2.200000e+01
     vertex -5.390661e+00  8.422635e+00  2.200000e+01
   endloop
 endfacet
 facet normal -5.732642e-01  8.193706e-01 -3.638736e-16
   outer loop
     vertex -5.844507e+00  8.114292e+00  1.800000e+01
     vertex -5.844507e+00  8.114292e+00  2.200000e+01
     vertex -5.619699e+00  8.271577e+00  2.200000e+01
   endloop
 endfacet
 facet normal -5.732642e-01  8.193706e-01 -3.632965e-16
   outer loop
     vertex -5.844507e+00  8.114292e+00  1.800000e+01
     vertex -5.619699e+00  8.271577e+00  2.200000e+01
     vertex -5.619699e+00  8.271577e+00  1.800000e+01
   endloop
 endfacet
 facet normal -5.955271e-01  8.033352e-01 -3.567525e-16
   outer loop
     vertex -5.844507e+00  8.114292e+00  1.800000e+01
     vertex -6.064915e+00  7.950900e+00  2.200000e+01
     vertex -5.844507e+00  8.114292e+00  2.200000e+01
   endloop
 endfacet
 facet normal -5.955271e-01  8.033352e-01  0.000000e+00
   outer loop
     vertex -6.064915e+00  7.950900e+00  1.800000e+01
     vertex -6.064915e+00  7.950900e+00  2.200000e+01
     vertex -5.844507e+00  8.114292e+00  1.800000e+01
   endloop
 endfacet
 facet normal -6.173417e-01  7.866951e-01 -3.493628e-16
   outer loop
     vertex -6.280757e+00  7.781522e+00  1.800000e+01
     vertex -6.280757e+00  7.781522e+00  2.200000e+01
     vertex -6.064915e+00  7.950900e+00  2.200000e+01
   endloop
 endfacet
 facet normal -6.386916e-01  7.694628e-01 -3.417101e-16
   outer loop
     vertex -6.280757e+00  7.781522e+00  1.800000e+01
     vertex -6.491872e+00  7.606287e+00  2.200000e+01
     vertex -6.280757e+00  7.781522e+00  2.200000e+01
   endloop
 endfacet
 facet normal -6.173417e-01  7.866951e-01 -1.140265e-18
   outer loop
     vertex -6.280757e+00  7.781522e+00  1.800000e+01
     vertex -6.064915e+00  7.950900e+00  2.200000e+01
     vertex -6.064915e+00  7.950900e+00  1.800000e+01
   endloop
 endfacet
 facet normal -6.386916e-01  7.694628e-01  0.000000e+00
   outer loop
     vertex -6.491872e+00  7.606287e+00  1.800000e+01
     vertex -6.491872e+00  7.606287e+00  2.200000e+01
     vertex -6.280757e+00  7.781522e+00  1.800000e+01
   endloop
 endfacet
 facet normal -6.595607e-01  7.516513e-01  0.000000e+00
   outer loop
     vertex -6.698100e+00  7.425325e+00  1.800000e+01
     vertex -6.698100e+00  7.425325e+00  2.200000e+01
     vertex -6.491872e+00  7.606287e+00  2.200000e+01
   endloop
 endfacet
 facet normal -6.595607e-01  7.516513e-01 -6.125850e-19
   outer loop
     vertex -6.698100e+00  7.425325e+00  1.800000e+01
     vertex -6.491872e+00  7.606287e+00  2.200000e+01
     vertex -6.491872e+00  7.606287e+00  1.800000e+01
   endloop
 endfacet
 facet normal -6.799333e-01  7.332740e-01  0.000000e+00
   outer loop
     vertex -6.899286e+00  7.238775e+00  1.800000e+01
     vertex -6.899286e+00  7.238775e+00  2.200000e+01
     vertex -6.698100e+00  7.425325e+00  2.200000e+01
   endloop
 endfacet
 facet normal -6.799333e-01  7.332740e-01 -1.627940e-18
   outer loop
     vertex -6.899286e+00  7.238775e+00  1.800000e+01
     vertex -6.698100e+00  7.425325e+00  2.200000e+01
     vertex -6.698100e+00  7.425325e+00  1.800000e+01
   endloop
 endfacet
 facet normal -6.997940e-01  7.143447e-01 -3.172328e-16
   outer loop
     vertex -7.095278e+00  7.046775e+00  1.800000e+01
     vertex -7.095278e+00  7.046775e+00  2.200000e+01
     vertex -6.899286e+00  7.238775e+00  2.200000e+01
   endloop
 endfacet
 facet normal -7.191280e-01  6.948776e-01 -3.085877e-16
   outer loop
     vertex -7.095278e+00  7.046775e+00  1.800000e+01
     vertex -7.285929e+00  6.849470e+00  2.200000e+01
     vertex -7.095278e+00  7.046775e+00  2.200000e+01
   endloop
 endfacet
 facet normal -6.997940e-01  7.143447e-01 -1.974006e-18
   outer loop
     vertex -7.095278e+00  7.046775e+00  1.800000e+01
     vertex -6.899286e+00  7.238775e+00  2.200000e+01
     vertex -6.899286e+00  7.238775e+00  1.800000e+01
   endloop
 endfacet
 facet normal -7.191280e-01  6.948776e-01 -3.085877e-16
   outer loop
     vertex -7.285929e+00  6.849470e+00  1.800000e+01
     vertex -7.285929e+00  6.849470e+00  2.200000e+01
     vertex -7.095278e+00  7.046775e+00  1.800000e+01
   endloop
 endfacet
 facet normal -7.379206e-01  6.748875e-01 -2.997103e-16
   outer loop
     vertex -7.285929e+00  6.849470e+00  1.800000e+01
     vertex -7.471095e+00  6.647010e+00  2.200000e+01
     vertex -7.285929e+00  6.849470e+00  2.200000e+01
   endloop
 endfacet
 facet normal -7.379206e-01  6.748875e-01 -2.997103e-16
   outer loop
     vertex -7.471095e+00  6.647010e+00  1.800000e+01
     vertex -7.471095e+00  6.647010e+00  2.200000e+01
     vertex -7.285929e+00  6.849470e+00  1.800000e+01
   endloop
 endfacet
 facet normal -7.561578e-01  6.543893e-01 -2.883070e-16
   outer loop
     vertex -7.650637e+00  6.439545e+00  1.800000e+01
     vertex -7.471095e+00  6.647010e+00  2.200000e+01
     vertex -7.471095e+00  6.647010e+00  1.800000e+01
   endloop
 endfacet
 facet normal -7.561578e-01  6.543893e-01  0.000000e+00
   outer loop
     vertex -7.650637e+00  6.439545e+00  1.800000e+01
     vertex -7.650637e+00  6.439545e+00  2.200000e+01
     vertex -7.471095e+00  6.647010e+00  2.200000e+01
   endloop
 endfacet
 facet normal -7.738257e-01  6.333986e-01 -3.123406e-18
   outer loop
     vertex -7.824421e+00  6.227234e+00  1.800000e+01
     vertex -7.650637e+00  6.439545e+00  2.200000e+01
     vertex -7.650637e+00  6.439545e+00  1.800000e+01
   endloop
 endfacet
 facet normal -7.738257e-01  6.333986e-01 -2.812855e-16
   outer loop
     vertex -7.824421e+00  6.227234e+00  1.800000e+01
     vertex -7.824421e+00  6.227234e+00  2.200000e+01
     vertex -7.650637e+00  6.439545e+00  2.200000e+01
   endloop
 endfacet
 facet normal -7.909112e-01  6.119310e-01 -2.743179e-16
   outer loop
     vertex -7.992314e+00  6.010234e+00  1.800000e+01
     vertex -7.824421e+00  6.227234e+00  2.200000e+01
     vertex -7.824421e+00  6.227234e+00  1.800000e+01
   endloop
 endfacet
 facet normal -7.909112e-01  6.119310e-01 -2.717520e-16
   outer loop
     vertex -7.992314e+00  6.010234e+00  1.800000e+01
     vertex -7.992314e+00  6.010234e+00  2.200000e+01
     vertex -7.824421e+00  6.227234e+00  2.200000e+01
   endloop
 endfacet
 facet normal -8.074012e-01  5.900028e-01 -2.620139e-16
   outer loop
     vertex -7.992314e+00  6.010234e+00  1.800000e+01
     vertex -8.154191e+00  5.788711e+00  2.200000e+01
     vertex -7.992314e+00  6.010234e+00  2.200000e+01
   endloop
 endfacet
 facet normal -8.074012e-01  5.900028e-01 -2.620139e-16
   outer loop
     vertex -8.154191e+00  5.788711e+00  1.800000e+01
     vertex -8.154191e+00  5.788711e+00  2.200000e+01
     vertex -7.992314e+00  6.010234e+00  1.800000e+01
   endloop
 endfacet
 facet normal -8.232835e-01  5.676304e-01 -2.498965e-16
   outer loop
     vertex -8.309929e+00  5.562829e+00  1.800000e+01
     vertex -8.154191e+00  5.788711e+00  2.200000e+01
     vertex -8.154191e+00  5.788711e+00  1.800000e+01
   endloop
 endfacet
 facet normal -8.232835e-01  5.676304e-01 -2.520785e-16
   outer loop
     vertex -8.309929e+00  5.562829e+00  1.800000e+01
     vertex -8.309929e+00  5.562829e+00  2.200000e+01
     vertex -8.154191e+00  5.788711e+00  2.200000e+01
   endloop
 endfacet
 facet normal -8.385460e-01  5.448308e-01 -2.411451e-16
   outer loop
     vertex -8.459413e+00  5.332761e+00  1.800000e+01
     vertex -8.309929e+00  5.562829e+00  2.200000e+01
     vertex -8.309929e+00  5.562829e+00  1.800000e+01
   endloop
 endfacet
 facet normal -8.385460e-01  5.448308e-01 -2.419535e-16
   outer loop
     vertex -8.459413e+00  5.332761e+00  1.800000e+01
     vertex -8.459413e+00  5.332761e+00  2.200000e+01
     vertex -8.309929e+00  5.562829e+00  2.200000e+01
   endloop
 endfacet
 facet normal -8.531773e-01  5.216210e-01 -2.285119e-16
   outer loop
     vertex -8.602528e+00  5.098678e+00  1.800000e+01
     vertex -8.459413e+00  5.332761e+00  2.200000e+01
     vertex -8.459413e+00  5.332761e+00  1.800000e+01
   endloop
 endfacet
 facet normal -8.531773e-01  5.216210e-01 -2.316463e-16
   outer loop
     vertex -8.602528e+00  5.098678e+00  1.800000e+01
     vertex -8.602528e+00  5.098678e+00  2.200000e+01
     vertex -8.459413e+00  5.332761e+00  2.200000e+01
   endloop
 endfacet
 facet normal -8.671664e-01  4.980186e-01 -2.241789e-16
   outer loop
     vertex -8.739167e+00  4.860756e+00  1.800000e+01
     vertex -8.602528e+00  5.098678e+00  2.200000e+01
     vertex -8.602528e+00  5.098678e+00  1.800000e+01
   endloop
 endfacet
 facet normal -8.671664e-01  4.980186e-01 -2.211647e-16
   outer loop
     vertex -8.739167e+00  4.860756e+00  1.800000e+01
     vertex -8.739167e+00  4.860756e+00  2.200000e+01
     vertex -8.602528e+00  5.098678e+00  2.200000e+01
   endloop
 endfacet
 facet normal -8.805026e-01  4.740412e-01 -2.120300e-16
   outer loop
     vertex -8.869228e+00  4.619176e+00  1.800000e+01
     vertex -8.739167e+00  4.860756e+00  2.200000e+01
     vertex -8.739167e+00  4.860756e+00  1.800000e+01
   endloop
 endfacet
 facet normal -8.805026e-01  4.740412e-01 -2.105166e-16
   outer loop
     vertex -8.869228e+00  4.619176e+00  1.800000e+01
     vertex -8.869228e+00  4.619176e+00  2.200000e+01
     vertex -8.739167e+00  4.860756e+00  2.200000e+01
   endloop
 endfacet
 facet normal -8.931761e-01  4.497071e-01 -2.012557e-16
   outer loop
     vertex -8.992613e+00  4.374119e+00  1.800000e+01
     vertex -8.869228e+00  4.619176e+00  2.200000e+01
     vertex -8.869228e+00  4.619176e+00  1.800000e+01
   endloop
 endfacet
 facet normal -8.931761e-01  4.497071e-01 -1.997101e-16
   outer loop
     vertex -8.992613e+00  4.374119e+00  1.800000e+01
     vertex -8.992613e+00  4.374119e+00  2.200000e+01
     vertex -8.869228e+00  4.619176e+00  2.200000e+01
   endloop
 endfacet
 facet normal -9.051772e-01  4.250344e-01 -1.874843e-16
   outer loop
     vertex -9.109228e+00  4.125769e+00  1.800000e+01
     vertex -8.992613e+00  4.374119e+00  2.200000e+01
     vertex -8.992613e+00  4.374119e+00  1.800000e+01
   endloop
 endfacet
 facet normal -9.051772e-01  4.250344e-01 -1.887532e-16
   outer loop
     vertex -9.109228e+00  4.125769e+00  1.800000e+01
     vertex -9.109228e+00  4.125769e+00  2.200000e+01
     vertex -8.992613e+00  4.374119e+00  2.200000e+01
   endloop
 endfacet
 facet normal -9.271267e-01  3.747479e-01 -8.321075e-17
   outer loop
     vertex -9.218986e+00  3.874313e+00  1.800000e+01
     vertex -9.321804e+00  3.619940e+00  2.200000e+01
     vertex -9.218986e+00  3.874313e+00  2.200000e+01
   endloop
 endfacet
 facet normal -9.164969e-01  4.000417e-01 -1.787639e-16
   outer loop
     vertex -9.218986e+00  3.874313e+00  1.800000e+01
     vertex -9.109228e+00  4.125769e+00  2.200000e+01
     vertex -9.109228e+00  4.125769e+00  1.800000e+01
   endloop
 endfacet
 facet normal -9.164969e-01  4.000417e-01 -8.882710e-17
   outer loop
     vertex -9.218986e+00  3.874313e+00  1.800000e+01
     vertex -9.218986e+00  3.874313e+00  2.200000e+01
     vertex -9.109228e+00  4.125769e+00  2.200000e+01
   endloop
 endfacet
 facet normal -9.271267e-01  3.747479e-01 -8.321075e-17
   outer loop
     vertex -9.321804e+00  3.619940e+00  1.800000e+01
     vertex -9.321804e+00  3.619940e+00  2.200000e+01
     vertex -9.218986e+00  3.874313e+00  1.800000e+01
   endloop
 endfacet
 facet normal -9.370586e-01  3.491720e-01 -7.753177e-17
   outer loop
     vertex -9.417605e+00  3.362843e+00  1.800000e+01
     vertex -9.417605e+00  3.362843e+00  2.200000e+01
     vertex -9.321804e+00  3.619940e+00  2.200000e+01
   endloop
 endfacet
 facet normal -9.370586e-01  3.491720e-01 -7.872563e-17
   outer loop
     vertex -9.417605e+00  3.362843e+00  1.800000e+01
     vertex -9.321804e+00  3.619940e+00  2.200000e+01
     vertex -9.321804e+00  3.619940e+00  1.800000e+01
   endloop
 endfacet
 facet normal -9.462851e-01  3.233333e-01 -7.179441e-17
   outer loop
     vertex -9.506317e+00  3.103214e+00  1.800000e+01
     vertex -9.506317e+00  3.103214e+00  2.200000e+01
     vertex -9.417605e+00  3.362843e+00  2.200000e+01
   endloop
 endfacet
 facet normal -9.462851e-01  3.233333e-01 -7.104219e-17
   outer loop
     vertex -9.506317e+00  3.103214e+00  1.800000e+01
     vertex -9.417605e+00  3.362843e+00  2.200000e+01
     vertex -9.417605e+00  3.362843e+00  1.800000e+01
   endloop
 endfacet
 facet normal -9.547993e-01  2.972512e-01 -6.600302e-17
   outer loop
     vertex -9.587873e+00  2.841250e+00  1.800000e+01
     vertex -9.587873e+00  2.841250e+00  2.200000e+01
     vertex -9.506317e+00  3.103214e+00  2.200000e+01
   endloop
 endfacet
 facet normal -9.625948e-01  2.709453e-01 -6.016194e-17
   outer loop
     vertex -9.587873e+00  2.841250e+00  1.800000e+01
     vertex -9.662211e+00  2.577146e+00  2.200000e+01
     vertex -9.587873e+00  2.841250e+00  2.200000e+01
   endloop
 endfacet
 facet normal -9.547993e-01  2.972512e-01 -6.470662e-17
   outer loop
     vertex -9.587873e+00  2.841250e+00  1.800000e+01
     vertex -9.506317e+00  3.103214e+00  2.200000e+01
     vertex -9.506317e+00  3.103214e+00  1.800000e+01
   endloop
 endfacet
 facet normal -9.625948e-01  2.709453e-01 -6.016194e-17
   outer loop
     vertex -9.662211e+00  2.577146e+00  1.800000e+01
     vertex -9.662211e+00  2.577146e+00  2.200000e+01
     vertex -9.587873e+00  2.841250e+00  1.800000e+01
   endloop
 endfacet
 facet normal -9.696656e-01  2.444354e-01 -5.427557e-17
   outer loop
     vertex -9.729276e+00  2.311102e+00  1.800000e+01
     vertex -9.729276e+00  2.311102e+00  2.200000e+01
     vertex -9.662211e+00  2.577146e+00  2.200000e+01
   endloop
 endfacet
 facet normal -9.696656e-01  2.444354e-01 -5.360093e-17
   outer loop
     vertex -9.729276e+00  2.311102e+00  1.800000e+01
     vertex -9.662211e+00  2.577146e+00  2.200000e+01
     vertex -9.662211e+00  2.577146e+00  1.800000e+01
   endloop
 endfacet
 facet normal -9.760065e-01  2.177416e-01 -4.834834e-17
   outer loop
     vertex -9.789017e+00  2.043319e+00  1.800000e+01
     vertex -9.789017e+00  2.043319e+00  2.200000e+01
     vertex -9.729276e+00  2.311102e+00  2.200000e+01
   endloop
 endfacet
 facet normal -9.760065e-01  2.177416e-01 -4.847639e-17
   outer loop
     vertex -9.789017e+00  2.043319e+00  1.800000e+01
     vertex -9.729276e+00  2.311102e+00  2.200000e+01
     vertex -9.729276e+00  2.311102e+00  1.800000e+01
   endloop
 endfacet
 facet normal -9.816126e-01  1.908838e-01 -4.238472e-17
   outer loop
     vertex -9.841389e+00  1.773998e+00  1.800000e+01
     vertex -9.841389e+00  1.773998e+00  2.200000e+01
     vertex -9.789017e+00  2.043319e+00  2.200000e+01
   endloop
 endfacet
 facet normal -9.864799e-01  1.638824e-01 -3.638919e-17
   outer loop
     vertex -9.841389e+00  1.773998e+00  1.800000e+01
     vertex -9.886353e+00  1.503341e+00  2.200000e+01
     vertex -9.841389e+00  1.773998e+00  2.200000e+01
   endloop
 endfacet
 facet normal -9.816126e-01  1.908838e-01 -4.175361e-17
   outer loop
     vertex -9.841389e+00  1.773998e+00  1.800000e+01
     vertex -9.789017e+00  2.043319e+00  2.200000e+01
     vertex -9.789017e+00  2.043319e+00  1.800000e+01
   endloop
 endfacet
 facet normal -9.906046e-01  1.367575e-01 -3.036627e-17
   outer loop
     vertex -9.886353e+00  1.503341e+00  1.800000e+01
     vertex -9.923874e+00  1.231552e+00  2.200000e+01
     vertex -9.886353e+00  1.503341e+00  2.200000e+01
   endloop
 endfacet
 facet normal -9.864799e-01  1.638824e-01 -3.638919e-17
   outer loop
     vertex -9.886353e+00  1.503341e+00  1.800000e+01
     vertex -9.886353e+00  1.503341e+00  2.200000e+01
     vertex -9.841389e+00  1.773998e+00  1.800000e+01
   endloop
 endfacet
 facet normal -9.906046e-01  1.367575e-01 -3.036627e-17
   outer loop
     vertex -9.923874e+00  1.231552e+00  1.800000e+01
     vertex -9.923874e+00  1.231552e+00  2.200000e+01
     vertex -9.886353e+00  1.503341e+00  1.800000e+01
   endloop
 endfacet
 facet normal -9.939835e-01  1.095298e-01 -2.500798e-17
   outer loop
     vertex -9.953925e+00  9.588368e-01  1.800000e+01
     vertex -9.923874e+00  1.231552e+00  2.200000e+01
     vertex -9.923874e+00  1.231552e+00  1.800000e+01
   endloop
 endfacet
 facet normal -9.939835e-01  1.095298e-01 -2.432049e-17
   outer loop
     vertex -9.953925e+00  9.588368e-01  1.800000e+01
     vertex -9.953925e+00  9.588368e-01  2.200000e+01
     vertex -9.923874e+00  1.231552e+00  2.200000e+01
   endloop
 endfacet
 facet normal -9.966142e-01  8.221955e-02 -1.795435e-17
   outer loop
     vertex -9.976484e+00  6.853995e-01  1.800000e+01
     vertex -9.953925e+00  9.588368e-01  2.200000e+01
     vertex -9.953925e+00  9.588368e-01  1.800000e+01
   endloop
 endfacet
 facet normal -9.966142e-01  8.221955e-02 -1.825641e-17
   outer loop
     vertex -9.976484e+00  6.853995e-01  1.800000e+01
     vertex -9.976484e+00  6.853995e-01  2.200000e+01
     vertex -9.953925e+00  9.588368e-01  2.200000e+01
   endloop
 endfacet
 facet normal -9.984947e-01  5.484744e-02 -1.188496e-17
   outer loop
     vertex -9.991532e+00  4.114462e-01  1.800000e+01
     vertex -9.976484e+00  6.853995e-01  2.200000e+01
     vertex -9.976484e+00  6.853995e-01  1.800000e+01
   endloop
 endfacet
 facet normal -9.984947e-01  5.484744e-02 -1.217858e-17
   outer loop
     vertex -9.991532e+00  4.114462e-01  1.800000e+01
     vertex -9.991532e+00  4.114462e-01  2.200000e+01
     vertex -9.976484e+00  6.853995e-01  2.200000e+01
   endloop
 endfacet
 facet normal -9.996236e-01  2.743405e-02 -6.091582e-18
   outer loop
     vertex -9.999059e+00  1.371831e-01  1.800000e+01
     vertex -9.999059e+00  1.371831e-01  2.200000e+01
     vertex -9.991532e+00  4.114462e-01  2.200000e+01
   endloop
 endfacet
 facet normal -9.996236e-01  2.743405e-02 -6.079562e-18
   outer loop
     vertex -9.999059e+00  1.371831e-01  1.800000e+01
     vertex -9.991532e+00  4.114462e-01  2.200000e+01
     vertex -9.991532e+00  4.114462e-01  1.800000e+01
   endloop
 endfacet
 facet normal -1.000000e+00 -6.474399e-15  1.437605e-30
   outer loop
     vertex -9.999059e+00 -1.371831e-01  1.800000e+01
     vertex -9.999059e+00 -1.371831e-01  2.200000e+01
     vertex -9.999059e+00  1.371831e-01  2.200000e+01
   endloop
 endfacet
 facet normal -1.000000e+00 -6.474399e-15  1.437605e-30
   outer loop
     vertex -9.999059e+00 -1.371831e-01  1.800000e+01
     vertex -9.999059e+00  1.371831e-01  2.200000e+01
     vertex -9.999059e+00  1.371831e-01  1.800000e+01
   endloop
 endfacet
 facet normal -9.996236e-01 -2.743405e-02  6.091582e-18
   outer loop
     vertex -9.991532e+00 -4.114462e-01  1.800000e+01
     vertex -9.991532e+00 -4.114462e-01  2.200000e+01
     vertex -9.999059e+00 -1.371831e-01  2.200000e+01
   endloop
 endfacet
 facet normal -9.996236e-01 -2.743405e-02  5.914414e-18
   outer loop
     vertex -9.991532e+00 -4.114462e-01  1.800000e+01
     vertex -9.999059e+00 -1.371831e-01  2.200000e+01
     vertex -9.999059e+00 -1.371831e-01  1.800000e+01
   endloop
 endfacet
 facet normal -9.984947e-01 -5.484744e-02  1.217858e-17
   outer loop
     vertex -9.976484e+00 -6.853995e-01  1.800000e+01
     vertex -9.976484e+00 -6.853995e-01  2.200000e+01
     vertex -9.991532e+00 -4.114462e-01  2.200000e+01
   endloop
 endfacet
 facet normal -9.984947e-01 -5.484744e-02  1.254323e-17
   outer loop
     vertex -9.976484e+00 -6.853995e-01  1.800000e+01
     vertex -9.991532e+00 -4.114462e-01  2.200000e+01
     vertex -9.991532e+00 -4.114462e-01  1.800000e+01
   endloop
 endfacet
 facet normal -9.966142e-01 -8.221955e-02  1.825641e-17
   outer loop
     vertex -9.953925e+00 -9.588368e-01  1.800000e+01
     vertex -9.953925e+00 -9.588368e-01  2.200000e+01
     vertex -9.976484e+00 -6.853995e-01  2.200000e+01
   endloop
 endfacet
 facet normal -9.939835e-01 -1.095298e-01  2.432049e-17
   outer loop
     vertex -9.953925e+00 -9.588368e-01  1.800000e+01
     vertex -9.923874e+00 -1.231552e+00  2.200000e+01
     vertex -9.953925e+00 -9.588368e-01  2.200000e+01
   endloop
 endfacet
 facet normal -9.966142e-01 -8.221955e-02  1.786564e-17
   outer loop
     vertex -9.953925e+00 -9.588368e-01  1.800000e+01
     vertex -9.976484e+00 -6.853995e-01  2.200000e+01
     vertex -9.976484e+00 -6.853995e-01  1.800000e+01
   endloop
 endfacet
 facet normal -9.939835e-01 -1.095298e-01  2.432049e-17
   outer loop
     vertex -9.923874e+00 -1.231552e+00  1.800000e+01
     vertex -9.923874e+00 -1.231552e+00  2.200000e+01
     vertex -9.953925e+00 -9.588368e-01  1.800000e+01
   endloop
 endfacet
 facet normal -9.906046e-01 -1.367575e-01  3.036627e-17
   outer loop
     vertex -9.886353e+00 -1.503341e+00  1.800000e+01
     vertex -9.886353e+00 -1.503341e+00  2.200000e+01
     vertex -9.923874e+00 -1.231552e+00  2.200000e+01
   endloop
 endfacet
 facet normal -9.906046e-01 -1.367575e-01  3.091371e-17
   outer loop
     vertex -9.886353e+00 -1.503341e+00  1.800000e+01
     vertex -9.923874e+00 -1.231552e+00  2.200000e+01
     vertex -9.923874e+00 -1.231552e+00  1.800000e+01
   endloop
 endfacet
 facet normal -9.864799e-01 -1.638824e-01  3.638919e-17
   outer loop
     vertex -9.841389e+00 -1.773998e+00  1.800000e+01
     vertex -9.841389e+00 -1.773998e+00  2.200000e+01
     vertex -9.886353e+00 -1.503341e+00  2.200000e+01
   endloop
 endfacet
 facet normal -9.864799e-01 -1.638824e-01  3.641644e-17
   outer loop
     vertex -9.841389e+00 -1.773998e+00  1.800000e+01
     vertex -9.886353e+00 -1.503341e+00  2.200000e+01
     vertex -9.886353e+00 -1.503341e+00  1.800000e+01
   endloop
 endfacet
 facet normal -9.816126e-01 -1.908838e-01  4.238472e-17
   outer loop
     vertex -9.789017e+00 -2.043319e+00  1.800000e+01
     vertex -9.789017e+00 -2.043319e+00  2.200000e+01
     vertex -9.841389e+00 -1.773998e+00  2.200000e+01
   endloop
 endfacet
 facet normal -9.816126e-01 -1.908838e-01  4.180003e-17
   outer loop
     vertex -9.789017e+00 -2.043319e+00  1.800000e+01
     vertex -9.841389e+00 -1.773998e+00  2.200000e+01
     vertex -9.841389e+00 -1.773998e+00  1.800000e+01
   endloop
 endfacet
 facet normal -9.760065e-01 -2.177416e-01  4.834834e-17
   outer loop
     vertex -9.729276e+00 -2.311102e+00  1.800000e+01
     vertex -9.729276e+00 -2.311102e+00  2.200000e+01
     vertex -9.789017e+00 -2.043319e+00  2.200000e+01
   endloop
 endfacet
 facet normal -9.760065e-01 -2.177416e-01  4.702788e-17
   outer loop
     vertex -9.729276e+00 -2.311102e+00  1.800000e+01
     vertex -9.789017e+00 -2.043319e+00  2.200000e+01
     vertex -9.789017e+00 -2.043319e+00  1.800000e+01
   endloop
 endfacet
 facet normal -9.696656e-01 -2.444354e-01  5.427557e-17
   outer loop
     vertex -9.662211e+00 -2.577146e+00  1.800000e+01
     vertex -9.662211e+00 -2.577146e+00  2.200000e+01
     vertex -9.729276e+00 -2.311102e+00  2.200000e+01
   endloop
 endfacet
 facet normal -9.696656e-01 -2.444354e-01  5.292346e-17
   outer loop
     vertex -9.662211e+00 -2.577146e+00  1.800000e+01
     vertex -9.729276e+00 -2.311102e+00  2.200000e+01
     vertex -9.729276e+00 -2.311102e+00  1.800000e+01
   endloop
 endfacet
 facet normal -9.625948e-01 -2.709453e-01  6.016194e-17
   outer loop
     vertex -9.587873e+00 -2.841250e+00  1.800000e+01
     vertex -9.587873e+00 -2.841250e+00  2.200000e+01
     vertex -9.662211e+00 -2.577146e+00  2.200000e+01
   endloop
 endfacet
 facet normal -9.625948e-01 -2.709453e-01  6.103322e-17
   outer loop
     vertex -9.587873e+00 -2.841250e+00  1.800000e+01
     vertex -9.662211e+00 -2.577146e+00  2.200000e+01
     vertex -9.662211e+00 -2.577146e+00  1.800000e+01
   endloop
 endfacet
 facet normal -9.547993e-01 -2.972512e-01  6.600302e-17
   outer loop
     vertex -9.506317e+00 -3.103214e+00  1.800000e+01
     vertex -9.506317e+00 -3.103214e+00  2.200000e+01
     vertex -9.587873e+00 -2.841250e+00  2.200000e+01
   endloop
 endfacet
 facet normal -9.547993e-01 -2.972512e-01  6.531181e-17
   outer loop
     vertex -9.506317e+00 -3.103214e+00  1.800000e+01
     vertex -9.587873e+00 -2.841250e+00  2.200000e+01
     vertex -9.587873e+00 -2.841250e+00  1.800000e+01
   endloop
 endfacet
 facet normal -9.462851e-01 -3.233333e-01  7.179441e-17
   outer loop
     vertex -9.417605e+00 -3.362843e+00  1.800000e+01
     vertex -9.417605e+00 -3.362843e+00  2.200000e+01
     vertex -9.506317e+00 -3.103214e+00  2.200000e+01
   endloop
 endfacet
 facet normal -9.462851e-01 -3.233333e-01  7.238633e-17
   outer loop
     vertex -9.417605e+00 -3.362843e+00  1.800000e+01
     vertex -9.506317e+00 -3.103214e+00  2.200000e+01
     vertex -9.506317e+00 -3.103214e+00  1.800000e+01
   endloop
 endfacet
 facet normal -9.370586e-01 -3.491720e-01  7.753177e-17
   outer loop
     vertex -9.321804e+00 -3.619940e+00  1.800000e+01
     vertex -9.321804e+00 -3.619940e+00  2.200000e+01
     vertex -9.417605e+00 -3.362843e+00  2.200000e+01
   endloop
 endfacet
 facet normal -9.271267e-01 -3.747479e-01  8.321075e-17
   outer loop
     vertex -9.321804e+00 -3.619940e+00  1.800000e+01
     vertex -9.218986e+00 -3.874313e+00  2.200000e+01
     vertex -9.321804e+00 -3.619940e+00  2.200000e+01
   endloop
 endfacet
 facet normal -9.370586e-01 -3.491720e-01  7.637809e-17
   outer loop
     vertex -9.321804e+00 -3.619940e+00  1.800000e+01
     vertex -9.417605e+00 -3.362843e+00  2.200000e+01
     vertex -9.417605e+00 -3.362843e+00  1.800000e+01
   endloop
 endfacet
 facet normal -9.271267e-01 -3.747479e-01  8.321075e-17
   outer loop
     vertex -9.218986e+00 -3.874313e+00  1.800000e+01
     vertex -9.218986e+00 -3.874313e+00  2.200000e+01
     vertex -9.321804e+00 -3.619940e+00  1.800000e+01
   endloop
 endfacet
 facet normal -9.164969e-01 -4.000417e-01  1.776542e-16
   outer loop
     vertex -9.109228e+00 -4.125769e+00  1.800000e+01
     vertex -9.109228e+00 -4.125769e+00  2.200000e+01
     vertex -9.218986e+00 -3.874313e+00  2.200000e+01
   endloop
 endfacet
 facet normal -9.164969e-01 -4.000417e-01  8.758029e-17
   outer loop
     vertex -9.109228e+00 -4.125769e+00  1.800000e+01
     vertex -9.218986e+00 -3.874313e+00  2.200000e+01
     vertex -9.218986e+00 -3.874313e+00  1.800000e+01
   endloop
 endfacet
 facet normal -9.051772e-01 -4.250344e-01  1.887532e-16
   outer loop
     vertex -8.992613e+00 -4.374119e+00  1.800000e+01
     vertex -8.992613e+00 -4.374119e+00  2.200000e+01
     vertex -9.109228e+00 -4.125769e+00  2.200000e+01
   endloop
 endfacet
 facet normal -9.051772e-01 -4.250344e-01  1.892283e-16
   outer loop
     vertex -8.992613e+00 -4.374119e+00  1.800000e+01
     vertex -9.109228e+00 -4.125769e+00  2.200000e+01
     vertex -9.109228e+00 -4.125769e+00  1.800000e+01
   endloop
 endfacet
 facet normal -8.931761e-01 -4.497071e-01  1.997101e-16
   outer loop
     vertex -8.869228e+00 -4.619176e+00  1.800000e+01
     vertex -8.869228e+00 -4.619176e+00  2.200000e+01
     vertex -8.992613e+00 -4.374119e+00  2.200000e+01
   endloop
 endfacet
 facet normal -8.805026e-01 -4.740412e-01  2.105166e-16
   outer loop
     vertex -8.869228e+00 -4.619176e+00  1.800000e+01
     vertex -8.739167e+00 -4.860756e+00  2.200000e+01
     vertex -8.869228e+00 -4.619176e+00  2.200000e+01
   endloop
 endfacet
 facet normal -8.931761e-01 -4.497071e-01  2.003182e-16
   outer loop
     vertex -8.869228e+00 -4.619176e+00  1.800000e+01
     vertex -8.992613e+00 -4.374119e+00  2.200000e+01
     vertex -8.992613e+00 -4.374119e+00  1.800000e+01
   endloop
 endfacet
 facet normal -8.671664e-01 -4.980186e-01  2.211647e-16
   outer loop
     vertex -8.739167e+00 -4.860756e+00  1.800000e+01
     vertex -8.602528e+00 -5.098678e+00  2.200000e+01
     vertex -8.739167e+00 -4.860756e+00  2.200000e+01
   endloop
 endfacet
 facet normal -8.805026e-01 -4.740412e-01  2.105166e-16
   outer loop
     vertex -8.739167e+00 -4.860756e+00  1.800000e+01
     vertex -8.739167e+00 -4.860756e+00  2.200000e+01
     vertex -8.869228e+00 -4.619176e+00  1.800000e+01
   endloop
 endfacet
 facet normal -8.671664e-01 -4.980186e-01  0.000000e+00
   outer loop
     vertex -8.602528e+00 -5.098678e+00  1.800000e+01
     vertex -8.602528e+00 -5.098678e+00  2.200000e+01
     vertex -8.739167e+00 -4.860756e+00  1.800000e+01
   endloop
 endfacet
 facet normal -8.531773e-01 -5.216210e-01  2.316463e-16
   outer loop
     vertex -8.459413e+00 -5.332761e+00  1.800000e+01
     vertex -8.459413e+00 -5.332761e+00  2.200000e+01
     vertex -8.602528e+00 -5.098678e+00  2.200000e+01
   endloop
 endfacet
 facet normal -8.385460e-01 -5.448308e-01  2.419535e-16
   outer loop
     vertex -8.459413e+00 -5.332761e+00  1.800000e+01
     vertex -8.309929e+00 -5.562829e+00  2.200000e+01
     vertex -8.459413e+00 -5.332761e+00  2.200000e+01
   endloop
 endfacet
 facet normal -8.531773e-01 -5.216210e-01  1.368757e-18
   outer loop
     vertex -8.459413e+00 -5.332761e+00  1.800000e+01
     vertex -8.602528e+00 -5.098678e+00  2.200000e+01
     vertex -8.602528e+00 -5.098678e+00  1.800000e+01
   endloop
 endfacet
 facet normal -8.385460e-01 -5.448308e-01  2.419535e-16
   outer loop
     vertex -8.309929e+00 -5.562829e+00  1.800000e+01
     vertex -8.309929e+00 -5.562829e+00  2.200000e+01
     vertex -8.459413e+00 -5.332761e+00  1.800000e+01
   endloop
 endfacet
 facet normal -8.232835e-01 -5.676304e-01  2.501715e-16
   outer loop
     vertex -8.154191e+00 -5.788711e+00  1.800000e+01
     vertex -8.309929e+00 -5.562829e+00  2.200000e+01
     vertex -8.309929e+00 -5.562829e+00  1.800000e+01
   endloop
 endfacet
 facet normal -8.232835e-01 -5.676304e-01  0.000000e+00
   outer loop
     vertex -8.154191e+00 -5.788711e+00  1.800000e+01
     vertex -8.154191e+00 -5.788711e+00  2.200000e+01
     vertex -8.309929e+00 -5.562829e+00  2.200000e+01
   endloop
 endfacet
 facet normal -8.074012e-01 -5.900028e-01  0.000000e+00
   outer loop
     vertex -8.154191e+00 -5.788711e+00  1.800000e+01
     vertex -7.992314e+00 -6.010234e+00  2.200000e+01
     vertex -8.154191e+00 -5.788711e+00  2.200000e+01
   endloop
 endfacet
 facet normal -8.074012e-01 -5.900028e-01  2.620139e-16
   outer loop
     vertex -7.992314e+00 -6.010234e+00  1.800000e+01
     vertex -7.992314e+00 -6.010234e+00  2.200000e+01
     vertex -8.154191e+00 -5.788711e+00  1.800000e+01
   endloop
 endfacet
 facet normal -7.909112e-01 -6.119310e-01  2.692898e-16
   outer loop
     vertex -7.824421e+00 -6.227234e+00  1.800000e+01
     vertex -7.992314e+00 -6.010234e+00  2.200000e+01
     vertex -7.992314e+00 -6.010234e+00  1.800000e+01
   endloop
 endfacet
 facet normal -7.909112e-01 -6.119310e-01  0.000000e+00
   outer loop
     vertex -7.824421e+00 -6.227234e+00  1.800000e+01
     vertex -7.824421e+00 -6.227234e+00  2.200000e+01
     vertex -7.992314e+00 -6.010234e+00  2.200000e+01
   endloop
 endfacet
 facet normal -7.738257e-01 -6.333986e-01  0.000000e+00
   outer loop
     vertex -7.824421e+00 -6.227234e+00  1.800000e+01
     vertex -7.650637e+00 -6.439545e+00  2.200000e+01
     vertex -7.824421e+00 -6.227234e+00  2.200000e+01
   endloop
 endfacet
 facet normal -7.738257e-01 -6.333986e-01  2.812855e-16
   outer loop
     vertex -7.650637e+00 -6.439545e+00  1.800000e+01
     vertex -7.650637e+00 -6.439545e+00  2.200000e+01
     vertex -7.824421e+00 -6.227234e+00  1.800000e+01
   endloop
 endfacet
 facet normal -7.561578e-01 -6.543893e-01  2.908830e-16
   outer loop
     vertex -7.471095e+00 -6.647010e+00  1.800000e+01
     vertex -7.650637e+00 -6.439545e+00  2.200000e+01
     vertex -7.650637e+00 -6.439545e+00  1.800000e+01
   endloop
 endfacet
 facet normal -7.561578e-01 -6.543893e-01  0.000000e+00
   outer loop
     vertex -7.471095e+00 -6.647010e+00  1.800000e+01
     vertex -7.471095e+00 -6.647010e+00  2.200000e+01
     vertex -7.650637e+00 -6.439545e+00  2.200000e+01
   endloop
 endfacet
 facet normal -7.379206e-01 -6.748875e-01  1.795964e-18
   outer loop
     vertex -7.285929e+00 -6.849470e+00  1.800000e+01
     vertex -7.471095e+00 -6.647010e+00  2.200000e+01
     vertex -7.471095e+00 -6.647010e+00  1.800000e+01
   endloop
 endfacet
 facet normal -7.379206e-01 -6.748875e-01  0.000000e+00
   outer loop
     vertex -7.285929e+00 -6.849470e+00  1.800000e+01
     vertex -7.285929e+00 -6.849470e+00  2.200000e+01
     vertex -7.471095e+00 -6.647010e+00  2.200000e+01
   endloop
 endfacet
 facet normal -7.191280e-01 -6.948776e-01  1.952018e-18
   outer loop
     vertex -7.095278e+00 -7.046775e+00  1.800000e+01
     vertex -7.285929e+00 -6.849470e+00  2.200000e+01
     vertex -7.285929e+00 -6.849470e+00  1.800000e+01
   endloop
 endfacet
 facet normal -7.191280e-01 -6.948776e-01  3.085877e-16
   outer loop
     vertex -7.095278e+00 -7.046775e+00  1.800000e+01
     vertex -7.095278e+00 -7.046775e+00  2.200000e+01
     vertex -7.285929e+00 -6.849470e+00  2.200000e+01
   endloop
 endfacet
 facet normal -6.997940e-01 -7.143447e-01  3.182459e-16
   outer loop
     vertex -6.899286e+00 -7.238775e+00  1.800000e+01
     vertex -7.095278e+00 -7.046775e+00  2.200000e+01
     vertex -7.095278e+00 -7.046775e+00  1.800000e+01
   endloop
 endfacet
 facet normal -6.997940e-01 -7.143447e-01  3.172328e-16
   outer loop
     vertex -6.899286e+00 -7.238775e+00  1.800000e+01
     vertex -6.899286e+00 -7.238775e+00  2.200000e+01
     vertex -7.095278e+00 -7.046775e+00  2.200000e+01
   endloop
 endfacet
 facet normal -6.799333e-01 -7.332740e-01  3.256391e-16
   outer loop
     vertex -6.899286e+00 -7.238775e+00  1.800000e+01
     vertex -6.698100e+00 -7.425325e+00  2.200000e+01
     vertex -6.899286e+00 -7.238775e+00  2.200000e+01
   endloop
 endfacet
 facet normal -6.799333e-01 -7.332740e-01  0.000000e+00
   outer loop
     vertex -6.698100e+00 -7.425325e+00  1.800000e+01
     vertex -6.698100e+00 -7.425325e+00  2.200000e+01
     vertex -6.899286e+00 -7.238775e+00  1.800000e+01
   endloop
 endfacet
 facet normal -6.595607e-01 -7.516513e-01  0.000000e+00
   outer loop
     vertex -6.698100e+00 -7.425325e+00  1.800000e+01
     vertex -6.491872e+00 -7.606287e+00  2.200000e+01
     vertex -6.698100e+00 -7.425325e+00  2.200000e+01
   endloop
 endfacet
 facet normal -6.595607e-01 -7.516513e-01  3.338002e-16
   outer loop
     vertex -6.491872e+00 -7.606287e+00  1.800000e+01
     vertex -6.491872e+00 -7.606287e+00  2.200000e+01
     vertex -6.698100e+00 -7.425325e+00  1.800000e+01
   endloop
 endfacet
 facet normal -6.386916e-01 -7.694628e-01  3.403069e-16
   outer loop
     vertex -6.280757e+00 -7.781522e+00  1.800000e+01
     vertex -6.491872e+00 -7.606287e+00  2.200000e+01
     vertex -6.491872e+00 -7.606287e+00  1.800000e+01
   endloop
 endfacet
 facet normal -6.386916e-01 -7.694628e-01  0.000000e+00
   outer loop
     vertex -6.280757e+00 -7.781522e+00  1.800000e+01
     vertex -6.280757e+00 -7.781522e+00  2.200000e+01
     vertex -6.491872e+00 -7.606287e+00  2.200000e+01
   endloop
 endfacet
 facet normal -6.173417e-01 -7.866951e-01  0.000000e+00
   outer loop
     vertex -6.064915e+00 -7.950900e+00  1.800000e+01
     vertex -6.064915e+00 -7.950900e+00  2.200000e+01
     vertex -6.280757e+00 -7.781522e+00  2.200000e+01
   endloop
 endfacet
 facet normal -6.173417e-01 -7.866951e-01 -1.544589e-18
   outer loop
     vertex -6.064915e+00 -7.950900e+00  1.800000e+01
     vertex -6.280757e+00 -7.781522e+00  2.200000e+01
     vertex -6.280757e+00 -7.781522e+00  1.800000e+01
   endloop
 endfacet
 facet normal -5.955271e-01 -8.033352e-01  3.567525e-16
   outer loop
     vertex -5.844507e+00 -8.114292e+00  1.800000e+01
     vertex -5.844507e+00 -8.114292e+00  2.200000e+01
     vertex -6.064915e+00 -7.950900e+00  2.200000e+01
   endloop
 endfacet
 facet normal -5.955271e-01 -8.033352e-01 -1.431016e-18
   outer loop
     vertex -5.844507e+00 -8.114292e+00  1.800000e+01
     vertex -6.064915e+00 -7.950900e+00  2.200000e+01
     vertex -6.064915e+00 -7.950900e+00  1.800000e+01
   endloop
 endfacet
 facet normal -5.732642e-01 -8.193706e-01  3.638736e-16
   outer loop
     vertex -5.619699e+00 -8.271577e+00  1.800000e+01
     vertex -5.619699e+00 -8.271577e+00  2.200000e+01
     vertex -5.844507e+00 -8.114292e+00  2.200000e+01
   endloop
 endfacet
 facet normal -5.732642e-01 -8.193706e-01  3.659416e-16
   outer loop
     vertex -5.619699e+00 -8.271577e+00  1.800000e+01
     vertex -5.844507e+00 -8.114292e+00  2.200000e+01
     vertex -5.844507e+00 -8.114292e+00  1.800000e+01
   endloop
 endfacet
 facet normal -5.505698e-01 -8.347891e-01  3.707208e-16
   outer loop
     vertex -5.390661e+00 -8.422635e+00  1.800000e+01
     vertex -5.390661e+00 -8.422635e+00  2.200000e+01
     vertex -5.619699e+00 -8.271577e+00  2.200000e+01
   endloop
 endfacet
 facet normal -5.274609e-01 -8.495793e-01  3.772890e-16
   outer loop
     vertex -5.390661e+00 -8.422635e+00  1.800000e+01
     vertex -5.157565e+00 -8.567352e+00  2.200000e+01
     vertex -5.390661e+00 -8.422635e+00  2.200000e+01
   endloop
 endfacet
 facet normal -5.505698e-01 -8.347891e-01  3.707985e-16
   outer loop
     vertex -5.390661e+00 -8.422635e+00  1.800000e+01
     vertex -5.619699e+00 -8.271577e+00  2.200000e+01
     vertex -5.619699e+00 -8.271577e+00  1.800000e+01
   endloop
 endfacet
 facet normal -5.274609e-01 -8.495793e-01  3.772890e-16
   outer loop
     vertex -5.157565e+00 -8.567352e+00  1.800000e+01
     vertex -5.157565e+00 -8.567352e+00  2.200000e+01
     vertex -5.390661e+00 -8.422635e+00  1.800000e+01
   endloop
 endfacet
 facet normal -5.039550e-01 -8.637299e-01  3.835731e-16
   outer loop
     vertex -4.920587e+00 -8.705620e+00  1.800000e+01
     vertex -4.920587e+00 -8.705620e+00  2.200000e+01
     vertex -5.157565e+00 -8.567352e+00  2.200000e+01
   endloop
 endfacet
 facet normal -5.039550e-01 -8.637299e-01  3.831559e-16
   outer loop
     vertex -4.920587e+00 -8.705620e+00  1.800000e+01
     vertex -5.157565e+00 -8.567352e+00  2.200000e+01
     vertex -5.157565e+00 -8.567352e+00  1.800000e+01
   endloop
 endfacet
 facet normal -4.800697e-01 -8.772303e-01  3.895685e-16
   outer loop
     vertex -4.679904e+00 -8.837335e+00  1.800000e+01
     vertex -4.679904e+00 -8.837335e+00  2.200000e+01
     vertex -4.920587e+00 -8.705620e+00  2.200000e+01
   endloop
 endfacet
 facet normal -4.800697e-01 -8.772303e-01  3.919005e-16
   outer loop
     vertex -4.679904e+00 -8.837335e+00  1.800000e+01
     vertex -4.920587e+00 -8.705620e+00  2.200000e+01
     vertex -4.920587e+00 -8.705620e+00  1.800000e+01
   endloop
 endfacet
 facet normal -4.558231e-01 -8.900704e-01  3.952707e-16
   outer loop
     vertex -4.435699e+00 -8.962398e+00  1.800000e+01
     vertex -4.435699e+00 -8.962398e+00  2.200000e+01
     vertex -4.679904e+00 -8.837335e+00  2.200000e+01
   endloop
 endfacet
 facet normal -4.558231e-01 -8.900704e-01  3.938564e-16
   outer loop
     vertex -4.435699e+00 -8.962398e+00  1.800000e+01
     vertex -4.679904e+00 -8.837335e+00  2.200000e+01
     vertex -4.679904e+00 -8.837335e+00  1.800000e+01
   endloop
 endfacet
 facet normal -4.312333e-01 -9.022405e-01  4.006753e-16
   outer loop
     vertex -4.188155e+00 -9.080714e+00  1.800000e+01
     vertex -4.188155e+00 -9.080714e+00  2.200000e+01
     vertex -4.435699e+00 -8.962398e+00  2.200000e+01
   endloop
 endfacet
 facet normal -4.312333e-01 -9.022405e-01  4.011149e-16
   outer loop
     vertex -4.188155e+00 -9.080714e+00  1.800000e+01
     vertex -4.435699e+00 -8.962398e+00  2.200000e+01
     vertex -4.435699e+00 -8.962398e+00  1.800000e+01
   endloop
 endfacet
 facet normal -4.063188e-01 -9.137314e-01  4.057782e-16
   outer loop
     vertex -3.937458e+00 -9.192194e+00  1.800000e+01
     vertex -3.937458e+00 -9.192194e+00  2.200000e+01
     vertex -4.188155e+00 -9.080714e+00  2.200000e+01
   endloop
 endfacet
 facet normal -3.810986e-01 -9.245344e-01  4.105758e-16
   outer loop
     vertex -3.937458e+00 -9.192194e+00  1.800000e+01
     vertex -3.683796e+00 -9.296754e+00  2.200000e+01
     vertex -3.937458e+00 -9.192194e+00  2.200000e+01
   endloop
 endfacet
 facet normal -4.063188e-01 -9.137314e-01  4.060370e-16
   outer loop
     vertex -3.937458e+00 -9.192194e+00  1.800000e+01
     vertex -4.188155e+00 -9.080714e+00  2.200000e+01
     vertex -4.188155e+00 -9.080714e+00  1.800000e+01
   endloop
 endfacet
 facet normal -3.810986e-01 -9.245344e-01  4.105758e-16
   outer loop
     vertex -3.683796e+00 -9.296754e+00  1.800000e+01
     vertex -3.683796e+00 -9.296754e+00  2.200000e+01
     vertex -3.937458e+00 -9.192194e+00  1.800000e+01
   endloop
 endfacet
 facet normal -3.555914e-01 -9.346415e-01  4.150642e-16
   outer loop
     vertex -3.427362e+00 -9.394317e+00  1.800000e+01
     vertex -3.427362e+00 -9.394317e+00  2.200000e+01
     vertex -3.683796e+00 -9.296754e+00  2.200000e+01
   endloop
 endfacet
 facet normal -3.555914e-01 -9.346415e-01  4.159261e-16
   outer loop
     vertex -3.427362e+00 -9.394317e+00  1.800000e+01
     vertex -3.683796e+00 -9.296754e+00  2.200000e+01
     vertex -3.683796e+00 -9.296754e+00  1.800000e+01
   endloop
 endfacet
 facet normal -3.298166e-01 -9.440450e-01  4.192402e-16
   outer loop
     vertex -3.168348e+00 -9.484807e+00  1.800000e+01
     vertex -3.168348e+00 -9.484807e+00  2.200000e+01
     vertex -3.427362e+00 -9.394317e+00  2.200000e+01
   endloop
 endfacet
 facet normal -3.298166e-01 -9.440450e-01  4.203922e-16
   outer loop
     vertex -3.168348e+00 -9.484807e+00  1.800000e+01
     vertex -3.427362e+00 -9.394317e+00  2.200000e+01
     vertex -3.427362e+00 -9.394317e+00  1.800000e+01
   endloop
 endfacet
 facet normal -3.037934e-01 -9.527379e-01  4.231006e-16
   outer loop
     vertex -2.906949e+00 -9.568158e+00  1.800000e+01
     vertex -2.906949e+00 -9.568158e+00  2.200000e+01
     vertex -3.168348e+00 -9.484807e+00  2.200000e+01
   endloop
 endfacet
 facet normal -3.037934e-01 -9.527379e-01  4.223768e-16
   outer loop
     vertex -2.906949e+00 -9.568158e+00  1.800000e+01
     vertex -3.168348e+00 -9.484807e+00  2.200000e+01
     vertex -3.168348e+00 -9.484807e+00  1.800000e+01
   endloop
 endfacet
 facet normal -2.775416e-01 -9.607136e-01  4.280430e-16
   outer loop
     vertex -2.643362e+00 -9.644306e+00  1.800000e+01
     vertex -2.906949e+00 -9.568158e+00  2.200000e+01
     vertex -2.906949e+00 -9.568158e+00  1.800000e+01
   endloop
 endfacet
 facet normal -2.775416e-01 -9.607136e-01  4.266425e-16
   outer loop
     vertex -2.643362e+00 -9.644306e+00  1.800000e+01
     vertex -2.643362e+00 -9.644306e+00  2.200000e+01
     vertex -2.906949e+00 -9.568158e+00  2.200000e+01
   endloop
 endfacet
 facet normal -2.510809e-01 -9.679661e-01  4.298633e-16
   outer loop
     vertex -2.643362e+00 -9.644306e+00  1.800000e+01
     vertex -2.377784e+00 -9.713194e+00  2.200000e+01
     vertex -2.643362e+00 -9.644306e+00  2.200000e+01
   endloop
 endfacet
 facet normal -2.510809e-01 -9.679661e-01  4.298633e-16
   outer loop
     vertex -2.377784e+00 -9.713194e+00  1.800000e+01
     vertex -2.377784e+00 -9.713194e+00  2.200000e+01
     vertex -2.643362e+00 -9.644306e+00  1.800000e+01
   endloop
 endfacet
 facet normal -2.244312e-01 -9.744899e-01  4.312508e-16
   outer loop
     vertex -2.110417e+00 -9.774771e+00  1.800000e+01
     vertex -2.377784e+00 -9.713194e+00  2.200000e+01
     vertex -2.377784e+00 -9.713194e+00  1.800000e+01
   endloop
 endfacet
 facet normal -2.244312e-01 -9.744899e-01  4.327605e-16
   outer loop
     vertex -2.110417e+00 -9.774771e+00  1.800000e+01
     vertex -2.110417e+00 -9.774771e+00  2.200000e+01
     vertex -2.377784e+00 -9.713194e+00  2.200000e+01
   endloop
 endfacet
 facet normal -1.976125e-01 -9.802802e-01  4.353319e-16
   outer loop
     vertex -2.110417e+00 -9.774771e+00  1.800000e+01
     vertex -1.841461e+00 -9.828989e+00  2.200000e+01
     vertex -2.110417e+00 -9.774771e+00  2.200000e+01
   endloop
 endfacet
 facet normal -1.976125e-01 -9.802802e-01  4.353319e-16
   outer loop
     vertex -1.841461e+00 -9.828989e+00  1.800000e+01
     vertex -1.841461e+00 -9.828989e+00  2.200000e+01
     vertex -2.110417e+00 -9.774771e+00  1.800000e+01
   endloop
 endfacet
 facet normal -1.706451e-01 -9.853326e-01  4.368350e-16
   outer loop
     vertex -1.571119e+00 -9.875808e+00  1.800000e+01
     vertex -1.841461e+00 -9.828989e+00  2.200000e+01
     vertex -1.841461e+00 -9.828989e+00  1.800000e+01
   endloop
 endfacet
 facet normal -1.706451e-01 -9.853326e-01  4.375756e-16
   outer loop
     vertex -1.571119e+00 -9.875808e+00  1.800000e+01
     vertex -1.571119e+00 -9.875808e+00  2.200000e+01
     vertex -1.841461e+00 -9.828989e+00  2.200000e+01
   endloop
 endfacet
 facet normal -1.435492e-01 -9.896432e-01  4.394899e-16
   outer loop
     vertex -1.571119e+00 -9.875808e+00  1.800000e+01
     vertex -1.299594e+00 -9.915193e+00  2.200000e+01
     vertex -1.571119e+00 -9.875808e+00  2.200000e+01
   endloop
 endfacet
 facet normal -1.435492e-01 -9.896432e-01  4.394899e-16
   outer loop
     vertex -1.299594e+00 -9.915193e+00  1.800000e+01
     vertex -1.299594e+00 -9.915193e+00  2.200000e+01
     vertex -1.571119e+00 -9.875808e+00  1.800000e+01
   endloop
 endfacet
 facet normal -1.163452e-01 -9.932088e-01  4.417519e-16
   outer loop
     vertex -1.027091e+00 -9.947114e+00  1.800000e+01
     vertex -1.299594e+00 -9.915193e+00  2.200000e+01
     vertex -1.299594e+00 -9.915193e+00  1.800000e+01
   endloop
 endfacet
 facet normal -1.163452e-01 -9.932088e-01  4.410733e-16
   outer loop
     vertex -1.027091e+00 -9.947114e+00  1.800000e+01
     vertex -1.027091e+00 -9.947114e+00  2.200000e+01
     vertex -1.299594e+00 -9.915193e+00  2.200000e+01
   endloop
 endfacet
 facet normal -8.905371e-02 -9.960268e-01  4.423453e-16
   outer loop
     vertex -7.538152e-01 -9.971548e+00  1.800000e+01
     vertex -1.027091e+00 -9.947114e+00  2.200000e+01
     vertex -1.027091e+00 -9.947114e+00  1.800000e+01
   endloop
 endfacet
 facet normal -8.905371e-02 -9.960268e-01  4.423248e-16
   outer loop
     vertex -7.538152e-01 -9.971548e+00  1.800000e+01
     vertex -7.538152e-01 -9.971548e+00  2.200000e+01
     vertex -1.027091e+00 -9.947114e+00  2.200000e+01
   endloop
 endfacet
 facet normal -6.169515e-02 -9.980950e-01  4.432410e-16
   outer loop
     vertex -4.799716e-01 -9.988475e+00  1.800000e+01
     vertex -7.538152e-01 -9.971548e+00  2.200000e+01
     vertex -7.538152e-01 -9.971548e+00  1.800000e+01
   endloop
 endfacet
 facet normal -6.169515e-02 -9.980950e-01  4.432432e-16
   outer loop
     vertex -4.799716e-01 -9.988475e+00  1.800000e+01
     vertex -4.799716e-01 -9.988475e+00  2.200000e+01
     vertex -7.538152e-01 -9.971548e+00  2.200000e+01
   endloop
 endfacet
 facet normal -3.429014e-02 -9.994119e-01  4.440012e-16
   outer loop
     vertex -2.057667e-01 -9.997883e+00  1.800000e+01
     vertex -4.799716e-01 -9.988475e+00  2.200000e+01
     vertex -4.799716e-01 -9.988475e+00  1.800000e+01
   endloop
 endfacet
 facet normal -3.429014e-02 -9.994119e-01  4.438280e-16
   outer loop
     vertex -2.057667e-01 -9.997883e+00  1.800000e+01
     vertex -2.057667e-01 -9.997883e+00  2.200000e+01
     vertex -4.799716e-01 -9.988475e+00  2.200000e+01
   endloop
 endfacet
 facet normal -6.859319e-03 -9.999765e-01  4.440788e-16
   outer loop
     vertex -2.057667e-01 -9.997883e+00  1.800000e+01
     vertex  6.859319e-02 -9.999765e+00  2.200000e+01
     vertex -2.057667e-01 -9.997883e+00  2.200000e+01
   endloop
 endfacet
 facet normal -6.859319e-03 -9.999765e-01  4.440788e-16
   outer loop
     vertex  6.859319e-02 -9.999765e+00  1.800000e+01
     vertex  6.859319e-02 -9.999765e+00  2.200000e+01
     vertex -2.057667e-01 -9.997883e+00  1.800000e+01
   endloop
 endfacet
 facet normal  2.057667e-02 -9.997883e-01  4.440057e-16
   outer loop
     vertex  3.429014e-01 -9.994119e+00  1.800000e+01
     vertex  6.859319e-02 -9.999765e+00  2.200000e+01
     vertex  6.859319e-02 -9.999765e+00  1.800000e+01
   endloop
 endfacet
 facet normal  2.057667e-02 -9.997883e-01  4.439952e-16
   outer loop
     vertex  3.429014e-01 -9.994119e+00  1.800000e+01
     vertex  3.429014e-01 -9.994119e+00  2.200000e+01
     vertex  6.859319e-02 -9.999765e+00  2.200000e+01
   endloop
 endfacet
 facet normal  4.799716e-02 -9.988475e-01  4.436973e-16
   outer loop
     vertex  6.169515e-01 -9.980950e+00  1.800000e+01
     vertex  3.429014e-01 -9.994119e+00  2.200000e+01
     vertex  3.429014e-01 -9.994119e+00  1.800000e+01
   endloop
 endfacet
 facet normal  4.799716e-02 -9.988475e-01  4.435774e-16
   outer loop
     vertex  6.169515e-01 -9.980950e+00  1.800000e+01
     vertex  6.169515e-01 -9.980950e+00  2.200000e+01
     vertex  3.429014e-01 -9.994119e+00  2.200000e+01
   endloop
 endfacet
 facet normal  7.538152e-02 -9.971548e-01  4.428257e-16
   outer loop
     vertex  6.169515e-01 -9.980950e+00  1.800000e+01
     vertex  8.905371e-01 -9.960268e+00  2.200000e+01
     vertex  6.169515e-01 -9.980950e+00  2.200000e+01
   endloop
 endfacet
 facet normal  7.538152e-02 -9.971548e-01  4.428257e-16
   outer loop
     vertex  8.905371e-01 -9.960268e+00  1.800000e+01
     vertex  8.905371e-01 -9.960268e+00  2.200000e+01
     vertex  6.169515e-01 -9.980950e+00  1.800000e+01
   endloop
 endfacet
 facet normal  1.027091e-01 -9.947114e-01  4.417907e-16
   outer loop
     vertex  1.163452e+00 -9.932088e+00  1.800000e+01
     vertex  8.905371e-01 -9.960268e+00  2.200000e+01
     vertex  8.905371e-01 -9.960268e+00  1.800000e+01
   endloop
 endfacet
 facet normal  1.027091e-01 -9.947114e-01  4.417406e-16
   outer loop
     vertex  1.163452e+00 -9.932088e+00  1.800000e+01
     vertex  1.163452e+00 -9.932088e+00  2.200000e+01
     vertex  8.905371e-01 -9.960268e+00  2.200000e+01
   endloop
 endfacet
 facet normal  1.299594e-01 -9.915193e-01  4.397521e-16
   outer loop
     vertex  1.435492e+00 -9.896432e+00  1.800000e+01
     vertex  1.163452e+00 -9.932088e+00  2.200000e+01
     vertex  1.163452e+00 -9.932088e+00  1.800000e+01
   endloop
 endfacet
 facet normal  1.299594e-01 -9.915193e-01  4.403230e-16
   outer loop
     vertex  1.435492e+00 -9.896432e+00  1.800000e+01
     vertex  1.435492e+00 -9.896432e+00  2.200000e+01
     vertex  1.163452e+00 -9.932088e+00  2.200000e+01
   endloop
 endfacet
 facet normal  1.571119e-01 -9.875808e-01  4.390672e-16
   outer loop
     vertex  1.706451e+00 -9.853326e+00  1.800000e+01
     vertex  1.435492e+00 -9.896432e+00  2.200000e+01
     vertex  1.435492e+00 -9.896432e+00  1.800000e+01
   endloop
 endfacet
 facet normal  1.571119e-01 -9.875808e-01  4.385740e-16
   outer loop
     vertex  1.706451e+00 -9.853326e+00  1.800000e+01
     vertex  1.706451e+00 -9.853326e+00  2.200000e+01
     vertex  1.435492e+00 -9.896432e+00  2.200000e+01
   endloop
 endfacet
 facet normal  1.841461e-01 -9.828989e-01  4.371423e-16
   outer loop
     vertex  1.976125e+00 -9.802802e+00  1.800000e+01
     vertex  1.706451e+00 -9.853326e+00  2.200000e+01
     vertex  1.706451e+00 -9.853326e+00  1.800000e+01
   endloop
 endfacet
 facet normal  1.841461e-01 -9.828989e-01  4.364948e-16
   outer loop
     vertex  1.976125e+00 -9.802802e+00  1.800000e+01
     vertex  1.976125e+00 -9.802802e+00  2.200000e+01
     vertex  1.706451e+00 -9.853326e+00  2.200000e+01
   endloop
 endfacet
 facet normal  2.110417e-01 -9.774771e-01  4.334489e-16
   outer loop
     vertex  2.244312e+00 -9.744899e+00  1.800000e+01
     vertex  1.976125e+00 -9.802802e+00  2.200000e+01
     vertex  1.976125e+00 -9.802802e+00  1.800000e+01
   endloop
 endfacet
 facet normal  2.110417e-01 -9.774771e-01  4.340870e-16
   outer loop
     vertex  2.244312e+00 -9.744899e+00  1.800000e+01
     vertex  2.244312e+00 -9.744899e+00  2.200000e+01
     vertex  1.976125e+00 -9.802802e+00  2.200000e+01
   endloop
 endfacet
 facet normal  2.377784e-01 -9.713194e-01  4.313525e-16
   outer loop
     vertex  2.510809e+00 -9.679661e+00  1.800000e+01
     vertex  2.510809e+00 -9.679661e+00  2.200000e+01
     vertex  2.244312e+00 -9.744899e+00  2.200000e+01
   endloop
 endfacet
 facet normal  2.377784e-01 -9.713194e-01  4.315570e-16
   outer loop
     vertex  2.510809e+00 -9.679661e+00  1.800000e+01
     vertex  2.244312e+00 -9.744899e+00  2.200000e+01
     vertex  2.244312e+00 -9.744899e+00  1.800000e+01
   endloop
 endfacet
 facet normal  2.643362e-01 -9.644306e-01  4.282932e-16
   outer loop
     vertex  2.510809e+00 -9.679661e+00  1.800000e+01
     vertex  2.775416e+00 -9.607136e+00  2.200000e+01
     vertex  2.510809e+00 -9.679661e+00  2.200000e+01
   endloop
 endfacet
 facet normal  2.643362e-01 -9.644306e-01  4.282932e-16
   outer loop
     vertex  2.775416e+00 -9.607136e+00  1.800000e+01
     vertex  2.775416e+00 -9.607136e+00  2.200000e+01
     vertex  2.510809e+00 -9.679661e+00  1.800000e+01
   endloop
 endfacet
 facet normal  2.906949e-01 -9.568158e-01  4.262350e-16
   outer loop
     vertex  3.037934e+00 -9.527379e+00  1.800000e+01
     vertex  2.775416e+00 -9.607136e+00  2.200000e+01
     vertex  2.775416e+00 -9.607136e+00  1.800000e+01
   endloop
 endfacet
 facet normal  2.906949e-01 -9.568158e-01  4.249116e-16
   outer loop
     vertex  3.037934e+00 -9.527379e+00  1.800000e+01
     vertex  3.037934e+00 -9.527379e+00  2.200000e+01
     vertex  2.775416e+00 -9.607136e+00  2.200000e+01
   endloop
 endfacet
 facet normal  3.168348e-01 -9.484807e-01  4.212101e-16
   outer loop
     vertex  3.037934e+00 -9.527379e+00  1.800000e+01
     vertex  3.298166e+00 -9.440450e+00  2.200000e+01
     vertex  3.037934e+00 -9.527379e+00  2.200000e+01
   endloop
 endfacet
 facet normal  3.168348e-01 -9.484807e-01  4.212101e-16
   outer loop
     vertex  3.298166e+00 -9.440450e+00  1.800000e+01
     vertex  3.298166e+00 -9.440450e+00  2.200000e+01
     vertex  3.037934e+00 -9.527379e+00  1.800000e+01
   endloop
 endfacet
 facet normal  3.427362e-01 -9.394317e-01  4.171915e-16
   outer loop
     vertex  3.555914e+00 -9.346415e+00  1.800000e+01
     vertex  3.555914e+00 -9.346415e+00  2.200000e+01
     vertex  3.298166e+00 -9.440450e+00  2.200000e+01
   endloop
 endfacet
 facet normal  3.427362e-01 -9.394317e-01  4.160534e-16
   outer loop
     vertex  3.555914e+00 -9.346415e+00  1.800000e+01
     vertex  3.298166e+00 -9.440450e+00  2.200000e+01
     vertex  3.298166e+00 -9.440450e+00  1.800000e+01
   endloop
 endfacet
 facet normal  3.683796e-01 -9.296754e-01  4.128588e-16
   outer loop
     vertex  3.810986e+00 -9.245344e+00  1.800000e+01
     vertex  3.810986e+00 -9.245344e+00  2.200000e+01
     vertex  3.555914e+00 -9.346415e+00  2.200000e+01
   endloop
 endfacet
 facet normal  3.683796e-01 -9.296754e-01  4.113947e-16
   outer loop
     vertex  3.810986e+00 -9.245344e+00  1.800000e+01
     vertex  3.555914e+00 -9.346415e+00  2.200000e+01
     vertex  3.555914e+00 -9.346415e+00  1.800000e+01
   endloop
 endfacet
 facet normal  3.937458e-01 -9.192194e-01  4.094880e-16
   outer loop
     vertex  4.063188e+00 -9.137314e+00  1.800000e+01
     vertex  3.810986e+00 -9.245344e+00  2.200000e+01
     vertex  3.810986e+00 -9.245344e+00  1.800000e+01
   endloop
 endfacet
 facet normal  3.937458e-01 -9.192194e-01  4.082154e-16
   outer loop
     vertex  4.063188e+00 -9.137314e+00  1.800000e+01
     vertex  4.063188e+00 -9.137314e+00  2.200000e+01
     vertex  3.810986e+00 -9.245344e+00  2.200000e+01
   endloop
 endfacet
 facet normal  4.188155e-01 -9.080714e-01  4.034233e-16
   outer loop
     vertex  4.312333e+00 -9.022405e+00  1.800000e+01
     vertex  4.063188e+00 -9.137314e+00  2.200000e+01
     vertex  4.063188e+00 -9.137314e+00  1.800000e+01
   endloop
 endfacet
 facet normal  4.188155e-01 -9.080714e-01  4.032647e-16
   outer loop
     vertex  4.312333e+00 -9.022405e+00  1.800000e+01
     vertex  4.312333e+00 -9.022405e+00  2.200000e+01
     vertex  4.063188e+00 -9.137314e+00  2.200000e+01
   endloop
 endfacet
 facet normal  4.435699e-01 -8.962398e-01  3.966425e-16
   outer loop
     vertex  4.558231e+00 -8.900704e+00  1.800000e+01
     vertex  4.312333e+00 -9.022405e+00  2.200000e+01
     vertex  4.312333e+00 -9.022405e+00  1.800000e+01
   endloop
 endfacet
 facet normal  4.435699e-01 -8.962398e-01  3.980104e-16
   outer loop
     vertex  4.558231e+00 -8.900704e+00  1.800000e+01
     vertex  4.558231e+00 -8.900704e+00  2.200000e+01
     vertex  4.312333e+00 -9.022405e+00  2.200000e+01
   endloop
 endfacet
 facet normal  4.679904e-01 -8.837335e-01  3.918054e-16
   outer loop
     vertex  4.800697e+00 -8.772303e+00  1.800000e+01
     vertex  4.558231e+00 -8.900704e+00  2.200000e+01
     vertex  4.558231e+00 -8.900704e+00  1.800000e+01
   endloop
 endfacet
 facet normal  4.679904e-01 -8.837335e-01  3.924565e-16
   outer loop
     vertex  4.800697e+00 -8.772303e+00  1.800000e+01
     vertex  4.800697e+00 -8.772303e+00  2.200000e+01
     vertex  4.558231e+00 -8.900704e+00  2.200000e+01
   endloop
 endfacet
 facet normal  4.920587e-01 -8.705620e-01  3.866072e-16
   outer loop
     vertex  4.800697e+00 -8.772303e+00  1.800000e+01
     vertex  5.039550e+00 -8.637299e+00  2.200000e+01
     vertex  4.800697e+00 -8.772303e+00  2.200000e+01
   endloop
 endfacet
 facet normal  4.920587e-01 -8.705620e-01  3.866072e-16
   outer loop
     vertex  5.039550e+00 -8.637299e+00  1.800000e+01
     vertex  5.039550e+00 -8.637299e+00  2.200000e+01
     vertex  4.800697e+00 -8.772303e+00  1.800000e+01
   endloop
 endfacet
 facet normal  5.157565e-01 -8.567352e-01  3.773285e-16
   outer loop
     vertex  5.274609e+00 -8.495793e+00  1.800000e+01
     vertex  5.039550e+00 -8.637299e+00  2.200000e+01
     vertex  5.039550e+00 -8.637299e+00  1.800000e+01
   endloop
 endfacet
 facet normal  5.157565e-01 -8.567352e-01  3.804669e-16
   outer loop
     vertex  5.274609e+00 -8.495793e+00  1.800000e+01
     vertex  5.274609e+00 -8.495793e+00  2.200000e+01
     vertex  5.039550e+00 -8.637299e+00  2.200000e+01
   endloop
 endfacet
 facet normal  5.390661e-01 -8.422635e-01  3.714098e-16
   outer loop
     vertex  5.505698e+00 -8.347891e+00  1.800000e+01
     vertex  5.274609e+00 -8.495793e+00  2.200000e+01
     vertex  5.274609e+00 -8.495793e+00  1.800000e+01
   endloop
 endfacet
 facet normal  5.390661e-01 -8.422635e-01  3.740401e-16
   outer loop
     vertex  5.505698e+00 -8.347891e+00  1.800000e+01
     vertex  5.505698e+00 -8.347891e+00  2.200000e+01
     vertex  5.274609e+00 -8.495793e+00  2.200000e+01
   endloop
 endfacet
 facet normal  5.619699e-01 -8.271577e-01  3.650843e-16
   outer loop
     vertex  5.732642e+00 -8.193706e+00  1.800000e+01
     vertex  5.505698e+00 -8.347891e+00  2.200000e+01
     vertex  5.505698e+00 -8.347891e+00  1.800000e+01
   endloop
 endfacet
 facet normal  5.619699e-01 -8.271577e-01  3.673318e-16
   outer loop
     vertex  5.732642e+00 -8.193706e+00  1.800000e+01
     vertex  5.732642e+00 -8.193706e+00  2.200000e+01
     vertex  5.505698e+00 -8.347891e+00  2.200000e+01
   endloop
 endfacet
 facet normal  5.844507e-01 -8.114292e-01  3.603470e-16
   outer loop
     vertex  5.732642e+00 -8.193706e+00  1.800000e+01
     vertex  5.955271e+00 -8.033352e+00  2.200000e+01
     vertex  5.732642e+00 -8.193706e+00  2.200000e+01
   endloop
 endfacet
 facet normal  5.844507e-01 -8.114292e-01  3.603470e-16
   outer loop
     vertex  5.955271e+00 -8.033352e+00  1.800000e+01
     vertex  5.955271e+00 -8.033352e+00  2.200000e+01
     vertex  5.732642e+00 -8.193706e+00  1.800000e+01
   endloop
 endfacet
 facet normal  6.064915e-01 -7.950900e-01  3.553146e-16
   outer loop
     vertex  6.173417e+00 -7.866951e+00  1.800000e+01
     vertex  5.955271e+00 -8.033352e+00  2.200000e+01
     vertex  5.955271e+00 -8.033352e+00  1.800000e+01
   endloop
 endfacet
 facet normal  6.064915e-01 -7.950900e-01  3.530909e-16
   outer loop
     vertex  6.173417e+00 -7.866951e+00  1.800000e+01
     vertex  6.173417e+00 -7.866951e+00  2.200000e+01
     vertex  5.955271e+00 -8.033352e+00  2.200000e+01
   endloop
 endfacet
 facet normal  6.280757e-01 -7.781522e-01  3.481664e-16
   outer loop
     vertex  6.386916e+00 -7.694628e+00  1.800000e+01
     vertex  6.173417e+00 -7.866951e+00  2.200000e+01
     vertex  6.173417e+00 -7.866951e+00  1.800000e+01
   endloop
 endfacet
 facet normal  6.280757e-01 -7.781522e-01  3.455690e-16
   outer loop
     vertex  6.386916e+00 -7.694628e+00  1.800000e+01
     vertex  6.386916e+00 -7.694628e+00  2.200000e+01
     vertex  6.173417e+00 -7.866951e+00  2.200000e+01
   endloop
 endfacet
 facet normal  6.491872e-01 -7.606287e-01  3.387160e-16
   outer loop
     vertex  6.595607e+00 -7.516513e+00  1.800000e+01
     vertex  6.386916e+00 -7.694628e+00  2.200000e+01
     vertex  6.386916e+00 -7.694628e+00  1.800000e+01
   endloop
 endfacet
 facet normal  6.491872e-01 -7.606287e-01  3.377870e-16
   outer loop
     vertex  6.595607e+00 -7.516513e+00  1.800000e+01
     vertex  6.595607e+00 -7.516513e+00  2.200000e+01
     vertex  6.386916e+00 -7.694628e+00  2.200000e+01
   endloop
 endfacet
 facet normal  6.698100e-01 -7.425325e-01  3.292117e-16
   outer loop
     vertex  6.799333e+00 -7.332740e+00  1.800000e+01
     vertex  6.595607e+00 -7.516513e+00  2.200000e+01
     vertex  6.595607e+00 -7.516513e+00  1.800000e+01
   endloop
 endfacet
 facet normal  6.698100e-01 -7.425325e-01  3.297507e-16
   outer loop
     vertex  6.799333e+00 -7.332740e+00  1.800000e+01
     vertex  6.799333e+00 -7.332740e+00  2.200000e+01
     vertex  6.595607e+00 -7.516513e+00  2.200000e+01
   endloop
 endfacet
 facet normal  6.899286e-01 -7.238775e-01  3.239891e-16
   outer loop
     vertex  6.997940e+00 -7.143447e+00  1.800000e+01
     vertex  6.799333e+00 -7.332740e+00  2.200000e+01
     vertex  6.799333e+00 -7.332740e+00  1.800000e+01
   endloop
 endfacet
 facet normal  6.899286e-01 -7.238775e-01  3.214662e-16
   outer loop
     vertex  6.997940e+00 -7.143447e+00  1.800000e+01
     vertex  6.997940e+00 -7.143447e+00  2.200000e+01
     vertex  6.799333e+00 -7.332740e+00  2.200000e+01
   endloop
 endfacet
 facet normal  7.095278e-01 -7.046775e-01  3.129397e-16
   outer loop
     vertex  6.997940e+00 -7.143447e+00  1.800000e+01
     vertex  7.191280e+00 -6.948776e+00  2.200000e+01
     vertex  6.997940e+00 -7.143447e+00  2.200000e+01
   endloop
 endfacet
 facet normal  7.095278e-01 -7.046775e-01  3.129397e-16
   outer loop
     vertex  7.191280e+00 -6.948776e+00  1.800000e+01
     vertex  7.191280e+00 -6.948776e+00  2.200000e+01
     vertex  6.997940e+00 -7.143447e+00  1.800000e+01
   endloop
 endfacet
 facet normal  7.285929e-01 -6.849470e-01  3.041776e-16
   outer loop
     vertex  7.379206e+00 -6.748875e+00  1.800000e+01
     vertex  7.379206e+00 -6.748875e+00  2.200000e+01
     vertex  7.191280e+00 -6.948776e+00  2.200000e+01
   endloop
 endfacet
 facet normal  7.471095e-01 -6.647010e-01  2.951865e-16
   outer loop
     vertex  7.379206e+00 -6.748875e+00  1.800000e+01
     vertex  7.561578e+00 -6.543893e+00  2.200000e+01
     vertex  7.379206e+00 -6.748875e+00  2.200000e+01
   endloop
 endfacet
 facet normal  7.285929e-01 -6.849470e-01  3.032660e-16
   outer loop
     vertex  7.379206e+00 -6.748875e+00  1.800000e+01
     vertex  7.191280e+00 -6.948776e+00  2.200000e+01
     vertex  7.191280e+00 -6.948776e+00  1.800000e+01
   endloop
 endfacet
 facet normal  7.471095e-01 -6.647010e-01  0.000000e+00
   outer loop
     vertex  7.561578e+00 -6.543893e+00  1.800000e+01
     vertex  7.561578e+00 -6.543893e+00  2.200000e+01
     vertex  7.379206e+00 -6.748875e+00  1.800000e+01
   endloop
 endfacet
 facet normal  7.650637e-01 -6.439545e-01  2.859733e-16
   outer loop
     vertex  7.738257e+00 -6.333986e+00  1.800000e+01
     vertex  7.738257e+00 -6.333986e+00  2.200000e+01
     vertex  7.561578e+00 -6.543893e+00  2.200000e+01
   endloop
 endfacet
 facet normal  7.650637e-01 -6.439545e-01 -1.922715e-18
   outer loop
     vertex  7.738257e+00 -6.333986e+00  1.800000e+01
     vertex  7.561578e+00 -6.543893e+00  2.200000e+01
     vertex  7.561578e+00 -6.543893e+00  1.800000e+01
   endloop
 endfacet
 facet normal  7.824421e-01 -6.227234e-01  2.765447e-16
   outer loop
     vertex  7.909112e+00 -6.119310e+00  1.800000e+01
     vertex  7.909112e+00 -6.119310e+00  2.200000e+01
     vertex  7.738257e+00 -6.333986e+00  2.200000e+01
   endloop
 endfacet
 facet normal  7.824421e-01 -6.227234e-01  2.736416e-16
   outer loop
     vertex  7.909112e+00 -6.119310e+00  1.800000e+01
     vertex  7.738257e+00 -6.333986e+00  2.200000e+01
     vertex  7.738257e+00 -6.333986e+00  1.800000e+01
   endloop
 endfacet
 facet normal  7.992314e-01 -6.010234e-01  0.000000e+00
   outer loop
     vertex  8.074012e+00 -5.900028e+00  1.800000e+01
     vertex  8.074012e+00 -5.900028e+00  2.200000e+01
     vertex  7.909112e+00 -6.119310e+00  2.200000e+01
   endloop
 endfacet
 facet normal  8.154191e-01 -5.788711e-01  0.000000e+00
   outer loop
     vertex  8.074012e+00 -5.900028e+00  1.800000e+01
     vertex  8.232835e+00 -5.676304e+00  2.200000e+01
     vertex  8.074012e+00 -5.900028e+00  2.200000e+01
   endloop
 endfacet
 facet normal  7.992314e-01 -6.010234e-01  2.662158e-16
   outer loop
     vertex  8.074012e+00 -5.900028e+00  1.800000e+01
     vertex  7.909112e+00 -6.119310e+00  2.200000e+01
     vertex  7.909112e+00 -6.119310e+00  1.800000e+01
   endloop
 endfacet
 facet normal  8.309929e-01 -5.562829e-01  2.470393e-16
   outer loop
     vertex  8.232835e+00 -5.676304e+00  1.800000e+01
     vertex  8.385460e+00 -5.448308e+00  2.200000e+01
     vertex  8.232835e+00 -5.676304e+00  2.200000e+01
   endloop
 endfacet
 facet normal  8.154191e-01 -5.788711e-01  2.570704e-16
   outer loop
     vertex  8.232835e+00 -5.676304e+00  1.800000e+01
     vertex  8.232835e+00 -5.676304e+00  2.200000e+01
     vertex  8.074012e+00 -5.900028e+00  1.800000e+01
   endloop
 endfacet
 facet normal  8.309929e-01 -5.562829e-01  2.470393e-16
   outer loop
     vertex  8.385460e+00 -5.448308e+00  1.800000e+01
     vertex  8.385460e+00 -5.448308e+00  2.200000e+01
     vertex  8.232835e+00 -5.676304e+00  1.800000e+01
   endloop
 endfacet
 facet normal  8.459413e-01 -5.332761e-01  2.368221e-16
   outer loop
     vertex  8.531773e+00 -5.216210e+00  1.800000e+01
     vertex  8.531773e+00 -5.216210e+00  2.200000e+01
     vertex  8.385460e+00 -5.448308e+00  2.200000e+01
   endloop
 endfacet
 facet normal  8.459413e-01 -5.332761e-01  2.397166e-16
   outer loop
     vertex  8.531773e+00 -5.216210e+00  1.800000e+01
     vertex  8.385460e+00 -5.448308e+00  2.200000e+01
     vertex  8.385460e+00 -5.448308e+00  1.800000e+01
   endloop
 endfacet
 facet normal  8.602528e-01 -5.098678e-01  2.264268e-16
   outer loop
     vertex  8.671664e+00 -4.980186e+00  1.800000e+01
     vertex  8.671664e+00 -4.980186e+00  2.200000e+01
     vertex  8.531773e+00 -5.216210e+00  2.200000e+01
   endloop
 endfacet
 facet normal  8.602528e-01 -5.098678e-01  2.237851e-16
   outer loop
     vertex  8.671664e+00 -4.980186e+00  1.800000e+01
     vertex  8.531773e+00 -5.216210e+00  2.200000e+01
     vertex  8.531773e+00 -5.216210e+00  1.800000e+01
   endloop
 endfacet
 facet normal  8.739167e-01 -4.860756e-01  0.000000e+00
   outer loop
     vertex  8.805026e+00 -4.740412e+00  1.800000e+01
     vertex  8.805026e+00 -4.740412e+00  2.200000e+01
     vertex  8.671664e+00 -4.980186e+00  2.200000e+01
   endloop
 endfacet
 facet normal  8.739167e-01 -4.860756e-01  2.153951e-16
   outer loop
     vertex  8.805026e+00 -4.740412e+00  1.800000e+01
     vertex  8.671664e+00 -4.980186e+00  2.200000e+01
     vertex  8.671664e+00 -4.980186e+00  1.800000e+01
   endloop
 endfacet
 facet normal  8.869228e-01 -4.619176e-01  8.688161e-19
   outer loop
     vertex  8.931761e+00 -4.497071e+00  1.800000e+01
     vertex  8.805026e+00 -4.740412e+00  2.200000e+01
     vertex  8.805026e+00 -4.740412e+00  1.800000e+01
   endloop
 endfacet
 facet normal  8.869228e-01 -4.619176e-01  0.000000e+00
   outer loop
     vertex  8.931761e+00 -4.497071e+00  1.800000e+01
     vertex  8.931761e+00 -4.497071e+00  2.200000e+01
     vertex  8.805026e+00 -4.740412e+00  2.200000e+01
   endloop
 endfacet
 facet normal  8.992613e-01 -4.374119e-01  0.000000e+00
   outer loop
     vertex  8.931761e+00 -4.497071e+00  1.800000e+01
     vertex  9.051772e+00 -4.250344e+00  2.200000e+01
     vertex  8.931761e+00 -4.497071e+00  2.200000e+01
   endloop
 endfacet
 facet normal  8.992613e-01 -4.374119e-01  1.942499e-16
   outer loop
     vertex  9.051772e+00 -4.250344e+00  1.800000e+01
     vertex  9.051772e+00 -4.250344e+00  2.200000e+01
     vertex  8.931761e+00 -4.497071e+00  1.800000e+01
   endloop
 endfacet
 facet normal  9.109228e-01 -4.125769e-01  1.824170e-16
   outer loop
     vertex  9.164969e+00 -4.000417e+00  1.800000e+01
     vertex  9.051772e+00 -4.250344e+00  2.200000e+01
     vertex  9.051772e+00 -4.250344e+00  1.800000e+01
   endloop
 endfacet
 facet normal  9.109228e-01 -4.125769e-01  1.832209e-16
   outer loop
     vertex  9.164969e+00 -4.000417e+00  1.800000e+01
     vertex  9.164969e+00 -4.000417e+00  2.200000e+01
     vertex  9.051772e+00 -4.250344e+00  2.200000e+01
   endloop
 endfacet
 facet normal  9.218986e-01 -3.874313e-01  1.720540e-16
   outer loop
     vertex  9.164969e+00 -4.000417e+00  1.800000e+01
     vertex  9.271267e+00 -3.747479e+00  2.200000e+01
     vertex  9.164969e+00 -4.000417e+00  2.200000e+01
   endloop
 endfacet
 facet normal  9.218986e-01 -3.874313e-01  8.602702e-17
   outer loop
     vertex  9.271267e+00 -3.747479e+00  1.800000e+01
     vertex  9.271267e+00 -3.747479e+00  2.200000e+01
     vertex  9.164969e+00 -4.000417e+00  1.800000e+01
   endloop
 endfacet
 facet normal  9.321804e-01 -3.619940e-01  7.898257e-17
   outer loop
     vertex  9.370586e+00 -3.491720e+00  1.800000e+01
     vertex  9.271267e+00 -3.747479e+00  2.200000e+01
     vertex  9.271267e+00 -3.747479e+00  1.800000e+01
   endloop
 endfacet
 facet normal  9.321804e-01 -3.619940e-01  8.037882e-17
   outer loop
     vertex  9.370586e+00 -3.491720e+00  1.800000e+01
     vertex  9.370586e+00 -3.491720e+00  2.200000e+01
     vertex  9.271267e+00 -3.747479e+00  2.200000e+01
   endloop
 endfacet
 facet normal  9.417605e-01 -3.362843e-01  7.467012e-17
   outer loop
     vertex  9.370586e+00 -3.491720e+00  1.800000e+01
     vertex  9.462851e+00 -3.233333e+00  2.200000e+01
     vertex  9.370586e+00 -3.491720e+00  2.200000e+01
   endloop
 endfacet
 facet normal  9.417605e-01 -3.362843e-01  7.467012e-17
   outer loop
     vertex  9.462851e+00 -3.233333e+00  1.800000e+01
     vertex  9.462851e+00 -3.233333e+00  2.200000e+01
     vertex  9.370586e+00 -3.491720e+00  1.800000e+01
   endloop
 endfacet
 facet normal  9.506317e-01 -3.103214e-01  6.890520e-17
   outer loop
     vertex  9.547993e+00 -2.972512e+00  1.800000e+01
     vertex  9.547993e+00 -2.972512e+00  2.200000e+01
     vertex  9.462851e+00 -3.233333e+00  2.200000e+01
   endloop
 endfacet
 facet normal  9.587873e-01 -2.841250e-01  6.308841e-17
   outer loop
     vertex  9.547993e+00 -2.972512e+00  1.800000e+01
     vertex  9.625948e+00 -2.709453e+00  2.200000e+01
     vertex  9.547993e+00 -2.972512e+00  2.200000e+01
   endloop
 endfacet
 facet normal  9.506317e-01 -3.103214e-01  6.933286e-17
   outer loop
     vertex  9.547993e+00 -2.972512e+00  1.800000e+01
     vertex  9.462851e+00 -3.233333e+00  2.200000e+01
     vertex  9.462851e+00 -3.233333e+00  1.800000e+01
   endloop
 endfacet
 facet normal  9.587873e-01 -2.841250e-01  6.308841e-17
   outer loop
     vertex  9.625948e+00 -2.709453e+00  1.800000e+01
     vertex  9.625948e+00 -2.709453e+00  2.200000e+01
     vertex  9.547993e+00 -2.972512e+00  1.800000e+01
   endloop
 endfacet
 facet normal  9.662211e-01 -2.577146e-01  5.722414e-17
   outer loop
     vertex  9.696656e+00 -2.444354e+00  1.800000e+01
     vertex  9.696656e+00 -2.444354e+00  2.200000e+01
     vertex  9.625948e+00 -2.709453e+00  2.200000e+01
   endloop
 endfacet
 facet normal  9.729276e-01 -2.311102e-01  5.131678e-17
   outer loop
     vertex  9.696656e+00 -2.444354e+00  1.800000e+01
     vertex  9.760065e+00 -2.177416e+00  2.200000e+01
     vertex  9.696656e+00 -2.444354e+00  2.200000e+01
   endloop
 endfacet
 facet normal  9.662211e-01 -2.577146e-01  5.679546e-17
   outer loop
     vertex  9.696656e+00 -2.444354e+00  1.800000e+01
     vertex  9.625948e+00 -2.709453e+00  2.200000e+01
     vertex  9.625948e+00 -2.709453e+00  1.800000e+01
   endloop
 endfacet
 facet normal  9.729276e-01 -2.311102e-01  5.131678e-17
   outer loop
     vertex  9.760065e+00 -2.177416e+00  1.800000e+01
     vertex  9.760065e+00 -2.177416e+00  2.200000e+01
     vertex  9.696656e+00 -2.444354e+00  1.800000e+01
   endloop
 endfacet
 facet normal  9.789017e-01 -2.043319e-01  4.537080e-17
   outer loop
     vertex  9.816126e+00 -1.908838e+00  1.800000e+01
     vertex  9.816126e+00 -1.908838e+00  2.200000e+01
     vertex  9.760065e+00 -2.177416e+00  2.200000e+01
   endloop
 endfacet
 facet normal  9.789017e-01 -2.043319e-01  4.539364e-17
   outer loop
     vertex  9.816126e+00 -1.908838e+00  1.800000e+01
     vertex  9.760065e+00 -2.177416e+00  2.200000e+01
     vertex  9.760065e+00 -2.177416e+00  1.800000e+01
   endloop
 endfacet
 facet normal  9.841389e-01 -1.773998e-01  3.939066e-17
   outer loop
     vertex  9.864799e+00 -1.638824e+00  1.800000e+01
     vertex  9.864799e+00 -1.638824e+00  2.200000e+01
     vertex  9.816126e+00 -1.908838e+00  2.200000e+01
   endloop
 endfacet
 facet normal  9.886353e-01 -1.503341e-01  3.338087e-17
   outer loop
     vertex  9.864799e+00 -1.638824e+00  1.800000e+01
     vertex  9.906046e+00 -1.367575e+00  2.200000e+01
     vertex  9.864799e+00 -1.638824e+00  2.200000e+01
   endloop
 endfacet
 facet normal  9.841389e-01 -1.773998e-01  3.933208e-17
   outer loop
     vertex  9.864799e+00 -1.638824e+00  1.800000e+01
     vertex  9.816126e+00 -1.908838e+00  2.200000e+01
     vertex  9.816126e+00 -1.908838e+00  1.800000e+01
   endloop
 endfacet
 facet normal  9.886353e-01 -1.503341e-01  3.338087e-17
   outer loop
     vertex  9.906046e+00 -1.367575e+00  1.800000e+01
     vertex  9.906046e+00 -1.367575e+00  2.200000e+01
     vertex  9.864799e+00 -1.638824e+00  1.800000e+01
   endloop
 endfacet
 facet normal  9.923874e-01 -1.231552e-01  2.734596e-17
   outer loop
     vertex  9.939835e+00 -1.095298e+00  1.800000e+01
     vertex  9.939835e+00 -1.095298e+00  2.200000e+01
     vertex  9.906046e+00 -1.367575e+00  2.200000e+01
   endloop
 endfacet
 facet normal  9.923874e-01 -1.231552e-01  2.757860e-17
   outer loop
     vertex  9.939835e+00 -1.095298e+00  1.800000e+01
     vertex  9.906046e+00 -1.367575e+00  2.200000e+01
     vertex  9.906046e+00 -1.367575e+00  1.800000e+01
   endloop
 endfacet
 facet normal  9.953925e-01 -9.588368e-02  2.129045e-17
   outer loop
     vertex  9.966142e+00 -8.221955e-01  1.800000e+01
     vertex  9.966142e+00 -8.221955e-01  2.200000e+01
     vertex  9.939835e+00 -1.095298e+00  2.200000e+01
   endloop
 endfacet
 facet normal  9.953925e-01 -9.588368e-02  2.136141e-17
   outer loop
     vertex  9.966142e+00 -8.221955e-01  1.800000e+01
     vertex  9.939835e+00 -1.095298e+00  2.200000e+01
     vertex  9.939835e+00 -1.095298e+00  1.800000e+01
   endloop
 endfacet
 facet normal  9.976484e-01 -6.853995e-02  1.521893e-17
   outer loop
     vertex  9.984947e+00 -5.484744e-01  1.800000e+01
     vertex  9.984947e+00 -5.484744e-01  2.200000e+01
     vertex  9.966142e+00 -8.221955e-01  2.200000e+01
   endloop
 endfacet
 facet normal  9.976484e-01 -6.853995e-02  1.490165e-17
   outer loop
     vertex  9.984947e+00 -5.484744e-01  1.800000e+01
     vertex  9.966142e+00 -8.221955e-01  2.200000e+01
     vertex  9.966142e+00 -8.221955e-01  1.800000e+01
   endloop
 endfacet
 facet normal  9.991532e-01 -4.114462e-02  9.135940e-18
   outer loop
     vertex  9.996236e+00 -2.743405e-01  1.800000e+01
     vertex  9.996236e+00 -2.743405e-01  2.200000e+01
     vertex  9.984947e+00 -5.484744e-01  2.200000e+01
   endloop
 endfacet
 facet normal  9.991532e-01 -4.114462e-02  9.222459e-18
   outer loop
     vertex  9.996236e+00 -2.743405e-01  1.800000e+01
     vertex  9.984947e+00 -5.484744e-01  2.200000e+01
     vertex  9.984947e+00 -5.484744e-01  1.800000e+01
   endloop
 endfacet
 facet normal  9.999059e-01 -1.371831e-02  3.046078e-18
   outer loop
     vertex  1.000000e+01  3.996803e-15  1.800000e+01
     vertex  1.000000e+01  4.884981e-15  2.200000e+01
     vertex  9.996236e+00 -2.743405e-01  2.200000e+01
   endloop
 endfacet
 facet normal  9.999059e-01 -1.371831e-02  2.958972e-18
   outer loop
     vertex  1.000000e+01  3.996803e-15  1.800000e+01
     vertex  9.996236e+00 -2.743405e-01  2.200000e+01
     vertex  9.996236e+00 -2.743405e-01  1.800000e+01
   endloop
 endfacet
 facet normal -4.972804e-16 -5.076202e-16 -1.000000e+00
   outer loop
     vertex -6.899286e+00 -7.238775e+00  2.200000e+01
     vertex -1.064292e+01 -1.057016e+01  2.200000e+01
     vertex -7.095278e+00 -7.046775e+00  2.200000e+01
   endloop
 endfacet
 facet normal -4.972804e-16 -5.076202e-16 -1.000000e+00
   outer loop
     vertex -6.899286e+00 -7.238775e+00  2.200000e+01
     vertex -1.034893e+01 -1.085816e+01  2.200000e+01
     vertex -1.064292e+01 -1.057016e+01  2.200000e+01
   endloop
 endfacet
 facet normal -5.110193e-16 -4.937867e-16 -1.000000e+00
   outer loop
     vertex -7.285929e+00 -6.849470e+00  2.200000e+01
     vertex -7.095278e+00 -7.046775e+00  2.200000e+01
     vertex -1.064292e+01 -1.057016e+01  2.200000e+01
   endloop
 endfacet
 facet normal -5.110193e-16 -4.937867e-16 -1.000000e+00
   outer loop
     vertex -7.285929e+00 -6.849470e+00  2.200000e+01
     vertex -1.064292e+01 -1.057016e+01  2.200000e+01
     vertex -1.092889e+01 -1.027421e+01  2.200000e+01
   endloop
 endfacet
 facet normal -4.831671e-16 -5.210715e-16 -1.000000e+00
   outer loop
     vertex -6.698100e+00 -7.425325e+00  2.200000e+01
     vertex -1.004715e+01 -1.113799e+01  2.200000e+01
     vertex -1.034893e+01 -1.085816e+01  2.200000e+01
   endloop
 endfacet
 facet normal -4.831671e-16 -5.210715e-16 -1.000000e+00
   outer loop
     vertex -6.698100e+00 -7.425325e+00  2.200000e+01
     vertex -1.034893e+01 -1.085816e+01  2.200000e+01
     vertex -6.899286e+00 -7.238775e+00  2.200000e+01
   endloop
 endfacet
 facet normal -5.243735e-16 -4.795815e-16 -1.000000e+00
   outer loop
     vertex -7.471095e+00 -6.647010e+00  2.200000e+01
     vertex -7.285929e+00 -6.849470e+00  2.200000e+01
     vertex -1.092889e+01 -1.027421e+01  2.200000e+01
   endloop
 endfacet
 facet normal -5.243735e-16 -4.795815e-16 -1.000000e+00
   outer loop
     vertex -7.471095e+00 -6.647010e+00  2.200000e+01
     vertex -1.092889e+01 -1.027421e+01  2.200000e+01
     vertex -1.120664e+01 -9.970515e+00  2.200000e+01
   endloop
 endfacet
 facet normal -4.686901e-16 -5.341307e-16 -1.000000e+00
   outer loop
     vertex -6.491872e+00 -7.606287e+00  2.200000e+01
     vertex -9.737808e+00 -1.140943e+01  2.200000e+01
     vertex -1.004715e+01 -1.113799e+01  2.200000e+01
   endloop
 endfacet
 facet normal -4.686901e-16 -5.341307e-16 -1.000000e+00
   outer loop
     vertex -6.491872e+00 -7.606287e+00  2.200000e+01
     vertex -1.004715e+01 -1.113799e+01  2.200000e+01
     vertex -6.698100e+00 -7.425325e+00  2.200000e+01
   endloop
 endfacet
 facet normal -5.373330e-16 -4.650153e-16 -1.000000e+00
   outer loop
     vertex -7.650637e+00 -6.439545e+00  2.200000e+01
     vertex -7.471095e+00 -6.647010e+00  2.200000e+01
     vertex -1.120664e+01 -9.970515e+00  2.200000e+01
   endloop
 endfacet
 facet normal -5.498880e-16 -4.500991e-16 -1.000000e+00
   outer loop
     vertex -7.650637e+00 -6.439545e+00  2.200000e+01
     vertex -1.147596e+01 -9.659318e+00  2.200000e+01
     vertex -1.173663e+01 -9.340851e+00  2.200000e+01
   endloop
 endfacet
 facet normal -5.373330e-16 -4.650153e-16 -1.000000e+00
   outer loop
     vertex -7.650637e+00 -6.439545e+00  2.200000e+01
     vertex -1.120664e+01 -9.970515e+00  2.200000e+01
     vertex -1.147596e+01 -9.659318e+00  2.200000e+01
   endloop
 endfacet
 facet normal -4.538604e-16 -5.467877e-16 -1.000000e+00
   outer loop
     vertex -6.280757e+00 -7.781522e+00  2.200000e+01
     vertex -9.421136e+00 -1.167228e+01  2.200000e+01
     vertex -9.737808e+00 -1.140943e+01  2.200000e+01
   endloop
 endfacet
 facet normal -4.538604e-16 -5.467877e-16 -1.000000e+00
   outer loop
     vertex -6.280757e+00 -7.781522e+00  2.200000e+01
     vertex -9.737808e+00 -1.140943e+01  2.200000e+01
     vertex -6.491872e+00 -7.606287e+00  2.200000e+01
   endloop
 endfacet
 facet normal -5.498880e-16 -4.500991e-16 -1.000000e+00
   outer loop
     vertex -7.824421e+00 -6.227234e+00  2.200000e+01
     vertex -7.650637e+00 -6.439545e+00  2.200000e+01
     vertex -1.173663e+01 -9.340851e+00  2.200000e+01
   endloop
 endfacet
 facet normal -4.386889e-16 -5.590331e-16 -1.000000e+00
   outer loop
     vertex -6.064915e+00 -7.950900e+00  2.200000e+01
     vertex -9.421136e+00 -1.167228e+01  2.200000e+01
     vertex -6.280757e+00 -7.781522e+00  2.200000e+01
   endloop
 endfacet
 facet normal -4.386889e-16 -5.590331e-16 -1.000000e+00
   outer loop
     vertex -6.064915e+00 -7.950900e+00  2.200000e+01
     vertex -9.097372e+00 -1.192635e+01  2.200000e+01
     vertex -9.421136e+00 -1.167228e+01  2.200000e+01
   endloop
 endfacet
 facet normal -5.620291e-16 -4.348440e-16 -1.000000e+00
   outer loop
     vertex -7.992314e+00 -6.010234e+00  2.200000e+01
     vertex -1.173663e+01 -9.340851e+00  2.200000e+01
     vertex -1.198847e+01 -9.015352e+00  2.200000e+01
   endloop
 endfacet
 facet normal -5.620291e-16 -4.348440e-16 -1.000000e+00
   outer loop
     vertex -7.992314e+00 -6.010234e+00  2.200000e+01
     vertex -7.824421e+00 -6.227234e+00  2.200000e+01
     vertex -1.173663e+01 -9.340851e+00  2.200000e+01
   endloop
 endfacet
 facet normal  0.000000e+00  0.000000e+00 -1.000000e+00
   outer loop
     vertex -5.844507e+00 -8.114292e+00  2.200000e+01
     vertex -8.766760e+00 -1.217144e+01  2.200000e+01
     vertex -9.097372e+00 -1.192635e+01  2.200000e+01
   endloop
 endfacet
 facet normal  0.000000e+00  0.000000e+00 -1.000000e+00
   outer loop
     vertex -5.844507e+00 -8.114292e+00  2.200000e+01
     vertex -8.429549e+00 -1.240737e+01  2.200000e+01
     vertex -8.766760e+00 -1.217144e+01  2.200000e+01
   endloop
 endfacet
 facet normal  9.873241e-15 -8.424932e-15 -1.000000e+00
   outer loop
     vertex -5.844507e+00 -8.114292e+00  2.200000e+01
     vertex -9.097372e+00 -1.192635e+01  2.200000e+01
     vertex -6.064915e+00 -7.950900e+00  2.200000e+01
   endloop
 endfacet
 facet normal -5.737471e-16 -4.192616e-16 -1.000000e+00
   outer loop
     vertex -8.154191e+00 -5.788711e+00  2.200000e+01
     vertex -7.992314e+00 -6.010234e+00  2.200000e+01
     vertex -1.198847e+01 -9.015352e+00  2.200000e+01
   endloop
 endfacet
 facet normal -5.737471e-16 -4.192616e-16 -1.000000e+00
   outer loop
     vertex -8.154191e+00 -5.788711e+00  2.200000e+01
     vertex -1.198847e+01 -9.015352e+00  2.200000e+01
     vertex -1.223129e+01 -8.683066e+00  2.200000e+01
   endloop
 endfacet
 facet normal -0.000000e+00  0.000000e+00 -1.000000e+00
   outer loop
     vertex -5.619699e+00 -8.271577e+00  2.200000e+01
     vertex -8.429549e+00 -1.240737e+01  2.200000e+01
     vertex -5.844507e+00 -8.114292e+00  2.200000e+01
   endloop
 endfacet
 facet normal -5.850332e-16 -4.033636e-16 -1.000000e+00
   outer loop
     vertex -8.309929e+00 -5.562829e+00  2.200000e+01
     vertex -8.154191e+00 -5.788711e+00  2.200000e+01
     vertex -1.223129e+01 -8.683066e+00  2.200000e+01
   endloop
 endfacet
 facet normal  4.206703e-15 -7.561410e-15 -1.000000e+00
   outer loop
     vertex -8.309929e+00 -5.562829e+00  2.200000e+01
     vertex -1.246489e+01 -8.344244e+00  2.200000e+01
     vertex -1.268912e+01 -7.999141e+00  2.200000e+01
   endloop
 endfacet
 facet normal -5.850332e-16 -4.033636e-16 -1.000000e+00
   outer loop
     vertex -8.309929e+00 -5.562829e+00  2.200000e+01
     vertex -1.223129e+01 -8.683066e+00  2.200000e+01
     vertex -1.246489e+01 -8.344244e+00  2.200000e+01
   endloop
 endfacet
 facet normal -0.000000e+00  0.000000e+00 -1.000000e+00
   outer loop
     vertex -5.390661e+00 -8.422635e+00  2.200000e+01
     vertex -8.429549e+00 -1.240737e+01  2.200000e+01
     vertex -5.619699e+00 -8.271577e+00  2.200000e+01
   endloop
 endfacet
 facet normal  0.000000e+00  0.000000e+00 -1.000000e+00
   outer loop
     vertex -5.390661e+00 -8.422635e+00  2.200000e+01
     vertex -8.085992e+00 -1.263395e+01  2.200000e+01
     vertex -8.429549e+00 -1.240737e+01  2.200000e+01
   endloop
 endfacet
 facet normal  0.000000e+00 -0.000000e+00 -1.000000e+00
   outer loop
     vertex -8.459413e+00 -5.332761e+00  2.200000e+01
     vertex -8.309929e+00 -5.562829e+00  2.200000e+01
     vertex -1.268912e+01 -7.999141e+00  2.200000e+01
   endloop
 endfacet
 facet normal  0.000000e+00  0.000000e+00 -1.000000e+00
   outer loop
     vertex -5.157565e+00 -8.567352e+00  2.200000e+01
     vertex -7.736348e+00 -1.285103e+01  2.200000e+01
     vertex -8.085992e+00 -1.263395e+01  2.200000e+01
   endloop
 endfacet
 facet normal -0.000000e+00  0.000000e+00 -1.000000e+00
   outer loop
     vertex -5.157565e+00 -8.567352e+00  2.200000e+01
     vertex -8.085992e+00 -1.263395e+01  2.200000e+01
     vertex -5.390661e+00 -8.422635e+00  2.200000e+01
   endloop
 endfacet
 facet normal  0.000000e+00  0.000000e+00 -1.000000e+00
   outer loop
     vertex -8.602528e+00 -5.098678e+00  2.200000e+01
     vertex -1.290379e+01 -7.648016e+00  2.200000e+01
     vertex -1.310875e+01 -7.291135e+00  2.200000e+01
   endloop
 endfacet
 facet normal  0.000000e+00  0.000000e+00 -1.000000e+00
   outer loop
     vertex -8.602528e+00 -5.098678e+00  2.200000e+01
     vertex -1.268912e+01 -7.999141e+00  2.200000e+01
     vertex -1.290379e+01 -7.648016e+00  2.200000e+01
   endloop
 endfacet
 facet normal  0.000000e+00 -0.000000e+00 -1.000000e+00
   outer loop
     vertex -8.602528e+00 -5.098678e+00  2.200000e+01
     vertex -8.459413e+00 -5.332761e+00  2.200000e+01
     vertex -1.268912e+01 -7.999141e+00  2.200000e+01
   endloop
 endfacet
 facet normal  0.000000e+00  0.000000e+00 -1.000000e+00
   outer loop
     vertex -4.920587e+00 -8.705620e+00  2.200000e+01
     vertex -7.380880e+00 -1.305843e+01  2.200000e+01
     vertex -7.736348e+00 -1.285103e+01  2.200000e+01
   endloop
 endfacet
 facet normal -0.000000e+00  0.000000e+00 -1.000000e+00
   outer loop
     vertex -4.920587e+00 -8.705620e+00  2.200000e+01
     vertex -7.736348e+00 -1.285103e+01  2.200000e+01
     vertex -5.157565e+00 -8.567352e+00  2.200000e+01
   endloop
 endfacet
 facet normal  0.000000e+00 -0.000000e+00 -1.000000e+00
   outer loop
     vertex -8.739167e+00 -4.860756e+00  2.200000e+01
     vertex -8.602528e+00 -5.098678e+00  2.200000e+01
     vertex -1.310875e+01 -7.291135e+00  2.200000e+01
   endloop
 endfacet
 facet normal -0.000000e+00  0.000000e+00 -1.000000e+00
   outer loop
     vertex -4.679904e+00 -8.837335e+00  2.200000e+01
     vertex -7.380880e+00 -1.305843e+01  2.200000e+01
     vertex -4.920587e+00 -8.705620e+00  2.200000e+01
   endloop
 endfacet
 facet normal  0.000000e+00  0.000000e+00 -1.000000e+00
   outer loop
     vertex -4.679904e+00 -8.837335e+00  2.200000e+01
     vertex -7.019857e+00 -1.325600e+01  2.200000e+01
     vertex -7.380880e+00 -1.305843e+01  2.200000e+01
   endloop
 endfacet
 facet normal  0.000000e+00 -0.000000e+00 -1.000000e+00
   outer loop
     vertex -8.869228e+00 -4.619176e+00  2.200000e+01
     vertex -8.739167e+00 -4.860756e+00  2.200000e+01
     vertex -1.310875e+01 -7.291135e+00  2.200000e+01
   endloop
 endfacet
 facet normal  0.000000e+00  0.000000e+00 -1.000000e+00
   outer loop
     vertex -8.869228e+00 -4.619176e+00  2.200000e+01
     vertex -1.310875e+01 -7.291135e+00  2.200000e+01
     vertex -1.330384e+01 -6.928764e+00  2.200000e+01
   endloop
 endfacet
 facet normal  0.000000e+00  0.000000e+00 -1.000000e+00
   outer loop
     vertex -4.435699e+00 -8.962398e+00  2.200000e+01
     vertex -6.653549e+00 -1.344360e+01  2.200000e+01
     vertex -7.019857e+00 -1.325600e+01  2.200000e+01
   endloop
 endfacet
 facet normal -0.000000e+00  0.000000e+00 -1.000000e+00
   outer loop
     vertex -4.435699e+00 -8.962398e+00  2.200000e+01
     vertex -7.019857e+00 -1.325600e+01  2.200000e+01
     vertex -4.679904e+00 -8.837335e+00  2.200000e+01
   endloop
 endfacet
 facet normal  0.000000e+00  0.000000e+00 -1.000000e+00
   outer loop
     vertex -8.992613e+00 -4.374119e+00  2.200000e+01
     vertex -1.330384e+01 -6.928764e+00  2.200000e+01
     vertex -1.348892e+01 -6.561178e+00  2.200000e+01
   endloop
 endfacet
 facet normal  0.000000e+00 -0.000000e+00 -1.000000e+00
   outer loop
     vertex -8.992613e+00 -4.374119e+00  2.200000e+01
     vertex -8.869228e+00 -4.619176e+00  2.200000e+01
     vertex -1.330384e+01 -6.928764e+00  2.200000e+01
   endloop
 endfacet
 facet normal -0.000000e+00  0.000000e+00 -1.000000e+00
   outer loop
     vertex -4.188155e+00 -9.080714e+00  2.200000e+01
     vertex -6.653549e+00 -1.344360e+01  2.200000e+01
     vertex -4.435699e+00 -8.962398e+00  2.200000e+01
   endloop
 endfacet
 facet normal  0.000000e+00  0.000000e+00 -1.000000e+00
   outer loop
     vertex -4.188155e+00 -9.080714e+00  2.200000e+01
     vertex -6.282232e+00 -1.362107e+01  2.200000e+01
     vertex -6.653549e+00 -1.344360e+01  2.200000e+01
   endloop
 endfacet
 facet normal  0.000000e+00 -0.000000e+00 -1.000000e+00
   outer loop
     vertex -9.109228e+00 -4.125769e+00  2.200000e+01
     vertex -8.992613e+00 -4.374119e+00  2.200000e+01
     vertex -1.348892e+01 -6.561178e+00  2.200000e+01
   endloop
 endfacet
 facet normal  0.000000e+00  0.000000e+00 -1.000000e+00
   outer loop
     vertex -9.109228e+00 -4.125769e+00  2.200000e+01
     vertex -1.348892e+01 -6.561178e+00  2.200000e+01
     vertex -1.366384e+01 -6.188653e+00  2.200000e+01
   endloop
 endfacet
 facet normal  0.000000e+00  0.000000e+00 -1.000000e+00
   outer loop
     vertex -3.937458e+00 -9.192194e+00  2.200000e+01
     vertex -5.906186e+00 -1.378829e+01  2.200000e+01
     vertex -6.282232e+00 -1.362107e+01  2.200000e+01
   endloop
 endfacet
 facet normal  0.000000e+00  0.000000e+00 -1.000000e+00
   outer loop
     vertex -3.937458e+00 -9.192194e+00  2.200000e+01
     vertex -5.525695e+00 -1.394513e+01  2.200000e+01
     vertex -5.906186e+00 -1.378829e+01  2.200000e+01
   endloop
 endfacet
 facet normal -0.000000e+00  0.000000e+00 -1.000000e+00
   outer loop
     vertex -3.937458e+00 -9.192194e+00  2.200000e+01
     vertex -6.282232e+00 -1.362107e+01  2.200000e+01
     vertex -4.188155e+00 -9.080714e+00  2.200000e+01
   endloop
 endfacet
 facet normal  0.000000e+00  0.000000e+00 -1.000000e+00
   outer loop
     vertex -9.218986e+00 -3.874313e+00  2.200000e+01
     vertex -1.366384e+01 -6.188653e+00  2.200000e+01
     vertex -1.382848e+01 -5.811469e+00  2.200000e+01
   endloop
 endfacet
 facet normal  0.000000e+00 -0.000000e+00 -1.000000e+00
   outer loop
     vertex -9.218986e+00 -3.874313e+00  2.200000e+01
     vertex -9.109228e+00 -4.125769e+00  2.200000e+01
     vertex -1.366384e+01 -6.188653e+00  2.200000e+01
   endloop
 endfacet
 facet normal -0.000000e+00  0.000000e+00 -1.000000e+00
   outer loop
     vertex -3.683796e+00 -9.296754e+00  2.200000e+01
     vertex -5.525695e+00 -1.394513e+01  2.200000e+01
     vertex -3.937458e+00 -9.192194e+00  2.200000e+01
   endloop
 endfacet
 facet normal  0.000000e+00  0.000000e+00 -1.000000e+00
   outer loop
     vertex -9.321804e+00 -3.619940e+00  2.200000e+01
     vertex -1.382848e+01 -5.811469e+00  2.200000e+01
     vertex -1.398271e+01 -5.429911e+00  2.200000e+01
   endloop
 endfacet
 facet normal  0.000000e+00 -0.000000e+00 -1.000000e+00
   outer loop
     vertex -9.321804e+00 -3.619940e+00  2.200000e+01
     vertex -9.218986e+00 -3.874313e+00  2.200000e+01
     vertex -1.382848e+01 -5.811469e+00  2.200000e+01
   endloop
 endfacet
 facet normal -0.000000e+00  0.000000e+00 -1.000000e+00
   outer loop
     vertex -3.427362e+00 -9.394317e+00  2.200000e+01
     vertex -5.525695e+00 -1.394513e+01  2.200000e+01
     vertex -3.683796e+00 -9.296754e+00  2.200000e+01
   endloop
 endfacet
 facet normal  0.000000e+00  0.000000e+00 -1.000000e+00
   outer loop
     vertex -3.427362e+00 -9.394317e+00  2.200000e+01
     vertex -5.141043e+00 -1.409148e+01  2.200000e+01
     vertex -5.525695e+00 -1.394513e+01  2.200000e+01
   endloop
 endfacet
 facet normal  0.000000e+00  0.000000e+00 -1.000000e+00
   outer loop
     vertex -9.417605e+00 -3.362843e+00  2.200000e+01
     vertex -1.412641e+01 -5.044265e+00  2.200000e+01
     vertex -1.425948e+01 -4.654822e+00  2.200000e+01
   endloop
 endfacet
 facet normal  0.000000e+00  0.000000e+00 -1.000000e+00
   outer loop
     vertex -9.417605e+00 -3.362843e+00  2.200000e+01
     vertex -1.398271e+01 -5.429911e+00  2.200000e+01
     vertex -1.412641e+01 -5.044265e+00  2.200000e+01
   endloop
 endfacet
 facet normal  0.000000e+00 -0.000000e+00 -1.000000e+00
   outer loop
     vertex -9.417605e+00 -3.362843e+00  2.200000e+01
     vertex -9.321804e+00 -3.619940e+00  2.200000e+01
     vertex -1.398271e+01 -5.429911e+00  2.200000e+01
   endloop
 endfacet
 facet normal -0.000000e+00  0.000000e+00 -1.000000e+00
   outer loop
     vertex -3.168348e+00 -9.484807e+00  2.200000e+01
     vertex -5.141043e+00 -1.409148e+01  2.200000e+01
     vertex -3.427362e+00 -9.394317e+00  2.200000e+01
   endloop
 endfacet
 facet normal  0.000000e+00  0.000000e+00 -1.000000e+00
   outer loop
     vertex -3.168348e+00 -9.484807e+00  2.200000e+01
     vertex -4.752522e+00 -1.422721e+01  2.200000e+01
     vertex -5.141043e+00 -1.409148e+01  2.200000e+01
   endloop
 endfacet
 facet normal  0.000000e+00 -0.000000e+00 -1.000000e+00
   outer loop
     vertex -9.506317e+00 -3.103214e+00  2.200000e+01
     vertex -9.417605e+00 -3.362843e+00  2.200000e+01
     vertex -1.425948e+01 -4.654822e+00  2.200000e+01
   endloop
 endfacet
 facet normal -0.000000e+00  0.000000e+00 -1.000000e+00
   outer loop
     vertex -2.906949e+00 -9.568158e+00  2.200000e+01
     vertex -4.752522e+00 -1.422721e+01  2.200000e+01
     vertex -3.168348e+00 -9.484807e+00  2.200000e+01
   endloop
 endfacet
 facet normal  0.000000e+00  0.000000e+00 -1.000000e+00
   outer loop
     vertex -2.906949e+00 -9.568158e+00  2.200000e+01
     vertex -4.360424e+00 -1.435224e+01  2.200000e+01
     vertex -4.752522e+00 -1.422721e+01  2.200000e+01
   endloop
 endfacet
 facet normal  0.000000e+00  0.000000e+00 -1.000000e+00
   outer loop
     vertex -2.906949e+00 -9.568158e+00  2.200000e+01
     vertex -3.965042e+00 -1.446646e+01  2.200000e+01
     vertex -4.360424e+00 -1.435224e+01  2.200000e+01
   endloop
 endfacet
 facet normal  0.000000e+00 -0.000000e+00 -1.000000e+00
   outer loop
     vertex -9.587873e+00 -2.841250e+00  2.200000e+01
     vertex -9.506317e+00 -3.103214e+00  2.200000e+01
     vertex -1.425948e+01 -4.654822e+00  2.200000e+01
   endloop
 endfacet
 facet normal  0.000000e+00  0.000000e+00 -1.000000e+00
   outer loop
     vertex -9.587873e+00 -2.841250e+00  2.200000e+01
     vertex -1.425948e+01 -4.654822e+00  2.200000e+01
     vertex -1.438181e+01 -4.261874e+00  2.200000e+01
   endloop
 endfacet
 facet normal -0.000000e+00  0.000000e+00 -1.000000e+00
   outer loop
     vertex -2.643362e+00 -9.644306e+00  2.200000e+01
     vertex -3.965042e+00 -1.446646e+01  2.200000e+01
     vertex -2.906949e+00 -9.568158e+00  2.200000e+01
   endloop
 endfacet
 facet normal  0.000000e+00  0.000000e+00 -1.000000e+00
   outer loop
     vertex -9.662211e+00 -2.577146e+00  2.200000e+01
     vertex -1.449332e+01 -3.865719e+00  2.200000e+01
     vertex -1.459391e+01 -3.466654e+00  2.200000e+01
   endloop
 endfacet
 facet normal  0.000000e+00  0.000000e+00 -1.000000e+00
   outer loop
     vertex -9.662211e+00 -2.577146e+00  2.200000e+01
     vertex -1.438181e+01 -4.261874e+00  2.200000e+01
     vertex -1.449332e+01 -3.865719e+00  2.200000e+01
   endloop
 endfacet
 facet normal  0.000000e+00 -0.000000e+00 -1.000000e+00
   outer loop
     vertex -9.662211e+00 -2.577146e+00  2.200000e+01
     vertex -9.587873e+00 -2.841250e+00  2.200000e+01
     vertex -1.438181e+01 -4.261874e+00  2.200000e+01
   endloop
 endfacet
 facet normal -0.000000e+00  0.000000e+00 -1.000000e+00
   outer loop
     vertex -2.377784e+00 -9.713194e+00  2.200000e+01
     vertex -3.965042e+00 -1.446646e+01  2.200000e+01
     vertex -2.643362e+00 -9.644306e+00  2.200000e+01
   endloop
 endfacet
 facet normal  0.000000e+00  0.000000e+00 -1.000000e+00
   outer loop
     vertex -2.377784e+00 -9.713194e+00  2.200000e+01
     vertex -3.566676e+00 -1.456979e+01  2.200000e+01
     vertex -3.965042e+00 -1.446646e+01  2.200000e+01
   endloop
 endfacet
 facet normal  0.000000e+00 -0.000000e+00 -1.000000e+00
   outer loop
     vertex -9.729276e+00 -2.311102e+00  2.200000e+01
     vertex -9.662211e+00 -2.577146e+00  2.200000e+01
     vertex -1.459391e+01 -3.466654e+00  2.200000e+01
   endloop
 endfacet
 facet normal  0.000000e+00  0.000000e+00 -1.000000e+00
   outer loop
     vertex -2.110417e+00 -9.774771e+00  2.200000e+01
     vertex -3.165626e+00 -1.466216e+01  2.200000e+01
     vertex -3.566676e+00 -1.456979e+01  2.200000e+01
   endloop
 endfacet
 facet normal -0.000000e+00  0.000000e+00 -1.000000e+00
   outer loop
     vertex -2.110417e+00 -9.774771e+00  2.200000e+01
     vertex -3.566676e+00 -1.456979e+01  2.200000e+01
     vertex -2.377784e+00 -9.713194e+00  2.200000e+01
   endloop
 endfacet
 facet normal  0.000000e+00 -0.000000e+00 -1.000000e+00
   outer loop
     vertex -9.789017e+00 -2.043319e+00  2.200000e+01
     vertex -9.729276e+00 -2.311102e+00  2.200000e+01
     vertex -1.459391e+01 -3.466654e+00  2.200000e+01
   endloop
 endfacet
 facet normal  0.000000e+00  0.000000e+00 -1.000000e+00
   outer loop
     vertex -9.789017e+00 -2.043319e+00  2.200000e+01
     vertex -1.468352e+01 -3.064979e+00  2.200000e+01
     vertex -1.476208e+01 -2.660997e+00  2.200000e+01
   endloop
 endfacet
 facet normal  0.000000e+00  0.000000e+00 -1.000000e+00
   outer loop
     vertex -9.789017e+00 -2.043319e+00  2.200000e+01
     vertex -1.459391e+01 -3.466654e+00  2.200000e+01
     vertex -1.468352e+01 -3.064979e+00  2.200000e+01
   endloop
 endfacet
 facet normal -0.000000e+00  0.000000e+00 -1.000000e+00
   outer loop
     vertex -1.841461e+00 -9.828989e+00  2.200000e+01
     vertex -3.165626e+00 -1.466216e+01  2.200000e+01
     vertex -2.110417e+00 -9.774771e+00  2.200000e+01
   endloop
 endfacet
 facet normal  0.000000e+00  0.000000e+00 -1.000000e+00
   outer loop
     vertex -1.841461e+00 -9.828989e+00  2.200000e+01
     vertex -2.762192e+00 -1.474348e+01  2.200000e+01
     vertex -3.165626e+00 -1.466216e+01  2.200000e+01
   endloop
 endfacet
 facet normal  0.000000e+00 -0.000000e+00 -1.000000e+00
   outer loop
     vertex -9.841389e+00 -1.773998e+00  2.200000e+01
     vertex -9.789017e+00 -2.043319e+00  2.200000e+01
     vertex -1.476208e+01 -2.660997e+00  2.200000e+01
   endloop
 endfacet
 facet normal  0.000000e+00  0.000000e+00 -1.000000e+00
   outer loop
     vertex -1.571119e+00 -9.875808e+00  2.200000e+01
     vertex -2.356679e+00 -1.481371e+01  2.200000e+01
     vertex -2.762192e+00 -1.474348e+01  2.200000e+01
   endloop
 endfacet
 facet normal -0.000000e+00  0.000000e+00 -1.000000e+00
   outer loop
     vertex -1.571119e+00 -9.875808e+00  2.200000e+01
     vertex -2.762192e+00 -1.474348e+01  2.200000e+01
     vertex -1.841461e+00 -9.828989e+00  2.200000e+01
   endloop
 endfacet
 facet normal  0.000000e+00  0.000000e+00 -1.000000e+00
   outer loop
     vertex -9.886353e+00 -1.503341e+00  2.200000e+01
     vertex -1.476208e+01 -2.660997e+00  2.200000e+01
     vertex -1.482953e+01 -2.255011e+00  2.200000e+01
   endloop
 endfacet
 facet normal  0.000000e+00 -0.000000e+00 -1.000000e+00
   outer loop
     vertex -9.886353e+00 -1.503341e+00  2.200000e+01
     vertex -9.841389e+00 -1.773998e+00  2.200000e+01
     vertex -1.476208e+01 -2.660997e+00  2.200000e+01
   endloop
 endfacet
 facet normal  0.000000e+00  0.000000e+00 -1.000000e+00
   outer loop
     vertex -1.299594e+00 -9.915193e+00  2.200000e+01
     vertex -1.949392e+00 -1.487279e+01  2.200000e+01
     vertex -2.356679e+00 -1.481371e+01  2.200000e+01
   endloop
 endfacet
 facet normal  0.000000e+00  0.000000e+00 -1.000000e+00
   outer loop
     vertex -1.299594e+00 -9.915193e+00  2.200000e+01
     vertex -1.540637e+00 -1.492067e+01  2.200000e+01
     vertex -1.949392e+00 -1.487279e+01  2.200000e+01
   endloop
 endfacet
 facet normal -0.000000e+00  0.000000e+00 -1.000000e+00
   outer loop
     vertex -1.299594e+00 -9.915193e+00  2.200000e+01
     vertex -2.356679e+00 -1.481371e+01  2.200000e+01
     vertex -1.571119e+00 -9.875808e+00  2.200000e+01
   endloop
 endfacet
 facet normal  0.000000e+00  0.000000e+00 -1.000000e+00
   outer loop
     vertex -9.923874e+00 -1.231552e+00  2.200000e+01
     vertex -1.488581e+01 -1.847329e+00  2.200000e+01
     vertex -1.493089e+01 -1.438255e+00  2.200000e+01
   endloop
 endfacet
 facet normal  0.000000e+00  0.000000e+00 -1.000000e+00
   outer loop
     vertex -9.923874e+00 -1.231552e+00  2.200000e+01
     vertex -1.482953e+01 -2.255011e+00  2.200000e+01
     vertex -1.488581e+01 -1.847329e+00  2.200000e+01
   endloop
 endfacet
 facet normal  0.000000e+00 -0.000000e+00 -1.000000e+00
   outer loop
     vertex -9.923874e+00 -1.231552e+00  2.200000e+01
     vertex -9.886353e+00 -1.503341e+00  2.200000e+01
     vertex -1.482953e+01 -2.255011e+00  2.200000e+01
   endloop
 endfacet
 facet normal  0.000000e+00  0.000000e+00 -1.000000e+00
   outer loop
     vertex -1.027091e+00 -9.947114e+00  2.200000e+01
     vertex -1.130723e+00 -1.495732e+01  2.200000e+01
     vertex -1.540637e+00 -1.492067e+01  2.200000e+01
   endloop
 endfacet
 facet normal -0.000000e+00  0.000000e+00 -1.000000e+00
   outer loop
     vertex -1.027091e+00 -9.947114e+00  2.200000e+01
     vertex -1.540637e+00 -1.492067e+01  2.200000e+01
     vertex -1.299594e+00 -9.915193e+00  2.200000e+01
   endloop
 endfacet
 facet normal  0.000000e+00 -0.000000e+00 -1.000000e+00
   outer loop
     vertex -9.953925e+00 -9.588368e-01  2.200000e+01
     vertex -9.923874e+00 -1.231552e+00  2.200000e+01
     vertex -1.493089e+01 -1.438255e+00  2.200000e+01
   endloop
 endfacet
 facet normal -0.000000e+00  0.000000e+00 -1.000000e+00
   outer loop
     vertex -7.538152e-01 -9.971548e+00  2.200000e+01
     vertex -1.130723e+00 -1.495732e+01  2.200000e+01
     vertex -1.027091e+00 -9.947114e+00  2.200000e+01
   endloop
 endfacet
 facet normal  0.000000e+00 -0.000000e+00 -1.000000e+00
   outer loop
     vertex -9.976484e+00 -6.853995e-01  2.200000e+01
     vertex -9.953925e+00 -9.588368e-01  2.200000e+01
     vertex -1.493089e+01 -1.438255e+00  2.200000e+01
   endloop
 endfacet
 facet normal  0.000000e+00  0.000000e+00 -1.000000e+00
   outer loop
     vertex -9.976484e+00 -6.853995e-01  2.200000e+01
     vertex -1.493089e+01 -1.438255e+00  2.200000e+01
     vertex -1.496473e+01 -1.028099e+00  2.200000e+01
   endloop
 endfacet
 facet normal -0.000000e+00  0.000000e+00 -1.000000e+00
   outer loop
     vertex -4.799716e-01 -9.988475e+00  2.200000e+01
     vertex -1.130723e+00 -1.495732e+01  2.200000e+01
     vertex -7.538152e-01 -9.971548e+00  2.200000e+01
   endloop
 endfacet
 facet normal  0.000000e+00  0.000000e+00 -1.000000e+00
   outer loop
     vertex -4.799716e-01 -9.988475e+00  2.200000e+01
     vertex -7.199574e-01 -1.498271e+01  2.200000e+01
     vertex -1.130723e+00 -1.495732e+01  2.200000e+01
   endloop
 endfacet
 facet normal  0.000000e+00 -0.000000e+00 -1.000000e+00
   outer loop
     vertex -4.799716e-01 -9.988475e+00  2.200000e+01
     vertex -3.086500e-01 -1.499682e+01  2.200000e+01
     vertex -7.199574e-01 -1.498271e+01  2.200000e+01
   endloop
 endfacet
 facet normal  0.000000e+00  0.000000e+00 -1.000000e+00
   outer loop
     vertex -9.991532e+00 -4.114462e-01  2.200000e+01
     vertex -1.496473e+01 -1.028099e+00  2.200000e+01
     vertex -1.498730e+01 -6.171693e-01  2.200000e+01
   endloop
 endfacet
 facet normal  0.000000e+00 -0.000000e+00 -1.000000e+00
   outer loop
     vertex -9.991532e+00 -4.114462e-01  2.200000e+01
     vertex -9.976484e+00 -6.853995e-01  2.200000e+01
     vertex -1.496473e+01 -1.028099e+00  2.200000e+01
   endloop
 endfacet
 facet normal -0.000000e+00  0.000000e+00 -1.000000e+00
   outer loop
     vertex -2.057667e-01 -9.997883e+00  2.200000e+01
     vertex -3.086500e-01 -1.499682e+01  2.200000e+01
     vertex -4.799716e-01 -9.988475e+00  2.200000e+01
   endloop
 endfacet
 facet normal  0.000000e+00  0.000000e+00 -1.000000e+00
   outer loop
     vertex -9.999059e+00 -1.371831e-01  2.200000e+01
     vertex -1.498730e+01 -6.171693e-01  2.200000e+01
     vertex -1.499859e+01 -2.057747e-01  2.200000e+01
   endloop
 endfacet
 facet normal  0.000000e+00 -0.000000e+00 -1.000000e+00
   outer loop
     vertex -9.999059e+00 -1.371831e-01  2.200000e+01
     vertex -9.991532e+00 -4.114462e-01  2.200000e+01
     vertex -1.498730e+01 -6.171693e-01  2.200000e+01
   endloop
 endfacet
 facet normal  0.000000e+00 -0.000000e+00 -1.000000e+00
   outer loop
     vertex  6.859319e-02 -9.999765e+00  2.200000e+01
     vertex  1.028898e-01 -1.499965e+01  2.200000e+01
     vertex -3.086500e-01 -1.499682e+01  2.200000e+01
   endloop
 endfacet
 facet normal -0.000000e+00  0.000000e+00 -1.000000e+00
   outer loop
     vertex  6.859319e-02 -9.999765e+00  2.200000e+01
     vertex -3.086500e-01 -1.499682e+01  2.200000e+01
     vertex -2.057667e-01 -9.997883e+00  2.200000e+01
   endloop
 endfacet
 facet normal -0.000000e+00  0.000000e+00 -1.000000e+00
   outer loop
     vertex -9.999059e+00  1.371831e-01  2.200000e+01
     vertex -1.499859e+01 -2.057747e-01  2.200000e+01
     vertex -1.499859e+01  2.057747e-01  2.200000e+01
   endloop
 endfacet
 facet normal  0.000000e+00 -0.000000e+00 -1.000000e+00
   outer loop
     vertex -9.999059e+00  1.371831e-01  2.200000e+01
     vertex -9.999059e+00 -1.371831e-01  2.200000e+01
     vertex -1.499859e+01 -2.057747e-01  2.200000e+01
   endloop
 endfacet
 facet normal  0.000000e+00 -0.000000e+00 -1.000000e+00
   outer loop
     vertex  3.429014e-01 -9.994119e+00  2.200000e+01
     vertex  5.143521e-01 -1.499118e+01  2.200000e+01
     vertex  1.028898e-01 -1.499965e+01  2.200000e+01
   endloop
 endfacet
 facet normal  0.000000e+00  0.000000e+00 -1.000000e+00
   outer loop
     vertex  3.429014e-01 -9.994119e+00  2.200000e+01
     vertex  1.028898e-01 -1.499965e+01  2.200000e+01
     vertex  6.859319e-02 -9.999765e+00  2.200000e+01
   endloop
 endfacet
 facet normal -0.000000e+00  0.000000e+00 -1.000000e+00
   outer loop
     vertex -9.991532e+00  4.114462e-01  2.200000e+01
     vertex -1.499859e+01  2.057747e-01  2.200000e+01
     vertex -1.498730e+01  6.171693e-01  2.200000e+01
   endloop
 endfacet
 facet normal  0.000000e+00  0.000000e+00 -1.000000e+00
   outer loop
     vertex -9.991532e+00  4.114462e-01  2.200000e+01
     vertex -9.999059e+00  1.371831e-01  2.200000e+01
     vertex -1.499859e+01  2.057747e-01  2.200000e+01
   endloop
 endfacet
 facet normal  0.000000e+00  0.000000e+00 -1.000000e+00
   outer loop
     vertex  6.169515e-01 -9.980950e+00  2.200000e+01
     vertex  5.143521e-01 -1.499118e+01  2.200000e+01
     vertex  3.429014e-01 -9.994119e+00  2.200000e+01
   endloop
 endfacet
 facet normal  0.000000e+00 -0.000000e+00 -1.000000e+00
   outer loop
     vertex  6.169515e-01 -9.980950e+00  2.200000e+01
     vertex  9.254272e-01 -1.497143e+01  2.200000e+01
     vertex  5.143521e-01 -1.499118e+01  2.200000e+01
   endloop
 endfacet
 facet normal -0.000000e+00  0.000000e+00 -1.000000e+00
   outer loop
     vertex -9.976484e+00  6.853995e-01  2.200000e+01
     vertex -1.498730e+01  6.171693e-01  2.200000e+01
     vertex -1.496473e+01  1.028099e+00  2.200000e+01
   endloop
 endfacet
 facet normal  0.000000e+00  0.000000e+00 -1.000000e+00
   outer loop
     vertex -9.976484e+00  6.853995e-01  2.200000e+01
     vertex -9.991532e+00  4.114462e-01  2.200000e+01
     vertex -1.498730e+01  6.171693e-01  2.200000e+01
   endloop
 endfacet
 facet normal  0.000000e+00  0.000000e+00 -1.000000e+00
   outer loop
     vertex  8.905371e-01 -9.960268e+00  2.200000e+01
     vertex  1.335806e+00 -1.494040e+01  2.200000e+01
     vertex  9.254272e-01 -1.497143e+01  2.200000e+01
   endloop
 endfacet
 facet normal  0.000000e+00 -0.000000e+00 -1.000000e+00
   outer loop
     vertex  8.905371e-01 -9.960268e+00  2.200000e+01
     vertex  9.254272e-01 -1.497143e+01  2.200000e+01
     vertex  6.169515e-01 -9.980950e+00  2.200000e+01
   endloop
 endfacet
 facet normal  0.000000e+00  0.000000e+00 -1.000000e+00
   outer loop
     vertex -9.953925e+00  9.588368e-01  2.200000e+01
     vertex -1.496473e+01  1.028099e+00  2.200000e+01
     vertex -1.493089e+01  1.438255e+00  2.200000e+01
   endloop
 endfacet
 facet normal -0.000000e+00  0.000000e+00 -1.000000e+00
   outer loop
     vertex -9.953925e+00  9.588368e-01  2.200000e+01
     vertex -9.976484e+00  6.853995e-01  2.200000e+01
     vertex -1.496473e+01  1.028099e+00  2.200000e+01
   endloop
 endfacet
 facet normal  0.000000e+00  0.000000e+00 -1.000000e+00
   outer loop
     vertex  1.163452e+00 -9.932088e+00  2.200000e+01
     vertex  1.745179e+00 -1.489813e+01  2.200000e+01
     vertex  1.335806e+00 -1.494040e+01  2.200000e+01
   endloop
 endfacet
 facet normal  0.000000e+00 -0.000000e+00 -1.000000e+00
   outer loop
     vertex  1.163452e+00 -9.932088e+00  2.200000e+01
     vertex  1.335806e+00 -1.494040e+01  2.200000e+01
     vertex  8.905371e-01 -9.960268e+00  2.200000e+01
   endloop
 endfacet
 facet normal  0.000000e+00  0.000000e+00 -1.000000e+00
   outer loop
     vertex -9.923874e+00  1.231552e+00  2.200000e+01
     vertex -1.493089e+01  1.438255e+00  2.200000e+01
     vertex -1.488581e+01  1.847329e+00  2.200000e+01
   endloop
 endfacet
 facet normal -0.000000e+00  0.000000e+00 -1.000000e+00
   outer loop
     vertex -9.923874e+00  1.231552e+00  2.200000e+01
     vertex -9.953925e+00  9.588368e-01  2.200000e+01
     vertex -1.493089e+01  1.438255e+00  2.200000e+01
   endloop
 endfacet
 facet normal  0.000000e+00 -0.000000e+00 -1.000000e+00
   outer loop
     vertex  1.435492e+00 -9.896432e+00  2.200000e+01
     vertex  1.745179e+00 -1.489813e+01  2.200000e+01
     vertex  1.163452e+00 -9.932088e+00  2.200000e+01
   endloop
 endfacet
 facet normal  0.000000e+00  0.000000e+00 -1.000000e+00
   outer loop
     vertex  1.435492e+00 -9.896432e+00  2.200000e+01
     vertex  2.153238e+00 -1.484465e+01  2.200000e+01
     vertex  1.745179e+00 -1.489813e+01  2.200000e+01
   endloop
 endfacet
 facet normal  0.000000e+00  0.000000e+00 -1.000000e+00
   outer loop
     vertex -9.886353e+00  1.503341e+00  2.200000e+01
     vertex -1.488581e+01  1.847329e+00  2.200000e+01
     vertex -1.482953e+01  2.255011e+00  2.200000e+01
   endloop
 endfacet
 facet normal -0.000000e+00  0.000000e+00 -1.000000e+00
   outer loop
     vertex -9.886353e+00  1.503341e+00  2.200000e+01
     vertex -9.923874e+00  1.231552e+00  2.200000e+01
     vertex -1.488581e+01  1.847329e+00  2.200000e+01
   endloop
 endfacet
 facet normal  0.000000e+00 -0.000000e+00 -1.000000e+00
   outer loop
     vertex  1.706451e+00 -9.853326e+00  2.200000e+01
     vertex  2.153238e+00 -1.484465e+01  2.200000e+01
     vertex  1.435492e+00 -9.896432e+00  2.200000e+01
   endloop
 endfacet
 facet normal  0.000000e+00  0.000000e+00 -1.000000e+00
   outer loop
     vertex  1.706451e+00 -9.853326e+00  2.200000e+01
     vertex  2.559676e+00 -1.477999e+01  2.200000e+01
     vertex  2.153238e+00 -1.484465e+01  2.200000e+01
   endloop
 endfacet
 facet normal  0.000000e+00  0.000000e+00 -1.000000e+00
   outer loop
     vertex  1.706451e+00 -9.853326e+00  2.200000e+01
     vertex  2.964188e+00 -1.470420e+01  2.200000e+01
     vertex  2.559676e+00 -1.477999e+01  2.200000e+01
   endloop
 endfacet
 facet normal  0.000000e+00  0.000000e+00 -1.000000e+00
   outer loop
     vertex -9.841389e+00  1.773998e+00  2.200000e+01
     vertex -1.476208e+01  2.660997e+00  2.200000e+01
     vertex -1.468352e+01  3.064979e+00  2.200000e+01
   endloop
 endfacet
 facet normal  0.000000e+00  0.000000e+00 -1.000000e+00
   outer loop
     vertex -9.841389e+00  1.773998e+00  2.200000e+01
     vertex -1.482953e+01  2.255011e+00  2.200000e+01
     vertex -1.476208e+01  2.660997e+00  2.200000e+01
   endloop
 endfacet
 facet normal -0.000000e+00  0.000000e+00 -1.000000e+00
   outer loop
     vertex -9.841389e+00  1.773998e+00  2.200000e+01
     vertex -9.886353e+00  1.503341e+00  2.200000e+01
     vertex -1.482953e+01  2.255011e+00  2.200000e+01
   endloop
 endfacet
 facet normal  0.000000e+00 -0.000000e+00 -1.000000e+00
   outer loop
     vertex  1.976125e+00 -9.802802e+00  2.200000e+01
     vertex  2.964188e+00 -1.470420e+01  2.200000e+01
     vertex  1.706451e+00 -9.853326e+00  2.200000e+01
   endloop
 endfacet
 facet normal -0.000000e+00  0.000000e+00 -1.000000e+00
   outer loop
     vertex -9.789017e+00  2.043319e+00  2.200000e+01
     vertex -9.841389e+00  1.773998e+00  2.200000e+01
     vertex -1.468352e+01  3.064979e+00  2.200000e+01
   endloop
 endfacet
 facet normal  0.000000e+00 -0.000000e+00 -1.000000e+00
   outer loop
     vertex  2.244312e+00 -9.744899e+00  2.200000e+01
     vertex  2.964188e+00 -1.470420e+01  2.200000e+01
     vertex  1.976125e+00 -9.802802e+00  2.200000e+01
   endloop
 endfacet
 facet normal  0.000000e+00  0.000000e+00 -1.000000e+00
   outer loop
     vertex  2.244312e+00 -9.744899e+00  2.200000e+01
     vertex  3.366468e+00 -1.461735e+01  2.200000e+01
     vertex  2.964188e+00 -1.470420e+01  2.200000e+01
   endloop
 endfacet
 facet normal  0.000000e+00  0.000000e+00 -1.000000e+00
   outer loop
     vertex -9.729276e+00  2.311102e+00  2.200000e+01
     vertex -1.468352e+01  3.064979e+00  2.200000e+01
     vertex -1.459391e+01  3.466654e+00  2.200000e+01
   endloop
 endfacet
 facet normal -0.000000e+00  0.000000e+00 -1.000000e+00
   outer loop
     vertex -9.729276e+00  2.311102e+00  2.200000e+01
     vertex -9.789017e+00  2.043319e+00  2.200000e+01
     vertex -1.468352e+01  3.064979e+00  2.200000e+01
   endloop
 endfacet
 facet normal  0.000000e+00 -0.000000e+00 -1.000000e+00
   outer loop
     vertex  2.510809e+00 -9.679661e+00  2.200000e+01
     vertex  3.366468e+00 -1.461735e+01  2.200000e+01
     vertex  2.244312e+00 -9.744899e+00  2.200000e+01
   endloop
 endfacet
 facet normal  0.000000e+00  0.000000e+00 -1.000000e+00
   outer loop
     vertex  2.510809e+00 -9.679661e+00  2.200000e+01
     vertex  3.766214e+00 -1.451949e+01  2.200000e+01
     vertex  3.366468e+00 -1.461735e+01  2.200000e+01
   endloop
 endfacet
 facet normal  0.000000e+00  0.000000e+00 -1.000000e+00
   outer loop
     vertex -9.662211e+00  2.577146e+00  2.200000e+01
     vertex -1.459391e+01  3.466654e+00  2.200000e+01
     vertex -1.449332e+01  3.865719e+00  2.200000e+01
   endloop
 endfacet
 facet normal -0.000000e+00  0.000000e+00 -1.000000e+00
   outer loop
     vertex -9.662211e+00  2.577146e+00  2.200000e+01
     vertex -9.729276e+00  2.311102e+00  2.200000e+01
     vertex -1.459391e+01  3.466654e+00  2.200000e+01
   endloop
 endfacet
 facet normal  0.000000e+00 -0.000000e+00 -1.000000e+00
   outer loop
     vertex  2.775416e+00 -9.607136e+00  2.200000e+01
     vertex  3.766214e+00 -1.451949e+01  2.200000e+01
     vertex  2.510809e+00 -9.679661e+00  2.200000e+01
   endloop
 endfacet
 facet normal  0.000000e+00  0.000000e+00 -1.000000e+00
   outer loop
     vertex  2.775416e+00 -9.607136e+00  2.200000e+01
     vertex  4.163125e+00 -1.441070e+01  2.200000e+01
     vertex  3.766214e+00 -1.451949e+01  2.200000e+01
   endloop
 endfacet
 facet normal  0.000000e+00  0.000000e+00 -1.000000e+00
   outer loop
     vertex -9.587873e+00  2.841250e+00  2.200000e+01
     vertex -1.449332e+01  3.865719e+00  2.200000e+01
     vertex -1.438181e+01  4.261874e+00  2.200000e+01
   endloop
 endfacet
 facet normal -0.000000e+00  0.000000e+00 -1.000000e+00
   outer loop
     vertex -9.587873e+00  2.841250e+00  2.200000e+01
     vertex -9.662211e+00  2.577146e+00  2.200000e+01
     vertex -1.449332e+01  3.865719e+00  2.200000e+01
   endloop
 endfacet
 facet normal  0.000000e+00 -0.000000e+00 -1.000000e+00
   outer loop
     vertex  3.037934e+00 -9.527379e+00  2.200000e+01
     vertex  4.163125e+00 -1.441070e+01  2.200000e+01
     vertex  2.775416e+00 -9.607136e+00  2.200000e+01
   endloop
 endfacet
 facet normal  0.000000e+00  0.000000e+00 -1.000000e+00
   outer loop
     vertex  3.037934e+00 -9.527379e+00  2.200000e+01
     vertex  4.556902e+00 -1.429107e+01  2.200000e+01
     vertex  4.163125e+00 -1.441070e+01  2.200000e+01
   endloop
 endfacet
 facet normal  0.000000e+00  0.000000e+00 -1.000000e+00
   outer loop
     vertex -9.506317e+00  3.103214e+00  2.200000e+01
     vertex -1.425948e+01  4.654822e+00  2.200000e+01
     vertex -1.412641e+01  5.044265e+00  2.200000e+01
   endloop
 endfacet
 facet normal  0.000000e+00  0.000000e+00 -1.000000e+00
   outer loop
     vertex -9.506317e+00  3.103214e+00  2.200000e+01
     vertex -1.438181e+01  4.261874e+00  2.200000e+01
     vertex -1.425948e+01  4.654822e+00  2.200000e+01
   endloop
 endfacet
 facet normal -0.000000e+00  0.000000e+00 -1.000000e+00
   outer loop
     vertex -9.506317e+00  3.103214e+00  2.200000e+01
     vertex -9.587873e+00  2.841250e+00  2.200000e+01
     vertex -1.438181e+01  4.261874e+00  2.200000e+01
   endloop
 endfacet
 facet normal  0.000000e+00  0.000000e+00 -1.000000e+00
   outer loop
     vertex  3.298166e+00 -9.440450e+00  2.200000e+01
     vertex  4.947248e+00 -1.416068e+01  2.200000e+01
     vertex  4.556902e+00 -1.429107e+01  2.200000e+01
   endloop
 endfacet
 facet normal  0.000000e+00 -0.000000e+00 -1.000000e+00
   outer loop
     vertex  3.298166e+00 -9.440450e+00  2.200000e+01
     vertex  4.556902e+00 -1.429107e+01  2.200000e+01
     vertex  3.037934e+00 -9.527379e+00  2.200000e+01
   endloop
 endfacet
 facet normal  0.000000e+00  0.000000e+00 -1.000000e+00
   outer loop
     vertex  3.298166e+00 -9.440450e+00  2.200000e+01
     vertex  5.333871e+00 -1.401962e+01  2.200000e+01
     vertex  4.947248e+00 -1.416068e+01  2.200000e+01
   endloop
 endfacet
 facet normal -0.000000e+00  0.000000e+00 -1.000000e+00
   outer loop
     vertex -9.417605e+00  3.362843e+00  2.200000e+01
     vertex -9.506317e+00  3.103214e+00  2.200000e+01
     vertex -1.412641e+01  5.044265e+00  2.200000e+01
   endloop
 endfacet
 facet normal  0.000000e+00 -0.000000e+00 -1.000000e+00
   outer loop
     vertex  3.555914e+00 -9.346415e+00  2.200000e+01
     vertex  5.333871e+00 -1.401962e+01  2.200000e+01
     vertex  3.298166e+00 -9.440450e+00  2.200000e+01
   endloop
 endfacet
 facet normal  0.000000e+00  0.000000e+00 -1.000000e+00
   outer loop
     vertex -9.321804e+00  3.619940e+00  2.200000e+01
     vertex -1.398271e+01  5.429911e+00  2.200000e+01
     vertex -1.382848e+01  5.811469e+00  2.200000e+01
   endloop
 endfacet
 facet normal  0.000000e+00  0.000000e+00 -1.000000e+00
   outer loop
     vertex -9.321804e+00  3.619940e+00  2.200000e+01
     vertex -1.412641e+01  5.044265e+00  2.200000e+01
     vertex -1.398271e+01  5.429911e+00  2.200000e+01
   endloop
 endfacet
 facet normal -0.000000e+00  0.000000e+00 -1.000000e+00
   outer loop
     vertex -9.321804e+00  3.619940e+00  2.200000e+01
     vertex -9.417605e+00  3.362843e+00  2.200000e+01
     vertex -1.412641e+01  5.044265e+00  2.200000e+01
   endloop
 endfacet
 facet normal  0.000000e+00 -0.000000e+00 -1.000000e+00
   outer loop
     vertex  3.810986e+00 -9.245344e+00  2.200000e+01
     vertex  5.333871e+00 -1.401962e+01  2.200000e+01
     vertex  3.555914e+00 -9.346415e+00  2.200000e+01
   endloop
 endfacet
 facet normal  0.000000e+00  0.000000e+00 -1.000000e+00
   outer loop
     vertex  3.810986e+00 -9.245344e+00  2.200000e+01
     vertex  5.716478e+00 -1.386802e+01  2.200000e+01
     vertex  5.333871e+00 -1.401962e+01  2.200000e+01
   endloop
 endfacet
 facet normal -0.000000e+00  0.000000e+00 -1.000000e+00
   outer loop
     vertex -9.218986e+00  3.874313e+00  2.200000e+01
     vertex -9.321804e+00  3.619940e+00  2.200000e+01
     vertex -1.382848e+01  5.811469e+00  2.200000e+01
   endloop
 endfacet
 facet normal  0.000000e+00  0.000000e+00 -1.000000e+00
   outer loop
     vertex  4.063188e+00 -9.137314e+00  2.200000e+01
     vertex  6.094783e+00 -1.370597e+01  2.200000e+01
     vertex  5.716478e+00 -1.386802e+01  2.200000e+01
   endloop
 endfacet
 facet normal  0.000000e+00 -0.000000e+00 -1.000000e+00
   outer loop
     vertex  4.063188e+00 -9.137314e+00  2.200000e+01
     vertex  5.716478e+00 -1.386802e+01  2.200000e+01
     vertex  3.810986e+00 -9.245344e+00  2.200000e+01
   endloop
 endfacet
 facet normal -0.000000e+00  0.000000e+00 -1.000000e+00
   outer loop
     vertex -9.109228e+00  4.125769e+00  2.200000e+01
     vertex -9.218986e+00  3.874313e+00  2.200000e+01
     vertex -1.382848e+01  5.811469e+00  2.200000e+01
   endloop
 endfacet
 facet normal  0.000000e+00  0.000000e+00 -1.000000e+00
   outer loop
     vertex -9.109228e+00  4.125769e+00  2.200000e+01
     vertex -1.382848e+01  5.811469e+00  2.200000e+01
     vertex -1.366384e+01  6.188653e+00  2.200000e+01
   endloop
 endfacet
 facet normal  0.000000e+00  0.000000e+00 -1.000000e+00
   outer loop
     vertex  4.312333e+00 -9.022405e+00  2.200000e+01
     vertex  6.468499e+00 -1.353361e+01  2.200000e+01
     vertex  6.094783e+00 -1.370597e+01  2.200000e+01
   endloop
 endfacet
 facet normal  0.000000e+00 -0.000000e+00 -1.000000e+00
   outer loop
     vertex  4.312333e+00 -9.022405e+00  2.200000e+01
     vertex  6.094783e+00 -1.370597e+01  2.200000e+01
     vertex  4.063188e+00 -9.137314e+00  2.200000e+01
   endloop
 endfacet
 facet normal -0.000000e+00  0.000000e+00 -1.000000e+00
   outer loop
     vertex -8.992613e+00  4.374119e+00  2.200000e+01
     vertex -9.109228e+00  4.125769e+00  2.200000e+01
     vertex -1.366384e+01  6.188653e+00  2.200000e+01
   endloop
 endfacet
 facet normal  0.000000e+00  0.000000e+00 -1.000000e+00
   outer loop
     vertex -8.992613e+00  4.374119e+00  2.200000e+01
     vertex -1.366384e+01  6.188653e+00  2.200000e+01
     vertex -1.348892e+01  6.561178e+00  2.200000e+01
   endloop
 endfacet
 facet normal  0.000000e+00 -0.000000e+00 -1.000000e+00
   outer loop
     vertex  4.558231e+00 -8.900704e+00  2.200000e+01
     vertex  6.468499e+00 -1.353361e+01  2.200000e+01
     vertex  4.312333e+00 -9.022405e+00  2.200000e+01
   endloop
 endfacet
 facet normal  0.000000e+00  0.000000e+00 -1.000000e+00
   outer loop
     vertex  4.558231e+00 -8.900704e+00  2.200000e+01
     vertex  6.837346e+00 -1.335106e+01  2.200000e+01
     vertex  6.468499e+00 -1.353361e+01  2.200000e+01
   endloop
 endfacet
 facet normal -0.000000e+00  0.000000e+00 -1.000000e+00
   outer loop
     vertex -8.869228e+00  4.619176e+00  2.200000e+01
     vertex -8.992613e+00  4.374119e+00  2.200000e+01
     vertex -1.348892e+01  6.561178e+00  2.200000e+01
   endloop
 endfacet
 facet normal  0.000000e+00  0.000000e+00 -1.000000e+00
   outer loop
     vertex -8.869228e+00  4.619176e+00  2.200000e+01
     vertex -1.348892e+01  6.561178e+00  2.200000e+01
     vertex -1.330384e+01  6.928764e+00  2.200000e+01
   endloop
 endfacet
 facet normal  0.000000e+00  0.000000e+00 -1.000000e+00
   outer loop
     vertex  4.800697e+00 -8.772303e+00  2.200000e+01
     vertex  7.201046e+00 -1.315845e+01  2.200000e+01
     vertex  6.837346e+00 -1.335106e+01  2.200000e+01
   endloop
 endfacet
 facet normal  0.000000e+00 -0.000000e+00 -1.000000e+00
   outer loop
     vertex  4.800697e+00 -8.772303e+00  2.200000e+01
     vertex  6.837346e+00 -1.335106e+01  2.200000e+01
     vertex  4.558231e+00 -8.900704e+00  2.200000e+01
   endloop
 endfacet
 facet normal -0.000000e+00  0.000000e+00 -1.000000e+00
   outer loop
     vertex -8.739167e+00  4.860756e+00  2.200000e+01
     vertex -8.869228e+00  4.619176e+00  2.200000e+01
     vertex -1.330384e+01  6.928764e+00  2.200000e+01
   endloop
 endfacet
 facet normal  0.000000e+00  0.000000e+00 -1.000000e+00
   outer loop
     vertex -8.739167e+00  4.860756e+00  2.200000e+01
     vertex -1.330384e+01  6.928764e+00  2.200000e+01
     vertex -1.310875e+01  7.291135e+00  2.200000e+01
   endloop
 endfacet
 facet normal  0.000000e+00  0.000000e+00 -1.000000e+00
   outer loop
     vertex  5.039550e+00 -8.637299e+00  2.200000e+01
     vertex  7.559325e+00 -1.295595e+01  2.200000e+01
     vertex  7.201046e+00 -1.315845e+01  2.200000e+01
   endloop
 endfacet
 facet normal  0.000000e+00 -0.000000e+00 -1.000000e+00
   outer loop
     vertex  5.039550e+00 -8.637299e+00  2.200000e+01
     vertex  7.201046e+00 -1.315845e+01  2.200000e+01
     vertex  4.800697e+00 -8.772303e+00  2.200000e+01
   endloop
 endfacet
 facet normal -0.000000e+00  0.000000e+00 -1.000000e+00
   outer loop
     vertex -8.602528e+00  5.098678e+00  2.200000e+01
     vertex -8.739167e+00  4.860756e+00  2.200000e+01
     vertex -1.310875e+01  7.291135e+00  2.200000e+01
   endloop
 endfacet
 facet normal  0.000000e+00  0.000000e+00 -1.000000e+00
   outer loop
     vertex -8.602528e+00  5.098678e+00  2.200000e+01
     vertex -1.310875e+01  7.291135e+00  2.200000e+01
     vertex -1.290379e+01  7.648016e+00  2.200000e+01
   endloop
 endfacet
 facet normal  0.000000e+00 -0.000000e+00 -1.000000e+00
   outer loop
     vertex  5.274609e+00 -8.495793e+00  2.200000e+01
     vertex  7.559325e+00 -1.295595e+01  2.200000e+01
     vertex  5.039550e+00 -8.637299e+00  2.200000e+01
   endloop
 endfacet
 facet normal  0.000000e+00  0.000000e+00 -1.000000e+00
   outer loop
     vertex  5.274609e+00 -8.495793e+00  2.200000e+01
     vertex  7.911914e+00 -1.274369e+01  2.200000e+01
     vertex  7.559325e+00 -1.295595e+01  2.200000e+01
   endloop
 endfacet
 facet normal -0.000000e+00  0.000000e+00 -1.000000e+00
   outer loop
     vertex -8.459413e+00  5.332761e+00  2.200000e+01
     vertex -8.602528e+00  5.098678e+00  2.200000e+01
     vertex -1.290379e+01  7.648016e+00  2.200000e+01
   endloop
 endfacet
 facet normal  0.000000e+00  0.000000e+00 -1.000000e+00
   outer loop
     vertex -8.459413e+00  5.332761e+00  2.200000e+01
     vertex -1.290379e+01  7.648016e+00  2.200000e+01
     vertex -1.268912e+01  7.999141e+00  2.200000e+01
   endloop
 endfacet
 facet normal  0.000000e+00 -0.000000e+00 -1.000000e+00
   outer loop
     vertex  5.505698e+00 -8.347891e+00  2.200000e+01
     vertex  7.911914e+00 -1.274369e+01  2.200000e+01
     vertex  5.274609e+00 -8.495793e+00  2.200000e+01
   endloop
 endfacet
 facet normal  0.000000e+00  0.000000e+00 -1.000000e+00
   outer loop
     vertex  5.505698e+00 -8.347891e+00  2.200000e+01
     vertex  8.258547e+00 -1.252184e+01  2.200000e+01
     vertex  7.911914e+00 -1.274369e+01  2.200000e+01
   endloop
 endfacet
 facet normal -0.000000e+00  0.000000e+00 -1.000000e+00
   outer loop
     vertex -8.309929e+00  5.562829e+00  2.200000e+01
     vertex -8.459413e+00  5.332761e+00  2.200000e+01
     vertex -1.268912e+01  7.999141e+00  2.200000e+01
   endloop
 endfacet
 facet normal -4.206703e-15 -7.561410e-15 -1.000000e+00
   outer loop
     vertex -8.309929e+00  5.562829e+00  2.200000e+01
     vertex -1.268912e+01  7.999141e+00  2.200000e+01
     vertex -1.246489e+01  8.344244e+00  2.200000e+01
   endloop
 endfacet
 facet normal  0.000000e+00 -0.000000e+00 -1.000000e+00
   outer loop
     vertex  5.732642e+00 -8.193706e+00  2.200000e+01
     vertex  8.258547e+00 -1.252184e+01  2.200000e+01
     vertex  5.505698e+00 -8.347891e+00  2.200000e+01
   endloop
 endfacet
 facet normal  0.000000e+00  0.000000e+00 -1.000000e+00
   outer loop
     vertex  5.732642e+00 -8.193706e+00  2.200000e+01
     vertex  8.598964e+00 -1.229056e+01  2.200000e+01
     vertex  8.258547e+00 -1.252184e+01  2.200000e+01
   endloop
 endfacet
 facet normal  5.850332e-16 -4.033636e-16 -1.000000e+00
   outer loop
     vertex -8.154191e+00  5.788711e+00  2.200000e+01
     vertex -8.309929e+00  5.562829e+00  2.200000e+01
     vertex -1.246489e+01  8.344244e+00  2.200000e+01
   endloop
 endfacet
 facet normal  5.850332e-16 -4.033636e-16 -1.000000e+00
   outer loop
     vertex -8.154191e+00  5.788711e+00  2.200000e+01
     vertex -1.246489e+01  8.344244e+00  2.200000e+01
     vertex -1.223129e+01  8.683066e+00  2.200000e+01
   endloop
 endfacet
 facet normal  0.000000e+00 -0.000000e+00 -1.000000e+00
   outer loop
     vertex  5.955271e+00 -8.033352e+00  2.200000e+01
     vertex  8.598964e+00 -1.229056e+01  2.200000e+01
     vertex  5.732642e+00 -8.193706e+00  2.200000e+01
   endloop
 endfacet
 facet normal  0.000000e+00  0.000000e+00 -1.000000e+00
   outer loop
     vertex  5.955271e+00 -8.033352e+00  2.200000e+01
     vertex  8.932907e+00 -1.205003e+01  2.200000e+01
     vertex  8.598964e+00 -1.229056e+01  2.200000e+01
   endloop
 endfacet
 facet normal  5.737471e-16 -4.192616e-16 -1.000000e+00
   outer loop
     vertex -7.992314e+00  6.010234e+00  2.200000e+01
     vertex -8.154191e+00  5.788711e+00  2.200000e+01
     vertex -1.223129e+01  8.683066e+00  2.200000e+01
   endloop
 endfacet
 facet normal  5.737471e-16 -4.192616e-16 -1.000000e+00
   outer loop
     vertex -7.992314e+00  6.010234e+00  2.200000e+01
     vertex -1.223129e+01  8.683066e+00  2.200000e+01
     vertex -1.198847e+01  9.015352e+00  2.200000e+01
   endloop
 endfacet
 facet normal -1.040320e-14 -7.712086e-15 -1.000000e+00
   outer loop
     vertex  6.173417e+00 -7.866951e+00  2.200000e+01
     vertex  8.932907e+00 -1.205003e+01  2.200000e+01
     vertex  5.955271e+00 -8.033352e+00  2.200000e+01
   endloop
 endfacet
 facet normal  4.309787e-16 -5.649986e-16 -1.000000e+00
   outer loop
     vertex  6.173417e+00 -7.866951e+00  2.200000e+01
     vertex  9.260126e+00 -1.180043e+01  2.200000e+01
     vertex  8.932907e+00 -1.205003e+01  2.200000e+01
   endloop
 endfacet
 facet normal  5.620291e-16 -4.348440e-16 -1.000000e+00
   outer loop
     vertex -7.824421e+00  6.227234e+00  2.200000e+01
     vertex -7.992314e+00  6.010234e+00  2.200000e+01
     vertex -1.198847e+01  9.015352e+00  2.200000e+01
   endloop
 endfacet
 facet normal  5.498880e-16 -4.500991e-16 -1.000000e+00
   outer loop
     vertex -7.824421e+00  6.227234e+00  2.200000e+01
     vertex -1.173663e+01  9.340851e+00  2.200000e+01
     vertex -1.147596e+01  9.659318e+00  2.200000e+01
   endloop
 endfacet
 facet normal  5.620291e-16 -4.348440e-16 -1.000000e+00
   outer loop
     vertex -7.824421e+00  6.227234e+00  2.200000e+01
     vertex -1.198847e+01  9.015352e+00  2.200000e+01
     vertex -1.173663e+01  9.340851e+00  2.200000e+01
   endloop
 endfacet
 facet normal  4.463167e-16 -5.529624e-16 -1.000000e+00
   outer loop
     vertex  6.386916e+00 -7.694628e+00  2.200000e+01
     vertex  9.260126e+00 -1.180043e+01  2.200000e+01
     vertex  6.173417e+00 -7.866951e+00  2.200000e+01
   endloop
 endfacet
 facet normal  4.463167e-16 -5.529624e-16 -1.000000e+00
   outer loop
     vertex  6.386916e+00 -7.694628e+00  2.200000e+01
     vertex  9.580374e+00 -1.154194e+01  2.200000e+01
     vertex  9.260126e+00 -1.180043e+01  2.200000e+01
   endloop
 endfacet
 facet normal  5.498880e-16 -4.500991e-16 -1.000000e+00
   outer loop
     vertex -7.650637e+00  6.439545e+00  2.200000e+01
     vertex -7.824421e+00  6.227234e+00  2.200000e+01
     vertex -1.147596e+01  9.659318e+00  2.200000e+01
   endloop
 endfacet
 facet normal  4.613187e-16 -5.405100e-16 -1.000000e+00
   outer loop
     vertex  6.595607e+00 -7.516513e+00  2.200000e+01
     vertex  9.580374e+00 -1.154194e+01  2.200000e+01
     vertex  6.386916e+00 -7.694628e+00  2.200000e+01
   endloop
 endfacet
 facet normal  4.613187e-16 -5.405100e-16 -1.000000e+00
   outer loop
     vertex  6.595607e+00 -7.516513e+00  2.200000e+01
     vertex  9.893410e+00 -1.127477e+01  2.200000e+01
     vertex  9.580374e+00 -1.154194e+01  2.200000e+01
   endloop
 endfacet
 facet normal  5.373330e-16 -4.650153e-16 -1.000000e+00
   outer loop
     vertex -7.471095e+00  6.647010e+00  2.200000e+01
     vertex -1.147596e+01  9.659318e+00  2.200000e+01
     vertex -1.120664e+01  9.970515e+00  2.200000e+01
   endloop
 endfacet
 facet normal  5.373330e-16 -4.650153e-16 -1.000000e+00
   outer loop
     vertex -7.471095e+00  6.647010e+00  2.200000e+01
     vertex -7.650637e+00  6.439545e+00  2.200000e+01
     vertex -1.147596e+01  9.659318e+00  2.200000e+01
   endloop
 endfacet
 facet normal  4.759734e-16 -5.276508e-16 -1.000000e+00
   outer loop
     vertex  6.799333e+00 -7.332740e+00  2.200000e+01
     vertex  9.893410e+00 -1.127477e+01  2.200000e+01
     vertex  6.595607e+00 -7.516513e+00  2.200000e+01
   endloop
 endfacet
 facet normal  4.759734e-16 -5.276508e-16 -1.000000e+00
   outer loop
     vertex  6.799333e+00 -7.332740e+00  2.200000e+01
     vertex  1.019900e+01 -1.099911e+01  2.200000e+01
     vertex  9.893410e+00 -1.127477e+01  2.200000e+01
   endloop
 endfacet
 facet normal  5.243735e-16 -4.795815e-16 -1.000000e+00
   outer loop
     vertex -7.285929e+00  6.849470e+00  2.200000e+01
     vertex -1.120664e+01  9.970515e+00  2.200000e+01
     vertex -1.092889e+01  1.027421e+01  2.200000e+01
   endloop
 endfacet
 facet normal  5.243735e-16 -4.795815e-16 -1.000000e+00
   outer loop
     vertex -7.285929e+00  6.849470e+00  2.200000e+01
     vertex -7.471095e+00  6.647010e+00  2.200000e+01
     vertex -1.120664e+01  9.970515e+00  2.200000e+01
   endloop
 endfacet
 facet normal  4.902699e-16 -5.143943e-16 -1.000000e+00
   outer loop
     vertex  6.997940e+00 -7.143447e+00  2.200000e+01
     vertex  1.019900e+01 -1.099911e+01  2.200000e+01
     vertex  6.799333e+00 -7.332740e+00  2.200000e+01
   endloop
 endfacet
 facet normal  4.902699e-16 -5.143943e-16 -1.000000e+00
   outer loop
     vertex  6.997940e+00 -7.143447e+00  2.200000e+01
     vertex  1.049691e+01 -1.071517e+01  2.200000e+01
     vertex  1.019900e+01 -1.099911e+01  2.200000e+01
   endloop
 endfacet
 facet normal  5.110193e-16 -4.937867e-16 -1.000000e+00
   outer loop
     vertex -7.095278e+00  7.046775e+00  2.200000e+01
     vertex -7.285929e+00  6.849470e+00  2.200000e+01
     vertex -1.092889e+01  1.027421e+01  2.200000e+01
   endloop
 endfacet
 facet normal  5.110193e-16 -4.937867e-16 -1.000000e+00
   outer loop
     vertex -7.095278e+00  7.046775e+00  2.200000e+01
     vertex -1.092889e+01  1.027421e+01  2.200000e+01
     vertex -1.064292e+01  1.057016e+01  2.200000e+01
   endloop
 endfacet
 facet normal  5.041972e-16 -5.007506e-16 -1.000000e+00
   outer loop
     vertex  7.191280e+00 -6.948776e+00  2.200000e+01
     vertex  1.049691e+01 -1.071517e+01  2.200000e+01
     vertex  6.997940e+00 -7.143447e+00  2.200000e+01
   endloop
 endfacet
 facet normal  5.041972e-16 -5.007506e-16 -1.000000e+00
   outer loop
     vertex  1.078692e+01 -1.042316e+01  2.200000e+01
     vertex  1.049691e+01 -1.071517e+01  2.200000e+01
     vertex  7.191280e+00 -6.948776e+00  2.200000e+01
   endloop
 endfacet
 facet normal  4.972804e-16 -5.076202e-16 -1.000000e+00
   outer loop
     vertex -1.034893e+01  1.085816e+01  2.200000e+01
     vertex -6.899286e+00  7.238775e+00  2.200000e+01
     vertex -7.095278e+00  7.046775e+00  2.200000e+01
   endloop
 endfacet
 facet normal  4.972804e-16 -5.076202e-16 -1.000000e+00
   outer loop
     vertex -1.034893e+01  1.085816e+01  2.200000e+01
     vertex -7.095278e+00  7.046775e+00  2.200000e+01
     vertex -1.064292e+01  1.057016e+01  2.200000e+01
   endloop
 endfacet
 facet normal  4.831671e-16 -5.210715e-16 -1.000000e+00
   outer loop
     vertex -6.698100e+00  7.425325e+00  2.200000e+01
     vertex -6.899286e+00  7.238775e+00  2.200000e+01
     vertex -1.034893e+01  1.085816e+01  2.200000e+01
   endloop
 endfacet
 facet normal  5.177451e-16 -4.867299e-16 -1.000000e+00
   outer loop
     vertex  1.106881e+01 -1.012331e+01  2.200000e+01
     vertex  1.078692e+01 -1.042316e+01  2.200000e+01
     vertex  7.191280e+00 -6.948776e+00  2.200000e+01
   endloop
 endfacet
 facet normal  5.177451e-16 -4.867299e-16 -1.000000e+00
   outer loop
     vertex  1.106881e+01 -1.012331e+01  2.200000e+01
     vertex  7.191280e+00 -6.948776e+00  2.200000e+01
     vertex  7.379206e+00 -6.748875e+00  2.200000e+01
   endloop
 endfacet
 facet normal  5.309032e-16 -4.723429e-16 -1.000000e+00
   outer loop
     vertex  7.561578e+00 -6.543893e+00  2.200000e+01
     vertex  1.106881e+01 -1.012331e+01  2.200000e+01
     vertex  7.379206e+00 -6.748875e+00  2.200000e+01
   endloop
 endfacet
 facet normal  4.831671e-16 -5.210715e-16 -1.000000e+00
   outer loop
     vertex -1.004715e+01  1.113799e+01  2.200000e+01
     vertex -6.698100e+00  7.425325e+00  2.200000e+01
     vertex -1.034893e+01  1.085816e+01  2.200000e+01
   endloop
 endfacet
 facet normal  5.309032e-16 -4.723429e-16 -1.000000e+00
   outer loop
     vertex  1.134237e+01 -9.815840e+00  2.200000e+01
     vertex  1.106881e+01 -1.012331e+01  2.200000e+01
     vertex  7.561578e+00 -6.543893e+00  2.200000e+01
   endloop
 endfacet
 facet normal  4.686901e-16 -5.341307e-16 -1.000000e+00
   outer loop
     vertex -9.737808e+00  1.140943e+01  2.200000e+01
     vertex -6.491872e+00  7.606287e+00  2.200000e+01
     vertex -6.698100e+00  7.425325e+00  2.200000e+01
   endloop
 endfacet
 facet normal  4.686901e-16 -5.341307e-16 -1.000000e+00
   outer loop
     vertex -9.737808e+00  1.140943e+01  2.200000e+01
     vertex -6.698100e+00  7.425325e+00  2.200000e+01
     vertex -1.004715e+01  1.113799e+01  2.200000e+01
   endloop
 endfacet
 facet normal  5.436616e-16 -4.576003e-16 -1.000000e+00
   outer loop
     vertex  1.160739e+01 -9.500978e+00  2.200000e+01
     vertex  7.561578e+00 -6.543893e+00  2.200000e+01
     vertex  7.738257e+00 -6.333986e+00  2.200000e+01
   endloop
 endfacet
 facet normal  5.436616e-16 -4.576003e-16 -1.000000e+00
   outer loop
     vertex  1.160739e+01 -9.500978e+00  2.200000e+01
     vertex  1.134237e+01 -9.815840e+00  2.200000e+01
     vertex  7.561578e+00 -6.543893e+00  2.200000e+01
   endloop
 endfacet
 facet normal  4.386889e-16 -5.590331e-16 -1.000000e+00
   outer loop
     vertex -9.421136e+00  1.167228e+01  2.200000e+01
     vertex -6.064915e+00  7.950900e+00  2.200000e+01
     vertex -6.280757e+00  7.781522e+00  2.200000e+01
   endloop
 endfacet
 facet normal  4.538604e-16 -5.467877e-16 -1.000000e+00
   outer loop
     vertex -9.421136e+00  1.167228e+01  2.200000e+01
     vertex -6.280757e+00  7.781522e+00  2.200000e+01
     vertex -6.491872e+00  7.606287e+00  2.200000e+01
   endloop
 endfacet
 facet normal  4.538604e-16 -5.467877e-16 -1.000000e+00
   outer loop
     vertex -9.421136e+00  1.167228e+01  2.200000e+01
     vertex -6.491872e+00  7.606287e+00  2.200000e+01
     vertex -9.737808e+00  1.140943e+01  2.200000e+01
   endloop
 endfacet
 facet normal  5.560109e-16 -4.425132e-16 -1.000000e+00
   outer loop
     vertex  1.186367e+01 -9.178965e+00  2.200000e+01
     vertex  7.738257e+00 -6.333986e+00  2.200000e+01
     vertex  7.909112e+00 -6.119310e+00  2.200000e+01
   endloop
 endfacet
 facet normal  5.560109e-16 -4.425132e-16 -1.000000e+00
   outer loop
     vertex  1.186367e+01 -9.178965e+00  2.200000e+01
     vertex  1.160739e+01 -9.500978e+00  2.200000e+01
     vertex  7.738257e+00 -6.333986e+00  2.200000e+01
   endloop
 endfacet
 facet normal  4.386889e-16 -5.590331e-16 -1.000000e+00
   outer loop
     vertex -9.097372e+00  1.192635e+01  2.200000e+01
     vertex -6.064915e+00  7.950900e+00  2.200000e+01
     vertex -9.421136e+00  1.167228e+01  2.200000e+01
   endloop
 endfacet
 facet normal  5.679415e-16 -4.270930e-16 -1.000000e+00
   outer loop
     vertex  1.211102e+01 -8.850042e+00  2.200000e+01
     vertex  7.909112e+00 -6.119310e+00  2.200000e+01
     vertex  8.074012e+00 -5.900028e+00  2.200000e+01
   endloop
 endfacet
 facet normal  5.679415e-16 -4.270930e-16 -1.000000e+00
   outer loop
     vertex  1.211102e+01 -8.850042e+00  2.200000e+01
     vertex  1.186367e+01 -9.178965e+00  2.200000e+01
     vertex  7.909112e+00 -6.119310e+00  2.200000e+01
   endloop
 endfacet
 facet normal -1.050802e-14 -7.568646e-15 -1.000000e+00
   outer loop
     vertex -8.766760e+00  1.217144e+01  2.200000e+01
     vertex -5.844507e+00  8.114292e+00  2.200000e+01
     vertex -6.064915e+00  7.950900e+00  2.200000e+01
   endloop
 endfacet
 facet normal  4.231873e-16 -5.708577e-16 -1.000000e+00
   outer loop
     vertex -8.766760e+00  1.217144e+01  2.200000e+01
     vertex -6.064915e+00  7.950900e+00  2.200000e+01
     vertex -9.097372e+00  1.192635e+01  2.200000e+01
   endloop
 endfacet
 facet normal  5.794446e-16 -4.113513e-16 -1.000000e+00
   outer loop
     vertex  1.234925e+01 -8.514456e+00  2.200000e+01
     vertex  8.074012e+00 -5.900028e+00  2.200000e+01
     vertex  8.232835e+00 -5.676304e+00  2.200000e+01
   endloop
 endfacet
 facet normal  5.794446e-16 -4.113513e-16 -1.000000e+00
   outer loop
     vertex  1.234925e+01 -8.514456e+00  2.200000e+01
     vertex  1.211102e+01 -8.850042e+00  2.200000e+01
     vertex  8.074012e+00 -5.900028e+00  2.200000e+01
   endloop
 endfacet
 facet normal  0.000000e+00  0.000000e+00 -1.000000e+00
   outer loop
     vertex -8.429549e+00  1.240737e+01  2.200000e+01
     vertex -5.619699e+00  8.271577e+00  2.200000e+01
     vertex -5.844507e+00  8.114292e+00  2.200000e+01
   endloop
 endfacet
 facet normal  0.000000e+00 -0.000000e+00 -1.000000e+00
   outer loop
     vertex -8.429549e+00  1.240737e+01  2.200000e+01
     vertex -5.844507e+00  8.114292e+00  2.200000e+01
     vertex -8.766760e+00  1.217144e+01  2.200000e+01
   endloop
 endfacet
 facet normal  5.905116e-16 -3.953000e-16 -1.000000e+00
   outer loop
     vertex  1.257819e+01 -8.172462e+00  2.200000e+01
     vertex  8.232835e+00 -5.676304e+00  2.200000e+01
     vertex  8.385460e+00 -5.448308e+00  2.200000e+01
   endloop
 endfacet
 facet normal  6.011340e-16 -3.789511e-16 -1.000000e+00
   outer loop
     vertex  1.257819e+01 -8.172462e+00  2.200000e+01
     vertex  8.385460e+00 -5.448308e+00  2.200000e+01
     vertex  8.531773e+00 -5.216210e+00  2.200000e+01
   endloop
 endfacet
 facet normal  5.905116e-16 -3.953000e-16 -1.000000e+00
   outer loop
     vertex  1.257819e+01 -8.172462e+00  2.200000e+01
     vertex  1.234925e+01 -8.514456e+00  2.200000e+01
     vertex  8.232835e+00 -5.676304e+00  2.200000e+01
   endloop
 endfacet
 facet normal  0.000000e+00  0.000000e+00 -1.000000e+00
   outer loop
     vertex -8.085992e+00  1.263395e+01  2.200000e+01
     vertex -5.157565e+00  8.567352e+00  2.200000e+01
     vertex -5.390661e+00  8.422635e+00  2.200000e+01
   endloop
 endfacet
 facet normal  0.000000e+00  0.000000e+00 -1.000000e+00
   outer loop
     vertex -8.085992e+00  1.263395e+01  2.200000e+01
     vertex -5.390661e+00  8.422635e+00  2.200000e+01
     vertex -5.619699e+00  8.271577e+00  2.200000e+01
   endloop
 endfacet
 facet normal  0.000000e+00 -0.000000e+00 -1.000000e+00
   outer loop
     vertex -8.085992e+00  1.263395e+01  2.200000e+01
     vertex -5.619699e+00  8.271577e+00  2.200000e+01
     vertex -8.429549e+00  1.240737e+01  2.200000e+01
   endloop
 endfacet
 facet normal  0.000000e+00  0.000000e+00 -1.000000e+00
   outer loop
     vertex  1.279766e+01 -7.824315e+00  2.200000e+01
     vertex  8.531773e+00 -5.216210e+00  2.200000e+01
     vertex  8.671664e+00 -4.980186e+00  2.200000e+01
   endloop
 endfacet
 facet normal -4.503334e-15 -7.365773e-15 -1.000000e+00
   outer loop
     vertex  1.279766e+01 -7.824315e+00  2.200000e+01
     vertex  1.257819e+01 -8.172462e+00  2.200000e+01
     vertex  8.531773e+00 -5.216210e+00  2.200000e+01
   endloop
 endfacet
 facet normal  0.000000e+00 -0.000000e+00 -1.000000e+00
   outer loop
     vertex -7.736348e+00  1.285103e+01  2.200000e+01
     vertex -5.157565e+00  8.567352e+00  2.200000e+01
     vertex -8.085992e+00  1.263395e+01  2.200000e+01
   endloop
 endfacet
 facet normal -0.000000e+00  0.000000e+00 -1.000000e+00
   outer loop
     vertex  1.300750e+01 -7.470278e+00  2.200000e+01
     vertex  1.279766e+01 -7.824315e+00  2.200000e+01
     vertex  8.671664e+00 -4.980186e+00  2.200000e+01
   endloop
 endfacet
 facet normal  0.000000e+00 -0.000000e+00 -1.000000e+00
   outer loop
     vertex -7.380880e+00  1.305843e+01  2.200000e+01
     vertex -5.157565e+00  8.567352e+00  2.200000e+01
     vertex -7.736348e+00  1.285103e+01  2.200000e+01
   endloop
 endfacet
 facet normal  0.000000e+00  0.000000e+00 -1.000000e+00
   outer loop
     vertex -7.380880e+00  1.305843e+01  2.200000e+01
     vertex -4.920587e+00  8.705620e+00  2.200000e+01
     vertex -5.157565e+00  8.567352e+00  2.200000e+01
   endloop
 endfacet
 facet normal  0.000000e+00  0.000000e+00 -1.000000e+00
   outer loop
     vertex  1.320754e+01 -7.110619e+00  2.200000e+01
     vertex  8.671664e+00 -4.980186e+00  2.200000e+01
     vertex  8.805026e+00 -4.740412e+00  2.200000e+01
   endloop
 endfacet
 facet normal -0.000000e+00  0.000000e+00 -1.000000e+00
   outer loop
     vertex  1.320754e+01 -7.110619e+00  2.200000e+01
     vertex  1.300750e+01 -7.470278e+00  2.200000e+01
     vertex  8.671664e+00 -4.980186e+00  2.200000e+01
   endloop
 endfacet
 facet normal  0.000000e+00  0.000000e+00 -1.000000e+00
   outer loop
     vertex -7.019857e+00  1.325600e+01  2.200000e+01
     vertex -4.679904e+00  8.837335e+00  2.200000e+01
     vertex -4.920587e+00  8.705620e+00  2.200000e+01
   endloop
 endfacet
 facet normal  0.000000e+00 -0.000000e+00 -1.000000e+00
   outer loop
     vertex -7.019857e+00  1.325600e+01  2.200000e+01
     vertex -4.920587e+00  8.705620e+00  2.200000e+01
     vertex -7.380880e+00  1.305843e+01  2.200000e+01
   endloop
 endfacet
 facet normal -0.000000e+00  0.000000e+00 -1.000000e+00
   outer loop
     vertex  1.339764e+01 -6.745606e+00  2.200000e+01
     vertex  1.320754e+01 -7.110619e+00  2.200000e+01
     vertex  8.805026e+00 -4.740412e+00  2.200000e+01
   endloop
 endfacet
 facet normal  0.000000e+00  0.000000e+00 -1.000000e+00
   outer loop
     vertex  1.339764e+01 -6.745606e+00  2.200000e+01
     vertex  8.805026e+00 -4.740412e+00  2.200000e+01
     vertex  8.931761e+00 -4.497071e+00  2.200000e+01
   endloop
 endfacet
 facet normal  0.000000e+00  0.000000e+00 -1.000000e+00
   outer loop
     vertex  1.339764e+01 -6.745606e+00  2.200000e+01
     vertex  8.931761e+00 -4.497071e+00  2.200000e+01
     vertex  9.051772e+00 -4.250344e+00  2.200000e+01
   endloop
 endfacet
 facet normal  0.000000e+00  0.000000e+00 -1.000000e+00
   outer loop
     vertex -6.653549e+00  1.344360e+01  2.200000e+01
     vertex -4.435699e+00  8.962398e+00  2.200000e+01
     vertex -4.679904e+00  8.837335e+00  2.200000e+01
   endloop
 endfacet
 facet normal  0.000000e+00 -0.000000e+00 -1.000000e+00
   outer loop
     vertex -6.653549e+00  1.344360e+01  2.200000e+01
     vertex -4.679904e+00  8.837335e+00  2.200000e+01
     vertex -7.019857e+00  1.325600e+01  2.200000e+01
   endloop
 endfacet
 facet normal -0.000000e+00  0.000000e+00 -1.000000e+00
   outer loop
     vertex  1.357766e+01 -6.375515e+00  2.200000e+01
     vertex  1.339764e+01 -6.745606e+00  2.200000e+01
     vertex  9.051772e+00 -4.250344e+00  2.200000e+01
   endloop
 endfacet
 facet normal  0.000000e+00  0.000000e+00 -1.000000e+00
   outer loop
     vertex -6.282232e+00  1.362107e+01  2.200000e+01
     vertex -4.188155e+00  9.080714e+00  2.200000e+01
     vertex -4.435699e+00  8.962398e+00  2.200000e+01
   endloop
 endfacet
 facet normal  0.000000e+00 -0.000000e+00 -1.000000e+00
   outer loop
     vertex -6.282232e+00  1.362107e+01  2.200000e+01
     vertex -4.435699e+00  8.962398e+00  2.200000e+01
     vertex -6.653549e+00  1.344360e+01  2.200000e+01
   endloop
 endfacet
 facet normal -0.000000e+00  0.000000e+00 -1.000000e+00
   outer loop
     vertex  1.374745e+01 -6.000626e+00  2.200000e+01
     vertex  1.357766e+01 -6.375515e+00  2.200000e+01
     vertex  9.051772e+00 -4.250344e+00  2.200000e+01
   endloop
 endfacet
 facet normal  0.000000e+00  0.000000e+00 -1.000000e+00
   outer loop
     vertex  1.374745e+01 -6.000626e+00  2.200000e+01
     vertex  9.051772e+00 -4.250344e+00  2.200000e+01
     vertex  9.164969e+00 -4.000417e+00  2.200000e+01
   endloop
 endfacet
 facet normal  0.000000e+00 -0.000000e+00 -1.000000e+00
   outer loop
     vertex -5.906186e+00  1.378829e+01  2.200000e+01
     vertex -4.188155e+00  9.080714e+00  2.200000e+01
     vertex -6.282232e+00  1.362107e+01  2.200000e+01
   endloop
 endfacet
 facet normal  0.000000e+00  0.000000e+00 -1.000000e+00
   outer loop
     vertex -5.906186e+00  1.378829e+01  2.200000e+01
     vertex -3.937458e+00  9.192194e+00  2.200000e+01
     vertex -4.188155e+00  9.080714e+00  2.200000e+01
   endloop
 endfacet
 facet normal -0.000000e+00  0.000000e+00 -1.000000e+00
   outer loop
     vertex  1.390690e+01 -5.621219e+00  2.200000e+01
     vertex  1.374745e+01 -6.000626e+00  2.200000e+01
     vertex  9.164969e+00 -4.000417e+00  2.200000e+01
   endloop
 endfacet
 facet normal  0.000000e+00  0.000000e+00 -1.000000e+00
   outer loop
     vertex  1.390690e+01 -5.621219e+00  2.200000e+01
     vertex  9.164969e+00 -4.000417e+00  2.200000e+01
     vertex  9.271267e+00 -3.747479e+00  2.200000e+01
   endloop
 endfacet
 facet normal  0.000000e+00 -0.000000e+00 -1.000000e+00
   outer loop
     vertex -5.525695e+00  1.394513e+01  2.200000e+01
     vertex -3.937458e+00  9.192194e+00  2.200000e+01
     vertex -5.906186e+00  1.378829e+01  2.200000e+01
   endloop
 endfacet
 facet normal  0.000000e+00  0.000000e+00 -1.000000e+00
   outer loop
     vertex -5.525695e+00  1.394513e+01  2.200000e+01
     vertex -3.683796e+00  9.296754e+00  2.200000e+01
     vertex -3.937458e+00  9.192194e+00  2.200000e+01
   endloop
 endfacet
 facet normal  0.000000e+00  0.000000e+00 -1.000000e+00
   outer loop
     vertex  1.405588e+01 -5.237580e+00  2.200000e+01
     vertex  9.271267e+00 -3.747479e+00  2.200000e+01
     vertex  9.370586e+00 -3.491720e+00  2.200000e+01
   endloop
 endfacet
 facet normal -0.000000e+00  0.000000e+00 -1.000000e+00
   outer loop
     vertex  1.405588e+01 -5.237580e+00  2.200000e+01
     vertex  1.390690e+01 -5.621219e+00  2.200000e+01
     vertex  9.271267e+00 -3.747479e+00  2.200000e+01
   endloop
 endfacet
 facet normal  0.000000e+00 -0.000000e+00 -1.000000e+00
   outer loop
     vertex -5.141043e+00  1.409148e+01  2.200000e+01
     vertex -3.683796e+00  9.296754e+00  2.200000e+01
     vertex -5.525695e+00  1.394513e+01  2.200000e+01
   endloop
 endfacet
 facet normal  0.000000e+00  0.000000e+00 -1.000000e+00
   outer loop
     vertex -5.141043e+00  1.409148e+01  2.200000e+01
     vertex -3.168348e+00  9.484807e+00  2.200000e+01
     vertex -3.427362e+00  9.394317e+00  2.200000e+01
   endloop
 endfacet
 facet normal  0.000000e+00  0.000000e+00 -1.000000e+00
   outer loop
     vertex -5.141043e+00  1.409148e+01  2.200000e+01
     vertex -3.427362e+00  9.394317e+00  2.200000e+01
     vertex -3.683796e+00  9.296754e+00  2.200000e+01
   endloop
 endfacet
 facet normal  0.000000e+00  0.000000e+00 -1.000000e+00
   outer loop
     vertex  1.419428e+01 -4.849999e+00  2.200000e+01
     vertex  9.370586e+00 -3.491720e+00  2.200000e+01
     vertex  9.462851e+00 -3.233333e+00  2.200000e+01
   endloop
 endfacet
 facet normal -0.000000e+00  0.000000e+00 -1.000000e+00
   outer loop
     vertex  1.419428e+01 -4.849999e+00  2.200000e+01
     vertex  1.405588e+01 -5.237580e+00  2.200000e+01
     vertex  9.370586e+00 -3.491720e+00  2.200000e+01
   endloop
 endfacet
 facet normal  0.000000e+00 -0.000000e+00 -1.000000e+00
   outer loop
     vertex -4.752522e+00  1.422721e+01  2.200000e+01
     vertex -3.168348e+00  9.484807e+00  2.200000e+01
     vertex -5.141043e+00  1.409148e+01  2.200000e+01
   endloop
 endfacet
 facet normal  0.000000e+00  0.000000e+00 -1.000000e+00
   outer loop
     vertex  1.432199e+01 -4.458768e+00  2.200000e+01
     vertex  9.462851e+00 -3.233333e+00  2.200000e+01
     vertex  9.547993e+00 -2.972512e+00  2.200000e+01
   endloop
 endfacet
 facet normal  0.000000e+00  0.000000e+00 -1.000000e+00
   outer loop
     vertex  1.432199e+01 -4.458768e+00  2.200000e+01
     vertex  9.547993e+00 -2.972512e+00  2.200000e+01
     vertex  9.625948e+00 -2.709453e+00  2.200000e+01
   endloop
 endfacet
 facet normal -0.000000e+00  0.000000e+00 -1.000000e+00
   outer loop
     vertex  1.432199e+01 -4.458768e+00  2.200000e+01
     vertex  1.419428e+01 -4.849999e+00  2.200000e+01
     vertex  9.462851e+00 -3.233333e+00  2.200000e+01
   endloop
 endfacet
 facet normal  0.000000e+00 -0.000000e+00 -1.000000e+00
   outer loop
     vertex -4.360424e+00  1.435224e+01  2.200000e+01
     vertex -3.168348e+00  9.484807e+00  2.200000e+01
     vertex -4.752522e+00  1.422721e+01  2.200000e+01
   endloop
 endfacet
 facet normal  0.000000e+00  0.000000e+00 -1.000000e+00
   outer loop
     vertex -4.360424e+00  1.435224e+01  2.200000e+01
     vertex -2.906949e+00  9.568158e+00  2.200000e+01
     vertex -3.168348e+00  9.484807e+00  2.200000e+01
   endloop
 endfacet
 facet normal -0.000000e+00  0.000000e+00 -1.000000e+00
   outer loop
     vertex  1.443892e+01 -4.064179e+00  2.200000e+01
     vertex  1.432199e+01 -4.458768e+00  2.200000e+01
     vertex  9.625948e+00 -2.709453e+00  2.200000e+01
   endloop
 endfacet
 facet normal  0.000000e+00  0.000000e+00 -1.000000e+00
   outer loop
     vertex -3.965042e+00  1.446646e+01  2.200000e+01
     vertex -2.377784e+00  9.713194e+00  2.200000e+01
     vertex -2.643362e+00  9.644306e+00  2.200000e+01
   endloop
 endfacet
 facet normal  0.000000e+00  0.000000e+00 -1.000000e+00
   outer loop
     vertex -3.965042e+00  1.446646e+01  2.200000e+01
     vertex -2.643362e+00  9.644306e+00  2.200000e+01
     vertex -2.906949e+00  9.568158e+00  2.200000e+01
   endloop
 endfacet
 facet normal  0.000000e+00 -0.000000e+00 -1.000000e+00
   outer loop
     vertex -3.965042e+00  1.446646e+01  2.200000e+01
     vertex -2.906949e+00  9.568158e+00  2.200000e+01
     vertex -4.360424e+00  1.435224e+01  2.200000e+01
   endloop
 endfacet
 facet normal  0.000000e+00  0.000000e+00 -1.000000e+00
   outer loop
     vertex  1.454498e+01 -3.666531e+00  2.200000e+01
     vertex  9.625948e+00 -2.709453e+00  2.200000e+01
     vertex  9.696656e+00 -2.444354e+00  2.200000e+01
   endloop
 endfacet
 facet normal -0.000000e+00  0.000000e+00 -1.000000e+00
   outer loop
     vertex  1.454498e+01 -3.666531e+00  2.200000e+01
     vertex  1.443892e+01 -4.064179e+00  2.200000e+01
     vertex  9.625948e+00 -2.709453e+00  2.200000e+01
   endloop
 endfacet
 facet normal  0.000000e+00 -0.000000e+00 -1.000000e+00
   outer loop
     vertex -3.566676e+00  1.456979e+01  2.200000e+01
     vertex -2.377784e+00  9.713194e+00  2.200000e+01
     vertex -3.965042e+00  1.446646e+01  2.200000e+01
   endloop
 endfacet
 facet normal -0.000000e+00  0.000000e+00 -1.000000e+00
   outer loop
     vertex  1.464010e+01 -3.266124e+00  2.200000e+01
     vertex  1.454498e+01 -3.666531e+00  2.200000e+01
     vertex  9.696656e+00 -2.444354e+00  2.200000e+01
   endloop
 endfacet
 facet normal  0.000000e+00  0.000000e+00 -1.000000e+00
   outer loop
     vertex  1.464010e+01 -3.266124e+00  2.200000e+01
     vertex  9.696656e+00 -2.444354e+00  2.200000e+01
     vertex  9.760065e+00 -2.177416e+00  2.200000e+01
   endloop
 endfacet
 facet normal  0.000000e+00  0.000000e+00 -1.000000e+00
   outer loop
     vertex  1.464010e+01 -3.266124e+00  2.200000e+01
     vertex  9.760065e+00 -2.177416e+00  2.200000e+01
     vertex  9.816126e+00 -1.908838e+00  2.200000e+01
   endloop
 endfacet
 facet normal  0.000000e+00 -0.000000e+00 -1.000000e+00
   outer loop
     vertex -3.165626e+00  1.466216e+01  2.200000e+01
     vertex -2.377784e+00  9.713194e+00  2.200000e+01
     vertex -3.566676e+00  1.456979e+01  2.200000e+01
   endloop
 endfacet
 facet normal  0.000000e+00  0.000000e+00 -1.000000e+00
   outer loop
     vertex -3.165626e+00  1.466216e+01  2.200000e+01
     vertex -2.110417e+00  9.774771e+00  2.200000e+01
     vertex -2.377784e+00  9.713194e+00  2.200000e+01
   endloop
 endfacet
 facet normal -0.000000e+00  0.000000e+00 -1.000000e+00
   outer loop
     vertex  1.472419e+01 -2.863257e+00  2.200000e+01
     vertex  1.464010e+01 -3.266124e+00  2.200000e+01
     vertex  9.816126e+00 -1.908838e+00  2.200000e+01
   endloop
 endfacet
 facet normal  0.000000e+00 -0.000000e+00 -1.000000e+00
   outer loop
     vertex -2.762192e+00  1.474348e+01  2.200000e+01
     vertex -2.110417e+00  9.774771e+00  2.200000e+01
     vertex -3.165626e+00  1.466216e+01  2.200000e+01
   endloop
 endfacet
 facet normal  0.000000e+00  0.000000e+00 -1.000000e+00
   outer loop
     vertex -2.762192e+00  1.474348e+01  2.200000e+01
     vertex -1.571119e+00  9.875808e+00  2.200000e+01
     vertex -1.841461e+00  9.828989e+00  2.200000e+01
   endloop
 endfacet
 facet normal  0.000000e+00  0.000000e+00 -1.000000e+00
   outer loop
     vertex -2.762192e+00  1.474348e+01  2.200000e+01
     vertex -1.841461e+00  9.828989e+00  2.200000e+01
     vertex -2.110417e+00  9.774771e+00  2.200000e+01
   endloop
 endfacet
 facet normal  0.000000e+00  0.000000e+00 -1.000000e+00
   outer loop
     vertex  1.479720e+01 -2.458235e+00  2.200000e+01
     vertex  9.816126e+00 -1.908838e+00  2.200000e+01
     vertex  9.864799e+00 -1.638824e+00  2.200000e+01
   endloop
 endfacet
 facet normal -0.000000e+00  0.000000e+00 -1.000000e+00
   outer loop
     vertex  1.479720e+01 -2.458235e+00  2.200000e+01
     vertex  1.472419e+01 -2.863257e+00  2.200000e+01
     vertex  9.816126e+00 -1.908838e+00  2.200000e+01
   endloop
 endfacet
 facet normal  0.000000e+00 -0.000000e+00 -1.000000e+00
   outer loop
     vertex -2.356679e+00  1.481371e+01  2.200000e+01
     vertex -1.571119e+00  9.875808e+00  2.200000e+01
     vertex -2.762192e+00  1.474348e+01  2.200000e+01
   endloop
 endfacet
 facet normal -0.000000e+00  0.000000e+00 -1.000000e+00
   outer loop
     vertex  1.485907e+01 -2.051363e+00  2.200000e+01
     vertex  1.479720e+01 -2.458235e+00  2.200000e+01
     vertex  9.864799e+00 -1.638824e+00  2.200000e+01
   endloop
 endfacet
 facet normal  0.000000e+00  0.000000e+00 -1.000000e+00
   outer loop
     vertex  1.485907e+01 -2.051363e+00  2.200000e+01
     vertex  9.864799e+00 -1.638824e+00  2.200000e+01
     vertex  9.906046e+00 -1.367575e+00  2.200000e+01
   endloop
 endfacet
 facet normal  0.000000e+00  0.000000e+00 -1.000000e+00
   outer loop
     vertex  1.485907e+01 -2.051363e+00  2.200000e+01
     vertex  9.906046e+00 -1.367575e+00  2.200000e+01
     vertex  9.939835e+00 -1.095298e+00  2.200000e+01
   endloop
 endfacet
 facet normal  0.000000e+00 -0.000000e+00 -1.000000e+00
   outer loop
     vertex -1.949392e+00  1.487279e+01  2.200000e+01
     vertex -1.571119e+00  9.875808e+00  2.200000e+01
     vertex -2.356679e+00  1.481371e+01  2.200000e+01
   endloop
 endfacet
 facet normal  0.000000e+00  0.000000e+00 -1.000000e+00
   outer loop
     vertex -1.949392e+00  1.487279e+01  2.200000e+01
     vertex -1.027091e+00  9.947114e+00  2.200000e+01
     vertex -1.299594e+00  9.915193e+00  2.200000e+01
   endloop
 endfacet
 facet normal  0.000000e+00  0.000000e+00 -1.000000e+00
   outer loop
     vertex -1.949392e+00  1.487279e+01  2.200000e+01
     vertex -1.299594e+00  9.915193e+00  2.200000e+01
     vertex -1.571119e+00  9.875808e+00  2.200000e+01
   endloop
 endfacet
 facet normal  0.000000e+00  0.000000e+00 -1.000000e+00
   outer loop
     vertex  1.490975e+01 -1.642947e+00  2.200000e+01
     vertex  9.939835e+00 -1.095298e+00  2.200000e+01
     vertex  9.966142e+00 -8.221955e-01  2.200000e+01
   endloop
 endfacet
 facet normal -0.000000e+00  0.000000e+00 -1.000000e+00
   outer loop
     vertex  1.490975e+01 -1.642947e+00  2.200000e+01
     vertex  1.485907e+01 -2.051363e+00  2.200000e+01
     vertex  9.939835e+00 -1.095298e+00  2.200000e+01
   endloop
 endfacet
 facet normal  0.000000e+00 -0.000000e+00 -1.000000e+00
   outer loop
     vertex -1.540637e+00  1.492067e+01  2.200000e+01
     vertex -1.027091e+00  9.947114e+00  2.200000e+01
     vertex -1.949392e+00  1.487279e+01  2.200000e+01
   endloop
 endfacet
 facet normal -0.000000e+00  0.000000e+00 -1.000000e+00
   outer loop
     vertex  1.494921e+01 -1.233293e+00  2.200000e+01
     vertex  1.490975e+01 -1.642947e+00  2.200000e+01
     vertex  9.966142e+00 -8.221955e-01  2.200000e+01
   endloop
 endfacet
 facet normal  0.000000e+00 -0.000000e+00 -1.000000e+00
   outer loop
     vertex -1.130723e+00  1.495732e+01  2.200000e+01
     vertex -1.027091e+00  9.947114e+00  2.200000e+01
     vertex -1.540637e+00  1.492067e+01  2.200000e+01
   endloop
 endfacet
 facet normal  0.000000e+00  0.000000e+00 -1.000000e+00
   outer loop
     vertex -1.130723e+00  1.495732e+01  2.200000e+01
     vertex -7.538152e-01  9.971548e+00  2.200000e+01
     vertex -1.027091e+00  9.947114e+00  2.200000e+01
   endloop
 endfacet
 facet normal  0.000000e+00  0.000000e+00 -1.000000e+00
   outer loop
     vertex  1.497742e+01 -8.227117e-01  2.200000e+01
     vertex  9.966142e+00 -8.221955e-01  2.200000e+01
     vertex  9.984947e+00 -5.484744e-01  2.200000e+01
   endloop
 endfacet
 facet normal  0.000000e+00  0.000000e+00 -1.000000e+00
   outer loop
     vertex  1.497742e+01 -8.227117e-01  2.200000e+01
     vertex  9.984947e+00 -5.484744e-01  2.200000e+01
     vertex  9.996236e+00 -2.743405e-01  2.200000e+01
   endloop
 endfacet
 facet normal -0.000000e+00  0.000000e+00 -1.000000e+00
   outer loop
     vertex  1.497742e+01 -8.227117e-01  2.200000e+01
     vertex  1.494921e+01 -1.233293e+00  2.200000e+01
     vertex  9.966142e+00 -8.221955e-01  2.200000e+01
   endloop
 endfacet
 facet normal  0.000000e+00  0.000000e+00 -1.000000e+00
   outer loop
     vertex -7.199574e-01  1.498271e+01  2.200000e+01
     vertex -7.538152e-01  9.971548e+00  2.200000e+01
     vertex -1.130723e+00  1.495732e+01  2.200000e+01
   endloop
 endfacet
 facet normal  0.000000e+00 -0.000000e+00 -1.000000e+00
   outer loop
     vertex -7.199574e-01  1.498271e+01  2.200000e+01
     vertex -4.799716e-01  9.988475e+00  2.200000e+01
     vertex -7.538152e-01  9.971548e+00  2.200000e+01
   endloop
 endfacet
 facet normal -0.000000e+00  0.000000e+00 -1.000000e+00
   outer loop
     vertex  1.499435e+01 -4.115107e-01  2.200000e+01
     vertex  1.497742e+01 -8.227117e-01  2.200000e+01
     vertex  9.996236e+00 -2.743405e-01  2.200000e+01
   endloop
 endfacet
 facet normal  0.000000e+00  0.000000e+00 -1.000000e+00
   outer loop
     vertex -3.086500e-01  1.499682e+01  2.200000e+01
     vertex -4.799716e-01  9.988475e+00  2.200000e+01
     vertex -7.199574e-01  1.498271e+01  2.200000e+01
   endloop
 endfacet
 facet normal  0.000000e+00 -0.000000e+00 -1.000000e+00
   outer loop
     vertex -3.086500e-01  1.499682e+01  2.200000e+01
     vertex -2.057667e-01  9.997883e+00  2.200000e+01
     vertex -4.799716e-01  9.988475e+00  2.200000e+01
   endloop
 endfacet
 facet normal  0.000000e+00  0.000000e+00 -1.000000e+00
   outer loop
     vertex  1.500000e+01  4.884981e-15  2.200000e+01
     vertex  1.000000e+01  4.884981e-15  2.200000e+01
     vertex  9.996236e+00  2.743405e-01  2.200000e+01
   endloop
 endfacet
 facet normal -0.000000e+00  0.000000e+00 -1.000000e+00
   outer loop
     vertex  1.500000e+01  4.884981e-15  2.200000e+01
     vertex  9.996236e+00 -2.743405e-01  2.200000e+01
     vertex  1.000000e+01  4.884981e-15  2.200000e+01
   endloop
 endfacet
 facet normal  0.000000e+00  0.000000e+00 -1.000000e+00
   outer loop
     vertex  1.500000e+01  4.884981e-15  2.200000e+01
     vertex  1.499435e+01 -4.115107e-01  2.200000e+01
     vertex  9.996236e+00 -2.743405e-01  2.200000e+01
   endloop
 endfacet
 facet normal  0.000000e+00  0.000000e+00 -1.000000e+00
   outer loop
     vertex  1.028898e-01  1.499965e+01  2.200000e+01
     vertex -2.057667e-01  9.997883e+00  2.200000e+01
     vertex -3.086500e-01  1.499682e+01  2.200000e+01
   endloop
 endfacet
 facet normal  0.000000e+00  0.000000e+00 -1.000000e+00
   outer loop
     vertex  1.028898e-01  1.499965e+01  2.200000e+01
     vertex  6.859319e-02  9.999765e+00  2.200000e+01
     vertex -2.057667e-01  9.997883e+00  2.200000e+01
   endloop
 endfacet
 facet normal -0.000000e+00  0.000000e+00 -1.000000e+00
   outer loop
     vertex  1.499435e+01  4.115107e-01  2.200000e+01
     vertex  9.996236e+00  2.743405e-01  2.200000e+01
     vertex  9.984947e+00  5.484744e-01  2.200000e+01
   endloop
 endfacet
 facet normal  0.000000e+00 -0.000000e+00 -1.000000e+00
   outer loop
     vertex  1.499435e+01  4.115107e-01  2.200000e+01
     vertex  1.500000e+01  4.884981e-15  2.200000e+01
     vertex  9.996236e+00  2.743405e-01  2.200000e+01
   endloop
 endfacet
 facet normal -0.000000e+00  0.000000e+00 -1.000000e+00
   outer loop
     vertex  5.143521e-01  1.499118e+01  2.200000e+01
     vertex  6.859319e-02  9.999765e+00  2.200000e+01
     vertex  1.028898e-01  1.499965e+01  2.200000e+01
   endloop
 endfacet
 facet normal  0.000000e+00 -0.000000e+00 -1.000000e+00
   outer loop
     vertex  5.143521e-01  1.499118e+01  2.200000e+01
     vertex  6.169515e-01  9.980950e+00  2.200000e+01
     vertex  3.429014e-01  9.994119e+00  2.200000e+01
   endloop
 endfacet
 facet normal  0.000000e+00  0.000000e+00 -1.000000e+00
   outer loop
     vertex  5.143521e-01  1.499118e+01  2.200000e+01
     vertex  3.429014e-01  9.994119e+00  2.200000e+01
     vertex  6.859319e-02  9.999765e+00  2.200000e+01
   endloop
 endfacet
 facet normal  0.000000e+00 -0.000000e+00 -1.000000e+00
   outer loop
     vertex  1.497742e+01  8.227117e-01  2.200000e+01
     vertex  1.499435e+01  4.115107e-01  2.200000e+01
     vertex  9.984947e+00  5.484744e-01  2.200000e+01
   endloop
 endfacet
 facet normal -0.000000e+00  0.000000e+00 -1.000000e+00
   outer loop
     vertex  9.254272e-01  1.497143e+01  2.200000e+01
     vertex  6.169515e-01  9.980950e+00  2.200000e+01
     vertex  5.143521e-01  1.499118e+01  2.200000e+01
   endloop
 endfacet
 facet normal  0.000000e+00  0.000000e+00 -1.000000e+00
   outer loop
     vertex  1.494921e+01  1.233293e+00  2.200000e+01
     vertex  9.984947e+00  5.484744e-01  2.200000e+01
     vertex  9.966142e+00  8.221955e-01  2.200000e+01
   endloop
 endfacet
 facet normal  0.000000e+00 -0.000000e+00 -1.000000e+00
   outer loop
     vertex  1.494921e+01  1.233293e+00  2.200000e+01
     vertex  1.497742e+01  8.227117e-01  2.200000e+01
     vertex  9.984947e+00  5.484744e-01  2.200000e+01
   endloop
 endfacet
 facet normal -0.000000e+00  0.000000e+00 -1.000000e+00
   outer loop
     vertex  1.335806e+00  1.494040e+01  2.200000e+01
     vertex  6.169515e-01  9.980950e+00  2.200000e+01
     vertex  9.254272e-01  1.497143e+01  2.200000e+01
   endloop
 endfacet
 facet normal  0.000000e+00  0.000000e+00 -1.000000e+00
   outer loop
     vertex  1.335806e+00  1.494040e+01  2.200000e+01
     vertex  1.163452e+00  9.932088e+00  2.200000e+01
     vertex  8.905371e-01  9.960268e+00  2.200000e+01
   endloop
 endfacet
 facet normal  0.000000e+00  0.000000e+00 -1.000000e+00
   outer loop
     vertex  1.335806e+00  1.494040e+01  2.200000e+01
     vertex  8.905371e-01  9.960268e+00  2.200000e+01
     vertex  6.169515e-01  9.980950e+00  2.200000e+01
   endloop
 endfacet
 facet normal  0.000000e+00  0.000000e+00 -1.000000e+00
   outer loop
     vertex  1.490975e+01  1.642947e+00  2.200000e+01
     vertex  9.966142e+00  8.221955e-01  2.200000e+01
     vertex  9.939835e+00  1.095298e+00  2.200000e+01
   endloop
 endfacet
 facet normal  0.000000e+00  0.000000e+00 -1.000000e+00
   outer loop
     vertex  1.490975e+01  1.642947e+00  2.200000e+01
     vertex  9.939835e+00  1.095298e+00  2.200000e+01
     vertex  9.906046e+00  1.367575e+00  2.200000e+01
   endloop
 endfacet
 facet normal  0.000000e+00 -0.000000e+00 -1.000000e+00
   outer loop
     vertex  1.490975e+01  1.642947e+00  2.200000e+01
     vertex  1.494921e+01  1.233293e+00  2.200000e+01
     vertex  9.966142e+00  8.221955e-01  2.200000e+01
   endloop
 endfacet
 facet normal -0.000000e+00  0.000000e+00 -1.000000e+00
   outer loop
     vertex  1.745179e+00  1.489813e+01  2.200000e+01
     vertex  1.163452e+00  9.932088e+00  2.200000e+01
     vertex  1.335806e+00  1.494040e+01  2.200000e+01
   endloop
 endfacet
 facet normal  0.000000e+00 -0.000000e+00 -1.000000e+00
   outer loop
     vertex  1.485907e+01  2.051363e+00  2.200000e+01
     vertex  1.490975e+01  1.642947e+00  2.200000e+01
     vertex  9.906046e+00  1.367575e+00  2.200000e+01
   endloop
 endfacet
 facet normal -0.000000e+00  0.000000e+00 -1.000000e+00
   outer loop
     vertex  2.153238e+00  1.484465e+01  2.200000e+01
     vertex  1.163452e+00  9.932088e+00  2.200000e+01
     vertex  1.745179e+00  1.489813e+01  2.200000e+01
   endloop
 endfacet
 facet normal  0.000000e+00  0.000000e+00 -1.000000e+00
   outer loop
     vertex  2.153238e+00  1.484465e+01  2.200000e+01
     vertex  1.435492e+00  9.896432e+00  2.200000e+01
     vertex  1.163452e+00  9.932088e+00  2.200000e+01
   endloop
 endfacet
 facet normal  0.000000e+00 -0.000000e+00 -1.000000e+00
   outer loop
     vertex  1.479720e+01  2.458235e+00  2.200000e+01
     vertex  1.485907e+01  2.051363e+00  2.200000e+01
     vertex  9.906046e+00  1.367575e+00  2.200000e+01
   endloop
 endfacet
 facet normal  0.000000e+00  0.000000e+00 -1.000000e+00
   outer loop
     vertex  1.479720e+01  2.458235e+00  2.200000e+01
     vertex  9.906046e+00  1.367575e+00  2.200000e+01
     vertex  9.864799e+00  1.638824e+00  2.200000e+01
   endloop
 endfacet
 facet normal  0.000000e+00  0.000000e+00 -1.000000e+00
   outer loop
     vertex  1.479720e+01  2.458235e+00  2.200000e+01
     vertex  9.864799e+00  1.638824e+00  2.200000e+01
     vertex  9.816126e+00  1.908838e+00  2.200000e+01
   endloop
 endfacet
 facet normal -0.000000e+00  0.000000e+00 -1.000000e+00
   outer loop
     vertex  2.559676e+00  1.477999e+01  2.200000e+01
     vertex  1.435492e+00  9.896432e+00  2.200000e+01
     vertex  2.153238e+00  1.484465e+01  2.200000e+01
   endloop
 endfacet
 facet normal  0.000000e+00  0.000000e+00 -1.000000e+00
   outer loop
     vertex  2.559676e+00  1.477999e+01  2.200000e+01
     vertex  1.706451e+00  9.853326e+00  2.200000e+01
     vertex  1.435492e+00  9.896432e+00  2.200000e+01
   endloop
 endfacet
 facet normal  0.000000e+00 -0.000000e+00 -1.000000e+00
   outer loop
     vertex  1.472419e+01  2.863257e+00  2.200000e+01
     vertex  1.479720e+01  2.458235e+00  2.200000e+01
     vertex  9.816126e+00  1.908838e+00  2.200000e+01
   endloop
 endfacet
 facet normal  0.000000e+00  0.000000e+00 -1.000000e+00
   outer loop
     vertex  2.964188e+00  1.470420e+01  2.200000e+01
     vertex  1.976125e+00  9.802802e+00  2.200000e+01
     vertex  1.706451e+00  9.853326e+00  2.200000e+01
   endloop
 endfacet
 facet normal -0.000000e+00  0.000000e+00 -1.000000e+00
   outer loop
     vertex  2.964188e+00  1.470420e+01  2.200000e+01
     vertex  1.706451e+00  9.853326e+00  2.200000e+01
     vertex  2.559676e+00  1.477999e+01  2.200000e+01
   endloop
 endfacet
 facet normal  0.000000e+00 -0.000000e+00 -1.000000e+00
   outer loop
     vertex  1.464010e+01  3.266124e+00  2.200000e+01
     vertex  1.472419e+01  2.863257e+00  2.200000e+01
     vertex  9.816126e+00  1.908838e+00  2.200000e+01
   endloop
 endfacet
 facet normal  0.000000e+00  0.000000e+00 -1.000000e+00
   outer loop
     vertex  1.464010e+01  3.266124e+00  2.200000e+01
     vertex  9.816126e+00  1.908838e+00  2.200000e+01
     vertex  9.760065e+00  2.177416e+00  2.200000e+01
   endloop
 endfacet
 facet normal  0.000000e+00  0.000000e+00 -1.000000e+00
   outer loop
     vertex  3.366468e+00  1.461735e+01  2.200000e+01
     vertex  2.244312e+00  9.744899e+00  2.200000e+01
     vertex  1.976125e+00  9.802802e+00  2.200000e+01
   endloop
 endfacet
 facet normal -0.000000e+00  0.000000e+00 -1.000000e+00
   outer loop
     vertex  3.366468e+00  1.461735e+01  2.200000e+01
     vertex  1.976125e+00  9.802802e+00  2.200000e+01
     vertex  2.964188e+00  1.470420e+01  2.200000e+01
   endloop
 endfacet
 facet normal  0.000000e+00  0.000000e+00 -1.000000e+00
   outer loop
     vertex  1.454498e+01  3.666531e+00  2.200000e+01
     vertex  9.760065e+00  2.177416e+00  2.200000e+01
     vertex  9.696656e+00  2.444354e+00  2.200000e+01
   endloop
 endfacet
 facet normal  0.000000e+00 -0.000000e+00 -1.000000e+00
   outer loop
     vertex  1.454498e+01  3.666531e+00  2.200000e+01
     vertex  1.464010e+01  3.266124e+00  2.200000e+01
     vertex  9.760065e+00  2.177416e+00  2.200000e+01
   endloop
 endfacet
 facet normal  0.000000e+00  0.000000e+00 -1.000000e+00
   outer loop
     vertex  3.766214e+00  1.451949e+01  2.200000e+01
     vertex  2.510809e+00  9.679661e+00  2.200000e+01
     vertex  2.244312e+00  9.744899e+00  2.200000e+01
   endloop
 endfacet
 facet normal -0.000000e+00  0.000000e+00 -1.000000e+00
   outer loop
     vertex  3.766214e+00  1.451949e+01  2.200000e+01
     vertex  2.244312e+00  9.744899e+00  2.200000e+01
     vertex  3.366468e+00  1.461735e+01  2.200000e+01
   endloop
 endfacet
 facet normal  0.000000e+00  0.000000e+00 -1.000000e+00
   outer loop
     vertex  1.443892e+01  4.064179e+00  2.200000e+01
     vertex  9.696656e+00  2.444354e+00  2.200000e+01
     vertex  9.625948e+00  2.709453e+00  2.200000e+01
   endloop
 endfacet
 facet normal  0.000000e+00  0.000000e+00 -1.000000e+00
   outer loop
     vertex  1.443892e+01  4.064179e+00  2.200000e+01
     vertex  9.625948e+00  2.709453e+00  2.200000e+01
     vertex  9.547993e+00  2.972512e+00  2.200000e+01
   endloop
 endfacet
 facet normal  0.000000e+00 -0.000000e+00 -1.000000e+00
   outer loop
     vertex  1.443892e+01  4.064179e+00  2.200000e+01
     vertex  1.454498e+01  3.666531e+00  2.200000e+01
     vertex  9.696656e+00  2.444354e+00  2.200000e+01
   endloop
 endfacet
 facet normal  0.000000e+00  0.000000e+00 -1.000000e+00
   outer loop
     vertex  4.163125e+00  1.441070e+01  2.200000e+01
     vertex  2.775416e+00  9.607136e+00  2.200000e+01
     vertex  2.510809e+00  9.679661e+00  2.200000e+01
   endloop
 endfacet
 facet normal -0.000000e+00  0.000000e+00 -1.000000e+00
   outer loop
     vertex  4.163125e+00  1.441070e+01  2.200000e+01
     vertex  2.510809e+00  9.679661e+00  2.200000e+01
     vertex  3.766214e+00  1.451949e+01  2.200000e+01
   endloop
 endfacet
 facet normal  0.000000e+00  0.000000e+00 -1.000000e+00
   outer loop
     vertex  1.432199e+01  4.458768e+00  2.200000e+01
     vertex  9.547993e+00  2.972512e+00  2.200000e+01
     vertex  9.462851e+00  3.233333e+00  2.200000e+01
   endloop
 endfacet
 facet normal  0.000000e+00 -0.000000e+00 -1.000000e+00
   outer loop
     vertex  1.432199e+01  4.458768e+00  2.200000e+01
     vertex  1.443892e+01  4.064179e+00  2.200000e+01
     vertex  9.547993e+00  2.972512e+00  2.200000e+01
   endloop
 endfacet
 facet normal -0.000000e+00  0.000000e+00 -1.000000e+00
   outer loop
     vertex  4.556902e+00  1.429107e+01  2.200000e+01
     vertex  2.775416e+00  9.607136e+00  2.200000e+01
     vertex  4.163125e+00  1.441070e+01  2.200000e+01
   endloop
 endfacet
 facet normal  0.000000e+00  0.000000e+00 -1.000000e+00
   outer loop
     vertex  4.556902e+00  1.429107e+01  2.200000e+01
     vertex  3.037934e+00  9.527379e+00  2.200000e+01
     vertex  2.775416e+00  9.607136e+00  2.200000e+01
   endloop
 endfacet
 facet normal  0.000000e+00 -0.000000e+00 -1.000000e+00
   outer loop
     vertex  1.419428e+01  4.849999e+00  2.200000e+01
     vertex  1.432199e+01  4.458768e+00  2.200000e+01
     vertex  9.462851e+00  3.233333e+00  2.200000e+01
   endloop
 endfacet
 facet normal  0.000000e+00  0.000000e+00 -1.000000e+00
   outer loop
     vertex  4.947248e+00  1.416068e+01  2.200000e+01
     vertex  3.555914e+00  9.346415e+00  2.200000e+01
     vertex  3.298166e+00  9.440450e+00  2.200000e+01
   endloop
 endfacet
 facet normal  0.000000e+00  0.000000e+00 -1.000000e+00
   outer loop
     vertex  4.947248e+00  1.416068e+01  2.200000e+01
     vertex  3.298166e+00  9.440450e+00  2.200000e+01
     vertex  3.037934e+00  9.527379e+00  2.200000e+01
   endloop
 endfacet
 facet normal -0.000000e+00  0.000000e+00 -1.000000e+00
   outer loop
     vertex  4.947248e+00  1.416068e+01  2.200000e+01
     vertex  3.037934e+00  9.527379e+00  2.200000e+01
     vertex  4.556902e+00  1.429107e+01  2.200000e+01
   endloop
 endfacet
 facet normal  0.000000e+00  0.000000e+00 -1.000000e+00
   outer loop
     vertex  1.405588e+01  5.237580e+00  2.200000e+01
     vertex  9.462851e+00  3.233333e+00  2.200000e+01
     vertex  9.370586e+00  3.491720e+00  2.200000e+01
   endloop
 endfacet
 facet normal  0.000000e+00  0.000000e+00 -1.000000e+00
   outer loop
     vertex  1.405588e+01  5.237580e+00  2.200000e+01
     vertex  9.370586e+00  3.491720e+00  2.200000e+01
     vertex  9.271267e+00  3.747479e+00  2.200000e+01
   endloop
 endfacet
 facet normal  0.000000e+00 -0.000000e+00 -1.000000e+00
   outer loop
     vertex  1.405588e+01  5.237580e+00  2.200000e+01
     vertex  1.419428e+01  4.849999e+00  2.200000e+01
     vertex  9.462851e+00  3.233333e+00  2.200000e+01
   endloop
 endfacet
 facet normal -0.000000e+00  0.000000e+00 -1.000000e+00
   outer loop
     vertex  5.333871e+00  1.401962e+01  2.200000e+01
     vertex  3.555914e+00  9.346415e+00  2.200000e+01
     vertex  4.947248e+00  1.416068e+01  2.200000e+01
   endloop
 endfacet
 facet normal  0.000000e+00  0.000000e+00 -1.000000e+00
   outer loop
     vertex  1.390690e+01  5.621219e+00  2.200000e+01
     vertex  9.271267e+00  3.747479e+00  2.200000e+01
     vertex  9.164969e+00  4.000417e+00  2.200000e+01
   endloop
 endfacet
 facet normal  0.000000e+00 -0.000000e+00 -1.000000e+00
   outer loop
     vertex  1.390690e+01  5.621219e+00  2.200000e+01
     vertex  1.405588e+01  5.237580e+00  2.200000e+01
     vertex  9.271267e+00  3.747479e+00  2.200000e+01
   endloop
 endfacet
 facet normal -0.000000e+00  0.000000e+00 -1.000000e+00
   outer loop
     vertex  5.716478e+00  1.386802e+01  2.200000e+01
     vertex  3.555914e+00  9.346415e+00  2.200000e+01
     vertex  5.333871e+00  1.401962e+01  2.200000e+01
   endloop
 endfacet
 facet normal  0.000000e+00  0.000000e+00 -1.000000e+00
   outer loop
     vertex  5.716478e+00  1.386802e+01  2.200000e+01
     vertex  3.810986e+00  9.245344e+00  2.200000e+01
     vertex  3.555914e+00  9.346415e+00  2.200000e+01
   endloop
 endfacet
 facet normal  0.000000e+00 -0.000000e+00 -1.000000e+00
   outer loop
     vertex  1.374745e+01  6.000626e+00  2.200000e+01
     vertex  1.390690e+01  5.621219e+00  2.200000e+01
     vertex  9.164969e+00  4.000417e+00  2.200000e+01
   endloop
 endfacet
 facet normal  0.000000e+00  0.000000e+00 -1.000000e+00
   outer loop
     vertex  1.374745e+01  6.000626e+00  2.200000e+01
     vertex  9.164969e+00  4.000417e+00  2.200000e+01
     vertex  9.051772e+00  4.250344e+00  2.200000e+01
   endloop
 endfacet
 facet normal -0.000000e+00  0.000000e+00 -1.000000e+00
   outer loop
     vertex  6.094783e+00  1.370597e+01  2.200000e+01
     vertex  3.810986e+00  9.245344e+00  2.200000e+01
     vertex  5.716478e+00  1.386802e+01  2.200000e+01
   endloop
 endfacet
 facet normal  0.000000e+00  0.000000e+00 -1.000000e+00
   outer loop
     vertex  6.094783e+00  1.370597e+01  2.200000e+01
     vertex  4.063188e+00  9.137314e+00  2.200000e+01
     vertex  3.810986e+00  9.245344e+00  2.200000e+01
   endloop
 endfacet
 facet normal  0.000000e+00 -0.000000e+00 -1.000000e+00
   outer loop
     vertex  1.357766e+01  6.375515e+00  2.200000e+01
     vertex  1.374745e+01  6.000626e+00  2.200000e+01
     vertex  9.051772e+00  4.250344e+00  2.200000e+01
   endloop
 endfacet
 facet normal -0.000000e+00  0.000000e+00 -1.000000e+00
   outer loop
     vertex  6.468499e+00  1.353361e+01  2.200000e+01
     vertex  4.063188e+00  9.137314e+00  2.200000e+01
     vertex  6.094783e+00  1.370597e+01  2.200000e+01
   endloop
 endfacet
 facet normal  0.000000e+00  0.000000e+00 -1.000000e+00
   outer loop
     vertex  6.468499e+00  1.353361e+01  2.200000e+01
     vertex  4.312333e+00  9.022405e+00  2.200000e+01
     vertex  4.063188e+00  9.137314e+00  2.200000e+01
   endloop
 endfacet
 facet normal  0.000000e+00 -0.000000e+00 -1.000000e+00
   outer loop
     vertex  1.339764e+01  6.745606e+00  2.200000e+01
     vertex  1.357766e+01  6.375515e+00  2.200000e+01
     vertex  9.051772e+00  4.250344e+00  2.200000e+01
   endloop
 endfacet
 facet normal  0.000000e+00  0.000000e+00 -1.000000e+00
   outer loop
     vertex  1.339764e+01  6.745606e+00  2.200000e+01
     vertex  9.051772e+00  4.250344e+00  2.200000e+01
     vertex  8.931761e+00  4.497071e+00  2.200000e+01
   endloop
 endfacet
 facet normal -0.000000e+00  0.000000e+00 -1.000000e+00
   outer loop
     vertex  6.837346e+00  1.335106e+01  2.200000e+01
     vertex  4.312333e+00  9.022405e+00  2.200000e+01
     vertex  6.468499e+00  1.353361e+01  2.200000e+01
   endloop
 endfacet
 facet normal  0.000000e+00  0.000000e+00 -1.000000e+00
   outer loop
     vertex  6.837346e+00  1.335106e+01  2.200000e+01
     vertex  4.558231e+00  8.900704e+00  2.200000e+01
     vertex  4.312333e+00  9.022405e+00  2.200000e+01
   endloop
 endfacet
 facet normal  0.000000e+00 -0.000000e+00 -1.000000e+00
   outer loop
     vertex  1.320754e+01  7.110619e+00  2.200000e+01
     vertex  1.339764e+01  6.745606e+00  2.200000e+01
     vertex  8.931761e+00  4.497071e+00  2.200000e+01
   endloop
 endfacet
 facet normal  0.000000e+00  0.000000e+00 -1.000000e+00
   outer loop
     vertex  1.320754e+01  7.110619e+00  2.200000e+01
     vertex  8.931761e+00  4.497071e+00  2.200000e+01
     vertex  8.805026e+00  4.740412e+00  2.200000e+01
   endloop
 endfacet
 facet normal -0.000000e+00  0.000000e+00 -1.000000e+00
   outer loop
     vertex  7.201046e+00  1.315845e+01  2.200000e+01
     vertex  4.558231e+00  8.900704e+00  2.200000e+01
     vertex  6.837346e+00  1.335106e+01  2.200000e+01
   endloop
 endfacet
 facet normal  0.000000e+00  0.000000e+00 -1.000000e+00
   outer loop
     vertex  7.201046e+00  1.315845e+01  2.200000e+01
     vertex  4.800697e+00  8.772303e+00  2.200000e+01
     vertex  4.558231e+00  8.900704e+00  2.200000e+01
   endloop
 endfacet
 facet normal  0.000000e+00  0.000000e+00 -1.000000e+00
   outer loop
     vertex  1.300750e+01  7.470278e+00  2.200000e+01
     vertex  8.805026e+00  4.740412e+00  2.200000e+01
     vertex  8.671664e+00  4.980186e+00  2.200000e+01
   endloop
 endfacet
 facet normal  0.000000e+00 -0.000000e+00 -1.000000e+00
   outer loop
     vertex  1.300750e+01  7.470278e+00  2.200000e+01
     vertex  1.320754e+01  7.110619e+00  2.200000e+01
     vertex  8.805026e+00  4.740412e+00  2.200000e+01
   endloop
 endfacet
 facet normal -0.000000e+00  0.000000e+00 -1.000000e+00
   outer loop
     vertex  7.559325e+00  1.295595e+01  2.200000e+01
     vertex  4.800697e+00  8.772303e+00  2.200000e+01
     vertex  7.201046e+00  1.315845e+01  2.200000e+01
   endloop
 endfacet
 facet normal  0.000000e+00  0.000000e+00 -1.000000e+00
   outer loop
     vertex  7.559325e+00  1.295595e+01  2.200000e+01
     vertex  5.039550e+00  8.637299e+00  2.200000e+01
     vertex  4.800697e+00  8.772303e+00  2.200000e+01
   endloop
 endfacet
 facet normal  0.000000e+00 -0.000000e+00 -1.000000e+00
   outer loop
     vertex  1.279766e+01  7.824315e+00  2.200000e+01
     vertex  1.300750e+01  7.470278e+00  2.200000e+01
     vertex  8.671664e+00  4.980186e+00  2.200000e+01
   endloop
 endfacet
 facet normal  0.000000e+00  0.000000e+00 -1.000000e+00
   outer loop
     vertex  1.279766e+01  7.824315e+00  2.200000e+01
     vertex  8.671664e+00  4.980186e+00  2.200000e+01
     vertex  8.531773e+00  5.216210e+00  2.200000e+01
   endloop
 endfacet
 facet normal -0.000000e+00  0.000000e+00 -1.000000e+00
   outer loop
     vertex  7.911914e+00  1.274369e+01  2.200000e+01
     vertex  5.039550e+00  8.637299e+00  2.200000e+01
     vertex  7.559325e+00  1.295595e+01  2.200000e+01
   endloop
 endfacet
 facet normal  0.000000e+00  0.000000e+00 -1.000000e+00
   outer loop
     vertex  7.911914e+00  1.274369e+01  2.200000e+01
     vertex  5.274609e+00  8.495793e+00  2.200000e+01
     vertex  5.039550e+00  8.637299e+00  2.200000e+01
   endloop
 endfacet
 facet normal  4.503334e-15 -7.365773e-15 -1.000000e+00
   outer loop
     vertex  1.257819e+01  8.172462e+00  2.200000e+01
     vertex  1.279766e+01  7.824315e+00  2.200000e+01
     vertex  8.531773e+00  5.216210e+00  2.200000e+01
   endloop
 endfacet
 facet normal -6.011340e-16 -3.789511e-16 -1.000000e+00
   outer loop
     vertex  1.257819e+01  8.172462e+00  2.200000e+01
     vertex  8.531773e+00  5.216210e+00  2.200000e+01
     vertex  8.385460e+00  5.448308e+00  2.200000e+01
   endloop
 endfacet
 facet normal -0.000000e+00  0.000000e+00 -1.000000e+00
   outer loop
     vertex  8.258547e+00  1.252184e+01  2.200000e+01
     vertex  5.274609e+00  8.495793e+00  2.200000e+01
     vertex  7.911914e+00  1.274369e+01  2.200000e+01
   endloop
 endfacet
 facet normal  0.000000e+00  0.000000e+00 -1.000000e+00
   outer loop
     vertex  8.258547e+00  1.252184e+01  2.200000e+01
     vertex  5.505698e+00  8.347891e+00  2.200000e+01
     vertex  5.274609e+00  8.495793e+00  2.200000e+01
   endloop
 endfacet
 facet normal -5.905116e-16 -3.953000e-16 -1.000000e+00
   outer loop
     vertex  1.234925e+01  8.514456e+00  2.200000e+01
     vertex  1.257819e+01  8.172462e+00  2.200000e+01
     vertex  8.385460e+00  5.448308e+00  2.200000e+01
   endloop
 endfacet
 facet normal -5.905116e-16 -3.953000e-16 -1.000000e+00
   outer loop
     vertex  1.234925e+01  8.514456e+00  2.200000e+01
     vertex  8.385460e+00  5.448308e+00  2.200000e+01
     vertex  8.232835e+00  5.676304e+00  2.200000e+01
   endloop
 endfacet
 facet normal -0.000000e+00  0.000000e+00 -1.000000e+00
   outer loop
     vertex  8.598964e+00  1.229056e+01  2.200000e+01
     vertex  5.505698e+00  8.347891e+00  2.200000e+01
     vertex  8.258547e+00  1.252184e+01  2.200000e+01
   endloop
 endfacet
 facet normal  0.000000e+00  0.000000e+00 -1.000000e+00
   outer loop
     vertex  8.598964e+00  1.229056e+01  2.200000e+01
     vertex  5.732642e+00  8.193706e+00  2.200000e+01
     vertex  5.505698e+00  8.347891e+00  2.200000e+01
   endloop
 endfacet
 facet normal -5.794446e-16 -4.113513e-16 -1.000000e+00
   outer loop
     vertex  1.211102e+01  8.850042e+00  2.200000e+01
     vertex  1.234925e+01  8.514456e+00  2.200000e+01
     vertex  8.232835e+00  5.676304e+00  2.200000e+01
   endloop
 endfacet
 facet normal -5.794446e-16 -4.113513e-16 -1.000000e+00
   outer loop
     vertex  1.211102e+01  8.850042e+00  2.200000e+01
     vertex  8.232835e+00  5.676304e+00  2.200000e+01
     vertex  8.074012e+00  5.900028e+00  2.200000e+01
   endloop
 endfacet
 facet normal -0.000000e+00  0.000000e+00 -1.000000e+00
   outer loop
     vertex  8.932907e+00  1.205003e+01  2.200000e+01
     vertex  5.732642e+00  8.193706e+00  2.200000e+01
     vertex  8.598964e+00  1.229056e+01  2.200000e+01
   endloop
 endfacet
 facet normal  1.040320e-14 -7.712086e-15 -1.000000e+00
   outer loop
     vertex  8.932907e+00  1.205003e+01  2.200000e+01
     vertex  6.173417e+00  7.866951e+00  2.200000e+01
     vertex  5.955271e+00  8.033352e+00  2.200000e+01
   endloop
 endfacet
 facet normal  0.000000e+00  0.000000e+00 -1.000000e+00
   outer loop
     vertex  8.932907e+00  1.205003e+01  2.200000e+01
     vertex  5.955271e+00  8.033352e+00  2.200000e+01
     vertex  5.732642e+00  8.193706e+00  2.200000e+01
   endloop
 endfacet
 facet normal -5.679415e-16 -4.270930e-16 -1.000000e+00
   outer loop
     vertex  1.186367e+01  9.178965e+00  2.200000e+01
     vertex  8.074012e+00  5.900028e+00  2.200000e+01
     vertex  7.909112e+00  6.119310e+00  2.200000e+01
   endloop
 endfacet
 facet normal -5.679415e-16 -4.270930e-16 -1.000000e+00
   outer loop
     vertex  1.186367e+01  9.178965e+00  2.200000e+01
     vertex  1.211102e+01  8.850042e+00  2.200000e+01
     vertex  8.074012e+00  5.900028e+00  2.200000e+01
   endloop
 endfacet
 facet normal -4.309787e-16 -5.649986e-16 -1.000000e+00
   outer loop
     vertex  9.260126e+00  1.180043e+01  2.200000e+01
     vertex  6.173417e+00  7.866951e+00  2.200000e+01
     vertex  8.932907e+00  1.205003e+01  2.200000e+01
   endloop
 endfacet
 facet normal -5.560109e-16 -4.425132e-16 -1.000000e+00
   outer loop
     vertex  1.160739e+01  9.500978e+00  2.200000e+01
     vertex  1.186367e+01  9.178965e+00  2.200000e+01
     vertex  7.909112e+00  6.119310e+00  2.200000e+01
   endloop
 endfacet
 facet normal -5.560109e-16 -4.425132e-16 -1.000000e+00
   outer loop
     vertex  1.160739e+01  9.500978e+00  2.200000e+01
     vertex  7.909112e+00  6.119310e+00  2.200000e+01
     vertex  7.738257e+00  6.333986e+00  2.200000e+01
   endloop
 endfacet
 facet normal -4.463167e-16 -5.529624e-16 -1.000000e+00
   outer loop
     vertex  9.580374e+00  1.154194e+01  2.200000e+01
     vertex  6.173417e+00  7.866951e+00  2.200000e+01
     vertex  9.260126e+00  1.180043e+01  2.200000e+01
   endloop
 endfacet
 facet normal -4.463167e-16 -5.529624e-16 -1.000000e+00
   outer loop
     vertex  9.580374e+00  1.154194e+01  2.200000e+01
     vertex  6.386916e+00  7.694628e+00  2.200000e+01
     vertex  6.173417e+00  7.866951e+00  2.200000e+01
   endloop
 endfacet
 facet normal -5.436616e-16 -4.576003e-16 -1.000000e+00
   outer loop
     vertex  1.134237e+01  9.815840e+00  2.200000e+01
     vertex  7.738257e+00  6.333986e+00  2.200000e+01
     vertex  7.561578e+00  6.543893e+00  2.200000e+01
   endloop
 endfacet
 facet normal -5.436616e-16 -4.576003e-16 -1.000000e+00
   outer loop
     vertex  1.134237e+01  9.815840e+00  2.200000e+01
     vertex  1.160739e+01  9.500978e+00  2.200000e+01
     vertex  7.738257e+00  6.333986e+00  2.200000e+01
   endloop
 endfacet
 facet normal -4.613187e-16 -5.405100e-16 -1.000000e+00
   outer loop
     vertex  9.893410e+00  1.127477e+01  2.200000e+01
     vertex  6.386916e+00  7.694628e+00  2.200000e+01
     vertex  9.580374e+00  1.154194e+01  2.200000e+01
   endloop
 endfacet
 facet normal -4.613187e-16 -5.405100e-16 -1.000000e+00
   outer loop
     vertex  9.893410e+00  1.127477e+01  2.200000e+01
     vertex  6.595607e+00  7.516513e+00  2.200000e+01
     vertex  6.386916e+00  7.694628e+00  2.200000e+01
   endloop
 endfacet
 facet normal -5.309032e-16 -4.723429e-16 -1.000000e+00
   outer loop
     vertex  1.106881e+01  1.012331e+01  2.200000e+01
     vertex  1.134237e+01  9.815840e+00  2.200000e+01
     vertex  7.561578e+00  6.543893e+00  2.200000e+01
   endloop
 endfacet
 facet normal -5.309032e-16 -4.723429e-16 -1.000000e+00
   outer loop
     vertex  1.106881e+01  1.012331e+01  2.200000e+01
     vertex  7.561578e+00  6.543893e+00  2.200000e+01
     vertex  7.379206e+00  6.748875e+00  2.200000e+01
   endloop
 endfacet
 facet normal -4.759734e-16 -5.276508e-16 -1.000000e+00
   outer loop
     vertex  1.019900e+01  1.099911e+01  2.200000e+01
     vertex  6.595607e+00  7.516513e+00  2.200000e+01
     vertex  9.893410e+00  1.127477e+01  2.200000e+01
   endloop
 endfacet
 facet normal -4.759734e-16 -5.276508e-16 -1.000000e+00
   outer loop
     vertex  1.019900e+01  1.099911e+01  2.200000e+01
     vertex  6.799333e+00  7.332740e+00  2.200000e+01
     vertex  6.595607e+00  7.516513e+00  2.200000e+01
   endloop
 endfacet
 facet normal -5.177451e-16 -4.867299e-16 -1.000000e+00
   outer loop
     vertex  1.078692e+01  1.042316e+01  2.200000e+01
     vertex  7.379206e+00  6.748875e+00  2.200000e+01
     vertex  7.191280e+00  6.948776e+00  2.200000e+01
   endloop
 endfacet
 facet normal -5.177451e-16 -4.867299e-16 -1.000000e+00
   outer loop
     vertex  1.078692e+01  1.042316e+01  2.200000e+01
     vertex  1.106881e+01  1.012331e+01  2.200000e+01
     vertex  7.379206e+00  6.748875e+00  2.200000e+01
   endloop
 endfacet
 facet normal -5.041972e-16 -5.007506e-16 -1.000000e+00
   outer loop
     vertex  1.049691e+01  1.071517e+01  2.200000e+01
     vertex  7.191280e+00  6.948776e+00  2.200000e+01
     vertex  6.997940e+00  7.143447e+00  2.200000e+01
   endloop
 endfacet
 facet normal -4.902699e-16 -5.143943e-16 -1.000000e+00
   outer loop
     vertex  1.049691e+01  1.071517e+01  2.200000e+01
     vertex  6.997940e+00  7.143447e+00  2.200000e+01
     vertex  6.799333e+00  7.332740e+00  2.200000e+01
   endloop
 endfacet
 facet normal -4.902699e-16 -5.143943e-16 -1.000000e+00
   outer loop
     vertex  1.049691e+01  1.071517e+01  2.200000e+01
     vertex  6.799333e+00  7.332740e+00  2.200000e+01
     vertex  1.019900e+01  1.099911e+01  2.200000e+01
   endloop
 endfacet
 facet normal -5.041972e-16 -5.007506e-16 -1.000000e+00
   outer loop
     vertex  1.049691e+01  1.071517e+01  2.200000e+01
     vertex  1.078692e+01  1.042316e+01  2.200000e+01
     vertex  7.191280e+00  6.948776e+00  2.200000e+01
   endloop
 endfacet
 facet normal  9.999059e-01  1.371831e-02  3.704469e-18
   outer loop
     vertex  1.499435e+01  4.115107e-01  2.200000e+01
     vertex  1.500000e+01  0.000000e+00  4.000000e+01
     vertex  1.500000e+01  4.884981e-15  2.200000e+01
   endloop
 endfacet
 facet normal  9.999059e-01  1.371831e-02  3.722984e-18
   outer loop
     vertex  1.499435e+01  4.115107e-01  2.200000e+01
     vertex  1.499435e+01  4.115107e-01  4.000000e+01
     vertex  1.500000e+01  0.000000e+00  4.000000e+01
   endloop
 endfacet
 facet normal  9.991532e-01  4.114462e-02  1.116615e-17
   outer loop
     vertex  1.497742e+01  8.227117e-01  2.200000e+01
     vertex  1.497742e+01  8.227117e-01  4.000000e+01
     vertex  1.499435e+01  4.115107e-01  4.000000e+01
   endloop
 endfacet
 facet normal  9.976484e-01  6.853995e-02  1.860091e-17
   outer loop
     vertex  1.497742e+01  8.227117e-01  2.200000e+01
     vertex  1.494921e+01  1.233293e+00  4.000000e+01
     vertex  1.497742e+01  8.227117e-01  4.000000e+01
   endloop
 endfacet
 facet normal  9.991532e-01  4.114462e-02  1.115065e-17
   outer loop
     vertex  1.497742e+01  8.227117e-01  2.200000e+01
     vertex  1.499435e+01  4.115107e-01  4.000000e+01
     vertex  1.499435e+01  4.115107e-01  2.200000e+01
   endloop
 endfacet
 facet normal  9.976484e-01  6.853995e-02  1.860091e-17
   outer loop
     vertex  1.494921e+01  1.233293e+00  2.200000e+01
     vertex  1.494921e+01  1.233293e+00  4.000000e+01
     vertex  1.497742e+01  8.227117e-01  2.200000e+01
   endloop
 endfacet
 facet normal  9.953925e-01  9.588368e-02  2.602167e-17
   outer loop
     vertex  1.490975e+01  1.642947e+00  2.200000e+01
     vertex  1.490975e+01  1.642947e+00  4.000000e+01
     vertex  1.494921e+01  1.233293e+00  4.000000e+01
   endloop
 endfacet
 facet normal  9.923874e-01  1.231552e-01  3.342284e-17
   outer loop
     vertex  1.490975e+01  1.642947e+00  2.200000e+01
     vertex  1.485907e+01  2.051363e+00  4.000000e+01
     vertex  1.490975e+01  1.642947e+00  4.000000e+01
   endloop
 endfacet
 facet normal  9.953925e-01  9.588368e-02  2.613494e-17
   outer loop
     vertex  1.490975e+01  1.642947e+00  2.200000e+01
     vertex  1.494921e+01  1.233293e+00  4.000000e+01
     vertex  1.494921e+01  1.233293e+00  2.200000e+01
   endloop
 endfacet
 facet normal  9.923874e-01  1.231552e-01  3.342284e-17
   outer loop
     vertex  1.485907e+01  2.051363e+00  2.200000e+01
     vertex  1.485907e+01  2.051363e+00  4.000000e+01
     vertex  1.490975e+01  1.642947e+00  2.200000e+01
   endloop
 endfacet
 facet normal  9.886353e-01  1.503341e-01  4.079885e-17
   outer loop
     vertex  1.479720e+01  2.458235e+00  2.200000e+01
     vertex  1.479720e+01  2.458235e+00  4.000000e+01
     vertex  1.485907e+01  2.051363e+00  4.000000e+01
   endloop
 endfacet
 facet normal  9.886353e-01  1.503341e-01  4.078821e-17
   outer loop
     vertex  1.479720e+01  2.458235e+00  2.200000e+01
     vertex  1.485907e+01  2.051363e+00  4.000000e+01
     vertex  1.485907e+01  2.051363e+00  2.200000e+01
   endloop
 endfacet
 facet normal  9.841389e-01  1.773998e-01  4.814414e-17
   outer loop
     vertex  1.472419e+01  2.863257e+00  2.200000e+01
     vertex  1.472419e+01  2.863257e+00  4.000000e+01
     vertex  1.479720e+01  2.458235e+00  4.000000e+01
   endloop
 endfacet
 facet normal  9.841389e-01  1.773998e-01  4.822637e-17
   outer loop
     vertex  1.472419e+01  2.863257e+00  2.200000e+01
     vertex  1.479720e+01  2.458235e+00  4.000000e+01
     vertex  1.479720e+01  2.458235e+00  2.200000e+01
   endloop
 endfacet
 facet normal  9.789017e-01  2.043319e-01  5.545320e-17
   outer loop
     vertex  1.464010e+01  3.266124e+00  2.200000e+01
     vertex  1.464010e+01  3.266124e+00  4.000000e+01
     vertex  1.472419e+01  2.863257e+00  4.000000e+01
   endloop
 endfacet
 facet normal  9.789017e-01  2.043319e-01  5.569365e-17
   outer loop
     vertex  1.464010e+01  3.266124e+00  2.200000e+01
     vertex  1.472419e+01  2.863257e+00  4.000000e+01
     vertex  1.472419e+01  2.863257e+00  2.200000e+01
   endloop
 endfacet
 facet normal  9.729276e-01  2.311102e-01  6.272051e-17
   outer loop
     vertex  1.454498e+01  3.666531e+00  2.200000e+01
     vertex  1.454498e+01  3.666531e+00  4.000000e+01
     vertex  1.464010e+01  3.266124e+00  4.000000e+01
   endloop
 endfacet
 facet normal  9.662211e-01  2.577146e-01  6.994061e-17
   outer loop
     vertex  1.454498e+01  3.666531e+00  2.200000e+01
     vertex  1.443892e+01  4.064179e+00  4.000000e+01
     vertex  1.454498e+01  3.666531e+00  4.000000e+01
   endloop
 endfacet
 facet normal  9.729276e-01  2.311102e-01  6.316998e-17
   outer loop
     vertex  1.454498e+01  3.666531e+00  2.200000e+01
     vertex  1.464010e+01  3.266124e+00  4.000000e+01
     vertex  1.464010e+01  3.266124e+00  2.200000e+01
   endloop
 endfacet
 facet normal  9.662211e-01  2.577146e-01  6.358237e-17
   outer loop
     vertex  1.443892e+01  4.064179e+00  2.200000e+01
     vertex  1.443892e+01  4.064179e+00  4.000000e+01
     vertex  1.454498e+01  3.666531e+00  2.200000e+01
   endloop
 endfacet
 facet normal  9.587873e-01  2.841250e-01  6.977049e-17
   outer loop
     vertex  1.432199e+01  4.458768e+00  2.200000e+01
     vertex  1.443892e+01  4.064179e+00  4.000000e+01
     vertex  1.443892e+01  4.064179e+00  2.200000e+01
   endloop
 endfacet
 facet normal  9.587873e-01  2.841250e-01  8.411789e-17
   outer loop
     vertex  1.432199e+01  4.458768e+00  2.200000e+01
     vertex  1.432199e+01  4.458768e+00  4.000000e+01
     vertex  1.443892e+01  4.064179e+00  4.000000e+01
   endloop
 endfacet
 facet normal  9.506317e-01  3.103214e-01  9.153189e-17
   outer loop
     vertex  1.419428e+01  4.849999e+00  2.200000e+01
     vertex  1.432199e+01  4.458768e+00  4.000000e+01
     vertex  1.432199e+01  4.458768e+00  2.200000e+01
   endloop
 endfacet
 facet normal  9.506317e-01  3.103214e-01  9.187360e-17
   outer loop
     vertex  1.419428e+01  4.849999e+00  2.200000e+01
     vertex  1.419428e+01  4.849999e+00  4.000000e+01
     vertex  1.432199e+01  4.458768e+00  4.000000e+01
   endloop
 endfacet
 facet normal  9.417605e-01  3.362843e-01  1.000174e-16
   outer loop
     vertex  1.405588e+01  5.237580e+00  2.200000e+01
     vertex  1.419428e+01  4.849999e+00  4.000000e+01
     vertex  1.419428e+01  4.849999e+00  2.200000e+01
   endloop
 endfacet
 facet normal  9.417605e-01  3.362843e-01  8.296680e-17
   outer loop
     vertex  1.405588e+01  5.237580e+00  2.200000e+01
     vertex  1.405588e+01  5.237580e+00  4.000000e+01
     vertex  1.419428e+01  4.849999e+00  4.000000e+01
   endloop
 endfacet
 facet normal  9.321804e-01  3.619940e-01  8.973919e-17
   outer loop
     vertex  1.390690e+01  5.621219e+00  2.200000e+01
     vertex  1.405588e+01  5.237580e+00  4.000000e+01
     vertex  1.405588e+01  5.237580e+00  2.200000e+01
   endloop
 endfacet
 facet normal  9.321804e-01  3.619940e-01  1.071718e-16
   outer loop
     vertex  1.390690e+01  5.621219e+00  2.200000e+01
     vertex  1.390690e+01  5.621219e+00  4.000000e+01
     vertex  1.405588e+01  5.237580e+00  4.000000e+01
   endloop
 endfacet
 facet normal  9.218986e-01  3.874313e-01  1.147027e-16
   outer loop
     vertex  1.390690e+01  5.621219e+00  2.200000e+01
     vertex  1.374745e+01  6.000626e+00  4.000000e+01
     vertex  1.390690e+01  5.621219e+00  4.000000e+01
   endloop
 endfacet
 facet normal  9.218986e-01  3.874313e-01  1.147027e-16
   outer loop
     vertex  1.374745e+01  6.000626e+00  2.200000e+01
     vertex  1.374745e+01  6.000626e+00  4.000000e+01
     vertex  1.390690e+01  5.621219e+00  2.200000e+01
   endloop
 endfacet
 facet normal  9.109228e-01  4.125769e-01  1.224153e-16
   outer loop
     vertex  1.357766e+01  6.375515e+00  2.200000e+01
     vertex  1.374745e+01  6.000626e+00  4.000000e+01
     vertex  1.374745e+01  6.000626e+00  2.200000e+01
   endloop
 endfacet
 facet normal  9.109228e-01  4.125769e-01  1.017894e-16
   outer loop
     vertex  1.357766e+01  6.375515e+00  2.200000e+01
     vertex  1.357766e+01  6.375515e+00  4.000000e+01
     vertex  1.374745e+01  6.000626e+00  4.000000e+01
   endloop
 endfacet
 facet normal  8.992613e-01  4.374119e-01  1.079166e-16
   outer loop
     vertex  1.357766e+01  6.375515e+00  2.200000e+01
     vertex  1.339764e+01  6.745606e+00  4.000000e+01
     vertex  1.357766e+01  6.375515e+00  4.000000e+01
   endloop
 endfacet
 facet normal  8.992613e-01  4.374119e-01  1.294999e-16
   outer loop
     vertex  1.339764e+01  6.745606e+00  2.200000e+01
     vertex  1.339764e+01  6.745606e+00  4.000000e+01
     vertex  1.357766e+01  6.375515e+00  2.200000e+01
   endloop
 endfacet
 facet normal  8.869228e-01  4.619176e-01  1.367551e-16
   outer loop
     vertex  1.339764e+01  6.745606e+00  2.200000e+01
     vertex  1.320754e+01  7.110619e+00  4.000000e+01
     vertex  1.339764e+01  6.745606e+00  4.000000e+01
   endloop
 endfacet
 facet normal  8.869228e-01  4.619176e-01  1.367551e-16
   outer loop
     vertex  1.320754e+01  7.110619e+00  2.200000e+01
     vertex  1.320754e+01  7.110619e+00  4.000000e+01
     vertex  1.339764e+01  6.745606e+00  2.200000e+01
   endloop
 endfacet
 facet normal  8.739167e-01  4.860756e-01  1.448361e-16
   outer loop
     vertex  1.300750e+01  7.470278e+00  2.200000e+01
     vertex  1.320754e+01  7.110619e+00  4.000000e+01
     vertex  1.320754e+01  7.110619e+00  2.200000e+01
   endloop
 endfacet
 facet normal  8.739167e-01  4.860756e-01  1.199227e-16
   outer loop
     vertex  1.300750e+01  7.470278e+00  2.200000e+01
     vertex  1.300750e+01  7.470278e+00  4.000000e+01
     vertex  1.320754e+01  7.110619e+00  4.000000e+01
   endloop
 endfacet
 facet normal  8.602528e-01  5.098678e-01  1.257927e-16
   outer loop
     vertex  1.300750e+01  7.470278e+00  2.200000e+01
     vertex  1.279766e+01  7.824315e+00  4.000000e+01
     vertex  1.300750e+01  7.470278e+00  4.000000e+01
   endloop
 endfacet
 facet normal  8.602528e-01  5.098678e-01  1.257927e-16
   outer loop
     vertex  1.279766e+01  7.824315e+00  2.200000e+01
     vertex  1.279766e+01  7.824315e+00  4.000000e+01
     vertex  1.300750e+01  7.470278e+00  2.200000e+01
   endloop
 endfacet
 facet normal  8.459413e-01  5.332761e-01  1.323428e-16
   outer loop
     vertex  1.257819e+01  8.172462e+00  2.200000e+01
     vertex  1.279766e+01  7.824315e+00  4.000000e+01
     vertex  1.279766e+01  7.824315e+00  2.200000e+01
   endloop
 endfacet
 facet normal  8.459413e-01  5.332761e-01  1.578814e-16
   outer loop
     vertex  1.257819e+01  8.172462e+00  2.200000e+01
     vertex  1.257819e+01  8.172462e+00  4.000000e+01
     vertex  1.279766e+01  7.824315e+00  4.000000e+01
   endloop
 endfacet
 facet normal  8.309929e-01  5.562829e-01  1.646928e-16
   outer loop
     vertex  1.234925e+01  8.514456e+00  2.200000e+01
     vertex  1.234925e+01  8.514456e+00  4.000000e+01
     vertex  1.257819e+01  8.172462e+00  4.000000e+01
   endloop
 endfacet
 facet normal  8.309929e-01  5.562829e-01  1.639761e-16
   outer loop
     vertex  1.234925e+01  8.514456e+00  2.200000e+01
     vertex  1.257819e+01  8.172462e+00  4.000000e+01
     vertex  1.257819e+01  8.172462e+00  2.200000e+01
   endloop
 endfacet
 facet normal  8.154191e-01  5.788711e-01  1.713803e-16
   outer loop
     vertex  1.211102e+01  8.850042e+00  2.200000e+01
     vertex  1.211102e+01  8.850042e+00  4.000000e+01
     vertex  1.234925e+01  8.514456e+00  4.000000e+01
   endloop
 endfacet
 facet normal  8.154191e-01  5.788711e-01  1.711502e-16
   outer loop
     vertex  1.211102e+01  8.850042e+00  2.200000e+01
     vertex  1.234925e+01  8.514456e+00  4.000000e+01
     vertex  1.234925e+01  8.514456e+00  2.200000e+01
   endloop
 endfacet
 facet normal  7.992314e-01  6.010234e-01  1.779387e-16
   outer loop
     vertex  1.186367e+01  9.178965e+00  2.200000e+01
     vertex  1.186367e+01  9.178965e+00  4.000000e+01
     vertex  1.211102e+01  8.850042e+00  4.000000e+01
   endloop
 endfacet
 facet normal  7.992314e-01  6.010234e-01  1.779431e-16
   outer loop
     vertex  1.186367e+01  9.178965e+00  2.200000e+01
     vertex  1.211102e+01  8.850042e+00  4.000000e+01
     vertex  1.211102e+01  8.850042e+00  2.200000e+01
   endloop
 endfacet
 facet normal  7.824421e-01  6.227234e-01  1.843632e-16
   outer loop
     vertex  1.160739e+01  9.500978e+00  2.200000e+01
     vertex  1.160739e+01  9.500978e+00  4.000000e+01
     vertex  1.186367e+01  9.178965e+00  4.000000e+01
   endloop
 endfacet
 facet normal  7.824421e-01  6.227234e-01  1.842016e-16
   outer loop
     vertex  1.160739e+01  9.500978e+00  2.200000e+01
     vertex  1.186367e+01  9.178965e+00  4.000000e+01
     vertex  1.186367e+01  9.178965e+00  2.200000e+01
   endloop
 endfacet
 facet normal  7.650637e-01  6.439545e-01  1.906488e-16
   outer loop
     vertex  1.134237e+01  9.815840e+00  2.200000e+01
     vertex  1.134237e+01  9.815840e+00  4.000000e+01
     vertex  1.160739e+01  9.500978e+00  4.000000e+01
   endloop
 endfacet
 facet normal  7.650637e-01  6.439545e-01  1.909688e-16
   outer loop
     vertex  1.134237e+01  9.815840e+00  2.200000e+01
     vertex  1.160739e+01  9.500978e+00  4.000000e+01
     vertex  1.160739e+01  9.500978e+00  2.200000e+01
   endloop
 endfacet
 facet normal  7.471095e-01  6.647010e-01  1.967910e-16
   outer loop
     vertex  1.106881e+01  1.012331e+01  2.200000e+01
     vertex  1.106881e+01  1.012331e+01  4.000000e+01
     vertex  1.134237e+01  9.815840e+00  4.000000e+01
   endloop
 endfacet
 facet normal  7.471095e-01  6.647010e-01  1.958701e-16
   outer loop
     vertex  1.106881e+01  1.012331e+01  2.200000e+01
     vertex  1.134237e+01  9.815840e+00  4.000000e+01
     vertex  1.134237e+01  9.815840e+00  2.200000e+01
   endloop
 endfacet
 facet normal  7.285929e-01  6.849470e-01  2.027851e-16
   outer loop
     vertex  1.078692e+01  1.042316e+01  2.200000e+01
     vertex  1.078692e+01  1.042316e+01  4.000000e+01
     vertex  1.106881e+01  1.012331e+01  4.000000e+01
   endloop
 endfacet
 facet normal  7.285929e-01  6.849470e-01  2.025085e-16
   outer loop
     vertex  1.078692e+01  1.042316e+01  2.200000e+01
     vertex  1.106881e+01  1.012331e+01  4.000000e+01
     vertex  1.106881e+01  1.012331e+01  2.200000e+01
   endloop
 endfacet
 facet normal  7.095278e-01  7.046775e-01  2.086264e-16
   outer loop
     vertex  1.049691e+01  1.071517e+01  2.200000e+01
     vertex  1.049691e+01  1.071517e+01  4.000000e+01
     vertex  1.078692e+01  1.042316e+01  4.000000e+01
   endloop
 endfacet
 facet normal  7.095278e-01  7.046775e-01  2.077762e-16
   outer loop
     vertex  1.049691e+01  1.071517e+01  2.200000e+01
     vertex  1.078692e+01  1.042316e+01  4.000000e+01
     vertex  1.078692e+01  1.042316e+01  2.200000e+01
   endloop
 endfacet
 facet normal  6.899286e-01  7.238775e-01  2.143108e-16
   outer loop
     vertex  1.019900e+01  1.099911e+01  2.200000e+01
     vertex  1.019900e+01  1.099911e+01  4.000000e+01
     vertex  1.049691e+01  1.071517e+01  4.000000e+01
   endloop
 endfacet
 facet normal  6.899286e-01  7.238775e-01  2.147065e-16
   outer loop
     vertex  1.019900e+01  1.099911e+01  2.200000e+01
     vertex  1.049691e+01  1.071517e+01  4.000000e+01
     vertex  1.049691e+01  1.071517e+01  2.200000e+01
   endloop
 endfacet
 facet normal  6.698100e-01  7.425325e-01  2.198338e-16
   outer loop
     vertex  9.893410e+00  1.127477e+01  2.200000e+01
     vertex  9.893410e+00  1.127477e+01  4.000000e+01
     vertex  1.019900e+01  1.099911e+01  4.000000e+01
   endloop
 endfacet
 facet normal  6.698100e-01  7.425325e-01  2.205328e-16
   outer loop
     vertex  9.893410e+00  1.127477e+01  2.200000e+01
     vertex  1.019900e+01  1.099911e+01  4.000000e+01
     vertex  1.019900e+01  1.099911e+01  2.200000e+01
   endloop
 endfacet
 facet normal  6.491872e-01  7.606287e-01  2.251913e-16
   outer loop
     vertex  9.580374e+00  1.154194e+01  2.200000e+01
     vertex  9.580374e+00  1.154194e+01  4.000000e+01
     vertex  9.893410e+00  1.127477e+01  4.000000e+01
   endloop
 endfacet
 facet normal  6.491872e-01  7.606287e-01  2.256712e-16
   outer loop
     vertex  9.580374e+00  1.154194e+01  2.200000e+01
     vertex  9.893410e+00  1.127477e+01  4.000000e+01
     vertex  9.893410e+00  1.127477e+01  2.200000e+01
   endloop
 endfacet
 facet normal  6.280757e-01  7.781522e-01  2.303793e-16
   outer loop
     vertex  9.260126e+00  1.180043e+01  2.200000e+01
     vertex  9.260126e+00  1.180043e+01  4.000000e+01
     vertex  9.580374e+00  1.154194e+01  4.000000e+01
   endloop
 endfacet
 facet normal  6.280757e-01  7.781522e-01  2.303432e-16
   outer loop
     vertex  9.260126e+00  1.180043e+01  2.200000e+01
     vertex  9.580374e+00  1.154194e+01  4.000000e+01
     vertex  9.580374e+00  1.154194e+01  2.200000e+01
   endloop
 endfacet
 facet normal  6.064915e-01  7.950900e-01  2.353939e-16
   outer loop
     vertex  8.932907e+00  1.205003e+01  2.200000e+01
     vertex  8.932907e+00  1.205003e+01  4.000000e+01
     vertex  9.260126e+00  1.180043e+01  4.000000e+01
   endloop
 endfacet
 facet normal  6.064915e-01  7.950900e-01  2.351959e-16
   outer loop
     vertex  8.932907e+00  1.205003e+01  2.200000e+01
     vertex  9.260126e+00  1.180043e+01  4.000000e+01
     vertex  9.260126e+00  1.180043e+01  2.200000e+01
   endloop
 endfacet
 facet normal  5.844507e-01  8.114292e-01  2.402313e-16
   outer loop
     vertex  8.598964e+00  1.229056e+01  2.200000e+01
     vertex  8.598964e+00  1.229056e+01  4.000000e+01
     vertex  8.932907e+00  1.205003e+01  4.000000e+01
   endloop
 endfacet
 facet normal  5.844507e-01  8.114292e-01  2.393573e-16
   outer loop
     vertex  8.598964e+00  1.229056e+01  2.200000e+01
     vertex  8.932907e+00  1.205003e+01  4.000000e+01
     vertex  8.932907e+00  1.205003e+01  2.200000e+01
   endloop
 endfacet
 facet normal  5.619699e-01  8.271577e-01  2.448879e-16
   outer loop
     vertex  8.258547e+00  1.252184e+01  2.200000e+01
     vertex  8.258547e+00  1.252184e+01  4.000000e+01
     vertex  8.598964e+00  1.229056e+01  4.000000e+01
   endloop
 endfacet
 facet normal  5.619699e-01  8.271577e-01  2.442198e-16
   outer loop
     vertex  8.258547e+00  1.252184e+01  2.200000e+01
     vertex  8.598964e+00  1.229056e+01  4.000000e+01
     vertex  8.598964e+00  1.229056e+01  2.200000e+01
   endloop
 endfacet
 facet normal  5.390661e-01  8.422635e-01  2.494340e-16
   outer loop
     vertex  7.911914e+00  1.274369e+01  2.200000e+01
     vertex  8.258547e+00  1.252184e+01  4.000000e+01
     vertex  8.258547e+00  1.252184e+01  2.200000e+01
   endloop
 endfacet
 facet normal  5.390661e-01  8.422635e-01  2.493601e-16
   outer loop
     vertex  7.911914e+00  1.274369e+01  2.200000e+01
     vertex  7.911914e+00  1.274369e+01  4.000000e+01
     vertex  8.258547e+00  1.252184e+01  4.000000e+01
   endloop
 endfacet
 facet normal  5.157565e-01  8.567352e-01  2.536446e-16
   outer loop
     vertex  7.911914e+00  1.274369e+01  2.200000e+01
     vertex  7.559325e+00  1.295595e+01  4.000000e+01
     vertex  7.911914e+00  1.274369e+01  4.000000e+01
   endloop
 endfacet
 facet normal  5.157565e-01  8.567352e-01  2.536446e-16
   outer loop
     vertex  7.559325e+00  1.295595e+01  2.200000e+01
     vertex  7.559325e+00  1.295595e+01  4.000000e+01
     vertex  7.911914e+00  1.274369e+01  2.200000e+01
   endloop
 endfacet
 facet normal  4.920587e-01  8.705620e-01  2.576180e-16
   outer loop
     vertex  7.201046e+00  1.315845e+01  2.200000e+01
     vertex  7.559325e+00  1.295595e+01  4.000000e+01
     vertex  7.559325e+00  1.295595e+01  2.200000e+01
   endloop
 endfacet
 facet normal  4.920587e-01  8.705620e-01  2.577381e-16
   outer loop
     vertex  7.201046e+00  1.315845e+01  2.200000e+01
     vertex  7.201046e+00  1.315845e+01  4.000000e+01
     vertex  7.559325e+00  1.295595e+01  4.000000e+01
   endloop
 endfacet
 facet normal  4.679904e-01  8.837335e-01  2.616377e-16
   outer loop
     vertex  7.201046e+00  1.315845e+01  2.200000e+01
     vertex  6.837346e+00  1.335106e+01  4.000000e+01
     vertex  7.201046e+00  1.315845e+01  4.000000e+01
   endloop
 endfacet
 facet normal  4.679904e-01  8.837335e-01  2.616377e-16
   outer loop
     vertex  6.837346e+00  1.335106e+01  2.200000e+01
     vertex  6.837346e+00  1.335106e+01  4.000000e+01
     vertex  7.201046e+00  1.315845e+01  2.200000e+01
   endloop
 endfacet
 facet normal  4.435699e-01  8.962398e-01  2.656052e-16
   outer loop
     vertex  6.468499e+00  1.353361e+01  2.200000e+01
     vertex  6.837346e+00  1.335106e+01  4.000000e+01
     vertex  6.837346e+00  1.335106e+01  2.200000e+01
   endloop
 endfacet
 facet normal  4.435699e-01  8.962398e-01  2.653403e-16
   outer loop
     vertex  6.468499e+00  1.353361e+01  2.200000e+01
     vertex  6.468499e+00  1.353361e+01  4.000000e+01
     vertex  6.837346e+00  1.335106e+01  4.000000e+01
   endloop
 endfacet
 facet normal  4.188155e-01  9.080714e-01  2.688431e-16
   outer loop
     vertex  6.468499e+00  1.353361e+01  2.200000e+01
     vertex  6.094783e+00  1.370597e+01  4.000000e+01
     vertex  6.468499e+00  1.353361e+01  4.000000e+01
   endloop
 endfacet
 facet normal  4.188155e-01  9.080714e-01  2.688431e-16
   outer loop
     vertex  6.094783e+00  1.370597e+01  2.200000e+01
     vertex  6.094783e+00  1.370597e+01  4.000000e+01
     vertex  6.468499e+00  1.353361e+01  2.200000e+01
   endloop
 endfacet
 facet normal  3.937458e-01  9.192194e-01  2.721190e-16
   outer loop
     vertex  5.716478e+00  1.386802e+01  2.200000e+01
     vertex  6.094783e+00  1.370597e+01  4.000000e+01
     vertex  6.094783e+00  1.370597e+01  2.200000e+01
   endloop
 endfacet
 facet normal  3.937458e-01  9.192194e-01  2.721436e-16
   outer loop
     vertex  5.716478e+00  1.386802e+01  2.200000e+01
     vertex  5.716478e+00  1.386802e+01  4.000000e+01
     vertex  6.094783e+00  1.370597e+01  4.000000e+01
   endloop
 endfacet
 facet normal  3.683796e-01  9.296754e-01  2.752392e-16
   outer loop
     vertex  5.716478e+00  1.386802e+01  2.200000e+01
     vertex  5.333871e+00  1.401962e+01  4.000000e+01
     vertex  5.716478e+00  1.386802e+01  4.000000e+01
   endloop
 endfacet
 facet normal  3.683796e-01  9.296754e-01  2.752392e-16
   outer loop
     vertex  5.333871e+00  1.401962e+01  2.200000e+01
     vertex  5.333871e+00  1.401962e+01  4.000000e+01
     vertex  5.716478e+00  1.386802e+01  2.200000e+01
   endloop
 endfacet
 facet normal  3.427362e-01  9.394317e-01  2.777540e-16
   outer loop
     vertex  4.947248e+00  1.416068e+01  2.200000e+01
     vertex  5.333871e+00  1.401962e+01  4.000000e+01
     vertex  5.333871e+00  1.401962e+01  2.200000e+01
   endloop
 endfacet
 facet normal  3.427362e-01  9.394317e-01  2.781276e-16
   outer loop
     vertex  4.947248e+00  1.416068e+01  2.200000e+01
     vertex  4.947248e+00  1.416068e+01  4.000000e+01
     vertex  5.333871e+00  1.401962e+01  4.000000e+01
   endloop
 endfacet
 facet normal  3.168348e-01  9.484807e-01  2.807203e-16
   outer loop
     vertex  4.556902e+00  1.429107e+01  2.200000e+01
     vertex  4.947248e+00  1.416068e+01  4.000000e+01
     vertex  4.947248e+00  1.416068e+01  2.200000e+01
   endloop
 endfacet
 facet normal  3.168348e-01  9.484807e-01  2.808067e-16
   outer loop
     vertex  4.556902e+00  1.429107e+01  2.200000e+01
     vertex  4.556902e+00  1.429107e+01  4.000000e+01
     vertex  4.947248e+00  1.416068e+01  4.000000e+01
   endloop
 endfacet
 facet normal  2.906949e-01  9.568158e-01  2.834506e-16
   outer loop
     vertex  4.163125e+00  1.441070e+01  2.200000e+01
     vertex  4.556902e+00  1.429107e+01  4.000000e+01
     vertex  4.556902e+00  1.429107e+01  2.200000e+01
   endloop
 endfacet
 facet normal  2.906949e-01  9.568158e-01  2.832744e-16
   outer loop
     vertex  4.163125e+00  1.441070e+01  2.200000e+01
     vertex  4.163125e+00  1.441070e+01  4.000000e+01
     vertex  4.556902e+00  1.429107e+01  4.000000e+01
   endloop
 endfacet
 facet normal  2.643362e-01  9.644306e-01  2.855288e-16
   outer loop
     vertex  4.163125e+00  1.441070e+01  2.200000e+01
     vertex  3.766214e+00  1.451949e+01  4.000000e+01
     vertex  4.163125e+00  1.441070e+01  4.000000e+01
   endloop
 endfacet
 facet normal  2.643362e-01  9.644306e-01  2.855288e-16
   outer loop
     vertex  3.766214e+00  1.451949e+01  2.200000e+01
     vertex  3.766214e+00  1.451949e+01  4.000000e+01
     vertex  4.163125e+00  1.441070e+01  2.200000e+01
   endloop
 endfacet
 facet normal  2.377784e-01  9.713194e-01  2.877454e-16
   outer loop
     vertex  3.366468e+00  1.461735e+01  2.200000e+01
     vertex  3.766214e+00  1.451949e+01  4.000000e+01
     vertex  3.766214e+00  1.451949e+01  2.200000e+01
   endloop
 endfacet
 facet normal  2.377784e-01  9.713194e-01  2.875683e-16
   outer loop
     vertex  3.366468e+00  1.461735e+01  2.200000e+01
     vertex  3.366468e+00  1.461735e+01  4.000000e+01
     vertex  3.766214e+00  1.451949e+01  4.000000e+01
   endloop
 endfacet
 facet normal  2.110417e-01  9.774771e-01  2.892711e-16
   outer loop
     vertex  2.964188e+00  1.470420e+01  2.200000e+01
     vertex  3.366468e+00  1.461735e+01  4.000000e+01
     vertex  3.366468e+00  1.461735e+01  2.200000e+01
   endloop
 endfacet
 facet normal  2.110417e-01  9.774771e-01  2.893913e-16
   outer loop
     vertex  2.964188e+00  1.470420e+01  2.200000e+01
     vertex  2.964188e+00  1.470420e+01  4.000000e+01
     vertex  3.366468e+00  1.461735e+01  4.000000e+01
   endloop
 endfacet
 facet normal  1.841461e-01  9.828989e-01  2.908508e-16
   outer loop
     vertex  2.559676e+00  1.477999e+01  2.200000e+01
     vertex  2.964188e+00  1.470420e+01  4.000000e+01
     vertex  2.964188e+00  1.470420e+01  2.200000e+01
   endloop
 endfacet
 facet normal  1.841461e-01  9.828989e-01  2.909965e-16
   outer loop
     vertex  2.559676e+00  1.477999e+01  2.200000e+01
     vertex  2.559676e+00  1.477999e+01  4.000000e+01
     vertex  2.964188e+00  1.470420e+01  4.000000e+01
   endloop
 endfacet
 facet normal  1.571119e-01  9.875808e-01  2.923827e-16
   outer loop
     vertex  2.559676e+00  1.477999e+01  2.200000e+01
     vertex  2.153238e+00  1.484465e+01  4.000000e+01
     vertex  2.559676e+00  1.477999e+01  4.000000e+01
   endloop
 endfacet
 facet normal  1.571119e-01  9.875808e-01  2.923827e-16
   outer loop
     vertex  2.153238e+00  1.484465e+01  2.200000e+01
     vertex  2.153238e+00  1.484465e+01  4.000000e+01
     vertex  2.559676e+00  1.477999e+01  2.200000e+01
   endloop
 endfacet
 facet normal  1.299594e-01  9.915193e-01  2.933420e-16
   outer loop
     vertex  1.745179e+00  1.489813e+01  2.200000e+01
     vertex  2.153238e+00  1.484465e+01  4.000000e+01
     vertex  2.153238e+00  1.484465e+01  2.200000e+01
   endloop
 endfacet
 facet normal  1.299594e-01  9.915193e-01  2.935487e-16
   outer loop
     vertex  1.745179e+00  1.489813e+01  2.200000e+01
     vertex  1.745179e+00  1.489813e+01  4.000000e+01
     vertex  2.153238e+00  1.484465e+01  4.000000e+01
   endloop
 endfacet
 facet normal  1.027091e-01  9.947114e-01  2.945473e-16
   outer loop
     vertex  1.335806e+00  1.494040e+01  2.200000e+01
     vertex  1.745179e+00  1.489813e+01  4.000000e+01
     vertex  1.745179e+00  1.489813e+01  2.200000e+01
   endloop
 endfacet
 facet normal  1.027091e-01  9.947114e-01  2.944937e-16
   outer loop
     vertex  1.335806e+00  1.494040e+01  2.200000e+01
     vertex  1.335806e+00  1.494040e+01  4.000000e+01
     vertex  1.745179e+00  1.489813e+01  4.000000e+01
   endloop
 endfacet
 facet normal  7.538152e-02  9.971548e-01  2.952171e-16
   outer loop
     vertex  1.335806e+00  1.494040e+01  2.200000e+01
     vertex  9.254272e-01  1.497143e+01  4.000000e+01
     vertex  1.335806e+00  1.494040e+01  4.000000e+01
   endloop
 endfacet
 facet normal  7.538152e-02  9.971548e-01  2.952171e-16
   outer loop
     vertex  9.254272e-01  1.497143e+01  2.200000e+01
     vertex  9.254272e-01  1.497143e+01  4.000000e+01
     vertex  1.335806e+00  1.494040e+01  2.200000e+01
   endloop
 endfacet
 facet normal  4.799716e-02  9.988475e-01  2.957183e-16
   outer loop
     vertex  9.254272e-01  1.497143e+01  2.200000e+01
     vertex  5.143521e-01  1.499118e+01  4.000000e+01
     vertex  9.254272e-01  1.497143e+01  4.000000e+01
   endloop
 endfacet
 facet normal  4.799716e-02  9.988475e-01  2.957183e-16
   outer loop
     vertex  5.143521e-01  1.499118e+01  2.200000e+01
     vertex  5.143521e-01  1.499118e+01  4.000000e+01
     vertex  9.254272e-01  1.497143e+01  2.200000e+01
   endloop
 endfacet
 facet normal  2.057667e-02  9.997883e-01  2.959968e-16
   outer loop
     vertex  1.028898e-01  1.499965e+01  2.200000e+01
     vertex  1.028898e-01  1.499965e+01  4.000000e+01
     vertex  5.143521e-01  1.499118e+01  4.000000e+01
   endloop
 endfacet
 facet normal  2.057667e-02  9.997883e-01  2.960061e-16
   outer loop
     vertex  1.028898e-01  1.499965e+01  2.200000e+01
     vertex  5.143521e-01  1.499118e+01  4.000000e+01
     vertex  5.143521e-01  1.499118e+01  2.200000e+01
   endloop
 endfacet
 facet normal -6.859319e-03  9.999765e-01  2.960525e-16
   outer loop
     vertex -3.086500e-01  1.499682e+01  2.200000e+01
     vertex -3.086500e-01  1.499682e+01  4.000000e+01
     vertex  1.028898e-01  1.499965e+01  4.000000e+01
   endloop
 endfacet
 facet normal -3.429014e-02  9.994119e-01  2.958854e-16
   outer loop
     vertex -3.086500e-01  1.499682e+01  2.200000e+01
     vertex -7.199574e-01  1.498271e+01  4.000000e+01
     vertex -3.086500e-01  1.499682e+01  4.000000e+01
   endloop
 endfacet
 facet normal -6.859319e-03  9.999765e-01  2.960427e-16
   outer loop
     vertex -3.086500e-01  1.499682e+01  2.200000e+01
     vertex  1.028898e-01  1.499965e+01  4.000000e+01
     vertex  1.028898e-01  1.499965e+01  2.200000e+01
   endloop
 endfacet
 facet normal -6.169515e-02  9.980950e-01  2.954955e-16
   outer loop
     vertex -7.199574e-01  1.498271e+01  2.200000e+01
     vertex -1.130723e+00  1.495732e+01  4.000000e+01
     vertex -7.199574e-01  1.498271e+01  4.000000e+01
   endloop
 endfacet
 facet normal -3.429014e-02  9.994119e-01  2.958854e-16
   outer loop
     vertex -7.199574e-01  1.498271e+01  2.200000e+01
     vertex -7.199574e-01  1.498271e+01  4.000000e+01
     vertex -3.086500e-01  1.499682e+01  2.200000e+01
   endloop
 endfacet
 facet normal -6.169515e-02  9.980950e-01  2.954955e-16
   outer loop
     vertex -1.130723e+00  1.495732e+01  2.200000e+01
     vertex -1.130723e+00  1.495732e+01  4.000000e+01
     vertex -7.199574e-01  1.498271e+01  2.200000e+01
   endloop
 endfacet
 facet normal -8.905371e-02  9.960268e-01  2.947860e-16
   outer loop
     vertex -1.540637e+00  1.492067e+01  2.200000e+01
     vertex -1.130723e+00  1.495732e+01  4.000000e+01
     vertex -1.130723e+00  1.495732e+01  2.200000e+01
   endloop
 endfacet
 facet normal -8.905371e-02  9.960268e-01  2.948832e-16
   outer loop
     vertex -1.540637e+00  1.492067e+01  2.200000e+01
     vertex -1.540637e+00  1.492067e+01  4.000000e+01
     vertex -1.130723e+00  1.495732e+01  4.000000e+01
   endloop
 endfacet
 facet normal -1.163452e-01  9.932088e-01  2.940247e-16
   outer loop
     vertex -1.949392e+00  1.487279e+01  2.200000e+01
     vertex -1.540637e+00  1.492067e+01  4.000000e+01
     vertex -1.540637e+00  1.492067e+01  2.200000e+01
   endloop
 endfacet
 facet normal -1.163452e-01  9.932088e-01  2.940489e-16
   outer loop
     vertex -1.949392e+00  1.487279e+01  2.200000e+01
     vertex -1.949392e+00  1.487279e+01  4.000000e+01
     vertex -1.540637e+00  1.492067e+01  4.000000e+01
   endloop
 endfacet
 facet normal -1.435492e-01  9.896432e-01  2.931343e-16
   outer loop
     vertex -2.356679e+00  1.481371e+01  2.200000e+01
     vertex -1.949392e+00  1.487279e+01  4.000000e+01
     vertex -1.949392e+00  1.487279e+01  2.200000e+01
   endloop
 endfacet
 facet normal -1.435492e-01  9.896432e-01  2.929932e-16
   outer loop
     vertex -2.356679e+00  1.481371e+01  2.200000e+01
     vertex -2.356679e+00  1.481371e+01  4.000000e+01
     vertex -1.949392e+00  1.487279e+01  4.000000e+01
   endloop
 endfacet
 facet normal -1.706451e-01  9.853326e-01  2.919174e-16
   outer loop
     vertex -2.762192e+00  1.474348e+01  2.200000e+01
     vertex -2.356679e+00  1.481371e+01  4.000000e+01
     vertex -2.356679e+00  1.481371e+01  2.200000e+01
   endloop
 endfacet
 facet normal -1.706451e-01  9.853326e-01  2.917170e-16
   outer loop
     vertex -2.762192e+00  1.474348e+01  2.200000e+01
     vertex -2.762192e+00  1.474348e+01  4.000000e+01
     vertex -2.356679e+00  1.481371e+01  4.000000e+01
   endloop
 endfacet
 facet normal -1.976125e-01  9.802802e-01  2.897663e-16
   outer loop
     vertex -3.165626e+00  1.466216e+01  2.200000e+01
     vertex -2.762192e+00  1.474348e+01  4.000000e+01
     vertex -2.762192e+00  1.474348e+01  2.200000e+01
   endloop
 endfacet
 facet normal -1.976125e-01  9.802802e-01  2.902212e-16
   outer loop
     vertex -3.165626e+00  1.466216e+01  2.200000e+01
     vertex -3.165626e+00  1.466216e+01  4.000000e+01
     vertex -2.762192e+00  1.474348e+01  4.000000e+01
   endloop
 endfacet
 facet normal -2.244312e-01  9.744899e-01  2.884600e-16
   outer loop
     vertex -3.566676e+00  1.456979e+01  2.200000e+01
     vertex -3.165626e+00  1.466216e+01  4.000000e+01
     vertex -3.165626e+00  1.466216e+01  2.200000e+01
   endloop
 endfacet
 facet normal -2.244312e-01  9.744899e-01  2.885070e-16
   outer loop
     vertex -3.566676e+00  1.456979e+01  2.200000e+01
     vertex -3.566676e+00  1.456979e+01  4.000000e+01
     vertex -3.165626e+00  1.466216e+01  4.000000e+01
   endloop
 endfacet
 facet normal -2.510809e-01  9.679661e-01  2.864487e-16
   outer loop
     vertex -3.965042e+00  1.446646e+01  2.200000e+01
     vertex -3.566676e+00  1.456979e+01  4.000000e+01
     vertex -3.566676e+00  1.456979e+01  2.200000e+01
   endloop
 endfacet
 facet normal -2.510809e-01  9.679661e-01  2.865755e-16
   outer loop
     vertex -3.965042e+00  1.446646e+01  2.200000e+01
     vertex -3.965042e+00  1.446646e+01  4.000000e+01
     vertex -3.566676e+00  1.456979e+01  4.000000e+01
   endloop
 endfacet
 facet normal -2.775416e-01  9.607136e-01  2.844284e-16
   outer loop
     vertex -3.965042e+00  1.446646e+01  2.200000e+01
     vertex -4.360424e+00  1.435224e+01  4.000000e+01
     vertex -3.965042e+00  1.446646e+01  4.000000e+01
   endloop
 endfacet
 facet normal -2.775416e-01  9.607136e-01  2.844284e-16
   outer loop
     vertex -4.360424e+00  1.435224e+01  2.200000e+01
     vertex -4.360424e+00  1.435224e+01  4.000000e+01
     vertex -3.965042e+00  1.446646e+01  2.200000e+01
   endloop
 endfacet
 facet normal -3.037934e-01  9.527379e-01  2.820671e-16
   outer loop
     vertex -4.360424e+00  1.435224e+01  2.200000e+01
     vertex -4.752522e+00  1.422721e+01  4.000000e+01
     vertex -4.360424e+00  1.435224e+01  4.000000e+01
   endloop
 endfacet
 facet normal -3.037934e-01  9.527379e-01  2.820671e-16
   outer loop
     vertex -4.752522e+00  1.422721e+01  2.200000e+01
     vertex -4.752522e+00  1.422721e+01  4.000000e+01
     vertex -4.360424e+00  1.435224e+01  2.200000e+01
   endloop
 endfacet
 facet normal -3.298166e-01  9.440450e-01  2.798858e-16
   outer loop
     vertex -5.141043e+00  1.409148e+01  2.200000e+01
     vertex -4.752522e+00  1.422721e+01  4.000000e+01
     vertex -4.752522e+00  1.422721e+01  2.200000e+01
   endloop
 endfacet
 facet normal -3.298166e-01  9.440450e-01  2.794935e-16
   outer loop
     vertex -5.141043e+00  1.409148e+01  2.200000e+01
     vertex -5.141043e+00  1.409148e+01  4.000000e+01
     vertex -4.752522e+00  1.422721e+01  4.000000e+01
   endloop
 endfacet
 facet normal -3.555914e-01  9.346415e-01  2.765130e-16
   outer loop
     vertex -5.525695e+00  1.394513e+01  2.200000e+01
     vertex -5.141043e+00  1.409148e+01  4.000000e+01
     vertex -5.141043e+00  1.409148e+01  2.200000e+01
   endloop
 endfacet
 facet normal -3.555914e-01  9.346415e-01  2.767095e-16
   outer loop
     vertex -5.525695e+00  1.394513e+01  2.200000e+01
     vertex -5.525695e+00  1.394513e+01  4.000000e+01
     vertex -5.141043e+00  1.409148e+01  4.000000e+01
   endloop
 endfacet
 facet normal -3.810986e-01  9.245344e-01  2.737172e-16
   outer loop
     vertex -5.525695e+00  1.394513e+01  2.200000e+01
     vertex -5.906186e+00  1.378829e+01  4.000000e+01
     vertex -5.525695e+00  1.394513e+01  4.000000e+01
   endloop
 endfacet
 facet normal -3.810986e-01  9.245344e-01  2.737172e-16
   outer loop
     vertex -5.906186e+00  1.378829e+01  2.200000e+01
     vertex -5.906186e+00  1.378829e+01  4.000000e+01
     vertex -5.525695e+00  1.394513e+01  2.200000e+01
   endloop
 endfacet
 facet normal -4.063188e-01  9.137314e-01  2.705188e-16
   outer loop
     vertex -6.282232e+00  1.362107e+01  2.200000e+01
     vertex -6.282232e+00  1.362107e+01  4.000000e+01
     vertex -5.906186e+00  1.378829e+01  4.000000e+01
   endloop
 endfacet
 facet normal -4.063188e-01  9.137314e-01  2.711995e-16
   outer loop
     vertex -6.282232e+00  1.362107e+01  2.200000e+01
     vertex -5.906186e+00  1.378829e+01  4.000000e+01
     vertex -5.906186e+00  1.378829e+01  2.200000e+01
   endloop
 endfacet
 facet normal -4.312333e-01  9.022405e-01  2.671168e-16
   outer loop
     vertex -6.653549e+00  1.344360e+01  2.200000e+01
     vertex -6.653549e+00  1.344360e+01  4.000000e+01
     vertex -6.282232e+00  1.362107e+01  4.000000e+01
   endloop
 endfacet
 facet normal -4.558231e-01  8.900704e-01  2.635138e-16
   outer loop
     vertex -6.653549e+00  1.344360e+01  2.200000e+01
     vertex -7.019857e+00  1.325600e+01  4.000000e+01
     vertex -6.653549e+00  1.344360e+01  4.000000e+01
   endloop
 endfacet
 facet normal -4.312333e-01  9.022405e-01  2.672505e-16
   outer loop
     vertex -6.653549e+00  1.344360e+01  2.200000e+01
     vertex -6.282232e+00  1.362107e+01  4.000000e+01
     vertex -6.282232e+00  1.362107e+01  2.200000e+01
   endloop
 endfacet
 facet normal -4.558231e-01  8.900704e-01  2.635138e-16
   outer loop
     vertex -7.019857e+00  1.325600e+01  2.200000e+01
     vertex -7.019857e+00  1.325600e+01  4.000000e+01
     vertex -6.653549e+00  1.344360e+01  2.200000e+01
   endloop
 endfacet
 facet normal -4.800697e-01  8.772303e-01  2.597123e-16
   outer loop
     vertex -7.380880e+00  1.305843e+01  2.200000e+01
     vertex -7.380880e+00  1.305843e+01  4.000000e+01
     vertex -7.019857e+00  1.325600e+01  4.000000e+01
   endloop
 endfacet
 facet normal -4.800697e-01  8.772303e-01  2.589818e-16
   outer loop
     vertex -7.380880e+00  1.305843e+01  2.200000e+01
     vertex -7.019857e+00  1.325600e+01  4.000000e+01
     vertex -7.019857e+00  1.325600e+01  2.200000e+01
   endloop
 endfacet
 facet normal -5.039550e-01  8.637299e-01  2.557154e-16
   outer loop
     vertex -7.736348e+00  1.285103e+01  2.200000e+01
     vertex -7.736348e+00  1.285103e+01  4.000000e+01
     vertex -7.380880e+00  1.305843e+01  4.000000e+01
   endloop
 endfacet
 facet normal -5.039550e-01  8.637299e-01  2.556216e-16
   outer loop
     vertex -7.736348e+00  1.285103e+01  2.200000e+01
     vertex -7.380880e+00  1.305843e+01  4.000000e+01
     vertex -7.380880e+00  1.305843e+01  2.200000e+01
   endloop
 endfacet
 facet normal -5.274609e-01  8.495793e-01  2.515260e-16
   outer loop
     vertex -8.085992e+00  1.263395e+01  2.200000e+01
     vertex -8.085992e+00  1.263395e+01  4.000000e+01
     vertex -7.736348e+00  1.285103e+01  4.000000e+01
   endloop
 endfacet
 facet normal -5.274609e-01  8.495793e-01  2.521868e-16
   outer loop
     vertex -8.085992e+00  1.263395e+01  2.200000e+01
     vertex -7.736348e+00  1.285103e+01  4.000000e+01
     vertex -7.736348e+00  1.285103e+01  2.200000e+01
   endloop
 endfacet
 facet normal -5.505698e-01  8.347891e-01  2.471472e-16
   outer loop
     vertex -8.429549e+00  1.240737e+01  2.200000e+01
     vertex -8.429549e+00  1.240737e+01  4.000000e+01
     vertex -8.085992e+00  1.263395e+01  4.000000e+01
   endloop
 endfacet
 facet normal -5.505698e-01  8.347891e-01  2.477704e-16
   outer loop
     vertex -8.429549e+00  1.240737e+01  2.200000e+01
     vertex -8.085992e+00  1.263395e+01  4.000000e+01
     vertex -8.085992e+00  1.263395e+01  2.200000e+01
   endloop
 endfacet
 facet normal -5.732642e-01  8.193706e-01  2.425824e-16
   outer loop
     vertex -8.766760e+00  1.217144e+01  2.200000e+01
     vertex -8.766760e+00  1.217144e+01  4.000000e+01
     vertex -8.429549e+00  1.240737e+01  4.000000e+01
   endloop
 endfacet
 facet normal -5.732642e-01  8.193706e-01  2.434743e-16
   outer loop
     vertex -8.766760e+00  1.217144e+01  2.200000e+01
     vertex -8.429549e+00  1.240737e+01  4.000000e+01
     vertex -8.429549e+00  1.240737e+01  2.200000e+01
   endloop
 endfacet
 facet normal -5.955271e-01  8.033352e-01  2.378350e-16
   outer loop
     vertex -9.097372e+00  1.192635e+01  2.200000e+01
     vertex -9.097372e+00  1.192635e+01  4.000000e+01
     vertex -8.766760e+00  1.217144e+01  4.000000e+01
   endloop
 endfacet
 facet normal -5.955271e-01  8.033352e-01  2.377645e-16
   outer loop
     vertex -9.097372e+00  1.192635e+01  2.200000e+01
     vertex -8.766760e+00  1.217144e+01  4.000000e+01
     vertex -8.766760e+00  1.217144e+01  2.200000e+01
   endloop
 endfacet
 facet normal -6.173417e-01  7.866951e-01  2.329085e-16
   outer loop
     vertex -9.421136e+00  1.167228e+01  2.200000e+01
     vertex -9.421136e+00  1.167228e+01  4.000000e+01
     vertex -9.097372e+00  1.192635e+01  4.000000e+01
   endloop
 endfacet
 facet normal -6.173417e-01  7.866951e-01  2.322076e-16
   outer loop
     vertex -9.421136e+00  1.167228e+01  2.200000e+01
     vertex -9.097372e+00  1.192635e+01  4.000000e+01
     vertex -9.097372e+00  1.192635e+01  2.200000e+01
   endloop
 endfacet
 facet normal -6.386916e-01  7.694628e-01  2.278068e-16
   outer loop
     vertex -9.737808e+00  1.140943e+01  2.200000e+01
     vertex -9.737808e+00  1.140943e+01  4.000000e+01
     vertex -9.421136e+00  1.167228e+01  4.000000e+01
   endloop
 endfacet
 facet normal -6.595607e-01  7.516513e-01  2.225335e-16
   outer loop
     vertex -9.737808e+00  1.140943e+01  2.200000e+01
     vertex -1.004715e+01  1.113799e+01  4.000000e+01
     vertex -9.737808e+00  1.140943e+01  4.000000e+01
   endloop
 endfacet
 facet normal -6.386916e-01  7.694628e-01  2.284097e-16
   outer loop
     vertex -9.737808e+00  1.140943e+01  2.200000e+01
     vertex -9.421136e+00  1.167228e+01  4.000000e+01
     vertex -9.421136e+00  1.167228e+01  2.200000e+01
   endloop
 endfacet
 facet normal -6.595607e-01  7.516513e-01  2.225335e-16
   outer loop
     vertex -1.004715e+01  1.113799e+01  2.200000e+01
     vertex -1.004715e+01  1.113799e+01  4.000000e+01
     vertex -9.737808e+00  1.140943e+01  2.200000e+01
   endloop
 endfacet
 facet normal -6.799333e-01  7.332740e-01  2.170927e-16
   outer loop
     vertex -1.034893e+01  1.085816e+01  2.200000e+01
     vertex -1.034893e+01  1.085816e+01  4.000000e+01
     vertex -1.004715e+01  1.113799e+01  4.000000e+01
   endloop
 endfacet
 facet normal -6.799333e-01  7.332740e-01  2.169474e-16
   outer loop
     vertex -1.034893e+01  1.085816e+01  2.200000e+01
     vertex -1.004715e+01  1.113799e+01  4.000000e+01
     vertex -1.004715e+01  1.113799e+01  2.200000e+01
   endloop
 endfacet
 facet normal -6.997940e-01  7.143447e-01  2.114885e-16
   outer loop
     vertex -1.064292e+01  1.057016e+01  2.200000e+01
     vertex -1.064292e+01  1.057016e+01  4.000000e+01
     vertex -1.034893e+01  1.085816e+01  4.000000e+01
   endloop
 endfacet
 facet normal -6.997940e-01  7.143447e-01  2.108634e-16
   outer loop
     vertex -1.064292e+01  1.057016e+01  2.200000e+01
     vertex -1.034893e+01  1.085816e+01  4.000000e+01
     vertex -1.034893e+01  1.085816e+01  2.200000e+01
   endloop
 endfacet
 facet normal -7.191280e-01  6.948776e-01  2.054878e-16
   outer loop
     vertex -1.092889e+01  1.027421e+01  2.200000e+01
     vertex -1.064292e+01  1.057016e+01  4.000000e+01
     vertex -1.064292e+01  1.057016e+01  2.200000e+01
   endloop
 endfacet
 facet normal -7.191280e-01  6.948776e-01  2.057251e-16
   outer loop
     vertex -1.092889e+01  1.027421e+01  2.200000e+01
     vertex -1.092889e+01  1.027421e+01  4.000000e+01
     vertex -1.064292e+01  1.057016e+01  4.000000e+01
   endloop
 endfacet
 facet normal -7.379206e-01  6.748875e-01  1.998068e-16
   outer loop
     vertex -1.092889e+01  1.027421e+01  2.200000e+01
     vertex -1.120664e+01  9.970515e+00  4.000000e+01
     vertex -1.092889e+01  1.027421e+01  4.000000e+01
   endloop
 endfacet
 facet normal -7.379206e-01  6.748875e-01  1.998068e-16
   outer loop
     vertex -1.120664e+01  9.970515e+00  2.200000e+01
     vertex -1.120664e+01  9.970515e+00  4.000000e+01
     vertex -1.092889e+01  1.027421e+01  2.200000e+01
   endloop
 endfacet
 facet normal -7.561578e-01  6.543893e-01  1.937382e-16
   outer loop
     vertex -1.120664e+01  9.970515e+00  2.200000e+01
     vertex -1.147596e+01  9.659318e+00  4.000000e+01
     vertex -1.120664e+01  9.970515e+00  4.000000e+01
   endloop
 endfacet
 facet normal -7.561578e-01  6.543893e-01  1.937382e-16
   outer loop
     vertex -1.147596e+01  9.659318e+00  2.200000e+01
     vertex -1.147596e+01  9.659318e+00  4.000000e+01
     vertex -1.120664e+01  9.970515e+00  2.200000e+01
   endloop
 endfacet
 facet normal -7.738257e-01  6.333986e-01  1.875236e-16
   outer loop
     vertex -1.173663e+01  9.340851e+00  2.200000e+01
     vertex -1.173663e+01  9.340851e+00  4.000000e+01
     vertex -1.147596e+01  9.659318e+00  4.000000e+01
   endloop
 endfacet
 facet normal -7.738257e-01  6.333986e-01  1.877066e-16
   outer loop
     vertex -1.173663e+01  9.340851e+00  2.200000e+01
     vertex -1.147596e+01  9.659318e+00  4.000000e+01
     vertex -1.147596e+01  9.659318e+00  2.200000e+01
   endloop
 endfacet
 facet normal -7.909112e-01  6.119310e-01  1.811680e-16
   outer loop
     vertex -1.198847e+01  9.015352e+00  2.200000e+01
     vertex -1.198847e+01  9.015352e+00  4.000000e+01
     vertex -1.173663e+01  9.340851e+00  4.000000e+01
   endloop
 endfacet
 facet normal -7.909112e-01  6.119310e-01  1.819662e-16
   outer loop
     vertex -1.198847e+01  9.015352e+00  2.200000e+01
     vertex -1.173663e+01  9.340851e+00  4.000000e+01
     vertex -1.173663e+01  9.340851e+00  2.200000e+01
   endloop
 endfacet
 facet normal -8.074012e-01  5.900028e-01  1.746759e-16
   outer loop
     vertex -1.223129e+01  8.683066e+00  2.200000e+01
     vertex -1.223129e+01  8.683066e+00  4.000000e+01
     vertex -1.198847e+01  9.015352e+00  4.000000e+01
   endloop
 endfacet
 facet normal -8.074012e-01  5.900028e-01  1.739441e-16
   outer loop
     vertex -1.223129e+01  8.683066e+00  2.200000e+01
     vertex -1.198847e+01  9.015352e+00  4.000000e+01
     vertex -1.198847e+01  9.015352e+00  2.200000e+01
   endloop
 endfacet
 facet normal -8.232835e-01  5.676304e-01  1.680524e-16
   outer loop
     vertex -1.246489e+01  8.344244e+00  2.200000e+01
     vertex -1.246489e+01  8.344244e+00  4.000000e+01
     vertex -1.223129e+01  8.683066e+00  4.000000e+01
   endloop
 endfacet
 facet normal -8.232835e-01  5.676304e-01  1.683052e-16
   outer loop
     vertex -1.246489e+01  8.344244e+00  2.200000e+01
     vertex -1.223129e+01  8.683066e+00  4.000000e+01
     vertex -1.223129e+01  8.683066e+00  2.200000e+01
   endloop
 endfacet
 facet normal -8.385460e-01  5.448308e-01  1.613023e-16
   outer loop
     vertex -1.268912e+01  7.999141e+00  2.200000e+01
     vertex -1.268912e+01  7.999141e+00  4.000000e+01
     vertex -1.246489e+01  8.344244e+00  4.000000e+01
   endloop
 endfacet
 facet normal -8.385460e-01  5.448308e-01  1.613284e-16
   outer loop
     vertex -1.268912e+01  7.999141e+00  2.200000e+01
     vertex -1.246489e+01  8.344244e+00  4.000000e+01
     vertex -1.246489e+01  8.344244e+00  2.200000e+01
   endloop
 endfacet
 facet normal -8.531773e-01  5.216210e-01  1.286924e-16
   outer loop
     vertex -1.290379e+01  7.648016e+00  2.200000e+01
     vertex -1.290379e+01  7.648016e+00  4.000000e+01
     vertex -1.268912e+01  7.999141e+00  4.000000e+01
   endloop
 endfacet
 facet normal -8.531773e-01  5.216210e-01  1.543395e-16
   outer loop
     vertex -1.290379e+01  7.648016e+00  2.200000e+01
     vertex -1.268912e+01  7.999141e+00  4.000000e+01
     vertex -1.268912e+01  7.999141e+00  2.200000e+01
   endloop
 endfacet
 facet normal -8.671664e-01  4.980186e-01  1.474431e-16
   outer loop
     vertex -1.310875e+01  7.291135e+00  2.200000e+01
     vertex -1.310875e+01  7.291135e+00  4.000000e+01
     vertex -1.290379e+01  7.648016e+00  4.000000e+01
   endloop
 endfacet
 facet normal -8.671664e-01  4.980186e-01  1.222269e-16
   outer loop
     vertex -1.310875e+01  7.291135e+00  2.200000e+01
     vertex -1.290379e+01  7.648016e+00  4.000000e+01
     vertex -1.290379e+01  7.648016e+00  2.200000e+01
   endloop
 endfacet
 facet normal -8.805026e-01  4.740412e-01  1.403444e-16
   outer loop
     vertex -1.330384e+01  6.928764e+00  2.200000e+01
     vertex -1.330384e+01  6.928764e+00  4.000000e+01
     vertex -1.310875e+01  7.291135e+00  4.000000e+01
   endloop
 endfacet
 facet normal -8.805026e-01  4.740412e-01  1.403019e-16
   outer loop
     vertex -1.330384e+01  6.928764e+00  2.200000e+01
     vertex -1.310875e+01  7.291135e+00  4.000000e+01
     vertex -1.310875e+01  7.291135e+00  2.200000e+01
   endloop
 endfacet
 facet normal -8.931761e-01  4.497071e-01  1.109500e-16
   outer loop
     vertex -1.348892e+01  6.561178e+00  2.200000e+01
     vertex -1.348892e+01  6.561178e+00  4.000000e+01
     vertex -1.330384e+01  6.928764e+00  4.000000e+01
   endloop
 endfacet
 facet normal -8.931761e-01  4.497071e-01  1.325205e-16
   outer loop
     vertex -1.348892e+01  6.561178e+00  2.200000e+01
     vertex -1.330384e+01  6.928764e+00  4.000000e+01
     vertex -1.330384e+01  6.928764e+00  2.200000e+01
   endloop
 endfacet
 facet normal -9.051772e-01  4.250344e-01  1.258354e-16
   outer loop
     vertex -1.366384e+01  6.188653e+00  2.200000e+01
     vertex -1.366384e+01  6.188653e+00  4.000000e+01
     vertex -1.348892e+01  6.561178e+00  4.000000e+01
   endloop
 endfacet
 facet normal -9.164969e-01  4.000417e-01  1.184361e-16
   outer loop
     vertex -1.366384e+01  6.188653e+00  2.200000e+01
     vertex -1.382848e+01  5.811469e+00  4.000000e+01
     vertex -1.366384e+01  6.188653e+00  4.000000e+01
   endloop
 endfacet
 facet normal -9.051772e-01  4.250344e-01  1.040906e-16
   outer loop
     vertex -1.366384e+01  6.188653e+00  2.200000e+01
     vertex -1.348892e+01  6.561178e+00  4.000000e+01
     vertex -1.348892e+01  6.561178e+00  2.200000e+01
   endloop
 endfacet
 facet normal -9.164969e-01  4.000417e-01  9.869678e-17
   outer loop
     vertex -1.382848e+01  5.811469e+00  2.200000e+01
     vertex -1.382848e+01  5.811469e+00  4.000000e+01
     vertex -1.366384e+01  6.188653e+00  2.200000e+01
   endloop
 endfacet
 facet normal -9.271267e-01  3.747479e-01  1.109477e-16
   outer loop
     vertex -1.398271e+01  5.429911e+00  2.200000e+01
     vertex -1.398271e+01  5.429911e+00  4.000000e+01
     vertex -1.382848e+01  5.811469e+00  4.000000e+01
   endloop
 endfacet
 facet normal -9.271267e-01  3.747479e-01  9.281545e-17
   outer loop
     vertex -1.398271e+01  5.429911e+00  2.200000e+01
     vertex -1.382848e+01  5.811469e+00  4.000000e+01
     vertex -1.382848e+01  5.811469e+00  2.200000e+01
   endloop
 endfacet
 facet normal -9.370586e-01  3.491720e-01  1.033757e-16
   outer loop
     vertex -1.412641e+01  5.044265e+00  2.200000e+01
     vertex -1.412641e+01  5.044265e+00  4.000000e+01
     vertex -1.398271e+01  5.429911e+00  4.000000e+01
   endloop
 endfacet
 facet normal -9.370586e-01  3.491720e-01  1.033477e-16
   outer loop
     vertex -1.412641e+01  5.044265e+00  2.200000e+01
     vertex -1.398271e+01  5.429911e+00  4.000000e+01
     vertex -1.398271e+01  5.429911e+00  2.200000e+01
   endloop
 endfacet
 facet normal -9.462851e-01  3.233333e-01  9.572589e-17
   outer loop
     vertex -1.425948e+01  4.654822e+00  2.200000e+01
     vertex -1.425948e+01  4.654822e+00  4.000000e+01
     vertex -1.412641e+01  5.044265e+00  4.000000e+01
   endloop
 endfacet
 facet normal -9.462851e-01  3.233333e-01  9.561315e-17
   outer loop
     vertex -1.425948e+01  4.654822e+00  2.200000e+01
     vertex -1.412641e+01  5.044265e+00  4.000000e+01
     vertex -1.412641e+01  5.044265e+00  2.200000e+01
   endloop
 endfacet
 facet normal -9.547993e-01  2.972512e-01  7.333669e-17
   outer loop
     vertex -1.438181e+01  4.261874e+00  2.200000e+01
     vertex -1.438181e+01  4.261874e+00  4.000000e+01
     vertex -1.425948e+01  4.654822e+00  4.000000e+01
   endloop
 endfacet
 facet normal -9.625948e-01  2.709453e-01  6.684660e-17
   outer loop
     vertex -1.438181e+01  4.261874e+00  2.200000e+01
     vertex -1.449332e+01  3.865719e+00  4.000000e+01
     vertex -1.438181e+01  4.261874e+00  4.000000e+01
   endloop
 endfacet
 facet normal -9.547993e-01  2.972512e-01  8.805390e-17
   outer loop
     vertex -1.438181e+01  4.261874e+00  2.200000e+01
     vertex -1.425948e+01  4.654822e+00  4.000000e+01
     vertex -1.425948e+01  4.654822e+00  2.200000e+01
   endloop
 endfacet
 facet normal -9.625948e-01  2.709453e-01  7.353126e-17
   outer loop
     vertex -1.449332e+01  3.865719e+00  2.200000e+01
     vertex -1.449332e+01  3.865719e+00  4.000000e+01
     vertex -1.438181e+01  4.261874e+00  2.200000e+01
   endloop
 endfacet
 facet normal -9.696656e-01  2.444354e-01  6.633680e-17
   outer loop
     vertex -1.459391e+01  3.466654e+00  2.200000e+01
     vertex -1.459391e+01  3.466654e+00  4.000000e+01
     vertex -1.449332e+01  3.865719e+00  4.000000e+01
   endloop
 endfacet
 facet normal -9.760065e-01  2.177416e-01  5.909242e-17
   outer loop
     vertex -1.459391e+01  3.466654e+00  2.200000e+01
     vertex -1.468352e+01  3.064979e+00  4.000000e+01
     vertex -1.459391e+01  3.466654e+00  4.000000e+01
   endloop
 endfacet
 facet normal -9.696656e-01  2.444354e-01  6.663198e-17
   outer loop
     vertex -1.459391e+01  3.466654e+00  2.200000e+01
     vertex -1.449332e+01  3.865719e+00  4.000000e+01
     vertex -1.449332e+01  3.865719e+00  2.200000e+01
   endloop
 endfacet
 facet normal -9.760065e-01  2.177416e-01  5.909242e-17
   outer loop
     vertex -1.468352e+01  3.064979e+00  2.200000e+01
     vertex -1.468352e+01  3.064979e+00  4.000000e+01
     vertex -1.459391e+01  3.466654e+00  2.200000e+01
   endloop
 endfacet
 facet normal -9.816126e-01  1.908838e-01  5.180355e-17
   outer loop
     vertex -1.476208e+01  2.660997e+00  2.200000e+01
     vertex -1.476208e+01  2.660997e+00  4.000000e+01
     vertex -1.468352e+01  3.064979e+00  4.000000e+01
   endloop
 endfacet
 facet normal -9.816126e-01  1.908838e-01  5.185467e-17
   outer loop
     vertex -1.476208e+01  2.660997e+00  2.200000e+01
     vertex -1.468352e+01  3.064979e+00  4.000000e+01
     vertex -1.468352e+01  3.064979e+00  2.200000e+01
   endloop
 endfacet
 facet normal -9.864799e-01  1.638824e-01  4.447568e-17
   outer loop
     vertex -1.482953e+01  2.255011e+00  2.200000e+01
     vertex -1.482953e+01  2.255011e+00  4.000000e+01
     vertex -1.476208e+01  2.660997e+00  4.000000e+01
   endloop
 endfacet
 facet normal -9.864799e-01  1.638824e-01  4.432655e-17
   outer loop
     vertex -1.482953e+01  2.255011e+00  2.200000e+01
     vertex -1.476208e+01  2.660997e+00  4.000000e+01
     vertex -1.476208e+01  2.660997e+00  2.200000e+01
   endloop
 endfacet
 facet normal -9.906046e-01  1.367575e-01  3.711433e-17
   outer loop
     vertex -1.488581e+01  1.847329e+00  2.200000e+01
     vertex -1.488581e+01  1.847329e+00  4.000000e+01
     vertex -1.482953e+01  2.255011e+00  4.000000e+01
   endloop
 endfacet
 facet normal -9.906046e-01  1.367575e-01  3.716396e-17
   outer loop
     vertex -1.488581e+01  1.847329e+00  2.200000e+01
     vertex -1.482953e+01  2.255011e+00  4.000000e+01
     vertex -1.482953e+01  2.255011e+00  2.200000e+01
   endloop
 endfacet
 facet normal -9.939835e-01  1.095298e-01  2.982528e-17
   outer loop
     vertex -1.493089e+01  1.438255e+00  2.200000e+01
     vertex -1.488581e+01  1.847329e+00  4.000000e+01
     vertex -1.488581e+01  1.847329e+00  2.200000e+01
   endloop
 endfacet
 facet normal -9.939835e-01  1.095298e-01  2.972505e-17
   outer loop
     vertex -1.493089e+01  1.438255e+00  2.200000e+01
     vertex -1.493089e+01  1.438255e+00  4.000000e+01
     vertex -1.488581e+01  1.847329e+00  4.000000e+01
   endloop
 endfacet
 facet normal -9.966142e-01  8.221955e-02  2.233074e-17
   outer loop
     vertex -1.496473e+01  1.028099e+00  2.200000e+01
     vertex -1.493089e+01  1.438255e+00  4.000000e+01
     vertex -1.493089e+01  1.438255e+00  2.200000e+01
   endloop
 endfacet
 facet normal -9.966142e-01  8.221955e-02  2.231339e-17
   outer loop
     vertex -1.496473e+01  1.028099e+00  2.200000e+01
     vertex -1.496473e+01  1.028099e+00  4.000000e+01
     vertex -1.493089e+01  1.438255e+00  4.000000e+01
   endloop
 endfacet
 facet normal -9.984947e-01  5.484744e-02  1.486644e-17
   outer loop
     vertex -1.498730e+01  6.171693e-01  2.200000e+01
     vertex -1.496473e+01  1.028099e+00  4.000000e+01
     vertex -1.496473e+01  1.028099e+00  2.200000e+01
   endloop
 endfacet
 facet normal -9.984947e-01  5.484744e-02  1.488493e-17
   outer loop
     vertex -1.498730e+01  6.171693e-01  2.200000e+01
     vertex -1.498730e+01  6.171693e-01  4.000000e+01
     vertex -1.496473e+01  1.028099e+00  4.000000e+01
   endloop
 endfacet
 facet normal -9.996236e-01  2.743405e-02  7.445267e-18
   outer loop
     vertex -1.498730e+01  6.171693e-01  2.200000e+01
     vertex -1.499859e+01  2.057747e-01  4.000000e+01
     vertex -1.498730e+01  6.171693e-01  4.000000e+01
   endloop
 endfacet
 facet normal -9.996236e-01  2.743405e-02  7.445267e-18
   outer loop
     vertex -1.499859e+01  2.057747e-01  2.200000e+01
     vertex -1.499859e+01  2.057747e-01  4.000000e+01
     vertex -1.498730e+01  6.171693e-01  2.200000e+01
   endloop
 endfacet
 facet normal -1.000000e+00 -4.316266e-15 -1.171382e-30
   outer loop
     vertex -1.499859e+01 -2.057747e-01  2.200000e+01
     vertex -1.499859e+01  2.057747e-01  4.000000e+01
     vertex -1.499859e+01  2.057747e-01  2.200000e+01
   endloop
 endfacet
 facet normal -1.000000e+00 -4.316266e-15 -1.171382e-30
   outer loop
     vertex -1.499859e+01 -2.057747e-01  2.200000e+01
     vertex -1.499859e+01 -2.057747e-01  4.000000e+01
     vertex -1.499859e+01  2.057747e-01  4.000000e+01
   endloop
 endfacet
 facet normal -9.996236e-01 -2.743405e-02 -7.480030e-18
   outer loop
     vertex -1.498730e+01 -6.171693e-01  2.200000e+01
     vertex -1.499859e+01 -2.057747e-01  4.000000e+01
     vertex -1.499859e+01 -2.057747e-01  2.200000e+01
   endloop
 endfacet
 facet normal -9.996236e-01 -2.743405e-02 -7.445267e-18
   outer loop
     vertex -1.498730e+01 -6.171693e-01  2.200000e+01
     vertex -1.498730e+01 -6.171693e-01  4.000000e+01
     vertex -1.499859e+01 -2.057747e-01  4.000000e+01
   endloop
 endfacet
 facet normal -9.984947e-01 -5.484744e-02 -1.498061e-17
   outer loop
     vertex -1.496473e+01 -1.028099e+00  2.200000e+01
     vertex -1.498730e+01 -6.171693e-01  4.000000e+01
     vertex -1.498730e+01 -6.171693e-01  2.200000e+01
   endloop
 endfacet
 facet normal -9.984947e-01 -5.484744e-02 -1.488493e-17
   outer loop
     vertex -1.496473e+01 -1.028099e+00  2.200000e+01
     vertex -1.496473e+01 -1.028099e+00  4.000000e+01
     vertex -1.498730e+01 -6.171693e-01  4.000000e+01
   endloop
 endfacet
 facet normal -9.966142e-01 -8.221955e-02 -2.233064e-17
   outer loop
     vertex -1.493089e+01 -1.438255e+00  2.200000e+01
     vertex -1.496473e+01 -1.028099e+00  4.000000e+01
     vertex -1.496473e+01 -1.028099e+00  2.200000e+01
   endloop
 endfacet
 facet normal -9.966142e-01 -8.221955e-02 -2.231339e-17
   outer loop
     vertex -1.493089e+01 -1.438255e+00  2.200000e+01
     vertex -1.493089e+01 -1.438255e+00  4.000000e+01
     vertex -1.496473e+01 -1.028099e+00  4.000000e+01
   endloop
 endfacet
 facet normal -9.939835e-01 -1.095298e-01 -2.993598e-17
   outer loop
     vertex -1.488581e+01 -1.847329e+00  2.200000e+01
     vertex -1.493089e+01 -1.438255e+00  4.000000e+01
     vertex -1.493089e+01 -1.438255e+00  2.200000e+01
   endloop
 endfacet
 facet normal -9.939835e-01 -1.095298e-01 -2.972505e-17
   outer loop
     vertex -1.488581e+01 -1.847329e+00  2.200000e+01
     vertex -1.488581e+01 -1.847329e+00  4.000000e+01
     vertex -1.493089e+01 -1.438255e+00  4.000000e+01
   endloop
 endfacet
 facet normal -9.906046e-01 -1.367575e-01 -3.688198e-17
   outer loop
     vertex -1.482953e+01 -2.255011e+00  2.200000e+01
     vertex -1.488581e+01 -1.847329e+00  4.000000e+01
     vertex -1.488581e+01 -1.847329e+00  2.200000e+01
   endloop
 endfacet
 facet normal -9.906046e-01 -1.367575e-01 -3.711433e-17
   outer loop
     vertex -1.482953e+01 -2.255011e+00  2.200000e+01
     vertex -1.482953e+01 -2.255011e+00  4.000000e+01
     vertex -1.488581e+01 -1.847329e+00  4.000000e+01
   endloop
 endfacet
 facet normal -9.864799e-01 -1.638824e-01 -4.430796e-17
   outer loop
     vertex -1.476208e+01 -2.660997e+00  2.200000e+01
     vertex -1.482953e+01 -2.255011e+00  4.000000e+01
     vertex -1.482953e+01 -2.255011e+00  2.200000e+01
   endloop
 endfacet
 facet normal -9.864799e-01 -1.638824e-01 -4.447568e-17
   outer loop
     vertex -1.476208e+01 -2.660997e+00  2.200000e+01
     vertex -1.476208e+01 -2.660997e+00  4.000000e+01
     vertex -1.482953e+01 -2.255011e+00  4.000000e+01
   endloop
 endfacet
 facet normal -9.816126e-01 -1.908838e-01 -5.219561e-17
   outer loop
     vertex -1.468352e+01 -3.064979e+00  2.200000e+01
     vertex -1.476208e+01 -2.660997e+00  4.000000e+01
     vertex -1.476208e+01 -2.660997e+00  2.200000e+01
   endloop
 endfacet
 facet normal -9.816126e-01 -1.908838e-01 -5.180355e-17
   outer loop
     vertex -1.468352e+01 -3.064979e+00  2.200000e+01
     vertex -1.468352e+01 -3.064979e+00  4.000000e+01
     vertex -1.476208e+01 -2.660997e+00  4.000000e+01
   endloop
 endfacet
 facet normal -9.760065e-01 -2.177416e-01 -5.909242e-17
   outer loop
     vertex -1.459391e+01 -3.466654e+00  2.200000e+01
     vertex -1.459391e+01 -3.466654e+00  4.000000e+01
     vertex -1.468352e+01 -3.064979e+00  4.000000e+01
   endloop
 endfacet
 facet normal -9.760065e-01 -2.177416e-01 -5.868018e-17
   outer loop
     vertex -1.459391e+01 -3.466654e+00  2.200000e+01
     vertex -1.468352e+01 -3.064979e+00  4.000000e+01
     vertex -1.468352e+01 -3.064979e+00  2.200000e+01
   endloop
 endfacet
 facet normal -9.696656e-01 -2.444354e-01 -6.633680e-17
   outer loop
     vertex -1.449332e+01 -3.865719e+00  2.200000e+01
     vertex -1.449332e+01 -3.865719e+00  4.000000e+01
     vertex -1.459391e+01 -3.466654e+00  4.000000e+01
   endloop
 endfacet
 facet normal -9.696656e-01 -2.444354e-01 -6.652260e-17
   outer loop
     vertex -1.449332e+01 -3.865719e+00  2.200000e+01
     vertex -1.459391e+01 -3.466654e+00  4.000000e+01
     vertex -1.459391e+01 -3.466654e+00  2.200000e+01
   endloop
 endfacet
 facet normal -9.625948e-01 -2.709453e-01 -6.684660e-17
   outer loop
     vertex -1.438181e+01 -4.261874e+00  2.200000e+01
     vertex -1.438181e+01 -4.261874e+00  4.000000e+01
     vertex -1.449332e+01 -3.865719e+00  4.000000e+01
   endloop
 endfacet
 facet normal -9.625948e-01 -2.709453e-01 -7.379119e-17
   outer loop
     vertex -1.438181e+01 -4.261874e+00  2.200000e+01
     vertex -1.449332e+01 -3.865719e+00  4.000000e+01
     vertex -1.449332e+01 -3.865719e+00  2.200000e+01
   endloop
 endfacet
 facet normal -9.547993e-01 -2.972512e-01 -8.800402e-17
   outer loop
     vertex -1.425948e+01 -4.654822e+00  2.200000e+01
     vertex -1.425948e+01 -4.654822e+00  4.000000e+01
     vertex -1.438181e+01 -4.261874e+00  4.000000e+01
   endloop
 endfacet
 facet normal -9.462851e-01 -3.233333e-01 -9.572589e-17
   outer loop
     vertex -1.425948e+01 -4.654822e+00  2.200000e+01
     vertex -1.412641e+01 -5.044265e+00  4.000000e+01
     vertex -1.425948e+01 -4.654822e+00  4.000000e+01
   endloop
 endfacet
 facet normal -9.547993e-01 -2.972512e-01 -7.320607e-17
   outer loop
     vertex -1.425948e+01 -4.654822e+00  2.200000e+01
     vertex -1.438181e+01 -4.261874e+00  4.000000e+01
     vertex -1.438181e+01 -4.261874e+00  2.200000e+01
   endloop
 endfacet
 facet normal -9.462851e-01 -3.233333e-01 -7.977157e-17
   outer loop
     vertex -1.412641e+01 -5.044265e+00  2.200000e+01
     vertex -1.412641e+01 -5.044265e+00  4.000000e+01
     vertex -1.425948e+01 -4.654822e+00  2.200000e+01
   endloop
 endfacet
 facet normal -9.370586e-01 -3.491720e-01 -8.614641e-17
   outer loop
     vertex -1.398271e+01 -5.429911e+00  2.200000e+01
     vertex -1.398271e+01 -5.429911e+00  4.000000e+01
     vertex -1.412641e+01 -5.044265e+00  4.000000e+01
   endloop
 endfacet
 facet normal -9.271267e-01 -3.747479e-01 -9.245639e-17
   outer loop
     vertex -1.398271e+01 -5.429911e+00  2.200000e+01
     vertex -1.382848e+01 -5.811469e+00  4.000000e+01
     vertex -1.398271e+01 -5.429911e+00  4.000000e+01
   endloop
 endfacet
 facet normal -9.370586e-01 -3.491720e-01 -8.591449e-17
   outer loop
     vertex -1.398271e+01 -5.429911e+00  2.200000e+01
     vertex -1.412641e+01 -5.044265e+00  4.000000e+01
     vertex -1.412641e+01 -5.044265e+00  2.200000e+01
   endloop
 endfacet
 facet normal -9.271267e-01 -3.747479e-01 -9.245639e-17
   outer loop
     vertex -1.382848e+01 -5.811469e+00  2.200000e+01
     vertex -1.382848e+01 -5.811469e+00  4.000000e+01
     vertex -1.398271e+01 -5.429911e+00  2.200000e+01
   endloop
 endfacet
 facet normal -9.164969e-01 -4.000417e-01 -9.869678e-17
   outer loop
     vertex -1.366384e+01 -6.188653e+00  2.200000e+01
     vertex -1.366384e+01 -6.188653e+00  4.000000e+01
     vertex -1.382848e+01 -5.811469e+00  4.000000e+01
   endloop
 endfacet
 facet normal -9.164969e-01 -4.000417e-01 -9.892987e-17
   outer loop
     vertex -1.366384e+01 -6.188653e+00  2.200000e+01
     vertex -1.382848e+01 -5.811469e+00  4.000000e+01
     vertex -1.382848e+01 -5.811469e+00  2.200000e+01
   endloop
 endfacet
 facet normal -9.051772e-01 -4.250344e-01 -1.258354e-16
   outer loop
     vertex -1.348892e+01 -6.561178e+00  2.200000e+01
     vertex -1.348892e+01 -6.561178e+00  4.000000e+01
     vertex -1.366384e+01 -6.188653e+00  4.000000e+01
   endloop
 endfacet
 facet normal -9.051772e-01 -4.250344e-01 -1.046397e-16
   outer loop
     vertex -1.348892e+01 -6.561178e+00  2.200000e+01
     vertex -1.366384e+01 -6.188653e+00  4.000000e+01
     vertex -1.366384e+01 -6.188653e+00  2.200000e+01
   endloop
 endfacet
 facet normal -8.931761e-01 -4.497071e-01 -1.331400e-16
   outer loop
     vertex -1.330384e+01 -6.928764e+00  2.200000e+01
     vertex -1.330384e+01 -6.928764e+00  4.000000e+01
     vertex -1.348892e+01 -6.561178e+00  4.000000e+01
   endloop
 endfacet
 facet normal -8.931761e-01 -4.497071e-01 -1.332927e-16
   outer loop
     vertex -1.330384e+01 -6.928764e+00  2.200000e+01
     vertex -1.348892e+01 -6.561178e+00  4.000000e+01
     vertex -1.348892e+01 -6.561178e+00  2.200000e+01
   endloop
 endfacet
 facet normal -8.805026e-01 -4.740412e-01 -1.169537e-16
   outer loop
     vertex -1.310875e+01 -7.291135e+00  2.200000e+01
     vertex -1.310875e+01 -7.291135e+00  4.000000e+01
     vertex -1.330384e+01 -6.928764e+00  4.000000e+01
   endloop
 endfacet
 facet normal -8.671664e-01 -4.980186e-01 -1.228693e-16
   outer loop
     vertex -1.310875e+01 -7.291135e+00  2.200000e+01
     vertex -1.290379e+01 -7.648016e+00  4.000000e+01
     vertex -1.310875e+01 -7.291135e+00  4.000000e+01
   endloop
 endfacet
 facet normal -8.805026e-01 -4.740412e-01 -1.398651e-16
   outer loop
     vertex -1.310875e+01 -7.291135e+00  2.200000e+01
     vertex -1.330384e+01 -6.928764e+00  4.000000e+01
     vertex -1.330384e+01 -6.928764e+00  2.200000e+01
   endloop
 endfacet
 facet normal -8.671664e-01 -4.980186e-01 -1.474431e-16
   outer loop
     vertex -1.290379e+01 -7.648016e+00  2.200000e+01
     vertex -1.290379e+01 -7.648016e+00  4.000000e+01
     vertex -1.310875e+01 -7.291135e+00  2.200000e+01
   endloop
 endfacet
 facet normal -8.531773e-01 -5.216210e-01 -1.286924e-16
   outer loop
     vertex -1.268912e+01 -7.999141e+00  2.200000e+01
     vertex -1.268912e+01 -7.999141e+00  4.000000e+01
     vertex -1.290379e+01 -7.648016e+00  4.000000e+01
   endloop
 endfacet
 facet normal -8.531773e-01 -5.216210e-01 -1.552122e-16
   outer loop
     vertex -1.268912e+01 -7.999141e+00  2.200000e+01
     vertex -1.290379e+01 -7.648016e+00  4.000000e+01
     vertex -1.290379e+01 -7.648016e+00  2.200000e+01
   endloop
 endfacet
 facet normal -8.385460e-01 -5.448308e-01 -1.613023e-16
   outer loop
     vertex -1.246489e+01 -8.344244e+00  2.200000e+01
     vertex -1.246489e+01 -8.344244e+00  4.000000e+01
     vertex -1.268912e+01 -7.999141e+00  4.000000e+01
   endloop
 endfacet
 facet normal -8.385460e-01 -5.448308e-01 -1.343489e-16
   outer loop
     vertex -1.246489e+01 -8.344244e+00  2.200000e+01
     vertex -1.268912e+01 -7.999141e+00  4.000000e+01
     vertex -1.268912e+01 -7.999141e+00  2.200000e+01
   endloop
 endfacet
 facet normal -8.232835e-01 -5.676304e-01 -1.686907e-16
   outer loop
     vertex -1.223129e+01 -8.683066e+00  2.200000e+01
     vertex -1.246489e+01 -8.344244e+00  4.000000e+01
     vertex -1.246489e+01 -8.344244e+00  2.200000e+01
   endloop
 endfacet
 facet normal -8.232835e-01 -5.676304e-01 -1.680524e-16
   outer loop
     vertex -1.223129e+01 -8.683066e+00  2.200000e+01
     vertex -1.223129e+01 -8.683066e+00  4.000000e+01
     vertex -1.246489e+01 -8.344244e+00  4.000000e+01
   endloop
 endfacet
 facet normal -8.074012e-01 -5.900028e-01 -1.740660e-16
   outer loop
     vertex -1.198847e+01 -9.015352e+00  2.200000e+01
     vertex -1.223129e+01 -8.683066e+00  4.000000e+01
     vertex -1.223129e+01 -8.683066e+00  2.200000e+01
   endloop
 endfacet
 facet normal -8.074012e-01 -5.900028e-01 -1.746759e-16
   outer loop
     vertex -1.198847e+01 -9.015352e+00  2.200000e+01
     vertex -1.198847e+01 -9.015352e+00  4.000000e+01
     vertex -1.223129e+01 -8.683066e+00  4.000000e+01
   endloop
 endfacet
 facet normal -7.909112e-01 -6.119310e-01 -1.810839e-16
   outer loop
     vertex -1.173663e+01 -9.340851e+00  2.200000e+01
     vertex -1.198847e+01 -9.015352e+00  4.000000e+01
     vertex -1.198847e+01 -9.015352e+00  2.200000e+01
   endloop
 endfacet
 facet normal -7.909112e-01 -6.119310e-01 -1.811680e-16
   outer loop
     vertex -1.173663e+01 -9.340851e+00  2.200000e+01
     vertex -1.173663e+01 -9.340851e+00  4.000000e+01
     vertex -1.198847e+01 -9.015352e+00  4.000000e+01
   endloop
 endfacet
 facet normal -7.738257e-01 -6.333986e-01 -1.882528e-16
   outer loop
     vertex -1.147596e+01 -9.659318e+00  2.200000e+01
     vertex -1.173663e+01 -9.340851e+00  4.000000e+01
     vertex -1.173663e+01 -9.340851e+00  2.200000e+01
   endloop
 endfacet
 facet normal -7.738257e-01 -6.333986e-01 -1.875236e-16
   outer loop
     vertex -1.147596e+01 -9.659318e+00  2.200000e+01
     vertex -1.147596e+01 -9.659318e+00  4.000000e+01
     vertex -1.173663e+01 -9.340851e+00  4.000000e+01
   endloop
 endfacet
 facet normal -7.561578e-01 -6.543893e-01 -1.933867e-16
   outer loop
     vertex -1.120664e+01 -9.970515e+00  2.200000e+01
     vertex -1.147596e+01 -9.659318e+00  4.000000e+01
     vertex -1.147596e+01 -9.659318e+00  2.200000e+01
   endloop
 endfacet
 facet normal -7.561578e-01 -6.543893e-01 -1.937382e-16
   outer loop
     vertex -1.120664e+01 -9.970515e+00  2.200000e+01
     vertex -1.120664e+01 -9.970515e+00  4.000000e+01
     vertex -1.147596e+01 -9.659318e+00  4.000000e+01
   endloop
 endfacet
 facet normal -7.379206e-01 -6.748875e-01 -1.995701e-16
   outer loop
     vertex -1.092889e+01 -1.027421e+01  2.200000e+01
     vertex -1.120664e+01 -9.970515e+00  4.000000e+01
     vertex -1.120664e+01 -9.970515e+00  2.200000e+01
   endloop
 endfacet
 facet normal -7.379206e-01 -6.748875e-01 -1.998068e-16
   outer loop
     vertex -1.092889e+01 -1.027421e+01  2.200000e+01
     vertex -1.092889e+01 -1.027421e+01  4.000000e+01
     vertex -1.120664e+01 -9.970515e+00  4.000000e+01
   endloop
 endfacet
 facet normal -7.191280e-01 -6.948776e-01 -2.052677e-16
   outer loop
     vertex -1.064292e+01 -1.057016e+01  2.200000e+01
     vertex -1.092889e+01 -1.027421e+01  4.000000e+01
     vertex -1.092889e+01 -1.027421e+01  2.200000e+01
   endloop
 endfacet
 facet normal -7.191280e-01 -6.948776e-01 -2.057251e-16
   outer loop
     vertex -1.064292e+01 -1.057016e+01  2.200000e+01
     vertex -1.064292e+01 -1.057016e+01  4.000000e+01
     vertex -1.092889e+01 -1.027421e+01  4.000000e+01
   endloop
 endfacet
 facet normal -6.997940e-01 -7.143447e-01 -2.117382e-16
   outer loop
     vertex -1.034893e+01 -1.085816e+01  2.200000e+01
     vertex -1.064292e+01 -1.057016e+01  4.000000e+01
     vertex -1.064292e+01 -1.057016e+01  2.200000e+01
   endloop
 endfacet
 facet normal -6.997940e-01 -7.143447e-01 -2.114885e-16
   outer loop
     vertex -1.034893e+01 -1.085816e+01  2.200000e+01
     vertex -1.034893e+01 -1.085816e+01  4.000000e+01
     vertex -1.064292e+01 -1.057016e+01  4.000000e+01
   endloop
 endfacet
 facet normal -6.799333e-01 -7.332740e-01 -2.166060e-16
   outer loop
     vertex -1.004715e+01 -1.113799e+01  2.200000e+01
     vertex -1.034893e+01 -1.085816e+01  4.000000e+01
     vertex -1.034893e+01 -1.085816e+01  2.200000e+01
   endloop
 endfacet
 facet normal -6.799333e-01 -7.332740e-01 -2.170927e-16
   outer loop
     vertex -1.004715e+01 -1.113799e+01  2.200000e+01
     vertex -1.004715e+01 -1.113799e+01  4.000000e+01
     vertex -1.034893e+01 -1.085816e+01  4.000000e+01
   endloop
 endfacet
 facet normal -6.595607e-01 -7.516513e-01 -2.233514e-16
   outer loop
     vertex -9.737808e+00 -1.140943e+01  2.200000e+01
     vertex -1.004715e+01 -1.113799e+01  4.000000e+01
     vertex -1.004715e+01 -1.113799e+01  2.200000e+01
   endloop
 endfacet
 facet normal -6.595607e-01 -7.516513e-01 -2.225335e-16
   outer loop
     vertex -9.737808e+00 -1.140943e+01  2.200000e+01
     vertex -9.737808e+00 -1.140943e+01  4.000000e+01
     vertex -1.004715e+01 -1.113799e+01  4.000000e+01
   endloop
 endfacet
 facet normal -6.386916e-01 -7.694628e-01 -2.276176e-16
   outer loop
     vertex -9.421136e+00 -1.167228e+01  2.200000e+01
     vertex -9.737808e+00 -1.140943e+01  4.000000e+01
     vertex -9.737808e+00 -1.140943e+01  2.200000e+01
   endloop
 endfacet
 facet normal -6.386916e-01 -7.694628e-01 -2.278068e-16
   outer loop
     vertex -9.421136e+00 -1.167228e+01  2.200000e+01
     vertex -9.421136e+00 -1.167228e+01  4.000000e+01
     vertex -9.737808e+00 -1.140943e+01  4.000000e+01
   endloop
 endfacet
 facet normal -6.173417e-01 -7.866951e-01 -2.323552e-16
   outer loop
     vertex -9.097372e+00 -1.192635e+01  2.200000e+01
     vertex -9.421136e+00 -1.167228e+01  4.000000e+01
     vertex -9.421136e+00 -1.167228e+01  2.200000e+01
   endloop
 endfacet
 facet normal -6.173417e-01 -7.866951e-01 -2.329085e-16
   outer loop
     vertex -9.097372e+00 -1.192635e+01  2.200000e+01
     vertex -9.097372e+00 -1.192635e+01  4.000000e+01
     vertex -9.421136e+00 -1.167228e+01  4.000000e+01
   endloop
 endfacet
 facet normal -5.955271e-01 -8.033352e-01 -2.378638e-16
   outer loop
     vertex -8.766760e+00 -1.217144e+01  2.200000e+01
     vertex -9.097372e+00 -1.192635e+01  4.000000e+01
     vertex -9.097372e+00 -1.192635e+01  2.200000e+01
   endloop
 endfacet
 facet normal -5.955271e-01 -8.033352e-01 -2.378350e-16
   outer loop
     vertex -8.766760e+00 -1.217144e+01  2.200000e+01
     vertex -8.766760e+00 -1.217144e+01  4.000000e+01
     vertex -9.097372e+00 -1.192635e+01  4.000000e+01
   endloop
 endfacet
 facet normal -5.732642e-01 -8.193706e-01 -2.416675e-16
   outer loop
     vertex -8.429549e+00 -1.240737e+01  2.200000e+01
     vertex -8.766760e+00 -1.217144e+01  4.000000e+01
     vertex -8.766760e+00 -1.217144e+01  2.200000e+01
   endloop
 endfacet
 facet normal -5.732642e-01 -8.193706e-01 -2.425824e-16
   outer loop
     vertex -8.429549e+00 -1.240737e+01  2.200000e+01
     vertex -8.429549e+00 -1.240737e+01  4.000000e+01
     vertex -8.766760e+00 -1.217144e+01  4.000000e+01
   endloop
 endfacet
 facet normal -5.505698e-01 -8.347891e-01 -2.478688e-16
   outer loop
     vertex -8.085992e+00 -1.263395e+01  2.200000e+01
     vertex -8.429549e+00 -1.240737e+01  4.000000e+01
     vertex -8.429549e+00 -1.240737e+01  2.200000e+01
   endloop
 endfacet
 facet normal -5.505698e-01 -8.347891e-01 -2.471472e-16
   outer loop
     vertex -8.085992e+00 -1.263395e+01  2.200000e+01
     vertex -8.085992e+00 -1.263395e+01  4.000000e+01
     vertex -8.429549e+00 -1.240737e+01  4.000000e+01
   endloop
 endfacet
 facet normal -5.274609e-01 -8.495793e-01 -2.515260e-16
   outer loop
     vertex -8.085992e+00 -1.263395e+01  2.200000e+01
     vertex -7.736348e+00 -1.285103e+01  4.000000e+01
     vertex -8.085992e+00 -1.263395e+01  4.000000e+01
   endloop
 endfacet
 facet normal -5.274609e-01 -8.495793e-01 -2.515260e-16
   outer loop
     vertex -7.736348e+00 -1.285103e+01  2.200000e+01
     vertex -7.736348e+00 -1.285103e+01  4.000000e+01
     vertex -8.085992e+00 -1.263395e+01  2.200000e+01
   endloop
 endfacet
 facet normal -5.039550e-01 -8.637299e-01 -2.557154e-16
   outer loop
     vertex -7.736348e+00 -1.285103e+01  2.200000e+01
     vertex -7.380880e+00 -1.305843e+01  4.000000e+01
     vertex -7.736348e+00 -1.285103e+01  4.000000e+01
   endloop
 endfacet
 facet normal -5.039550e-01 -8.637299e-01 -2.557154e-16
   outer loop
     vertex -7.380880e+00 -1.305843e+01  2.200000e+01
     vertex -7.380880e+00 -1.305843e+01  4.000000e+01
     vertex -7.736348e+00 -1.285103e+01  2.200000e+01
   endloop
 endfacet
 facet normal -4.800697e-01 -8.772303e-01 -2.597123e-16
   outer loop
     vertex -7.380880e+00 -1.305843e+01  2.200000e+01
     vertex -7.019857e+00 -1.325600e+01  4.000000e+01
     vertex -7.380880e+00 -1.305843e+01  4.000000e+01
   endloop
 endfacet
 facet normal -4.800697e-01 -8.772303e-01 -2.597123e-16
   outer loop
     vertex -7.019857e+00 -1.325600e+01  2.200000e+01
     vertex -7.019857e+00 -1.325600e+01  4.000000e+01
     vertex -7.380880e+00 -1.305843e+01  2.200000e+01
   endloop
 endfacet
 facet normal -4.558231e-01 -8.900704e-01 -2.628496e-16
   outer loop
     vertex -6.653549e+00 -1.344360e+01  2.200000e+01
     vertex -7.019857e+00 -1.325600e+01  4.000000e+01
     vertex -7.019857e+00 -1.325600e+01  2.200000e+01
   endloop
 endfacet
 facet normal -4.558231e-01 -8.900704e-01 -2.635138e-16
   outer loop
     vertex -6.653549e+00 -1.344360e+01  2.200000e+01
     vertex -6.653549e+00 -1.344360e+01  4.000000e+01
     vertex -7.019857e+00 -1.325600e+01  4.000000e+01
   endloop
 endfacet
 facet normal -4.312333e-01 -9.022405e-01 -2.669316e-16
   outer loop
     vertex -6.282232e+00 -1.362107e+01  2.200000e+01
     vertex -6.653549e+00 -1.344360e+01  4.000000e+01
     vertex -6.653549e+00 -1.344360e+01  2.200000e+01
   endloop
 endfacet
 facet normal -4.312333e-01 -9.022405e-01 -2.671168e-16
   outer loop
     vertex -6.282232e+00 -1.362107e+01  2.200000e+01
     vertex -6.282232e+00 -1.362107e+01  4.000000e+01
     vertex -6.653549e+00 -1.344360e+01  4.000000e+01
   endloop
 endfacet
 facet normal -4.063188e-01 -9.137314e-01 -2.702824e-16
   outer loop
     vertex -5.906186e+00 -1.378829e+01  2.200000e+01
     vertex -6.282232e+00 -1.362107e+01  4.000000e+01
     vertex -6.282232e+00 -1.362107e+01  2.200000e+01
   endloop
 endfacet
 facet normal -4.063188e-01 -9.137314e-01 -2.705188e-16
   outer loop
     vertex -5.906186e+00 -1.378829e+01  2.200000e+01
     vertex -5.906186e+00 -1.378829e+01  4.000000e+01
     vertex -6.282232e+00 -1.362107e+01  4.000000e+01
   endloop
 endfacet
 facet normal -3.810986e-01 -9.245344e-01 -2.737172e-16
   outer loop
     vertex -5.525695e+00 -1.394513e+01  2.200000e+01
     vertex -5.525695e+00 -1.394513e+01  4.000000e+01
     vertex -5.906186e+00 -1.378829e+01  4.000000e+01
   endloop
 endfacet
 facet normal -3.810986e-01 -9.245344e-01 -2.736509e-16
   outer loop
     vertex -5.525695e+00 -1.394513e+01  2.200000e+01
     vertex -5.906186e+00 -1.378829e+01  4.000000e+01
     vertex -5.906186e+00 -1.378829e+01  2.200000e+01
   endloop
 endfacet
 facet normal -3.555914e-01 -9.346415e-01 -2.767095e-16
   outer loop
     vertex -5.141043e+00 -1.409148e+01  2.200000e+01
     vertex -5.141043e+00 -1.409148e+01  4.000000e+01
     vertex -5.525695e+00 -1.394513e+01  4.000000e+01
   endloop
 endfacet
 facet normal -3.555914e-01 -9.346415e-01 -2.767577e-16
   outer loop
     vertex -5.141043e+00 -1.409148e+01  2.200000e+01
     vertex -5.525695e+00 -1.394513e+01  4.000000e+01
     vertex -5.525695e+00 -1.394513e+01  2.200000e+01
   endloop
 endfacet
 facet normal -3.298166e-01 -9.440450e-01 -2.794935e-16
   outer loop
     vertex -4.752522e+00 -1.422721e+01  2.200000e+01
     vertex -4.752522e+00 -1.422721e+01  4.000000e+01
     vertex -5.141043e+00 -1.409148e+01  4.000000e+01
   endloop
 endfacet
 facet normal -3.298166e-01 -9.440450e-01 -2.798763e-16
   outer loop
     vertex -4.752522e+00 -1.422721e+01  2.200000e+01
     vertex -5.141043e+00 -1.409148e+01  4.000000e+01
     vertex -5.141043e+00 -1.409148e+01  2.200000e+01
   endloop
 endfacet
 facet normal -3.037934e-01 -9.527379e-01 -2.820671e-16
   outer loop
     vertex -4.360424e+00 -1.435224e+01  2.200000e+01
     vertex -4.360424e+00 -1.435224e+01  4.000000e+01
     vertex -4.752522e+00 -1.422721e+01  4.000000e+01
   endloop
 endfacet
 facet normal -2.775416e-01 -9.607136e-01 -2.844284e-16
   outer loop
     vertex -4.360424e+00 -1.435224e+01  2.200000e+01
     vertex -3.965042e+00 -1.446646e+01  4.000000e+01
     vertex -4.360424e+00 -1.435224e+01  4.000000e+01
   endloop
 endfacet
 facet normal -3.037934e-01 -9.527379e-01 -2.823589e-16
   outer loop
     vertex -4.360424e+00 -1.435224e+01  2.200000e+01
     vertex -4.752522e+00 -1.422721e+01  4.000000e+01
     vertex -4.752522e+00 -1.422721e+01  2.200000e+01
   endloop
 endfacet
 facet normal -2.775416e-01 -9.607136e-01 -2.844284e-16
   outer loop
     vertex -3.965042e+00 -1.446646e+01  2.200000e+01
     vertex -3.965042e+00 -1.446646e+01  4.000000e+01
     vertex -4.360424e+00 -1.435224e+01  2.200000e+01
   endloop
 endfacet
 facet normal -2.510809e-01 -9.679661e-01 -2.866952e-16
   outer loop
     vertex -3.566676e+00 -1.456979e+01  2.200000e+01
     vertex -3.965042e+00 -1.446646e+01  4.000000e+01
     vertex -3.965042e+00 -1.446646e+01  2.200000e+01
   endloop
 endfacet
 facet normal -2.510809e-01 -9.679661e-01 -2.865755e-16
   outer loop
     vertex -3.566676e+00 -1.456979e+01  2.200000e+01
     vertex -3.566676e+00 -1.456979e+01  4.000000e+01
     vertex -3.965042e+00 -1.446646e+01  4.000000e+01
   endloop
 endfacet
 facet normal -2.244312e-01 -9.744899e-01 -2.881434e-16
   outer loop
     vertex -3.165626e+00 -1.466216e+01  2.200000e+01
     vertex -3.566676e+00 -1.456979e+01  4.000000e+01
     vertex -3.566676e+00 -1.456979e+01  2.200000e+01
   endloop
 endfacet
 facet normal -2.244312e-01 -9.744899e-01 -2.885070e-16
   outer loop
     vertex -3.165626e+00 -1.466216e+01  2.200000e+01
     vertex -3.165626e+00 -1.466216e+01  4.000000e+01
     vertex -3.566676e+00 -1.456979e+01  4.000000e+01
   endloop
 endfacet
 facet normal -1.976125e-01 -9.802802e-01 -2.902212e-16
   outer loop
     vertex -3.165626e+00 -1.466216e+01  2.200000e+01
     vertex -2.762192e+00 -1.474348e+01  4.000000e+01
     vertex -3.165626e+00 -1.466216e+01  4.000000e+01
   endloop
 endfacet
 facet normal -1.976125e-01 -9.802802e-01 -2.902212e-16
   outer loop
     vertex -2.762192e+00 -1.474348e+01  2.200000e+01
     vertex -2.762192e+00 -1.474348e+01  4.000000e+01
     vertex -3.165626e+00 -1.466216e+01  2.200000e+01
   endloop
 endfacet
 facet normal -1.706451e-01 -9.853326e-01 -2.917924e-16
   outer loop
     vertex -2.356679e+00 -1.481371e+01  2.200000e+01
     vertex -2.762192e+00 -1.474348e+01  4.000000e+01
     vertex -2.762192e+00 -1.474348e+01  2.200000e+01
   endloop
 endfacet
 facet normal -1.706451e-01 -9.853326e-01 -2.917170e-16
   outer loop
     vertex -2.356679e+00 -1.481371e+01  2.200000e+01
     vertex -2.356679e+00 -1.481371e+01  4.000000e+01
     vertex -2.762192e+00 -1.474348e+01  4.000000e+01
   endloop
 endfacet
 facet normal -1.435492e-01 -9.896432e-01 -2.929932e-16
   outer loop
     vertex -2.356679e+00 -1.481371e+01  2.200000e+01
     vertex -1.949392e+00 -1.487279e+01  4.000000e+01
     vertex -2.356679e+00 -1.481371e+01  4.000000e+01
   endloop
 endfacet
 facet normal -1.435492e-01 -9.896432e-01 -2.929932e-16
   outer loop
     vertex -1.949392e+00 -1.487279e+01  2.200000e+01
     vertex -1.949392e+00 -1.487279e+01  4.000000e+01
     vertex -2.356679e+00 -1.481371e+01  2.200000e+01
   endloop
 endfacet
 facet normal -1.163452e-01 -9.932088e-01 -2.939529e-16
   outer loop
     vertex -1.540637e+00 -1.492067e+01  2.200000e+01
     vertex -1.949392e+00 -1.487279e+01  4.000000e+01
     vertex -1.949392e+00 -1.487279e+01  2.200000e+01
   endloop
 endfacet
 facet normal -1.163452e-01 -9.932088e-01 -2.940489e-16
   outer loop
     vertex -1.540637e+00 -1.492067e+01  2.200000e+01
     vertex -1.540637e+00 -1.492067e+01  4.000000e+01
     vertex -1.949392e+00 -1.487279e+01  4.000000e+01
   endloop
 endfacet
 facet normal -8.905371e-02 -9.960268e-01 -2.948154e-16
   outer loop
     vertex -1.130723e+00 -1.495732e+01  2.200000e+01
     vertex -1.540637e+00 -1.492067e+01  4.000000e+01
     vertex -1.540637e+00 -1.492067e+01  2.200000e+01
   endloop
 endfacet
 facet normal -8.905371e-02 -9.960268e-01 -2.948832e-16
   outer loop
     vertex -1.130723e+00 -1.495732e+01  2.200000e+01
     vertex -1.130723e+00 -1.495732e+01  4.000000e+01
     vertex -1.540637e+00 -1.492067e+01  4.000000e+01
   endloop
 endfacet
 facet normal -6.169515e-02 -9.980950e-01 -2.954955e-16
   outer loop
     vertex -1.130723e+00 -1.495732e+01  2.200000e+01
     vertex -7.199574e-01 -1.498271e+01  4.000000e+01
     vertex -1.130723e+00 -1.495732e+01  4.000000e+01
   endloop
 endfacet
 facet normal -6.169515e-02 -9.980950e-01 -2.954955e-16
   outer loop
     vertex -7.199574e-01 -1.498271e+01  2.200000e+01
     vertex -7.199574e-01 -1.498271e+01  4.000000e+01
     vertex -1.130723e+00 -1.495732e+01  2.200000e+01
   endloop
 endfacet
 facet normal -3.429014e-02 -9.994119e-01 -2.959068e-16
   outer loop
     vertex -3.086500e-01 -1.499682e+01  2.200000e+01
     vertex -7.199574e-01 -1.498271e+01  4.000000e+01
     vertex -7.199574e-01 -1.498271e+01  2.200000e+01
   endloop
 endfacet
 facet normal -3.429014e-02 -9.994119e-01 -2.958854e-16
   outer loop
     vertex -3.086500e-01 -1.499682e+01  2.200000e+01
     vertex -3.086500e-01 -1.499682e+01  4.000000e+01
     vertex -7.199574e-01 -1.498271e+01  4.000000e+01
   endloop
 endfacet
 facet normal -6.859319e-03 -9.999765e-01 -2.960525e-16
   outer loop
     vertex -3.086500e-01 -1.499682e+01  2.200000e+01
     vertex  1.028898e-01 -1.499965e+01  4.000000e+01
     vertex -3.086500e-01 -1.499682e+01  4.000000e+01
   endloop
 endfacet
 facet normal -6.859319e-03 -9.999765e-01 -2.960525e-16
   outer loop
     vertex  1.028898e-01 -1.499965e+01  2.200000e+01
     vertex  1.028898e-01 -1.499965e+01  4.000000e+01
     vertex -3.086500e-01 -1.499682e+01  2.200000e+01
   endloop
 endfacet
 facet normal  2.057667e-02 -9.997883e-01 -2.960188e-16
   outer loop
     vertex  5.143521e-01 -1.499118e+01  2.200000e+01
     vertex  1.028898e-01 -1.499965e+01  4.000000e+01
     vertex  1.028898e-01 -1.499965e+01  2.200000e+01
   endloop
 endfacet
 facet normal  2.057667e-02 -9.997883e-01 -2.959968e-16
   outer loop
     vertex  5.143521e-01 -1.499118e+01  2.200000e+01
     vertex  5.143521e-01 -1.499118e+01  4.000000e+01
     vertex  1.028898e-01 -1.499965e+01  4.000000e+01
   endloop
 endfacet
 facet normal  4.799716e-02 -9.988475e-01 -2.957183e-16
   outer loop
     vertex  9.254272e-01 -1.497143e+01  2.200000e+01
     vertex  9.254272e-01 -1.497143e+01  4.000000e+01
     vertex  5.143521e-01 -1.499118e+01  4.000000e+01
   endloop
 endfacet
 facet normal  4.799716e-02 -9.988475e-01 -2.958195e-16
   outer loop
     vertex  9.254272e-01 -1.497143e+01  2.200000e+01
     vertex  5.143521e-01 -1.499118e+01  4.000000e+01
     vertex  5.143521e-01 -1.499118e+01  2.200000e+01
   endloop
 endfacet
 facet normal  7.538152e-02 -9.971548e-01 -2.952171e-16
   outer loop
     vertex  1.335806e+00 -1.494040e+01  2.200000e+01
     vertex  1.335806e+00 -1.494040e+01  4.000000e+01
     vertex  9.254272e-01 -1.497143e+01  4.000000e+01
   endloop
 endfacet
 facet normal  1.027091e-01 -9.947114e-01 -2.944937e-16
   outer loop
     vertex  1.335806e+00 -1.494040e+01  2.200000e+01
     vertex  1.745179e+00 -1.489813e+01  4.000000e+01
     vertex  1.335806e+00 -1.494040e+01  4.000000e+01
   endloop
 endfacet
 facet normal  7.538152e-02 -9.971548e-01 -2.952016e-16
   outer loop
     vertex  1.335806e+00 -1.494040e+01  2.200000e+01
     vertex  9.254272e-01 -1.497143e+01  4.000000e+01
     vertex  9.254272e-01 -1.497143e+01  2.200000e+01
   endloop
 endfacet
 facet normal  1.027091e-01 -9.947114e-01 -2.944937e-16
   outer loop
     vertex  1.745179e+00 -1.489813e+01  2.200000e+01
     vertex  1.745179e+00 -1.489813e+01  4.000000e+01
     vertex  1.335806e+00 -1.494040e+01  2.200000e+01
   endloop
 endfacet
 facet normal  1.299594e-01 -9.915193e-01 -2.935487e-16
   outer loop
     vertex  2.153238e+00 -1.484465e+01  2.200000e+01
     vertex  2.153238e+00 -1.484465e+01  4.000000e+01
     vertex  1.745179e+00 -1.489813e+01  4.000000e+01
   endloop
 endfacet
 facet normal  1.299594e-01 -9.915193e-01 -2.935025e-16
   outer loop
     vertex  2.153238e+00 -1.484465e+01  2.200000e+01
     vertex  1.745179e+00 -1.489813e+01  4.000000e+01
     vertex  1.745179e+00 -1.489813e+01  2.200000e+01
   endloop
 endfacet
 facet normal  1.571119e-01 -9.875808e-01 -2.923827e-16
   outer loop
     vertex  2.559676e+00 -1.477999e+01  2.200000e+01
     vertex  2.559676e+00 -1.477999e+01  4.000000e+01
     vertex  2.153238e+00 -1.484465e+01  4.000000e+01
   endloop
 endfacet
 facet normal  1.571119e-01 -9.875808e-01 -2.921583e-16
   outer loop
     vertex  2.559676e+00 -1.477999e+01  2.200000e+01
     vertex  2.153238e+00 -1.484465e+01  4.000000e+01
     vertex  2.153238e+00 -1.484465e+01  2.200000e+01
   endloop
 endfacet
 facet normal  1.841461e-01 -9.828989e-01 -2.909965e-16
   outer loop
     vertex  2.964188e+00 -1.470420e+01  2.200000e+01
     vertex  2.964188e+00 -1.470420e+01  4.000000e+01
     vertex  2.559676e+00 -1.477999e+01  4.000000e+01
   endloop
 endfacet
 facet normal  1.841461e-01 -9.828989e-01 -2.910760e-16
   outer loop
     vertex  2.964188e+00 -1.470420e+01  2.200000e+01
     vertex  2.559676e+00 -1.477999e+01  4.000000e+01
     vertex  2.559676e+00 -1.477999e+01  2.200000e+01
   endloop
 endfacet
 facet normal  2.110417e-01 -9.774771e-01 -2.893913e-16
   outer loop
     vertex  3.366468e+00 -1.461735e+01  2.200000e+01
     vertex  3.366468e+00 -1.461735e+01  4.000000e+01
     vertex  2.964188e+00 -1.470420e+01  4.000000e+01
   endloop
 endfacet
 facet normal  2.110417e-01 -9.774771e-01 -2.898249e-16
   outer loop
     vertex  3.366468e+00 -1.461735e+01  2.200000e+01
     vertex  2.964188e+00 -1.470420e+01  4.000000e+01
     vertex  2.964188e+00 -1.470420e+01  2.200000e+01
   endloop
 endfacet
 facet normal  2.377784e-01 -9.713194e-01 -2.875683e-16
   outer loop
     vertex  3.766214e+00 -1.451949e+01  2.200000e+01
     vertex  3.766214e+00 -1.451949e+01  4.000000e+01
     vertex  3.366468e+00 -1.461735e+01  4.000000e+01
   endloop
 endfacet
 facet normal  2.643362e-01 -9.644306e-01 -2.855288e-16
   outer loop
     vertex  3.766214e+00 -1.451949e+01  2.200000e+01
     vertex  4.163125e+00 -1.441070e+01  4.000000e+01
     vertex  3.766214e+00 -1.451949e+01  4.000000e+01
   endloop
 endfacet
 facet normal  2.377784e-01 -9.713194e-01 -2.876103e-16
   outer loop
     vertex  3.766214e+00 -1.451949e+01  2.200000e+01
     vertex  3.366468e+00 -1.461735e+01  4.000000e+01
     vertex  3.366468e+00 -1.461735e+01  2.200000e+01
   endloop
 endfacet
 facet normal  2.906949e-01 -9.568158e-01 -2.832744e-16
   outer loop
     vertex  4.163125e+00 -1.441070e+01  2.200000e+01
     vertex  4.556902e+00 -1.429107e+01  4.000000e+01
     vertex  4.163125e+00 -1.441070e+01  4.000000e+01
   endloop
 endfacet
 facet normal  2.643362e-01 -9.644306e-01 -2.855288e-16
   outer loop
     vertex  4.163125e+00 -1.441070e+01  2.200000e+01
     vertex  4.163125e+00 -1.441070e+01  4.000000e+01
     vertex  3.766214e+00 -1.451949e+01  2.200000e+01
   endloop
 endfacet
 facet normal  2.906949e-01 -9.568158e-01 -2.832744e-16
   outer loop
     vertex  4.556902e+00 -1.429107e+01  2.200000e+01
     vertex  4.556902e+00 -1.429107e+01  4.000000e+01
     vertex  4.163125e+00 -1.441070e+01  2.200000e+01
   endloop
 endfacet
 facet normal  3.168348e-01 -9.484807e-01 -2.808067e-16
   outer loop
     vertex  4.947248e+00 -1.416068e+01  2.200000e+01
     vertex  4.947248e+00 -1.416068e+01  4.000000e+01
     vertex  4.556902e+00 -1.429107e+01  4.000000e+01
   endloop
 endfacet
 facet normal  3.427362e-01 -9.394317e-01 -2.781276e-16
   outer loop
     vertex  4.947248e+00 -1.416068e+01  2.200000e+01
     vertex  5.333871e+00 -1.401962e+01  4.000000e+01
     vertex  4.947248e+00 -1.416068e+01  4.000000e+01
   endloop
 endfacet
 facet normal  3.168348e-01 -9.484807e-01 -2.806304e-16
   outer loop
     vertex  4.947248e+00 -1.416068e+01  2.200000e+01
     vertex  4.556902e+00 -1.429107e+01  4.000000e+01
     vertex  4.556902e+00 -1.429107e+01  2.200000e+01
   endloop
 endfacet
 facet normal  3.427362e-01 -9.394317e-01 -2.781276e-16
   outer loop
     vertex  5.333871e+00 -1.401962e+01  2.200000e+01
     vertex  5.333871e+00 -1.401962e+01  4.000000e+01
     vertex  4.947248e+00 -1.416068e+01  2.200000e+01
   endloop
 endfacet
 facet normal  3.683796e-01 -9.296754e-01 -2.752392e-16
   outer loop
     vertex  5.716478e+00 -1.386802e+01  2.200000e+01
     vertex  5.716478e+00 -1.386802e+01  4.000000e+01
     vertex  5.333871e+00 -1.401962e+01  4.000000e+01
   endloop
 endfacet
 facet normal  3.683796e-01 -9.296754e-01 -2.755531e-16
   outer loop
     vertex  5.716478e+00 -1.386802e+01  2.200000e+01
     vertex  5.333871e+00 -1.401962e+01  4.000000e+01
     vertex  5.333871e+00 -1.401962e+01  2.200000e+01
   endloop
 endfacet
 facet normal  3.937458e-01 -9.192194e-01 -2.719242e-16
   outer loop
     vertex  6.094783e+00 -1.370597e+01  2.200000e+01
     vertex  5.716478e+00 -1.386802e+01  4.000000e+01
     vertex  5.716478e+00 -1.386802e+01  2.200000e+01
   endloop
 endfacet
 facet normal  3.937458e-01 -9.192194e-01 -2.721436e-16
   outer loop
     vertex  6.094783e+00 -1.370597e+01  2.200000e+01
     vertex  6.094783e+00 -1.370597e+01  4.000000e+01
     vertex  5.716478e+00 -1.386802e+01  4.000000e+01
   endloop
 endfacet
 facet normal  4.188155e-01 -9.080714e-01 -2.690707e-16
   outer loop
     vertex  6.468499e+00 -1.353361e+01  2.200000e+01
     vertex  6.094783e+00 -1.370597e+01  4.000000e+01
     vertex  6.094783e+00 -1.370597e+01  2.200000e+01
   endloop
 endfacet
 facet normal  4.188155e-01 -9.080714e-01 -2.688431e-16
   outer loop
     vertex  6.468499e+00 -1.353361e+01  2.200000e+01
     vertex  6.468499e+00 -1.353361e+01  4.000000e+01
     vertex  6.094783e+00 -1.370597e+01  4.000000e+01
   endloop
 endfacet
 facet normal  4.435699e-01 -8.962398e-01 -2.660893e-16
   outer loop
     vertex  6.837346e+00 -1.335106e+01  2.200000e+01
     vertex  6.468499e+00 -1.353361e+01  4.000000e+01
     vertex  6.468499e+00 -1.353361e+01  2.200000e+01
   endloop
 endfacet
 facet normal  4.435699e-01 -8.962398e-01 -2.653403e-16
   outer loop
     vertex  6.837346e+00 -1.335106e+01  2.200000e+01
     vertex  6.837346e+00 -1.335106e+01  4.000000e+01
     vertex  6.468499e+00 -1.353361e+01  4.000000e+01
   endloop
 endfacet
 facet normal  4.679904e-01 -8.837335e-01 -2.608174e-16
   outer loop
     vertex  7.201046e+00 -1.315845e+01  2.200000e+01
     vertex  6.837346e+00 -1.335106e+01  4.000000e+01
     vertex  6.837346e+00 -1.335106e+01  2.200000e+01
   endloop
 endfacet
 facet normal  4.679904e-01 -8.837335e-01 -2.616377e-16
   outer loop
     vertex  7.201046e+00 -1.315845e+01  2.200000e+01
     vertex  7.201046e+00 -1.315845e+01  4.000000e+01
     vertex  6.837346e+00 -1.335106e+01  4.000000e+01
   endloop
 endfacet
 facet normal  4.920587e-01 -8.705620e-01 -2.577381e-16
   outer loop
     vertex  7.559325e+00 -1.295595e+01  2.200000e+01
     vertex  7.559325e+00 -1.295595e+01  4.000000e+01
     vertex  7.201046e+00 -1.315845e+01  4.000000e+01
   endloop
 endfacet
 facet normal  5.157565e-01 -8.567352e-01 -2.536446e-16
   outer loop
     vertex  7.559325e+00 -1.295595e+01  2.200000e+01
     vertex  7.911914e+00 -1.274369e+01  4.000000e+01
     vertex  7.559325e+00 -1.295595e+01  4.000000e+01
   endloop
 endfacet
 facet normal  4.920587e-01 -8.705620e-01 -2.579210e-16
   outer loop
     vertex  7.559325e+00 -1.295595e+01  2.200000e+01
     vertex  7.201046e+00 -1.315845e+01  4.000000e+01
     vertex  7.201046e+00 -1.315845e+01  2.200000e+01
   endloop
 endfacet
 facet normal  5.157565e-01 -8.567352e-01 -2.536446e-16
   outer loop
     vertex  7.911914e+00 -1.274369e+01  2.200000e+01
     vertex  7.911914e+00 -1.274369e+01  4.000000e+01
     vertex  7.559325e+00 -1.295595e+01  2.200000e+01
   endloop
 endfacet
 facet normal  5.390661e-01 -8.422635e-01 -2.493601e-16
   outer loop
     vertex  8.258547e+00 -1.252184e+01  2.200000e+01
     vertex  8.258547e+00 -1.252184e+01  4.000000e+01
     vertex  7.911914e+00 -1.274369e+01  4.000000e+01
   endloop
 endfacet
 facet normal  5.390661e-01 -8.422635e-01 -2.495528e-16
   outer loop
     vertex  8.258547e+00 -1.252184e+01  2.200000e+01
     vertex  7.911914e+00 -1.274369e+01  4.000000e+01
     vertex  7.911914e+00 -1.274369e+01  2.200000e+01
   endloop
 endfacet
 facet normal  5.619699e-01 -8.271577e-01 -2.448879e-16
   outer loop
     vertex  8.598964e+00 -1.229056e+01  2.200000e+01
     vertex  8.598964e+00 -1.229056e+01  4.000000e+01
     vertex  8.258547e+00 -1.252184e+01  4.000000e+01
   endloop
 endfacet
 facet normal  5.619699e-01 -8.271577e-01 -2.450192e-16
   outer loop
     vertex  8.598964e+00 -1.229056e+01  2.200000e+01
     vertex  8.258547e+00 -1.252184e+01  4.000000e+01
     vertex  8.258547e+00 -1.252184e+01  2.200000e+01
   endloop
 endfacet
 facet normal  5.844507e-01 -8.114292e-01 -2.402313e-16
   outer loop
     vertex  8.932907e+00 -1.205003e+01  2.200000e+01
     vertex  8.932907e+00 -1.205003e+01  4.000000e+01
     vertex  8.598964e+00 -1.229056e+01  4.000000e+01
   endloop
 endfacet
 facet normal  5.844507e-01 -8.114292e-01 -2.409950e-16
   outer loop
     vertex  8.932907e+00 -1.205003e+01  2.200000e+01
     vertex  8.598964e+00 -1.229056e+01  4.000000e+01
     vertex  8.598964e+00 -1.229056e+01  2.200000e+01
   endloop
 endfacet
 facet normal  6.064915e-01 -7.950900e-01 -2.353939e-16
   outer loop
     vertex  9.260126e+00 -1.180043e+01  2.200000e+01
     vertex  9.260126e+00 -1.180043e+01  4.000000e+01
     vertex  8.932907e+00 -1.205003e+01  4.000000e+01
   endloop
 endfacet
 facet normal  6.064915e-01 -7.950900e-01 -2.354132e-16
   outer loop
     vertex  9.260126e+00 -1.180043e+01  2.200000e+01
     vertex  8.932907e+00 -1.205003e+01  4.000000e+01
     vertex  8.932907e+00 -1.205003e+01  2.200000e+01
   endloop
 endfacet
 facet normal  6.280757e-01 -7.781522e-01 -2.303793e-16
   outer loop
     vertex  9.580374e+00 -1.154194e+01  2.200000e+01
     vertex  9.580374e+00 -1.154194e+01  4.000000e+01
     vertex  9.260126e+00 -1.180043e+01  4.000000e+01
   endloop
 endfacet
 facet normal  6.280757e-01 -7.781522e-01 -2.303586e-16
   outer loop
     vertex  9.580374e+00 -1.154194e+01  2.200000e+01
     vertex  9.260126e+00 -1.180043e+01  4.000000e+01
     vertex  9.260126e+00 -1.180043e+01  2.200000e+01
   endloop
 endfacet
 facet normal  6.491872e-01 -7.606287e-01 -2.251913e-16
   outer loop
     vertex  9.893410e+00 -1.127477e+01  2.200000e+01
     vertex  9.893410e+00 -1.127477e+01  4.000000e+01
     vertex  9.580374e+00 -1.154194e+01  4.000000e+01
   endloop
 endfacet
 facet normal  6.491872e-01 -7.606287e-01 -2.242828e-16
   outer loop
     vertex  9.893410e+00 -1.127477e+01  2.200000e+01
     vertex  9.580374e+00 -1.154194e+01  4.000000e+01
     vertex  9.580374e+00 -1.154194e+01  2.200000e+01
   endloop
 endfacet
 facet normal  6.698100e-01 -7.425325e-01 -2.198338e-16
   outer loop
     vertex  1.019900e+01 -1.099911e+01  2.200000e+01
     vertex  1.019900e+01 -1.099911e+01  4.000000e+01
     vertex  9.893410e+00 -1.127477e+01  4.000000e+01
   endloop
 endfacet
 facet normal  6.698100e-01 -7.425325e-01 -2.197253e-16
   outer loop
     vertex  1.019900e+01 -1.099911e+01  2.200000e+01
     vertex  9.893410e+00 -1.127477e+01  4.000000e+01
     vertex  9.893410e+00 -1.127477e+01  2.200000e+01
   endloop
 endfacet
 facet normal  6.899286e-01 -7.238775e-01 -2.143108e-16
   outer loop
     vertex  1.049691e+01 -1.071517e+01  2.200000e+01
     vertex  1.049691e+01 -1.071517e+01  4.000000e+01
     vertex  1.019900e+01 -1.099911e+01  4.000000e+01
   endloop
 endfacet
 facet normal  7.095278e-01 -7.046775e-01 -2.086264e-16
   outer loop
     vertex  1.049691e+01 -1.071517e+01  2.200000e+01
     vertex  1.078692e+01 -1.042316e+01  4.000000e+01
     vertex  1.049691e+01 -1.071517e+01  4.000000e+01
   endloop
 endfacet
 facet normal  6.899286e-01 -7.238775e-01 -2.148544e-16
   outer loop
     vertex  1.049691e+01 -1.071517e+01  2.200000e+01
     vertex  1.019900e+01 -1.099911e+01  4.000000e+01
     vertex  1.019900e+01 -1.099911e+01  2.200000e+01
   endloop
 endfacet
 facet normal  7.095278e-01 -7.046775e-01 -2.086264e-16
   outer loop
     vertex  1.078692e+01 -1.042316e+01  2.200000e+01
     vertex  1.078692e+01 -1.042316e+01  4.000000e+01
     vertex  1.049691e+01 -1.071517e+01  2.200000e+01
   endloop
 endfacet
 facet normal  7.285929e-01 -6.849470e-01 -2.027851e-16
   outer loop
     vertex  1.106881e+01 -1.012331e+01  2.200000e+01
     vertex  1.106881e+01 -1.012331e+01  4.000000e+01
     vertex  1.078692e+01 -1.042316e+01  4.000000e+01
   endloop
 endfacet
 facet normal  7.471095e-01 -6.647010e-01 -1.967910e-16
   outer loop
     vertex  1.106881e+01 -1.012331e+01  2.200000e+01
     vertex  1.134237e+01 -9.815840e+00  4.000000e+01
     vertex  1.106881e+01 -1.012331e+01  4.000000e+01
   endloop
 endfacet
 facet normal  7.285929e-01 -6.849470e-01 -2.020628e-16
   outer loop
     vertex  1.106881e+01 -1.012331e+01  2.200000e+01
     vertex  1.078692e+01 -1.042316e+01  4.000000e+01
     vertex  1.078692e+01 -1.042316e+01  2.200000e+01
   endloop
 endfacet
 facet normal  7.471095e-01 -6.647010e-01 -1.967910e-16
   outer loop
     vertex  1.134237e+01 -9.815840e+00  2.200000e+01
     vertex  1.134237e+01 -9.815840e+00  4.000000e+01
     vertex  1.106881e+01 -1.012331e+01  2.200000e+01
   endloop
 endfacet
 facet normal  7.650637e-01 -6.439545e-01 -1.906488e-16
   outer loop
     vertex  1.134237e+01 -9.815840e+00  2.200000e+01
     vertex  1.160739e+01 -9.500978e+00  4.000000e+01
     vertex  1.134237e+01 -9.815840e+00  4.000000e+01
   endloop
 endfacet
 facet normal  7.650637e-01 -6.439545e-01 -1.906488e-16
   outer loop
     vertex  1.160739e+01 -9.500978e+00  2.200000e+01
     vertex  1.160739e+01 -9.500978e+00  4.000000e+01
     vertex  1.134237e+01 -9.815840e+00  2.200000e+01
   endloop
 endfacet
 facet normal  7.824421e-01 -6.227234e-01 -1.843632e-16
   outer loop
     vertex  1.186367e+01 -9.178965e+00  2.200000e+01
     vertex  1.186367e+01 -9.178965e+00  4.000000e+01
     vertex  1.160739e+01 -9.500978e+00  4.000000e+01
   endloop
 endfacet
 facet normal  7.824421e-01 -6.227234e-01 -1.845687e-16
   outer loop
     vertex  1.186367e+01 -9.178965e+00  2.200000e+01
     vertex  1.160739e+01 -9.500978e+00  4.000000e+01
     vertex  1.160739e+01 -9.500978e+00  2.200000e+01
   endloop
 endfacet
 facet normal  7.992314e-01 -6.010234e-01 -1.779387e-16
   outer loop
     vertex  1.211102e+01 -8.850042e+00  2.200000e+01
     vertex  1.211102e+01 -8.850042e+00  4.000000e+01
     vertex  1.186367e+01 -9.178965e+00  4.000000e+01
   endloop
 endfacet
 facet normal  7.992314e-01 -6.010234e-01 -1.781345e-16
   outer loop
     vertex  1.211102e+01 -8.850042e+00  2.200000e+01
     vertex  1.186367e+01 -9.178965e+00  4.000000e+01
     vertex  1.186367e+01 -9.178965e+00  2.200000e+01
   endloop
 endfacet
 facet normal  8.154191e-01 -5.788711e-01 -1.713803e-16
   outer loop
     vertex  1.234925e+01 -8.514456e+00  2.200000e+01
     vertex  1.234925e+01 -8.514456e+00  4.000000e+01
     vertex  1.211102e+01 -8.850042e+00  4.000000e+01
   endloop
 endfacet
 facet normal  8.309929e-01 -5.562829e-01 -1.646928e-16
   outer loop
     vertex  1.234925e+01 -8.514456e+00  2.200000e+01
     vertex  1.257819e+01 -8.172462e+00  4.000000e+01
     vertex  1.234925e+01 -8.514456e+00  4.000000e+01
   endloop
 endfacet
 facet normal  8.154191e-01 -5.788711e-01 -1.719519e-16
   outer loop
     vertex  1.234925e+01 -8.514456e+00  2.200000e+01
     vertex  1.211102e+01 -8.850042e+00  4.000000e+01
     vertex  1.211102e+01 -8.850042e+00  2.200000e+01
   endloop
 endfacet
 facet normal  8.309929e-01 -5.562829e-01 -1.646928e-16
   outer loop
     vertex  1.257819e+01 -8.172462e+00  2.200000e+01
     vertex  1.257819e+01 -8.172462e+00  4.000000e+01
     vertex  1.234925e+01 -8.514456e+00  2.200000e+01
   endloop
 endfacet
 facet normal  8.459413e-01 -5.332761e-01 -1.578814e-16
   outer loop
     vertex  1.279766e+01 -7.824315e+00  2.200000e+01
     vertex  1.279766e+01 -7.824315e+00  4.000000e+01
     vertex  1.257819e+01 -8.172462e+00  4.000000e+01
   endloop
 endfacet
 facet normal  8.459413e-01 -5.332761e-01 -1.581587e-16
   outer loop
     vertex  1.279766e+01 -7.824315e+00  2.200000e+01
     vertex  1.257819e+01 -8.172462e+00  4.000000e+01
     vertex  1.257819e+01 -8.172462e+00  2.200000e+01
   endloop
 endfacet
 facet normal  8.602528e-01 -5.098678e-01 -1.509512e-16
   outer loop
     vertex  1.300750e+01 -7.470278e+00  2.200000e+01
     vertex  1.300750e+01 -7.470278e+00  4.000000e+01
     vertex  1.279766e+01 -7.824315e+00  4.000000e+01
   endloop
 endfacet
 facet normal  8.602528e-01 -5.098678e-01 -1.507809e-16
   outer loop
     vertex  1.300750e+01 -7.470278e+00  2.200000e+01
     vertex  1.279766e+01 -7.824315e+00  4.000000e+01
     vertex  1.279766e+01 -7.824315e+00  2.200000e+01
   endloop
 endfacet
 facet normal  8.739167e-01 -4.860756e-01 -1.439073e-16
   outer loop
     vertex  1.320754e+01 -7.110619e+00  2.200000e+01
     vertex  1.320754e+01 -7.110619e+00  4.000000e+01
     vertex  1.300750e+01 -7.470278e+00  4.000000e+01
   endloop
 endfacet
 facet normal  8.739167e-01 -4.860756e-01 -1.445769e-16
   outer loop
     vertex  1.320754e+01 -7.110619e+00  2.200000e+01
     vertex  1.300750e+01 -7.470278e+00  4.000000e+01
     vertex  1.300750e+01 -7.470278e+00  2.200000e+01
   endloop
 endfacet
 facet normal  8.869228e-01 -4.619176e-01 -1.370005e-16
   outer loop
     vertex  1.339764e+01 -6.745606e+00  2.200000e+01
     vertex  1.320754e+01 -7.110619e+00  4.000000e+01
     vertex  1.320754e+01 -7.110619e+00  2.200000e+01
   endloop
 endfacet
 facet normal  8.869228e-01 -4.619176e-01 -1.139626e-16
   outer loop
     vertex  1.339764e+01 -6.745606e+00  2.200000e+01
     vertex  1.339764e+01 -6.745606e+00  4.000000e+01
     vertex  1.320754e+01 -7.110619e+00  4.000000e+01
   endloop
 endfacet
 facet normal  8.992613e-01 -4.374119e-01 -1.079712e-16
   outer loop
     vertex  1.357766e+01 -6.375515e+00  2.200000e+01
     vertex  1.339764e+01 -6.745606e+00  4.000000e+01
     vertex  1.339764e+01 -6.745606e+00  2.200000e+01
   endloop
 endfacet
 facet normal  8.992613e-01 -4.374119e-01 -1.294999e-16
   outer loop
     vertex  1.357766e+01 -6.375515e+00  2.200000e+01
     vertex  1.357766e+01 -6.375515e+00  4.000000e+01
     vertex  1.339764e+01 -6.745606e+00  4.000000e+01
   endloop
 endfacet
 facet normal  9.109228e-01 -4.125769e-01 -1.228611e-16
   outer loop
     vertex  1.374745e+01 -6.000626e+00  2.200000e+01
     vertex  1.357766e+01 -6.375515e+00  4.000000e+01
     vertex  1.357766e+01 -6.375515e+00  2.200000e+01
   endloop
 endfacet
 facet normal  9.109228e-01 -4.125769e-01 -1.017894e-16
   outer loop
     vertex  1.374745e+01 -6.000626e+00  2.200000e+01
     vertex  1.374745e+01 -6.000626e+00  4.000000e+01
     vertex  1.357766e+01 -6.375515e+00  4.000000e+01
   endloop
 endfacet
 facet normal  9.218986e-01 -3.874313e-01 -9.547862e-17
   outer loop
     vertex  1.390690e+01 -5.621219e+00  2.200000e+01
     vertex  1.374745e+01 -6.000626e+00  4.000000e+01
     vertex  1.374745e+01 -6.000626e+00  2.200000e+01
   endloop
 endfacet
 facet normal  9.218986e-01 -3.874313e-01 -1.147027e-16
   outer loop
     vertex  1.390690e+01 -5.621219e+00  2.200000e+01
     vertex  1.390690e+01 -5.621219e+00  4.000000e+01
     vertex  1.374745e+01 -6.000626e+00  4.000000e+01
   endloop
 endfacet
 facet normal  9.321804e-01 -3.619940e-01 -1.067976e-16
   outer loop
     vertex  1.405588e+01 -5.237580e+00  2.200000e+01
     vertex  1.390690e+01 -5.621219e+00  4.000000e+01
     vertex  1.390690e+01 -5.621219e+00  2.200000e+01
   endloop
 endfacet
 facet normal  9.321804e-01 -3.619940e-01 -8.930980e-17
   outer loop
     vertex  1.405588e+01 -5.237580e+00  2.200000e+01
     vertex  1.405588e+01 -5.237580e+00  4.000000e+01
     vertex  1.390690e+01 -5.621219e+00  4.000000e+01
   endloop
 endfacet
 facet normal  9.417605e-01 -3.362843e-01 -8.255859e-17
   outer loop
     vertex  1.419428e+01 -4.849999e+00  2.200000e+01
     vertex  1.405588e+01 -5.237580e+00  4.000000e+01
     vertex  1.405588e+01 -5.237580e+00  2.200000e+01
   endloop
 endfacet
 facet normal  9.417605e-01 -3.362843e-01 -9.956016e-17
   outer loop
     vertex  1.419428e+01 -4.849999e+00  2.200000e+01
     vertex  1.419428e+01 -4.849999e+00  4.000000e+01
     vertex  1.405588e+01 -5.237580e+00  4.000000e+01
   endloop
 endfacet
 facet normal  9.506317e-01 -3.103214e-01 -9.225474e-17
   outer loop
     vertex  1.432199e+01 -4.458768e+00  2.200000e+01
     vertex  1.419428e+01 -4.849999e+00  4.000000e+01
     vertex  1.419428e+01 -4.849999e+00  2.200000e+01
   endloop
 endfacet
 facet normal  9.506317e-01 -3.103214e-01 -9.187360e-17
   outer loop
     vertex  1.432199e+01 -4.458768e+00  2.200000e+01
     vertex  1.432199e+01 -4.458768e+00  4.000000e+01
     vertex  1.419428e+01 -4.849999e+00  4.000000e+01
   endloop
 endfacet
 facet normal  9.587873e-01 -2.841250e-01 -8.388223e-17
   outer loop
     vertex  1.443892e+01 -4.064179e+00  2.200000e+01
     vertex  1.432199e+01 -4.458768e+00  4.000000e+01
     vertex  1.432199e+01 -4.458768e+00  2.200000e+01
   endloop
 endfacet
 facet normal  9.587873e-01 -2.841250e-01 -8.411789e-17
   outer loop
     vertex  1.443892e+01 -4.064179e+00  2.200000e+01
     vertex  1.443892e+01 -4.064179e+00  4.000000e+01
     vertex  1.432199e+01 -4.458768e+00  4.000000e+01
   endloop
 endfacet
 facet normal  9.662211e-01 -2.577146e-01 -7.629885e-17
   outer loop
     vertex  1.443892e+01 -4.064179e+00  2.200000e+01
     vertex  1.454498e+01 -3.666531e+00  4.000000e+01
     vertex  1.443892e+01 -4.064179e+00  4.000000e+01
   endloop
 endfacet
 facet normal  9.662211e-01 -2.577146e-01 -6.994061e-17
   outer loop
     vertex  1.454498e+01 -3.666531e+00  2.200000e+01
     vertex  1.454498e+01 -3.666531e+00  4.000000e+01
     vertex  1.443892e+01 -4.064179e+00  2.200000e+01
   endloop
 endfacet
 facet normal  9.729276e-01 -2.311102e-01 -6.272051e-17
   outer loop
     vertex  1.454498e+01 -3.666531e+00  2.200000e+01
     vertex  1.464010e+01 -3.266124e+00  4.000000e+01
     vertex  1.454498e+01 -3.666531e+00  4.000000e+01
   endloop
 endfacet
 facet normal  9.729276e-01 -2.311102e-01 -6.272051e-17
   outer loop
     vertex  1.464010e+01 -3.266124e+00  2.200000e+01
     vertex  1.464010e+01 -3.266124e+00  4.000000e+01
     vertex  1.454498e+01 -3.666531e+00  2.200000e+01
   endloop
 endfacet
 facet normal  9.789017e-01 -2.043319e-01 -5.568242e-17
   outer loop
     vertex  1.472419e+01 -2.863257e+00  2.200000e+01
     vertex  1.464010e+01 -3.266124e+00  4.000000e+01
     vertex  1.464010e+01 -3.266124e+00  2.200000e+01
   endloop
 endfacet
 facet normal  9.789017e-01 -2.043319e-01 -5.545320e-17
   outer loop
     vertex  1.472419e+01 -2.863257e+00  2.200000e+01
     vertex  1.472419e+01 -2.863257e+00  4.000000e+01
     vertex  1.464010e+01 -3.266124e+00  4.000000e+01
   endloop
 endfacet
 facet normal  9.841389e-01 -1.773998e-01 -4.814414e-17
   outer loop
     vertex  1.472419e+01 -2.863257e+00  2.200000e+01
     vertex  1.479720e+01 -2.458235e+00  4.000000e+01
     vertex  1.472419e+01 -2.863257e+00  4.000000e+01
   endloop
 endfacet
 facet normal  9.841389e-01 -1.773998e-01 -4.814414e-17
   outer loop
     vertex  1.479720e+01 -2.458235e+00  2.200000e+01
     vertex  1.479720e+01 -2.458235e+00  4.000000e+01
     vertex  1.472419e+01 -2.863257e+00  2.200000e+01
   endloop
 endfacet
 facet normal  9.886353e-01 -1.503341e-01 -4.069385e-17
   outer loop
     vertex  1.485907e+01 -2.051363e+00  2.200000e+01
     vertex  1.479720e+01 -2.458235e+00  4.000000e+01
     vertex  1.479720e+01 -2.458235e+00  2.200000e+01
   endloop
 endfacet
 facet normal  9.886353e-01 -1.503341e-01 -4.079885e-17
   outer loop
     vertex  1.485907e+01 -2.051363e+00  2.200000e+01
     vertex  1.485907e+01 -2.051363e+00  4.000000e+01
     vertex  1.479720e+01 -2.458235e+00  4.000000e+01
   endloop
 endfacet
 facet normal  9.923874e-01 -1.231552e-01 -3.357353e-17
   outer loop
     vertex  1.490975e+01 -1.642947e+00  2.200000e+01
     vertex  1.485907e+01 -2.051363e+00  4.000000e+01
     vertex  1.485907e+01 -2.051363e+00  2.200000e+01
   endloop
 endfacet
 facet normal  9.923874e-01 -1.231552e-01 -3.342284e-17
   outer loop
     vertex  1.490975e+01 -1.642947e+00  2.200000e+01
     vertex  1.490975e+01 -1.642947e+00  4.000000e+01
     vertex  1.485907e+01 -2.051363e+00  4.000000e+01
   endloop
 endfacet
 facet normal  9.953925e-01 -9.588368e-02 -2.602167e-17
   outer loop
     vertex  1.490975e+01 -1.642947e+00  2.200000e+01
     vertex  1.494921e+01 -1.233293e+00  4.000000e+01
     vertex  1.490975e+01 -1.642947e+00  4.000000e+01
   endloop
 endfacet
 facet normal  9.953925e-01 -9.588368e-02 -2.602167e-17
   outer loop
     vertex  1.494921e+01 -1.233293e+00  2.200000e+01
     vertex  1.494921e+01 -1.233293e+00  4.000000e+01
     vertex  1.490975e+01 -1.642947e+00  2.200000e+01
   endloop
 endfacet
 facet normal  9.976484e-01 -6.853995e-02 -1.860091e-17
   outer loop
     vertex  1.497742e+01 -8.227117e-01  2.200000e+01
     vertex  1.497742e+01 -8.227117e-01  4.000000e+01
     vertex  1.494921e+01 -1.233293e+00  4.000000e+01
   endloop
 endfacet
 facet normal  9.991532e-01 -4.114462e-02 -1.116615e-17
   outer loop
     vertex  1.497742e+01 -8.227117e-01  2.200000e+01
     vertex  1.499435e+01 -4.115107e-01  4.000000e+01
     vertex  1.497742e+01 -8.227117e-01  4.000000e+01
   endloop
 endfacet
 facet normal  9.976484e-01 -6.853995e-02 -1.853570e-17
   outer loop
     vertex  1.497742e+01 -8.227117e-01  2.200000e+01
     vertex  1.494921e+01 -1.233293e+00  4.000000e+01
     vertex  1.494921e+01 -1.233293e+00  2.200000e+01
   endloop
 endfacet
 facet normal  9.991532e-01 -4.114462e-02 -1.116615e-17
   outer loop
     vertex  1.499435e+01 -4.115107e-01  2.200000e+01
     vertex  1.499435e+01 -4.115107e-01  4.000000e+01
     vertex  1.497742e+01 -8.227117e-01  2.200000e+01
   endloop
 endfacet
 facet normal  9.999059e-01 -1.371831e-02 -3.722984e-18
   outer loop
     vertex  1.500000e+01  4.884981e-15  2.200000e+01
     vertex  1.500000e+01  0.000000e+00  4.000000e+01
     vertex  1.499435e+01 -4.115107e-01  4.000000e+01
   endloop
 endfacet
 facet normal  9.999059e-01 -1.371831e-02 -3.743234e-18
   outer loop
     vertex  1.500000e+01  4.884981e-15  2.200000e+01
     vertex  1.499435e+01 -4.115107e-01  4.000000e+01
     vertex  1.499435e+01 -4.115107e-01  2.200000e+01
   endloop
 endfacet
 facet normal  0.000000e+00  0.000000e+00  1.000000e+00
   outer loop
     vertex -1.147596e+01 -9.659318e+00  4.000000e+01
     vertex -1.120664e+01 -9.970515e+00  4.000000e+01
     vertex -1.092889e+01 -1.027421e+01  4.000000e+01
   endloop
 endfacet
 facet normal  0.000000e+00  0.000000e+00  1.000000e+00
   outer loop
     vertex -9.421136e+00 -1.167228e+01  4.000000e+01
     vertex -1.092889e+01 -1.027421e+01  4.000000e+01
     vertex -1.064292e+01 -1.057016e+01  4.000000e+01
   endloop
 endfacet
 facet normal  0.000000e+00  0.000000e+00  1.000000e+00
   outer loop
     vertex -9.421136e+00 -1.167228e+01  4.000000e+01
     vertex -1.147596e+01 -9.659318e+00  4.000000e+01
     vertex -1.092889e+01 -1.027421e+01  4.000000e+01
   endloop
 endfacet
 facet normal  0.000000e+00  0.000000e+00  1.000000e+00
   outer loop
     vertex -9.421136e+00 -1.167228e+01  4.000000e+01
     vertex -1.064292e+01 -1.057016e+01  4.000000e+01
     vertex -1.034893e+01 -1.085816e+01  4.000000e+01
   endloop
 endfacet
 facet normal  0.000000e+00  0.000000e+00  1.000000e+00
   outer loop
     vertex -9.421136e+00 -1.167228e+01  4.000000e+01
     vertex -1.034893e+01 -1.085816e+01  4.000000e+01
     vertex -1.004715e+01 -1.113799e+01  4.000000e+01
   endloop
 endfacet
 facet normal  0.000000e+00  0.000000e+00  1.000000e+00
   outer loop
     vertex -9.421136e+00 -1.167228e+01  4.000000e+01
     vertex -1.004715e+01 -1.113799e+01  4.000000e+01
     vertex -9.737808e+00 -1.140943e+01  4.000000e+01
   endloop
 endfacet
 facet normal  0.000000e+00  0.000000e+00  1.000000e+00
   outer loop
     vertex -8.766760e+00 -1.217144e+01  4.000000e+01
     vertex -9.421136e+00 -1.167228e+01  4.000000e+01
     vertex -9.097372e+00 -1.192635e+01  4.000000e+01
   endloop
 endfacet
 facet normal  0.000000e+00  0.000000e+00  1.000000e+00
   outer loop
     vertex -8.085992e+00 -1.263395e+01  4.000000e+01
     vertex -1.147596e+01 -9.659318e+00  4.000000e+01
     vertex -9.421136e+00 -1.167228e+01  4.000000e+01
   endloop
 endfacet
 facet normal  0.000000e+00  0.000000e+00  1.000000e+00
   outer loop
     vertex -8.085992e+00 -1.263395e+01  4.000000e+01
     vertex -8.766760e+00 -1.217144e+01  4.000000e+01
     vertex -8.429549e+00 -1.240737e+01  4.000000e+01
   endloop
 endfacet
 facet normal  0.000000e+00  0.000000e+00  1.000000e+00
   outer loop
     vertex -8.085992e+00 -1.263395e+01  4.000000e+01
     vertex -9.421136e+00 -1.167228e+01  4.000000e+01
     vertex -8.766760e+00 -1.217144e+01  4.000000e+01
   endloop
 endfacet
 facet normal  0.000000e+00  0.000000e+00  1.000000e+00
   outer loop
     vertex -1.268912e+01 -7.999141e+00  4.000000e+01
     vertex -1.246489e+01 -8.344244e+00  4.000000e+01
     vertex -1.223129e+01 -8.683066e+00  4.000000e+01
   endloop
 endfacet
 facet normal  0.000000e+00  0.000000e+00  1.000000e+00
   outer loop
     vertex -1.268912e+01 -7.999141e+00  4.000000e+01
     vertex -1.223129e+01 -8.683066e+00  4.000000e+01
     vertex -1.198847e+01 -9.015352e+00  4.000000e+01
   endloop
 endfacet
 facet normal  0.000000e+00  0.000000e+00  1.000000e+00
   outer loop
     vertex -1.290379e+01 -7.648016e+00  4.000000e+01
     vertex -1.198847e+01 -9.015352e+00  4.000000e+01
     vertex -1.173663e+01 -9.340851e+00  4.000000e+01
   endloop
 endfacet
 facet normal  0.000000e+00  0.000000e+00  1.000000e+00
   outer loop
     vertex -1.290379e+01 -7.648016e+00  4.000000e+01
     vertex -1.173663e+01 -9.340851e+00  4.000000e+01
     vertex -1.147596e+01 -9.659318e+00  4.000000e+01
   endloop
 endfacet
 facet normal  0.000000e+00  0.000000e+00  1.000000e+00
   outer loop
     vertex -1.290379e+01 -7.648016e+00  4.000000e+01
     vertex -1.268912e+01 -7.999141e+00  4.000000e+01
     vertex -1.198847e+01 -9.015352e+00  4.000000e+01
   endloop
 endfacet
 facet normal  0.000000e+00  0.000000e+00  1.000000e+00
   outer loop
     vertex -1.290379e+01 -7.648016e+00  4.000000e+01
     vertex -1.147596e+01 -9.659318e+00  4.000000e+01
     vertex -8.085992e+00 -1.263395e+01  4.000000e+01
   endloop
 endfacet
 facet normal  0.000000e+00  0.000000e+00  1.000000e+00
   outer loop
     vertex -7.019857e+00 -1.325600e+01  4.000000e+01
     vertex -8.085992e+00 -1.263395e+01  4.000000e+01
     vertex -7.736348e+00 -1.285103e+01  4.000000e+01
   endloop
 endfacet
 facet normal  0.000000e+00  0.000000e+00  1.000000e+00
   outer loop
     vertex -7.019857e+00 -1.325600e+01  4.000000e+01
     vertex -7.736348e+00 -1.285103e+01  4.000000e+01
     vertex -7.380880e+00 -1.305843e+01  4.000000e+01
   endloop
 endfacet
 facet normal  0.000000e+00  0.000000e+00  1.000000e+00
   outer loop
     vertex -6.653549e+00 -1.344360e+01  4.000000e+01
     vertex -8.085992e+00 -1.263395e+01  4.000000e+01
     vertex -7.019857e+00 -1.325600e+01  4.000000e+01
   endloop
 endfacet
 facet normal  0.000000e+00  0.000000e+00  1.000000e+00
   outer loop
     vertex -1.366384e+01 -6.188653e+00  4.000000e+01
     vertex -1.348892e+01 -6.561178e+00  4.000000e+01
     vertex -1.330384e+01 -6.928764e+00  4.000000e+01
   endloop
 endfacet
 facet normal  0.000000e+00  0.000000e+00  1.000000e+00
   outer loop
     vertex -1.366384e+01 -6.188653e+00  4.000000e+01
     vertex -1.330384e+01 -6.928764e+00  4.000000e+01
     vertex -1.310875e+01 -7.291135e+00  4.000000e+01
   endloop
 endfacet
 facet normal  0.000000e+00  0.000000e+00  1.000000e+00
   outer loop
     vertex -5.906186e+00 -1.378829e+01  4.000000e+01
     vertex -1.310875e+01 -7.291135e+00  4.000000e+01
     vertex -1.290379e+01 -7.648016e+00  4.000000e+01
   endloop
 endfacet
 facet normal  0.000000e+00  0.000000e+00  1.000000e+00
   outer loop
     vertex -5.906186e+00 -1.378829e+01  4.000000e+01
     vertex -6.653549e+00 -1.344360e+01  4.000000e+01
     vertex -6.282232e+00 -1.362107e+01  4.000000e+01
   endloop
 endfacet
 facet normal  0.000000e+00  0.000000e+00  1.000000e+00
   outer loop
     vertex -5.906186e+00 -1.378829e+01  4.000000e+01
     vertex -1.290379e+01 -7.648016e+00  4.000000e+01
     vertex -8.085992e+00 -1.263395e+01  4.000000e+01
   endloop
 endfacet
 facet normal  0.000000e+00  0.000000e+00  1.000000e+00
   outer loop
     vertex -5.906186e+00 -1.378829e+01  4.000000e+01
     vertex -8.085992e+00 -1.263395e+01  4.000000e+01
     vertex -6.653549e+00 -1.344360e+01  4.000000e+01
   endloop
 endfacet
 facet normal  0.000000e+00  0.000000e+00  1.000000e+00
   outer loop
     vertex -1.382848e+01 -5.811469e+00  4.000000e+01
     vertex -1.366384e+01 -6.188653e+00  4.000000e+01
     vertex -1.310875e+01 -7.291135e+00  4.000000e+01
   endloop
 endfacet
 facet normal  0.000000e+00  0.000000e+00  1.000000e+00
   outer loop
     vertex -5.141043e+00 -1.409148e+01  4.000000e+01
     vertex -5.906186e+00 -1.378829e+01  4.000000e+01
     vertex -5.525695e+00 -1.394513e+01  4.000000e+01
   endloop
 endfacet
 facet normal  0.000000e+00  0.000000e+00  1.000000e+00
   outer loop
     vertex -5.141043e+00 -1.409148e+01  4.000000e+01
     vertex -1.310875e+01 -7.291135e+00  4.000000e+01
     vertex -5.906186e+00 -1.378829e+01  4.000000e+01
   endloop
 endfacet
 facet normal  0.000000e+00  0.000000e+00  1.000000e+00
   outer loop
     vertex -1.425948e+01 -4.654822e+00  4.000000e+01
     vertex -1.412641e+01 -5.044265e+00  4.000000e+01
     vertex -1.398271e+01 -5.429911e+00  4.000000e+01
   endloop
 endfacet
 facet normal  0.000000e+00  0.000000e+00  1.000000e+00
   outer loop
     vertex -1.425948e+01 -4.654822e+00  4.000000e+01
     vertex -1.398271e+01 -5.429911e+00  4.000000e+01
     vertex -1.382848e+01 -5.811469e+00  4.000000e+01
   endloop
 endfacet
 facet normal  0.000000e+00  0.000000e+00  1.000000e+00
   outer loop
     vertex -3.965042e+00 -1.446646e+01  4.000000e+01
     vertex -4.752522e+00 -1.422721e+01  4.000000e+01
     vertex -4.360424e+00 -1.435224e+01  4.000000e+01
   endloop
 endfacet
 facet normal  0.000000e+00  0.000000e+00  1.000000e+00
   outer loop
     vertex -1.459391e+01 -3.466654e+00  4.000000e+01
     vertex -1.449332e+01 -3.865719e+00  4.000000e+01
     vertex -1.438181e+01 -4.261874e+00  4.000000e+01
   endloop
 endfacet
 facet normal  0.000000e+00  0.000000e+00  1.000000e+00
   outer loop
     vertex -1.459391e+01 -3.466654e+00  4.000000e+01
     vertex -1.438181e+01 -4.261874e+00  4.000000e+01
     vertex -1.425948e+01 -4.654822e+00  4.000000e+01
   endloop
 endfacet
 facet normal  0.000000e+00  0.000000e+00  1.000000e+00
   outer loop
     vertex -3.165626e+00 -1.466216e+01  4.000000e+01
     vertex -4.752522e+00 -1.422721e+01  4.000000e+01
     vertex -3.965042e+00 -1.446646e+01  4.000000e+01
   endloop
 endfacet
 facet normal  0.000000e+00  0.000000e+00  1.000000e+00
   outer loop
     vertex -3.165626e+00 -1.466216e+01  4.000000e+01
     vertex -3.965042e+00 -1.446646e+01  4.000000e+01
     vertex -3.566676e+00 -1.456979e+01  4.000000e+01
   endloop
 endfacet
 facet normal  0.000000e+00  0.000000e+00  1.000000e+00
   outer loop
     vertex -1.476208e+01 -2.660997e+00  4.000000e+01
     vertex -1.468352e+01 -3.064979e+00  4.000000e+01
     vertex -1.459391e+01 -3.466654e+00  4.000000e+01
   endloop
 endfacet
 facet normal  0.000000e+00  0.000000e+00  1.000000e+00
   outer loop
     vertex -1.476208e+01 -2.660997e+00  4.000000e+01
     vertex -1.459391e+01 -3.466654e+00  4.000000e+01
     vertex -1.425948e+01 -4.654822e+00  4.000000e+01
   endloop
 endfacet
 facet normal  0.000000e+00  0.000000e+00  1.000000e+00
   outer loop
     vertex -2.356679e+00 -1.481371e+01  4.000000e+01
     vertex -4.752522e+00 -1.422721e+01  4.000000e+01
     vertex -3.165626e+00 -1.466216e+01  4.000000e+01
   endloop
 endfacet
 facet normal  0.000000e+00  0.000000e+00  1.000000e+00
   outer loop
     vertex -2.356679e+00 -1.481371e+01  4.000000e+01
     vertex -5.141043e+00 -1.409148e+01  4.000000e+01
     vertex -4.752522e+00 -1.422721e+01  4.000000e+01
   endloop
 endfacet
 facet normal  0.000000e+00  0.000000e+00  1.000000e+00
   outer loop
     vertex -2.356679e+00 -1.481371e+01  4.000000e+01
     vertex -3.165626e+00 -1.466216e+01  4.000000e+01
     vertex -2.762192e+00 -1.474348e+01  4.000000e+01
   endloop
 endfacet
 facet normal  0.000000e+00  0.000000e+00  1.000000e+00
   outer loop
     vertex -1.949392e+00 -1.487279e+01  4.000000e+01
     vertex -5.141043e+00 -1.409148e+01  4.000000e+01
     vertex -2.356679e+00 -1.481371e+01  4.000000e+01
   endloop
 endfacet
 facet normal  0.000000e+00  0.000000e+00  1.000000e+00
   outer loop
     vertex -1.488581e+01 -1.847329e+00  4.000000e+01
     vertex -1.482953e+01 -2.255011e+00  4.000000e+01
     vertex -1.476208e+01 -2.660997e+00  4.000000e+01
   endloop
 endfacet
 facet normal  0.000000e+00  0.000000e+00  1.000000e+00
   outer loop
     vertex -1.493089e+01 -1.438255e+00  4.000000e+01
     vertex -1.488581e+01 -1.847329e+00  4.000000e+01
     vertex -1.476208e+01 -2.660997e+00  4.000000e+01
   endloop
 endfacet
 facet normal  0.000000e+00  0.000000e+00  1.000000e+00
   outer loop
     vertex -7.199574e-01 -1.498271e+01  4.000000e+01
     vertex -1.949392e+00 -1.487279e+01  4.000000e+01
     vertex -1.540637e+00 -1.492067e+01  4.000000e+01
   endloop
 endfacet
 facet normal  0.000000e+00  0.000000e+00  1.000000e+00
   outer loop
     vertex -7.199574e-01 -1.498271e+01  4.000000e+01
     vertex -1.540637e+00 -1.492067e+01  4.000000e+01
     vertex -1.130723e+00 -1.495732e+01  4.000000e+01
   endloop
 endfacet
 facet normal  0.000000e+00  0.000000e+00  1.000000e+00
   outer loop
     vertex -3.086500e-01 -1.499682e+01  4.000000e+01
     vertex -1.949392e+00 -1.487279e+01  4.000000e+01
     vertex -7.199574e-01 -1.498271e+01  4.000000e+01
   endloop
 endfacet
 facet normal  0.000000e+00  0.000000e+00  1.000000e+00
   outer loop
     vertex -1.499859e+01  2.057747e-01  4.000000e+01
     vertex -1.499859e+01 -2.057747e-01  4.000000e+01
     vertex -1.498730e+01 -6.171693e-01  4.000000e+01
   endloop
 endfacet
 facet normal  0.000000e+00  0.000000e+00  1.000000e+00
   outer loop
     vertex  5.143521e-01 -1.499118e+01  4.000000e+01
     vertex -1.949392e+00 -1.487279e+01  4.000000e+01
     vertex -3.086500e-01 -1.499682e+01  4.000000e+01
   endloop
 endfacet
 facet normal  0.000000e+00  0.000000e+00  1.000000e+00
   outer loop
     vertex  5.143521e-01 -1.499118e+01  4.000000e+01
     vertex -5.141043e+00 -1.409148e+01  4.000000e+01
     vertex -1.949392e+00 -1.487279e+01  4.000000e+01
   endloop
 endfacet
 facet normal  0.000000e+00  0.000000e+00  1.000000e+00
   outer loop
     vertex  5.143521e-01 -1.499118e+01  4.000000e+01
     vertex -3.086500e-01 -1.499682e+01  4.000000e+01
     vertex  1.028898e-01 -1.499965e+01  4.000000e+01
   endloop
 endfacet
 facet normal  0.000000e+00  0.000000e+00  1.000000e+00
   outer loop
     vertex  5.143521e-01 -1.499118e+01  4.000000e+01
     vertex -1.382848e+01 -5.811469e+00  4.000000e+01
     vertex -1.310875e+01 -7.291135e+00  4.000000e+01
   endloop
 endfacet
 facet normal  0.000000e+00  0.000000e+00  1.000000e+00
   outer loop
     vertex  5.143521e-01 -1.499118e+01  4.000000e+01
     vertex -1.310875e+01 -7.291135e+00  4.000000e+01
     vertex -5.141043e+00 -1.409148e+01  4.000000e+01
   endloop
 endfacet
 facet normal  0.000000e+00  0.000000e+00  1.000000e+00
   outer loop
     vertex -1.498730e+01  6.171693e-01  4.000000e+01
     vertex -1.498730e+01 -6.171693e-01  4.000000e+01
     vertex -1.496473e+01 -1.028099e+00  4.000000e+01
   endloop
 endfacet
 facet normal  0.000000e+00  0.000000e+00  1.000000e+00
   outer loop
     vertex -1.498730e+01  6.171693e-01  4.000000e+01
     vertex -1.496473e+01 -1.028099e+00  4.000000e+01
     vertex -1.493089e+01 -1.438255e+00  4.000000e+01
   endloop
 endfacet
 facet normal  0.000000e+00  0.000000e+00  1.000000e+00
   outer loop
     vertex -1.498730e+01  6.171693e-01  4.000000e+01
     vertex -1.499859e+01  2.057747e-01  4.000000e+01
     vertex -1.498730e+01 -6.171693e-01  4.000000e+01
   endloop
 endfacet
 facet normal  0.000000e+00  0.000000e+00  1.000000e+00
   outer loop
     vertex  1.335806e+00 -1.494040e+01  4.000000e+01
     vertex -1.382848e+01 -5.811469e+00  4.000000e+01
     vertex  5.143521e-01 -1.499118e+01  4.000000e+01
   endloop
 endfacet
 facet normal  0.000000e+00  0.000000e+00  1.000000e+00
   outer loop
     vertex  1.335806e+00 -1.494040e+01  4.000000e+01
     vertex  5.143521e-01 -1.499118e+01  4.000000e+01
     vertex  9.254272e-01 -1.497143e+01  4.000000e+01
   endloop
 endfacet
 facet normal  0.000000e+00  0.000000e+00  1.000000e+00
   outer loop
     vertex -1.482953e+01  2.255011e+00  4.000000e+01
     vertex -1.488581e+01  1.847329e+00  4.000000e+01
     vertex -1.493089e+01  1.438255e+00  4.000000e+01
   endloop
 endfacet
 facet normal  0.000000e+00  0.000000e+00  1.000000e+00
   outer loop
     vertex -1.482953e+01  2.255011e+00  4.000000e+01
     vertex -1.493089e+01  1.438255e+00  4.000000e+01
     vertex -1.496473e+01  1.028099e+00  4.000000e+01
   endloop
 endfacet
 facet normal  0.000000e+00  0.000000e+00  1.000000e+00
   outer loop
     vertex -1.482953e+01  2.255011e+00  4.000000e+01
     vertex -1.496473e+01  1.028099e+00  4.000000e+01
     vertex -1.498730e+01  6.171693e-01  4.000000e+01
   endloop
 endfacet
 facet normal  0.000000e+00  0.000000e+00  1.000000e+00
   outer loop
     vertex -1.482953e+01  2.255011e+00  4.000000e+01
     vertex -1.493089e+01 -1.438255e+00  4.000000e+01
     vertex -1.476208e+01 -2.660997e+00  4.000000e+01
   endloop
 endfacet
 facet normal  0.000000e+00  0.000000e+00  1.000000e+00
   outer loop
     vertex -1.482953e+01  2.255011e+00  4.000000e+01
     vertex -1.476208e+01 -2.660997e+00  4.000000e+01
     vertex -1.425948e+01 -4.654822e+00  4.000000e+01
   endloop
 endfacet
 facet normal  0.000000e+00  0.000000e+00  1.000000e+00
   outer loop
     vertex -1.482953e+01  2.255011e+00  4.000000e+01
     vertex -1.498730e+01  6.171693e-01  4.000000e+01
     vertex -1.493089e+01 -1.438255e+00  4.000000e+01
   endloop
 endfacet
 facet normal  0.000000e+00  0.000000e+00  1.000000e+00
   outer loop
     vertex -1.482953e+01  2.255011e+00  4.000000e+01
     vertex -1.425948e+01 -4.654822e+00  4.000000e+01
     vertex -1.382848e+01 -5.811469e+00  4.000000e+01
   endloop
 endfacet
 facet normal  0.000000e+00  0.000000e+00  1.000000e+00
   outer loop
     vertex  2.559676e+00 -1.477999e+01  4.000000e+01
     vertex  1.745179e+00 -1.489813e+01  4.000000e+01
     vertex  2.153238e+00 -1.484465e+01  4.000000e+01
   endloop
 endfacet
 facet normal  0.000000e+00  0.000000e+00  1.000000e+00
   outer loop
     vertex  3.366468e+00 -1.461735e+01  4.000000e+01
     vertex  1.745179e+00 -1.489813e+01  4.000000e+01
     vertex  2.559676e+00 -1.477999e+01  4.000000e+01
   endloop
 endfacet
 facet normal  0.000000e+00  0.000000e+00  1.000000e+00
   outer loop
     vertex  3.366468e+00 -1.461735e+01  4.000000e+01
     vertex  2.559676e+00 -1.477999e+01  4.000000e+01
     vertex  2.964188e+00 -1.470420e+01  4.000000e+01
   endloop
 endfacet
 facet normal  0.000000e+00  0.000000e+00  1.000000e+00
   outer loop
     vertex -1.459391e+01  3.466654e+00  4.000000e+01
     vertex -1.468352e+01  3.064979e+00  4.000000e+01
     vertex -1.476208e+01  2.660997e+00  4.000000e+01
   endloop
 endfacet
 facet normal  0.000000e+00  0.000000e+00  1.000000e+00
   outer loop
     vertex  3.766214e+00 -1.451949e+01  4.000000e+01
     vertex  1.745179e+00 -1.489813e+01  4.000000e+01
     vertex  3.366468e+00 -1.461735e+01  4.000000e+01
   endloop
 endfacet
 facet normal  0.000000e+00  0.000000e+00  1.000000e+00
   outer loop
     vertex -1.449332e+01  3.865719e+00  4.000000e+01
     vertex -1.459391e+01  3.466654e+00  4.000000e+01
     vertex -1.476208e+01  2.660997e+00  4.000000e+01
   endloop
 endfacet
 facet normal  0.000000e+00  0.000000e+00  1.000000e+00
   outer loop
     vertex -1.438181e+01  4.261874e+00  4.000000e+01
     vertex -1.476208e+01  2.660997e+00  4.000000e+01
     vertex -1.482953e+01  2.255011e+00  4.000000e+01
   endloop
 endfacet
 facet normal  0.000000e+00  0.000000e+00  1.000000e+00
   outer loop
     vertex -1.438181e+01  4.261874e+00  4.000000e+01
     vertex -1.449332e+01  3.865719e+00  4.000000e+01
     vertex -1.476208e+01  2.660997e+00  4.000000e+01
   endloop
 endfacet
 facet normal  0.000000e+00  0.000000e+00  1.000000e+00
   outer loop
     vertex  4.556902e+00 -1.429107e+01  4.000000e+01
     vertex  3.766214e+00 -1.451949e+01  4.000000e+01
     vertex  4.163125e+00 -1.441070e+01  4.000000e+01
   endloop
 endfacet
 facet normal  0.000000e+00  0.000000e+00  1.000000e+00
   outer loop
     vertex  4.947248e+00 -1.416068e+01  4.000000e+01
     vertex  3.766214e+00 -1.451949e+01  4.000000e+01
     vertex  4.556902e+00 -1.429107e+01  4.000000e+01
   endloop
 endfacet
 facet normal  0.000000e+00  0.000000e+00  1.000000e+00
   outer loop
     vertex -1.412641e+01  5.044265e+00  4.000000e+01
     vertex -1.425948e+01  4.654822e+00  4.000000e+01
     vertex -1.438181e+01  4.261874e+00  4.000000e+01
   endloop
 endfacet
 facet normal  0.000000e+00  0.000000e+00  1.000000e+00
   outer loop
     vertex -1.412641e+01  5.044265e+00  4.000000e+01
     vertex -1.438181e+01  4.261874e+00  4.000000e+01
     vertex -1.482953e+01  2.255011e+00  4.000000e+01
   endloop
 endfacet
 facet normal  0.000000e+00  0.000000e+00  1.000000e+00
   outer loop
     vertex -1.382848e+01  5.811469e+00  4.000000e+01
     vertex -1.398271e+01  5.429911e+00  4.000000e+01
     vertex -1.412641e+01  5.044265e+00  4.000000e+01
   endloop
 endfacet
 facet normal  0.000000e+00  0.000000e+00  1.000000e+00
   outer loop
     vertex  6.094783e+00 -1.370597e+01  4.000000e+01
     vertex  4.947248e+00 -1.416068e+01  4.000000e+01
     vertex  5.333871e+00 -1.401962e+01  4.000000e+01
   endloop
 endfacet
 facet normal  0.000000e+00  0.000000e+00  1.000000e+00
   outer loop
     vertex  6.094783e+00 -1.370597e+01  4.000000e+01
     vertex  5.333871e+00 -1.401962e+01  4.000000e+01
     vertex  5.716478e+00 -1.386802e+01  4.000000e+01
   endloop
 endfacet
 facet normal  0.000000e+00  0.000000e+00  1.000000e+00
   outer loop
     vertex  6.094783e+00 -1.370597e+01  4.000000e+01
     vertex  3.766214e+00 -1.451949e+01  4.000000e+01
     vertex  4.947248e+00 -1.416068e+01  4.000000e+01
   endloop
 endfacet
 facet normal  0.000000e+00  0.000000e+00  1.000000e+00
   outer loop
     vertex -1.348892e+01  6.561178e+00  4.000000e+01
     vertex -1.412641e+01  5.044265e+00  4.000000e+01
     vertex -1.482953e+01  2.255011e+00  4.000000e+01
   endloop
 endfacet
 facet normal  0.000000e+00  0.000000e+00  1.000000e+00
   outer loop
     vertex -1.348892e+01  6.561178e+00  4.000000e+01
     vertex -1.382848e+01  5.811469e+00  4.000000e+01
     vertex -1.412641e+01  5.044265e+00  4.000000e+01
   endloop
 endfacet
 facet normal  0.000000e+00  0.000000e+00  1.000000e+00
   outer loop
     vertex -1.348892e+01  6.561178e+00  4.000000e+01
     vertex -1.366384e+01  6.188653e+00  4.000000e+01
     vertex -1.382848e+01  5.811469e+00  4.000000e+01
   endloop
 endfacet
 facet normal  0.000000e+00  0.000000e+00  1.000000e+00
   outer loop
     vertex  7.201046e+00 -1.315845e+01  4.000000e+01
     vertex  6.468499e+00 -1.353361e+01  4.000000e+01
     vertex  6.837346e+00 -1.335106e+01  4.000000e+01
   endloop
 endfacet
 facet normal  0.000000e+00  0.000000e+00  1.000000e+00
   outer loop
     vertex  7.559325e+00 -1.295595e+01  4.000000e+01
     vertex  6.468499e+00 -1.353361e+01  4.000000e+01
     vertex  7.201046e+00 -1.315845e+01  4.000000e+01
   endloop
 endfacet
 facet normal  0.000000e+00  0.000000e+00  1.000000e+00
   outer loop
     vertex  7.559325e+00 -1.295595e+01  4.000000e+01
     vertex -1.382848e+01 -5.811469e+00  4.000000e+01
     vertex  1.335806e+00 -1.494040e+01  4.000000e+01
   endloop
 endfacet
 facet normal  0.000000e+00  0.000000e+00  1.000000e+00
   outer loop
     vertex  7.559325e+00 -1.295595e+01  4.000000e+01
     vertex  3.766214e+00 -1.451949e+01  4.000000e+01
     vertex  6.094783e+00 -1.370597e+01  4.000000e+01
   endloop
 endfacet
 facet normal  0.000000e+00  0.000000e+00  1.000000e+00
   outer loop
     vertex  7.559325e+00 -1.295595e+01  4.000000e+01
     vertex  1.335806e+00 -1.494040e+01  4.000000e+01
     vertex  1.745179e+00 -1.489813e+01  4.000000e+01
   endloop
 endfacet
 facet normal  0.000000e+00  0.000000e+00  1.000000e+00
   outer loop
     vertex  7.559325e+00 -1.295595e+01  4.000000e+01
     vertex  1.745179e+00 -1.489813e+01  4.000000e+01
     vertex  3.766214e+00 -1.451949e+01  4.000000e+01
   endloop
 endfacet
 facet normal  0.000000e+00  0.000000e+00  1.000000e+00
   outer loop
     vertex  7.559325e+00 -1.295595e+01  4.000000e+01
     vertex  6.094783e+00 -1.370597e+01  4.000000e+01
     vertex  6.468499e+00 -1.353361e+01  4.000000e+01
   endloop
 endfacet
 facet normal  0.000000e+00  0.000000e+00  1.000000e+00
   outer loop
     vertex -1.268912e+01  7.999141e+00  4.000000e+01
     vertex -1.290379e+01  7.648016e+00  4.000000e+01
     vertex -1.310875e+01  7.291135e+00  4.000000e+01
   endloop
 endfacet
 facet normal  0.000000e+00  0.000000e+00  1.000000e+00
   outer loop
     vertex -1.246489e+01  8.344244e+00  4.000000e+01
     vertex -1.268912e+01  7.999141e+00  4.000000e+01
     vertex -1.310875e+01  7.291135e+00  4.000000e+01
   endloop
 endfacet
 facet normal  0.000000e+00  0.000000e+00  1.000000e+00
   outer loop
     vertex -1.246489e+01  8.344244e+00  4.000000e+01
     vertex -1.310875e+01  7.291135e+00  4.000000e+01
     vertex -1.330384e+01  6.928764e+00  4.000000e+01
   endloop
 endfacet
 facet normal  0.000000e+00  0.000000e+00  1.000000e+00
   outer loop
     vertex -1.246489e+01  8.344244e+00  4.000000e+01
     vertex -1.330384e+01  6.928764e+00  4.000000e+01
     vertex -1.348892e+01  6.561178e+00  4.000000e+01
   endloop
 endfacet
 facet normal  0.000000e+00  0.000000e+00  1.000000e+00
   outer loop
     vertex  8.598964e+00 -1.229056e+01  4.000000e+01
     vertex  7.559325e+00 -1.295595e+01  4.000000e+01
     vertex  7.911914e+00 -1.274369e+01  4.000000e+01
   endloop
 endfacet
 facet normal  0.000000e+00  0.000000e+00  1.000000e+00
   outer loop
     vertex  8.598964e+00 -1.229056e+01  4.000000e+01
     vertex  7.911914e+00 -1.274369e+01  4.000000e+01
     vertex  8.258547e+00 -1.252184e+01  4.000000e+01
   endloop
 endfacet
 facet normal  0.000000e+00  0.000000e+00  1.000000e+00
   outer loop
     vertex  9.260126e+00 -1.180043e+01  4.000000e+01
     vertex  8.598964e+00 -1.229056e+01  4.000000e+01
     vertex  8.932907e+00 -1.205003e+01  4.000000e+01
   endloop
 endfacet
 facet normal  0.000000e+00  0.000000e+00  1.000000e+00
   outer loop
     vertex -1.173663e+01  9.340851e+00  4.000000e+01
     vertex -1.198847e+01  9.015352e+00  4.000000e+01
     vertex -1.223129e+01  8.683066e+00  4.000000e+01
   endloop
 endfacet
 facet normal  0.000000e+00  0.000000e+00  1.000000e+00
   outer loop
     vertex -1.173663e+01  9.340851e+00  4.000000e+01
     vertex -1.223129e+01  8.683066e+00  4.000000e+01
     vertex -1.246489e+01  8.344244e+00  4.000000e+01
   endloop
 endfacet
 facet normal  0.000000e+00  0.000000e+00  1.000000e+00
   outer loop
     vertex  9.893410e+00 -1.127477e+01  4.000000e+01
     vertex  7.559325e+00 -1.295595e+01  4.000000e+01
     vertex  8.598964e+00 -1.229056e+01  4.000000e+01
   endloop
 endfacet
 facet normal  0.000000e+00  0.000000e+00  1.000000e+00
   outer loop
     vertex  9.893410e+00 -1.127477e+01  4.000000e+01
     vertex  8.598964e+00 -1.229056e+01  4.000000e+01
     vertex  9.260126e+00 -1.180043e+01  4.000000e+01
   endloop
 endfacet
 facet normal  0.000000e+00  0.000000e+00  1.000000e+00
   outer loop
     vertex  9.893410e+00 -1.127477e+01  4.000000e+01
     vertex  9.260126e+00 -1.180043e+01  4.000000e+01
     vertex  9.580374e+00 -1.154194e+01  4.000000e+01
   endloop
 endfacet
 facet normal  0.000000e+00  0.000000e+00  1.000000e+00
   outer loop
     vertex  1.019900e+01 -1.099911e+01  4.000000e+01
     vertex  7.559325e+00 -1.295595e+01  4.000000e+01
     vertex  9.893410e+00 -1.127477e+01  4.000000e+01
   endloop
 endfacet
 facet normal  0.000000e+00  0.000000e+00  1.000000e+00
   outer loop
     vertex -1.064292e+01  1.057016e+01  4.000000e+01
     vertex -1.092889e+01  1.027421e+01  4.000000e+01
     vertex -1.120664e+01  9.970515e+00  4.000000e+01
   endloop
 endfacet
 facet normal  0.000000e+00  0.000000e+00  1.000000e+00
   outer loop
     vertex -1.064292e+01  1.057016e+01  4.000000e+01
     vertex -1.120664e+01  9.970515e+00  4.000000e+01
     vertex -1.147596e+01  9.659318e+00  4.000000e+01
   endloop
 endfacet
 facet normal  0.000000e+00  0.000000e+00  1.000000e+00
   outer loop
     vertex -1.034893e+01  1.085816e+01  4.000000e+01
     vertex -1.064292e+01  1.057016e+01  4.000000e+01
     vertex -1.147596e+01  9.659318e+00  4.000000e+01
   endloop
 endfacet
 facet normal  0.000000e+00  0.000000e+00  1.000000e+00
   outer loop
     vertex  1.134237e+01 -9.815840e+00  4.000000e+01
     vertex  1.078692e+01 -1.042316e+01  4.000000e+01
     vertex  1.106881e+01 -1.012331e+01  4.000000e+01
   endloop
 endfacet
 facet normal  0.000000e+00  0.000000e+00  1.000000e+00
   outer loop
     vertex  1.134237e+01 -9.815840e+00  4.000000e+01
     vertex  1.019900e+01 -1.099911e+01  4.000000e+01
     vertex  1.049691e+01 -1.071517e+01  4.000000e+01
   endloop
 endfacet
 facet normal  0.000000e+00  0.000000e+00  1.000000e+00
   outer loop
     vertex  1.134237e+01 -9.815840e+00  4.000000e+01
     vertex  1.049691e+01 -1.071517e+01  4.000000e+01
     vertex  1.078692e+01 -1.042316e+01  4.000000e+01
   endloop
 endfacet
 facet normal  0.000000e+00  0.000000e+00  1.000000e+00
   outer loop
     vertex -9.737808e+00  1.140943e+01  4.000000e+01
     vertex -1.034893e+01  1.085816e+01  4.000000e+01
     vertex -1.147596e+01  9.659318e+00  4.000000e+01
   endloop
 endfacet
 facet normal  0.000000e+00  0.000000e+00  1.000000e+00
   outer loop
     vertex -9.737808e+00  1.140943e+01  4.000000e+01
     vertex -1.004715e+01  1.113799e+01  4.000000e+01
     vertex -1.034893e+01  1.085816e+01  4.000000e+01
   endloop
 endfacet
 facet normal  0.000000e+00  0.000000e+00  1.000000e+00
   outer loop
     vertex -9.421136e+00  1.167228e+01  4.000000e+01
     vertex -1.173663e+01  9.340851e+00  4.000000e+01
     vertex -1.246489e+01  8.344244e+00  4.000000e+01
   endloop
 endfacet
 facet normal  0.000000e+00  0.000000e+00  1.000000e+00
   outer loop
     vertex -9.421136e+00  1.167228e+01  4.000000e+01
     vertex -9.737808e+00  1.140943e+01  4.000000e+01
     vertex -1.147596e+01  9.659318e+00  4.000000e+01
   endloop
 endfacet
 facet normal  0.000000e+00  0.000000e+00  1.000000e+00
   outer loop
     vertex -9.421136e+00  1.167228e+01  4.000000e+01
     vertex -1.147596e+01  9.659318e+00  4.000000e+01
     vertex -1.173663e+01  9.340851e+00  4.000000e+01
   endloop
 endfacet
 facet normal  0.000000e+00  0.000000e+00  1.000000e+00
   outer loop
     vertex  1.234925e+01 -8.514456e+00  4.000000e+01
     vertex  1.134237e+01 -9.815840e+00  4.000000e+01
     vertex  1.160739e+01 -9.500978e+00  4.000000e+01
   endloop
 endfacet
 facet normal  0.000000e+00  0.000000e+00  1.000000e+00
   outer loop
     vertex  1.234925e+01 -8.514456e+00  4.000000e+01
     vertex  1.160739e+01 -9.500978e+00  4.000000e+01
     vertex  1.186367e+01 -9.178965e+00  4.000000e+01
   endloop
 endfacet
 facet normal  0.000000e+00  0.000000e+00  1.000000e+00
   outer loop
     vertex  1.234925e+01 -8.514456e+00  4.000000e+01
     vertex  1.186367e+01 -9.178965e+00  4.000000e+01
     vertex  1.211102e+01 -8.850042e+00  4.000000e+01
   endloop
 endfacet
 facet normal  0.000000e+00  0.000000e+00  1.000000e+00
   outer loop
     vertex  1.234925e+01 -8.514456e+00  4.000000e+01
     vertex  7.559325e+00 -1.295595e+01  4.000000e+01
     vertex  1.019900e+01 -1.099911e+01  4.000000e+01
   endloop
 endfacet
 facet normal  0.000000e+00  0.000000e+00  1.000000e+00
   outer loop
     vertex  1.234925e+01 -8.514456e+00  4.000000e+01
     vertex  1.019900e+01 -1.099911e+01  4.000000e+01
     vertex  1.134237e+01 -9.815840e+00  4.000000e+01
   endloop
 endfacet
 facet normal  0.000000e+00  0.000000e+00  1.000000e+00
   outer loop
     vertex -8.429549e+00  1.240737e+01  4.000000e+01
     vertex -8.766760e+00  1.217144e+01  4.000000e+01
     vertex -9.097372e+00  1.192635e+01  4.000000e+01
   endloop
 endfacet
 facet normal  0.000000e+00  0.000000e+00  1.000000e+00
   outer loop
     vertex -8.429549e+00  1.240737e+01  4.000000e+01
     vertex -9.097372e+00  1.192635e+01  4.000000e+01
     vertex -9.421136e+00  1.167228e+01  4.000000e+01
   endloop
 endfacet
 facet normal  0.000000e+00  0.000000e+00  1.000000e+00
   outer loop
     vertex  1.300750e+01 -7.470278e+00  4.000000e+01
     vertex  1.257819e+01 -8.172462e+00  4.000000e+01
     vertex  1.279766e+01 -7.824315e+00  4.000000e+01
   endloop
 endfacet
 facet normal  0.000000e+00  0.000000e+00  1.000000e+00
   outer loop
     vertex -7.380880e+00  1.305843e+01  4.000000e+01
     vertex -9.421136e+00  1.167228e+01  4.000000e+01
     vertex -1.246489e+01  8.344244e+00  4.000000e+01
   endloop
 endfacet
 facet normal  0.000000e+00  0.000000e+00  1.000000e+00
   outer loop
     vertex -7.380880e+00  1.305843e+01  4.000000e+01
     vertex -1.246489e+01  8.344244e+00  4.000000e+01
     vertex -1.348892e+01  6.561178e+00  4.000000e+01
   endloop
 endfacet
 facet normal  0.000000e+00  0.000000e+00  1.000000e+00
   outer loop
     vertex -7.380880e+00  1.305843e+01  4.000000e+01
     vertex -7.736348e+00  1.285103e+01  4.000000e+01
     vertex -8.085992e+00  1.263395e+01  4.000000e+01
   endloop
 endfacet
 facet normal  0.000000e+00  0.000000e+00  1.000000e+00
   outer loop
     vertex -7.380880e+00  1.305843e+01  4.000000e+01
     vertex -8.085992e+00  1.263395e+01  4.000000e+01
     vertex -8.429549e+00  1.240737e+01  4.000000e+01
   endloop
 endfacet
 facet normal  0.000000e+00  0.000000e+00  1.000000e+00
   outer loop
     vertex -7.380880e+00  1.305843e+01  4.000000e+01
     vertex -8.429549e+00  1.240737e+01  4.000000e+01
     vertex -9.421136e+00  1.167228e+01  4.000000e+01
   endloop
 endfacet
 facet normal  0.000000e+00  0.000000e+00  1.000000e+00
   outer loop
     vertex  1.320754e+01 -7.110619e+00  4.000000e+01
     vertex -1.382848e+01 -5.811469e+00  4.000000e+01
     vertex  7.559325e+00 -1.295595e+01  4.000000e+01
   endloop
 endfacet
 facet normal  0.000000e+00  0.000000e+00  1.000000e+00
   outer loop
     vertex  1.320754e+01 -7.110619e+00  4.000000e+01
     vertex  1.234925e+01 -8.514456e+00  4.000000e+01
     vertex  1.257819e+01 -8.172462e+00  4.000000e+01
   endloop
 endfacet
 facet normal  0.000000e+00  0.000000e+00  1.000000e+00
   outer loop
     vertex  1.320754e+01 -7.110619e+00  4.000000e+01
     vertex  7.559325e+00 -1.295595e+01  4.000000e+01
     vertex  1.234925e+01 -8.514456e+00  4.000000e+01
   endloop
 endfacet
 facet normal  0.000000e+00  0.000000e+00  1.000000e+00
   outer loop
     vertex  1.320754e+01 -7.110619e+00  4.000000e+01
     vertex  1.257819e+01 -8.172462e+00  4.000000e+01
     vertex  1.300750e+01 -7.470278e+00  4.000000e+01
   endloop
 endfacet
 facet normal  0.000000e+00  0.000000e+00  1.000000e+00
   outer loop
     vertex  1.374745e+01 -6.000626e+00  4.000000e+01
     vertex  1.320754e+01 -7.110619e+00  4.000000e+01
     vertex  1.339764e+01 -6.745606e+00  4.000000e+01
   endloop
 endfacet
 facet normal  0.000000e+00  0.000000e+00  1.000000e+00
   outer loop
     vertex  1.374745e+01 -6.000626e+00  4.000000e+01
     vertex  1.339764e+01 -6.745606e+00  4.000000e+01
     vertex  1.357766e+01 -6.375515e+00  4.000000e+01
   endloop
 endfacet
 facet normal  0.000000e+00  0.000000e+00  1.000000e+00
   outer loop
     vertex -5.906186e+00  1.378829e+01  4.000000e+01
     vertex -6.282232e+00  1.362107e+01  4.000000e+01
     vertex -6.653549e+00  1.344360e+01  4.000000e+01
   endloop
 endfacet
 facet normal  0.000000e+00  0.000000e+00  1.000000e+00
   outer loop
     vertex -5.906186e+00  1.378829e+01  4.000000e+01
     vertex -6.653549e+00  1.344360e+01  4.000000e+01
     vertex -7.019857e+00  1.325600e+01  4.000000e+01
   endloop
 endfacet
 facet normal  0.000000e+00  0.000000e+00  1.000000e+00
   outer loop
     vertex -5.525695e+00  1.394513e+01  4.000000e+01
     vertex -5.906186e+00  1.378829e+01  4.000000e+01
     vertex -7.019857e+00  1.325600e+01  4.000000e+01
   endloop
 endfacet
 facet normal  0.000000e+00  0.000000e+00  1.000000e+00
   outer loop
     vertex -5.525695e+00  1.394513e+01  4.000000e+01
     vertex -7.019857e+00  1.325600e+01  4.000000e+01
     vertex -7.380880e+00  1.305843e+01  4.000000e+01
   endloop
 endfacet
 facet normal  0.000000e+00  0.000000e+00  1.000000e+00
   outer loop
     vertex  1.405588e+01 -5.237580e+00  4.000000e+01
     vertex  1.374745e+01 -6.000626e+00  4.000000e+01
     vertex  1.390690e+01 -5.621219e+00  4.000000e+01
   endloop
 endfacet
 facet normal  0.000000e+00  0.000000e+00  1.000000e+00
   outer loop
     vertex  1.432199e+01 -4.458768e+00  4.000000e+01
     vertex  1.405588e+01 -5.237580e+00  4.000000e+01
     vertex  1.419428e+01 -4.849999e+00  4.000000e+01
   endloop
 endfacet
 facet normal  0.000000e+00  0.000000e+00  1.000000e+00
   outer loop
     vertex  1.432199e+01 -4.458768e+00  4.000000e+01
     vertex  1.374745e+01 -6.000626e+00  4.000000e+01
     vertex  1.405588e+01 -5.237580e+00  4.000000e+01
   endloop
 endfacet
 facet normal  0.000000e+00  0.000000e+00  1.000000e+00
   outer loop
     vertex  1.432199e+01 -4.458768e+00  4.000000e+01
     vertex  1.320754e+01 -7.110619e+00  4.000000e+01
     vertex  1.374745e+01 -6.000626e+00  4.000000e+01
   endloop
 endfacet
 facet normal  0.000000e+00  0.000000e+00  1.000000e+00
   outer loop
     vertex -4.360424e+00  1.435224e+01  4.000000e+01
     vertex -5.525695e+00  1.394513e+01  4.000000e+01
     vertex -7.380880e+00  1.305843e+01  4.000000e+01
   endloop
 endfacet
 facet normal  0.000000e+00  0.000000e+00  1.000000e+00
   outer loop
     vertex -4.360424e+00  1.435224e+01  4.000000e+01
     vertex -4.752522e+00  1.422721e+01  4.000000e+01
     vertex -5.141043e+00  1.409148e+01  4.000000e+01
   endloop
 endfacet
 facet normal  0.000000e+00  0.000000e+00  1.000000e+00
   outer loop
     vertex -4.360424e+00  1.435224e+01  4.000000e+01
     vertex -5.141043e+00  1.409148e+01  4.000000e+01
     vertex -5.525695e+00  1.394513e+01  4.000000e+01
   endloop
 endfacet
 facet normal  0.000000e+00  0.000000e+00  1.000000e+00
   outer loop
     vertex  1.454498e+01 -3.666531e+00  4.000000e+01
     vertex  1.432199e+01 -4.458768e+00  4.000000e+01
     vertex  1.443892e+01 -4.064179e+00  4.000000e+01
   endloop
 endfacet
 facet normal  0.000000e+00  0.000000e+00  1.000000e+00
   outer loop
     vertex  1.464010e+01 -3.266124e+00  4.000000e+01
     vertex  1.432199e+01 -4.458768e+00  4.000000e+01
     vertex  1.454498e+01 -3.666531e+00  4.000000e+01
   endloop
 endfacet
 facet normal  0.000000e+00  0.000000e+00  1.000000e+00
   outer loop
     vertex -3.165626e+00  1.466216e+01  4.000000e+01
     vertex -3.566676e+00  1.456979e+01  4.000000e+01
     vertex -3.965042e+00  1.446646e+01  4.000000e+01
   endloop
 endfacet
 facet normal  0.000000e+00  0.000000e+00  1.000000e+00
   outer loop
     vertex -2.356679e+00  1.481371e+01  4.000000e+01
     vertex -2.762192e+00  1.474348e+01  4.000000e+01
     vertex -3.165626e+00  1.466216e+01  4.000000e+01
   endloop
 endfacet
 facet normal  0.000000e+00  0.000000e+00  1.000000e+00
   outer loop
     vertex  1.485907e+01 -2.051363e+00  4.000000e+01
     vertex  1.464010e+01 -3.266124e+00  4.000000e+01
     vertex  1.472419e+01 -2.863257e+00  4.000000e+01
   endloop
 endfacet
 facet normal  0.000000e+00  0.000000e+00  1.000000e+00
   outer loop
     vertex  1.485907e+01 -2.051363e+00  4.000000e+01
     vertex  1.472419e+01 -2.863257e+00  4.000000e+01
     vertex  1.479720e+01 -2.458235e+00  4.000000e+01
   endloop
 endfacet
 facet normal  0.000000e+00  0.000000e+00  1.000000e+00
   outer loop
     vertex  1.485907e+01 -2.051363e+00  4.000000e+01
     vertex  1.320754e+01 -7.110619e+00  4.000000e+01
     vertex  1.432199e+01 -4.458768e+00  4.000000e+01
   endloop
 endfacet
 facet normal  0.000000e+00  0.000000e+00  1.000000e+00
   outer loop
     vertex  1.485907e+01 -2.051363e+00  4.000000e+01
     vertex  1.432199e+01 -4.458768e+00  4.000000e+01
     vertex  1.464010e+01 -3.266124e+00  4.000000e+01
   endloop
 endfacet
 facet normal  0.000000e+00  0.000000e+00  1.000000e+00
   outer loop
     vertex  1.485907e+01 -2.051363e+00  4.000000e+01
     vertex -1.382848e+01 -5.811469e+00  4.000000e+01
     vertex  1.320754e+01 -7.110619e+00  4.000000e+01
   endloop
 endfacet
 facet normal  0.000000e+00  0.000000e+00  1.000000e+00
   outer loop
     vertex -1.949392e+00  1.487279e+01  4.000000e+01
     vertex -2.356679e+00  1.481371e+01  4.000000e+01
     vertex -3.165626e+00  1.466216e+01  4.000000e+01
   endloop
 endfacet
 facet normal  0.000000e+00  0.000000e+00  1.000000e+00
   outer loop
     vertex  1.494921e+01 -1.233293e+00  4.000000e+01
     vertex  1.485907e+01 -2.051363e+00  4.000000e+01
     vertex  1.490975e+01 -1.642947e+00  4.000000e+01
   endloop
 endfacet
 facet normal  0.000000e+00  0.000000e+00  1.000000e+00
   outer loop
     vertex  1.497742e+01 -8.227117e-01  4.000000e+01
     vertex  1.485907e+01 -2.051363e+00  4.000000e+01
     vertex  1.494921e+01 -1.233293e+00  4.000000e+01
   endloop
 endfacet
 facet normal  0.000000e+00  0.000000e+00  1.000000e+00
   outer loop
     vertex -7.199574e-01  1.498271e+01  4.000000e+01
     vertex -3.165626e+00  1.466216e+01  4.000000e+01
     vertex -3.965042e+00  1.446646e+01  4.000000e+01
   endloop
 endfacet
 facet normal  0.000000e+00  0.000000e+00  1.000000e+00
   outer loop
     vertex -7.199574e-01  1.498271e+01  4.000000e+01
     vertex -1.949392e+00  1.487279e+01  4.000000e+01
     vertex -3.165626e+00  1.466216e+01  4.000000e+01
   endloop
 endfacet
 facet normal  0.000000e+00  0.000000e+00  1.000000e+00
   outer loop
     vertex -7.199574e-01  1.498271e+01  4.000000e+01
     vertex -1.130723e+00  1.495732e+01  4.000000e+01
     vertex -1.540637e+00  1.492067e+01  4.000000e+01
   endloop
 endfacet
 facet normal  0.000000e+00  0.000000e+00  1.000000e+00
   outer loop
     vertex -7.199574e-01  1.498271e+01  4.000000e+01
     vertex -1.540637e+00  1.492067e+01  4.000000e+01
     vertex -1.949392e+00  1.487279e+01  4.000000e+01
   endloop
 endfacet
 facet normal  0.000000e+00  0.000000e+00  1.000000e+00
   outer loop
     vertex -7.199574e-01  1.498271e+01  4.000000e+01
     vertex -3.965042e+00  1.446646e+01  4.000000e+01
     vertex -4.360424e+00  1.435224e+01  4.000000e+01
   endloop
 endfacet
 facet normal  0.000000e+00  0.000000e+00  1.000000e+00
   outer loop
     vertex  1.499435e+01 -4.115107e-01  4.000000e+01
     vertex  1.485907e+01 -2.051363e+00  4.000000e+01
     vertex  1.497742e+01 -8.227117e-01  4.000000e+01
   endloop
 endfacet
 facet normal  0.000000e+00  0.000000e+00  1.000000e+00
   outer loop
     vertex  1.499435e+01 -4.115107e-01  4.000000e+01
     vertex -1.382848e+01 -5.811469e+00  4.000000e+01
     vertex  1.485907e+01 -2.051363e+00  4.000000e+01
   endloop
 endfacet
 facet normal  0.000000e+00  0.000000e+00  1.000000e+00
   outer loop
     vertex  1.028898e-01  1.499965e+01  4.000000e+01
     vertex -3.086500e-01  1.499682e+01  4.000000e+01
     vertex -7.199574e-01  1.498271e+01  4.000000e+01
   endloop
 endfacet
 facet normal  0.000000e+00  0.000000e+00  1.000000e+00
   outer loop
     vertex  5.143521e-01  1.499118e+01  4.000000e+01
     vertex -7.199574e-01  1.498271e+01  4.000000e+01
     vertex -4.360424e+00  1.435224e+01  4.000000e+01
   endloop
 endfacet
 facet normal  0.000000e+00  0.000000e+00  1.000000e+00
   outer loop
     vertex  5.143521e-01  1.499118e+01  4.000000e+01
     vertex  1.028898e-01  1.499965e+01  4.000000e+01
     vertex -7.199574e-01  1.498271e+01  4.000000e+01
   endloop
 endfacet
 facet normal  0.000000e+00  0.000000e+00  1.000000e+00
   outer loop
     vertex  1.494921e+01  1.233293e+00  4.000000e+01
     vertex  1.500000e+01  0.000000e+00  4.000000e+01
     vertex  1.499435e+01  4.115107e-01  4.000000e+01
   endloop
 endfacet
 facet normal  0.000000e+00  0.000000e+00  1.000000e+00
   outer loop
     vertex  1.494921e+01  1.233293e+00  4.000000e+01
     vertex  1.499435e+01  4.115107e-01  4.000000e+01
     vertex  1.497742e+01  8.227117e-01  4.000000e+01
   endloop
 endfacet
 facet normal  0.000000e+00  0.000000e+00  1.000000e+00
   outer loop
     vertex  1.490975e+01  1.642947e+00  4.000000e+01
     vertex  1.499435e+01 -4.115107e-01  4.000000e+01
     vertex  1.500000e+01  0.000000e+00  4.000000e+01
   endloop
 endfacet
 facet normal  0.000000e+00  0.000000e+00  1.000000e+00
   outer loop
     vertex  1.490975e+01  1.642947e+00  4.000000e+01
     vertex -1.382848e+01 -5.811469e+00  4.000000e+01
     vertex  1.499435e+01 -4.115107e-01  4.000000e+01
   endloop
 endfacet
 facet normal  0.000000e+00  0.000000e+00  1.000000e+00
   outer loop
     vertex  1.490975e+01  1.642947e+00  4.000000e+01
     vertex  1.500000e+01  0.000000e+00  4.000000e+01
     vertex  1.494921e+01  1.233293e+00  4.000000e+01
   endloop
 endfacet
 facet normal  0.000000e+00  0.000000e+00  1.000000e+00
   outer loop
     vertex  2.153238e+00  1.484465e+01  4.000000e+01
     vertex  1.745179e+00  1.489813e+01  4.000000e+01
     vertex  1.335806e+00  1.494040e+01  4.000000e+01
   endloop
 endfacet
 facet normal  0.000000e+00  0.000000e+00  1.000000e+00
   outer loop
     vertex  1.479720e+01  2.458235e+00  4.000000e+01
     vertex  1.490975e+01  1.642947e+00  4.000000e+01
     vertex  1.485907e+01  2.051363e+00  4.000000e+01
   endloop
 endfacet
 facet normal  0.000000e+00  0.000000e+00  1.000000e+00
   outer loop
     vertex  1.479720e+01  2.458235e+00  4.000000e+01
     vertex -1.382848e+01 -5.811469e+00  4.000000e+01
     vertex  1.490975e+01  1.642947e+00  4.000000e+01
   endloop
 endfacet
 facet normal  0.000000e+00  0.000000e+00  1.000000e+00
   outer loop
     vertex  2.559676e+00  1.477999e+01  4.000000e+01
     vertex  5.143521e-01  1.499118e+01  4.000000e+01
     vertex -4.360424e+00  1.435224e+01  4.000000e+01
   endloop
 endfacet
 facet normal  0.000000e+00  0.000000e+00  1.000000e+00
   outer loop
     vertex  2.559676e+00  1.477999e+01  4.000000e+01
     vertex  1.335806e+00  1.494040e+01  4.000000e+01
     vertex  9.254272e-01  1.497143e+01  4.000000e+01
   endloop
 endfacet
 facet normal  0.000000e+00  0.000000e+00  1.000000e+00
   outer loop
     vertex  2.559676e+00  1.477999e+01  4.000000e+01
     vertex  9.254272e-01  1.497143e+01  4.000000e+01
     vertex  5.143521e-01  1.499118e+01  4.000000e+01
   endloop
 endfacet
 facet normal  0.000000e+00  0.000000e+00  1.000000e+00
   outer loop
     vertex  2.559676e+00  1.477999e+01  4.000000e+01
     vertex  2.153238e+00  1.484465e+01  4.000000e+01
     vertex  1.335806e+00  1.494040e+01  4.000000e+01
   endloop
 endfacet
 facet normal  0.000000e+00  0.000000e+00  1.000000e+00
   outer loop
     vertex  1.464010e+01  3.266124e+00  4.000000e+01
     vertex  1.479720e+01  2.458235e+00  4.000000e+01
     vertex  1.472419e+01  2.863257e+00  4.000000e+01
   endloop
 endfacet
 facet normal  0.000000e+00  0.000000e+00  1.000000e+00
   outer loop
     vertex  1.454498e+01  3.666531e+00  4.000000e+01
     vertex  1.479720e+01  2.458235e+00  4.000000e+01
     vertex  1.464010e+01  3.266124e+00  4.000000e+01
   endloop
 endfacet
 facet normal  0.000000e+00  0.000000e+00  1.000000e+00
   outer loop
     vertex  1.443892e+01  4.064179e+00  4.000000e+01
     vertex  1.479720e+01  2.458235e+00  4.000000e+01
     vertex  1.454498e+01  3.666531e+00  4.000000e+01
   endloop
 endfacet
 facet normal  0.000000e+00  0.000000e+00  1.000000e+00
   outer loop
     vertex  4.163125e+00  1.441070e+01  4.000000e+01
     vertex  3.766214e+00  1.451949e+01  4.000000e+01
     vertex  3.366468e+00  1.461735e+01  4.000000e+01
   endloop
 endfacet
 facet normal  0.000000e+00  0.000000e+00  1.000000e+00
   outer loop
     vertex  4.163125e+00  1.441070e+01  4.000000e+01
     vertex  3.366468e+00  1.461735e+01  4.000000e+01
     vertex  2.964188e+00  1.470420e+01  4.000000e+01
   endloop
 endfacet
 facet normal  0.000000e+00  0.000000e+00  1.000000e+00
   outer loop
     vertex  4.163125e+00  1.441070e+01  4.000000e+01
     vertex  2.964188e+00  1.470420e+01  4.000000e+01
     vertex  2.559676e+00  1.477999e+01  4.000000e+01
   endloop
 endfacet
 facet normal  0.000000e+00  0.000000e+00  1.000000e+00
   outer loop
     vertex  1.419428e+01  4.849999e+00  4.000000e+01
     vertex  1.479720e+01  2.458235e+00  4.000000e+01
     vertex  1.443892e+01  4.064179e+00  4.000000e+01
   endloop
 endfacet
 facet normal  0.000000e+00  0.000000e+00  1.000000e+00
   outer loop
     vertex  1.419428e+01  4.849999e+00  4.000000e+01
     vertex  1.443892e+01  4.064179e+00  4.000000e+01
     vertex  1.432199e+01  4.458768e+00  4.000000e+01
   endloop
 endfacet
 facet normal  0.000000e+00  0.000000e+00  1.000000e+00
   outer loop
     vertex  1.419428e+01  4.849999e+00  4.000000e+01
     vertex -1.482953e+01  2.255011e+00  4.000000e+01
     vertex -1.382848e+01 -5.811469e+00  4.000000e+01
   endloop
 endfacet
 facet normal  0.000000e+00  0.000000e+00  1.000000e+00
   outer loop
     vertex  1.419428e+01  4.849999e+00  4.000000e+01
     vertex -1.382848e+01 -5.811469e+00  4.000000e+01
     vertex  1.479720e+01  2.458235e+00  4.000000e+01
   endloop
 endfacet
 facet normal  0.000000e+00  0.000000e+00  1.000000e+00
   outer loop
     vertex  4.947248e+00  1.416068e+01  4.000000e+01
     vertex  4.556902e+00  1.429107e+01  4.000000e+01
     vertex  4.163125e+00  1.441070e+01  4.000000e+01
   endloop
 endfacet
 facet normal  0.000000e+00  0.000000e+00  1.000000e+00
   outer loop
     vertex  5.333871e+00  1.401962e+01  4.000000e+01
     vertex  4.163125e+00  1.441070e+01  4.000000e+01
     vertex  2.559676e+00  1.477999e+01  4.000000e+01
   endloop
 endfacet
 facet normal  0.000000e+00  0.000000e+00  1.000000e+00
   outer loop
     vertex  5.333871e+00  1.401962e+01  4.000000e+01
     vertex  4.947248e+00  1.416068e+01  4.000000e+01
     vertex  4.163125e+00  1.441070e+01  4.000000e+01
   endloop
 endfacet
 facet normal  0.000000e+00  0.000000e+00  1.000000e+00
   outer loop
     vertex  5.333871e+00  1.401962e+01  4.000000e+01
     vertex  2.559676e+00  1.477999e+01  4.000000e+01
     vertex -4.360424e+00  1.435224e+01  4.000000e+01
   endloop
 endfacet
 facet normal  0.000000e+00  0.000000e+00  1.000000e+00
   outer loop
     vertex  1.390690e+01  5.621219e+00  4.000000e+01
     vertex  1.419428e+01  4.849999e+00  4.000000e+01
     vertex  1.405588e+01  5.237580e+00  4.000000e+01
   endloop
 endfacet
 facet normal  0.000000e+00  0.000000e+00  1.000000e+00
   outer loop
     vertex  1.374745e+01  6.000626e+00  4.000000e+01
     vertex  1.419428e+01  4.849999e+00  4.000000e+01
     vertex  1.390690e+01  5.621219e+00  4.000000e+01
   endloop
 endfacet
 facet normal  0.000000e+00  0.000000e+00  1.000000e+00
   outer loop
     vertex  6.094783e+00  1.370597e+01  4.000000e+01
     vertex  5.716478e+00  1.386802e+01  4.000000e+01
     vertex  5.333871e+00  1.401962e+01  4.000000e+01
   endloop
 endfacet
 facet normal  0.000000e+00  0.000000e+00  1.000000e+00
   outer loop
     vertex  1.357766e+01  6.375515e+00  4.000000e+01
     vertex  1.419428e+01  4.849999e+00  4.000000e+01
     vertex  1.374745e+01  6.000626e+00  4.000000e+01
   endloop
 endfacet
 facet normal  0.000000e+00  0.000000e+00  1.000000e+00
   outer loop
     vertex  6.468499e+00  1.353361e+01  4.000000e+01
     vertex  6.094783e+00  1.370597e+01  4.000000e+01
     vertex  5.333871e+00  1.401962e+01  4.000000e+01
   endloop
 endfacet
 facet normal  0.000000e+00  0.000000e+00  1.000000e+00
   outer loop
     vertex  6.468499e+00  1.353361e+01  4.000000e+01
     vertex  5.333871e+00  1.401962e+01  4.000000e+01
     vertex -4.360424e+00  1.435224e+01  4.000000e+01
   endloop
 endfacet
 facet normal  0.000000e+00  0.000000e+00  1.000000e+00
   outer loop
     vertex  1.339764e+01  6.745606e+00  4.000000e+01
     vertex  1.419428e+01  4.849999e+00  4.000000e+01
     vertex  1.357766e+01  6.375515e+00  4.000000e+01
   endloop
 endfacet
 facet normal  0.000000e+00  0.000000e+00  1.000000e+00
   outer loop
     vertex  6.837346e+00  1.335106e+01  4.000000e+01
     vertex -4.360424e+00  1.435224e+01  4.000000e+01
     vertex -7.380880e+00  1.305843e+01  4.000000e+01
   endloop
 endfacet
 facet normal  0.000000e+00  0.000000e+00  1.000000e+00
   outer loop
     vertex  6.837346e+00  1.335106e+01  4.000000e+01
     vertex  6.468499e+00  1.353361e+01  4.000000e+01
     vertex -4.360424e+00  1.435224e+01  4.000000e+01
   endloop
 endfacet
 facet normal  0.000000e+00  0.000000e+00  1.000000e+00
   outer loop
     vertex  6.837346e+00  1.335106e+01  4.000000e+01
     vertex -7.380880e+00  1.305843e+01  4.000000e+01
     vertex -1.348892e+01  6.561178e+00  4.000000e+01
   endloop
 endfacet
 facet normal  0.000000e+00  0.000000e+00  1.000000e+00
   outer loop
     vertex  1.320754e+01  7.110619e+00  4.000000e+01
     vertex -1.348892e+01  6.561178e+00  4.000000e+01
     vertex -1.482953e+01  2.255011e+00  4.000000e+01
   endloop
 endfacet
 facet normal  0.000000e+00  0.000000e+00  1.000000e+00
   outer loop
     vertex  1.320754e+01  7.110619e+00  4.000000e+01
     vertex  1.419428e+01  4.849999e+00  4.000000e+01
     vertex  1.339764e+01  6.745606e+00  4.000000e+01
   endloop
 endfacet
 facet normal  0.000000e+00  0.000000e+00  1.000000e+00
   outer loop
     vertex  1.320754e+01  7.110619e+00  4.000000e+01
     vertex -1.482953e+01  2.255011e+00  4.000000e+01
     vertex  1.419428e+01  4.849999e+00  4.000000e+01
   endloop
 endfacet
 facet normal  0.000000e+00  0.000000e+00  1.000000e+00
   outer loop
     vertex  1.300750e+01  7.470278e+00  4.000000e+01
     vertex -1.348892e+01  6.561178e+00  4.000000e+01
     vertex  1.320754e+01  7.110619e+00  4.000000e+01
   endloop
 endfacet
 facet normal  0.000000e+00  0.000000e+00  1.000000e+00
   outer loop
     vertex  7.911914e+00  1.274369e+01  4.000000e+01
     vertex  7.559325e+00  1.295595e+01  4.000000e+01
     vertex  7.201046e+00  1.315845e+01  4.000000e+01
   endloop
 endfacet
 facet normal  0.000000e+00  0.000000e+00  1.000000e+00
   outer loop
     vertex  7.911914e+00  1.274369e+01  4.000000e+01
     vertex  7.201046e+00  1.315845e+01  4.000000e+01
     vertex  6.837346e+00  1.335106e+01  4.000000e+01
   endloop
 endfacet
 facet normal  0.000000e+00  0.000000e+00  1.000000e+00
   outer loop
     vertex  1.257819e+01  8.172462e+00  4.000000e+01
     vertex  1.300750e+01  7.470278e+00  4.000000e+01
     vertex  1.279766e+01  7.824315e+00  4.000000e+01
   endloop
 endfacet
 facet normal  0.000000e+00  0.000000e+00  1.000000e+00
   outer loop
     vertex  8.258547e+00  1.252184e+01  4.000000e+01
     vertex  7.911914e+00  1.274369e+01  4.000000e+01
     vertex  6.837346e+00  1.335106e+01  4.000000e+01
   endloop
 endfacet
 facet normal  0.000000e+00  0.000000e+00  1.000000e+00
   outer loop
     vertex  1.211102e+01  8.850042e+00  4.000000e+01
     vertex  1.257819e+01  8.172462e+00  4.000000e+01
     vertex  1.234925e+01  8.514456e+00  4.000000e+01
   endloop
 endfacet
 facet normal  0.000000e+00  0.000000e+00  1.000000e+00
   outer loop
     vertex  1.211102e+01  8.850042e+00  4.000000e+01
     vertex -1.348892e+01  6.561178e+00  4.000000e+01
     vertex  1.300750e+01  7.470278e+00  4.000000e+01
   endloop
 endfacet
 facet normal  0.000000e+00  0.000000e+00  1.000000e+00
   outer loop
     vertex  1.211102e+01  8.850042e+00  4.000000e+01
     vertex  1.300750e+01  7.470278e+00  4.000000e+01
     vertex  1.257819e+01  8.172462e+00  4.000000e+01
   endloop
 endfacet
 facet normal  0.000000e+00  0.000000e+00  1.000000e+00
   outer loop
     vertex  9.260126e+00  1.180043e+01  4.000000e+01
     vertex  8.932907e+00  1.205003e+01  4.000000e+01
     vertex  8.598964e+00  1.229056e+01  4.000000e+01
   endloop
 endfacet
 facet normal  0.000000e+00  0.000000e+00  1.000000e+00
   outer loop
     vertex  9.260126e+00  1.180043e+01  4.000000e+01
     vertex  8.598964e+00  1.229056e+01  4.000000e+01
     vertex  8.258547e+00  1.252184e+01  4.000000e+01
   endloop
 endfacet
 facet normal  0.000000e+00  0.000000e+00  1.000000e+00
   outer loop
     vertex  9.260126e+00  1.180043e+01  4.000000e+01
     vertex  8.258547e+00  1.252184e+01  4.000000e+01
     vertex  6.837346e+00  1.335106e+01  4.000000e+01
   endloop
 endfacet
 facet normal  0.000000e+00  0.000000e+00  1.000000e+00
   outer loop
     vertex  1.160739e+01  9.500978e+00  4.000000e+01
     vertex  1.211102e+01  8.850042e+00  4.000000e+01
     vertex  1.186367e+01  9.178965e+00  4.000000e+01
   endloop
 endfacet
 facet normal  0.000000e+00  0.000000e+00  1.000000e+00
   outer loop
     vertex  1.134237e+01  9.815840e+00  4.000000e+01
     vertex  1.211102e+01  8.850042e+00  4.000000e+01
     vertex  1.160739e+01  9.500978e+00  4.000000e+01
   endloop
 endfacet
 facet normal  0.000000e+00  0.000000e+00  1.000000e+00
   outer loop
     vertex  1.106881e+01  1.012331e+01  4.000000e+01
     vertex  1.211102e+01  8.850042e+00  4.000000e+01
     vertex  1.134237e+01  9.815840e+00  4.000000e+01
   endloop
 endfacet
 facet normal  0.000000e+00  0.000000e+00  1.000000e+00
   outer loop
     vertex  1.019900e+01  1.099911e+01  4.000000e+01
     vertex  6.837346e+00  1.335106e+01  4.000000e+01
     vertex -1.348892e+01  6.561178e+00  4.000000e+01
   endloop
 endfacet
 facet normal  0.000000e+00  0.000000e+00  1.000000e+00
   outer loop
     vertex  1.019900e+01  1.099911e+01  4.000000e+01
     vertex  9.893410e+00  1.127477e+01  4.000000e+01
     vertex  9.580374e+00  1.154194e+01  4.000000e+01
   endloop
 endfacet
 facet normal  0.000000e+00  0.000000e+00  1.000000e+00
   outer loop
     vertex  1.019900e+01  1.099911e+01  4.000000e+01
     vertex  9.580374e+00  1.154194e+01  4.000000e+01
     vertex  9.260126e+00  1.180043e+01  4.000000e+01
   endloop
 endfacet
 facet normal  0.000000e+00  0.000000e+00  1.000000e+00
   outer loop
     vertex  1.019900e+01  1.099911e+01  4.000000e+01
     vertex  9.260126e+00  1.180043e+01  4.000000e+01
     vertex  6.837346e+00  1.335106e+01  4.000000e+01
   endloop
 endfacet
 facet normal  0.000000e+00  0.000000e+00  1.000000e+00
   outer loop
     vertex  1.019900e+01  1.099911e+01  4.000000e+01
     vertex -1.348892e+01  6.561178e+00  4.000000e+01
     vertex  1.211102e+01  8.850042e+00  4.000000e+01
   endloop
 endfacet
 facet normal  0.000000e+00  0.000000e+00  1.000000e+00
   outer loop
     vertex  1.078692e+01  1.042316e+01  4.000000e+01
     vertex  1.211102e+01  8.850042e+00  4.000000e+01
     vertex  1.106881e+01  1.012331e+01  4.000000e+01
   endloop
 endfacet
 facet normal  0.000000e+00  0.000000e+00  1.000000e+00
   outer loop
     vertex  1.049691e+01  1.071517e+01  4.000000e+01
     vertex  1.019900e+01  1.099911e+01  4.000000e+01
     vertex  1.211102e+01  8.850042e+00  4.000000e+01
   endloop
 endfacet
 facet normal  0.000000e+00  0.000000e+00  1.000000e+00
   outer loop
     vertex  1.049691e+01  1.071517e+01  4.000000e+01
     vertex  1.211102e+01  8.850042e+00  4.000000e+01
     vertex  1.078692e+01  1.042316e+01  4.000000e+01
   endloop
 endfacet
endsolid
