solid 
 facet normal  9.999067e-01  1.365867e-02  3.707877e-18
   outer loop
     vertex  1.499440e+01  4.097220e-01  2.200000e+01
     vertex  1.500000e+01  0.000000e+00  4.000000e+01
     vertex  1.500000e+01  4.884981e-15  2.200000e+01
   endloop
 endfacet
 facet normal  9.999059e-01  1.371831e-02  1.357825e-06
   outer loop
     vertex  1.499440e+01  4.097220e-01  2.200000e+01
     vertex  1.499435e+01  4.115107e-01  4.000000e+01
     vertex  1.500000e+01  0.000000e+00  4.000000e+01
   endloop
 endfacet
 facet normal  9.999067e-01  1.365867e-02 -3.029278e-18
   outer loop
     vertex  1.499440e+01  4.097220e-01  1.800000e+01
     vertex  1.500000e+01  3.996803e-15  1.800000e+01
     vertex  1.500000e+01  0.000000e+00  0.000000e+00
   endloop
 endfacet
 facet normal  9.991532e-01  4.114462e-02  2.703792e-06
   outer loop
     vertex  1.497762e+01  8.191382e-01  2.200000e+01
     vertex  1.497742e+01  8.227117e-01  4.000000e+01
     vertex  1.499435e+01  4.115107e-01  4.000000e+01
   endloop
 endfacet
 facet normal  9.991605e-01  4.096583e-02 -1.351896e-06
   outer loop
     vertex  1.497762e+01  8.191382e-01  2.200000e+01
     vertex  1.499435e+01  4.115107e-01  4.000000e+01
     vertex  1.499440e+01  4.097220e-01  2.200000e+01
   endloop
 endfacet
 facet normal  9.999059e-01  1.371831e-02 -1.357825e-06
   outer loop
     vertex  1.499435e+01  4.115107e-01  0.000000e+00
     vertex  1.499440e+01  4.097220e-01  1.800000e+01
     vertex  1.500000e+01  0.000000e+00  0.000000e+00
   endloop
 endfacet
 facet normal  9.991605e-01  4.096583e-02  1.351896e-06
   outer loop
     vertex  1.497762e+01  8.191382e-01  1.800000e+01
     vertex  1.499440e+01  4.097220e-01  1.800000e+01
     vertex  1.499435e+01  4.115107e-01  0.000000e+00
   endloop
 endfacet
 facet normal  9.976484e-01  6.853995e-02  4.037901e-06
   outer loop
     vertex  1.494965e+01  1.227943e+00  2.200000e+01
     vertex  1.494921e+01  1.233293e+00  4.000000e+01
     vertex  1.497742e+01  8.227117e-01  4.000000e+01
   endloop
 endfacet
 facet normal  9.976688e-01  6.824241e-02 -2.691934e-06
   outer loop
     vertex  1.494965e+01  1.227943e+00  2.200000e+01
     vertex  1.497742e+01  8.227117e-01  4.000000e+01
     vertex  1.497762e+01  8.191382e-01  2.200000e+01
   endloop
 endfacet
 facet normal  9.991532e-01  4.114462e-02 -2.703792e-06
   outer loop
     vertex  1.497742e+01  8.227117e-01  0.000000e+00
     vertex  1.497762e+01  8.191382e-01  1.800000e+01
     vertex  1.499435e+01  4.115107e-01  0.000000e+00
   endloop
 endfacet
 facet normal  9.976688e-01  6.824241e-02  2.691934e-06
   outer loop
     vertex  1.494965e+01  1.227943e+00  1.800000e+01
     vertex  1.497762e+01  8.191382e-01  1.800000e+01
     vertex  1.497742e+01  8.227117e-01  0.000000e+00
   endloop
 endfacet
 facet normal  9.954325e-01  9.546807e-02 -4.020114e-06
   outer loop
     vertex  1.491054e+01  1.635832e+00  2.200000e+01
     vertex  1.494921e+01  1.233293e+00  4.000000e+01
     vertex  1.494965e+01  1.227943e+00  2.200000e+01
   endloop
 endfacet
 facet normal  9.953925e-01  9.588368e-02  5.360152e-06
   outer loop
     vertex  1.491054e+01  1.635832e+00  2.200000e+01
     vertex  1.490975e+01  1.642947e+00  4.000000e+01
     vertex  1.494921e+01  1.233293e+00  4.000000e+01
   endloop
 endfacet
 facet normal  9.976484e-01  6.853995e-02 -4.037901e-06
   outer loop
     vertex  1.494921e+01  1.233293e+00  0.000000e+00
     vertex  1.494965e+01  1.227943e+00  1.800000e+01
     vertex  1.497742e+01  8.227117e-01  0.000000e+00
   endloop
 endfacet
 facet normal  9.954325e-01  9.546807e-02  4.020114e-06
   outer loop
     vertex  1.491054e+01  1.635832e+00  1.800000e+01
     vertex  1.494965e+01  1.227943e+00  1.800000e+01
     vertex  1.494921e+01  1.233293e+00  0.000000e+00
   endloop
 endfacet
 facet normal  9.924534e-01  1.226225e-01 -5.336436e-06
   outer loop
     vertex  1.486029e+01  2.042500e+00  2.200000e+01
     vertex  1.490975e+01  1.642947e+00  4.000000e+01
     vertex  1.491054e+01  1.635832e+00  2.200000e+01
   endloop
 endfacet
 facet normal  9.923874e-01  1.231552e-01  6.670545e-06
   outer loop
     vertex  1.486029e+01  2.042500e+00  2.200000e+01
     vertex  1.485907e+01  2.051363e+00  4.000000e+01
     vertex  1.490975e+01  1.642947e+00  4.000000e+01
   endloop
 endfacet
 facet normal  9.953925e-01  9.588368e-02 -5.360152e-06
   outer loop
     vertex  1.490975e+01  1.642947e+00  0.000000e+00
     vertex  1.491054e+01  1.635832e+00  1.800000e+01
     vertex  1.494921e+01  1.233293e+00  0.000000e+00
   endloop
 endfacet
 facet normal  9.924534e-01  1.226225e-01  5.336436e-06
   outer loop
     vertex  1.486029e+01  2.042500e+00  1.800000e+01
     vertex  1.491054e+01  1.635832e+00  1.800000e+01
     vertex  1.490975e+01  1.642947e+00  0.000000e+00
   endloop
 endfacet
 facet normal  9.887337e-01  1.496854e-01 -6.640900e-06
   outer loop
     vertex  1.479895e+01  2.447643e+00  2.200000e+01
     vertex  1.485907e+01  2.051363e+00  4.000000e+01
     vertex  1.486029e+01  2.042500e+00  2.200000e+01
   endloop
 endfacet
 facet normal  9.886353e-01  1.503341e-01  7.969080e-06
   outer loop
     vertex  1.479895e+01  2.447643e+00  2.200000e+01
     vertex  1.479720e+01  2.458235e+00  4.000000e+01
     vertex  1.485907e+01  2.051363e+00  4.000000e+01
   endloop
 endfacet
 facet normal  9.923874e-01  1.231552e-01 -6.670545e-06
   outer loop
     vertex  1.485907e+01  2.051363e+00  0.000000e+00
     vertex  1.486029e+01  2.042500e+00  1.800000e+01
     vertex  1.490975e+01  1.642947e+00  0.000000e+00
   endloop
 endfacet
 facet normal  9.887337e-01  1.496854e-01  6.640900e-06
   outer loop
     vertex  1.479895e+01  2.447643e+00  1.800000e+01
     vertex  1.486029e+01  2.042500e+00  1.800000e+01
     vertex  1.485907e+01  2.051363e+00  0.000000e+00
   endloop
 endfacet
 facet normal  9.842761e-01  1.766366e-01 -7.933506e-06
   outer loop
     vertex  1.472658e+01  2.850961e+00  2.200000e+01
     vertex  1.479720e+01  2.458235e+00  4.000000e+01
     vertex  1.479895e+01  2.447643e+00  2.200000e+01
   endloop
 endfacet
 facet normal  9.841389e-01  1.773998e-01  9.255757e-06
   outer loop
     vertex  1.472658e+01  2.850961e+00  2.200000e+01
     vertex  1.472419e+01  2.863257e+00  4.000000e+01
     vertex  1.479720e+01  2.458235e+00  4.000000e+01
   endloop
 endfacet
 facet normal  9.886353e-01  1.503341e-01 -7.969080e-06
   outer loop
     vertex  1.479720e+01  2.458235e+00  0.000000e+00
     vertex  1.479895e+01  2.447643e+00  1.800000e+01
     vertex  1.485907e+01  2.051363e+00  0.000000e+00
   endloop
 endfacet
 facet normal  9.842761e-01  1.766366e-01  7.933506e-06
   outer loop
     vertex  1.472658e+01  2.850961e+00  1.800000e+01
     vertex  1.479895e+01  2.447643e+00  1.800000e+01
     vertex  1.479720e+01  2.458235e+00  0.000000e+00
   endloop
 endfacet
 facet normal  9.790841e-01  2.034560e-01 -9.214254e-06
   outer loop
     vertex  1.464321e+01  3.252150e+00  2.200000e+01
     vertex  1.472419e+01  2.863257e+00  4.000000e+01
     vertex  1.472658e+01  2.850961e+00  2.200000e+01
   endloop
 endfacet
 facet normal  9.789017e-01  2.043319e-01  1.053058e-05
   outer loop
     vertex  1.464321e+01  3.252150e+00  2.200000e+01
     vertex  1.464010e+01  3.266124e+00  4.000000e+01
     vertex  1.472419e+01  2.863257e+00  4.000000e+01
   endloop
 endfacet
 facet normal  9.841389e-01  1.773998e-01 -9.255757e-06
   outer loop
     vertex  1.472419e+01  2.863257e+00  0.000000e+00
     vertex  1.472658e+01  2.850961e+00  1.800000e+01
     vertex  1.479720e+01  2.458235e+00  0.000000e+00
   endloop
 endfacet
 facet normal  9.790841e-01  2.034560e-01  9.214254e-06
   outer loop
     vertex  1.464321e+01  3.252150e+00  1.800000e+01
     vertex  1.472658e+01  2.850961e+00  1.800000e+01
     vertex  1.472419e+01  2.863257e+00  0.000000e+00
   endloop
 endfacet
 facet normal  9.731614e-01  2.301236e-01 -1.048314e-05
   outer loop
     vertex  1.454891e+01  3.650913e+00  2.200000e+01
     vertex  1.464010e+01  3.266124e+00  4.000000e+01
     vertex  1.464321e+01  3.252150e+00  2.200000e+01
   endloop
 endfacet
 facet normal  9.729276e-01  2.311102e-01  1.179354e-05
   outer loop
     vertex  1.454891e+01  3.650913e+00  2.200000e+01
     vertex  1.454498e+01  3.666531e+00  4.000000e+01
     vertex  1.464010e+01  3.266124e+00  4.000000e+01
   endloop
 endfacet
 facet normal  9.789017e-01  2.043319e-01 -1.053058e-05
   outer loop
     vertex  1.464010e+01  3.266124e+00  0.000000e+00
     vertex  1.464321e+01  3.252150e+00  1.800000e+01
     vertex  1.472419e+01  2.863257e+00  0.000000e+00
   endloop
 endfacet
 facet normal  9.731614e-01  2.301236e-01  1.048314e-05
   outer loop
     vertex  1.454891e+01  3.650913e+00  1.800000e+01
     vertex  1.464321e+01  3.252150e+00  1.800000e+01
     vertex  1.464010e+01  3.266124e+00  0.000000e+00
   endloop
 endfacet
 facet normal  9.665125e-01  2.566194e-01 -1.174017e-05
   outer loop
     vertex  1.444376e+01  4.046952e+00  2.200000e+01
     vertex  1.454498e+01  3.666531e+00  4.000000e+01
     vertex  1.454891e+01  3.650913e+00  2.200000e+01
   endloop
 endfacet
 facet normal  9.662211e-01  2.577146e-01  1.304464e-05
   outer loop
     vertex  1.444376e+01  4.046952e+00  2.200000e+01
     vertex  1.443892e+01  4.064179e+00  4.000000e+01
     vertex  1.454498e+01  3.666531e+00  4.000000e+01
   endloop
 endfacet
 facet normal  9.729276e-01  2.311102e-01 -1.179354e-05
   outer loop
     vertex  1.454498e+01  3.666531e+00  0.000000e+00
     vertex  1.454891e+01  3.650913e+00  1.800000e+01
     vertex  1.464010e+01  3.266124e+00  0.000000e+00
   endloop
 endfacet
 facet normal  9.665125e-01  2.566194e-01  1.174017e-05
   outer loop
     vertex  1.444376e+01  4.046952e+00  1.800000e+01
     vertex  1.454891e+01  3.650913e+00  1.800000e+01
     vertex  1.454498e+01  3.666531e+00  0.000000e+00
   endloop
 endfacet
 facet normal  9.591424e-01  2.829238e-01 -1.298535e-05
   outer loop
     vertex  1.432783e+01  4.439970e+00  2.200000e+01
     vertex  1.443892e+01  4.064179e+00  4.000000e+01
     vertex  1.444376e+01  4.046952e+00  2.200000e+01
   endloop
 endfacet
 facet normal  9.587873e-01  2.841250e-01  1.428388e-05
   outer loop
     vertex  1.432783e+01  4.439970e+00  2.200000e+01
     vertex  1.432199e+01  4.458768e+00  4.000000e+01
     vertex  1.443892e+01  4.064179e+00  4.000000e+01
   endloop
 endfacet
 facet normal  9.662211e-01  2.577146e-01 -1.304464e-05
   outer loop
     vertex  1.443892e+01  4.064179e+00  0.000000e+00
     vertex  1.444376e+01  4.046952e+00  1.800000e+01
     vertex  1.454498e+01  3.666531e+00  0.000000e+00
   endloop
 endfacet
 facet normal  9.591424e-01  2.829238e-01  1.298535e-05
   outer loop
     vertex  1.432783e+01  4.439970e+00  1.800000e+01
     vertex  1.444376e+01  4.046952e+00  1.800000e+01
     vertex  1.443892e+01  4.064179e+00  0.000000e+00
   endloop
 endfacet
 facet normal  9.506317e-01  3.103214e-01  1.551127e-05
   outer loop
     vertex  1.420121e+01  4.829675e+00  2.200000e+01
     vertex  1.419428e+01  4.849999e+00  4.000000e+01
     vertex  1.432199e+01  4.458768e+00  4.000000e+01
   endloop
 endfacet
 facet normal  9.510565e-01  3.090170e-01 -1.421866e-05
   outer loop
     vertex  1.420121e+01  4.829675e+00  2.200000e+01
     vertex  1.432199e+01  4.458768e+00  4.000000e+01
     vertex  1.432783e+01  4.439970e+00  2.200000e+01
   endloop
 endfacet
 facet normal  9.587873e-01  2.841250e-01 -1.428388e-05
   outer loop
     vertex  1.432199e+01  4.458768e+00  0.000000e+00
     vertex  1.432783e+01  4.439970e+00  1.800000e+01
     vertex  1.443892e+01  4.064179e+00  0.000000e+00
   endloop
 endfacet
 facet normal  9.510565e-01  3.090170e-01  1.421866e-05
   outer loop
     vertex  1.420121e+01  4.829675e+00  1.800000e+01
     vertex  1.432783e+01  4.439970e+00  1.800000e+01
     vertex  1.432199e+01  4.458768e+00  0.000000e+00
   endloop
 endfacet
 facet normal  9.422609e-01  3.348796e-01 -1.544012e-05
   outer loop
     vertex  1.406399e+01  5.215776e+00  2.200000e+01
     vertex  1.419428e+01  4.849999e+00  4.000000e+01
     vertex  1.420121e+01  4.829675e+00  2.200000e+01
   endloop
 endfacet
 facet normal  9.417605e-01  3.362843e-01  1.672680e-05
   outer loop
     vertex  1.406399e+01  5.215776e+00  2.200000e+01
     vertex  1.405588e+01  5.237580e+00  4.000000e+01
     vertex  1.419428e+01  4.849999e+00  4.000000e+01
   endloop
 endfacet
 facet normal  9.506317e-01  3.103214e-01 -1.551127e-05
   outer loop
     vertex  1.419428e+01  4.849999e+00  0.000000e+00
     vertex  1.420121e+01  4.829675e+00  1.800000e+01
     vertex  1.432199e+01  4.458768e+00  0.000000e+00
   endloop
 endfacet
 facet normal  9.422609e-01  3.348796e-01  1.544012e-05
   outer loop
     vertex  1.406399e+01  5.215776e+00  1.800000e+01
     vertex  1.420121e+01  4.829675e+00  1.800000e+01
     vertex  1.419428e+01  4.849999e+00  0.000000e+00
   endloop
 endfacet
 facet normal  9.321804e-01  3.619940e-01  1.793047e-05
   outer loop
     vertex  1.391627e+01  5.597985e+00  2.200000e+01
     vertex  1.390690e+01  5.621219e+00  4.000000e+01
     vertex  1.405588e+01  5.237580e+00  4.000000e+01
   endloop
 endfacet
 facet normal  9.327622e-01  3.604923e-01 -1.664972e-05
   outer loop
     vertex  1.391627e+01  5.597985e+00  2.200000e+01
     vertex  1.405588e+01  5.237580e+00  4.000000e+01
     vertex  1.406399e+01  5.215776e+00  2.200000e+01
   endloop
 endfacet
 facet normal  9.417605e-01  3.362843e-01 -1.672680e-05
   outer loop
     vertex  1.405588e+01  5.237580e+00  0.000000e+00
     vertex  1.406399e+01  5.215776e+00  1.800000e+01
     vertex  1.419428e+01  4.849999e+00  0.000000e+00
   endloop
 endfacet
 facet normal  9.327622e-01  3.604923e-01  1.664972e-05
   outer loop
     vertex  1.391627e+01  5.597985e+00  1.800000e+01
     vertex  1.406399e+01  5.215776e+00  1.800000e+01
     vertex  1.405588e+01  5.237580e+00  0.000000e+00
   endloop
 endfacet
 facet normal  9.225674e-01  3.858360e-01 -1.784746e-05
   outer loop
     vertex  1.375817e+01  5.976016e+00  2.200000e+01
     vertex  1.390690e+01  5.621219e+00  4.000000e+01
     vertex  1.391627e+01  5.597985e+00  2.200000e+01
   endloop
 endfacet
 facet normal  9.218986e-01  3.874313e-01  1.912228e-05
   outer loop
     vertex  1.375817e+01  5.976016e+00  2.200000e+01
     vertex  1.374745e+01  6.000626e+00  4.000000e+01
     vertex  1.390690e+01  5.621219e+00  4.000000e+01
   endloop
 endfacet
 facet normal  9.321804e-01  3.619940e-01 -1.793047e-05
   outer loop
     vertex  1.390690e+01  5.621219e+00  0.000000e+00
     vertex  1.391627e+01  5.597985e+00  1.800000e+01
     vertex  1.405588e+01  5.237580e+00  0.000000e+00
   endloop
 endfacet
 facet normal  9.225674e-01  3.858360e-01  1.784746e-05
   outer loop
     vertex  1.375817e+01  5.976016e+00  1.800000e+01
     vertex  1.391627e+01  5.597985e+00  1.800000e+01
     vertex  1.390690e+01  5.621219e+00  0.000000e+00
   endloop
 endfacet
 facet normal  9.109228e-01  4.125769e-01  2.030223e-05
   outer loop
     vertex  1.358980e+01  6.349588e+00  2.200000e+01
     vertex  1.357766e+01  6.375515e+00  4.000000e+01
     vertex  1.374745e+01  6.000626e+00  4.000000e+01
   endloop
 endfacet
 facet normal  9.116841e-01  4.108918e-01 -1.903334e-05
   outer loop
     vertex  1.358980e+01  6.349588e+00  2.200000e+01
     vertex  1.374745e+01  6.000626e+00  4.000000e+01
     vertex  1.375817e+01  5.976016e+00  2.200000e+01
   endloop
 endfacet
 facet normal  9.218986e-01  3.874313e-01 -1.912228e-05
   outer loop
     vertex  1.374745e+01  6.000626e+00  0.000000e+00
     vertex  1.375817e+01  5.976016e+00  1.800000e+01
     vertex  1.390690e+01  5.621219e+00  0.000000e+00
   endloop
 endfacet
 facet normal  9.116841e-01  4.108918e-01  1.903334e-05
   outer loop
     vertex  1.358980e+01  6.349588e+00  1.800000e+01
     vertex  1.375817e+01  5.976016e+00  1.800000e+01
     vertex  1.374745e+01  6.000626e+00  0.000000e+00
   endloop
 endfacet
 facet normal  9.001205e-01  4.356410e-01 -2.020737e-05
   outer loop
     vertex  1.341129e+01  6.718422e+00  2.200000e+01
     vertex  1.357766e+01  6.375515e+00  4.000000e+01
     vertex  1.358980e+01  6.349588e+00  2.200000e+01
   endloop
 endfacet
 facet normal  8.992613e-01  4.374119e-01  2.147033e-05
   outer loop
     vertex  1.341129e+01  6.718422e+00  2.200000e+01
     vertex  1.339764e+01  6.745606e+00  4.000000e+01
     vertex  1.357766e+01  6.375515e+00  4.000000e+01
   endloop
 endfacet
 facet normal  9.109228e-01  4.125769e-01 -2.030223e-05
   outer loop
     vertex  1.357766e+01  6.375515e+00  0.000000e+00
     vertex  1.358980e+01  6.349588e+00  1.800000e+01
     vertex  1.374745e+01  6.000626e+00  0.000000e+00
   endloop
 endfacet
 facet normal  9.001205e-01  4.356410e-01  2.020737e-05
   outer loop
     vertex  1.341129e+01  6.718422e+00  1.800000e+01
     vertex  1.358980e+01  6.349588e+00  1.800000e+01
     vertex  1.357766e+01  6.375515e+00  0.000000e+00
   endloop
 endfacet
 facet normal  8.878852e-01  4.600650e-01 -2.136953e-05
   outer loop
     vertex  1.322278e+01  7.082242e+00  2.200000e+01
     vertex  1.339764e+01  6.745606e+00  4.000000e+01
     vertex  1.341129e+01  6.718422e+00  2.200000e+01
   endloop
 endfacet
 facet normal  8.869228e-01  4.619176e-01  2.262656e-05
   outer loop
     vertex  1.322278e+01  7.082242e+00  2.200000e+01
     vertex  1.320754e+01  7.110619e+00  4.000000e+01
     vertex  1.339764e+01  6.745606e+00  4.000000e+01
   endloop
 endfacet
 facet normal  8.992613e-01  4.374119e-01 -2.147033e-05
   outer loop
     vertex  1.339764e+01  6.745606e+00  0.000000e+00
     vertex  1.341129e+01  6.718422e+00  1.800000e+01
     vertex  1.357766e+01  6.375515e+00  0.000000e+00
   endloop
 endfacet
 facet normal  8.878852e-01  4.600650e-01  2.136953e-05
   outer loop
     vertex  1.322278e+01  7.082242e+00  1.800000e+01
     vertex  1.341129e+01  6.718422e+00  1.800000e+01
     vertex  1.339764e+01  6.745606e+00  0.000000e+00
   endloop
 endfacet
 facet normal  8.749873e-01  4.841458e-01 -2.251984e-05
   outer loop
     vertex  1.302439e+01  7.440777e+00  2.200000e+01
     vertex  1.320754e+01  7.110619e+00  4.000000e+01
     vertex  1.322278e+01  7.082242e+00  2.200000e+01
   endloop
 endfacet
 facet normal  8.739167e-01  4.860756e-01  2.377094e-05
   outer loop
     vertex  1.302439e+01  7.440777e+00  2.200000e+01
     vertex  1.300750e+01  7.470278e+00  4.000000e+01
     vertex  1.320754e+01  7.110619e+00  4.000000e+01
   endloop
 endfacet
 facet normal  8.869228e-01  4.619176e-01 -2.262656e-05
   outer loop
     vertex  1.320754e+01  7.110619e+00  0.000000e+00
     vertex  1.322278e+01  7.082242e+00  1.800000e+01
     vertex  1.339764e+01  6.745606e+00  0.000000e+00
   endloop
 endfacet
 facet normal  8.749873e-01  4.841458e-01  2.251984e-05
   outer loop
     vertex  1.302439e+01  7.440777e+00  1.800000e+01
     vertex  1.322278e+01  7.082242e+00  1.800000e+01
     vertex  1.320754e+01  7.110619e+00  0.000000e+00
   endloop
 endfacet
 facet normal  8.614365e-01  5.078652e-01 -2.365829e-05
   outer loop
     vertex  1.281629e+01  7.793759e+00  2.200000e+01
     vertex  1.300750e+01  7.470278e+00  4.000000e+01
     vertex  1.302439e+01  7.440777e+00  2.200000e+01
   endloop
 endfacet
 facet normal  8.602528e-01  5.098678e-01  2.490346e-05
   outer loop
     vertex  1.281629e+01  7.793759e+00  2.200000e+01
     vertex  1.279766e+01  7.824315e+00  4.000000e+01
     vertex  1.300750e+01  7.470278e+00  4.000000e+01
   endloop
 endfacet
 facet normal  8.739167e-01  4.860756e-01 -2.377094e-05
   outer loop
     vertex  1.300750e+01  7.470278e+00  0.000000e+00
     vertex  1.302439e+01  7.440777e+00  1.800000e+01
     vertex  1.320754e+01  7.110619e+00  0.000000e+00
   endloop
 endfacet
 facet normal  8.614365e-01  5.078652e-01  2.365829e-05
   outer loop
     vertex  1.281629e+01  7.793759e+00  1.800000e+01
     vertex  1.302439e+01  7.440777e+00  1.800000e+01
     vertex  1.300750e+01  7.470278e+00  0.000000e+00
   endloop
 endfacet
 facet normal  8.472429e-01  5.312057e-01 -2.478488e-05
   outer loop
     vertex  1.259862e+01  8.140926e+00  2.200000e+01
     vertex  1.279766e+01  7.824315e+00  4.000000e+01
     vertex  1.281629e+01  7.793759e+00  2.200000e+01
   endloop
 endfacet
 facet normal  8.459413e-01  5.332761e-01  2.602412e-05
   outer loop
     vertex  1.259862e+01  8.140926e+00  2.200000e+01
     vertex  1.257819e+01  8.172462e+00  4.000000e+01
     vertex  1.279766e+01  7.824315e+00  4.000000e+01
   endloop
 endfacet
 facet normal  8.602528e-01  5.098678e-01 -2.490346e-05
   outer loop
     vertex  1.279766e+01  7.824315e+00  0.000000e+00
     vertex  1.281629e+01  7.793759e+00  1.800000e+01
     vertex  1.300750e+01  7.470278e+00  0.000000e+00
   endloop
 endfacet
 facet normal  8.472429e-01  5.312057e-01  2.478488e-05
   outer loop
     vertex  1.259862e+01  8.140926e+00  1.800000e+01
     vertex  1.281629e+01  7.793759e+00  1.800000e+01
     vertex  1.279766e+01  7.824315e+00  0.000000e+00
   endloop
 endfacet
 facet normal  8.324170e-01  5.541498e-01 -2.589961e-05
   outer loop
     vertex  1.237156e+01  8.482017e+00  2.200000e+01
     vertex  1.257819e+01  8.172462e+00  4.000000e+01
     vertex  1.259862e+01  8.140926e+00  2.200000e+01
   endloop
 endfacet
 facet normal  8.309929e-01  5.562829e-01  2.713292e-05
   outer loop
     vertex  1.237156e+01  8.482017e+00  2.200000e+01
     vertex  1.234925e+01  8.514456e+00  4.000000e+01
     vertex  1.257819e+01  8.172462e+00  4.000000e+01
   endloop
 endfacet
 facet normal  8.459413e-01  5.332761e-01 -2.602412e-05
   outer loop
     vertex  1.257819e+01  8.172462e+00  0.000000e+00
     vertex  1.259862e+01  8.140926e+00  1.800000e+01
     vertex  1.279766e+01  7.824315e+00  0.000000e+00
   endloop
 endfacet
 facet normal  8.324170e-01  5.541498e-01  2.589961e-05
   outer loop
     vertex  1.237156e+01  8.482017e+00  1.800000e+01
     vertex  1.259862e+01  8.140926e+00  1.800000e+01
     vertex  1.257819e+01  8.172462e+00  0.000000e+00
   endloop
 endfacet
 facet normal  8.169699e-01  5.766803e-01 -2.700248e-05
   outer loop
     vertex  1.213525e+01  8.816779e+00  2.200000e+01
     vertex  1.234925e+01  8.514456e+00  4.000000e+01
     vertex  1.237156e+01  8.482017e+00  2.200000e+01
   endloop
 endfacet
 facet normal  8.154191e-01  5.788711e-01  2.822987e-05
   outer loop
     vertex  1.213525e+01  8.816779e+00  2.200000e+01
     vertex  1.211102e+01  8.850042e+00  4.000000e+01
     vertex  1.234925e+01  8.514456e+00  4.000000e+01
   endloop
 endfacet
 facet normal  8.169699e-01  5.766803e-01  2.700248e-05
   outer loop
     vertex  1.234925e+01  8.514456e+00  0.000000e+00
     vertex  1.213525e+01  8.816779e+00  1.800000e+01
     vertex  1.237156e+01  8.482017e+00  1.800000e+01
   endloop
 endfacet
 facet normal  8.309929e-01  5.562829e-01 -2.713292e-05
   outer loop
     vertex  1.234925e+01  8.514456e+00  0.000000e+00
     vertex  1.237156e+01  8.482017e+00  1.800000e+01
     vertex  1.257819e+01  8.172462e+00  0.000000e+00
   endloop
 endfacet
 facet normal  8.009132e-01  5.987805e-01 -2.809350e-05
   outer loop
     vertex  1.188990e+01  9.144961e+00  2.200000e+01
     vertex  1.211102e+01  8.850042e+00  4.000000e+01
     vertex  1.213525e+01  8.816779e+00  2.200000e+01
   endloop
 endfacet
 facet normal  7.992314e-01  6.010234e-01  2.931496e-05
   outer loop
     vertex  1.188990e+01  9.144961e+00  2.200000e+01
     vertex  1.186367e+01  9.178965e+00  4.000000e+01
     vertex  1.211102e+01  8.850042e+00  4.000000e+01
   endloop
 endfacet
 facet normal  8.009132e-01  5.987805e-01  2.809350e-05
   outer loop
     vertex  1.211102e+01  8.850042e+00  0.000000e+00
     vertex  1.188990e+01  9.144961e+00  1.800000e+01
     vertex  1.213525e+01  8.816779e+00  1.800000e+01
   endloop
 endfacet
 facet normal  8.154191e-01  5.788711e-01 -2.822987e-05
   outer loop
     vertex  1.211102e+01  8.850042e+00  0.000000e+00
     vertex  1.213525e+01  8.816779e+00  1.800000e+01
     vertex  1.234925e+01  8.514456e+00  0.000000e+00
   endloop
 endfacet
 facet normal  7.842588e-01  6.204339e-01 -2.917266e-05
   outer loop
     vertex  1.163567e+01  9.466319e+00  2.200000e+01
     vertex  1.186367e+01  9.178965e+00  4.000000e+01
     vertex  1.188990e+01  9.144961e+00  2.200000e+01
   endloop
 endfacet
 facet normal  7.824421e-01  6.227234e-01  3.038818e-05
   outer loop
     vertex  1.163567e+01  9.466319e+00  2.200000e+01
     vertex  1.160739e+01  9.500978e+00  4.000000e+01
     vertex  1.186367e+01  9.178965e+00  4.000000e+01
   endloop
 endfacet
 facet normal  7.842588e-01  6.204339e-01  2.917266e-05
   outer loop
     vertex  1.186367e+01  9.178965e+00  0.000000e+00
     vertex  1.163567e+01  9.466319e+00  1.800000e+01
     vertex  1.188990e+01  9.144961e+00  1.800000e+01
   endloop
 endfacet
 facet normal  7.992314e-01  6.010234e-01 -2.931496e-05
   outer loop
     vertex  1.186367e+01  9.178965e+00  0.000000e+00
     vertex  1.188990e+01  9.144961e+00  1.800000e+01
     vertex  1.211102e+01  8.850042e+00  0.000000e+00
   endloop
 endfacet
 facet normal  7.650637e-01  6.439545e-01  3.144955e-05
   outer loop
     vertex  1.137276e+01  9.780613e+00  2.200000e+01
     vertex  1.134237e+01  9.815840e+00  4.000000e+01
     vertex  1.160739e+01  9.500978e+00  4.000000e+01
   endloop
 endfacet
 facet normal  7.670191e-01  6.416243e-01 -3.023996e-05
   outer loop
     vertex  1.137276e+01  9.780613e+00  2.200000e+01
     vertex  1.160739e+01  9.500978e+00  4.000000e+01
     vertex  1.163567e+01  9.466319e+00  2.200000e+01
   endloop
 endfacet
 facet normal  7.670191e-01  6.416243e-01  3.023996e-05
   outer loop
     vertex  1.160739e+01  9.500978e+00  0.000000e+00
     vertex  1.137276e+01  9.780613e+00  1.800000e+01
     vertex  1.163567e+01  9.466319e+00  1.800000e+01
   endloop
 endfacet
 facet normal  7.824421e-01  6.227234e-01 -3.038818e-05
   outer loop
     vertex  1.160739e+01  9.500978e+00  0.000000e+00
     vertex  1.163567e+01  9.466319e+00  1.800000e+01
     vertex  1.186367e+01  9.178965e+00  0.000000e+00
   endloop
 endfacet
 facet normal  7.471095e-01  6.647010e-01  3.249906e-05
   outer loop
     vertex  1.110136e+01  1.008761e+01  2.200000e+01
     vertex  1.106881e+01  1.012331e+01  4.000000e+01
     vertex  1.134237e+01  9.815840e+00  4.000000e+01
   endloop
 endfacet
 facet normal  7.492071e-01  6.623358e-01 -3.129540e-05
   outer loop
     vertex  1.110136e+01  1.008761e+01  2.200000e+01
     vertex  1.134237e+01  9.815840e+00  4.000000e+01
     vertex  1.137276e+01  9.780613e+00  2.200000e+01
   endloop
 endfacet
 facet normal  7.650637e-01  6.439545e-01 -3.144955e-05
   outer loop
     vertex  1.134237e+01  9.815840e+00  0.000000e+00
     vertex  1.137276e+01  9.780613e+00  1.800000e+01
     vertex  1.160739e+01  9.500978e+00  0.000000e+00
   endloop
 endfacet
 facet normal  7.492071e-01  6.623358e-01  3.129540e-05
   outer loop
     vertex  1.134237e+01  9.815840e+00  0.000000e+00
     vertex  1.110136e+01  1.008761e+01  1.800000e+01
     vertex  1.137276e+01  9.780613e+00  1.800000e+01
   endloop
 endfacet
 facet normal  7.308360e-01  6.825531e-01 -3.233898e-05
   outer loop
     vertex  1.082168e+01  1.038708e+01  2.200000e+01
     vertex  1.106881e+01  1.012331e+01  4.000000e+01
     vertex  1.110136e+01  1.008761e+01  2.200000e+01
   endloop
 endfacet
 facet normal  7.285929e-01  6.849470e-01  3.353672e-05
   outer loop
     vertex  1.082168e+01  1.038708e+01  2.200000e+01
     vertex  1.078692e+01  1.042316e+01  4.000000e+01
     vertex  1.106881e+01  1.012331e+01  4.000000e+01
   endloop
 endfacet
 facet normal  7.471095e-01  6.647010e-01 -3.249906e-05
   outer loop
     vertex  1.106881e+01  1.012331e+01  0.000000e+00
     vertex  1.110136e+01  1.008761e+01  1.800000e+01
     vertex  1.134237e+01  9.815840e+00  0.000000e+00
   endloop
 endfacet
 facet normal  7.308360e-01  6.825531e-01  3.233898e-05
   outer loop
     vertex  1.106881e+01  1.012331e+01  0.000000e+00
     vertex  1.082168e+01  1.038708e+01  1.800000e+01
     vertex  1.110136e+01  1.008761e+01  1.800000e+01
   endloop
 endfacet
 facet normal  7.119195e-01  7.022611e-01 -3.337070e-05
   outer loop
     vertex  1.053392e+01  1.067879e+01  2.200000e+01
     vertex  1.078692e+01  1.042316e+01  4.000000e+01
     vertex  1.082168e+01  1.038708e+01  2.200000e+01
   endloop
 endfacet
 facet normal  7.095278e-01  7.046775e-01  3.456251e-05
   outer loop
     vertex  1.053392e+01  1.067879e+01  2.200000e+01
     vertex  1.049691e+01  1.071517e+01  4.000000e+01
     vertex  1.078692e+01  1.042316e+01  4.000000e+01
   endloop
 endfacet
 facet normal  7.285929e-01  6.849470e-01 -3.353672e-05
   outer loop
     vertex  1.078692e+01  1.042316e+01  0.000000e+00
     vertex  1.082168e+01  1.038708e+01  1.800000e+01
     vertex  1.106881e+01  1.012331e+01  0.000000e+00
   endloop
 endfacet
 facet normal  7.119195e-01  7.022611e-01  3.337070e-05
   outer loop
     vertex  1.078692e+01  1.042316e+01  0.000000e+00
     vertex  1.053392e+01  1.067879e+01  1.800000e+01
     vertex  1.082168e+01  1.038708e+01  1.800000e+01
   endloop
 endfacet
 facet normal  6.924717e-01  7.214450e-01 -3.439057e-05
   outer loop
     vertex  1.023830e+01  1.096254e+01  2.200000e+01
     vertex  1.049691e+01  1.071517e+01  4.000000e+01
     vertex  1.053392e+01  1.067879e+01  2.200000e+01
   endloop
 endfacet
 facet normal  6.899286e-01  7.238775e-01  3.557645e-05
   outer loop
     vertex  1.023830e+01  1.096254e+01  2.200000e+01
     vertex  1.019900e+01  1.099911e+01  4.000000e+01
     vertex  1.049691e+01  1.071517e+01  4.000000e+01
   endloop
 endfacet
 facet normal  7.095278e-01  7.046775e-01 -3.456251e-05
   outer loop
     vertex  1.049691e+01  1.071517e+01  0.000000e+00
     vertex  1.053392e+01  1.067879e+01  1.800000e+01
     vertex  1.078692e+01  1.042316e+01  0.000000e+00
   endloop
 endfacet
 facet normal  6.924717e-01  7.214450e-01  3.439057e-05
   outer loop
     vertex  1.049691e+01  1.071517e+01  0.000000e+00
     vertex  1.023830e+01  1.096254e+01  1.800000e+01
     vertex  1.053392e+01  1.067879e+01  1.800000e+01
   endloop
 endfacet
 facet normal  6.725072e-01  7.400906e-01 -3.539857e-05
   outer loop
     vertex  9.935037e+00  1.123811e+01  2.200000e+01
     vertex  1.019900e+01  1.099911e+01  4.000000e+01
     vertex  1.023830e+01  1.096254e+01  2.200000e+01
   endloop
 endfacet
 facet normal  6.698100e-01  7.425325e-01  3.657852e-05
   outer loop
     vertex  9.935037e+00  1.123811e+01  2.200000e+01
     vertex  9.893410e+00  1.127477e+01  4.000000e+01
     vertex  1.019900e+01  1.099911e+01  4.000000e+01
   endloop
 endfacet
 facet normal  6.899286e-01  7.238775e-01 -3.557645e-05
   outer loop
     vertex  1.019900e+01  1.099911e+01  0.000000e+00
     vertex  1.023830e+01  1.096254e+01  1.800000e+01
     vertex  1.049691e+01  1.071517e+01  0.000000e+00
   endloop
 endfacet
 facet normal  6.725072e-01  7.400906e-01  3.539857e-05
   outer loop
     vertex  1.019900e+01  1.099911e+01  0.000000e+00
     vertex  9.935037e+00  1.123811e+01  1.800000e+01
     vertex  1.023830e+01  1.096254e+01  1.800000e+01
   endloop
 endfacet
 facet normal  6.520409e-01  7.581838e-01 -3.639472e-05
   outer loop
     vertex  9.624364e+00  1.150529e+01  2.200000e+01
     vertex  9.893410e+00  1.127477e+01  4.000000e+01
     vertex  9.935037e+00  1.123811e+01  2.200000e+01
   endloop
 endfacet
 facet normal  6.491872e-01  7.606287e-01  3.756874e-05
   outer loop
     vertex  9.624364e+00  1.150529e+01  2.200000e+01
     vertex  9.580374e+00  1.154194e+01  4.000000e+01
     vertex  9.893410e+00  1.127477e+01  4.000000e+01
   endloop
 endfacet
 facet normal  6.698100e-01  7.425325e-01 -3.657852e-05
   outer loop
     vertex  9.893410e+00  1.127477e+01  0.000000e+00
     vertex  9.935037e+00  1.123811e+01  1.800000e+01
     vertex  1.019900e+01  1.099911e+01  0.000000e+00
   endloop
 endfacet
 facet normal  6.520409e-01  7.581838e-01  3.639472e-05
   outer loop
     vertex  9.893410e+00  1.127477e+01  0.000000e+00
     vertex  9.624364e+00  1.150529e+01  1.800000e+01
     vertex  9.935037e+00  1.123811e+01  1.800000e+01
   endloop
 endfacet
 facet normal  6.310879e-01  7.757113e-01 -3.737901e-05
   outer loop
     vertex  9.306508e+00  1.176388e+01  2.200000e+01
     vertex  9.580374e+00  1.154194e+01  4.000000e+01
     vertex  9.624364e+00  1.150529e+01  2.200000e+01
   endloop
 endfacet
 facet normal  6.280757e-01  7.781522e-01  3.854710e-05
   outer loop
     vertex  9.306508e+00  1.176388e+01  2.200000e+01
     vertex  9.260126e+00  1.180043e+01  4.000000e+01
     vertex  9.580374e+00  1.154194e+01  4.000000e+01
   endloop
 endfacet
 facet normal  6.491872e-01  7.606287e-01 -3.756874e-05
   outer loop
     vertex  9.580374e+00  1.154194e+01  0.000000e+00
     vertex  9.624364e+00  1.150529e+01  1.800000e+01
     vertex  9.893410e+00  1.127477e+01  0.000000e+00
   endloop
 endfacet
 facet normal  6.310879e-01  7.757113e-01  3.737901e-05
   outer loop
     vertex  9.580374e+00  1.154194e+01  0.000000e+00
     vertex  9.306508e+00  1.176388e+01  1.800000e+01
     vertex  9.624364e+00  1.150529e+01  1.800000e+01
   endloop
 endfacet
 facet normal  6.096641e-01  7.926599e-01 -3.835144e-05
   outer loop
     vertex  8.981708e+00  1.201370e+01  2.200000e+01
     vertex  9.260126e+00  1.180043e+01  4.000000e+01
     vertex  9.306508e+00  1.176388e+01  2.200000e+01
   endloop
 endfacet
 facet normal  6.064915e-01  7.950900e-01  3.951361e-05
   outer loop
     vertex  8.981708e+00  1.201370e+01  2.200000e+01
     vertex  8.932907e+00  1.205003e+01  4.000000e+01
     vertex  9.260126e+00  1.180043e+01  4.000000e+01
   endloop
 endfacet
 facet normal  6.280757e-01  7.781522e-01 -3.854710e-05
   outer loop
     vertex  9.260126e+00  1.180043e+01  0.000000e+00
     vertex  9.306508e+00  1.176388e+01  1.800000e+01
     vertex  9.580374e+00  1.154194e+01  0.000000e+00
   endloop
 endfacet
 facet normal  6.096641e-01  7.926599e-01  3.835144e-05
   outer loop
     vertex  9.260126e+00  1.180043e+01  0.000000e+00
     vertex  8.981708e+00  1.201370e+01  1.800000e+01
     vertex  9.306508e+00  1.176388e+01  1.800000e+01
   endloop
 endfacet
 facet normal  5.877853e-01  8.090170e-01 -3.931201e-05
   outer loop
     vertex  8.650205e+00  1.225455e+01  2.200000e+01
     vertex  8.932907e+00  1.205003e+01  4.000000e+01
     vertex  8.981708e+00  1.201370e+01  2.200000e+01
   endloop
 endfacet
 facet normal  5.844507e-01  8.114292e-01  4.046825e-05
   outer loop
     vertex  8.650205e+00  1.225455e+01  2.200000e+01
     vertex  8.598964e+00  1.229056e+01  4.000000e+01
     vertex  8.932907e+00  1.205003e+01  4.000000e+01
   endloop
 endfacet
 facet normal  5.877853e-01  8.090170e-01  3.931201e-05
   outer loop
     vertex  8.932907e+00  1.205003e+01  0.000000e+00
     vertex  8.650205e+00  1.225455e+01  1.800000e+01
     vertex  8.981708e+00  1.201370e+01  1.800000e+01
   endloop
 endfacet
 facet normal  6.064915e-01  7.950900e-01 -3.951361e-05
   outer loop
     vertex  8.932907e+00  1.205003e+01  0.000000e+00
     vertex  8.981708e+00  1.201370e+01  1.800000e+01
     vertex  9.260126e+00  1.180043e+01  0.000000e+00
   endloop
 endfacet
 facet normal  5.654678e-01  8.247704e-01 -4.026073e-05
   outer loop
     vertex  8.312247e+00  1.248625e+01  2.200000e+01
     vertex  8.598964e+00  1.229056e+01  4.000000e+01
     vertex  8.650205e+00  1.225455e+01  2.200000e+01
   endloop
 endfacet
 facet normal  5.619699e-01  8.271577e-01  4.141103e-05
   outer loop
     vertex  8.312247e+00  1.248625e+01  2.200000e+01
     vertex  8.258547e+00  1.252184e+01  4.000000e+01
     vertex  8.598964e+00  1.229056e+01  4.000000e+01
   endloop
 endfacet
 facet normal  5.844507e-01  8.114292e-01 -4.046825e-05
   outer loop
     vertex  8.598964e+00  1.229056e+01  0.000000e+00
     vertex  8.650205e+00  1.225455e+01  1.800000e+01
     vertex  8.932907e+00  1.205003e+01  0.000000e+00
   endloop
 endfacet
 facet normal  5.654678e-01  8.247704e-01  4.026073e-05
   outer loop
     vertex  8.598964e+00  1.229056e+01  0.000000e+00
     vertex  8.312247e+00  1.248625e+01  1.800000e+01
     vertex  8.650205e+00  1.225455e+01  1.800000e+01
   endloop
 endfacet
 facet normal  5.427284e-01  8.399083e-01 -4.119758e-05
   outer loop
     vertex  7.968086e+00  1.270864e+01  2.200000e+01
     vertex  8.258547e+00  1.252184e+01  4.000000e+01
     vertex  8.312247e+00  1.248625e+01  2.200000e+01
   endloop
 endfacet
 facet normal  5.390661e-01  8.422635e-01  4.234196e-05
   outer loop
     vertex  7.968086e+00  1.270864e+01  2.200000e+01
     vertex  7.911914e+00  1.274369e+01  4.000000e+01
     vertex  8.258547e+00  1.252184e+01  4.000000e+01
   endloop
 endfacet
 facet normal  5.427284e-01  8.399083e-01  4.119758e-05
   outer loop
     vertex  8.258547e+00  1.252184e+01  0.000000e+00
     vertex  7.968086e+00  1.270864e+01  1.800000e+01
     vertex  8.312247e+00  1.248625e+01  1.800000e+01
   endloop
 endfacet
 facet normal  5.619699e-01  8.271577e-01 -4.141103e-05
   outer loop
     vertex  8.258547e+00  1.252184e+01  0.000000e+00
     vertex  8.312247e+00  1.248625e+01  1.800000e+01
     vertex  8.598964e+00  1.229056e+01  0.000000e+00
   endloop
 endfacet
 facet normal  5.195839e-01  8.544194e-01 -4.212258e-05
   outer loop
     vertex  7.617979e+00  1.292155e+01  2.200000e+01
     vertex  7.911914e+00  1.274369e+01  4.000000e+01
     vertex  7.968086e+00  1.270864e+01  2.200000e+01
   endloop
 endfacet
 facet normal  5.157565e-01  8.567352e-01  4.326103e-05
   outer loop
     vertex  7.617979e+00  1.292155e+01  2.200000e+01
     vertex  7.559325e+00  1.295595e+01  4.000000e+01
     vertex  7.911914e+00  1.274369e+01  4.000000e+01
   endloop
 endfacet
 facet normal  5.195839e-01  8.544194e-01  4.212258e-05
   outer loop
     vertex  7.911914e+00  1.274369e+01  0.000000e+00
     vertex  7.617979e+00  1.292155e+01  1.800000e+01
     vertex  7.968086e+00  1.270864e+01  1.800000e+01
   endloop
 endfacet
 facet normal  5.390661e-01  8.422635e-01 -4.234196e-05
   outer loop
     vertex  7.911914e+00  1.274369e+01  0.000000e+00
     vertex  7.968086e+00  1.270864e+01  1.800000e+01
     vertex  8.258547e+00  1.252184e+01  0.000000e+00
   endloop
 endfacet
 facet normal  4.960518e-01  8.682929e-01 -4.303572e-05
   outer loop
     vertex  7.262187e+00  1.312481e+01  2.200000e+01
     vertex  7.559325e+00  1.295595e+01  4.000000e+01
     vertex  7.617979e+00  1.292155e+01  2.200000e+01
   endloop
 endfacet
 facet normal  4.920587e-01  8.705620e-01  4.416824e-05
   outer loop
     vertex  7.262187e+00  1.312481e+01  2.200000e+01
     vertex  7.201046e+00  1.315845e+01  4.000000e+01
     vertex  7.559325e+00  1.295595e+01  4.000000e+01
   endloop
 endfacet
 facet normal  4.960518e-01  8.682929e-01  4.303572e-05
   outer loop
     vertex  7.559325e+00  1.295595e+01  0.000000e+00
     vertex  7.262187e+00  1.312481e+01  1.800000e+01
     vertex  7.617979e+00  1.292155e+01  1.800000e+01
   endloop
 endfacet
 facet normal  5.157565e-01  8.567352e-01 -4.326103e-05
   outer loop
     vertex  7.559325e+00  1.295595e+01  0.000000e+00
     vertex  7.617979e+00  1.292155e+01  1.800000e+01
     vertex  7.911914e+00  1.274369e+01  0.000000e+00
   endloop
 endfacet
 facet normal  4.721495e-01  8.815185e-01 -4.393700e-05
   outer loop
     vertex  6.900976e+00  1.331828e+01  2.200000e+01
     vertex  7.201046e+00  1.315845e+01  4.000000e+01
     vertex  7.262187e+00  1.312481e+01  2.200000e+01
   endloop
 endfacet
 facet normal  4.679904e-01  8.837335e-01  4.506359e-05
   outer loop
     vertex  6.900976e+00  1.331828e+01  2.200000e+01
     vertex  6.837346e+00  1.335106e+01  4.000000e+01
     vertex  7.201046e+00  1.315845e+01  4.000000e+01
   endloop
 endfacet
 facet normal  4.920587e-01  8.705620e-01 -4.416824e-05
   outer loop
     vertex  7.201046e+00  1.315845e+01  0.000000e+00
     vertex  7.262187e+00  1.312481e+01  1.800000e+01
     vertex  7.559325e+00  1.295595e+01  0.000000e+00
   endloop
 endfacet
 facet normal  4.721495e-01  8.815185e-01  4.393700e-05
   outer loop
     vertex  7.201046e+00  1.315845e+01  0.000000e+00
     vertex  6.900976e+00  1.331828e+01  1.800000e+01
     vertex  7.262187e+00  1.312481e+01  1.800000e+01
   endloop
 endfacet
 facet normal  4.478948e-01  8.940863e-01 -4.482642e-05
   outer loop
     vertex  6.534615e+00  1.350181e+01  2.200000e+01
     vertex  6.837346e+00  1.335106e+01  4.000000e+01
     vertex  6.900976e+00  1.331828e+01  2.200000e+01
   endloop
 endfacet
 facet normal  4.435699e-01  8.962398e-01  4.594708e-05
   outer loop
     vertex  6.534615e+00  1.350181e+01  2.200000e+01
     vertex  6.468499e+00  1.353361e+01  4.000000e+01
     vertex  6.837346e+00  1.335106e+01  4.000000e+01
   endloop
 endfacet
 facet normal  4.679904e-01  8.837335e-01 -4.506359e-05
   outer loop
     vertex  6.837346e+00  1.335106e+01  0.000000e+00
     vertex  6.900976e+00  1.331828e+01  1.800000e+01
     vertex  7.201046e+00  1.315845e+01  0.000000e+00
   endloop
 endfacet
 facet normal  4.478948e-01  8.940863e-01  4.482642e-05
   outer loop
     vertex  6.837346e+00  1.335106e+01  0.000000e+00
     vertex  6.534615e+00  1.350181e+01  1.800000e+01
     vertex  6.900976e+00  1.331828e+01  1.800000e+01
   endloop
 endfacet
 facet normal  4.233059e-01  9.059868e-01 -4.570398e-05
   outer loop
     vertex  6.163377e+00  1.367526e+01  2.200000e+01
     vertex  6.468499e+00  1.353361e+01  4.000000e+01
     vertex  6.534615e+00  1.350181e+01  2.200000e+01
   endloop
 endfacet
 facet normal  4.188155e-01  9.080714e-01  4.681871e-05
   outer loop
     vertex  6.163377e+00  1.367526e+01  2.200000e+01
     vertex  6.094783e+00  1.370597e+01  4.000000e+01
     vertex  6.468499e+00  1.353361e+01  4.000000e+01
   endloop
 endfacet
 facet normal  4.435699e-01  8.962398e-01 -4.594708e-05
   outer loop
     vertex  6.468499e+00  1.353361e+01  0.000000e+00
     vertex  6.534615e+00  1.350181e+01  1.800000e+01
     vertex  6.837346e+00  1.335106e+01  0.000000e+00
   endloop
 endfacet
 facet normal  4.233059e-01  9.059868e-01  4.570398e-05
   outer loop
     vertex  6.468499e+00  1.353361e+01  0.000000e+00
     vertex  6.163377e+00  1.367526e+01  1.800000e+01
     vertex  6.534615e+00  1.350181e+01  1.800000e+01
   endloop
 endfacet
 facet normal  3.937458e-01  9.192194e-01  4.767848e-05
   outer loop
     vertex  5.787541e+00  1.383851e+01  2.200000e+01
     vertex  5.716478e+00  1.386802e+01  4.000000e+01
     vertex  6.094783e+00  1.370597e+01  4.000000e+01
   endloop
 endfacet
 facet normal  3.984011e-01  9.172113e-01 -4.656968e-05
   outer loop
     vertex  5.787541e+00  1.383851e+01  2.200000e+01
     vertex  6.094783e+00  1.370597e+01  4.000000e+01
     vertex  6.163377e+00  1.367526e+01  2.200000e+01
   endloop
 endfacet
 facet normal  4.188155e-01  9.080714e-01 -4.681871e-05
   outer loop
     vertex  6.094783e+00  1.370597e+01  0.000000e+00
     vertex  6.163377e+00  1.367526e+01  1.800000e+01
     vertex  6.468499e+00  1.353361e+01  0.000000e+00
   endloop
 endfacet
 facet normal  3.984011e-01  9.172113e-01  4.656968e-05
   outer loop
     vertex  6.094783e+00  1.370597e+01  0.000000e+00
     vertex  5.787541e+00  1.383851e+01  1.800000e+01
     vertex  6.163377e+00  1.367526e+01  1.800000e+01
   endloop
 endfacet
 facet normal  3.683796e-01  9.296754e-01  4.852640e-05
   outer loop
     vertex  5.407385e+00  1.399143e+01  2.200000e+01
     vertex  5.333871e+00  1.401962e+01  4.000000e+01
     vertex  5.716478e+00  1.386802e+01  4.000000e+01
   endloop
 endfacet
 facet normal  3.731990e-01  9.277513e-01 -4.742353e-05
   outer loop
     vertex  5.407385e+00  1.399143e+01  2.200000e+01
     vertex  5.716478e+00  1.386802e+01  4.000000e+01
     vertex  5.787541e+00  1.383851e+01  2.200000e+01
   endloop
 endfacet
 facet normal  3.937458e-01  9.192194e-01 -4.767848e-05
   outer loop
     vertex  5.716478e+00  1.386802e+01  0.000000e+00
     vertex  5.787541e+00  1.383851e+01  1.800000e+01
     vertex  6.094783e+00  1.370597e+01  0.000000e+00
   endloop
 endfacet
 facet normal  3.731990e-01  9.277513e-01  4.742353e-05
   outer loop
     vertex  5.716478e+00  1.386802e+01  0.000000e+00
     vertex  5.407385e+00  1.399143e+01  1.800000e+01
     vertex  5.787541e+00  1.383851e+01  1.800000e+01
   endloop
 endfacet
 facet normal  3.427362e-01  9.394317e-01  4.936246e-05
   outer loop
     vertex  5.023194e+00  1.413391e+01  2.200000e+01
     vertex  4.947248e+00  1.416068e+01  4.000000e+01
     vertex  5.333871e+00  1.401962e+01  4.000000e+01
   endloop
 endfacet
 facet normal  3.477184e-01  9.375990e-01 -4.826552e-05
   outer loop
     vertex  5.023194e+00  1.413391e+01  2.200000e+01
     vertex  5.333871e+00  1.401962e+01  4.000000e+01
     vertex  5.407385e+00  1.399143e+01  2.200000e+01
   endloop
 endfacet
 facet normal  3.683796e-01  9.296754e-01 -4.852640e-05
   outer loop
     vertex  5.333871e+00  1.401962e+01  0.000000e+00
     vertex  5.407385e+00  1.399143e+01  1.800000e+01
     vertex  5.716478e+00  1.386802e+01  0.000000e+00
   endloop
 endfacet
 facet normal  3.477184e-01  9.375990e-01  4.826552e-05
   outer loop
     vertex  5.333871e+00  1.401962e+01  0.000000e+00
     vertex  5.023194e+00  1.413391e+01  1.800000e+01
     vertex  5.407385e+00  1.399143e+01  1.800000e+01
   endloop
 endfacet
 facet normal  3.168348e-01  9.484807e-01  5.018665e-05
   outer loop
     vertex  4.635255e+00  1.426585e+01  2.200000e+01
     vertex  4.556902e+00  1.429107e+01  4.000000e+01
     vertex  4.947248e+00  1.416068e+01  4.000000e+01
   endloop
 endfacet
 facet normal  3.219783e-01  9.467470e-01 -4.909564e-05
   outer loop
     vertex  4.635255e+00  1.426585e+01  2.200000e+01
     vertex  4.947248e+00  1.416068e+01  4.000000e+01
     vertex  5.023194e+00  1.413391e+01  2.200000e+01
   endloop
 endfacet
 facet normal  3.427362e-01  9.394317e-01 -4.936246e-05
   outer loop
     vertex  4.947248e+00  1.416068e+01  0.000000e+00
     vertex  5.023194e+00  1.413391e+01  1.800000e+01
     vertex  5.333871e+00  1.401962e+01  0.000000e+00
   endloop
 endfacet
 facet normal  3.219783e-01  9.467470e-01  4.909564e-05
   outer loop
     vertex  4.947248e+00  1.416068e+01  0.000000e+00
     vertex  4.635255e+00  1.426585e+01  1.800000e+01
     vertex  5.023194e+00  1.413391e+01  1.800000e+01
   endloop
 endfacet
 facet normal  2.906949e-01  9.568158e-01  5.099899e-05
   outer loop
     vertex  4.243857e+00  1.438714e+01  2.200000e+01
     vertex  4.163125e+00  1.441070e+01  4.000000e+01
     vertex  4.556902e+00  1.429107e+01  4.000000e+01
   endloop
 endfacet
 facet normal  2.959980e-01  9.551886e-01 -4.991391e-05
   outer loop
     vertex  4.243857e+00  1.438714e+01  2.200000e+01
     vertex  4.556902e+00  1.429107e+01  4.000000e+01
     vertex  4.635255e+00  1.426585e+01  2.200000e+01
   endloop
 endfacet
 facet normal  3.168348e-01  9.484807e-01 -5.018665e-05
   outer loop
     vertex  4.556902e+00  1.429107e+01  0.000000e+00
     vertex  4.635255e+00  1.426585e+01  1.800000e+01
     vertex  4.947248e+00  1.416068e+01  0.000000e+00
   endloop
 endfacet
 facet normal  2.959980e-01  9.551886e-01  4.991391e-05
   outer loop
     vertex  4.556902e+00  1.429107e+01  0.000000e+00
     vertex  4.243857e+00  1.438714e+01  1.800000e+01
     vertex  4.635255e+00  1.426585e+01  1.800000e+01
   endloop
 endfacet
 facet normal  2.643362e-01  9.644306e-01  5.179948e-05
   outer loop
     vertex  3.849291e+00  1.449769e+01  2.200000e+01
     vertex  3.766214e+00  1.451949e+01  4.000000e+01
     vertex  4.163125e+00  1.441070e+01  4.000000e+01
   endloop
 endfacet
 facet normal  2.697968e-01  9.629173e-01 -5.072032e-05
   outer loop
     vertex  3.849291e+00  1.449769e+01  2.200000e+01
     vertex  4.163125e+00  1.441070e+01  4.000000e+01
     vertex  4.243857e+00  1.438714e+01  2.200000e+01
   endloop
 endfacet
 facet normal  2.906949e-01  9.568158e-01 -5.099899e-05
   outer loop
     vertex  4.163125e+00  1.441070e+01  0.000000e+00
     vertex  4.243857e+00  1.438714e+01  1.800000e+01
     vertex  4.556902e+00  1.429107e+01  0.000000e+00
   endloop
 endfacet
 facet normal  2.697968e-01  9.629173e-01  5.072032e-05
   outer loop
     vertex  4.163125e+00  1.441070e+01  0.000000e+00
     vertex  3.849291e+00  1.449769e+01  1.800000e+01
     vertex  4.243857e+00  1.438714e+01  1.800000e+01
   endloop
 endfacet
 facet normal  2.377784e-01  9.713194e-01  5.258810e-05
   outer loop
     vertex  3.451854e+00  1.459742e+01  2.200000e+01
     vertex  3.366468e+00  1.461735e+01  4.000000e+01
     vertex  3.766214e+00  1.451949e+01  4.000000e+01
   endloop
 endfacet
 facet normal  2.433942e-01  9.699274e-01 -5.151487e-05
   outer loop
     vertex  3.451854e+00  1.459742e+01  2.200000e+01
     vertex  3.766214e+00  1.451949e+01  4.000000e+01
     vertex  3.849291e+00  1.449769e+01  2.200000e+01
   endloop
 endfacet
 facet normal  2.433942e-01  9.699274e-01  5.151487e-05
   outer loop
     vertex  3.766214e+00  1.451949e+01  0.000000e+00
     vertex  3.451854e+00  1.459742e+01  1.800000e+01
     vertex  3.849291e+00  1.449769e+01  1.800000e+01
   endloop
 endfacet
 facet normal  2.643362e-01  9.644306e-01 -5.179948e-05
   outer loop
     vertex  3.766214e+00  1.451949e+01  0.000000e+00
     vertex  3.849291e+00  1.449769e+01  1.800000e+01
     vertex  4.163125e+00  1.441070e+01  0.000000e+00
   endloop
 endfacet
 facet normal  2.110417e-01  9.774771e-01  5.336486e-05
   outer loop
     vertex  3.051840e+00  1.468626e+01  2.200000e+01
     vertex  2.964188e+00  1.470420e+01  4.000000e+01
     vertex  3.366468e+00  1.461735e+01  4.000000e+01
   endloop
 endfacet
 facet normal  2.168100e-01  9.762138e-01 -5.229757e-05
   outer loop
     vertex  3.051840e+00  1.468626e+01  2.200000e+01
     vertex  3.366468e+00  1.461735e+01  4.000000e+01
     vertex  3.451854e+00  1.459742e+01  2.200000e+01
   endloop
 endfacet
 facet normal  2.168100e-01  9.762138e-01  5.229757e-05
   outer loop
     vertex  3.366468e+00  1.461735e+01  0.000000e+00
     vertex  3.051840e+00  1.468626e+01  1.800000e+01
     vertex  3.451854e+00  1.459742e+01  1.800000e+01
   endloop
 endfacet
 facet normal  2.377784e-01  9.713194e-01 -5.258810e-05
   outer loop
     vertex  3.366468e+00  1.461735e+01  0.000000e+00
     vertex  3.451854e+00  1.459742e+01  1.800000e+01
     vertex  3.766214e+00  1.451949e+01  0.000000e+00
   endloop
 endfacet
 facet normal  1.841461e-01  9.828989e-01  5.412977e-05
   outer loop
     vertex  2.649549e+00  1.476414e+01  2.200000e+01
     vertex  2.559676e+00  1.477999e+01  4.000000e+01
     vertex  2.964188e+00  1.470420e+01  4.000000e+01
   endloop
 endfacet
 facet normal  1.900640e-01  9.817717e-01 -5.306840e-05
   outer loop
     vertex  2.649549e+00  1.476414e+01  2.200000e+01
     vertex  2.964188e+00  1.470420e+01  4.000000e+01
     vertex  3.051840e+00  1.468626e+01  2.200000e+01
   endloop
 endfacet
 facet normal  1.900640e-01  9.817717e-01  5.306840e-05
   outer loop
     vertex  2.964188e+00  1.470420e+01  0.000000e+00
     vertex  2.649549e+00  1.476414e+01  1.800000e+01
     vertex  3.051840e+00  1.468626e+01  1.800000e+01
   endloop
 endfacet
 facet normal  2.110417e-01  9.774771e-01 -5.336486e-05
   outer loop
     vertex  2.964188e+00  1.470420e+01  0.000000e+00
     vertex  3.051840e+00  1.468626e+01  1.800000e+01
     vertex  3.366468e+00  1.461735e+01  0.000000e+00
   endloop
 endfacet
 facet normal  1.571119e-01  9.875808e-01  5.488281e-05
   outer loop
     vertex  2.245281e+00  1.483101e+01  2.200000e+01
     vertex  2.153238e+00  1.484465e+01  4.000000e+01
     vertex  2.559676e+00  1.477999e+01  4.000000e+01
   endloop
 endfacet
 facet normal  1.631762e-01  9.865969e-01 -5.382738e-05
   outer loop
     vertex  2.245281e+00  1.483101e+01  2.200000e+01
     vertex  2.559676e+00  1.477999e+01  4.000000e+01
     vertex  2.649549e+00  1.476414e+01  2.200000e+01
   endloop
 endfacet
 facet normal  1.841461e-01  9.828989e-01 -5.412977e-05
   outer loop
     vertex  2.559676e+00  1.477999e+01  0.000000e+00
     vertex  2.649549e+00  1.476414e+01  1.800000e+01
     vertex  2.964188e+00  1.470420e+01  0.000000e+00
   endloop
 endfacet
 facet normal  1.631762e-01  9.865969e-01  5.382738e-05
   outer loop
     vertex  2.559676e+00  1.477999e+01  0.000000e+00
     vertex  2.245281e+00  1.483101e+01  1.800000e+01
     vertex  2.649549e+00  1.476414e+01  1.800000e+01
   endloop
 endfacet
 facet normal  1.299594e-01  9.915193e-01  5.562400e-05
   outer loop
     vertex  1.839337e+00  1.488680e+01  2.200000e+01
     vertex  1.745179e+00  1.489813e+01  4.000000e+01
     vertex  2.153238e+00  1.484465e+01  4.000000e+01
   endloop
 endfacet
 facet normal  1.361666e-01  9.906859e-01 -5.457449e-05
   outer loop
     vertex  1.839337e+00  1.488680e+01  2.200000e+01
     vertex  2.153238e+00  1.484465e+01  4.000000e+01
     vertex  2.245281e+00  1.483101e+01  2.200000e+01
   endloop
 endfacet
 facet normal  1.571119e-01  9.875808e-01 -5.488281e-05
   outer loop
     vertex  2.153238e+00  1.484465e+01  0.000000e+00
     vertex  2.245281e+00  1.483101e+01  1.800000e+01
     vertex  2.559676e+00  1.477999e+01  0.000000e+00
   endloop
 endfacet
 facet normal  1.361666e-01  9.906859e-01  5.457449e-05
   outer loop
     vertex  2.153238e+00  1.484465e+01  0.000000e+00
     vertex  1.839337e+00  1.488680e+01  1.800000e+01
     vertex  2.245281e+00  1.483101e+01  1.800000e+01
   endloop
 endfacet
 facet normal  1.090555e-01  9.940357e-01 -5.530975e-05
   outer loop
     vertex  1.432021e+00  1.493149e+01  2.200000e+01
     vertex  1.745179e+00  1.489813e+01  4.000000e+01
     vertex  1.839337e+00  1.488680e+01  2.200000e+01
   endloop
 endfacet
 facet normal  1.027091e-01  9.947114e-01  5.635333e-05
   outer loop
     vertex  1.432021e+00  1.493149e+01  2.200000e+01
     vertex  1.335806e+00  1.494040e+01  4.000000e+01
     vertex  1.745179e+00  1.489813e+01  4.000000e+01
   endloop
 endfacet
 facet normal  1.299594e-01  9.915193e-01 -5.562400e-05
   outer loop
     vertex  1.745179e+00  1.489813e+01  0.000000e+00
     vertex  1.839337e+00  1.488680e+01  1.800000e+01
     vertex  2.153238e+00  1.484465e+01  0.000000e+00
   endloop
 endfacet
 facet normal  1.090555e-01  9.940357e-01  5.530975e-05
   outer loop
     vertex  1.745179e+00  1.489813e+01  0.000000e+00
     vertex  1.432021e+00  1.493149e+01  1.800000e+01
     vertex  1.839337e+00  1.488680e+01  1.800000e+01
   endloop
 endfacet
 facet normal  7.538152e-02  9.971548e-01  5.707080e-05
   outer loop
     vertex  1.023636e+00  1.496503e+01  2.200000e+01
     vertex  9.254272e-01  1.497143e+01  4.000000e+01
     vertex  1.335806e+00  1.494040e+01  4.000000e+01
   endloop
 endfacet
 facet normal  8.186288e-02  9.966436e-01 -5.603315e-05
   outer loop
     vertex  1.023636e+00  1.496503e+01  2.200000e+01
     vertex  1.335806e+00  1.494040e+01  4.000000e+01
     vertex  1.432021e+00  1.493149e+01  2.200000e+01
   endloop
 endfacet
 facet normal  1.027091e-01  9.947114e-01 -5.635333e-05
   outer loop
     vertex  1.335806e+00  1.494040e+01  0.000000e+00
     vertex  1.432021e+00  1.493149e+01  1.800000e+01
     vertex  1.745179e+00  1.489813e+01  0.000000e+00
   endloop
 endfacet
 facet normal  8.186288e-02  9.966436e-01  5.603315e-05
   outer loop
     vertex  1.335806e+00  1.494040e+01  0.000000e+00
     vertex  1.023636e+00  1.496503e+01  1.800000e+01
     vertex  1.432021e+00  1.493149e+01  1.800000e+01
   endloop
 endfacet
 facet normal  4.799716e-02  9.988475e-01  5.777641e-05
   outer loop
     vertex  6.144874e-01  1.498741e+01  2.200000e+01
     vertex  5.143521e-01  1.499118e+01  4.000000e+01
     vertex  9.254272e-01  1.497143e+01  4.000000e+01
   endloop
 endfacet
 facet normal  5.460922e-02  9.985078e-01 -5.674469e-05
   outer loop
     vertex  6.144874e-01  1.498741e+01  2.200000e+01
     vertex  9.254272e-01  1.497143e+01  4.000000e+01
     vertex  1.023636e+00  1.496503e+01  2.200000e+01
   endloop
 endfacet
 facet normal  7.538152e-02  9.971548e-01 -5.707080e-05
   outer loop
     vertex  9.254272e-01  1.497143e+01  0.000000e+00
     vertex  1.023636e+00  1.496503e+01  1.800000e+01
     vertex  1.335806e+00  1.494040e+01  0.000000e+00
   endloop
 endfacet
 facet normal  5.460922e-02  9.985078e-01  5.674469e-05
   outer loop
     vertex  9.254272e-01  1.497143e+01  0.000000e+00
     vertex  6.144874e-01  1.498741e+01  1.800000e+01
     vertex  1.023636e+00  1.496503e+01  1.800000e+01
   endloop
 endfacet
 facet normal  2.057667e-02  9.997883e-01  5.847016e-05
   outer loop
     vertex  2.048801e-01  1.499860e+01  2.200000e+01
     vertex  1.028898e-01  1.499965e+01  4.000000e+01
     vertex  5.143521e-01  1.499118e+01  4.000000e+01
   endloop
 endfacet
 facet normal  2.731480e-02  9.996269e-01 -5.744437e-05
   outer loop
     vertex  2.048801e-01  1.499860e+01  2.200000e+01
     vertex  5.143521e-01  1.499118e+01  4.000000e+01
     vertex  6.144874e-01  1.498741e+01  2.200000e+01
   endloop
 endfacet
 facet normal  4.799716e-02  9.988475e-01 -5.777641e-05
   outer loop
     vertex  5.143521e-01  1.499118e+01  0.000000e+00
     vertex  6.144874e-01  1.498741e+01  1.800000e+01
     vertex  9.254272e-01  1.497143e+01  0.000000e+00
   endloop
 endfacet
 facet normal  2.731480e-02  9.996269e-01  5.744437e-05
   outer loop
     vertex  5.143521e-01  1.499118e+01  0.000000e+00
     vertex  2.048801e-01  1.499860e+01  1.800000e+01
     vertex  6.144874e-01  1.498741e+01  1.800000e+01
   endloop
 endfacet
 facet normal -6.859319e-03  9.999765e-01  5.915205e-05
   outer loop
     vertex -2.048801e-01  1.499860e+01  2.200000e+01
     vertex -3.086500e-01  1.499682e+01  4.000000e+01
     vertex  1.028898e-01  1.499965e+01  4.000000e+01
   endloop
 endfacet
 facet normal -4.335113e-15  1.000000e+00 -5.813219e-05
   outer loop
     vertex -2.048801e-01  1.499860e+01  2.200000e+01
     vertex  1.028898e-01  1.499965e+01  4.000000e+01
     vertex  2.048801e-01  1.499860e+01  2.200000e+01
   endloop
 endfacet
 facet normal  2.057667e-02  9.997883e-01 -5.847016e-05
   outer loop
     vertex  1.028898e-01  1.499965e+01  0.000000e+00
     vertex  2.048801e-01  1.499860e+01  1.800000e+01
     vertex  5.143521e-01  1.499118e+01  0.000000e+00
   endloop
 endfacet
 facet normal -4.335079e-15  1.000000e+00  5.813219e-05
   outer loop
     vertex  1.028898e-01  1.499965e+01  0.000000e+00
     vertex -2.048801e-01  1.499860e+01  1.800000e+01
     vertex  2.048801e-01  1.499860e+01  1.800000e+01
   endloop
 endfacet
 facet normal -3.429014e-02  9.994119e-01  5.982209e-05
   outer loop
     vertex -6.144874e-01  1.498741e+01  2.200000e+01
     vertex -7.199574e-01  1.498271e+01  4.000000e+01
     vertex -3.086500e-01  1.499682e+01  4.000000e+01
   endloop
 endfacet
 facet normal -2.731480e-02  9.996269e-01 -5.880816e-05
   outer loop
     vertex -6.144874e-01  1.498741e+01  2.200000e+01
     vertex -3.086500e-01  1.499682e+01  4.000000e+01
     vertex -2.048801e-01  1.499860e+01  2.200000e+01
   endloop
 endfacet
 facet normal -6.859319e-03  9.999765e-01 -5.915205e-05
   outer loop
     vertex -3.086500e-01  1.499682e+01  0.000000e+00
     vertex -2.048801e-01  1.499860e+01  1.800000e+01
     vertex  1.028898e-01  1.499965e+01  0.000000e+00
   endloop
 endfacet
 facet normal -2.731480e-02  9.996269e-01  5.880816e-05
   outer loop
     vertex -3.086500e-01  1.499682e+01  0.000000e+00
     vertex -6.144874e-01  1.498741e+01  1.800000e+01
     vertex -2.048801e-01  1.499860e+01  1.800000e+01
   endloop
 endfacet
 facet normal -6.169515e-02  9.980950e-01  6.048026e-05
   outer loop
     vertex -1.023636e+00  1.496503e+01  2.200000e+01
     vertex -1.130723e+00  1.495732e+01  4.000000e+01
     vertex -7.199574e-01  1.498271e+01  4.000000e+01
   endloop
 endfacet
 facet normal -5.460922e-02  9.985078e-01 -5.947226e-05
   outer loop
     vertex -1.023636e+00  1.496503e+01  2.200000e+01
     vertex -7.199574e-01  1.498271e+01  4.000000e+01
     vertex -6.144874e-01  1.498741e+01  2.200000e+01
   endloop
 endfacet
 facet normal -3.429014e-02  9.994119e-01 -5.982209e-05
   outer loop
     vertex -7.199574e-01  1.498271e+01  0.000000e+00
     vertex -6.144874e-01  1.498741e+01  1.800000e+01
     vertex -3.086500e-01  1.499682e+01  0.000000e+00
   endloop
 endfacet
 facet normal -5.460922e-02  9.985078e-01  5.947226e-05
   outer loop
     vertex -7.199574e-01  1.498271e+01  0.000000e+00
     vertex -1.023636e+00  1.496503e+01  1.800000e+01
     vertex -6.144874e-01  1.498741e+01  1.800000e+01
   endloop
 endfacet
 facet normal -8.905371e-02  9.960268e-01  6.112658e-05
   outer loop
     vertex -1.432021e+00  1.493149e+01  2.200000e+01
     vertex -1.540637e+00  1.492067e+01  4.000000e+01
     vertex -1.130723e+00  1.495732e+01  4.000000e+01
   endloop
 endfacet
 facet normal -8.186288e-02  9.966436e-01 -6.012451e-05
   outer loop
     vertex -1.432021e+00  1.493149e+01  2.200000e+01
     vertex -1.130723e+00  1.495732e+01  4.000000e+01
     vertex -1.023636e+00  1.496503e+01  2.200000e+01
   endloop
 endfacet
 facet normal -6.169515e-02  9.980950e-01 -6.048026e-05
   outer loop
     vertex -1.130723e+00  1.495732e+01  0.000000e+00
     vertex -1.023636e+00  1.496503e+01  1.800000e+01
     vertex -7.199574e-01  1.498271e+01  0.000000e+00
   endloop
 endfacet
 facet normal -8.186288e-02  9.966436e-01  6.012451e-05
   outer loop
     vertex -1.130723e+00  1.495732e+01  0.000000e+00
     vertex -1.432021e+00  1.493149e+01  1.800000e+01
     vertex -1.023636e+00  1.496503e+01  1.800000e+01
   endloop
 endfacet
 facet normal -1.163452e-01  9.932088e-01  6.176104e-05
   outer loop
     vertex -1.839337e+00  1.488680e+01  2.200000e+01
     vertex -1.949392e+00  1.487279e+01  4.000000e+01
     vertex -1.540637e+00  1.492067e+01  4.000000e+01
   endloop
 endfacet
 facet normal -1.090555e-01  9.940357e-01 -6.076489e-05
   outer loop
     vertex -1.839337e+00  1.488680e+01  2.200000e+01
     vertex -1.540637e+00  1.492067e+01  4.000000e+01
     vertex -1.432021e+00  1.493149e+01  2.200000e+01
   endloop
 endfacet
 facet normal -8.905371e-02  9.960268e-01 -6.112658e-05
   outer loop
     vertex -1.540637e+00  1.492067e+01  0.000000e+00
     vertex -1.432021e+00  1.493149e+01  1.800000e+01
     vertex -1.130723e+00  1.495732e+01  0.000000e+00
   endloop
 endfacet
 facet normal -1.090555e-01  9.940357e-01  6.076489e-05
   outer loop
     vertex -1.540637e+00  1.492067e+01  0.000000e+00
     vertex -1.839337e+00  1.488680e+01  1.800000e+01
     vertex -1.432021e+00  1.493149e+01  1.800000e+01
   endloop
 endfacet
 facet normal -1.435492e-01  9.896432e-01  6.238363e-05
   outer loop
     vertex -2.245281e+00  1.483101e+01  2.200000e+01
     vertex -2.356679e+00  1.481371e+01  4.000000e+01
     vertex -1.949392e+00  1.487279e+01  4.000000e+01
   endloop
 endfacet
 facet normal -1.361666e-01  9.906859e-01 -6.139342e-05
   outer loop
     vertex -2.245281e+00  1.483101e+01  2.200000e+01
     vertex -1.949392e+00  1.487279e+01  4.000000e+01
     vertex -1.839337e+00  1.488680e+01  2.200000e+01
   endloop
 endfacet
 facet normal -1.163452e-01  9.932088e-01 -6.176104e-05
   outer loop
     vertex -1.949392e+00  1.487279e+01  0.000000e+00
     vertex -1.839337e+00  1.488680e+01  1.800000e+01
     vertex -1.540637e+00  1.492067e+01  0.000000e+00
   endloop
 endfacet
 facet normal -1.361666e-01  9.906859e-01  6.139342e-05
   outer loop
     vertex -1.949392e+00  1.487279e+01  0.000000e+00
     vertex -2.245281e+00  1.483101e+01  1.800000e+01
     vertex -1.839337e+00  1.488680e+01  1.800000e+01
   endloop
 endfacet
 facet normal -1.706451e-01  9.853326e-01  6.299437e-05
   outer loop
     vertex -2.649549e+00  1.476414e+01  2.200000e+01
     vertex -2.762192e+00  1.474348e+01  4.000000e+01
     vertex -2.356679e+00  1.481371e+01  4.000000e+01
   endloop
 endfacet
 facet normal -1.631762e-01  9.865969e-01 -6.201009e-05
   outer loop
     vertex -2.649549e+00  1.476414e+01  2.200000e+01
     vertex -2.356679e+00  1.481371e+01  4.000000e+01
     vertex -2.245281e+00  1.483101e+01  2.200000e+01
   endloop
 endfacet
 facet normal -1.631762e-01  9.865969e-01  6.201009e-05
   outer loop
     vertex -2.356679e+00  1.481371e+01  0.000000e+00
     vertex -2.649549e+00  1.476414e+01  1.800000e+01
     vertex -2.245281e+00  1.483101e+01  1.800000e+01
   endloop
 endfacet
 facet normal -1.435492e-01  9.896432e-01 -6.238363e-05
   outer loop
     vertex -2.356679e+00  1.481371e+01  0.000000e+00
     vertex -2.245281e+00  1.483101e+01  1.800000e+01
     vertex -1.949392e+00  1.487279e+01  0.000000e+00
   endloop
 endfacet
 facet normal -1.976125e-01  9.802802e-01  6.359326e-05
   outer loop
     vertex -3.051840e+00  1.468626e+01  2.200000e+01
     vertex -3.165626e+00  1.466216e+01  4.000000e+01
     vertex -2.762192e+00  1.474348e+01  4.000000e+01
   endloop
 endfacet
 facet normal -1.900640e-01  9.817717e-01 -6.261490e-05
   outer loop
     vertex -3.051840e+00  1.468626e+01  2.200000e+01
     vertex -2.762192e+00  1.474348e+01  4.000000e+01
     vertex -2.649549e+00  1.476414e+01  2.200000e+01
   endloop
 endfacet
 facet normal -1.900640e-01  9.817717e-01  6.261490e-05
   outer loop
     vertex -2.762192e+00  1.474348e+01  0.000000e+00
     vertex -3.051840e+00  1.468626e+01  1.800000e+01
     vertex -2.649549e+00  1.476414e+01  1.800000e+01
   endloop
 endfacet
 facet normal -1.706451e-01  9.853326e-01 -6.299437e-05
   outer loop
     vertex -2.762192e+00  1.474348e+01  0.000000e+00
     vertex -2.649549e+00  1.476414e+01  1.800000e+01
     vertex -2.356679e+00  1.481371e+01  0.000000e+00
   endloop
 endfacet
 facet normal -2.168100e-01  9.762138e-01 -6.320785e-05
   outer loop
     vertex -3.451854e+00  1.459742e+01  2.200000e+01
     vertex -3.165626e+00  1.466216e+01  4.000000e+01
     vertex -3.051840e+00  1.468626e+01  2.200000e+01
   endloop
 endfacet
 facet normal -2.244312e-01  9.744899e-01  6.418028e-05
   outer loop
     vertex -3.451854e+00  1.459742e+01  2.200000e+01
     vertex -3.566676e+00  1.456979e+01  4.000000e+01
     vertex -3.165626e+00  1.466216e+01  4.000000e+01
   endloop
 endfacet
 facet normal -1.976125e-01  9.802802e-01 -6.359326e-05
   outer loop
     vertex -3.165626e+00  1.466216e+01  0.000000e+00
     vertex -3.051840e+00  1.468626e+01  1.800000e+01
     vertex -2.762192e+00  1.474348e+01  0.000000e+00
   endloop
 endfacet
 facet normal -2.168100e-01  9.762138e-01  6.320785e-05
   outer loop
     vertex -3.165626e+00  1.466216e+01  0.000000e+00
     vertex -3.451854e+00  1.459742e+01  1.800000e+01
     vertex -3.051840e+00  1.468626e+01  1.800000e+01
   endloop
 endfacet
 facet normal -2.433942e-01  9.699274e-01 -6.378895e-05
   outer loop
     vertex -3.849291e+00  1.449769e+01  2.200000e+01
     vertex -3.566676e+00  1.456979e+01  4.000000e+01
     vertex -3.451854e+00  1.459742e+01  2.200000e+01
   endloop
 endfacet
 facet normal -2.510809e-01  9.679661e-01  6.475544e-05
   outer loop
     vertex -3.849291e+00  1.449769e+01  2.200000e+01
     vertex -3.965042e+00  1.446646e+01  4.000000e+01
     vertex -3.566676e+00  1.456979e+01  4.000000e+01
   endloop
 endfacet
 facet normal -2.244312e-01  9.744899e-01 -6.418028e-05
   outer loop
     vertex -3.566676e+00  1.456979e+01  0.000000e+00
     vertex -3.451854e+00  1.459742e+01  1.800000e+01
     vertex -3.165626e+00  1.466216e+01  0.000000e+00
   endloop
 endfacet
 facet normal -2.433942e-01  9.699274e-01  6.378895e-05
   outer loop
     vertex -3.566676e+00  1.456979e+01  0.000000e+00
     vertex -3.849291e+00  1.449769e+01  1.800000e+01
     vertex -3.451854e+00  1.459742e+01  1.800000e+01
   endloop
 endfacet
 facet normal -2.697968e-01  9.629173e-01 -6.435818e-05
   outer loop
     vertex -4.243857e+00  1.438714e+01  2.200000e+01
     vertex -3.965042e+00  1.446646e+01  4.000000e+01
     vertex -3.849291e+00  1.449769e+01  2.200000e+01
   endloop
 endfacet
 facet normal -2.775416e-01  9.607136e-01  6.531875e-05
   outer loop
     vertex -4.243857e+00  1.438714e+01  2.200000e+01
     vertex -4.360424e+00  1.435224e+01  4.000000e+01
     vertex -3.965042e+00  1.446646e+01  4.000000e+01
   endloop
 endfacet
 facet normal -2.510809e-01  9.679661e-01 -6.475544e-05
   outer loop
     vertex -3.965042e+00  1.446646e+01  0.000000e+00
     vertex -3.849291e+00  1.449769e+01  1.800000e+01
     vertex -3.566676e+00  1.456979e+01  0.000000e+00
   endloop
 endfacet
 facet normal -2.697968e-01  9.629173e-01  6.435818e-05
   outer loop
     vertex -3.965042e+00  1.446646e+01  0.000000e+00
     vertex -4.243857e+00  1.438714e+01  1.800000e+01
     vertex -3.849291e+00  1.449769e+01  1.800000e+01
   endloop
 endfacet
 facet normal -3.037934e-01  9.527379e-01  6.587019e-05
   outer loop
     vertex -4.635255e+00  1.426585e+01  2.200000e+01
     vertex -4.752522e+00  1.422721e+01  4.000000e+01
     vertex -4.360424e+00  1.435224e+01  4.000000e+01
   endloop
 endfacet
 facet normal -2.959980e-01  9.551886e-01 -6.491556e-05
   outer loop
     vertex -4.635255e+00  1.426585e+01  2.200000e+01
     vertex -4.360424e+00  1.435224e+01  4.000000e+01
     vertex -4.243857e+00  1.438714e+01  2.200000e+01
   endloop
 endfacet
 facet normal -2.775416e-01  9.607136e-01 -6.531875e-05
   outer loop
     vertex -4.360424e+00  1.435224e+01  0.000000e+00
     vertex -4.243857e+00  1.438714e+01  1.800000e+01
     vertex -3.965042e+00  1.446646e+01  0.000000e+00
   endloop
 endfacet
 facet normal -2.959980e-01  9.551886e-01  6.491556e-05
   outer loop
     vertex -4.360424e+00  1.435224e+01  0.000000e+00
     vertex -4.635255e+00  1.426585e+01  1.800000e+01
     vertex -4.243857e+00  1.438714e+01  1.800000e+01
   endloop
 endfacet
 facet normal -3.298166e-01  9.440450e-01  6.640978e-05
   outer loop
     vertex -5.023194e+00  1.413391e+01  2.200000e+01
     vertex -5.141043e+00  1.409148e+01  4.000000e+01
     vertex -4.752522e+00  1.422721e+01  4.000000e+01
   endloop
 endfacet
 facet normal -3.219783e-01  9.467470e-01 -6.546107e-05
   outer loop
     vertex -5.023194e+00  1.413391e+01  2.200000e+01
     vertex -4.752522e+00  1.422721e+01  4.000000e+01
     vertex -4.635255e+00  1.426585e+01  2.200000e+01
   endloop
 endfacet
 facet normal -3.037934e-01  9.527379e-01 -6.587019e-05
   outer loop
     vertex -4.752522e+00  1.422721e+01  0.000000e+00
     vertex -4.635255e+00  1.426585e+01  1.800000e+01
     vertex -4.360424e+00  1.435224e+01  0.000000e+00
   endloop
 endfacet
 facet normal -3.219783e-01  9.467470e-01  6.546107e-05
   outer loop
     vertex -4.752522e+00  1.422721e+01  0.000000e+00
     vertex -5.023194e+00  1.413391e+01  1.800000e+01
     vertex -4.635255e+00  1.426585e+01  1.800000e+01
   endloop
 endfacet
 facet normal -3.555914e-01  9.346415e-01  6.693751e-05
   outer loop
     vertex -5.407385e+00  1.399143e+01  2.200000e+01
     vertex -5.525695e+00  1.394513e+01  4.000000e+01
     vertex -5.141043e+00  1.409148e+01  4.000000e+01
   endloop
 endfacet
 facet normal -3.477184e-01  9.375990e-01 -6.599473e-05
   outer loop
     vertex -5.407385e+00  1.399143e+01  2.200000e+01
     vertex -5.141043e+00  1.409148e+01  4.000000e+01
     vertex -5.023194e+00  1.413391e+01  2.200000e+01
   endloop
 endfacet
 facet normal -3.298166e-01  9.440450e-01 -6.640978e-05
   outer loop
     vertex -5.141043e+00  1.409148e+01  0.000000e+00
     vertex -5.023194e+00  1.413391e+01  1.800000e+01
     vertex -4.752522e+00  1.422721e+01  0.000000e+00
   endloop
 endfacet
 facet normal -3.477184e-01  9.375990e-01  6.599473e-05
   outer loop
     vertex -5.141043e+00  1.409148e+01  0.000000e+00
     vertex -5.407385e+00  1.399143e+01  1.800000e+01
     vertex -5.023194e+00  1.413391e+01  1.800000e+01
   endloop
 endfacet
 facet normal -3.810986e-01  9.245344e-01  6.745337e-05
   outer loop
     vertex -5.787541e+00  1.383851e+01  2.200000e+01
     vertex -5.906186e+00  1.378829e+01  4.000000e+01
     vertex -5.525695e+00  1.394513e+01  4.000000e+01
   endloop
 endfacet
 facet normal -3.731990e-01  9.277513e-01 -6.651653e-05
   outer loop
     vertex -5.787541e+00  1.383851e+01  2.200000e+01
     vertex -5.525695e+00  1.394513e+01  4.000000e+01
     vertex -5.407385e+00  1.399143e+01  2.200000e+01
   endloop
 endfacet
 facet normal -3.555914e-01  9.346415e-01 -6.693751e-05
   outer loop
     vertex -5.525695e+00  1.394513e+01  0.000000e+00
     vertex -5.407385e+00  1.399143e+01  1.800000e+01
     vertex -5.141043e+00  1.409148e+01  0.000000e+00
   endloop
 endfacet
 facet normal -3.731990e-01  9.277513e-01  6.651653e-05
   outer loop
     vertex -5.525695e+00  1.394513e+01  0.000000e+00
     vertex -5.787541e+00  1.383851e+01  1.800000e+01
     vertex -5.407385e+00  1.399143e+01  1.800000e+01
   endloop
 endfacet
 facet normal -4.063188e-01  9.137314e-01  6.795738e-05
   outer loop
     vertex -6.163377e+00  1.367526e+01  2.200000e+01
     vertex -6.282232e+00  1.362107e+01  4.000000e+01
     vertex -5.906186e+00  1.378829e+01  4.000000e+01
   endloop
 endfacet
 facet normal -3.984011e-01  9.172113e-01 -6.702647e-05
   outer loop
     vertex -6.163377e+00  1.367526e+01  2.200000e+01
     vertex -5.906186e+00  1.378829e+01  4.000000e+01
     vertex -5.787541e+00  1.383851e+01  2.200000e+01
   endloop
 endfacet
 facet normal -3.984011e-01  9.172113e-01  6.702647e-05
   outer loop
     vertex -5.906186e+00  1.378829e+01  0.000000e+00
     vertex -6.163377e+00  1.367526e+01  1.800000e+01
     vertex -5.787541e+00  1.383851e+01  1.800000e+01
   endloop
 endfacet
 facet normal -3.810986e-01  9.245344e-01 -6.745337e-05
   outer loop
     vertex -5.906186e+00  1.378829e+01  0.000000e+00
     vertex -5.787541e+00  1.383851e+01  1.800000e+01
     vertex -5.525695e+00  1.394513e+01  0.000000e+00
   endloop
 endfacet
 facet normal -4.312333e-01  9.022405e-01  6.844953e-05
   outer loop
     vertex -6.534615e+00  1.350181e+01  2.200000e+01
     vertex -6.653549e+00  1.344360e+01  4.000000e+01
     vertex -6.282232e+00  1.362107e+01  4.000000e+01
   endloop
 endfacet
 facet normal -4.233059e-01  9.059868e-01 -6.752455e-05
   outer loop
     vertex -6.534615e+00  1.350181e+01  2.200000e+01
     vertex -6.282232e+00  1.362107e+01  4.000000e+01
     vertex -6.163377e+00  1.367526e+01  2.200000e+01
   endloop
 endfacet
 facet normal -4.233059e-01  9.059868e-01  6.752455e-05
   outer loop
     vertex -6.282232e+00  1.362107e+01  0.000000e+00
     vertex -6.534615e+00  1.350181e+01  1.800000e+01
     vertex -6.163377e+00  1.367526e+01  1.800000e+01
   endloop
 endfacet
 facet normal -4.063188e-01  9.137314e-01 -6.795738e-05
   outer loop
     vertex -6.282232e+00  1.362107e+01  0.000000e+00
     vertex -6.163377e+00  1.367526e+01  1.800000e+01
     vertex -5.906186e+00  1.378829e+01  0.000000e+00
   endloop
 endfacet
 facet normal -4.558231e-01  8.900704e-01  6.892983e-05
   outer loop
     vertex -6.900976e+00  1.331828e+01  2.200000e+01
     vertex -7.019857e+00  1.325600e+01  4.000000e+01
     vertex -6.653549e+00  1.344360e+01  4.000000e+01
   endloop
 endfacet
 facet normal -4.478948e-01  8.940863e-01 -6.801077e-05
   outer loop
     vertex -6.900976e+00  1.331828e+01  2.200000e+01
     vertex -6.653549e+00  1.344360e+01  4.000000e+01
     vertex -6.534615e+00  1.350181e+01  2.200000e+01
   endloop
 endfacet
 facet normal -4.478948e-01  8.940863e-01  6.801077e-05
   outer loop
     vertex -6.653549e+00  1.344360e+01  0.000000e+00
     vertex -6.900976e+00  1.331828e+01  1.800000e+01
     vertex -6.534615e+00  1.350181e+01  1.800000e+01
   endloop
 endfacet
 facet normal -4.312333e-01  9.022405e-01 -6.844953e-05
   outer loop
     vertex -6.653549e+00  1.344360e+01  0.000000e+00
     vertex -6.534615e+00  1.350181e+01  1.800000e+01
     vertex -6.282232e+00  1.362107e+01  0.000000e+00
   endloop
 endfacet
 facet normal -4.800697e-01  8.772303e-01  6.939826e-05
   outer loop
     vertex -7.262187e+00  1.312481e+01  2.200000e+01
     vertex -7.380880e+00  1.305843e+01  4.000000e+01
     vertex -7.019857e+00  1.325600e+01  4.000000e+01
   endloop
 endfacet
 facet normal -4.721495e-01  8.815185e-01 -6.848513e-05
   outer loop
     vertex -7.262187e+00  1.312481e+01  2.200000e+01
     vertex -7.019857e+00  1.325600e+01  4.000000e+01
     vertex -6.900976e+00  1.331828e+01  2.200000e+01
   endloop
 endfacet
 facet normal -4.721495e-01  8.815185e-01  6.848513e-05
   outer loop
     vertex -7.019857e+00  1.325600e+01  0.000000e+00
     vertex -7.262187e+00  1.312481e+01  1.800000e+01
     vertex -6.900976e+00  1.331828e+01  1.800000e+01
   endloop
 endfacet
 facet normal -4.558231e-01  8.900704e-01 -6.892983e-05
   outer loop
     vertex -7.019857e+00  1.325600e+01  0.000000e+00
     vertex -6.900976e+00  1.331828e+01  1.800000e+01
     vertex -6.653549e+00  1.344360e+01  0.000000e+00
   endloop
 endfacet
 facet normal -5.039550e-01  8.637299e-01  6.985483e-05
   outer loop
     vertex -7.617979e+00  1.292155e+01  2.200000e+01
     vertex -7.736348e+00  1.285103e+01  4.000000e+01
     vertex -7.380880e+00  1.305843e+01  4.000000e+01
   endloop
 endfacet
 facet normal -4.960518e-01  8.682929e-01 -6.894763e-05
   outer loop
     vertex -7.617979e+00  1.292155e+01  2.200000e+01
     vertex -7.380880e+00  1.305843e+01  4.000000e+01
     vertex -7.262187e+00  1.312481e+01  2.200000e+01
   endloop
 endfacet
 facet normal -4.960518e-01  8.682929e-01  6.894763e-05
   outer loop
     vertex -7.380880e+00  1.305843e+01  0.000000e+00
     vertex -7.617979e+00  1.292155e+01  1.800000e+01
     vertex -7.262187e+00  1.312481e+01  1.800000e+01
   endloop
 endfacet
 facet normal -4.800697e-01  8.772303e-01 -6.939826e-05
   outer loop
     vertex -7.380880e+00  1.305843e+01  0.000000e+00
     vertex -7.262187e+00  1.312481e+01  1.800000e+01
     vertex -7.019857e+00  1.325600e+01  0.000000e+00
   endloop
 endfacet
 facet normal -5.274609e-01  8.495793e-01  7.029955e-05
   outer loop
     vertex -7.968086e+00  1.270864e+01  2.200000e+01
     vertex -8.085992e+00  1.263395e+01  4.000000e+01
     vertex -7.736348e+00  1.285103e+01  4.000000e+01
   endloop
 endfacet
 facet normal -5.195839e-01  8.544194e-01 -6.939828e-05
   outer loop
     vertex -7.968086e+00  1.270864e+01  2.200000e+01
     vertex -7.736348e+00  1.285103e+01  4.000000e+01
     vertex -7.617979e+00  1.292155e+01  2.200000e+01
   endloop
 endfacet
 facet normal -5.195839e-01  8.544194e-01  6.939828e-05
   outer loop
     vertex -7.736348e+00  1.285103e+01  0.000000e+00
     vertex -7.968086e+00  1.270864e+01  1.800000e+01
     vertex -7.617979e+00  1.292155e+01  1.800000e+01
   endloop
 endfacet
 facet normal -5.039550e-01  8.637299e-01 -6.985483e-05
   outer loop
     vertex -7.736348e+00  1.285103e+01  0.000000e+00
     vertex -7.617979e+00  1.292155e+01  1.800000e+01
     vertex -7.380880e+00  1.305843e+01  0.000000e+00
   endloop
 endfacet
 facet normal -5.505698e-01  8.347891e-01  7.073240e-05
   outer loop
     vertex -8.312247e+00  1.248625e+01  2.200000e+01
     vertex -8.429549e+00  1.240737e+01  4.000000e+01
     vertex -8.085992e+00  1.263395e+01  4.000000e+01
   endloop
 endfacet
 facet normal -5.427284e-01  8.399083e-01 -6.983706e-05
   outer loop
     vertex -8.312247e+00  1.248625e+01  2.200000e+01
     vertex -8.085992e+00  1.263395e+01  4.000000e+01
     vertex -7.968086e+00  1.270864e+01  2.200000e+01
   endloop
 endfacet
 facet normal -5.427284e-01  8.399083e-01  6.983706e-05
   outer loop
     vertex -8.085992e+00  1.263395e+01  0.000000e+00
     vertex -8.312247e+00  1.248625e+01  1.800000e+01
     vertex -7.968086e+00  1.270864e+01  1.800000e+01
   endloop
 endfacet
 facet normal -5.274609e-01  8.495793e-01 -7.029955e-05
   outer loop
     vertex -8.085992e+00  1.263395e+01  0.000000e+00
     vertex -7.968086e+00  1.270864e+01  1.800000e+01
     vertex -7.736348e+00  1.285103e+01  0.000000e+00
   endloop
 endfacet
 facet normal -5.654678e-01  8.247704e-01 -7.026399e-05
   outer loop
     vertex -8.650205e+00  1.225455e+01  2.200000e+01
     vertex -8.429549e+00  1.240737e+01  4.000000e+01
     vertex -8.312247e+00  1.248625e+01  2.200000e+01
   endloop
 endfacet
 facet normal -5.732642e-01  8.193706e-01  7.115340e-05
   outer loop
     vertex -8.650205e+00  1.225455e+01  2.200000e+01
     vertex -8.766760e+00  1.217144e+01  4.000000e+01
     vertex -8.429549e+00  1.240737e+01  4.000000e+01
   endloop
 endfacet
 facet normal -5.654678e-01  8.247704e-01  7.026399e-05
   outer loop
     vertex -8.429549e+00  1.240737e+01  0.000000e+00
     vertex -8.650205e+00  1.225455e+01  1.800000e+01
     vertex -8.312247e+00  1.248625e+01  1.800000e+01
   endloop
 endfacet
 facet normal -5.505698e-01  8.347891e-01 -7.073240e-05
   outer loop
     vertex -8.429549e+00  1.240737e+01  0.000000e+00
     vertex -8.312247e+00  1.248625e+01  1.800000e+01
     vertex -8.085992e+00  1.263395e+01  0.000000e+00
   endloop
 endfacet
 facet normal -5.877853e-01  8.090170e-01 -7.067906e-05
   outer loop
     vertex -8.981708e+00  1.201370e+01  2.200000e+01
     vertex -8.766760e+00  1.217144e+01  4.000000e+01
     vertex -8.650205e+00  1.225455e+01  2.200000e+01
   endloop
 endfacet
 facet normal -5.955271e-01  8.033352e-01  7.156254e-05
   outer loop
     vertex -8.981708e+00  1.201370e+01  2.200000e+01
     vertex -9.097372e+00  1.192635e+01  4.000000e+01
     vertex -8.766760e+00  1.217144e+01  4.000000e+01
   endloop
 endfacet
 facet normal -5.877853e-01  8.090170e-01  7.067906e-05
   outer loop
     vertex -8.766760e+00  1.217144e+01  0.000000e+00
     vertex -8.981708e+00  1.201370e+01  1.800000e+01
     vertex -8.650205e+00  1.225455e+01  1.800000e+01
   endloop
 endfacet
 facet normal -5.732642e-01  8.193706e-01 -7.115340e-05
   outer loop
     vertex -8.766760e+00  1.217144e+01  0.000000e+00
     vertex -8.650205e+00  1.225455e+01  1.800000e+01
     vertex -8.429549e+00  1.240737e+01  0.000000e+00
   endloop
 endfacet
 facet normal -6.096641e-01  7.926599e-01 -7.108227e-05
   outer loop
     vertex -9.306508e+00  1.176388e+01  2.200000e+01
     vertex -9.097372e+00  1.192635e+01  4.000000e+01
     vertex -8.981708e+00  1.201370e+01  2.200000e+01
   endloop
 endfacet
 facet normal -6.173417e-01  7.866951e-01  7.195982e-05
   outer loop
     vertex -9.306508e+00  1.176388e+01  2.200000e+01
     vertex -9.421136e+00  1.167228e+01  4.000000e+01
     vertex -9.097372e+00  1.192635e+01  4.000000e+01
   endloop
 endfacet
 facet normal -6.096641e-01  7.926599e-01  7.108227e-05
   outer loop
     vertex -9.097372e+00  1.192635e+01  0.000000e+00
     vertex -9.306508e+00  1.176388e+01  1.800000e+01
     vertex -8.981708e+00  1.201370e+01  1.800000e+01
   endloop
 endfacet
 facet normal -5.955271e-01  8.033352e-01 -7.156254e-05
   outer loop
     vertex -9.097372e+00  1.192635e+01  0.000000e+00
     vertex -8.981708e+00  1.201370e+01  1.800000e+01
     vertex -8.766760e+00  1.217144e+01  0.000000e+00
   endloop
 endfacet
 facet normal -6.310879e-01  7.757113e-01 -7.147361e-05
   outer loop
     vertex -9.624364e+00  1.150529e+01  2.200000e+01
     vertex -9.421136e+00  1.167228e+01  4.000000e+01
     vertex -9.306508e+00  1.176388e+01  2.200000e+01
   endloop
 endfacet
 facet normal -6.386916e-01  7.694628e-01  7.234524e-05
   outer loop
     vertex -9.624364e+00  1.150529e+01  2.200000e+01
     vertex -9.737808e+00  1.140943e+01  4.000000e+01
     vertex -9.421136e+00  1.167228e+01  4.000000e+01
   endloop
 endfacet
 facet normal -6.310879e-01  7.757113e-01  7.147361e-05
   outer loop
     vertex -9.421136e+00  1.167228e+01  0.000000e+00
     vertex -9.624364e+00  1.150529e+01  1.800000e+01
     vertex -9.306508e+00  1.176388e+01  1.800000e+01
   endloop
 endfacet
 facet normal -6.173417e-01  7.866951e-01 -7.195982e-05
   outer loop
     vertex -9.421136e+00  1.167228e+01  0.000000e+00
     vertex -9.306508e+00  1.176388e+01  1.800000e+01
     vertex -9.097372e+00  1.192635e+01  0.000000e+00
   endloop
 endfacet
 facet normal -6.595607e-01  7.516513e-01  7.271880e-05
   outer loop
     vertex -9.935037e+00  1.123811e+01  2.200000e+01
     vertex -1.004715e+01  1.113799e+01  4.000000e+01
     vertex -9.737808e+00  1.140943e+01  4.000000e+01
   endloop
 endfacet
 facet normal -6.520409e-01  7.581838e-01 -7.185311e-05
   outer loop
     vertex -9.935037e+00  1.123811e+01  2.200000e+01
     vertex -9.737808e+00  1.140943e+01  4.000000e+01
     vertex -9.624364e+00  1.150529e+01  2.200000e+01
   endloop
 endfacet
 facet normal -6.520409e-01  7.581838e-01  7.185311e-05
   outer loop
     vertex -9.737808e+00  1.140943e+01  0.000000e+00
     vertex -9.935037e+00  1.123811e+01  1.800000e+01
     vertex -9.624364e+00  1.150529e+01  1.800000e+01
   endloop
 endfacet
 facet normal -6.386916e-01  7.694628e-01 -7.234524e-05
   outer loop
     vertex -9.737808e+00  1.140943e+01  0.000000e+00
     vertex -9.624364e+00  1.150529e+01  1.800000e+01
     vertex -9.421136e+00  1.167228e+01  0.000000e+00
   endloop
 endfacet
 facet normal -6.725072e-01  7.400906e-01 -7.222074e-05
   outer loop
     vertex -1.023830e+01  1.096254e+01  2.200000e+01
     vertex -1.004715e+01  1.113799e+01  4.000000e+01
     vertex -9.935037e+00  1.123811e+01  2.200000e+01
   endloop
 endfacet
 facet normal -6.799333e-01  7.332740e-01  7.308050e-05
   outer loop
     vertex -1.023830e+01  1.096254e+01  2.200000e+01
     vertex -1.034893e+01  1.085816e+01  4.000000e+01
     vertex -1.004715e+01  1.113799e+01  4.000000e+01
   endloop
 endfacet
 facet normal -6.725072e-01  7.400906e-01  7.222074e-05
   outer loop
     vertex -1.004715e+01  1.113799e+01  0.000000e+00
     vertex -1.023830e+01  1.096254e+01  1.800000e+01
     vertex -9.935037e+00  1.123811e+01  1.800000e+01
   endloop
 endfacet
 facet normal -6.595607e-01  7.516513e-01 -7.271880e-05
   outer loop
     vertex -1.004715e+01  1.113799e+01  0.000000e+00
     vertex -9.935037e+00  1.123811e+01  1.800000e+01
     vertex -9.737808e+00  1.140943e+01  0.000000e+00
   endloop
 endfacet
 facet normal -6.997940e-01  7.143447e-01  7.343034e-05
   outer loop
     vertex -1.053392e+01  1.067879e+01  2.200000e+01
     vertex -1.064292e+01  1.057016e+01  4.000000e+01
     vertex -1.034893e+01  1.085816e+01  4.000000e+01
   endloop
 endfacet
 facet normal -6.924717e-01  7.214450e-01 -7.257651e-05
   outer loop
     vertex -1.053392e+01  1.067879e+01  2.200000e+01
     vertex -1.034893e+01  1.085816e+01  4.000000e+01
     vertex -1.023830e+01  1.096254e+01  2.200000e+01
   endloop
 endfacet
 facet normal -6.924717e-01  7.214450e-01  7.257651e-05
   outer loop
     vertex -1.034893e+01  1.085816e+01  0.000000e+00
     vertex -1.053392e+01  1.067879e+01  1.800000e+01
     vertex -1.023830e+01  1.096254e+01  1.800000e+01
   endloop
 endfacet
 facet normal -6.799333e-01  7.332740e-01 -7.308050e-05
   outer loop
     vertex -1.034893e+01  1.085816e+01  0.000000e+00
     vertex -1.023830e+01  1.096254e+01  1.800000e+01
     vertex -1.004715e+01  1.113799e+01  0.000000e+00
   endloop
 endfacet
 facet normal -7.191280e-01  6.948776e-01  7.376833e-05
   outer loop
     vertex -1.082168e+01  1.038708e+01  2.200000e+01
     vertex -1.092889e+01  1.027421e+01  4.000000e+01
     vertex -1.064292e+01  1.057016e+01  4.000000e+01
   endloop
 endfacet
 facet normal -7.119195e-01  7.022611e-01 -7.292042e-05
   outer loop
     vertex -1.082168e+01  1.038708e+01  2.200000e+01
     vertex -1.064292e+01  1.057016e+01  4.000000e+01
     vertex -1.053392e+01  1.067879e+01  2.200000e+01
   endloop
 endfacet
 facet normal -7.119195e-01  7.022611e-01  7.292042e-05
   outer loop
     vertex -1.064292e+01  1.057016e+01  0.000000e+00
     vertex -1.082168e+01  1.038708e+01  1.800000e+01
     vertex -1.053392e+01  1.067879e+01  1.800000e+01
   endloop
 endfacet
 facet normal -6.997940e-01  7.143447e-01 -7.343034e-05
   outer loop
     vertex -1.064292e+01  1.057016e+01  0.000000e+00
     vertex -1.053392e+01  1.067879e+01  1.800000e+01
     vertex -1.034893e+01  1.085816e+01  0.000000e+00
   endloop
 endfacet
 facet normal -7.379206e-01  6.748875e-01  7.409445e-05
   outer loop
     vertex -1.110136e+01  1.008761e+01  2.200000e+01
     vertex -1.120664e+01  9.970515e+00  4.000000e+01
     vertex -1.092889e+01  1.027421e+01  4.000000e+01
   endloop
 endfacet
 facet normal -7.308360e-01  6.825531e-01 -7.325248e-05
   outer loop
     vertex -1.110136e+01  1.008761e+01  2.200000e+01
     vertex -1.092889e+01  1.027421e+01  4.000000e+01
     vertex -1.082168e+01  1.038708e+01  2.200000e+01
   endloop
 endfacet
 facet normal -7.308360e-01  6.825531e-01  7.325248e-05
   outer loop
     vertex -1.092889e+01  1.027421e+01  0.000000e+00
     vertex -1.110136e+01  1.008761e+01  1.800000e+01
     vertex -1.082168e+01  1.038708e+01  1.800000e+01
   endloop
 endfacet
 facet normal -7.191280e-01  6.948776e-01 -7.376833e-05
   outer loop
     vertex -1.092889e+01  1.027421e+01  0.000000e+00
     vertex -1.082168e+01  1.038708e+01  1.800000e+01
     vertex -1.064292e+01  1.057016e+01  0.000000e+00
   endloop
 endfacet
 facet normal -7.561578e-01  6.543893e-01  7.440872e-05
   outer loop
     vertex -1.137276e+01  9.780613e+00  2.200000e+01
     vertex -1.147596e+01  9.659318e+00  4.000000e+01
     vertex -1.120664e+01  9.970515e+00  4.000000e+01
   endloop
 endfacet
 facet normal -7.492071e-01  6.623358e-01 -7.357267e-05
   outer loop
     vertex -1.137276e+01  9.780613e+00  2.200000e+01
     vertex -1.120664e+01  9.970515e+00  4.000000e+01
     vertex -1.110136e+01  1.008761e+01  2.200000e+01
   endloop
 endfacet
 facet normal -7.492071e-01  6.623358e-01  7.357267e-05
   outer loop
     vertex -1.120664e+01  9.970515e+00  0.000000e+00
     vertex -1.137276e+01  9.780613e+00  1.800000e+01
     vertex -1.110136e+01  1.008761e+01  1.800000e+01
   endloop
 endfacet
 facet normal -7.379206e-01  6.748875e-01 -7.409445e-05
   outer loop
     vertex -1.120664e+01  9.970515e+00  0.000000e+00
     vertex -1.110136e+01  1.008761e+01  1.800000e+01
     vertex -1.092889e+01  1.027421e+01  0.000000e+00
   endloop
 endfacet
 facet normal -7.738257e-01  6.333986e-01  7.471112e-05
   outer loop
     vertex -1.163567e+01  9.466319e+00  2.200000e+01
     vertex -1.173663e+01  9.340851e+00  4.000000e+01
     vertex -1.147596e+01  9.659318e+00  4.000000e+01
   endloop
 endfacet
 facet normal -7.670191e-01  6.416243e-01 -7.388101e-05
   outer loop
     vertex -1.163567e+01  9.466319e+00  2.200000e+01
     vertex -1.147596e+01  9.659318e+00  4.000000e+01
     vertex -1.137276e+01  9.780613e+00  2.200000e+01
   endloop
 endfacet
 facet normal -7.561578e-01  6.543893e-01 -7.440872e-05
   outer loop
     vertex -1.147596e+01  9.659318e+00  0.000000e+00
     vertex -1.137276e+01  9.780613e+00  1.800000e+01
     vertex -1.120664e+01  9.970515e+00  0.000000e+00
   endloop
 endfacet
 facet normal -7.670191e-01  6.416243e-01  7.388101e-05
   outer loop
     vertex -1.147596e+01  9.659318e+00  0.000000e+00
     vertex -1.163567e+01  9.466319e+00  1.800000e+01
     vertex -1.137276e+01  9.780613e+00  1.800000e+01
   endloop
 endfacet
 facet normal -7.842588e-01  6.204339e-01 -7.417749e-05
   outer loop
     vertex -1.188990e+01  9.144961e+00  2.200000e+01
     vertex -1.173663e+01  9.340851e+00  4.000000e+01
     vertex -1.163567e+01  9.466319e+00  2.200000e+01
   endloop
 endfacet
 facet normal -7.909112e-01  6.119310e-01  7.500167e-05
   outer loop
     vertex -1.188990e+01  9.144961e+00  2.200000e+01
     vertex -1.198847e+01  9.015352e+00  4.000000e+01
     vertex -1.173663e+01  9.340851e+00  4.000000e+01
   endloop
 endfacet
 facet normal -7.738257e-01  6.333986e-01 -7.471112e-05
   outer loop
     vertex -1.173663e+01  9.340851e+00  0.000000e+00
     vertex -1.163567e+01  9.466319e+00  1.800000e+01
     vertex -1.147596e+01  9.659318e+00  0.000000e+00
   endloop
 endfacet
 facet normal -7.842588e-01  6.204339e-01  7.417749e-05
   outer loop
     vertex -1.173663e+01  9.340851e+00  0.000000e+00
     vertex -1.188990e+01  9.144961e+00  1.800000e+01
     vertex -1.163567e+01  9.466319e+00  1.800000e+01
   endloop
 endfacet
 facet normal -8.009132e-01  5.987805e-01 -7.446210e-05
   outer loop
     vertex -1.213525e+01  8.816779e+00  2.200000e+01
     vertex -1.198847e+01  9.015352e+00  4.000000e+01
     vertex -1.188990e+01  9.144961e+00  2.200000e+01
   endloop
 endfacet
 facet normal -8.074012e-01  5.900028e-01  7.528036e-05
   outer loop
     vertex -1.213525e+01  8.816779e+00  2.200000e+01
     vertex -1.223129e+01  8.683066e+00  4.000000e+01
     vertex -1.198847e+01  9.015352e+00  4.000000e+01
   endloop
 endfacet
 facet normal -7.909112e-01  6.119310e-01 -7.500167e-05
   outer loop
     vertex -1.198847e+01  9.015352e+00  0.000000e+00
     vertex -1.188990e+01  9.144961e+00  1.800000e+01
     vertex -1.173663e+01  9.340851e+00  0.000000e+00
   endloop
 endfacet
 facet normal -8.009132e-01  5.987805e-01  7.446210e-05
   outer loop
     vertex -1.198847e+01  9.015352e+00  0.000000e+00
     vertex -1.213525e+01  8.816779e+00  1.800000e+01
     vertex -1.188990e+01  9.144961e+00  1.800000e+01
   endloop
 endfacet
 facet normal -8.169699e-01  5.766803e-01 -7.473486e-05
   outer loop
     vertex -1.237156e+01  8.482017e+00  2.200000e+01
     vertex -1.223129e+01  8.683066e+00  4.000000e+01
     vertex -1.213525e+01  8.816779e+00  2.200000e+01
   endloop
 endfacet
 facet normal -8.232835e-01  5.676304e-01  7.554719e-05
   outer loop
     vertex -1.237156e+01  8.482017e+00  2.200000e+01
     vertex -1.246489e+01  8.344244e+00  4.000000e+01
     vertex -1.223129e+01  8.683066e+00  4.000000e+01
   endloop
 endfacet
 facet normal -8.169699e-01  5.766803e-01  7.473486e-05
   outer loop
     vertex -1.223129e+01  8.683066e+00  0.000000e+00
     vertex -1.237156e+01  8.482017e+00  1.800000e+01
     vertex -1.213525e+01  8.816779e+00  1.800000e+01
   endloop
 endfacet
 facet normal -8.074012e-01  5.900028e-01 -7.528036e-05
   outer loop
     vertex -1.223129e+01  8.683066e+00  0.000000e+00
     vertex -1.213525e+01  8.816779e+00  1.800000e+01
     vertex -1.198847e+01  9.015352e+00  0.000000e+00
   endloop
 endfacet
 facet normal -8.324170e-01  5.541498e-01 -7.499576e-05
   outer loop
     vertex -1.259862e+01  8.140926e+00  2.200000e+01
     vertex -1.246489e+01  8.344244e+00  4.000000e+01
     vertex -1.237156e+01  8.482017e+00  2.200000e+01
   endloop
 endfacet
 facet normal -8.385460e-01  5.448308e-01  7.580216e-05
   outer loop
     vertex -1.259862e+01  8.140926e+00  2.200000e+01
     vertex -1.268912e+01  7.999141e+00  4.000000e+01
     vertex -1.246489e+01  8.344244e+00  4.000000e+01
   endloop
 endfacet
 facet normal -8.232835e-01  5.676304e-01 -7.554719e-05
   outer loop
     vertex -1.246489e+01  8.344244e+00  0.000000e+00
     vertex -1.237156e+01  8.482017e+00  1.800000e+01
     vertex -1.223129e+01  8.683066e+00  0.000000e+00
   endloop
 endfacet
 facet normal -8.324170e-01  5.541498e-01  7.499576e-05
   outer loop
     vertex -1.246489e+01  8.344244e+00  0.000000e+00
     vertex -1.259862e+01  8.140926e+00  1.800000e+01
     vertex -1.237156e+01  8.482017e+00  1.800000e+01
   endloop
 endfacet
 facet normal -8.472429e-01  5.312057e-01 -7.524480e-05
   outer loop
     vertex -1.281629e+01  7.793759e+00  2.200000e+01
     vertex -1.268912e+01  7.999141e+00  4.000000e+01
     vertex -1.259862e+01  8.140926e+00  2.200000e+01
   endloop
 endfacet
 facet normal -8.531773e-01  5.216210e-01  7.604527e-05
   outer loop
     vertex -1.281629e+01  7.793759e+00  2.200000e+01
     vertex -1.290379e+01  7.648016e+00  4.000000e+01
     vertex -1.268912e+01  7.999141e+00  4.000000e+01
   endloop
 endfacet
 facet normal -8.472429e-01  5.312057e-01  7.524480e-05
   outer loop
     vertex -1.268912e+01  7.999141e+00  0.000000e+00
     vertex -1.281629e+01  7.793759e+00  1.800000e+01
     vertex -1.259862e+01  8.140926e+00  1.800000e+01
   endloop
 endfacet
 facet normal -8.385460e-01  5.448308e-01 -7.580216e-05
   outer loop
     vertex -1.268912e+01  7.999141e+00  0.000000e+00
     vertex -1.259862e+01  8.140926e+00  1.800000e+01
     vertex -1.246489e+01  8.344244e+00  0.000000e+00
   endloop
 endfacet
 facet normal -8.614365e-01  5.078652e-01 -7.548199e-05
   outer loop
     vertex -1.302439e+01  7.440777e+00  2.200000e+01
     vertex -1.290379e+01  7.648016e+00  4.000000e+01
     vertex -1.281629e+01  7.793759e+00  2.200000e+01
   endloop
 endfacet
 facet normal -8.671664e-01  4.980186e-01  7.627652e-05
   outer loop
     vertex -1.302439e+01  7.440777e+00  2.200000e+01
     vertex -1.310875e+01  7.291135e+00  4.000000e+01
     vertex -1.290379e+01  7.648016e+00  4.000000e+01
   endloop
 endfacet
 facet normal -8.614365e-01  5.078652e-01  7.548199e-05
   outer loop
     vertex -1.290379e+01  7.648016e+00  0.000000e+00
     vertex -1.302439e+01  7.440777e+00  1.800000e+01
     vertex -1.281629e+01  7.793759e+00  1.800000e+01
   endloop
 endfacet
 facet normal -8.531773e-01  5.216210e-01 -7.604527e-05
   outer loop
     vertex -1.290379e+01  7.648016e+00  0.000000e+00
     vertex -1.281629e+01  7.793759e+00  1.800000e+01
     vertex -1.268912e+01  7.999141e+00  0.000000e+00
   endloop
 endfacet
 facet normal -8.749873e-01  4.841458e-01 -7.570731e-05
   outer loop
     vertex -1.322278e+01  7.082242e+00  2.200000e+01
     vertex -1.310875e+01  7.291135e+00  4.000000e+01
     vertex -1.302439e+01  7.440777e+00  2.200000e+01
   endloop
 endfacet
 facet normal -8.805026e-01  4.740412e-01  7.649592e-05
   outer loop
     vertex -1.322278e+01  7.082242e+00  2.200000e+01
     vertex -1.330384e+01  6.928764e+00  4.000000e+01
     vertex -1.310875e+01  7.291135e+00  4.000000e+01
   endloop
 endfacet
 facet normal -8.749873e-01  4.841458e-01  7.570731e-05
   outer loop
     vertex -1.310875e+01  7.291135e+00  0.000000e+00
     vertex -1.322278e+01  7.082242e+00  1.800000e+01
     vertex -1.302439e+01  7.440777e+00  1.800000e+01
   endloop
 endfacet
 facet normal -8.671664e-01  4.980186e-01 -7.627652e-05
   outer loop
     vertex -1.310875e+01  7.291135e+00  0.000000e+00
     vertex -1.302439e+01  7.440777e+00  1.800000e+01
     vertex -1.290379e+01  7.648016e+00  0.000000e+00
   endloop
 endfacet
 facet normal -8.878852e-01  4.600650e-01 -7.592077e-05
   outer loop
     vertex -1.341129e+01  6.718422e+00  2.200000e+01
     vertex -1.330384e+01  6.928764e+00  4.000000e+01
     vertex -1.322278e+01  7.082242e+00  2.200000e+01
   endloop
 endfacet
 facet normal -8.931761e-01  4.497071e-01  7.670345e-05
   outer loop
     vertex -1.341129e+01  6.718422e+00  2.200000e+01
     vertex -1.348892e+01  6.561178e+00  4.000000e+01
     vertex -1.330384e+01  6.928764e+00  4.000000e+01
   endloop
 endfacet
 facet normal -8.878852e-01  4.600650e-01  7.592077e-05
   outer loop
     vertex -1.330384e+01  6.928764e+00  0.000000e+00
     vertex -1.341129e+01  6.718422e+00  1.800000e+01
     vertex -1.322278e+01  7.082242e+00  1.800000e+01
   endloop
 endfacet
 facet normal -8.805026e-01  4.740412e-01 -7.649592e-05
   outer loop
     vertex -1.330384e+01  6.928764e+00  0.000000e+00
     vertex -1.322278e+01  7.082242e+00  1.800000e+01
     vertex -1.310875e+01  7.291135e+00  0.000000e+00
   endloop
 endfacet
 facet normal -9.051772e-01  4.250344e-01  7.689913e-05
   outer loop
     vertex -1.358980e+01  6.349588e+00  2.200000e+01
     vertex -1.366384e+01  6.188653e+00  4.000000e+01
     vertex -1.348892e+01  6.561178e+00  4.000000e+01
   endloop
 endfacet
 facet normal -9.001205e-01  4.356410e-01 -7.612238e-05
   outer loop
     vertex -1.358980e+01  6.349588e+00  2.200000e+01
     vertex -1.348892e+01  6.561178e+00  4.000000e+01
     vertex -1.341129e+01  6.718422e+00  2.200000e+01
   endloop
 endfacet
 facet normal -9.001205e-01  4.356410e-01  7.612238e-05
   outer loop
     vertex -1.348892e+01  6.561178e+00  0.000000e+00
     vertex -1.358980e+01  6.349588e+00  1.800000e+01
     vertex -1.341129e+01  6.718422e+00  1.800000e+01
   endloop
 endfacet
 facet normal -8.931761e-01  4.497071e-01 -7.670345e-05
   outer loop
     vertex -1.348892e+01  6.561178e+00  0.000000e+00
     vertex -1.341129e+01  6.718422e+00  1.800000e+01
     vertex -1.330384e+01  6.928764e+00  0.000000e+00
   endloop
 endfacet
 facet normal -9.164969e-01  4.000417e-01  7.708294e-05
   outer loop
     vertex -1.375817e+01  5.976016e+00  2.200000e+01
     vertex -1.382848e+01  5.811469e+00  4.000000e+01
     vertex -1.366384e+01  6.188653e+00  4.000000e+01
   endloop
 endfacet
 facet normal -9.116841e-01  4.108918e-01 -7.631212e-05
   outer loop
     vertex -1.375817e+01  5.976016e+00  2.200000e+01
     vertex -1.366384e+01  6.188653e+00  4.000000e+01
     vertex -1.358980e+01  6.349588e+00  2.200000e+01
   endloop
 endfacet
 facet normal -9.116841e-01  4.108918e-01  7.631212e-05
   outer loop
     vertex -1.366384e+01  6.188653e+00  0.000000e+00
     vertex -1.375817e+01  5.976016e+00  1.800000e+01
     vertex -1.358980e+01  6.349588e+00  1.800000e+01
   endloop
 endfacet
 facet normal -9.051772e-01  4.250344e-01 -7.689913e-05
   outer loop
     vertex -1.366384e+01  6.188653e+00  0.000000e+00
     vertex -1.358980e+01  6.349588e+00  1.800000e+01
     vertex -1.348892e+01  6.561178e+00  0.000000e+00
   endloop
 endfacet
 facet normal -9.271267e-01  3.747479e-01  7.725490e-05
   outer loop
     vertex -1.391627e+01  5.597985e+00  2.200000e+01
     vertex -1.398271e+01  5.429911e+00  4.000000e+01
     vertex -1.382848e+01  5.811469e+00  4.000000e+01
   endloop
 endfacet
 facet normal -9.225674e-01  3.858360e-01 -7.649001e-05
   outer loop
     vertex -1.391627e+01  5.597985e+00  2.200000e+01
     vertex -1.382848e+01  5.811469e+00  4.000000e+01
     vertex -1.375817e+01  5.976016e+00  2.200000e+01
   endloop
 endfacet
 facet normal -9.225674e-01  3.858360e-01  7.649001e-05
   outer loop
     vertex -1.382848e+01  5.811469e+00  0.000000e+00
     vertex -1.391627e+01  5.597985e+00  1.800000e+01
     vertex -1.375817e+01  5.976016e+00  1.800000e+01
   endloop
 endfacet
 facet normal -9.164969e-01  4.000417e-01 -7.708294e-05
   outer loop
     vertex -1.382848e+01  5.811469e+00  0.000000e+00
     vertex -1.375817e+01  5.976016e+00  1.800000e+01
     vertex -1.366384e+01  6.188653e+00  0.000000e+00
   endloop
 endfacet
 facet normal -9.370586e-01  3.491720e-01  7.741500e-05
   outer loop
     vertex -1.406399e+01  5.215776e+00  2.200000e+01
     vertex -1.412641e+01  5.044265e+00  4.000000e+01
     vertex -1.398271e+01  5.429911e+00  4.000000e+01
   endloop
 endfacet
 facet normal -9.327622e-01  3.604923e-01 -7.665604e-05
   outer loop
     vertex -1.406399e+01  5.215776e+00  2.200000e+01
     vertex -1.398271e+01  5.429911e+00  4.000000e+01
     vertex -1.391627e+01  5.597985e+00  2.200000e+01
   endloop
 endfacet
 facet normal -9.327622e-01  3.604923e-01  7.665604e-05
   outer loop
     vertex -1.398271e+01  5.429911e+00  0.000000e+00
     vertex -1.406399e+01  5.215776e+00  1.800000e+01
     vertex -1.391627e+01  5.597985e+00  1.800000e+01
   endloop
 endfacet
 facet normal -9.271267e-01  3.747479e-01 -7.725490e-05
   outer loop
     vertex -1.398271e+01  5.429911e+00  0.000000e+00
     vertex -1.391627e+01  5.597985e+00  1.800000e+01
     vertex -1.382848e+01  5.811469e+00  0.000000e+00
   endloop
 endfacet
 facet normal -9.462851e-01  3.233333e-01  7.756324e-05
   outer loop
     vertex -1.420121e+01  4.829675e+00  2.200000e+01
     vertex -1.425948e+01  4.654822e+00  4.000000e+01
     vertex -1.412641e+01  5.044265e+00  4.000000e+01
   endloop
 endfacet
 facet normal -9.422609e-01  3.348796e-01 -7.681020e-05
   outer loop
     vertex -1.420121e+01  4.829675e+00  2.200000e+01
     vertex -1.412641e+01  5.044265e+00  4.000000e+01
     vertex -1.406399e+01  5.215776e+00  2.200000e+01
   endloop
 endfacet
 facet normal -9.370586e-01  3.491720e-01 -7.741500e-05
   outer loop
     vertex -1.412641e+01  5.044265e+00  0.000000e+00
     vertex -1.406399e+01  5.215776e+00  1.800000e+01
     vertex -1.398271e+01  5.429911e+00  0.000000e+00
   endloop
 endfacet
 facet normal -9.422609e-01  3.348796e-01  7.681020e-05
   outer loop
     vertex -1.412641e+01  5.044265e+00  0.000000e+00
     vertex -1.420121e+01  4.829675e+00  1.800000e+01
     vertex -1.406399e+01  5.215776e+00  1.800000e+01
   endloop
 endfacet
 facet normal -9.547993e-01  2.972512e-01  7.769962e-05
   outer loop
     vertex -1.432783e+01  4.439970e+00  2.200000e+01
     vertex -1.438181e+01  4.261874e+00  4.000000e+01
     vertex -1.425948e+01  4.654822e+00  4.000000e+01
   endloop
 endfacet
 facet normal -9.510565e-01  3.090170e-01 -7.695251e-05
   outer loop
     vertex -1.432783e+01  4.439970e+00  2.200000e+01
     vertex -1.425948e+01  4.654822e+00  4.000000e+01
     vertex -1.420121e+01  4.829675e+00  2.200000e+01
   endloop
 endfacet
 facet normal -9.510565e-01  3.090170e-01  7.695251e-05
   outer loop
     vertex -1.425948e+01  4.654822e+00  0.000000e+00
     vertex -1.432783e+01  4.439970e+00  1.800000e+01
     vertex -1.420121e+01  4.829675e+00  1.800000e+01
   endloop
 endfacet
 facet normal -9.462851e-01  3.233333e-01 -7.756324e-05
   outer loop
     vertex -1.425948e+01  4.654822e+00  0.000000e+00
     vertex -1.420121e+01  4.829675e+00  1.800000e+01
     vertex -1.412641e+01  5.044265e+00  0.000000e+00
   endloop
 endfacet
 facet normal -9.625947e-01  2.709453e-01  7.782414e-05
   outer loop
     vertex -1.444376e+01  4.046952e+00  2.200000e+01
     vertex -1.449332e+01  3.865719e+00  4.000000e+01
     vertex -1.438181e+01  4.261874e+00  4.000000e+01
   endloop
 endfacet
 facet normal -9.591424e-01  2.829238e-01 -7.708296e-05
   outer loop
     vertex -1.444376e+01  4.046952e+00  2.200000e+01
     vertex -1.438181e+01  4.261874e+00  4.000000e+01
     vertex -1.432783e+01  4.439970e+00  2.200000e+01
   endloop
 endfacet
 facet normal -9.547993e-01  2.972512e-01 -7.769962e-05
   outer loop
     vertex -1.438181e+01  4.261874e+00  0.000000e+00
     vertex -1.432783e+01  4.439970e+00  1.800000e+01
     vertex -1.425948e+01  4.654822e+00  0.000000e+00
   endloop
 endfacet
 facet normal -9.591424e-01  2.829238e-01  7.708296e-05
   outer loop
     vertex -1.438181e+01  4.261874e+00  0.000000e+00
     vertex -1.444376e+01  4.046952e+00  1.800000e+01
     vertex -1.432783e+01  4.439970e+00  1.800000e+01
   endloop
 endfacet
 facet normal -9.665125e-01  2.566194e-01 -7.720155e-05
   outer loop
     vertex -1.454891e+01  3.650913e+00  2.200000e+01
     vertex -1.449332e+01  3.865719e+00  4.000000e+01
     vertex -1.444376e+01  4.046952e+00  2.200000e+01
   endloop
 endfacet
 facet normal -9.696656e-01  2.444354e-01  7.793680e-05
   outer loop
     vertex -1.454891e+01  3.650913e+00  2.200000e+01
     vertex -1.459391e+01  3.466654e+00  4.000000e+01
     vertex -1.449332e+01  3.865719e+00  4.000000e+01
   endloop
 endfacet
 facet normal -9.625947e-01  2.709453e-01 -7.782414e-05
   outer loop
     vertex -1.449332e+01  3.865719e+00  0.000000e+00
     vertex -1.444376e+01  4.046952e+00  1.800000e+01
     vertex -1.438181e+01  4.261874e+00  0.000000e+00
   endloop
 endfacet
 facet normal -9.665125e-01  2.566194e-01  7.720155e-05
   outer loop
     vertex -1.449332e+01  3.865719e+00  0.000000e+00
     vertex -1.454891e+01  3.650913e+00  1.800000e+01
     vertex -1.444376e+01  4.046952e+00  1.800000e+01
   endloop
 endfacet
 facet normal -9.731614e-01  2.301236e-01 -7.730829e-05
   outer loop
     vertex -1.464321e+01  3.252150e+00  2.200000e+01
     vertex -1.459391e+01  3.466654e+00  4.000000e+01
     vertex -1.454891e+01  3.650913e+00  2.200000e+01
   endloop
 endfacet
 facet normal -9.760065e-01  2.177416e-01  7.803760e-05
   outer loop
     vertex -1.464321e+01  3.252150e+00  2.200000e+01
     vertex -1.468352e+01  3.064979e+00  4.000000e+01
     vertex -1.459391e+01  3.466654e+00  4.000000e+01
   endloop
 endfacet
 facet normal -9.696656e-01  2.444354e-01 -7.793680e-05
   outer loop
     vertex -1.459391e+01  3.466654e+00  0.000000e+00
     vertex -1.454891e+01  3.650913e+00  1.800000e+01
     vertex -1.449332e+01  3.865719e+00  0.000000e+00
   endloop
 endfacet
 facet normal -9.731614e-01  2.301236e-01  7.730829e-05
   outer loop
     vertex -1.459391e+01  3.466654e+00  0.000000e+00
     vertex -1.464321e+01  3.252150e+00  1.800000e+01
     vertex -1.454891e+01  3.650913e+00  1.800000e+01
   endloop
 endfacet
 facet normal -9.790841e-01  2.034560e-01 -7.740316e-05
   outer loop
     vertex -1.472658e+01  2.850961e+00  2.200000e+01
     vertex -1.468352e+01  3.064979e+00  4.000000e+01
     vertex -1.464321e+01  3.252150e+00  2.200000e+01
   endloop
 endfacet
 facet normal -9.816126e-01  1.908838e-01  7.812654e-05
   outer loop
     vertex -1.472658e+01  2.850961e+00  2.200000e+01
     vertex -1.476208e+01  2.660997e+00  4.000000e+01
     vertex -1.468352e+01  3.064979e+00  4.000000e+01
   endloop
 endfacet
 facet normal -9.790841e-01  2.034560e-01  7.740316e-05
   outer loop
     vertex -1.468352e+01  3.064979e+00  0.000000e+00
     vertex -1.472658e+01  2.850961e+00  1.800000e+01
     vertex -1.464321e+01  3.252150e+00  1.800000e+01
   endloop
 endfacet
 facet normal -9.760065e-01  2.177416e-01 -7.803760e-05
   outer loop
     vertex -1.468352e+01  3.064979e+00  0.000000e+00
     vertex -1.464321e+01  3.252150e+00  1.800000e+01
     vertex -1.459391e+01  3.466654e+00  0.000000e+00
   endloop
 endfacet
 facet normal -9.842761e-01  1.766366e-01 -7.748617e-05
   outer loop
     vertex -1.479895e+01  2.447643e+00  2.200000e+01
     vertex -1.476208e+01  2.660997e+00  4.000000e+01
     vertex -1.472658e+01  2.850961e+00  2.200000e+01
   endloop
 endfacet
 facet normal -9.864799e-01  1.638824e-01  7.820363e-05
   outer loop
     vertex -1.479895e+01  2.447643e+00  2.200000e+01
     vertex -1.482953e+01  2.255011e+00  4.000000e+01
     vertex -1.476208e+01  2.660997e+00  4.000000e+01
   endloop
 endfacet
 facet normal -9.842761e-01  1.766366e-01  7.748617e-05
   outer loop
     vertex -1.476208e+01  2.660997e+00  0.000000e+00
     vertex -1.479895e+01  2.447643e+00  1.800000e+01
     vertex -1.472658e+01  2.850961e+00  1.800000e+01
   endloop
 endfacet
 facet normal -9.816126e-01  1.908838e-01 -7.812654e-05
   outer loop
     vertex -1.476208e+01  2.660997e+00  0.000000e+00
     vertex -1.472658e+01  2.850961e+00  1.800000e+01
     vertex -1.468352e+01  3.064979e+00  0.000000e+00
   endloop
 endfacet
 facet normal -9.887337e-01  1.496854e-01 -7.755733e-05
   outer loop
     vertex -1.486029e+01  2.042500e+00  2.200000e+01
     vertex -1.482953e+01  2.255011e+00  4.000000e+01
     vertex -1.479895e+01  2.447643e+00  2.200000e+01
   endloop
 endfacet
 facet normal -9.906045e-01  1.367575e-01  7.826885e-05
   outer loop
     vertex -1.486029e+01  2.042500e+00  2.200000e+01
     vertex -1.488581e+01  1.847329e+00  4.000000e+01
     vertex -1.482953e+01  2.255011e+00  4.000000e+01
   endloop
 endfacet
 facet normal -9.864799e-01  1.638824e-01 -7.820363e-05
   outer loop
     vertex -1.482953e+01  2.255011e+00  0.000000e+00
     vertex -1.479895e+01  2.447643e+00  1.800000e+01
     vertex -1.476208e+01  2.660997e+00  0.000000e+00
   endloop
 endfacet
 facet normal -9.887337e-01  1.496854e-01  7.755733e-05
   outer loop
     vertex -1.482953e+01  2.255011e+00  0.000000e+00
     vertex -1.486029e+01  2.042500e+00  1.800000e+01
     vertex -1.479895e+01  2.447643e+00  1.800000e+01
   endloop
 endfacet
 facet normal -9.924534e-01  1.226225e-01 -7.761662e-05
   outer loop
     vertex -1.491054e+01  1.635832e+00  2.200000e+01
     vertex -1.488581e+01  1.847329e+00  4.000000e+01
     vertex -1.486029e+01  2.042500e+00  2.200000e+01
   endloop
 endfacet
 facet normal -9.939835e-01  1.095298e-01  7.832222e-05
   outer loop
     vertex -1.491054e+01  1.635832e+00  2.200000e+01
     vertex -1.493089e+01  1.438255e+00  4.000000e+01
     vertex -1.488581e+01  1.847329e+00  4.000000e+01
   endloop
 endfacet
 facet normal -9.924534e-01  1.226225e-01  7.761662e-05
   outer loop
     vertex -1.488581e+01  1.847329e+00  0.000000e+00
     vertex -1.491054e+01  1.635832e+00  1.800000e+01
     vertex -1.486029e+01  2.042500e+00  1.800000e+01
   endloop
 endfacet
 facet normal -9.906045e-01  1.367575e-01 -7.826885e-05
   outer loop
     vertex -1.488581e+01  1.847329e+00  0.000000e+00
     vertex -1.486029e+01  2.042500e+00  1.800000e+01
     vertex -1.482953e+01  2.255011e+00  0.000000e+00
   endloop
 endfacet
 facet normal -9.954325e-01  9.546807e-02 -7.766406e-05
   outer loop
     vertex -1.494965e+01  1.227943e+00  2.200000e+01
     vertex -1.493089e+01  1.438255e+00  4.000000e+01
     vertex -1.491054e+01  1.635832e+00  2.200000e+01
   endloop
 endfacet
 facet normal -9.966142e-01  8.221955e-02  7.836372e-05
   outer loop
     vertex -1.494965e+01  1.227943e+00  2.200000e+01
     vertex -1.496473e+01  1.028099e+00  4.000000e+01
     vertex -1.493089e+01  1.438255e+00  4.000000e+01
   endloop
 endfacet
 facet normal -9.954325e-01  9.546807e-02  7.766406e-05
   outer loop
     vertex -1.493089e+01  1.438255e+00  0.000000e+00
     vertex -1.494965e+01  1.227943e+00  1.800000e+01
     vertex -1.491054e+01  1.635832e+00  1.800000e+01
   endloop
 endfacet
 facet normal -9.939835e-01  1.095298e-01 -7.832222e-05
   outer loop
     vertex -1.493089e+01  1.438255e+00  0.000000e+00
     vertex -1.491054e+01  1.635832e+00  1.800000e+01
     vertex -1.488581e+01  1.847329e+00  0.000000e+00
   endloop
 endfacet
 facet normal -9.984947e-01  5.484744e-02  7.839337e-05
   outer loop
     vertex -1.497762e+01  8.191382e-01  2.200000e+01
     vertex -1.498730e+01  6.171693e-01  4.000000e+01
     vertex -1.496473e+01  1.028099e+00  4.000000e+01
   endloop
 endfacet
 facet normal -9.976688e-01  6.824241e-02 -7.769964e-05
   outer loop
     vertex -1.497762e+01  8.191382e-01  2.200000e+01
     vertex -1.496473e+01  1.028099e+00  4.000000e+01
     vertex -1.494965e+01  1.227943e+00  2.200000e+01
   endloop
 endfacet
 facet normal -9.976688e-01  6.824241e-02  7.769964e-05
   outer loop
     vertex -1.496473e+01  1.028099e+00  0.000000e+00
     vertex -1.497762e+01  8.191382e-01  1.800000e+01
     vertex -1.494965e+01  1.227943e+00  1.800000e+01
   endloop
 endfacet
 facet normal -9.966142e-01  8.221955e-02 -7.836372e-05
   outer loop
     vertex -1.496473e+01  1.028099e+00  0.000000e+00
     vertex -1.494965e+01  1.227943e+00  1.800000e+01
     vertex -1.493089e+01  1.438255e+00  0.000000e+00
   endloop
 endfacet
 facet normal -9.996236e-01  2.743405e-02  7.841116e-05
   outer loop
     vertex -1.499440e+01  4.097220e-01  2.200000e+01
     vertex -1.499859e+01  2.057747e-01  4.000000e+01
     vertex -1.498730e+01  6.171693e-01  4.000000e+01
   endloop
 endfacet
 facet normal -9.991605e-01  4.096583e-02 -7.772335e-05
   outer loop
     vertex -1.499440e+01  4.097220e-01  2.200000e+01
     vertex -1.498730e+01  6.171693e-01  4.000000e+01
     vertex -1.497762e+01  8.191382e-01  2.200000e+01
   endloop
 endfacet
 facet normal -9.991605e-01  4.096583e-02  7.772335e-05
   outer loop
     vertex -1.498730e+01  6.171693e-01  0.000000e+00
     vertex -1.499440e+01  4.097220e-01  1.800000e+01
     vertex -1.497762e+01  8.191382e-01  1.800000e+01
   endloop
 endfacet
 facet normal -9.984947e-01  5.484744e-02 -7.839337e-05
   outer loop
     vertex -1.498730e+01  6.171693e-01  0.000000e+00
     vertex -1.497762e+01  8.191382e-01  1.800000e+01
     vertex -1.496473e+01  1.028099e+00  0.000000e+00
   endloop
 endfacet
 facet normal -1.000000e+00 -4.316266e-15  7.841709e-05
   outer loop
     vertex -1.500000e+01  6.721952e-15  2.200000e+01
     vertex -1.499859e+01 -2.057747e-01  4.000000e+01
     vertex -1.499859e+01  2.057747e-01  4.000000e+01
   endloop
 endfacet
 facet normal -9.999067e-01  1.365867e-02 -7.773521e-05
   outer loop
     vertex -1.500000e+01  6.721952e-15  2.200000e+01
     vertex -1.499859e+01  2.057747e-01  4.000000e+01
     vertex -1.499440e+01  4.097220e-01  2.200000e+01
   endloop
 endfacet
 facet normal -9.996236e-01 -2.743405e-02 -2.352365e-04
   outer loop
     vertex -1.498730e+01 -6.171693e-01  4.000000e+01
     vertex -1.499859e+01 -2.057747e-01  4.000000e+01
     vertex -1.500000e+01  6.721952e-15  2.200000e+01
   endloop
 endfacet
 facet normal -9.996236e-01  2.743405e-02 -7.841116e-05
   outer loop
     vertex -1.499859e+01  2.057747e-01  0.000000e+00
     vertex -1.499440e+01  4.097220e-01  1.800000e+01
     vertex -1.498730e+01  6.171693e-01  0.000000e+00
   endloop
 endfacet
 facet normal -9.999067e-01  1.365867e-02  7.773521e-05
   outer loop
     vertex -1.499859e+01  2.057747e-01  0.000000e+00
     vertex -1.500000e+01  5.833773e-15  1.800000e+01
     vertex -1.499440e+01  4.097220e-01  1.800000e+01
   endloop
 endfacet
 facet normal -1.000000e+00 -4.316266e-15 -7.841709e-05
   outer loop
     vertex -1.499859e+01 -2.057747e-01  0.000000e+00
     vertex -1.500000e+01  5.833773e-15  1.800000e+01
     vertex -1.499859e+01  2.057747e-01  0.000000e+00
   endloop
 endfacet
 facet normal -9.997883e-01 -2.057667e-02  0.000000e+00
   outer loop
     vertex -1.498730e+01 -6.171693e-01  0.000000e+00
     vertex -1.498730e+01 -6.171693e-01  4.000000e+01
     vertex -1.500000e+01  6.721952e-15  2.200000e+01
   endloop
 endfacet
 facet normal -9.996236e-01 -2.743405e-02  2.352365e-04
   outer loop
     vertex -1.498730e+01 -6.171693e-01  0.000000e+00
     vertex -1.500000e+01  5.833773e-15  1.800000e+01
     vertex -1.499859e+01 -2.057747e-01  0.000000e+00
   endloop
 endfacet
 facet normal -9.997883e-01 -2.057667e-02  4.698316e-18
   outer loop
     vertex -1.498730e+01 -6.171693e-01  0.000000e+00
     vertex -1.500000e+01  6.721952e-15  2.200000e+01
     vertex -1.500000e+01  5.833773e-15  1.800000e+01
   endloop
 endfacet
 facet normal -9.984947e-01 -5.484744e-02  2.891000e-21
   outer loop
     vertex -1.496473e+01 -1.028099e+00  0.000000e+00
     vertex -1.498730e+01 -6.171693e-01  4.000000e+01
     vertex -1.498730e+01 -6.171693e-01  0.000000e+00
   endloop
 endfacet
 facet normal -9.984947e-01 -5.484744e-02  0.000000e+00
   outer loop
     vertex -1.496473e+01 -1.028099e+00  0.000000e+00
     vertex -1.496473e+01 -1.028099e+00  4.000000e+01
     vertex -1.498730e+01 -6.171693e-01  4.000000e+01
   endloop
 endfacet
 facet normal -9.966142e-01 -8.221955e-02 -3.791630e-20
   outer loop
     vertex -1.493089e+01 -1.438255e+00  0.000000e+00
     vertex -1.496473e+01 -1.028099e+00  4.000000e+01
     vertex -1.496473e+01 -1.028099e+00  0.000000e+00
   endloop
 endfacet
 facet normal -9.966142e-01 -8.221955e-02  0.000000e+00
   outer loop
     vertex -1.493089e+01 -1.438255e+00  0.000000e+00
     vertex -1.493089e+01 -1.438255e+00  4.000000e+01
     vertex -1.496473e+01 -1.028099e+00  4.000000e+01
   endloop
 endfacet
 facet normal -9.939835e-01 -1.095298e-01  1.713946e-20
   outer loop
     vertex -1.488581e+01 -1.847329e+00  0.000000e+00
     vertex -1.493089e+01 -1.438255e+00  4.000000e+01
     vertex -1.493089e+01 -1.438255e+00  0.000000e+00
   endloop
 endfacet
 facet normal -9.939835e-01 -1.095298e-01  0.000000e+00
   outer loop
     vertex -1.488581e+01 -1.847329e+00  0.000000e+00
     vertex -1.488581e+01 -1.847329e+00  4.000000e+01
     vertex -1.493089e+01 -1.438255e+00  4.000000e+01
   endloop
 endfacet
 facet normal -9.906046e-01 -1.367575e-01  0.000000e+00
   outer loop
     vertex -1.488581e+01 -1.847329e+00  0.000000e+00
     vertex -1.482953e+01 -2.255011e+00  4.000000e+01
     vertex -1.488581e+01 -1.847329e+00  4.000000e+01
   endloop
 endfacet
 facet normal -9.906046e-01 -1.367575e-01  0.000000e+00
   outer loop
     vertex -1.482953e+01 -2.255011e+00  0.000000e+00
     vertex -1.482953e+01 -2.255011e+00  4.000000e+01
     vertex -1.488581e+01 -1.847329e+00  0.000000e+00
   endloop
 endfacet
 facet normal -9.864799e-01 -1.638824e-01  8.315945e-20
   outer loop
     vertex -1.476208e+01 -2.660997e+00  0.000000e+00
     vertex -1.482953e+01 -2.255011e+00  4.000000e+01
     vertex -1.482953e+01 -2.255011e+00  0.000000e+00
   endloop
 endfacet
 facet normal -9.864799e-01 -1.638824e-01  0.000000e+00
   outer loop
     vertex -1.476208e+01 -2.660997e+00  0.000000e+00
     vertex -1.476208e+01 -2.660997e+00  4.000000e+01
     vertex -1.482953e+01 -2.255011e+00  4.000000e+01
   endloop
 endfacet
 facet normal -9.816126e-01 -1.908838e-01  1.165544e-19
   outer loop
     vertex -1.468352e+01 -3.064979e+00  0.000000e+00
     vertex -1.476208e+01 -2.660997e+00  4.000000e+01
     vertex -1.476208e+01 -2.660997e+00  0.000000e+00
   endloop
 endfacet
 facet normal -9.816126e-01 -1.908838e-01  0.000000e+00
   outer loop
     vertex -1.468352e+01 -3.064979e+00  0.000000e+00
     vertex -1.468352e+01 -3.064979e+00  4.000000e+01
     vertex -1.476208e+01 -2.660997e+00  4.000000e+01
   endloop
 endfacet
 facet normal -9.760065e-01 -2.177416e-01  1.490705e-19
   outer loop
     vertex -1.459391e+01 -3.466654e+00  0.000000e+00
     vertex -1.468352e+01 -3.064979e+00  4.000000e+01
     vertex -1.468352e+01 -3.064979e+00  0.000000e+00
   endloop
 endfacet
 facet normal -9.760065e-01 -2.177416e-01  0.000000e+00
   outer loop
     vertex -1.459391e+01 -3.466654e+00  0.000000e+00
     vertex -1.459391e+01 -3.466654e+00  4.000000e+01
     vertex -1.468352e+01 -3.064979e+00  4.000000e+01
   endloop
 endfacet
 facet normal -9.696656e-01 -2.444354e-01 -7.935722e-21
   outer loop
     vertex -1.449332e+01 -3.865719e+00  0.000000e+00
     vertex -1.459391e+01 -3.466654e+00  4.000000e+01
     vertex -1.459391e+01 -3.466654e+00  0.000000e+00
   endloop
 endfacet
 facet normal -9.696656e-01 -2.444354e-01  0.000000e+00
   outer loop
     vertex -1.449332e+01 -3.865719e+00  0.000000e+00
     vertex -1.449332e+01 -3.865719e+00  4.000000e+01
     vertex -1.459391e+01 -3.466654e+00  4.000000e+01
   endloop
 endfacet
 facet normal -9.625948e-01 -2.709453e-01  1.508044e-19
   outer loop
     vertex -1.438181e+01 -4.261874e+00  0.000000e+00
     vertex -1.449332e+01 -3.865719e+00  4.000000e+01
     vertex -1.449332e+01 -3.865719e+00  0.000000e+00
   endloop
 endfacet
 facet normal -9.625948e-01 -2.709453e-01  0.000000e+00
   outer loop
     vertex -1.438181e+01 -4.261874e+00  0.000000e+00
     vertex -1.438181e+01 -4.261874e+00  4.000000e+01
     vertex -1.449332e+01 -3.865719e+00  4.000000e+01
   endloop
 endfacet
 facet normal -9.547993e-01 -2.972512e-01  7.893819e-20
   outer loop
     vertex -1.425948e+01 -4.654822e+00  0.000000e+00
     vertex -1.438181e+01 -4.261874e+00  4.000000e+01
     vertex -1.438181e+01 -4.261874e+00  0.000000e+00
   endloop
 endfacet
 facet normal -9.547993e-01 -2.972512e-01  0.000000e+00
   outer loop
     vertex -1.425948e+01 -4.654822e+00  0.000000e+00
     vertex -1.425948e+01 -4.654822e+00  4.000000e+01
     vertex -1.438181e+01 -4.261874e+00  4.000000e+01
   endloop
 endfacet
 facet normal -9.462851e-01 -3.233333e-01 -1.809554e-20
   outer loop
     vertex -1.412641e+01 -5.044265e+00  0.000000e+00
     vertex -1.425948e+01 -4.654822e+00  4.000000e+01
     vertex -1.425948e+01 -4.654822e+00  0.000000e+00
   endloop
 endfacet
 facet normal -9.462851e-01 -3.233333e-01  0.000000e+00
   outer loop
     vertex -1.412641e+01 -5.044265e+00  0.000000e+00
     vertex -1.412641e+01 -5.044265e+00  4.000000e+01
     vertex -1.425948e+01 -4.654822e+00  4.000000e+01
   endloop
 endfacet
 facet normal -9.370586e-01 -3.491720e-01  1.174326e-19
   outer loop
     vertex -1.398271e+01 -5.429911e+00  0.000000e+00
     vertex -1.412641e+01 -5.044265e+00  4.000000e+01
     vertex -1.412641e+01 -5.044265e+00  0.000000e+00
   endloop
 endfacet
 facet normal -9.370586e-01 -3.491720e-01  0.000000e+00
   outer loop
     vertex -1.398271e+01 -5.429911e+00  0.000000e+00
     vertex -1.398271e+01 -5.429911e+00  4.000000e+01
     vertex -1.412641e+01 -5.044265e+00  4.000000e+01
   endloop
 endfacet
 facet normal -9.271267e-01 -3.747479e-01  9.788789e-20
   outer loop
     vertex -1.382848e+01 -5.811469e+00  0.000000e+00
     vertex -1.398271e+01 -5.429911e+00  4.000000e+01
     vertex -1.398271e+01 -5.429911e+00  0.000000e+00
   endloop
 endfacet
 facet normal -9.271267e-01 -3.747479e-01  0.000000e+00
   outer loop
     vertex -1.382848e+01 -5.811469e+00  0.000000e+00
     vertex -1.382848e+01 -5.811469e+00  4.000000e+01
     vertex -1.398271e+01 -5.429911e+00  4.000000e+01
   endloop
 endfacet
 facet normal -9.164969e-01 -4.000417e-01  0.000000e+00
   outer loop
     vertex -1.382848e+01 -5.811469e+00  0.000000e+00
     vertex -1.366384e+01 -6.188653e+00  4.000000e+01
     vertex -1.382848e+01 -5.811469e+00  4.000000e+01
   endloop
 endfacet
 facet normal -9.164969e-01 -4.000417e-01  0.000000e+00
   outer loop
     vertex -1.366384e+01 -6.188653e+00  0.000000e+00
     vertex -1.366384e+01 -6.188653e+00  4.000000e+01
     vertex -1.382848e+01 -5.811469e+00  0.000000e+00
   endloop
 endfacet
 facet normal -9.051772e-01 -4.250344e-01 -4.315969e-20
   outer loop
     vertex -1.348892e+01 -6.561178e+00  0.000000e+00
     vertex -1.366384e+01 -6.188653e+00  4.000000e+01
     vertex -1.366384e+01 -6.188653e+00  0.000000e+00
   endloop
 endfacet
 facet normal -9.051772e-01 -4.250344e-01  0.000000e+00
   outer loop
     vertex -1.348892e+01 -6.561178e+00  0.000000e+00
     vertex -1.348892e+01 -6.561178e+00  4.000000e+01
     vertex -1.366384e+01 -6.188653e+00  4.000000e+01
   endloop
 endfacet
 facet normal -8.931761e-01 -4.497071e-01 -1.272583e-19
   outer loop
     vertex -1.330384e+01 -6.928764e+00  0.000000e+00
     vertex -1.348892e+01 -6.561178e+00  4.000000e+01
     vertex -1.348892e+01 -6.561178e+00  0.000000e+00
   endloop
 endfacet
 facet normal -8.931761e-01 -4.497071e-01  0.000000e+00
   outer loop
     vertex -1.330384e+01 -6.928764e+00  0.000000e+00
     vertex -1.330384e+01 -6.928764e+00  4.000000e+01
     vertex -1.348892e+01 -6.561178e+00  4.000000e+01
   endloop
 endfacet
 facet normal -8.805026e-01 -4.740412e-01 -1.461796e-19
   outer loop
     vertex -1.310875e+01 -7.291135e+00  0.000000e+00
     vertex -1.330384e+01 -6.928764e+00  4.000000e+01
     vertex -1.330384e+01 -6.928764e+00  0.000000e+00
   endloop
 endfacet
 facet normal -8.805026e-01 -4.740412e-01  0.000000e+00
   outer loop
     vertex -1.310875e+01 -7.291135e+00  0.000000e+00
     vertex -1.310875e+01 -7.291135e+00  4.000000e+01
     vertex -1.330384e+01 -6.928764e+00  4.000000e+01
   endloop
 endfacet
 facet normal -8.671664e-01 -4.980186e-01 -4.117750e-19
   outer loop
     vertex -1.290379e+01 -7.648016e+00  0.000000e+00
     vertex -1.310875e+01 -7.291135e+00  4.000000e+01
     vertex -1.310875e+01 -7.291135e+00  0.000000e+00
   endloop
 endfacet
 facet normal -8.671664e-01 -4.980186e-01  0.000000e+00
   outer loop
     vertex -1.290379e+01 -7.648016e+00  0.000000e+00
     vertex -1.290379e+01 -7.648016e+00  4.000000e+01
     vertex -1.310875e+01 -7.291135e+00  4.000000e+01
   endloop
 endfacet
 facet normal -8.531773e-01 -5.216210e-01  0.000000e+00
   outer loop
     vertex -1.290379e+01 -7.648016e+00  0.000000e+00
     vertex -1.268912e+01 -7.999141e+00  4.000000e+01
     vertex -1.290379e+01 -7.648016e+00  4.000000e+01
   endloop
 endfacet
 facet normal -8.531773e-01 -5.216210e-01  0.000000e+00
   outer loop
     vertex -1.268912e+01 -7.999141e+00  0.000000e+00
     vertex -1.268912e+01 -7.999141e+00  4.000000e+01
     vertex -1.290379e+01 -7.648016e+00  0.000000e+00
   endloop
 endfacet
 facet normal -8.385460e-01 -5.448308e-01 -5.487974e-20
   outer loop
     vertex -1.246489e+01 -8.344244e+00  0.000000e+00
     vertex -1.268912e+01 -7.999141e+00  4.000000e+01
     vertex -1.268912e+01 -7.999141e+00  0.000000e+00
   endloop
 endfacet
 facet normal -8.385460e-01 -5.448308e-01  0.000000e+00
   outer loop
     vertex -1.246489e+01 -8.344244e+00  0.000000e+00
     vertex -1.246489e+01 -8.344244e+00  4.000000e+01
     vertex -1.268912e+01 -7.999141e+00  4.000000e+01
   endloop
 endfacet
 facet normal -8.232835e-01 -5.676304e-01  0.000000e+00
   outer loop
     vertex -1.223129e+01 -8.683066e+00  0.000000e+00
     vertex -1.223129e+01 -8.683066e+00  4.000000e+01
     vertex -1.246489e+01 -8.344244e+00  4.000000e+01
   endloop
 endfacet
 facet normal -8.232835e-01 -5.676304e-01 -3.893981e-20
   outer loop
     vertex -1.223129e+01 -8.683066e+00  0.000000e+00
     vertex -1.246489e+01 -8.344244e+00  4.000000e+01
     vertex -1.246489e+01 -8.344244e+00  0.000000e+00
   endloop
 endfacet
 facet normal -8.074012e-01 -5.900028e-01  0.000000e+00
   outer loop
     vertex -1.198847e+01 -9.015352e+00  0.000000e+00
     vertex -1.198847e+01 -9.015352e+00  4.000000e+01
     vertex -1.223129e+01 -8.683066e+00  4.000000e+01
   endloop
 endfacet
 facet normal -8.074012e-01 -5.900028e-01  7.122439e-20
   outer loop
     vertex -1.198847e+01 -9.015352e+00  0.000000e+00
     vertex -1.223129e+01 -8.683066e+00  4.000000e+01
     vertex -1.223129e+01 -8.683066e+00  0.000000e+00
   endloop
 endfacet
 facet normal -7.909112e-01 -6.119310e-01  2.852625e-19
   outer loop
     vertex -1.173663e+01 -9.340851e+00  0.000000e+00
     vertex -1.198847e+01 -9.015352e+00  4.000000e+01
     vertex -1.198847e+01 -9.015352e+00  0.000000e+00
   endloop
 endfacet
 facet normal -7.909112e-01 -6.119310e-01  0.000000e+00
   outer loop
     vertex -1.173663e+01 -9.340851e+00  0.000000e+00
     vertex -1.173663e+01 -9.340851e+00  4.000000e+01
     vertex -1.198847e+01 -9.015352e+00  4.000000e+01
   endloop
 endfacet
 facet normal -7.738257e-01 -6.333986e-01 -4.116762e-19
   outer loop
     vertex -1.147596e+01 -9.659318e+00  0.000000e+00
     vertex -1.173663e+01 -9.340851e+00  4.000000e+01
     vertex -1.173663e+01 -9.340851e+00  0.000000e+00
   endloop
 endfacet
 facet normal -7.738257e-01 -6.333986e-01  0.000000e+00
   outer loop
     vertex -1.147596e+01 -9.659318e+00  0.000000e+00
     vertex -1.147596e+01 -9.659318e+00  4.000000e+01
     vertex -1.173663e+01 -9.340851e+00  4.000000e+01
   endloop
 endfacet
 facet normal -7.561578e-01 -6.543893e-01 -1.928761e-19
   outer loop
     vertex -1.120664e+01 -9.970515e+00  0.000000e+00
     vertex -1.147596e+01 -9.659318e+00  4.000000e+01
     vertex -1.147596e+01 -9.659318e+00  0.000000e+00
   endloop
 endfacet
 facet normal -7.561578e-01 -6.543893e-01  0.000000e+00
   outer loop
     vertex -1.120664e+01 -9.970515e+00  0.000000e+00
     vertex -1.120664e+01 -9.970515e+00  4.000000e+01
     vertex -1.147596e+01 -9.659318e+00  4.000000e+01
   endloop
 endfacet
 facet normal -7.379206e-01 -6.748875e-01  0.000000e+00
   outer loop
     vertex -1.120664e+01 -9.970515e+00  0.000000e+00
     vertex -1.092889e+01 -1.027421e+01  4.000000e+01
     vertex -1.120664e+01 -9.970515e+00  4.000000e+01
   endloop
 endfacet
 facet normal -7.379206e-01 -6.748875e-01  0.000000e+00
   outer loop
     vertex -1.092889e+01 -1.027421e+01  0.000000e+00
     vertex -1.092889e+01 -1.027421e+01  4.000000e+01
     vertex -1.120664e+01 -9.970515e+00  0.000000e+00
   endloop
 endfacet
 facet normal -6.997940e-01 -7.143447e-01  0.000000e+00
   outer loop
     vertex -1.064292e+01 -1.057016e+01  0.000000e+00
     vertex -1.034893e+01 -1.085816e+01  4.000000e+01
     vertex -1.064292e+01 -1.057016e+01  4.000000e+01
   endloop
 endfacet
 facet normal -7.191280e-01 -6.948776e-01  3.618302e-19
   outer loop
     vertex -1.064292e+01 -1.057016e+01  0.000000e+00
     vertex -1.092889e+01 -1.027421e+01  4.000000e+01
     vertex -1.092889e+01 -1.027421e+01  0.000000e+00
   endloop
 endfacet
 facet normal -7.191280e-01 -6.948776e-01  0.000000e+00
   outer loop
     vertex -1.064292e+01 -1.057016e+01  0.000000e+00
     vertex -1.064292e+01 -1.057016e+01  4.000000e+01
     vertex -1.092889e+01 -1.027421e+01  4.000000e+01
   endloop
 endfacet
 facet normal -6.799333e-01 -7.332740e-01  0.000000e+00
   outer loop
     vertex -1.034893e+01 -1.085816e+01  0.000000e+00
     vertex -1.004715e+01 -1.113799e+01  4.000000e+01
     vertex -1.034893e+01 -1.085816e+01  4.000000e+01
   endloop
 endfacet
 facet normal -6.997940e-01 -7.143447e-01  0.000000e+00
   outer loop
     vertex -1.034893e+01 -1.085816e+01  0.000000e+00
     vertex -1.034893e+01 -1.085816e+01  4.000000e+01
     vertex -1.064292e+01 -1.057016e+01  0.000000e+00
   endloop
 endfacet
 facet normal -6.799333e-01 -7.332740e-01  0.000000e+00
   outer loop
     vertex -1.004715e+01 -1.113799e+01  0.000000e+00
     vertex -1.004715e+01 -1.113799e+01  4.000000e+01
     vertex -1.034893e+01 -1.085816e+01  0.000000e+00
   endloop
 endfacet
 facet normal -6.595607e-01 -7.516513e-01  0.000000e+00
   outer loop
     vertex -9.737808e+00 -1.140943e+01  0.000000e+00
     vertex -9.737808e+00 -1.140943e+01  4.000000e+01
     vertex -1.004715e+01 -1.113799e+01  4.000000e+01
   endloop
 endfacet
 facet normal -6.595607e-01 -7.516513e-01 -1.886709e-19
   outer loop
     vertex -9.737808e+00 -1.140943e+01  0.000000e+00
     vertex -1.004715e+01 -1.113799e+01  4.000000e+01
     vertex -1.004715e+01 -1.113799e+01  0.000000e+00
   endloop
 endfacet
 facet normal -6.386916e-01 -7.694628e-01  0.000000e+00
   outer loop
     vertex -9.421136e+00 -1.167228e+01  0.000000e+00
     vertex -9.421136e+00 -1.167228e+01  4.000000e+01
     vertex -9.737808e+00 -1.140943e+01  4.000000e+01
   endloop
 endfacet
 facet normal -6.386916e-01 -7.694628e-01  4.206191e-19
   outer loop
     vertex -9.421136e+00 -1.167228e+01  0.000000e+00
     vertex -9.737808e+00 -1.140943e+01  4.000000e+01
     vertex -9.737808e+00 -1.140943e+01  0.000000e+00
   endloop
 endfacet
 facet normal -6.173417e-01 -7.866951e-01  0.000000e+00
   outer loop
     vertex -9.097372e+00 -1.192635e+01  0.000000e+00
     vertex -9.097372e+00 -1.192635e+01  4.000000e+01
     vertex -9.421136e+00 -1.167228e+01  4.000000e+01
   endloop
 endfacet
 facet normal -6.173417e-01 -7.866951e-01 -2.525993e-20
   outer loop
     vertex -9.097372e+00 -1.192635e+01  0.000000e+00
     vertex -9.421136e+00 -1.167228e+01  4.000000e+01
     vertex -9.421136e+00 -1.167228e+01  0.000000e+00
   endloop
 endfacet
 facet normal -5.955271e-01 -8.033352e-01  0.000000e+00
   outer loop
     vertex -8.766760e+00 -1.217144e+01  0.000000e+00
     vertex -8.766760e+00 -1.217144e+01  4.000000e+01
     vertex -9.097372e+00 -1.192635e+01  4.000000e+01
   endloop
 endfacet
 facet normal -5.955271e-01 -8.033352e-01  2.491562e-20
   outer loop
     vertex -8.766760e+00 -1.217144e+01  0.000000e+00
     vertex -9.097372e+00 -1.192635e+01  4.000000e+01
     vertex -9.097372e+00 -1.192635e+01  0.000000e+00
   endloop
 endfacet
 facet normal -5.732642e-01 -8.193706e-01  0.000000e+00
   outer loop
     vertex -8.429549e+00 -1.240737e+01  0.000000e+00
     vertex -8.429549e+00 -1.240737e+01  4.000000e+01
     vertex -8.766760e+00 -1.217144e+01  4.000000e+01
   endloop
 endfacet
 facet normal -5.732642e-01 -8.193706e-01 -7.168987e-22
   outer loop
     vertex -8.429549e+00 -1.240737e+01  0.000000e+00
     vertex -8.766760e+00 -1.217144e+01  4.000000e+01
     vertex -8.766760e+00 -1.217144e+01  0.000000e+00
   endloop
 endfacet
 facet normal -5.505698e-01 -8.347891e-01  0.000000e+00
   outer loop
     vertex -8.085992e+00 -1.263395e+01  0.000000e+00
     vertex -8.085992e+00 -1.263395e+01  4.000000e+01
     vertex -8.429549e+00 -1.240737e+01  4.000000e+01
   endloop
 endfacet
 facet normal -5.505698e-01 -8.347891e-01 -2.622339e-19
   outer loop
     vertex -8.085992e+00 -1.263395e+01  0.000000e+00
     vertex -8.429549e+00 -1.240737e+01  4.000000e+01
     vertex -8.429549e+00 -1.240737e+01  0.000000e+00
   endloop
 endfacet
 facet normal -5.274609e-01 -8.495793e-01  0.000000e+00
   outer loop
     vertex -7.736348e+00 -1.285103e+01  0.000000e+00
     vertex -7.736348e+00 -1.285103e+01  4.000000e+01
     vertex -8.085992e+00 -1.263395e+01  4.000000e+01
   endloop
 endfacet
 facet normal -5.039550e-01 -8.637299e-01  0.000000e+00
   outer loop
     vertex -7.736348e+00 -1.285103e+01  0.000000e+00
     vertex -7.380880e+00 -1.305843e+01  4.000000e+01
     vertex -7.736348e+00 -1.285103e+01  4.000000e+01
   endloop
 endfacet
 facet normal -5.274609e-01 -8.495793e-01  1.806016e-19
   outer loop
     vertex -7.736348e+00 -1.285103e+01  0.000000e+00
     vertex -8.085992e+00 -1.263395e+01  4.000000e+01
     vertex -8.085992e+00 -1.263395e+01  0.000000e+00
   endloop
 endfacet
 facet normal -5.039550e-01 -8.637299e-01  0.000000e+00
   outer loop
     vertex -7.380880e+00 -1.305843e+01  0.000000e+00
     vertex -7.380880e+00 -1.305843e+01  4.000000e+01
     vertex -7.736348e+00 -1.285103e+01  0.000000e+00
   endloop
 endfacet
 facet normal -4.800697e-01 -8.772303e-01  0.000000e+00
   outer loop
     vertex -7.019857e+00 -1.325600e+01  0.000000e+00
     vertex -7.019857e+00 -1.325600e+01  4.000000e+01
     vertex -7.380880e+00 -1.305843e+01  4.000000e+01
   endloop
 endfacet
 facet normal -4.800697e-01 -8.772303e-01 -3.925940e-19
   outer loop
     vertex -7.019857e+00 -1.325600e+01  0.000000e+00
     vertex -7.380880e+00 -1.305843e+01  4.000000e+01
     vertex -7.380880e+00 -1.305843e+01  0.000000e+00
   endloop
 endfacet
 facet normal -4.558231e-01 -8.900704e-01  0.000000e+00
   outer loop
     vertex -6.653549e+00 -1.344360e+01  0.000000e+00
     vertex -6.653549e+00 -1.344360e+01  4.000000e+01
     vertex -7.019857e+00 -1.325600e+01  4.000000e+01
   endloop
 endfacet
 facet normal -4.558231e-01 -8.900704e-01 -2.594070e-19
   outer loop
     vertex -6.653549e+00 -1.344360e+01  0.000000e+00
     vertex -7.019857e+00 -1.325600e+01  4.000000e+01
     vertex -7.019857e+00 -1.325600e+01  0.000000e+00
   endloop
 endfacet
 facet normal -4.312333e-01 -9.022405e-01  0.000000e+00
   outer loop
     vertex -6.282232e+00 -1.362107e+01  0.000000e+00
     vertex -6.282232e+00 -1.362107e+01  4.000000e+01
     vertex -6.653549e+00 -1.344360e+01  4.000000e+01
   endloop
 endfacet
 facet normal -4.312333e-01 -9.022405e-01 -4.102891e-19
   outer loop
     vertex -6.282232e+00 -1.362107e+01  0.000000e+00
     vertex -6.653549e+00 -1.344360e+01  4.000000e+01
     vertex -6.653549e+00 -1.344360e+01  0.000000e+00
   endloop
 endfacet
 facet normal -4.063188e-01 -9.137314e-01  0.000000e+00
   outer loop
     vertex -5.906186e+00 -1.378829e+01  0.000000e+00
     vertex -5.906186e+00 -1.378829e+01  4.000000e+01
     vertex -6.282232e+00 -1.362107e+01  4.000000e+01
   endloop
 endfacet
 facet normal -4.063188e-01 -9.137314e-01 -2.321183e-19
   outer loop
     vertex -5.906186e+00 -1.378829e+01  0.000000e+00
     vertex -6.282232e+00 -1.362107e+01  4.000000e+01
     vertex -6.282232e+00 -1.362107e+01  0.000000e+00
   endloop
 endfacet
 facet normal -3.810986e-01 -9.245344e-01  0.000000e+00
   outer loop
     vertex -5.525695e+00 -1.394513e+01  0.000000e+00
     vertex -5.525695e+00 -1.394513e+01  4.000000e+01
     vertex -5.906186e+00 -1.378829e+01  4.000000e+01
   endloop
 endfacet
 facet normal -3.810986e-01 -9.245344e-01 -6.187657e-20
   outer loop
     vertex -5.525695e+00 -1.394513e+01  0.000000e+00
     vertex -5.906186e+00 -1.378829e+01  4.000000e+01
     vertex -5.906186e+00 -1.378829e+01  0.000000e+00
   endloop
 endfacet
 facet normal -3.555914e-01 -9.346415e-01  0.000000e+00
   outer loop
     vertex -5.141043e+00 -1.409148e+01  0.000000e+00
     vertex -5.141043e+00 -1.409148e+01  4.000000e+01
     vertex -5.525695e+00 -1.394513e+01  4.000000e+01
   endloop
 endfacet
 facet normal -3.555914e-01 -9.346415e-01 -1.953992e-19
   outer loop
     vertex -5.141043e+00 -1.409148e+01  0.000000e+00
     vertex -5.525695e+00 -1.394513e+01  4.000000e+01
     vertex -5.525695e+00 -1.394513e+01  0.000000e+00
   endloop
 endfacet
 facet normal -3.298166e-01 -9.440450e-01  0.000000e+00
   outer loop
     vertex -4.752522e+00 -1.422721e+01  0.000000e+00
     vertex -4.752522e+00 -1.422721e+01  4.000000e+01
     vertex -5.141043e+00 -1.409148e+01  4.000000e+01
   endloop
 endfacet
 facet normal -3.298166e-01 -9.440450e-01  8.725704e-20
   outer loop
     vertex -4.752522e+00 -1.422721e+01  0.000000e+00
     vertex -5.141043e+00 -1.409148e+01  4.000000e+01
     vertex -5.141043e+00 -1.409148e+01  0.000000e+00
   endloop
 endfacet
 facet normal -3.037934e-01 -9.527379e-01  0.000000e+00
   outer loop
     vertex -4.360424e+00 -1.435224e+01  0.000000e+00
     vertex -4.360424e+00 -1.435224e+01  4.000000e+01
     vertex -4.752522e+00 -1.422721e+01  4.000000e+01
   endloop
 endfacet
 facet normal -3.037934e-01 -9.527379e-01 -1.868709e-19
   outer loop
     vertex -4.360424e+00 -1.435224e+01  0.000000e+00
     vertex -4.752522e+00 -1.422721e+01  4.000000e+01
     vertex -4.752522e+00 -1.422721e+01  0.000000e+00
   endloop
 endfacet
 facet normal -2.775416e-01 -9.607136e-01  0.000000e+00
   outer loop
     vertex -3.965042e+00 -1.446646e+01  0.000000e+00
     vertex -3.965042e+00 -1.446646e+01  4.000000e+01
     vertex -4.360424e+00 -1.435224e+01  4.000000e+01
   endloop
 endfacet
 facet normal -2.775416e-01 -9.607136e-01  3.150168e-20
   outer loop
     vertex -3.965042e+00 -1.446646e+01  0.000000e+00
     vertex -4.360424e+00 -1.435224e+01  4.000000e+01
     vertex -4.360424e+00 -1.435224e+01  0.000000e+00
   endloop
 endfacet
 facet normal -2.510809e-01 -9.679661e-01  0.000000e+00
   outer loop
     vertex -3.566676e+00 -1.456979e+01  0.000000e+00
     vertex -3.566676e+00 -1.456979e+01  4.000000e+01
     vertex -3.965042e+00 -1.446646e+01  4.000000e+01
   endloop
 endfacet
 facet normal -2.510809e-01 -9.679661e-01 -3.068573e-20
   outer loop
     vertex -3.566676e+00 -1.456979e+01  0.000000e+00
     vertex -3.965042e+00 -1.446646e+01  4.000000e+01
     vertex -3.965042e+00 -1.446646e+01  0.000000e+00
   endloop
 endfacet
 facet normal -2.244312e-01 -9.744899e-01  1.606425e-19
   outer loop
     vertex -3.165626e+00 -1.466216e+01  0.000000e+00
     vertex -3.566676e+00 -1.456979e+01  4.000000e+01
     vertex -3.566676e+00 -1.456979e+01  0.000000e+00
   endloop
 endfacet
 facet normal -2.244312e-01 -9.744899e-01  0.000000e+00
   outer loop
     vertex -3.165626e+00 -1.466216e+01  0.000000e+00
     vertex -3.165626e+00 -1.466216e+01  4.000000e+01
     vertex -3.566676e+00 -1.456979e+01  4.000000e+01
   endloop
 endfacet
 facet normal -1.976125e-01 -9.802802e-01 -8.567078e-20
   outer loop
     vertex -2.762192e+00 -1.474348e+01  0.000000e+00
     vertex -3.165626e+00 -1.466216e+01  4.000000e+01
     vertex -3.165626e+00 -1.466216e+01  0.000000e+00
   endloop
 endfacet
 facet normal -1.976125e-01 -9.802802e-01  0.000000e+00
   outer loop
     vertex -2.762192e+00 -1.474348e+01  0.000000e+00
     vertex -2.762192e+00 -1.474348e+01  4.000000e+01
     vertex -3.165626e+00 -1.466216e+01  4.000000e+01
   endloop
 endfacet
 facet normal -1.706451e-01 -9.853326e-01 -6.111932e-21
   outer loop
     vertex -2.356679e+00 -1.481371e+01  0.000000e+00
     vertex -2.762192e+00 -1.474348e+01  4.000000e+01
     vertex -2.762192e+00 -1.474348e+01  0.000000e+00
   endloop
 endfacet
 facet normal -1.706451e-01 -9.853326e-01  0.000000e+00
   outer loop
     vertex -2.356679e+00 -1.481371e+01  0.000000e+00
     vertex -2.356679e+00 -1.481371e+01  4.000000e+01
     vertex -2.762192e+00 -1.474348e+01  4.000000e+01
   endloop
 endfacet
 facet normal -1.435492e-01 -9.896432e-01  0.000000e+00
   outer loop
     vertex -2.356679e+00 -1.481371e+01  0.000000e+00
     vertex -1.949392e+00 -1.487279e+01  4.000000e+01
     vertex -2.356679e+00 -1.481371e+01  4.000000e+01
   endloop
 endfacet
 facet normal -1.435492e-01 -9.896432e-01  0.000000e+00
   outer loop
     vertex -1.949392e+00 -1.487279e+01  0.000000e+00
     vertex -1.949392e+00 -1.487279e+01  4.000000e+01
     vertex -2.356679e+00 -1.481371e+01  0.000000e+00
   endloop
 endfacet
 facet normal -1.163452e-01 -9.932088e-01  7.546139e-20
   outer loop
     vertex -1.540637e+00 -1.492067e+01  0.000000e+00
     vertex -1.949392e+00 -1.487279e+01  4.000000e+01
     vertex -1.949392e+00 -1.487279e+01  0.000000e+00
   endloop
 endfacet
 facet normal -1.163452e-01 -9.932088e-01  0.000000e+00
   outer loop
     vertex -1.540637e+00 -1.492067e+01  0.000000e+00
     vertex -1.540637e+00 -1.492067e+01  4.000000e+01
     vertex -1.949392e+00 -1.487279e+01  4.000000e+01
   endloop
 endfacet
 facet normal -8.905371e-02 -9.960268e-01  3.435480e-21
   outer loop
     vertex -1.130723e+00 -1.495732e+01  0.000000e+00
     vertex -1.540637e+00 -1.492067e+01  4.000000e+01
     vertex -1.540637e+00 -1.492067e+01  0.000000e+00
   endloop
 endfacet
 facet normal -8.905371e-02 -9.960268e-01  0.000000e+00
   outer loop
     vertex -1.130723e+00 -1.495732e+01  0.000000e+00
     vertex -1.130723e+00 -1.495732e+01  4.000000e+01
     vertex -1.540637e+00 -1.492067e+01  4.000000e+01
   endloop
 endfacet
 facet normal -6.169515e-02 -9.980950e-01  0.000000e+00
   outer loop
     vertex -7.199574e-01 -1.498271e+01  0.000000e+00
     vertex -7.199574e-01 -1.498271e+01  4.000000e+01
     vertex -1.130723e+00 -1.495732e+01  4.000000e+01
   endloop
 endfacet
 facet normal -6.169515e-02 -9.980950e-01  4.570711e-20
   outer loop
     vertex -7.199574e-01 -1.498271e+01  0.000000e+00
     vertex -1.130723e+00 -1.495732e+01  4.000000e+01
     vertex -1.130723e+00 -1.495732e+01  0.000000e+00
   endloop
 endfacet
 facet normal -3.429014e-02 -9.994119e-01  0.000000e+00
   outer loop
     vertex -3.086500e-01 -1.499682e+01  0.000000e+00
     vertex -3.086500e-01 -1.499682e+01  4.000000e+01
     vertex -7.199574e-01 -1.498271e+01  4.000000e+01
   endloop
 endfacet
 facet normal -3.429014e-02 -9.994119e-01 -1.346079e-20
   outer loop
     vertex -3.086500e-01 -1.499682e+01  0.000000e+00
     vertex -7.199574e-01 -1.498271e+01  4.000000e+01
     vertex -7.199574e-01 -1.498271e+01  0.000000e+00
   endloop
 endfacet
 facet normal -6.859319e-03 -9.999765e-01  0.000000e+00
   outer loop
     vertex -3.086500e-01 -1.499682e+01  0.000000e+00
     vertex  1.028898e-01 -1.499965e+01  4.000000e+01
     vertex -3.086500e-01 -1.499682e+01  4.000000e+01
   endloop
 endfacet
 facet normal -6.859319e-03 -9.999765e-01  0.000000e+00
   outer loop
     vertex  1.028898e-01 -1.499965e+01  0.000000e+00
     vertex  1.028898e-01 -1.499965e+01  4.000000e+01
     vertex -3.086500e-01 -1.499682e+01  0.000000e+00
   endloop
 endfacet
 facet normal  2.057667e-02 -9.997883e-01  0.000000e+00
   outer loop
     vertex  5.143521e-01 -1.499118e+01  0.000000e+00
     vertex  5.143521e-01 -1.499118e+01  4.000000e+01
     vertex  1.028898e-01 -1.499965e+01  4.000000e+01
   endloop
 endfacet
 facet normal  2.057667e-02 -9.997883e-01 -1.118861e-20
   outer loop
     vertex  5.143521e-01 -1.499118e+01  0.000000e+00
     vertex  1.028898e-01 -1.499965e+01  4.000000e+01
     vertex  1.028898e-01 -1.499965e+01  0.000000e+00
   endloop
 endfacet
 facet normal  4.799716e-02 -9.988475e-01  0.000000e+00
   outer loop
     vertex  9.254272e-01 -1.497143e+01  0.000000e+00
     vertex  9.254272e-01 -1.497143e+01  4.000000e+01
     vertex  5.143521e-01 -1.499118e+01  4.000000e+01
   endloop
 endfacet
 facet normal  4.799716e-02 -9.988475e-01 -2.686896e-20
   outer loop
     vertex  9.254272e-01 -1.497143e+01  0.000000e+00
     vertex  5.143521e-01 -1.499118e+01  4.000000e+01
     vertex  5.143521e-01 -1.499118e+01  0.000000e+00
   endloop
 endfacet
 facet normal  7.538152e-02 -9.971548e-01  0.000000e+00
   outer loop
     vertex  1.335806e+00 -1.494040e+01  0.000000e+00
     vertex  1.335806e+00 -1.494040e+01  4.000000e+01
     vertex  9.254272e-01 -1.497143e+01  4.000000e+01
   endloop
 endfacet
 facet normal  7.538152e-02 -9.971548e-01  4.043388e-20
   outer loop
     vertex  1.335806e+00 -1.494040e+01  0.000000e+00
     vertex  9.254272e-01 -1.497143e+01  4.000000e+01
     vertex  9.254272e-01 -1.497143e+01  0.000000e+00
   endloop
 endfacet
 facet normal  1.027091e-01 -9.947114e-01  0.000000e+00
   outer loop
     vertex  1.745179e+00 -1.489813e+01  0.000000e+00
     vertex  1.745179e+00 -1.489813e+01  4.000000e+01
     vertex  1.335806e+00 -1.494040e+01  4.000000e+01
   endloop
 endfacet
 facet normal  1.027091e-01 -9.947114e-01 -2.610753e-20
   outer loop
     vertex  1.745179e+00 -1.489813e+01  0.000000e+00
     vertex  1.335806e+00 -1.494040e+01  4.000000e+01
     vertex  1.335806e+00 -1.494040e+01  0.000000e+00
   endloop
 endfacet
 facet normal  1.299594e-01 -9.915193e-01  0.000000e+00
   outer loop
     vertex  2.153238e+00 -1.484465e+01  0.000000e+00
     vertex  2.153238e+00 -1.484465e+01  4.000000e+01
     vertex  1.745179e+00 -1.489813e+01  4.000000e+01
   endloop
 endfacet
 facet normal  1.299594e-01 -9.915193e-01  6.737450e-20
   outer loop
     vertex  2.153238e+00 -1.484465e+01  0.000000e+00
     vertex  1.745179e+00 -1.489813e+01  4.000000e+01
     vertex  1.745179e+00 -1.489813e+01  0.000000e+00
   endloop
 endfacet
 facet normal  1.571119e-01 -9.875808e-01  0.000000e+00
   outer loop
     vertex  2.559676e+00 -1.477999e+01  0.000000e+00
     vertex  2.559676e+00 -1.477999e+01  4.000000e+01
     vertex  2.153238e+00 -1.484465e+01  4.000000e+01
   endloop
 endfacet
 facet normal  1.571119e-01 -9.875808e-01  3.999797e-20
   outer loop
     vertex  2.559676e+00 -1.477999e+01  0.000000e+00
     vertex  2.153238e+00 -1.484465e+01  4.000000e+01
     vertex  2.153238e+00 -1.484465e+01  0.000000e+00
   endloop
 endfacet
 facet normal  1.841461e-01 -9.828989e-01  0.000000e+00
   outer loop
     vertex  2.964188e+00 -1.470420e+01  0.000000e+00
     vertex  2.964188e+00 -1.470420e+01  4.000000e+01
     vertex  2.559676e+00 -1.477999e+01  4.000000e+01
   endloop
 endfacet
 facet normal  2.110417e-01 -9.774771e-01  0.000000e+00
   outer loop
     vertex  2.964188e+00 -1.470420e+01  0.000000e+00
     vertex  3.366468e+00 -1.461735e+01  4.000000e+01
     vertex  2.964188e+00 -1.470420e+01  4.000000e+01
   endloop
 endfacet
 facet normal  1.841461e-01 -9.828989e-01 -1.052307e-19
   outer loop
     vertex  2.964188e+00 -1.470420e+01  0.000000e+00
     vertex  2.559676e+00 -1.477999e+01  4.000000e+01
     vertex  2.559676e+00 -1.477999e+01  0.000000e+00
   endloop
 endfacet
 facet normal  2.110417e-01 -9.774771e-01  0.000000e+00
   outer loop
     vertex  3.366468e+00 -1.461735e+01  0.000000e+00
     vertex  3.366468e+00 -1.461735e+01  4.000000e+01
     vertex  2.964188e+00 -1.470420e+01  0.000000e+00
   endloop
 endfacet
 facet normal  2.377784e-01 -9.713194e-01  0.000000e+00
   outer loop
     vertex  3.766214e+00 -1.451949e+01  0.000000e+00
     vertex  3.766214e+00 -1.451949e+01  4.000000e+01
     vertex  3.366468e+00 -1.461735e+01  4.000000e+01
   endloop
 endfacet
 facet normal  2.377784e-01 -9.713194e-01 -2.097474e-20
   outer loop
     vertex  3.766214e+00 -1.451949e+01  0.000000e+00
     vertex  3.366468e+00 -1.461735e+01  4.000000e+01
     vertex  3.366468e+00 -1.461735e+01  0.000000e+00
   endloop
 endfacet
 facet normal  2.643362e-01 -9.644306e-01  0.000000e+00
   outer loop
     vertex  4.163125e+00 -1.441070e+01  0.000000e+00
     vertex  4.163125e+00 -1.441070e+01  4.000000e+01
     vertex  3.766214e+00 -1.451949e+01  4.000000e+01
   endloop
 endfacet
 facet normal  2.643362e-01 -9.644306e-01 -5.726113e-22
   outer loop
     vertex  4.163125e+00 -1.441070e+01  0.000000e+00
     vertex  3.766214e+00 -1.451949e+01  4.000000e+01
     vertex  3.766214e+00 -1.451949e+01  0.000000e+00
   endloop
 endfacet
 facet normal  2.906949e-01 -9.568158e-01  0.000000e+00
   outer loop
     vertex  4.556902e+00 -1.429107e+01  0.000000e+00
     vertex  4.556902e+00 -1.429107e+01  4.000000e+01
     vertex  4.163125e+00 -1.441070e+01  4.000000e+01
   endloop
 endfacet
 facet normal  3.168348e-01 -9.484807e-01  0.000000e+00
   outer loop
     vertex  4.556902e+00 -1.429107e+01  0.000000e+00
     vertex  4.947248e+00 -1.416068e+01  4.000000e+01
     vertex  4.556902e+00 -1.429107e+01  4.000000e+01
   endloop
 endfacet
 facet normal  2.906949e-01 -9.568158e-01 -4.861411e-20
   outer loop
     vertex  4.556902e+00 -1.429107e+01  0.000000e+00
     vertex  4.163125e+00 -1.441070e+01  4.000000e+01
     vertex  4.163125e+00 -1.441070e+01  0.000000e+00
   endloop
 endfacet
 facet normal  3.168348e-01 -9.484807e-01  0.000000e+00
   outer loop
     vertex  4.947248e+00 -1.416068e+01  0.000000e+00
     vertex  4.947248e+00 -1.416068e+01  4.000000e+01
     vertex  4.556902e+00 -1.429107e+01  0.000000e+00
   endloop
 endfacet
 facet normal  3.427362e-01 -9.394317e-01  0.000000e+00
   outer loop
     vertex  5.333871e+00 -1.401962e+01  0.000000e+00
     vertex  5.333871e+00 -1.401962e+01  4.000000e+01
     vertex  4.947248e+00 -1.416068e+01  4.000000e+01
   endloop
 endfacet
 facet normal  3.427362e-01 -9.394317e-01  1.992836e-19
   outer loop
     vertex  5.333871e+00 -1.401962e+01  0.000000e+00
     vertex  4.947248e+00 -1.416068e+01  4.000000e+01
     vertex  4.947248e+00 -1.416068e+01  0.000000e+00
   endloop
 endfacet
 facet normal  3.683796e-01 -9.296754e-01  0.000000e+00
   outer loop
     vertex  5.716478e+00 -1.386802e+01  0.000000e+00
     vertex  5.716478e+00 -1.386802e+01  4.000000e+01
     vertex  5.333871e+00 -1.401962e+01  4.000000e+01
   endloop
 endfacet
 facet normal  3.683796e-01 -9.296754e-01 -7.485702e-20
   outer loop
     vertex  5.716478e+00 -1.386802e+01  0.000000e+00
     vertex  5.333871e+00 -1.401962e+01  4.000000e+01
     vertex  5.333871e+00 -1.401962e+01  0.000000e+00
   endloop
 endfacet
 facet normal  3.937458e-01 -9.192194e-01  0.000000e+00
   outer loop
     vertex  6.094783e+00 -1.370597e+01  0.000000e+00
     vertex  6.094783e+00 -1.370597e+01  4.000000e+01
     vertex  5.716478e+00 -1.386802e+01  4.000000e+01
   endloop
 endfacet
 facet normal  3.937458e-01 -9.192194e-01 -1.278700e-19
   outer loop
     vertex  6.094783e+00 -1.370597e+01  0.000000e+00
     vertex  5.716478e+00 -1.386802e+01  4.000000e+01
     vertex  5.716478e+00 -1.386802e+01  0.000000e+00
   endloop
 endfacet
 facet normal  4.188155e-01 -9.080714e-01  0.000000e+00
   outer loop
     vertex  6.468499e+00 -1.353361e+01  0.000000e+00
     vertex  6.468499e+00 -1.353361e+01  4.000000e+01
     vertex  6.094783e+00 -1.370597e+01  4.000000e+01
   endloop
 endfacet
 facet normal  4.188155e-01 -9.080714e-01  3.131552e-19
   outer loop
     vertex  6.468499e+00 -1.353361e+01  0.000000e+00
     vertex  6.094783e+00 -1.370597e+01  4.000000e+01
     vertex  6.094783e+00 -1.370597e+01  0.000000e+00
   endloop
 endfacet
 facet normal  4.435699e-01 -8.962398e-01  0.000000e+00
   outer loop
     vertex  6.837346e+00 -1.335106e+01  0.000000e+00
     vertex  6.837346e+00 -1.335106e+01  4.000000e+01
     vertex  6.468499e+00 -1.353361e+01  4.000000e+01
   endloop
 endfacet
 facet normal  4.435699e-01 -8.962398e-01 -3.126236e-20
   outer loop
     vertex  6.837346e+00 -1.335106e+01  0.000000e+00
     vertex  6.468499e+00 -1.353361e+01  4.000000e+01
     vertex  6.468499e+00 -1.353361e+01  0.000000e+00
   endloop
 endfacet
 facet normal  4.679904e-01 -8.837335e-01 -1.879444e-19
   outer loop
     vertex  7.201046e+00 -1.315845e+01  0.000000e+00
     vertex  6.837346e+00 -1.335106e+01  4.000000e+01
     vertex  6.837346e+00 -1.335106e+01  0.000000e+00
   endloop
 endfacet
 facet normal  4.679904e-01 -8.837335e-01  0.000000e+00
   outer loop
     vertex  7.201046e+00 -1.315845e+01  0.000000e+00
     vertex  7.201046e+00 -1.315845e+01  4.000000e+01
     vertex  6.837346e+00 -1.335106e+01  4.000000e+01
   endloop
 endfacet
 facet normal  4.920587e-01 -8.705620e-01  2.724181e-19
   outer loop
     vertex  7.559325e+00 -1.295595e+01  0.000000e+00
     vertex  7.201046e+00 -1.315845e+01  4.000000e+01
     vertex  7.201046e+00 -1.315845e+01  0.000000e+00
   endloop
 endfacet
 facet normal  4.920587e-01 -8.705620e-01  0.000000e+00
   outer loop
     vertex  7.559325e+00 -1.295595e+01  0.000000e+00
     vertex  7.559325e+00 -1.295595e+01  4.000000e+01
     vertex  7.201046e+00 -1.315845e+01  4.000000e+01
   endloop
 endfacet
 facet normal  5.157565e-01 -8.567352e-01 -3.743434e-19
   outer loop
     vertex  7.911914e+00 -1.274369e+01  0.000000e+00
     vertex  7.559325e+00 -1.295595e+01  4.000000e+01
     vertex  7.559325e+00 -1.295595e+01  0.000000e+00
   endloop
 endfacet
 facet normal  5.157565e-01 -8.567352e-01  0.000000e+00
   outer loop
     vertex  7.911914e+00 -1.274369e+01  0.000000e+00
     vertex  7.911914e+00 -1.274369e+01  4.000000e+01
     vertex  7.559325e+00 -1.295595e+01  4.000000e+01
   endloop
 endfacet
 facet normal  5.390661e-01 -8.422635e-01 -1.769934e-19
   outer loop
     vertex  8.258547e+00 -1.252184e+01  0.000000e+00
     vertex  7.911914e+00 -1.274369e+01  4.000000e+01
     vertex  7.911914e+00 -1.274369e+01  0.000000e+00
   endloop
 endfacet
 facet normal  5.390661e-01 -8.422635e-01  0.000000e+00
   outer loop
     vertex  8.258547e+00 -1.252184e+01  0.000000e+00
     vertex  8.258547e+00 -1.252184e+01  4.000000e+01
     vertex  7.911914e+00 -1.274369e+01  4.000000e+01
   endloop
 endfacet
 facet normal  5.619699e-01 -8.271577e-01  0.000000e+00
   outer loop
     vertex  8.258547e+00 -1.252184e+01  0.000000e+00
     vertex  8.598964e+00 -1.229056e+01  4.000000e+01
     vertex  8.258547e+00 -1.252184e+01  4.000000e+01
   endloop
 endfacet
 facet normal  5.619699e-01 -8.271577e-01  0.000000e+00
   outer loop
     vertex  8.598964e+00 -1.229056e+01  0.000000e+00
     vertex  8.598964e+00 -1.229056e+01  4.000000e+01
     vertex  8.258547e+00 -1.252184e+01  0.000000e+00
   endloop
 endfacet
 facet normal  5.844507e-01 -8.114292e-01  3.019331e-19
   outer loop
     vertex  8.932907e+00 -1.205003e+01  0.000000e+00
     vertex  8.598964e+00 -1.229056e+01  4.000000e+01
     vertex  8.598964e+00 -1.229056e+01  0.000000e+00
   endloop
 endfacet
 facet normal  5.844507e-01 -8.114292e-01  0.000000e+00
   outer loop
     vertex  8.932907e+00 -1.205003e+01  0.000000e+00
     vertex  8.932907e+00 -1.205003e+01  4.000000e+01
     vertex  8.598964e+00 -1.229056e+01  4.000000e+01
   endloop
 endfacet
 facet normal  6.064915e-01 -7.950900e-01  0.000000e+00
   outer loop
     vertex  8.932907e+00 -1.205003e+01  0.000000e+00
     vertex  9.260126e+00 -1.180043e+01  4.000000e+01
     vertex  8.932907e+00 -1.205003e+01  4.000000e+01
   endloop
 endfacet
 facet normal  6.064915e-01 -7.950900e-01  0.000000e+00
   outer loop
     vertex  9.260126e+00 -1.180043e+01  0.000000e+00
     vertex  9.260126e+00 -1.180043e+01  4.000000e+01
     vertex  8.932907e+00 -1.205003e+01  0.000000e+00
   endloop
 endfacet
 facet normal  6.280757e-01 -7.781522e-01  3.015629e-20
   outer loop
     vertex  9.580374e+00 -1.154194e+01  0.000000e+00
     vertex  9.260126e+00 -1.180043e+01  4.000000e+01
     vertex  9.260126e+00 -1.180043e+01  0.000000e+00
   endloop
 endfacet
 facet normal  6.280757e-01 -7.781522e-01  0.000000e+00
   outer loop
     vertex  9.580374e+00 -1.154194e+01  0.000000e+00
     vertex  9.580374e+00 -1.154194e+01  4.000000e+01
     vertex  9.260126e+00 -1.180043e+01  4.000000e+01
   endloop
 endfacet
 facet normal  6.491872e-01 -7.606287e-01  0.000000e+00
   outer loop
     vertex  9.580374e+00 -1.154194e+01  0.000000e+00
     vertex  9.893410e+00 -1.127477e+01  4.000000e+01
     vertex  9.580374e+00 -1.154194e+01  4.000000e+01
   endloop
 endfacet
 facet normal  6.491872e-01 -7.606287e-01  0.000000e+00
   outer loop
     vertex  9.893410e+00 -1.127477e+01  0.000000e+00
     vertex  9.893410e+00 -1.127477e+01  4.000000e+01
     vertex  9.580374e+00 -1.154194e+01  0.000000e+00
   endloop
 endfacet
 facet normal  6.698100e-01 -7.425325e-01  0.000000e+00
   outer loop
     vertex  9.893410e+00 -1.127477e+01  0.000000e+00
     vertex  1.019900e+01 -1.099911e+01  4.000000e+01
     vertex  9.893410e+00 -1.127477e+01  4.000000e+01
   endloop
 endfacet
 facet normal  6.698100e-01 -7.425325e-01  0.000000e+00
   outer loop
     vertex  1.019900e+01 -1.099911e+01  0.000000e+00
     vertex  1.019900e+01 -1.099911e+01  4.000000e+01
     vertex  9.893410e+00 -1.127477e+01  0.000000e+00
   endloop
 endfacet
 facet normal  6.899286e-01 -7.238775e-01  0.000000e+00
   outer loop
     vertex  1.019900e+01 -1.099911e+01  0.000000e+00
     vertex  1.049691e+01 -1.071517e+01  4.000000e+01
     vertex  1.019900e+01 -1.099911e+01  4.000000e+01
   endloop
 endfacet
 facet normal  6.899286e-01 -7.238775e-01  0.000000e+00
   outer loop
     vertex  1.049691e+01 -1.071517e+01  0.000000e+00
     vertex  1.049691e+01 -1.071517e+01  4.000000e+01
     vertex  1.019900e+01 -1.099911e+01  0.000000e+00
   endloop
 endfacet
 facet normal  7.095278e-01 -7.046775e-01 -1.393733e-19
   outer loop
     vertex  1.078692e+01 -1.042316e+01  0.000000e+00
     vertex  1.049691e+01 -1.071517e+01  4.000000e+01
     vertex  1.049691e+01 -1.071517e+01  0.000000e+00
   endloop
 endfacet
 facet normal  7.095278e-01 -7.046775e-01  0.000000e+00
   outer loop
     vertex  1.078692e+01 -1.042316e+01  0.000000e+00
     vertex  1.078692e+01 -1.042316e+01  4.000000e+01
     vertex  1.049691e+01 -1.071517e+01  4.000000e+01
   endloop
 endfacet
 facet normal  7.285929e-01 -6.849470e-01  1.179641e-19
   outer loop
     vertex  1.106881e+01 -1.012331e+01  0.000000e+00
     vertex  1.078692e+01 -1.042316e+01  4.000000e+01
     vertex  1.078692e+01 -1.042316e+01  0.000000e+00
   endloop
 endfacet
 facet normal  7.285929e-01 -6.849470e-01  0.000000e+00
   outer loop
     vertex  1.106881e+01 -1.012331e+01  0.000000e+00
     vertex  1.106881e+01 -1.012331e+01  4.000000e+01
     vertex  1.078692e+01 -1.042316e+01  4.000000e+01
   endloop
 endfacet
 facet normal  7.471095e-01 -6.647010e-01  1.138908e-19
   outer loop
     vertex  1.134237e+01 -9.815840e+00  0.000000e+00
     vertex  1.106881e+01 -1.012331e+01  4.000000e+01
     vertex  1.106881e+01 -1.012331e+01  0.000000e+00
   endloop
 endfacet
 facet normal  7.471095e-01 -6.647010e-01  0.000000e+00
   outer loop
     vertex  1.134237e+01 -9.815840e+00  0.000000e+00
     vertex  1.134237e+01 -9.815840e+00  4.000000e+01
     vertex  1.106881e+01 -1.012331e+01  4.000000e+01
   endloop
 endfacet
 facet normal  7.650637e-01 -6.439545e-01  0.000000e+00
   outer loop
     vertex  1.134237e+01 -9.815840e+00  0.000000e+00
     vertex  1.160739e+01 -9.500978e+00  4.000000e+01
     vertex  1.134237e+01 -9.815840e+00  4.000000e+01
   endloop
 endfacet
 facet normal  7.650637e-01 -6.439545e-01  0.000000e+00
   outer loop
     vertex  1.160739e+01 -9.500978e+00  0.000000e+00
     vertex  1.160739e+01 -9.500978e+00  4.000000e+01
     vertex  1.134237e+01 -9.815840e+00  0.000000e+00
   endloop
 endfacet
 facet normal  7.824421e-01 -6.227234e-01  0.000000e+00
   outer loop
     vertex  1.160739e+01 -9.500978e+00  0.000000e+00
     vertex  1.186367e+01 -9.178965e+00  4.000000e+01
     vertex  1.160739e+01 -9.500978e+00  4.000000e+01
   endloop
 endfacet
 facet normal  7.824421e-01 -6.227234e-01  0.000000e+00
   outer loop
     vertex  1.186367e+01 -9.178965e+00  0.000000e+00
     vertex  1.186367e+01 -9.178965e+00  4.000000e+01
     vertex  1.160739e+01 -9.500978e+00  0.000000e+00
   endloop
 endfacet
 facet normal  7.992314e-01 -6.010234e-01  0.000000e+00
   outer loop
     vertex  1.211102e+01 -8.850042e+00  0.000000e+00
     vertex  1.211102e+01 -8.850042e+00  4.000000e+01
     vertex  1.186367e+01 -9.178965e+00  4.000000e+01
   endloop
 endfacet
 facet normal  7.992314e-01 -6.010234e-01 -7.356412e-20
   outer loop
     vertex  1.211102e+01 -8.850042e+00  0.000000e+00
     vertex  1.186367e+01 -9.178965e+00  4.000000e+01
     vertex  1.186367e+01 -9.178965e+00  0.000000e+00
   endloop
 endfacet
 facet normal  8.154191e-01 -5.788711e-01  0.000000e+00
   outer loop
     vertex  1.234925e+01 -8.514456e+00  0.000000e+00
     vertex  1.234925e+01 -8.514456e+00  4.000000e+01
     vertex  1.211102e+01 -8.850042e+00  4.000000e+01
   endloop
 endfacet
 facet normal  8.154191e-01 -5.788711e-01  1.795420e-19
   outer loop
     vertex  1.234925e+01 -8.514456e+00  0.000000e+00
     vertex  1.211102e+01 -8.850042e+00  4.000000e+01
     vertex  1.211102e+01 -8.850042e+00  0.000000e+00
   endloop
 endfacet
 facet normal  8.309929e-01 -5.562829e-01  0.000000e+00
   outer loop
     vertex  1.257819e+01 -8.172462e+00  0.000000e+00
     vertex  1.257819e+01 -8.172462e+00  4.000000e+01
     vertex  1.234925e+01 -8.514456e+00  4.000000e+01
   endloop
 endfacet
 facet normal  8.309929e-01 -5.562829e-01 -6.956102e-22
   outer loop
     vertex  1.257819e+01 -8.172462e+00  0.000000e+00
     vertex  1.234925e+01 -8.514456e+00  4.000000e+01
     vertex  1.234925e+01 -8.514456e+00  0.000000e+00
   endloop
 endfacet
 facet normal  8.459413e-01 -5.332761e-01  0.000000e+00
   outer loop
     vertex  1.279766e+01 -7.824315e+00  0.000000e+00
     vertex  1.279766e+01 -7.824315e+00  4.000000e+01
     vertex  1.257819e+01 -8.172462e+00  4.000000e+01
   endloop
 endfacet
 facet normal  8.459413e-01 -5.332761e-01 -3.576763e-19
   outer loop
     vertex  1.279766e+01 -7.824315e+00  0.000000e+00
     vertex  1.257819e+01 -8.172462e+00  4.000000e+01
     vertex  1.257819e+01 -8.172462e+00  0.000000e+00
   endloop
 endfacet
 facet normal  8.602528e-01 -5.098678e-01  0.000000e+00
   outer loop
     vertex  1.300750e+01 -7.470278e+00  0.000000e+00
     vertex  1.300750e+01 -7.470278e+00  4.000000e+01
     vertex  1.279766e+01 -7.824315e+00  4.000000e+01
   endloop
 endfacet
 facet normal  8.602528e-01 -5.098678e-01 -4.097525e-19
   outer loop
     vertex  1.300750e+01 -7.470278e+00  0.000000e+00
     vertex  1.279766e+01 -7.824315e+00  4.000000e+01
     vertex  1.279766e+01 -7.824315e+00  0.000000e+00
   endloop
 endfacet
 facet normal  8.739167e-01 -4.860756e-01  0.000000e+00
   outer loop
     vertex  1.320754e+01 -7.110619e+00  0.000000e+00
     vertex  1.320754e+01 -7.110619e+00  4.000000e+01
     vertex  1.300750e+01 -7.470278e+00  4.000000e+01
   endloop
 endfacet
 facet normal  8.869228e-01 -4.619176e-01  0.000000e+00
   outer loop
     vertex  1.320754e+01 -7.110619e+00  0.000000e+00
     vertex  1.339764e+01 -6.745606e+00  4.000000e+01
     vertex  1.320754e+01 -7.110619e+00  4.000000e+01
   endloop
 endfacet
 facet normal  8.739167e-01 -4.860756e-01 -1.470238e-19
   outer loop
     vertex  1.320754e+01 -7.110619e+00  0.000000e+00
     vertex  1.300750e+01 -7.470278e+00  4.000000e+01
     vertex  1.300750e+01 -7.470278e+00  0.000000e+00
   endloop
 endfacet
 facet normal  8.869228e-01 -4.619176e-01  0.000000e+00
   outer loop
     vertex  1.339764e+01 -6.745606e+00  0.000000e+00
     vertex  1.339764e+01 -6.745606e+00  4.000000e+01
     vertex  1.320754e+01 -7.110619e+00  0.000000e+00
   endloop
 endfacet
 facet normal  8.992613e-01 -4.374119e-01  0.000000e+00
   outer loop
     vertex  1.357766e+01 -6.375515e+00  0.000000e+00
     vertex  1.357766e+01 -6.375515e+00  4.000000e+01
     vertex  1.339764e+01 -6.745606e+00  4.000000e+01
   endloop
 endfacet
 facet normal  8.992613e-01 -4.374119e-01 -1.311046e-19
   outer loop
     vertex  1.357766e+01 -6.375515e+00  0.000000e+00
     vertex  1.339764e+01 -6.745606e+00  4.000000e+01
     vertex  1.339764e+01 -6.745606e+00  0.000000e+00
   endloop
 endfacet
 facet normal  9.109228e-01 -4.125769e-01  0.000000e+00
   outer loop
     vertex  1.374745e+01 -6.000626e+00  0.000000e+00
     vertex  1.374745e+01 -6.000626e+00  4.000000e+01
     vertex  1.357766e+01 -6.375515e+00  4.000000e+01
   endloop
 endfacet
 facet normal  9.109228e-01 -4.125769e-01  2.397114e-19
   outer loop
     vertex  1.374745e+01 -6.000626e+00  0.000000e+00
     vertex  1.357766e+01 -6.375515e+00  4.000000e+01
     vertex  1.357766e+01 -6.375515e+00  0.000000e+00
   endloop
 endfacet
 facet normal  9.218986e-01 -3.874313e-01 -1.438184e-19
   outer loop
     vertex  1.390690e+01 -5.621219e+00  0.000000e+00
     vertex  1.374745e+01 -6.000626e+00  4.000000e+01
     vertex  1.374745e+01 -6.000626e+00  0.000000e+00
   endloop
 endfacet
 facet normal  9.218986e-01 -3.874313e-01  0.000000e+00
   outer loop
     vertex  1.390690e+01 -5.621219e+00  0.000000e+00
     vertex  1.390690e+01 -5.621219e+00  4.000000e+01
     vertex  1.374745e+01 -6.000626e+00  4.000000e+01
   endloop
 endfacet
 facet normal  9.321804e-01 -3.619940e-01  0.000000e+00
   outer loop
     vertex  1.390690e+01 -5.621219e+00  0.000000e+00
     vertex  1.405588e+01 -5.237580e+00  4.000000e+01
     vertex  1.390690e+01 -5.621219e+00  4.000000e+01
   endloop
 endfacet
 facet normal  9.321804e-01 -3.619940e-01  0.000000e+00
   outer loop
     vertex  1.405588e+01 -5.237580e+00  0.000000e+00
     vertex  1.405588e+01 -5.237580e+00  4.000000e+01
     vertex  1.390690e+01 -5.621219e+00  0.000000e+00
   endloop
 endfacet
 facet normal  9.417605e-01 -3.362843e-01  0.000000e+00
   outer loop
     vertex  1.405588e+01 -5.237580e+00  0.000000e+00
     vertex  1.419428e+01 -4.849999e+00  4.000000e+01
     vertex  1.405588e+01 -5.237580e+00  4.000000e+01
   endloop
 endfacet
 facet normal  9.417605e-01 -3.362843e-01  0.000000e+00
   outer loop
     vertex  1.419428e+01 -4.849999e+00  0.000000e+00
     vertex  1.419428e+01 -4.849999e+00  4.000000e+01
     vertex  1.405588e+01 -5.237580e+00  0.000000e+00
   endloop
 endfacet
 facet normal  9.506317e-01 -3.103214e-01 -2.066189e-19
   outer loop
     vertex  1.432199e+01 -4.458768e+00  0.000000e+00
     vertex  1.419428e+01 -4.849999e+00  4.000000e+01
     vertex  1.419428e+01 -4.849999e+00  0.000000e+00
   endloop
 endfacet
 facet normal  9.506317e-01 -3.103214e-01  0.000000e+00
   outer loop
     vertex  1.432199e+01 -4.458768e+00  0.000000e+00
     vertex  1.432199e+01 -4.458768e+00  4.000000e+01
     vertex  1.419428e+01 -4.849999e+00  4.000000e+01
   endloop
 endfacet
 facet normal  9.587873e-01 -2.841250e-01  1.889258e-19
   outer loop
     vertex  1.443892e+01 -4.064179e+00  0.000000e+00
     vertex  1.432199e+01 -4.458768e+00  4.000000e+01
     vertex  1.432199e+01 -4.458768e+00  0.000000e+00
   endloop
 endfacet
 facet normal  9.587873e-01 -2.841250e-01  0.000000e+00
   outer loop
     vertex  1.443892e+01 -4.064179e+00  0.000000e+00
     vertex  1.443892e+01 -4.064179e+00  4.000000e+01
     vertex  1.432199e+01 -4.458768e+00  4.000000e+01
   endloop
 endfacet
 facet normal  9.662211e-01 -2.577146e-01  1.172775e-19
   outer loop
     vertex  1.454498e+01 -3.666531e+00  0.000000e+00
     vertex  1.443892e+01 -4.064179e+00  4.000000e+01
     vertex  1.443892e+01 -4.064179e+00  0.000000e+00
   endloop
 endfacet
 facet normal  9.662211e-01 -2.577146e-01  0.000000e+00
   outer loop
     vertex  1.454498e+01 -3.666531e+00  0.000000e+00
     vertex  1.454498e+01 -3.666531e+00  4.000000e+01
     vertex  1.443892e+01 -4.064179e+00  4.000000e+01
   endloop
 endfacet
 facet normal  9.729276e-01 -2.311102e-01 -4.189653e-20
   outer loop
     vertex  1.464010e+01 -3.266124e+00  0.000000e+00
     vertex  1.454498e+01 -3.666531e+00  4.000000e+01
     vertex  1.454498e+01 -3.666531e+00  0.000000e+00
   endloop
 endfacet
 facet normal  9.729276e-01 -2.311102e-01  0.000000e+00
   outer loop
     vertex  1.464010e+01 -3.266124e+00  0.000000e+00
     vertex  1.464010e+01 -3.266124e+00  4.000000e+01
     vertex  1.454498e+01 -3.666531e+00  4.000000e+01
   endloop
 endfacet
 facet normal  9.789017e-01 -2.043319e-01  0.000000e+00
   outer loop
     vertex  1.464010e+01 -3.266124e+00  0.000000e+00
     vertex  1.472419e+01 -2.863257e+00  4.000000e+01
     vertex  1.464010e+01 -3.266124e+00  4.000000e+01
   endloop
 endfacet
 facet normal  9.789017e-01 -2.043319e-01  0.000000e+00
   outer loop
     vertex  1.472419e+01 -2.863257e+00  0.000000e+00
     vertex  1.472419e+01 -2.863257e+00  4.000000e+01
     vertex  1.464010e+01 -3.266124e+00  0.000000e+00
   endloop
 endfacet
 facet normal  9.841389e-01 -1.773998e-01  6.218792e-20
   outer loop
     vertex  1.479720e+01 -2.458235e+00  0.000000e+00
     vertex  1.472419e+01 -2.863257e+00  4.000000e+01
     vertex  1.472419e+01 -2.863257e+00  0.000000e+00
   endloop
 endfacet
 facet normal  9.841389e-01 -1.773998e-01  0.000000e+00
   outer loop
     vertex  1.479720e+01 -2.458235e+00  0.000000e+00
     vertex  1.479720e+01 -2.458235e+00  4.000000e+01
     vertex  1.472419e+01 -2.863257e+00  4.000000e+01
   endloop
 endfacet
 facet normal  9.886353e-01 -1.503341e-01  2.346820e-20
   outer loop
     vertex  1.485907e+01 -2.051363e+00  0.000000e+00
     vertex  1.479720e+01 -2.458235e+00  4.000000e+01
     vertex  1.479720e+01 -2.458235e+00  0.000000e+00
   endloop
 endfacet
 facet normal  9.886353e-01 -1.503341e-01  0.000000e+00
   outer loop
     vertex  1.485907e+01 -2.051363e+00  0.000000e+00
     vertex  1.485907e+01 -2.051363e+00  4.000000e+01
     vertex  1.479720e+01 -2.458235e+00  4.000000e+01
   endloop
 endfacet
 facet normal  9.923874e-01 -1.231552e-01  6.628281e-20
   outer loop
     vertex  1.490975e+01 -1.642947e+00  0.000000e+00
     vertex  1.485907e+01 -2.051363e+00  4.000000e+01
     vertex  1.485907e+01 -2.051363e+00  0.000000e+00
   endloop
 endfacet
 facet normal  9.923874e-01 -1.231552e-01  0.000000e+00
   outer loop
     vertex  1.490975e+01 -1.642947e+00  0.000000e+00
     vertex  1.490975e+01 -1.642947e+00  4.000000e+01
     vertex  1.485907e+01 -2.051363e+00  4.000000e+01
   endloop
 endfacet
 facet normal  9.953925e-01 -9.588368e-02 -3.694348e-20
   outer loop
     vertex  1.494921e+01 -1.233293e+00  0.000000e+00
     vertex  1.490975e+01 -1.642947e+00  4.000000e+01
     vertex  1.490975e+01 -1.642947e+00  0.000000e+00
   endloop
 endfacet
 facet normal  9.953925e-01 -9.588368e-02  0.000000e+00
   outer loop
     vertex  1.494921e+01 -1.233293e+00  0.000000e+00
     vertex  1.494921e+01 -1.233293e+00  4.000000e+01
     vertex  1.490975e+01 -1.642947e+00  4.000000e+01
   endloop
 endfacet
 facet normal  9.976484e-01 -6.853995e-02 -1.623747e-20
   outer loop
     vertex  1.497742e+01 -8.227117e-01  0.000000e+00
     vertex  1.494921e+01 -1.233293e+00  4.000000e+01
     vertex  1.494921e+01 -1.233293e+00  0.000000e+00
   endloop
 endfacet
 facet normal  9.976484e-01 -6.853995e-02  0.000000e+00
   outer loop
     vertex  1.497742e+01 -8.227117e-01  0.000000e+00
     vertex  1.497742e+01 -8.227117e-01  4.000000e+01
     vertex  1.494921e+01 -1.233293e+00  4.000000e+01
   endloop
 endfacet
 facet normal  9.999059e-01 -1.371831e-02 -3.722984e-18
   outer loop
     vertex  1.500000e+01  4.884981e-15  2.200000e+01
     vertex  1.500000e+01  0.000000e+00  4.000000e+01
     vertex  1.499435e+01 -4.115107e-01  4.000000e+01
   endloop
 endfacet
 facet normal  9.991532e-01 -4.114462e-02 -1.064728e-20
   outer loop
     vertex  1.499435e+01 -4.115107e-01  0.000000e+00
     vertex  1.497742e+01 -8.227117e-01  4.000000e+01
     vertex  1.497742e+01 -8.227117e-01  0.000000e+00
   endloop
 endfacet
 facet normal  9.991532e-01 -4.114462e-02  0.000000e+00
   outer loop
     vertex  1.499435e+01 -4.115107e-01  0.000000e+00
     vertex  1.499435e+01 -4.115107e-01  4.000000e+01
     vertex  1.497742e+01 -8.227117e-01  4.000000e+01
   endloop
 endfacet
 facet normal  9.999059e-01 -1.371831e-02  3.046078e-18
   outer loop
     vertex  1.500000e+01  3.996803e-15  1.800000e+01
     vertex  1.500000e+01  4.884981e-15  2.200000e+01
     vertex  1.499435e+01 -4.115107e-01  4.000000e+01
   endloop
 endfacet
 facet normal  9.999059e-01 -1.371831e-02  2.412361e-21
   outer loop
     vertex  1.500000e+01  3.996803e-15  1.800000e+01
     vertex  1.499435e+01 -4.115107e-01  4.000000e+01
     vertex  1.499435e+01 -4.115107e-01  0.000000e+00
   endloop
 endfacet
 facet normal  9.999059e-01 -1.371831e-02  3.046078e-18
   outer loop
     vertex  1.500000e+01  0.000000e+00  0.000000e+00
     vertex  1.500000e+01  3.996803e-15  1.800000e+01
     vertex  1.499435e+01 -4.115107e-01  0.000000e+00
   endloop
 endfacet
 facet normal  0.000000e+00  0.000000e+00 -1.000000e+00
   outer loop
     vertex -1.147596e+01 -9.659318e+00  0.000000e+00
     vertex -1.092889e+01 -1.027421e+01  0.000000e+00
     vertex -1.120664e+01 -9.970515e+00  0.000000e+00
   endloop
 endfacet
 facet normal  0.000000e+00  0.000000e+00 -1.000000e+00
   outer loop
     vertex -9.421136e+00 -1.167228e+01  0.000000e+00
     vertex -1.064292e+01 -1.057016e+01  0.000000e+00
     vertex -1.092889e+01 -1.027421e+01  0.000000e+00
   endloop
 endfacet
 facet normal  0.000000e+00  0.000000e+00 -1.000000e+00
   outer loop
     vertex -9.421136e+00 -1.167228e+01  0.000000e+00
     vertex -1.092889e+01 -1.027421e+01  0.000000e+00
     vertex -1.147596e+01 -9.659318e+00  0.000000e+00
   endloop
 endfacet
 facet normal  0.000000e+00  0.000000e+00 -1.000000e+00
   outer loop
     vertex -9.421136e+00 -1.167228e+01  0.000000e+00
     vertex -1.034893e+01 -1.085816e+01  0.000000e+00
     vertex -1.064292e+01 -1.057016e+01  0.000000e+00
   endloop
 endfacet
 facet normal  0.000000e+00  0.000000e+00 -1.000000e+00
   outer loop
     vertex -9.421136e+00 -1.167228e+01  0.000000e+00
     vertex -1.004715e+01 -1.113799e+01  0.000000e+00
     vertex -1.034893e+01 -1.085816e+01  0.000000e+00
   endloop
 endfacet
 facet normal  0.000000e+00  0.000000e+00 -1.000000e+00
   outer loop
     vertex -9.421136e+00 -1.167228e+01  0.000000e+00
     vertex -9.737808e+00 -1.140943e+01  0.000000e+00
     vertex -1.004715e+01 -1.113799e+01  0.000000e+00
   endloop
 endfacet
 facet normal  0.000000e+00  0.000000e+00 -1.000000e+00
   outer loop
     vertex -8.766760e+00 -1.217144e+01  0.000000e+00
     vertex -9.097372e+00 -1.192635e+01  0.000000e+00
     vertex -9.421136e+00 -1.167228e+01  0.000000e+00
   endloop
 endfacet
 facet normal  0.000000e+00  0.000000e+00 -1.000000e+00
   outer loop
     vertex -8.085992e+00 -1.263395e+01  0.000000e+00
     vertex -9.421136e+00 -1.167228e+01  0.000000e+00
     vertex -1.147596e+01 -9.659318e+00  0.000000e+00
   endloop
 endfacet
 facet normal  0.000000e+00  0.000000e+00 -1.000000e+00
   outer loop
     vertex -8.085992e+00 -1.263395e+01  0.000000e+00
     vertex -8.429549e+00 -1.240737e+01  0.000000e+00
     vertex -8.766760e+00 -1.217144e+01  0.000000e+00
   endloop
 endfacet
 facet normal  0.000000e+00  0.000000e+00 -1.000000e+00
   outer loop
     vertex -8.085992e+00 -1.263395e+01  0.000000e+00
     vertex -8.766760e+00 -1.217144e+01  0.000000e+00
     vertex -9.421136e+00 -1.167228e+01  0.000000e+00
   endloop
 endfacet
 facet normal  0.000000e+00  0.000000e+00 -1.000000e+00
   outer loop
     vertex -1.268912e+01 -7.999141e+00  0.000000e+00
     vertex -1.223129e+01 -8.683066e+00  0.000000e+00
     vertex -1.246489e+01 -8.344244e+00  0.000000e+00
   endloop
 endfacet
 facet normal  0.000000e+00  0.000000e+00 -1.000000e+00
   outer loop
     vertex -1.268912e+01 -7.999141e+00  0.000000e+00
     vertex -1.198847e+01 -9.015352e+00  0.000000e+00
     vertex -1.223129e+01 -8.683066e+00  0.000000e+00
   endloop
 endfacet
 facet normal  0.000000e+00  0.000000e+00 -1.000000e+00
   outer loop
     vertex -1.290379e+01 -7.648016e+00  0.000000e+00
     vertex -1.173663e+01 -9.340851e+00  0.000000e+00
     vertex -1.198847e+01 -9.015352e+00  0.000000e+00
   endloop
 endfacet
 facet normal  0.000000e+00  0.000000e+00 -1.000000e+00
   outer loop
     vertex -1.290379e+01 -7.648016e+00  0.000000e+00
     vertex -1.147596e+01 -9.659318e+00  0.000000e+00
     vertex -1.173663e+01 -9.340851e+00  0.000000e+00
   endloop
 endfacet
 facet normal  0.000000e+00  0.000000e+00 -1.000000e+00
   outer loop
     vertex -1.290379e+01 -7.648016e+00  0.000000e+00
     vertex -1.198847e+01 -9.015352e+00  0.000000e+00
     vertex -1.268912e+01 -7.999141e+00  0.000000e+00
   endloop
 endfacet
 facet normal  0.000000e+00  0.000000e+00 -1.000000e+00
   outer loop
     vertex -1.290379e+01 -7.648016e+00  0.000000e+00
     vertex -8.085992e+00 -1.263395e+01  0.000000e+00
     vertex -1.147596e+01 -9.659318e+00  0.000000e+00
   endloop
 endfacet
 facet normal  0.000000e+00  0.000000e+00 -1.000000e+00
   outer loop
     vertex -7.019857e+00 -1.325600e+01  0.000000e+00
     vertex -7.736348e+00 -1.285103e+01  0.000000e+00
     vertex -8.085992e+00 -1.263395e+01  0.000000e+00
   endloop
 endfacet
 facet normal  0.000000e+00  0.000000e+00 -1.000000e+00
   outer loop
     vertex -7.019857e+00 -1.325600e+01  0.000000e+00
     vertex -7.380880e+00 -1.305843e+01  0.000000e+00
     vertex -7.736348e+00 -1.285103e+01  0.000000e+00
   endloop
 endfacet
 facet normal  0.000000e+00  0.000000e+00 -1.000000e+00
   outer loop
     vertex -6.653549e+00 -1.344360e+01  0.000000e+00
     vertex -7.019857e+00 -1.325600e+01  0.000000e+00
     vertex -8.085992e+00 -1.263395e+01  0.000000e+00
   endloop
 endfacet
 facet normal  0.000000e+00  0.000000e+00 -1.000000e+00
   outer loop
     vertex -1.366384e+01 -6.188653e+00  0.000000e+00
     vertex -1.330384e+01 -6.928764e+00  0.000000e+00
     vertex -1.348892e+01 -6.561178e+00  0.000000e+00
   endloop
 endfacet
 facet normal  0.000000e+00  0.000000e+00 -1.000000e+00
   outer loop
     vertex -1.366384e+01 -6.188653e+00  0.000000e+00
     vertex -1.310875e+01 -7.291135e+00  0.000000e+00
     vertex -1.330384e+01 -6.928764e+00  0.000000e+00
   endloop
 endfacet
 facet normal  0.000000e+00  0.000000e+00 -1.000000e+00
   outer loop
     vertex -5.906186e+00 -1.378829e+01  0.000000e+00
     vertex -1.290379e+01 -7.648016e+00  0.000000e+00
     vertex -1.310875e+01 -7.291135e+00  0.000000e+00
   endloop
 endfacet
 facet normal  0.000000e+00  0.000000e+00 -1.000000e+00
   outer loop
     vertex -5.906186e+00 -1.378829e+01  0.000000e+00
     vertex -6.282232e+00 -1.362107e+01  0.000000e+00
     vertex -6.653549e+00 -1.344360e+01  0.000000e+00
   endloop
 endfacet
 facet normal  0.000000e+00  0.000000e+00 -1.000000e+00
   outer loop
     vertex -5.906186e+00 -1.378829e+01  0.000000e+00
     vertex -8.085992e+00 -1.263395e+01  0.000000e+00
     vertex -1.290379e+01 -7.648016e+00  0.000000e+00
   endloop
 endfacet
 facet normal  0.000000e+00  0.000000e+00 -1.000000e+00
   outer loop
     vertex -5.906186e+00 -1.378829e+01  0.000000e+00
     vertex -6.653549e+00 -1.344360e+01  0.000000e+00
     vertex -8.085992e+00 -1.263395e+01  0.000000e+00
   endloop
 endfacet
 facet normal  0.000000e+00  0.000000e+00 -1.000000e+00
   outer loop
     vertex -1.382848e+01 -5.811469e+00  0.000000e+00
     vertex -1.310875e+01 -7.291135e+00  0.000000e+00
     vertex -1.366384e+01 -6.188653e+00  0.000000e+00
   endloop
 endfacet
 facet normal  0.000000e+00  0.000000e+00 -1.000000e+00
   outer loop
     vertex -5.141043e+00 -1.409148e+01  0.000000e+00
     vertex -5.525695e+00 -1.394513e+01  0.000000e+00
     vertex -5.906186e+00 -1.378829e+01  0.000000e+00
   endloop
 endfacet
 facet normal  0.000000e+00  0.000000e+00 -1.000000e+00
   outer loop
     vertex -5.141043e+00 -1.409148e+01  0.000000e+00
     vertex -5.906186e+00 -1.378829e+01  0.000000e+00
     vertex -1.310875e+01 -7.291135e+00  0.000000e+00
   endloop
 endfacet
 facet normal  0.000000e+00  0.000000e+00 -1.000000e+00
   outer loop
     vertex -1.425948e+01 -4.654822e+00  0.000000e+00
     vertex -1.398271e+01 -5.429911e+00  0.000000e+00
     vertex -1.412641e+01 -5.044265e+00  0.000000e+00
   endloop
 endfacet
 facet normal  0.000000e+00  0.000000e+00 -1.000000e+00
   outer loop
     vertex -1.425948e+01 -4.654822e+00  0.000000e+00
     vertex -1.382848e+01 -5.811469e+00  0.000000e+00
     vertex -1.398271e+01 -5.429911e+00  0.000000e+00
   endloop
 endfacet
 facet normal  0.000000e+00  0.000000e+00 -1.000000e+00
   outer loop
     vertex -3.965042e+00 -1.446646e+01  0.000000e+00
     vertex -4.360424e+00 -1.435224e+01  0.000000e+00
     vertex -4.752522e+00 -1.422721e+01  0.000000e+00
   endloop
 endfacet
 facet normal  0.000000e+00  0.000000e+00 -1.000000e+00
   outer loop
     vertex -1.459391e+01 -3.466654e+00  0.000000e+00
     vertex -1.438181e+01 -4.261874e+00  0.000000e+00
     vertex -1.449332e+01 -3.865719e+00  0.000000e+00
   endloop
 endfacet
 facet normal  0.000000e+00  0.000000e+00 -1.000000e+00
   outer loop
     vertex -1.459391e+01 -3.466654e+00  0.000000e+00
     vertex -1.425948e+01 -4.654822e+00  0.000000e+00
     vertex -1.438181e+01 -4.261874e+00  0.000000e+00
   endloop
 endfacet
 facet normal  0.000000e+00  0.000000e+00 -1.000000e+00
   outer loop
     vertex -3.165626e+00 -1.466216e+01  0.000000e+00
     vertex -3.965042e+00 -1.446646e+01  0.000000e+00
     vertex -4.752522e+00 -1.422721e+01  0.000000e+00
   endloop
 endfacet
 facet normal  0.000000e+00  0.000000e+00 -1.000000e+00
   outer loop
     vertex -3.165626e+00 -1.466216e+01  0.000000e+00
     vertex -3.566676e+00 -1.456979e+01  0.000000e+00
     vertex -3.965042e+00 -1.446646e+01  0.000000e+00
   endloop
 endfacet
 facet normal  0.000000e+00  0.000000e+00 -1.000000e+00
   outer loop
     vertex -1.476208e+01 -2.660997e+00  0.000000e+00
     vertex -1.459391e+01 -3.466654e+00  0.000000e+00
     vertex -1.468352e+01 -3.064979e+00  0.000000e+00
   endloop
 endfacet
 facet normal  0.000000e+00  0.000000e+00 -1.000000e+00
   outer loop
     vertex -1.476208e+01 -2.660997e+00  0.000000e+00
     vertex -1.425948e+01 -4.654822e+00  0.000000e+00
     vertex -1.459391e+01 -3.466654e+00  0.000000e+00
   endloop
 endfacet
 facet normal  0.000000e+00  0.000000e+00 -1.000000e+00
   outer loop
     vertex -2.356679e+00 -1.481371e+01  0.000000e+00
     vertex -3.165626e+00 -1.466216e+01  0.000000e+00
     vertex -4.752522e+00 -1.422721e+01  0.000000e+00
   endloop
 endfacet
 facet normal  0.000000e+00  0.000000e+00 -1.000000e+00
   outer loop
     vertex -2.356679e+00 -1.481371e+01  0.000000e+00
     vertex -4.752522e+00 -1.422721e+01  0.000000e+00
     vertex -5.141043e+00 -1.409148e+01  0.000000e+00
   endloop
 endfacet
 facet normal  0.000000e+00  0.000000e+00 -1.000000e+00
   outer loop
     vertex -2.356679e+00 -1.481371e+01  0.000000e+00
     vertex -2.762192e+00 -1.474348e+01  0.000000e+00
     vertex -3.165626e+00 -1.466216e+01  0.000000e+00
   endloop
 endfacet
 facet normal  0.000000e+00  0.000000e+00 -1.000000e+00
   outer loop
     vertex -1.949392e+00 -1.487279e+01  0.000000e+00
     vertex -2.356679e+00 -1.481371e+01  0.000000e+00
     vertex -5.141043e+00 -1.409148e+01  0.000000e+00
   endloop
 endfacet
 facet normal  0.000000e+00  0.000000e+00 -1.000000e+00
   outer loop
     vertex -1.488581e+01 -1.847329e+00  0.000000e+00
     vertex -1.476208e+01 -2.660997e+00  0.000000e+00
     vertex -1.482953e+01 -2.255011e+00  0.000000e+00
   endloop
 endfacet
 facet normal  0.000000e+00  0.000000e+00 -1.000000e+00
   outer loop
     vertex -1.493089e+01 -1.438255e+00  0.000000e+00
     vertex -1.476208e+01 -2.660997e+00  0.000000e+00
     vertex -1.488581e+01 -1.847329e+00  0.000000e+00
   endloop
 endfacet
 facet normal  0.000000e+00  0.000000e+00 -1.000000e+00
   outer loop
     vertex -7.199574e-01 -1.498271e+01  0.000000e+00
     vertex -1.540637e+00 -1.492067e+01  0.000000e+00
     vertex -1.949392e+00 -1.487279e+01  0.000000e+00
   endloop
 endfacet
 facet normal  0.000000e+00  0.000000e+00 -1.000000e+00
   outer loop
     vertex -7.199574e-01 -1.498271e+01  0.000000e+00
     vertex -1.130723e+00 -1.495732e+01  0.000000e+00
     vertex -1.540637e+00 -1.492067e+01  0.000000e+00
   endloop
 endfacet
 facet normal  0.000000e+00  0.000000e+00 -1.000000e+00
   outer loop
     vertex -3.086500e-01 -1.499682e+01  0.000000e+00
     vertex -7.199574e-01 -1.498271e+01  0.000000e+00
     vertex -1.949392e+00 -1.487279e+01  0.000000e+00
   endloop
 endfacet
 facet normal  0.000000e+00  0.000000e+00 -1.000000e+00
   outer loop
     vertex -1.499859e+01  2.057747e-01  0.000000e+00
     vertex -1.498730e+01 -6.171693e-01  0.000000e+00
     vertex -1.499859e+01 -2.057747e-01  0.000000e+00
   endloop
 endfacet
 facet normal -0.000000e+00  0.000000e+00 -1.000000e+00
   outer loop
     vertex  5.143521e-01 -1.499118e+01  0.000000e+00
     vertex -3.086500e-01 -1.499682e+01  0.000000e+00
     vertex -1.949392e+00 -1.487279e+01  0.000000e+00
   endloop
 endfacet
 facet normal  0.000000e+00  0.000000e+00 -1.000000e+00
   outer loop
     vertex  5.143521e-01 -1.499118e+01  0.000000e+00
     vertex -1.949392e+00 -1.487279e+01  0.000000e+00
     vertex -5.141043e+00 -1.409148e+01  0.000000e+00
   endloop
 endfacet
 facet normal  0.000000e+00  0.000000e+00 -1.000000e+00
   outer loop
     vertex  5.143521e-01 -1.499118e+01  0.000000e+00
     vertex  1.028898e-01 -1.499965e+01  0.000000e+00
     vertex -3.086500e-01 -1.499682e+01  0.000000e+00
   endloop
 endfacet
 facet normal  0.000000e+00  0.000000e+00 -1.000000e+00
   outer loop
     vertex  5.143521e-01 -1.499118e+01  0.000000e+00
     vertex -1.310875e+01 -7.291135e+00  0.000000e+00
     vertex -1.382848e+01 -5.811469e+00  0.000000e+00
   endloop
 endfacet
 facet normal  0.000000e+00  0.000000e+00 -1.000000e+00
   outer loop
     vertex  5.143521e-01 -1.499118e+01  0.000000e+00
     vertex -5.141043e+00 -1.409148e+01  0.000000e+00
     vertex -1.310875e+01 -7.291135e+00  0.000000e+00
   endloop
 endfacet
 facet normal  0.000000e+00  0.000000e+00 -1.000000e+00
   outer loop
     vertex -1.498730e+01  6.171693e-01  0.000000e+00
     vertex -1.496473e+01 -1.028099e+00  0.000000e+00
     vertex -1.498730e+01 -6.171693e-01  0.000000e+00
   endloop
 endfacet
 facet normal  0.000000e+00  0.000000e+00 -1.000000e+00
   outer loop
     vertex -1.498730e+01  6.171693e-01  0.000000e+00
     vertex -1.493089e+01 -1.438255e+00  0.000000e+00
     vertex -1.496473e+01 -1.028099e+00  0.000000e+00
   endloop
 endfacet
 facet normal  0.000000e+00 -0.000000e+00 -1.000000e+00
   outer loop
     vertex -1.498730e+01  6.171693e-01  0.000000e+00
     vertex -1.498730e+01 -6.171693e-01  0.000000e+00
     vertex -1.499859e+01  2.057747e-01  0.000000e+00
   endloop
 endfacet
 facet normal -0.000000e+00  0.000000e+00 -1.000000e+00
   outer loop
     vertex  1.335806e+00 -1.494040e+01  0.000000e+00
     vertex  5.143521e-01 -1.499118e+01  0.000000e+00
     vertex -1.382848e+01 -5.811469e+00  0.000000e+00
   endloop
 endfacet
 facet normal  0.000000e+00  0.000000e+00 -1.000000e+00
   outer loop
     vertex  1.335806e+00 -1.494040e+01  0.000000e+00
     vertex  9.254272e-01 -1.497143e+01  0.000000e+00
     vertex  5.143521e-01 -1.499118e+01  0.000000e+00
   endloop
 endfacet
 facet normal  0.000000e+00  0.000000e+00 -1.000000e+00
   outer loop
     vertex -1.482953e+01  2.255011e+00  0.000000e+00
     vertex -1.493089e+01  1.438255e+00  0.000000e+00
     vertex -1.488581e+01  1.847329e+00  0.000000e+00
   endloop
 endfacet
 facet normal  0.000000e+00  0.000000e+00 -1.000000e+00
   outer loop
     vertex -1.482953e+01  2.255011e+00  0.000000e+00
     vertex -1.496473e+01  1.028099e+00  0.000000e+00
     vertex -1.493089e+01  1.438255e+00  0.000000e+00
   endloop
 endfacet
 facet normal  0.000000e+00  0.000000e+00 -1.000000e+00
   outer loop
     vertex -1.482953e+01  2.255011e+00  0.000000e+00
     vertex -1.498730e+01  6.171693e-01  0.000000e+00
     vertex -1.496473e+01  1.028099e+00  0.000000e+00
   endloop
 endfacet
 facet normal  0.000000e+00 -0.000000e+00 -1.000000e+00
   outer loop
     vertex -1.482953e+01  2.255011e+00  0.000000e+00
     vertex -1.476208e+01 -2.660997e+00  0.000000e+00
     vertex -1.493089e+01 -1.438255e+00  0.000000e+00
   endloop
 endfacet
 facet normal  0.000000e+00  0.000000e+00 -1.000000e+00
   outer loop
     vertex -1.482953e+01  2.255011e+00  0.000000e+00
     vertex -1.425948e+01 -4.654822e+00  0.000000e+00
     vertex -1.476208e+01 -2.660997e+00  0.000000e+00
   endloop
 endfacet
 facet normal  0.000000e+00  0.000000e+00 -1.000000e+00
   outer loop
     vertex -1.482953e+01  2.255011e+00  0.000000e+00
     vertex -1.493089e+01 -1.438255e+00  0.000000e+00
     vertex -1.498730e+01  6.171693e-01  0.000000e+00
   endloop
 endfacet
 facet normal  0.000000e+00  0.000000e+00 -1.000000e+00
   outer loop
     vertex -1.482953e+01  2.255011e+00  0.000000e+00
     vertex -1.382848e+01 -5.811469e+00  0.000000e+00
     vertex -1.425948e+01 -4.654822e+00  0.000000e+00
   endloop
 endfacet
 facet normal  0.000000e+00  0.000000e+00 -1.000000e+00
   outer loop
     vertex  2.559676e+00 -1.477999e+01  0.000000e+00
     vertex  2.153238e+00 -1.484465e+01  0.000000e+00
     vertex  1.745179e+00 -1.489813e+01  0.000000e+00
   endloop
 endfacet
 facet normal  0.000000e+00  0.000000e+00 -1.000000e+00
   outer loop
     vertex  3.366468e+00 -1.461735e+01  0.000000e+00
     vertex  2.559676e+00 -1.477999e+01  0.000000e+00
     vertex  1.745179e+00 -1.489813e+01  0.000000e+00
   endloop
 endfacet
 facet normal  0.000000e+00  0.000000e+00 -1.000000e+00
   outer loop
     vertex  3.366468e+00 -1.461735e+01  0.000000e+00
     vertex  2.964188e+00 -1.470420e+01  0.000000e+00
     vertex  2.559676e+00 -1.477999e+01  0.000000e+00
   endloop
 endfacet
 facet normal  0.000000e+00  0.000000e+00 -1.000000e+00
   outer loop
     vertex -1.459391e+01  3.466654e+00  0.000000e+00
     vertex -1.476208e+01  2.660997e+00  0.000000e+00
     vertex -1.468352e+01  3.064979e+00  0.000000e+00
   endloop
 endfacet
 facet normal  0.000000e+00  0.000000e+00 -1.000000e+00
   outer loop
     vertex  3.766214e+00 -1.451949e+01  0.000000e+00
     vertex  3.366468e+00 -1.461735e+01  0.000000e+00
     vertex  1.745179e+00 -1.489813e+01  0.000000e+00
   endloop
 endfacet
 facet normal  0.000000e+00  0.000000e+00 -1.000000e+00
   outer loop
     vertex -1.449332e+01  3.865719e+00  0.000000e+00
     vertex -1.476208e+01  2.660997e+00  0.000000e+00
     vertex -1.459391e+01  3.466654e+00  0.000000e+00
   endloop
 endfacet
 facet normal  0.000000e+00  0.000000e+00 -1.000000e+00
   outer loop
     vertex -1.438181e+01  4.261874e+00  0.000000e+00
     vertex -1.482953e+01  2.255011e+00  0.000000e+00
     vertex -1.476208e+01  2.660997e+00  0.000000e+00
   endloop
 endfacet
 facet normal  0.000000e+00  0.000000e+00 -1.000000e+00
   outer loop
     vertex -1.438181e+01  4.261874e+00  0.000000e+00
     vertex -1.476208e+01  2.660997e+00  0.000000e+00
     vertex -1.449332e+01  3.865719e+00  0.000000e+00
   endloop
 endfacet
 facet normal  0.000000e+00  0.000000e+00 -1.000000e+00
   outer loop
     vertex  4.556902e+00 -1.429107e+01  0.000000e+00
     vertex  4.163125e+00 -1.441070e+01  0.000000e+00
     vertex  3.766214e+00 -1.451949e+01  0.000000e+00
   endloop
 endfacet
 facet normal  0.000000e+00  0.000000e+00 -1.000000e+00
   outer loop
     vertex  4.947248e+00 -1.416068e+01  0.000000e+00
     vertex  4.556902e+00 -1.429107e+01  0.000000e+00
     vertex  3.766214e+00 -1.451949e+01  0.000000e+00
   endloop
 endfacet
 facet normal  0.000000e+00  0.000000e+00 -1.000000e+00
   outer loop
     vertex -1.412641e+01  5.044265e+00  0.000000e+00
     vertex -1.438181e+01  4.261874e+00  0.000000e+00
     vertex -1.425948e+01  4.654822e+00  0.000000e+00
   endloop
 endfacet
 facet normal  0.000000e+00  0.000000e+00 -1.000000e+00
   outer loop
     vertex -1.412641e+01  5.044265e+00  0.000000e+00
     vertex -1.482953e+01  2.255011e+00  0.000000e+00
     vertex -1.438181e+01  4.261874e+00  0.000000e+00
   endloop
 endfacet
 facet normal  0.000000e+00  0.000000e+00 -1.000000e+00
   outer loop
     vertex -1.382848e+01  5.811469e+00  0.000000e+00
     vertex -1.412641e+01  5.044265e+00  0.000000e+00
     vertex -1.398271e+01  5.429911e+00  0.000000e+00
   endloop
 endfacet
 facet normal  0.000000e+00  0.000000e+00 -1.000000e+00
   outer loop
     vertex  6.094783e+00 -1.370597e+01  0.000000e+00
     vertex  5.333871e+00 -1.401962e+01  0.000000e+00
     vertex  4.947248e+00 -1.416068e+01  0.000000e+00
   endloop
 endfacet
 facet normal  0.000000e+00  0.000000e+00 -1.000000e+00
   outer loop
     vertex  6.094783e+00 -1.370597e+01  0.000000e+00
     vertex  5.716478e+00 -1.386802e+01  0.000000e+00
     vertex  5.333871e+00 -1.401962e+01  0.000000e+00
   endloop
 endfacet
 facet normal  0.000000e+00  0.000000e+00 -1.000000e+00
   outer loop
     vertex  6.094783e+00 -1.370597e+01  0.000000e+00
     vertex  4.947248e+00 -1.416068e+01  0.000000e+00
     vertex  3.766214e+00 -1.451949e+01  0.000000e+00
   endloop
 endfacet
 facet normal  0.000000e+00  0.000000e+00 -1.000000e+00
   outer loop
     vertex -1.348892e+01  6.561178e+00  0.000000e+00
     vertex -1.482953e+01  2.255011e+00  0.000000e+00
     vertex -1.412641e+01  5.044265e+00  0.000000e+00
   endloop
 endfacet
 facet normal  0.000000e+00  0.000000e+00 -1.000000e+00
   outer loop
     vertex -1.348892e+01  6.561178e+00  0.000000e+00
     vertex -1.412641e+01  5.044265e+00  0.000000e+00
     vertex -1.382848e+01  5.811469e+00  0.000000e+00
   endloop
 endfacet
 facet normal  0.000000e+00  0.000000e+00 -1.000000e+00
   outer loop
     vertex -1.348892e+01  6.561178e+00  0.000000e+00
     vertex -1.382848e+01  5.811469e+00  0.000000e+00
     vertex -1.366384e+01  6.188653e+00  0.000000e+00
   endloop
 endfacet
 facet normal  0.000000e+00  0.000000e+00 -1.000000e+00
   outer loop
     vertex  7.201046e+00 -1.315845e+01  0.000000e+00
     vertex  6.837346e+00 -1.335106e+01  0.000000e+00
     vertex  6.468499e+00 -1.353361e+01  0.000000e+00
   endloop
 endfacet
 facet normal  0.000000e+00  0.000000e+00 -1.000000e+00
   outer loop
     vertex  7.559325e+00 -1.295595e+01  0.000000e+00
     vertex  7.201046e+00 -1.315845e+01  0.000000e+00
     vertex  6.468499e+00 -1.353361e+01  0.000000e+00
   endloop
 endfacet
 facet normal -0.000000e+00  0.000000e+00 -1.000000e+00
   outer loop
     vertex  7.559325e+00 -1.295595e+01  0.000000e+00
     vertex  1.335806e+00 -1.494040e+01  0.000000e+00
     vertex -1.382848e+01 -5.811469e+00  0.000000e+00
   endloop
 endfacet
 facet normal  0.000000e+00  0.000000e+00 -1.000000e+00
   outer loop
     vertex  7.559325e+00 -1.295595e+01  0.000000e+00
     vertex  6.094783e+00 -1.370597e+01  0.000000e+00
     vertex  3.766214e+00 -1.451949e+01  0.000000e+00
   endloop
 endfacet
 facet normal  0.000000e+00  0.000000e+00 -1.000000e+00
   outer loop
     vertex  7.559325e+00 -1.295595e+01  0.000000e+00
     vertex  1.745179e+00 -1.489813e+01  0.000000e+00
     vertex  1.335806e+00 -1.494040e+01  0.000000e+00
   endloop
 endfacet
 facet normal  0.000000e+00  0.000000e+00 -1.000000e+00
   outer loop
     vertex  7.559325e+00 -1.295595e+01  0.000000e+00
     vertex  3.766214e+00 -1.451949e+01  0.000000e+00
     vertex  1.745179e+00 -1.489813e+01  0.000000e+00
   endloop
 endfacet
 facet normal  0.000000e+00  0.000000e+00 -1.000000e+00
   outer loop
     vertex  7.559325e+00 -1.295595e+01  0.000000e+00
     vertex  6.468499e+00 -1.353361e+01  0.000000e+00
     vertex  6.094783e+00 -1.370597e+01  0.000000e+00
   endloop
 endfacet
 facet normal  0.000000e+00  0.000000e+00 -1.000000e+00
   outer loop
     vertex -1.268912e+01  7.999141e+00  0.000000e+00
     vertex -1.310875e+01  7.291135e+00  0.000000e+00
     vertex -1.290379e+01  7.648016e+00  0.000000e+00
   endloop
 endfacet
 facet normal  0.000000e+00  0.000000e+00 -1.000000e+00
   outer loop
     vertex -1.246489e+01  8.344244e+00  0.000000e+00
     vertex -1.310875e+01  7.291135e+00  0.000000e+00
     vertex -1.268912e+01  7.999141e+00  0.000000e+00
   endloop
 endfacet
 facet normal  0.000000e+00  0.000000e+00 -1.000000e+00
   outer loop
     vertex -1.246489e+01  8.344244e+00  0.000000e+00
     vertex -1.330384e+01  6.928764e+00  0.000000e+00
     vertex -1.310875e+01  7.291135e+00  0.000000e+00
   endloop
 endfacet
 facet normal  0.000000e+00  0.000000e+00 -1.000000e+00
   outer loop
     vertex -1.246489e+01  8.344244e+00  0.000000e+00
     vertex -1.348892e+01  6.561178e+00  0.000000e+00
     vertex -1.330384e+01  6.928764e+00  0.000000e+00
   endloop
 endfacet
 facet normal  0.000000e+00  0.000000e+00 -1.000000e+00
   outer loop
     vertex  8.598964e+00 -1.229056e+01  0.000000e+00
     vertex  7.911914e+00 -1.274369e+01  0.000000e+00
     vertex  7.559325e+00 -1.295595e+01  0.000000e+00
   endloop
 endfacet
 facet normal  0.000000e+00  0.000000e+00 -1.000000e+00
   outer loop
     vertex  8.598964e+00 -1.229056e+01  0.000000e+00
     vertex  8.258547e+00 -1.252184e+01  0.000000e+00
     vertex  7.911914e+00 -1.274369e+01  0.000000e+00
   endloop
 endfacet
 facet normal  0.000000e+00  0.000000e+00 -1.000000e+00
   outer loop
     vertex  9.260126e+00 -1.180043e+01  0.000000e+00
     vertex  8.932907e+00 -1.205003e+01  0.000000e+00
     vertex  8.598964e+00 -1.229056e+01  0.000000e+00
   endloop
 endfacet
 facet normal  0.000000e+00  0.000000e+00 -1.000000e+00
   outer loop
     vertex -1.173663e+01  9.340851e+00  0.000000e+00
     vertex -1.223129e+01  8.683066e+00  0.000000e+00
     vertex -1.198847e+01  9.015352e+00  0.000000e+00
   endloop
 endfacet
 facet normal  0.000000e+00  0.000000e+00 -1.000000e+00
   outer loop
     vertex -1.173663e+01  9.340851e+00  0.000000e+00
     vertex -1.246489e+01  8.344244e+00  0.000000e+00
     vertex -1.223129e+01  8.683066e+00  0.000000e+00
   endloop
 endfacet
 facet normal  0.000000e+00  0.000000e+00 -1.000000e+00
   outer loop
     vertex  9.893410e+00 -1.127477e+01  0.000000e+00
     vertex  8.598964e+00 -1.229056e+01  0.000000e+00
     vertex  7.559325e+00 -1.295595e+01  0.000000e+00
   endloop
 endfacet
 facet normal  0.000000e+00  0.000000e+00 -1.000000e+00
   outer loop
     vertex  9.893410e+00 -1.127477e+01  0.000000e+00
     vertex  9.260126e+00 -1.180043e+01  0.000000e+00
     vertex  8.598964e+00 -1.229056e+01  0.000000e+00
   endloop
 endfacet
 facet normal  0.000000e+00  0.000000e+00 -1.000000e+00
   outer loop
     vertex  9.893410e+00 -1.127477e+01  0.000000e+00
     vertex  9.580374e+00 -1.154194e+01  0.000000e+00
     vertex  9.260126e+00 -1.180043e+01  0.000000e+00
   endloop
 endfacet
 facet normal  0.000000e+00  0.000000e+00 -1.000000e+00
   outer loop
     vertex  1.019900e+01 -1.099911e+01  0.000000e+00
     vertex  9.893410e+00 -1.127477e+01  0.000000e+00
     vertex  7.559325e+00 -1.295595e+01  0.000000e+00
   endloop
 endfacet
 facet normal  0.000000e+00  0.000000e+00 -1.000000e+00
   outer loop
     vertex -1.064292e+01  1.057016e+01  0.000000e+00
     vertex -1.120664e+01  9.970515e+00  0.000000e+00
     vertex -1.092889e+01  1.027421e+01  0.000000e+00
   endloop
 endfacet
 facet normal  0.000000e+00  0.000000e+00 -1.000000e+00
   outer loop
     vertex -1.064292e+01  1.057016e+01  0.000000e+00
     vertex -1.147596e+01  9.659318e+00  0.000000e+00
     vertex -1.120664e+01  9.970515e+00  0.000000e+00
   endloop
 endfacet
 facet normal  0.000000e+00  0.000000e+00 -1.000000e+00
   outer loop
     vertex -1.034893e+01  1.085816e+01  0.000000e+00
     vertex -1.147596e+01  9.659318e+00  0.000000e+00
     vertex -1.064292e+01  1.057016e+01  0.000000e+00
   endloop
 endfacet
 facet normal  0.000000e+00  0.000000e+00 -1.000000e+00
   outer loop
     vertex  1.134237e+01 -9.815840e+00  0.000000e+00
     vertex  1.106881e+01 -1.012331e+01  0.000000e+00
     vertex  1.078692e+01 -1.042316e+01  0.000000e+00
   endloop
 endfacet
 facet normal  0.000000e+00  0.000000e+00 -1.000000e+00
   outer loop
     vertex  1.134237e+01 -9.815840e+00  0.000000e+00
     vertex  1.049691e+01 -1.071517e+01  0.000000e+00
     vertex  1.019900e+01 -1.099911e+01  0.000000e+00
   endloop
 endfacet
 facet normal  0.000000e+00  0.000000e+00 -1.000000e+00
   outer loop
     vertex  1.134237e+01 -9.815840e+00  0.000000e+00
     vertex  1.078692e+01 -1.042316e+01  0.000000e+00
     vertex  1.049691e+01 -1.071517e+01  0.000000e+00
   endloop
 endfacet
 facet normal  0.000000e+00  0.000000e+00 -1.000000e+00
   outer loop
     vertex -9.737808e+00  1.140943e+01  0.000000e+00
     vertex -1.147596e+01  9.659318e+00  0.000000e+00
     vertex -1.034893e+01  1.085816e+01  0.000000e+00
   endloop
 endfacet
 facet normal  0.000000e+00  0.000000e+00 -1.000000e+00
   outer loop
     vertex -9.737808e+00  1.140943e+01  0.000000e+00
     vertex -1.034893e+01  1.085816e+01  0.000000e+00
     vertex -1.004715e+01  1.113799e+01  0.000000e+00
   endloop
 endfacet
 facet normal  0.000000e+00  0.000000e+00 -1.000000e+00
   outer loop
     vertex -9.421136e+00  1.167228e+01  0.000000e+00
     vertex -1.246489e+01  8.344244e+00  0.000000e+00
     vertex -1.173663e+01  9.340851e+00  0.000000e+00
   endloop
 endfacet
 facet normal  0.000000e+00  0.000000e+00 -1.000000e+00
   outer loop
     vertex -9.421136e+00  1.167228e+01  0.000000e+00
     vertex -1.147596e+01  9.659318e+00  0.000000e+00
     vertex -9.737808e+00  1.140943e+01  0.000000e+00
   endloop
 endfacet
 facet normal  0.000000e+00  0.000000e+00 -1.000000e+00
   outer loop
     vertex -9.421136e+00  1.167228e+01  0.000000e+00
     vertex -1.173663e+01  9.340851e+00  0.000000e+00
     vertex -1.147596e+01  9.659318e+00  0.000000e+00
   endloop
 endfacet
 facet normal  0.000000e+00  0.000000e+00 -1.000000e+00
   outer loop
     vertex  1.234925e+01 -8.514456e+00  0.000000e+00
     vertex  1.160739e+01 -9.500978e+00  0.000000e+00
     vertex  1.134237e+01 -9.815840e+00  0.000000e+00
   endloop
 endfacet
 facet normal  0.000000e+00  0.000000e+00 -1.000000e+00
   outer loop
     vertex  1.234925e+01 -8.514456e+00  0.000000e+00
     vertex  1.186367e+01 -9.178965e+00  0.000000e+00
     vertex  1.160739e+01 -9.500978e+00  0.000000e+00
   endloop
 endfacet
 facet normal  0.000000e+00  0.000000e+00 -1.000000e+00
   outer loop
     vertex  1.234925e+01 -8.514456e+00  0.000000e+00
     vertex  1.211102e+01 -8.850042e+00  0.000000e+00
     vertex  1.186367e+01 -9.178965e+00  0.000000e+00
   endloop
 endfacet
 facet normal  0.000000e+00  0.000000e+00 -1.000000e+00
   outer loop
     vertex  1.234925e+01 -8.514456e+00  0.000000e+00
     vertex  1.019900e+01 -1.099911e+01  0.000000e+00
     vertex  7.559325e+00 -1.295595e+01  0.000000e+00
   endloop
 endfacet
 facet normal  0.000000e+00  0.000000e+00 -1.000000e+00
   outer loop
     vertex  1.234925e+01 -8.514456e+00  0.000000e+00
     vertex  1.134237e+01 -9.815840e+00  0.000000e+00
     vertex  1.019900e+01 -1.099911e+01  0.000000e+00
   endloop
 endfacet
 facet normal  0.000000e+00  0.000000e+00 -1.000000e+00
   outer loop
     vertex -8.429549e+00  1.240737e+01  0.000000e+00
     vertex -9.097372e+00  1.192635e+01  0.000000e+00
     vertex -8.766760e+00  1.217144e+01  0.000000e+00
   endloop
 endfacet
 facet normal  0.000000e+00  0.000000e+00 -1.000000e+00
   outer loop
     vertex -8.429549e+00  1.240737e+01  0.000000e+00
     vertex -9.421136e+00  1.167228e+01  0.000000e+00
     vertex -9.097372e+00  1.192635e+01  0.000000e+00
   endloop
 endfacet
 facet normal  0.000000e+00  0.000000e+00 -1.000000e+00
   outer loop
     vertex  1.300750e+01 -7.470278e+00  0.000000e+00
     vertex  1.279766e+01 -7.824315e+00  0.000000e+00
     vertex  1.257819e+01 -8.172462e+00  0.000000e+00
   endloop
 endfacet
 facet normal  0.000000e+00  0.000000e+00 -1.000000e+00
   outer loop
     vertex -7.380880e+00  1.305843e+01  0.000000e+00
     vertex -1.246489e+01  8.344244e+00  0.000000e+00
     vertex -9.421136e+00  1.167228e+01  0.000000e+00
   endloop
 endfacet
 facet normal  0.000000e+00  0.000000e+00 -1.000000e+00
   outer loop
     vertex -7.380880e+00  1.305843e+01  0.000000e+00
     vertex -1.348892e+01  6.561178e+00  0.000000e+00
     vertex -1.246489e+01  8.344244e+00  0.000000e+00
   endloop
 endfacet
 facet normal  0.000000e+00  0.000000e+00 -1.000000e+00
   outer loop
     vertex -7.380880e+00  1.305843e+01  0.000000e+00
     vertex -8.085992e+00  1.263395e+01  0.000000e+00
     vertex -7.736348e+00  1.285103e+01  0.000000e+00
   endloop
 endfacet
 facet normal  0.000000e+00  0.000000e+00 -1.000000e+00
   outer loop
     vertex -7.380880e+00  1.305843e+01  0.000000e+00
     vertex -8.429549e+00  1.240737e+01  0.000000e+00
     vertex -8.085992e+00  1.263395e+01  0.000000e+00
   endloop
 endfacet
 facet normal  0.000000e+00  0.000000e+00 -1.000000e+00
   outer loop
     vertex -7.380880e+00  1.305843e+01  0.000000e+00
     vertex -9.421136e+00  1.167228e+01  0.000000e+00
     vertex -8.429549e+00  1.240737e+01  0.000000e+00
   endloop
 endfacet
 facet normal -0.000000e+00  0.000000e+00 -1.000000e+00
   outer loop
     vertex  1.320754e+01 -7.110619e+00  0.000000e+00
     vertex  7.559325e+00 -1.295595e+01  0.000000e+00
     vertex -1.382848e+01 -5.811469e+00  0.000000e+00
   endloop
 endfacet
 facet normal  0.000000e+00  0.000000e+00 -1.000000e+00
   outer loop
     vertex  1.320754e+01 -7.110619e+00  0.000000e+00
     vertex  1.257819e+01 -8.172462e+00  0.000000e+00
     vertex  1.234925e+01 -8.514456e+00  0.000000e+00
   endloop
 endfacet
 facet normal  0.000000e+00  0.000000e+00 -1.000000e+00
   outer loop
     vertex  1.320754e+01 -7.110619e+00  0.000000e+00
     vertex  1.234925e+01 -8.514456e+00  0.000000e+00
     vertex  7.559325e+00 -1.295595e+01  0.000000e+00
   endloop
 endfacet
 facet normal  0.000000e+00  0.000000e+00 -1.000000e+00
   outer loop
     vertex  1.320754e+01 -7.110619e+00  0.000000e+00
     vertex  1.300750e+01 -7.470278e+00  0.000000e+00
     vertex  1.257819e+01 -8.172462e+00  0.000000e+00
   endloop
 endfacet
 facet normal  0.000000e+00  0.000000e+00 -1.000000e+00
   outer loop
     vertex  1.374745e+01 -6.000626e+00  0.000000e+00
     vertex  1.339764e+01 -6.745606e+00  0.000000e+00
     vertex  1.320754e+01 -7.110619e+00  0.000000e+00
   endloop
 endfacet
 facet normal  0.000000e+00  0.000000e+00 -1.000000e+00
   outer loop
     vertex  1.374745e+01 -6.000626e+00  0.000000e+00
     vertex  1.357766e+01 -6.375515e+00  0.000000e+00
     vertex  1.339764e+01 -6.745606e+00  0.000000e+00
   endloop
 endfacet
 facet normal  0.000000e+00  0.000000e+00 -1.000000e+00
   outer loop
     vertex -5.906186e+00  1.378829e+01  0.000000e+00
     vertex -6.653549e+00  1.344360e+01  0.000000e+00
     vertex -6.282232e+00  1.362107e+01  0.000000e+00
   endloop
 endfacet
 facet normal  0.000000e+00  0.000000e+00 -1.000000e+00
   outer loop
     vertex -5.906186e+00  1.378829e+01  0.000000e+00
     vertex -7.019857e+00  1.325600e+01  0.000000e+00
     vertex -6.653549e+00  1.344360e+01  0.000000e+00
   endloop
 endfacet
 facet normal  0.000000e+00  0.000000e+00 -1.000000e+00
   outer loop
     vertex -5.525695e+00  1.394513e+01  0.000000e+00
     vertex -7.019857e+00  1.325600e+01  0.000000e+00
     vertex -5.906186e+00  1.378829e+01  0.000000e+00
   endloop
 endfacet
 facet normal  0.000000e+00  0.000000e+00 -1.000000e+00
   outer loop
     vertex -5.525695e+00  1.394513e+01  0.000000e+00
     vertex -7.380880e+00  1.305843e+01  0.000000e+00
     vertex -7.019857e+00  1.325600e+01  0.000000e+00
   endloop
 endfacet
 facet normal  0.000000e+00  0.000000e+00 -1.000000e+00
   outer loop
     vertex  1.405588e+01 -5.237580e+00  0.000000e+00
     vertex  1.390690e+01 -5.621219e+00  0.000000e+00
     vertex  1.374745e+01 -6.000626e+00  0.000000e+00
   endloop
 endfacet
 facet normal  0.000000e+00  0.000000e+00 -1.000000e+00
   outer loop
     vertex  1.432199e+01 -4.458768e+00  0.000000e+00
     vertex  1.419428e+01 -4.849999e+00  0.000000e+00
     vertex  1.405588e+01 -5.237580e+00  0.000000e+00
   endloop
 endfacet
 facet normal  0.000000e+00  0.000000e+00 -1.000000e+00
   outer loop
     vertex  1.432199e+01 -4.458768e+00  0.000000e+00
     vertex  1.405588e+01 -5.237580e+00  0.000000e+00
     vertex  1.374745e+01 -6.000626e+00  0.000000e+00
   endloop
 endfacet
 facet normal  0.000000e+00  0.000000e+00 -1.000000e+00
   outer loop
     vertex  1.432199e+01 -4.458768e+00  0.000000e+00
     vertex  1.374745e+01 -6.000626e+00  0.000000e+00
     vertex  1.320754e+01 -7.110619e+00  0.000000e+00
   endloop
 endfacet
 facet normal  0.000000e+00  0.000000e+00 -1.000000e+00
   outer loop
     vertex -4.360424e+00  1.435224e+01  0.000000e+00
     vertex -7.380880e+00  1.305843e+01  0.000000e+00
     vertex -5.525695e+00  1.394513e+01  0.000000e+00
   endloop
 endfacet
 facet normal  0.000000e+00  0.000000e+00 -1.000000e+00
   outer loop
     vertex -4.360424e+00  1.435224e+01  0.000000e+00
     vertex -5.141043e+00  1.409148e+01  0.000000e+00
     vertex -4.752522e+00  1.422721e+01  0.000000e+00
   endloop
 endfacet
 facet normal  0.000000e+00  0.000000e+00 -1.000000e+00
   outer loop
     vertex -4.360424e+00  1.435224e+01  0.000000e+00
     vertex -5.525695e+00  1.394513e+01  0.000000e+00
     vertex -5.141043e+00  1.409148e+01  0.000000e+00
   endloop
 endfacet
 facet normal  0.000000e+00  0.000000e+00 -1.000000e+00
   outer loop
     vertex  1.454498e+01 -3.666531e+00  0.000000e+00
     vertex  1.443892e+01 -4.064179e+00  0.000000e+00
     vertex  1.432199e+01 -4.458768e+00  0.000000e+00
   endloop
 endfacet
 facet normal  0.000000e+00  0.000000e+00 -1.000000e+00
   outer loop
     vertex  1.464010e+01 -3.266124e+00  0.000000e+00
     vertex  1.454498e+01 -3.666531e+00  0.000000e+00
     vertex  1.432199e+01 -4.458768e+00  0.000000e+00
   endloop
 endfacet
 facet normal  0.000000e+00  0.000000e+00 -1.000000e+00
   outer loop
     vertex -3.165626e+00  1.466216e+01  0.000000e+00
     vertex -3.965042e+00  1.446646e+01  0.000000e+00
     vertex -3.566676e+00  1.456979e+01  0.000000e+00
   endloop
 endfacet
 facet normal  0.000000e+00  0.000000e+00 -1.000000e+00
   outer loop
     vertex -2.356679e+00  1.481371e+01  0.000000e+00
     vertex -3.165626e+00  1.466216e+01  0.000000e+00
     vertex -2.762192e+00  1.474348e+01  0.000000e+00
   endloop
 endfacet
 facet normal  0.000000e+00  0.000000e+00 -1.000000e+00
   outer loop
     vertex  1.485907e+01 -2.051363e+00  0.000000e+00
     vertex  1.472419e+01 -2.863257e+00  0.000000e+00
     vertex  1.464010e+01 -3.266124e+00  0.000000e+00
   endloop
 endfacet
 facet normal  0.000000e+00  0.000000e+00 -1.000000e+00
   outer loop
     vertex  1.485907e+01 -2.051363e+00  0.000000e+00
     vertex  1.479720e+01 -2.458235e+00  0.000000e+00
     vertex  1.472419e+01 -2.863257e+00  0.000000e+00
   endloop
 endfacet
 facet normal  0.000000e+00  0.000000e+00 -1.000000e+00
   outer loop
     vertex  1.485907e+01 -2.051363e+00  0.000000e+00
     vertex  1.432199e+01 -4.458768e+00  0.000000e+00
     vertex  1.320754e+01 -7.110619e+00  0.000000e+00
   endloop
 endfacet
 facet normal  0.000000e+00  0.000000e+00 -1.000000e+00
   outer loop
     vertex  1.485907e+01 -2.051363e+00  0.000000e+00
     vertex  1.464010e+01 -3.266124e+00  0.000000e+00
     vertex  1.432199e+01 -4.458768e+00  0.000000e+00
   endloop
 endfacet
 facet normal  0.000000e+00  0.000000e+00 -1.000000e+00
   outer loop
     vertex  1.485907e+01 -2.051363e+00  0.000000e+00
     vertex  1.320754e+01 -7.110619e+00  0.000000e+00
     vertex -1.382848e+01 -5.811469e+00  0.000000e+00
   endloop
 endfacet
 facet normal  0.000000e+00  0.000000e+00 -1.000000e+00
   outer loop
     vertex -1.949392e+00  1.487279e+01  0.000000e+00
     vertex -3.165626e+00  1.466216e+01  0.000000e+00
     vertex -2.356679e+00  1.481371e+01  0.000000e+00
   endloop
 endfacet
 facet normal  0.000000e+00  0.000000e+00 -1.000000e+00
   outer loop
     vertex  1.494921e+01 -1.233293e+00  0.000000e+00
     vertex  1.490975e+01 -1.642947e+00  0.000000e+00
     vertex  1.485907e+01 -2.051363e+00  0.000000e+00
   endloop
 endfacet
 facet normal  0.000000e+00  0.000000e+00 -1.000000e+00
   outer loop
     vertex  1.497742e+01 -8.227117e-01  0.000000e+00
     vertex  1.494921e+01 -1.233293e+00  0.000000e+00
     vertex  1.485907e+01 -2.051363e+00  0.000000e+00
   endloop
 endfacet
 facet normal  0.000000e+00  0.000000e+00 -1.000000e+00
   outer loop
     vertex -7.199574e-01  1.498271e+01  0.000000e+00
     vertex -3.965042e+00  1.446646e+01  0.000000e+00
     vertex -3.165626e+00  1.466216e+01  0.000000e+00
   endloop
 endfacet
 facet normal  0.000000e+00  0.000000e+00 -1.000000e+00
   outer loop
     vertex -7.199574e-01  1.498271e+01  0.000000e+00
     vertex -3.165626e+00  1.466216e+01  0.000000e+00
     vertex -1.949392e+00  1.487279e+01  0.000000e+00
   endloop
 endfacet
 facet normal  0.000000e+00  0.000000e+00 -1.000000e+00
   outer loop
     vertex -7.199574e-01  1.498271e+01  0.000000e+00
     vertex -1.540637e+00  1.492067e+01  0.000000e+00
     vertex -1.130723e+00  1.495732e+01  0.000000e+00
   endloop
 endfacet
 facet normal  0.000000e+00  0.000000e+00 -1.000000e+00
   outer loop
     vertex -7.199574e-01  1.498271e+01  0.000000e+00
     vertex -1.949392e+00  1.487279e+01  0.000000e+00
     vertex -1.540637e+00  1.492067e+01  0.000000e+00
   endloop
 endfacet
 facet normal  0.000000e+00  0.000000e+00 -1.000000e+00
   outer loop
     vertex -7.199574e-01  1.498271e+01  0.000000e+00
     vertex -4.360424e+00  1.435224e+01  0.000000e+00
     vertex -3.965042e+00  1.446646e+01  0.000000e+00
   endloop
 endfacet
 facet normal  0.000000e+00  0.000000e+00 -1.000000e+00
   outer loop
     vertex  1.499435e+01 -4.115107e-01  0.000000e+00
     vertex  1.497742e+01 -8.227117e-01  0.000000e+00
     vertex  1.485907e+01 -2.051363e+00  0.000000e+00
   endloop
 endfacet
 facet normal  0.000000e+00  0.000000e+00 -1.000000e+00
   outer loop
     vertex  1.499435e+01 -4.115107e-01  0.000000e+00
     vertex  1.485907e+01 -2.051363e+00  0.000000e+00
     vertex -1.382848e+01 -5.811469e+00  0.000000e+00
   endloop
 endfacet
 facet normal  0.000000e+00  0.000000e+00 -1.000000e+00
   outer loop
     vertex  1.028898e-01  1.499965e+01  0.000000e+00
     vertex -7.199574e-01  1.498271e+01  0.000000e+00
     vertex -3.086500e-01  1.499682e+01  0.000000e+00
   endloop
 endfacet
 facet normal  0.000000e+00  0.000000e+00 -1.000000e+00
   outer loop
     vertex  5.143521e-01  1.499118e+01  0.000000e+00
     vertex -4.360424e+00  1.435224e+01  0.000000e+00
     vertex -7.199574e-01  1.498271e+01  0.000000e+00
   endloop
 endfacet
 facet normal -0.000000e+00  0.000000e+00 -1.000000e+00
   outer loop
     vertex  5.143521e-01  1.499118e+01  0.000000e+00
     vertex -7.199574e-01  1.498271e+01  0.000000e+00
     vertex  1.028898e-01  1.499965e+01  0.000000e+00
   endloop
 endfacet
 facet normal  0.000000e+00  0.000000e+00 -1.000000e+00
   outer loop
     vertex  1.494921e+01  1.233293e+00  0.000000e+00
     vertex  1.499435e+01  4.115107e-01  0.000000e+00
     vertex  1.500000e+01  0.000000e+00  0.000000e+00
   endloop
 endfacet
 facet normal  0.000000e+00  0.000000e+00 -1.000000e+00
   outer loop
     vertex  1.494921e+01  1.233293e+00  0.000000e+00
     vertex  1.497742e+01  8.227117e-01  0.000000e+00
     vertex  1.499435e+01  4.115107e-01  0.000000e+00
   endloop
 endfacet
 facet normal  0.000000e+00  0.000000e+00 -1.000000e+00
   outer loop
     vertex  1.490975e+01  1.642947e+00  0.000000e+00
     vertex  1.500000e+01  0.000000e+00  0.000000e+00
     vertex  1.499435e+01 -4.115107e-01  0.000000e+00
   endloop
 endfacet
 facet normal  0.000000e+00 -0.000000e+00 -1.000000e+00
   outer loop
     vertex  1.490975e+01  1.642947e+00  0.000000e+00
     vertex  1.499435e+01 -4.115107e-01  0.000000e+00
     vertex -1.382848e+01 -5.811469e+00  0.000000e+00
   endloop
 endfacet
 facet normal  0.000000e+00  0.000000e+00 -1.000000e+00
   outer loop
     vertex  1.490975e+01  1.642947e+00  0.000000e+00
     vertex  1.494921e+01  1.233293e+00  0.000000e+00
     vertex  1.500000e+01  0.000000e+00  0.000000e+00
   endloop
 endfacet
 facet normal  0.000000e+00  0.000000e+00 -1.000000e+00
   outer loop
     vertex  2.153238e+00  1.484465e+01  0.000000e+00
     vertex  1.335806e+00  1.494040e+01  0.000000e+00
     vertex  1.745179e+00  1.489813e+01  0.000000e+00
   endloop
 endfacet
 facet normal  0.000000e+00  0.000000e+00 -1.000000e+00
   outer loop
     vertex  1.479720e+01  2.458235e+00  0.000000e+00
     vertex  1.485907e+01  2.051363e+00  0.000000e+00
     vertex  1.490975e+01  1.642947e+00  0.000000e+00
   endloop
 endfacet
 facet normal  0.000000e+00 -0.000000e+00 -1.000000e+00
   outer loop
     vertex  1.479720e+01  2.458235e+00  0.000000e+00
     vertex  1.490975e+01  1.642947e+00  0.000000e+00
     vertex -1.382848e+01 -5.811469e+00  0.000000e+00
   endloop
 endfacet
 facet normal -0.000000e+00  0.000000e+00 -1.000000e+00
   outer loop
     vertex  2.559676e+00  1.477999e+01  0.000000e+00
     vertex -4.360424e+00  1.435224e+01  0.000000e+00
     vertex  5.143521e-01  1.499118e+01  0.000000e+00
   endloop
 endfacet
 facet normal  0.000000e+00  0.000000e+00 -1.000000e+00
   outer loop
     vertex  2.559676e+00  1.477999e+01  0.000000e+00
     vertex  9.254272e-01  1.497143e+01  0.000000e+00
     vertex  1.335806e+00  1.494040e+01  0.000000e+00
   endloop
 endfacet
 facet normal  0.000000e+00  0.000000e+00 -1.000000e+00
   outer loop
     vertex  2.559676e+00  1.477999e+01  0.000000e+00
     vertex  5.143521e-01  1.499118e+01  0.000000e+00
     vertex  9.254272e-01  1.497143e+01  0.000000e+00
   endloop
 endfacet
 facet normal  0.000000e+00  0.000000e+00 -1.000000e+00
   outer loop
     vertex  2.559676e+00  1.477999e+01  0.000000e+00
     vertex  1.335806e+00  1.494040e+01  0.000000e+00
     vertex  2.153238e+00  1.484465e+01  0.000000e+00
   endloop
 endfacet
 facet normal  0.000000e+00  0.000000e+00 -1.000000e+00
   outer loop
     vertex  1.464010e+01  3.266124e+00  0.000000e+00
     vertex  1.472419e+01  2.863257e+00  0.000000e+00
     vertex  1.479720e+01  2.458235e+00  0.000000e+00
   endloop
 endfacet
 facet normal  0.000000e+00  0.000000e+00 -1.000000e+00
   outer loop
     vertex  1.454498e+01  3.666531e+00  0.000000e+00
     vertex  1.464010e+01  3.266124e+00  0.000000e+00
     vertex  1.479720e+01  2.458235e+00  0.000000e+00
   endloop
 endfacet
 facet normal  0.000000e+00  0.000000e+00 -1.000000e+00
   outer loop
     vertex  1.443892e+01  4.064179e+00  0.000000e+00
     vertex  1.454498e+01  3.666531e+00  0.000000e+00
     vertex  1.479720e+01  2.458235e+00  0.000000e+00
   endloop
 endfacet
 facet normal  0.000000e+00  0.000000e+00 -1.000000e+00
   outer loop
     vertex  4.163125e+00  1.441070e+01  0.000000e+00
     vertex  3.366468e+00  1.461735e+01  0.000000e+00
     vertex  3.766214e+00  1.451949e+01  0.000000e+00
   endloop
 endfacet
 facet normal  0.000000e+00  0.000000e+00 -1.000000e+00
   outer loop
     vertex  4.163125e+00  1.441070e+01  0.000000e+00
     vertex  2.964188e+00  1.470420e+01  0.000000e+00
     vertex  3.366468e+00  1.461735e+01  0.000000e+00
   endloop
 endfacet
 facet normal  0.000000e+00  0.000000e+00 -1.000000e+00
   outer loop
     vertex  4.163125e+00  1.441070e+01  0.000000e+00
     vertex  2.559676e+00  1.477999e+01  0.000000e+00
     vertex  2.964188e+00  1.470420e+01  0.000000e+00
   endloop
 endfacet
 facet normal  0.000000e+00  0.000000e+00 -1.000000e+00
   outer loop
     vertex  1.419428e+01  4.849999e+00  0.000000e+00
     vertex  1.443892e+01  4.064179e+00  0.000000e+00
     vertex  1.479720e+01  2.458235e+00  0.000000e+00
   endloop
 endfacet
 facet normal  0.000000e+00  0.000000e+00 -1.000000e+00
   outer loop
     vertex  1.419428e+01  4.849999e+00  0.000000e+00
     vertex  1.432199e+01  4.458768e+00  0.000000e+00
     vertex  1.443892e+01  4.064179e+00  0.000000e+00
   endloop
 endfacet
 facet normal  0.000000e+00  0.000000e+00 -1.000000e+00
   outer loop
     vertex  1.419428e+01  4.849999e+00  0.000000e+00
     vertex -1.382848e+01 -5.811469e+00  0.000000e+00
     vertex -1.482953e+01  2.255011e+00  0.000000e+00
   endloop
 endfacet
 facet normal  0.000000e+00 -0.000000e+00 -1.000000e+00
   outer loop
     vertex  1.419428e+01  4.849999e+00  0.000000e+00
     vertex  1.479720e+01  2.458235e+00  0.000000e+00
     vertex -1.382848e+01 -5.811469e+00  0.000000e+00
   endloop
 endfacet
 facet normal  0.000000e+00  0.000000e+00 -1.000000e+00
   outer loop
     vertex  4.947248e+00  1.416068e+01  0.000000e+00
     vertex  4.163125e+00  1.441070e+01  0.000000e+00
     vertex  4.556902e+00  1.429107e+01  0.000000e+00
   endloop
 endfacet
 facet normal  0.000000e+00  0.000000e+00 -1.000000e+00
   outer loop
     vertex  5.333871e+00  1.401962e+01  0.000000e+00
     vertex  2.559676e+00  1.477999e+01  0.000000e+00
     vertex  4.163125e+00  1.441070e+01  0.000000e+00
   endloop
 endfacet
 facet normal  0.000000e+00  0.000000e+00 -1.000000e+00
   outer loop
     vertex  5.333871e+00  1.401962e+01  0.000000e+00
     vertex  4.163125e+00  1.441070e+01  0.000000e+00
     vertex  4.947248e+00  1.416068e+01  0.000000e+00
   endloop
 endfacet
 facet normal  0.000000e+00  0.000000e+00 -1.000000e+00
   outer loop
     vertex  5.333871e+00  1.401962e+01  0.000000e+00
     vertex -4.360424e+00  1.435224e+01  0.000000e+00
     vertex  2.559676e+00  1.477999e+01  0.000000e+00
   endloop
 endfacet
 facet normal  0.000000e+00  0.000000e+00 -1.000000e+00
   outer loop
     vertex  1.390690e+01  5.621219e+00  0.000000e+00
     vertex  1.405588e+01  5.237580e+00  0.000000e+00
     vertex  1.419428e+01  4.849999e+00  0.000000e+00
   endloop
 endfacet
 facet normal  0.000000e+00  0.000000e+00 -1.000000e+00
   outer loop
     vertex  1.374745e+01  6.000626e+00  0.000000e+00
     vertex  1.390690e+01  5.621219e+00  0.000000e+00
     vertex  1.419428e+01  4.849999e+00  0.000000e+00
   endloop
 endfacet
 facet normal  0.000000e+00  0.000000e+00 -1.000000e+00
   outer loop
     vertex  6.094783e+00  1.370597e+01  0.000000e+00
     vertex  5.333871e+00  1.401962e+01  0.000000e+00
     vertex  5.716478e+00  1.386802e+01  0.000000e+00
   endloop
 endfacet
 facet normal  0.000000e+00  0.000000e+00 -1.000000e+00
   outer loop
     vertex  1.357766e+01  6.375515e+00  0.000000e+00
     vertex  1.374745e+01  6.000626e+00  0.000000e+00
     vertex  1.419428e+01  4.849999e+00  0.000000e+00
   endloop
 endfacet
 facet normal  0.000000e+00  0.000000e+00 -1.000000e+00
   outer loop
     vertex  6.468499e+00  1.353361e+01  0.000000e+00
     vertex  5.333871e+00  1.401962e+01  0.000000e+00
     vertex  6.094783e+00  1.370597e+01  0.000000e+00
   endloop
 endfacet
 facet normal  0.000000e+00  0.000000e+00 -1.000000e+00
   outer loop
     vertex  6.468499e+00  1.353361e+01  0.000000e+00
     vertex -4.360424e+00  1.435224e+01  0.000000e+00
     vertex  5.333871e+00  1.401962e+01  0.000000e+00
   endloop
 endfacet
 facet normal  0.000000e+00  0.000000e+00 -1.000000e+00
   outer loop
     vertex  1.339764e+01  6.745606e+00  0.000000e+00
     vertex  1.357766e+01  6.375515e+00  0.000000e+00
     vertex  1.419428e+01  4.849999e+00  0.000000e+00
   endloop
 endfacet
 facet normal -0.000000e+00  0.000000e+00 -1.000000e+00
   outer loop
     vertex  6.837346e+00  1.335106e+01  0.000000e+00
     vertex -7.380880e+00  1.305843e+01  0.000000e+00
     vertex -4.360424e+00  1.435224e+01  0.000000e+00
   endloop
 endfacet
 facet normal  0.000000e+00  0.000000e+00 -1.000000e+00
   outer loop
     vertex  6.837346e+00  1.335106e+01  0.000000e+00
     vertex -4.360424e+00  1.435224e+01  0.000000e+00
     vertex  6.468499e+00  1.353361e+01  0.000000e+00
   endloop
 endfacet
 facet normal  0.000000e+00  0.000000e+00 -1.000000e+00
   outer loop
     vertex  6.837346e+00  1.335106e+01  0.000000e+00
     vertex -1.348892e+01  6.561178e+00  0.000000e+00
     vertex -7.380880e+00  1.305843e+01  0.000000e+00
   endloop
 endfacet
 facet normal  0.000000e+00  0.000000e+00 -1.000000e+00
   outer loop
     vertex  1.320754e+01  7.110619e+00  0.000000e+00
     vertex -1.482953e+01  2.255011e+00  0.000000e+00
     vertex -1.348892e+01  6.561178e+00  0.000000e+00
   endloop
 endfacet
 facet normal  0.000000e+00  0.000000e+00 -1.000000e+00
   outer loop
     vertex  1.320754e+01  7.110619e+00  0.000000e+00
     vertex  1.339764e+01  6.745606e+00  0.000000e+00
     vertex  1.419428e+01  4.849999e+00  0.000000e+00
   endloop
 endfacet
 facet normal  0.000000e+00 -0.000000e+00 -1.000000e+00
   outer loop
     vertex  1.320754e+01  7.110619e+00  0.000000e+00
     vertex  1.419428e+01  4.849999e+00  0.000000e+00
     vertex -1.482953e+01  2.255011e+00  0.000000e+00
   endloop
 endfacet
 facet normal  0.000000e+00 -0.000000e+00 -1.000000e+00
   outer loop
     vertex  1.300750e+01  7.470278e+00  0.000000e+00
     vertex  1.320754e+01  7.110619e+00  0.000000e+00
     vertex -1.348892e+01  6.561178e+00  0.000000e+00
   endloop
 endfacet
 facet normal  0.000000e+00  0.000000e+00 -1.000000e+00
   outer loop
     vertex  7.911914e+00  1.274369e+01  0.000000e+00
     vertex  7.201046e+00  1.315845e+01  0.000000e+00
     vertex  7.559325e+00  1.295595e+01  0.000000e+00
   endloop
 endfacet
 facet normal  0.000000e+00  0.000000e+00 -1.000000e+00
   outer loop
     vertex  7.911914e+00  1.274369e+01  0.000000e+00
     vertex  6.837346e+00  1.335106e+01  0.000000e+00
     vertex  7.201046e+00  1.315845e+01  0.000000e+00
   endloop
 endfacet
 facet normal  0.000000e+00  0.000000e+00 -1.000000e+00
   outer loop
     vertex  1.257819e+01  8.172462e+00  0.000000e+00
     vertex  1.279766e+01  7.824315e+00  0.000000e+00
     vertex  1.300750e+01  7.470278e+00  0.000000e+00
   endloop
 endfacet
 facet normal  0.000000e+00  0.000000e+00 -1.000000e+00
   outer loop
     vertex  8.258547e+00  1.252184e+01  0.000000e+00
     vertex  6.837346e+00  1.335106e+01  0.000000e+00
     vertex  7.911914e+00  1.274369e+01  0.000000e+00
   endloop
 endfacet
 facet normal  0.000000e+00  0.000000e+00 -1.000000e+00
   outer loop
     vertex  1.211102e+01  8.850042e+00  0.000000e+00
     vertex  1.234925e+01  8.514456e+00  0.000000e+00
     vertex  1.257819e+01  8.172462e+00  0.000000e+00
   endloop
 endfacet
 facet normal  0.000000e+00 -0.000000e+00 -1.000000e+00
   outer loop
     vertex  1.211102e+01  8.850042e+00  0.000000e+00
     vertex  1.300750e+01  7.470278e+00  0.000000e+00
     vertex -1.348892e+01  6.561178e+00  0.000000e+00
   endloop
 endfacet
 facet normal  0.000000e+00  0.000000e+00 -1.000000e+00
   outer loop
     vertex  1.211102e+01  8.850042e+00  0.000000e+00
     vertex  1.257819e+01  8.172462e+00  0.000000e+00
     vertex  1.300750e+01  7.470278e+00  0.000000e+00
   endloop
 endfacet
 facet normal  0.000000e+00  0.000000e+00 -1.000000e+00
   outer loop
     vertex  9.260126e+00  1.180043e+01  0.000000e+00
     vertex  8.598964e+00  1.229056e+01  0.000000e+00
     vertex  8.932907e+00  1.205003e+01  0.000000e+00
   endloop
 endfacet
 facet normal  0.000000e+00  0.000000e+00 -1.000000e+00
   outer loop
     vertex  9.260126e+00  1.180043e+01  0.000000e+00
     vertex  8.258547e+00  1.252184e+01  0.000000e+00
     vertex  8.598964e+00  1.229056e+01  0.000000e+00
   endloop
 endfacet
 facet normal  0.000000e+00  0.000000e+00 -1.000000e+00
   outer loop
     vertex  9.260126e+00  1.180043e+01  0.000000e+00
     vertex  6.837346e+00  1.335106e+01  0.000000e+00
     vertex  8.258547e+00  1.252184e+01  0.000000e+00
   endloop
 endfacet
 facet normal  0.000000e+00  0.000000e+00 -1.000000e+00
   outer loop
     vertex  1.160739e+01  9.500978e+00  0.000000e+00
     vertex  1.186367e+01  9.178965e+00  0.000000e+00
     vertex  1.211102e+01  8.850042e+00  0.000000e+00
   endloop
 endfacet
 facet normal  0.000000e+00  0.000000e+00 -1.000000e+00
   outer loop
     vertex  1.134237e+01  9.815840e+00  0.000000e+00
     vertex  1.160739e+01  9.500978e+00  0.000000e+00
     vertex  1.211102e+01  8.850042e+00  0.000000e+00
   endloop
 endfacet
 facet normal  0.000000e+00  0.000000e+00 -1.000000e+00
   outer loop
     vertex  1.106881e+01  1.012331e+01  0.000000e+00
     vertex  1.134237e+01  9.815840e+00  0.000000e+00
     vertex  1.211102e+01  8.850042e+00  0.000000e+00
   endloop
 endfacet
 facet normal -0.000000e+00  0.000000e+00 -1.000000e+00
   outer loop
     vertex  1.019900e+01  1.099911e+01  0.000000e+00
     vertex -1.348892e+01  6.561178e+00  0.000000e+00
     vertex  6.837346e+00  1.335106e+01  0.000000e+00
   endloop
 endfacet
 facet normal  0.000000e+00  0.000000e+00 -1.000000e+00
   outer loop
     vertex  1.019900e+01  1.099911e+01  0.000000e+00
     vertex  9.580374e+00  1.154194e+01  0.000000e+00
     vertex  9.893410e+00  1.127477e+01  0.000000e+00
   endloop
 endfacet
 facet normal  0.000000e+00  0.000000e+00 -1.000000e+00
   outer loop
     vertex  1.019900e+01  1.099911e+01  0.000000e+00
     vertex  9.260126e+00  1.180043e+01  0.000000e+00
     vertex  9.580374e+00  1.154194e+01  0.000000e+00
   endloop
 endfacet
 facet normal  0.000000e+00  0.000000e+00 -1.000000e+00
   outer loop
     vertex  1.019900e+01  1.099911e+01  0.000000e+00
     vertex  6.837346e+00  1.335106e+01  0.000000e+00
     vertex  9.260126e+00  1.180043e+01  0.000000e+00
   endloop
 endfacet
 facet normal  0.000000e+00 -0.000000e+00 -1.000000e+00
   outer loop
     vertex  1.019900e+01  1.099911e+01  0.000000e+00
     vertex  1.211102e+01  8.850042e+00  0.000000e+00
     vertex -1.348892e+01  6.561178e+00  0.000000e+00
   endloop
 endfacet
 facet normal  0.000000e+00  0.000000e+00 -1.000000e+00
   outer loop
     vertex  1.078692e+01  1.042316e+01  0.000000e+00
     vertex  1.106881e+01  1.012331e+01  0.000000e+00
     vertex  1.211102e+01  8.850042e+00  0.000000e+00
   endloop
 endfacet
 facet normal -0.000000e+00 -0.000000e+00 -1.000000e+00
   outer loop
     vertex  1.049691e+01  1.071517e+01  0.000000e+00
     vertex  1.211102e+01  8.850042e+00  0.000000e+00
     vertex  1.019900e+01  1.099911e+01  0.000000e+00
   endloop
 endfacet
 facet normal  0.000000e+00  0.000000e+00 -1.000000e+00
   outer loop
     vertex  1.049691e+01  1.071517e+01  0.000000e+00
     vertex  1.078692e+01  1.042316e+01  0.000000e+00
     vertex  1.211102e+01  8.850042e+00  0.000000e+00
   endloop
 endfacet
 facet normal  0.000000e+00  1.000000e+00 -2.220446e-16
   outer loop
     vertex  1.500000e+01  4.884981e-15  2.200000e+01
     vertex  1.000000e+01  3.996803e-15  1.800000e+01
     vertex  1.000000e+01  4.884981e-15  2.200000e+01
   endloop
 endfacet
 facet normal  0.000000e+00  1.000000e+00 -2.220446e-16
   outer loop
     vertex  1.500000e+01  4.884981e-15  2.200000e+01
     vertex  1.500000e+01  3.996803e-15  1.800000e+01
     vertex  1.000000e+01  3.996803e-15  1.800000e+01
   endloop
 endfacet
 facet normal  0.000000e+00  0.000000e+00  1.000000e+00
   outer loop
     vertex -1.147596e+01 -9.659318e+00  4.000000e+01
     vertex -1.120664e+01 -9.970515e+00  4.000000e+01
     vertex -1.092889e+01 -1.027421e+01  4.000000e+01
   endloop
 endfacet
 facet normal  0.000000e+00  0.000000e+00  1.000000e+00
   outer loop
     vertex -9.421136e+00 -1.167228e+01  4.000000e+01
     vertex -1.092889e+01 -1.027421e+01  4.000000e+01
     vertex -1.064292e+01 -1.057016e+01  4.000000e+01
   endloop
 endfacet
 facet normal  0.000000e+00  0.000000e+00  1.000000e+00
   outer loop
     vertex -9.421136e+00 -1.167228e+01  4.000000e+01
     vertex -1.147596e+01 -9.659318e+00  4.000000e+01
     vertex -1.092889e+01 -1.027421e+01  4.000000e+01
   endloop
 endfacet
 facet normal  0.000000e+00  0.000000e+00  1.000000e+00
   outer loop
     vertex -9.421136e+00 -1.167228e+01  4.000000e+01
     vertex -1.064292e+01 -1.057016e+01  4.000000e+01
     vertex -1.034893e+01 -1.085816e+01  4.000000e+01
   endloop
 endfacet
 facet normal  0.000000e+00  0.000000e+00  1.000000e+00
   outer loop
     vertex -9.421136e+00 -1.167228e+01  4.000000e+01
     vertex -1.034893e+01 -1.085816e+01  4.000000e+01
     vertex -1.004715e+01 -1.113799e+01  4.000000e+01
   endloop
 endfacet
 facet normal  0.000000e+00  0.000000e+00  1.000000e+00
   outer loop
     vertex -9.421136e+00 -1.167228e+01  4.000000e+01
     vertex -1.004715e+01 -1.113799e+01  4.000000e+01
     vertex -9.737808e+00 -1.140943e+01  4.000000e+01
   endloop
 endfacet
 facet normal  0.000000e+00  0.000000e+00  1.000000e+00
   outer loop
     vertex -8.766760e+00 -1.217144e+01  4.000000e+01
     vertex -9.421136e+00 -1.167228e+01  4.000000e+01
     vertex -9.097372e+00 -1.192635e+01  4.000000e+01
   endloop
 endfacet
 facet normal  0.000000e+00  0.000000e+00  1.000000e+00
   outer loop
     vertex -8.085992e+00 -1.263395e+01  4.000000e+01
     vertex -1.147596e+01 -9.659318e+00  4.000000e+01
     vertex -9.421136e+00 -1.167228e+01  4.000000e+01
   endloop
 endfacet
 facet normal  0.000000e+00  0.000000e+00  1.000000e+00
   outer loop
     vertex -8.085992e+00 -1.263395e+01  4.000000e+01
     vertex -8.766760e+00 -1.217144e+01  4.000000e+01
     vertex -8.429549e+00 -1.240737e+01  4.000000e+01
   endloop
 endfacet
 facet normal  0.000000e+00  0.000000e+00  1.000000e+00
   outer loop
     vertex -8.085992e+00 -1.263395e+01  4.000000e+01
     vertex -9.421136e+00 -1.167228e+01  4.000000e+01
     vertex -8.766760e+00 -1.217144e+01  4.000000e+01
   endloop
 endfacet
 facet normal  0.000000e+00  0.000000e+00  1.000000e+00
   outer loop
     vertex -1.268912e+01 -7.999141e+00  4.000000e+01
     vertex -1.246489e+01 -8.344244e+00  4.000000e+01
     vertex -1.223129e+01 -8.683066e+00  4.000000e+01
   endloop
 endfacet
 facet normal  0.000000e+00  0.000000e+00  1.000000e+00
   outer loop
     vertex -1.268912e+01 -7.999141e+00  4.000000e+01
     vertex -1.223129e+01 -8.683066e+00  4.000000e+01
     vertex -1.198847e+01 -9.015352e+00  4.000000e+01
   endloop
 endfacet
 facet normal  0.000000e+00  0.000000e+00  1.000000e+00
   outer loop
     vertex -1.290379e+01 -7.648016e+00  4.000000e+01
     vertex -1.198847e+01 -9.015352e+00  4.000000e+01
     vertex -1.173663e+01 -9.340851e+00  4.000000e+01
   endloop
 endfacet
 facet normal  0.000000e+00  0.000000e+00  1.000000e+00
   outer loop
     vertex -1.290379e+01 -7.648016e+00  4.000000e+01
     vertex -1.173663e+01 -9.340851e+00  4.000000e+01
     vertex -1.147596e+01 -9.659318e+00  4.000000e+01
   endloop
 endfacet
 facet normal  0.000000e+00  0.000000e+00  1.000000e+00
   outer loop
     vertex -1.290379e+01 -7.648016e+00  4.000000e+01
     vertex -1.268912e+01 -7.999141e+00  4.000000e+01
     vertex -1.198847e+01 -9.015352e+00  4.000000e+01
   endloop
 endfacet
 facet normal  0.000000e+00  0.000000e+00  1.000000e+00
   outer loop
     vertex -1.290379e+01 -7.648016e+00  4.000000e+01
     vertex -1.147596e+01 -9.659318e+00  4.000000e+01
     vertex -8.085992e+00 -1.263395e+01  4.000000e+01
   endloop
 endfacet
 facet normal  0.000000e+00  0.000000e+00  1.000000e+00
   outer loop
     vertex -7.019857e+00 -1.325600e+01  4.000000e+01
     vertex -8.085992e+00 -1.263395e+01  4.000000e+01
     vertex -7.736348e+00 -1.285103e+01  4.000000e+01
   endloop
 endfacet
 facet normal  0.000000e+00  0.000000e+00  1.000000e+00
   outer loop
     vertex -7.019857e+00 -1.325600e+01  4.000000e+01
     vertex -7.736348e+00 -1.285103e+01  4.000000e+01
     vertex -7.380880e+00 -1.305843e+01  4.000000e+01
   endloop
 endfacet
 facet normal  0.000000e+00  0.000000e+00  1.000000e+00
   outer loop
     vertex -6.653549e+00 -1.344360e+01  4.000000e+01
     vertex -8.085992e+00 -1.263395e+01  4.000000e+01
     vertex -7.019857e+00 -1.325600e+01  4.000000e+01
   endloop
 endfacet
 facet normal  0.000000e+00  0.000000e+00  1.000000e+00
   outer loop
     vertex -1.366384e+01 -6.188653e+00  4.000000e+01
     vertex -1.348892e+01 -6.561178e+00  4.000000e+01
     vertex -1.330384e+01 -6.928764e+00  4.000000e+01
   endloop
 endfacet
 facet normal  0.000000e+00  0.000000e+00  1.000000e+00
   outer loop
     vertex -1.366384e+01 -6.188653e+00  4.000000e+01
     vertex -1.330384e+01 -6.928764e+00  4.000000e+01
     vertex -1.310875e+01 -7.291135e+00  4.000000e+01
   endloop
 endfacet
 facet normal  0.000000e+00  0.000000e+00  1.000000e+00
   outer loop
     vertex -5.906186e+00 -1.378829e+01  4.000000e+01
     vertex -1.310875e+01 -7.291135e+00  4.000000e+01
     vertex -1.290379e+01 -7.648016e+00  4.000000e+01
   endloop
 endfacet
 facet normal  0.000000e+00  0.000000e+00  1.000000e+00
   outer loop
     vertex -5.906186e+00 -1.378829e+01  4.000000e+01
     vertex -6.653549e+00 -1.344360e+01  4.000000e+01
     vertex -6.282232e+00 -1.362107e+01  4.000000e+01
   endloop
 endfacet
 facet normal  0.000000e+00  0.000000e+00  1.000000e+00
   outer loop
     vertex -5.906186e+00 -1.378829e+01  4.000000e+01
     vertex -1.290379e+01 -7.648016e+00  4.000000e+01
     vertex -8.085992e+00 -1.263395e+01  4.000000e+01
   endloop
 endfacet
 facet normal  0.000000e+00  0.000000e+00  1.000000e+00
   outer loop
     vertex -5.906186e+00 -1.378829e+01  4.000000e+01
     vertex -8.085992e+00 -1.263395e+01  4.000000e+01
     vertex -6.653549e+00 -1.344360e+01  4.000000e+01
   endloop
 endfacet
 facet normal  0.000000e+00  0.000000e+00  1.000000e+00
   outer loop
     vertex -1.382848e+01 -5.811469e+00  4.000000e+01
     vertex -1.366384e+01 -6.188653e+00  4.000000e+01
     vertex -1.310875e+01 -7.291135e+00  4.000000e+01
   endloop
 endfacet
 facet normal  0.000000e+00  0.000000e+00  1.000000e+00
   outer loop
     vertex -5.141043e+00 -1.409148e+01  4.000000e+01
     vertex -5.906186e+00 -1.378829e+01  4.000000e+01
     vertex -5.525695e+00 -1.394513e+01  4.000000e+01
   endloop
 endfacet
 facet normal  0.000000e+00  0.000000e+00  1.000000e+00
   outer loop
     vertex -5.141043e+00 -1.409148e+01  4.000000e+01
     vertex -1.310875e+01 -7.291135e+00  4.000000e+01
     vertex -5.906186e+00 -1.378829e+01  4.000000e+01
   endloop
 endfacet
 facet normal  0.000000e+00  0.000000e+00  1.000000e+00
   outer loop
     vertex -1.425948e+01 -4.654822e+00  4.000000e+01
     vertex -1.412641e+01 -5.044265e+00  4.000000e+01
     vertex -1.398271e+01 -5.429911e+00  4.000000e+01
   endloop
 endfacet
 facet normal  0.000000e+00  0.000000e+00  1.000000e+00
   outer loop
     vertex -1.425948e+01 -4.654822e+00  4.000000e+01
     vertex -1.398271e+01 -5.429911e+00  4.000000e+01
     vertex -1.382848e+01 -5.811469e+00  4.000000e+01
   endloop
 endfacet
 facet normal  0.000000e+00  0.000000e+00  1.000000e+00
   outer loop
     vertex -3.965042e+00 -1.446646e+01  4.000000e+01
     vertex -4.752522e+00 -1.422721e+01  4.000000e+01
     vertex -4.360424e+00 -1.435224e+01  4.000000e+01
   endloop
 endfacet
 facet normal  0.000000e+00  0.000000e+00  1.000000e+00
   outer loop
     vertex -1.459391e+01 -3.466654e+00  4.000000e+01
     vertex -1.449332e+01 -3.865719e+00  4.000000e+01
     vertex -1.438181e+01 -4.261874e+00  4.000000e+01
   endloop
 endfacet
 facet normal  0.000000e+00  0.000000e+00  1.000000e+00
   outer loop
     vertex -1.459391e+01 -3.466654e+00  4.000000e+01
     vertex -1.438181e+01 -4.261874e+00  4.000000e+01
     vertex -1.425948e+01 -4.654822e+00  4.000000e+01
   endloop
 endfacet
 facet normal  0.000000e+00  0.000000e+00  1.000000e+00
   outer loop
     vertex -3.165626e+00 -1.466216e+01  4.000000e+01
     vertex -4.752522e+00 -1.422721e+01  4.000000e+01
     vertex -3.965042e+00 -1.446646e+01  4.000000e+01
   endloop
 endfacet
 facet normal  0.000000e+00  0.000000e+00  1.000000e+00
   outer loop
     vertex -3.165626e+00 -1.466216e+01  4.000000e+01
     vertex -3.965042e+00 -1.446646e+01  4.000000e+01
     vertex -3.566676e+00 -1.456979e+01  4.000000e+01
   endloop
 endfacet
 facet normal  0.000000e+00  0.000000e+00  1.000000e+00
   outer loop
     vertex -1.476208e+01 -2.660997e+00  4.000000e+01
     vertex -1.468352e+01 -3.064979e+00  4.000000e+01
     vertex -1.459391e+01 -3.466654e+00  4.000000e+01
   endloop
 endfacet
 facet normal  0.000000e+00  0.000000e+00  1.000000e+00
   outer loop
     vertex -1.476208e+01 -2.660997e+00  4.000000e+01
     vertex -1.459391e+01 -3.466654e+00  4.000000e+01
     vertex -1.425948e+01 -4.654822e+00  4.000000e+01
   endloop
 endfacet
 facet normal  0.000000e+00  0.000000e+00  1.000000e+00
   outer loop
     vertex -2.356679e+00 -1.481371e+01  4.000000e+01
     vertex -4.752522e+00 -1.422721e+01  4.000000e+01
     vertex -3.165626e+00 -1.466216e+01  4.000000e+01
   endloop
 endfacet
 facet normal  0.000000e+00  0.000000e+00  1.000000e+00
   outer loop
     vertex -2.356679e+00 -1.481371e+01  4.000000e+01
     vertex -5.141043e+00 -1.409148e+01  4.000000e+01
     vertex -4.752522e+00 -1.422721e+01  4.000000e+01
   endloop
 endfacet
 facet normal  0.000000e+00  0.000000e+00  1.000000e+00
   outer loop
     vertex -2.356679e+00 -1.481371e+01  4.000000e+01
     vertex -3.165626e+00 -1.466216e+01  4.000000e+01
     vertex -2.762192e+00 -1.474348e+01  4.000000e+01
   endloop
 endfacet
 facet normal  0.000000e+00  0.000000e+00  1.000000e+00
   outer loop
     vertex -1.949392e+00 -1.487279e+01  4.000000e+01
     vertex -5.141043e+00 -1.409148e+01  4.000000e+01
     vertex -2.356679e+00 -1.481371e+01  4.000000e+01
   endloop
 endfacet
 facet normal  0.000000e+00  0.000000e+00  1.000000e+00
   outer loop
     vertex -1.488581e+01 -1.847329e+00  4.000000e+01
     vertex -1.482953e+01 -2.255011e+00  4.000000e+01
     vertex -1.476208e+01 -2.660997e+00  4.000000e+01
   endloop
 endfacet
 facet normal  0.000000e+00  0.000000e+00  1.000000e+00
   outer loop
     vertex -1.493089e+01 -1.438255e+00  4.000000e+01
     vertex -1.488581e+01 -1.847329e+00  4.000000e+01
     vertex -1.476208e+01 -2.660997e+00  4.000000e+01
   endloop
 endfacet
 facet normal  0.000000e+00  0.000000e+00  1.000000e+00
   outer loop
     vertex -7.199574e-01 -1.498271e+01  4.000000e+01
     vertex -1.949392e+00 -1.487279e+01  4.000000e+01
     vertex -1.540637e+00 -1.492067e+01  4.000000e+01
   endloop
 endfacet
 facet normal  0.000000e+00  0.000000e+00  1.000000e+00
   outer loop
     vertex -7.199574e-01 -1.498271e+01  4.000000e+01
     vertex -1.540637e+00 -1.492067e+01  4.000000e+01
     vertex -1.130723e+00 -1.495732e+01  4.000000e+01
   endloop
 endfacet
 facet normal  0.000000e+00  0.000000e+00  1.000000e+00
   outer loop
     vertex -3.086500e-01 -1.499682e+01  4.000000e+01
     vertex -1.949392e+00 -1.487279e+01  4.000000e+01
     vertex -7.199574e-01 -1.498271e+01  4.000000e+01
   endloop
 endfacet
 facet normal  0.000000e+00  0.000000e+00  1.000000e+00
   outer loop
     vertex -1.499859e+01  2.057747e-01  4.000000e+01
     vertex -1.499859e+01 -2.057747e-01  4.000000e+01
     vertex -1.498730e+01 -6.171693e-01  4.000000e+01
   endloop
 endfacet
 facet normal  0.000000e+00  0.000000e+00  1.000000e+00
   outer loop
     vertex  5.143521e-01 -1.499118e+01  4.000000e+01
     vertex -1.949392e+00 -1.487279e+01  4.000000e+01
     vertex -3.086500e-01 -1.499682e+01  4.000000e+01
   endloop
 endfacet
 facet normal  0.000000e+00  0.000000e+00  1.000000e+00
   outer loop
     vertex  5.143521e-01 -1.499118e+01  4.000000e+01
     vertex -5.141043e+00 -1.409148e+01  4.000000e+01
     vertex -1.949392e+00 -1.487279e+01  4.000000e+01
   endloop
 endfacet
 facet normal  0.000000e+00  0.000000e+00  1.000000e+00
   outer loop
     vertex  5.143521e-01 -1.499118e+01  4.000000e+01
     vertex -3.086500e-01 -1.499682e+01  4.000000e+01
     vertex  1.028898e-01 -1.499965e+01  4.000000e+01
   endloop
 endfacet
 facet normal  0.000000e+00  0.000000e+00  1.000000e+00
   outer loop
     vertex  5.143521e-01 -1.499118e+01  4.000000e+01
     vertex -1.382848e+01 -5.811469e+00  4.000000e+01
     vertex -1.310875e+01 -7.291135e+00  4.000000e+01
   endloop
 endfacet
 facet normal  0.000000e+00  0.000000e+00  1.000000e+00
   outer loop
     vertex  5.143521e-01 -1.499118e+01  4.000000e+01
     vertex -1.310875e+01 -7.291135e+00  4.000000e+01
     vertex -5.141043e+00 -1.409148e+01  4.000000e+01
   endloop
 endfacet
 facet normal  0.000000e+00  0.000000e+00  1.000000e+00
   outer loop
     vertex -1.498730e+01  6.171693e-01  4.000000e+01
     vertex -1.498730e+01 -6.171693e-01  4.000000e+01
     vertex -1.496473e+01 -1.028099e+00  4.000000e+01
   endloop
 endfacet
 facet normal  0.000000e+00  0.000000e+00  1.000000e+00
   outer loop
     vertex -1.498730e+01  6.171693e-01  4.000000e+01
     vertex -1.496473e+01 -1.028099e+00  4.000000e+01
     vertex -1.493089e+01 -1.438255e+00  4.000000e+01
   endloop
 endfacet
 facet normal  0.000000e+00  0.000000e+00  1.000000e+00
   outer loop
     vertex -1.498730e+01  6.171693e-01  4.000000e+01
     vertex -1.499859e+01  2.057747e-01  4.000000e+01
     vertex -1.498730e+01 -6.171693e-01  4.000000e+01
   endloop
 endfacet
 facet normal  0.000000e+00  0.000000e+00  1.000000e+00
   outer loop
     vertex  1.335806e+00 -1.494040e+01  4.000000e+01
     vertex -1.382848e+01 -5.811469e+00  4.000000e+01
     vertex  5.143521e-01 -1.499118e+01  4.000000e+01
   endloop
 endfacet
 facet normal  0.000000e+00  0.000000e+00  1.000000e+00
   outer loop
     vertex  1.335806e+00 -1.494040e+01  4.000000e+01
     vertex  5.143521e-01 -1.499118e+01  4.000000e+01
     vertex  9.254272e-01 -1.497143e+01  4.000000e+01
   endloop
 endfacet
 facet normal  0.000000e+00  0.000000e+00  1.000000e+00
   outer loop
     vertex -1.482953e+01  2.255011e+00  4.000000e+01
     vertex -1.488581e+01  1.847329e+00  4.000000e+01
     vertex -1.493089e+01  1.438255e+00  4.000000e+01
   endloop
 endfacet
 facet normal  0.000000e+00  0.000000e+00  1.000000e+00
   outer loop
     vertex -1.482953e+01  2.255011e+00  4.000000e+01
     vertex -1.493089e+01  1.438255e+00  4.000000e+01
     vertex -1.496473e+01  1.028099e+00  4.000000e+01
   endloop
 endfacet
 facet normal  0.000000e+00  0.000000e+00  1.000000e+00
   outer loop
     vertex -1.482953e+01  2.255011e+00  4.000000e+01
     vertex -1.496473e+01  1.028099e+00  4.000000e+01
     vertex -1.498730e+01  6.171693e-01  4.000000e+01
   endloop
 endfacet
 facet normal  0.000000e+00  0.000000e+00  1.000000e+00
   outer loop
     vertex -1.482953e+01  2.255011e+00  4.000000e+01
     vertex -1.493089e+01 -1.438255e+00  4.000000e+01
     vertex -1.476208e+01 -2.660997e+00  4.000000e+01
   endloop
 endfacet
 facet normal  0.000000e+00  0.000000e+00  1.000000e+00
   outer loop
     vertex -1.482953e+01  2.255011e+00  4.000000e+01
     vertex -1.476208e+01 -2.660997e+00  4.000000e+01
     vertex -1.425948e+01 -4.654822e+00  4.000000e+01
   endloop
 endfacet
 facet normal  0.000000e+00  0.000000e+00  1.000000e+00
   outer loop
     vertex -1.482953e+01  2.255011e+00  4.000000e+01
     vertex -1.498730e+01  6.171693e-01  4.000000e+01
     vertex -1.493089e+01 -1.438255e+00  4.000000e+01
   endloop
 endfacet
 facet normal  0.000000e+00  0.000000e+00  1.000000e+00
   outer loop
     vertex -1.482953e+01  2.255011e+00  4.000000e+01
     vertex -1.425948e+01 -4.654822e+00  4.000000e+01
     vertex -1.382848e+01 -5.811469e+00  4.000000e+01
   endloop
 endfacet
 facet normal  0.000000e+00  0.000000e+00  1.000000e+00
   outer loop
     vertex  2.559676e+00 -1.477999e+01  4.000000e+01
     vertex  1.745179e+00 -1.489813e+01  4.000000e+01
     vertex  2.153238e+00 -1.484465e+01  4.000000e+01
   endloop
 endfacet
 facet normal  0.000000e+00  0.000000e+00  1.000000e+00
   outer loop
     vertex  3.366468e+00 -1.461735e+01  4.000000e+01
     vertex  1.745179e+00 -1.489813e+01  4.000000e+01
     vertex  2.559676e+00 -1.477999e+01  4.000000e+01
   endloop
 endfacet
 facet normal  0.000000e+00  0.000000e+00  1.000000e+00
   outer loop
     vertex  3.366468e+00 -1.461735e+01  4.000000e+01
     vertex  2.559676e+00 -1.477999e+01  4.000000e+01
     vertex  2.964188e+00 -1.470420e+01  4.000000e+01
   endloop
 endfacet
 facet normal  0.000000e+00  0.000000e+00  1.000000e+00
   outer loop
     vertex -1.459391e+01  3.466654e+00  4.000000e+01
     vertex -1.468352e+01  3.064979e+00  4.000000e+01
     vertex -1.476208e+01  2.660997e+00  4.000000e+01
   endloop
 endfacet
 facet normal  0.000000e+00  0.000000e+00  1.000000e+00
   outer loop
     vertex  3.766214e+00 -1.451949e+01  4.000000e+01
     vertex  1.745179e+00 -1.489813e+01  4.000000e+01
     vertex  3.366468e+00 -1.461735e+01  4.000000e+01
   endloop
 endfacet
 facet normal  0.000000e+00  0.000000e+00  1.000000e+00
   outer loop
     vertex -1.449332e+01  3.865719e+00  4.000000e+01
     vertex -1.459391e+01  3.466654e+00  4.000000e+01
     vertex -1.476208e+01  2.660997e+00  4.000000e+01
   endloop
 endfacet
 facet normal  0.000000e+00  0.000000e+00  1.000000e+00
   outer loop
     vertex -1.438181e+01  4.261874e+00  4.000000e+01
     vertex -1.476208e+01  2.660997e+00  4.000000e+01
     vertex -1.482953e+01  2.255011e+00  4.000000e+01
   endloop
 endfacet
 facet normal  0.000000e+00  0.000000e+00  1.000000e+00
   outer loop
     vertex -1.438181e+01  4.261874e+00  4.000000e+01
     vertex -1.449332e+01  3.865719e+00  4.000000e+01
     vertex -1.476208e+01  2.660997e+00  4.000000e+01
   endloop
 endfacet
 facet normal  0.000000e+00  0.000000e+00  1.000000e+00
   outer loop
     vertex  4.556902e+00 -1.429107e+01  4.000000e+01
     vertex  3.766214e+00 -1.451949e+01  4.000000e+01
     vertex  4.163125e+00 -1.441070e+01  4.000000e+01
   endloop
 endfacet
 facet normal  0.000000e+00  0.000000e+00  1.000000e+00
   outer loop
     vertex  4.947248e+00 -1.416068e+01  4.000000e+01
     vertex  3.766214e+00 -1.451949e+01  4.000000e+01
     vertex  4.556902e+00 -1.429107e+01  4.000000e+01
   endloop
 endfacet
 facet normal  0.000000e+00  0.000000e+00  1.000000e+00
   outer loop
     vertex -1.412641e+01  5.044265e+00  4.000000e+01
     vertex -1.425948e+01  4.654822e+00  4.000000e+01
     vertex -1.438181e+01  4.261874e+00  4.000000e+01
   endloop
 endfacet
 facet normal  0.000000e+00  0.000000e+00  1.000000e+00
   outer loop
     vertex -1.412641e+01  5.044265e+00  4.000000e+01
     vertex -1.438181e+01  4.261874e+00  4.000000e+01
     vertex -1.482953e+01  2.255011e+00  4.000000e+01
   endloop
 endfacet
 facet normal  0.000000e+00  0.000000e+00  1.000000e+00
   outer loop
     vertex -1.382848e+01  5.811469e+00  4.000000e+01
     vertex -1.398271e+01  5.429911e+00  4.000000e+01
     vertex -1.412641e+01  5.044265e+00  4.000000e+01
   endloop
 endfacet
 facet normal  0.000000e+00  0.000000e+00  1.000000e+00
   outer loop
     vertex  6.094783e+00 -1.370597e+01  4.000000e+01
     vertex  4.947248e+00 -1.416068e+01  4.000000e+01
     vertex  5.333871e+00 -1.401962e+01  4.000000e+01
   endloop
 endfacet
 facet normal  0.000000e+00  0.000000e+00  1.000000e+00
   outer loop
     vertex  6.094783e+00 -1.370597e+01  4.000000e+01
     vertex  5.333871e+00 -1.401962e+01  4.000000e+01
     vertex  5.716478e+00 -1.386802e+01  4.000000e+01
   endloop
 endfacet
 facet normal  0.000000e+00  0.000000e+00  1.000000e+00
   outer loop
     vertex  6.094783e+00 -1.370597e+01  4.000000e+01
     vertex  3.766214e+00 -1.451949e+01  4.000000e+01
     vertex  4.947248e+00 -1.416068e+01  4.000000e+01
   endloop
 endfacet
 facet normal  0.000000e+00  0.000000e+00  1.000000e+00
   outer loop
     vertex -1.348892e+01  6.561178e+00  4.000000e+01
     vertex -1.412641e+01  5.044265e+00  4.000000e+01
     vertex -1.482953e+01  2.255011e+00  4.000000e+01
   endloop
 endfacet
 facet normal  0.000000e+00  0.000000e+00  1.000000e+00
   outer loop
     vertex -1.348892e+01  6.561178e+00  4.000000e+01
     vertex -1.382848e+01  5.811469e+00  4.000000e+01
     vertex -1.412641e+01  5.044265e+00  4.000000e+01
   endloop
 endfacet
 facet normal  0.000000e+00  0.000000e+00  1.000000e+00
   outer loop
     vertex -1.348892e+01  6.561178e+00  4.000000e+01
     vertex -1.366384e+01  6.188653e+00  4.000000e+01
     vertex -1.382848e+01  5.811469e+00  4.000000e+01
   endloop
 endfacet
 facet normal  0.000000e+00  0.000000e+00  1.000000e+00
   outer loop
     vertex  7.201046e+00 -1.315845e+01  4.000000e+01
     vertex  6.468499e+00 -1.353361e+01  4.000000e+01
     vertex  6.837346e+00 -1.335106e+01  4.000000e+01
   endloop
 endfacet
 facet normal  0.000000e+00  0.000000e+00  1.000000e+00
   outer loop
     vertex  7.559325e+00 -1.295595e+01  4.000000e+01
     vertex  6.468499e+00 -1.353361e+01  4.000000e+01
     vertex  7.201046e+00 -1.315845e+01  4.000000e+01
   endloop
 endfacet
 facet normal  0.000000e+00  0.000000e+00  1.000000e+00
   outer loop
     vertex  7.559325e+00 -1.295595e+01  4.000000e+01
     vertex -1.382848e+01 -5.811469e+00  4.000000e+01
     vertex  1.335806e+00 -1.494040e+01  4.000000e+01
   endloop
 endfacet
 facet normal  0.000000e+00  0.000000e+00  1.000000e+00
   outer loop
     vertex  7.559325e+00 -1.295595e+01  4.000000e+01
     vertex  3.766214e+00 -1.451949e+01  4.000000e+01
     vertex  6.094783e+00 -1.370597e+01  4.000000e+01
   endloop
 endfacet
 facet normal  0.000000e+00  0.000000e+00  1.000000e+00
   outer loop
     vertex  7.559325e+00 -1.295595e+01  4.000000e+01
     vertex  1.335806e+00 -1.494040e+01  4.000000e+01
     vertex  1.745179e+00 -1.489813e+01  4.000000e+01
   endloop
 endfacet
 facet normal  0.000000e+00  0.000000e+00  1.000000e+00
   outer loop
     vertex  7.559325e+00 -1.295595e+01  4.000000e+01
     vertex  1.745179e+00 -1.489813e+01  4.000000e+01
     vertex  3.766214e+00 -1.451949e+01  4.000000e+01
   endloop
 endfacet
 facet normal  0.000000e+00  0.000000e+00  1.000000e+00
   outer loop
     vertex  7.559325e+00 -1.295595e+01  4.000000e+01
     vertex  6.094783e+00 -1.370597e+01  4.000000e+01
     vertex  6.468499e+00 -1.353361e+01  4.000000e+01
   endloop
 endfacet
 facet normal  0.000000e+00  0.000000e+00  1.000000e+00
   outer loop
     vertex -1.268912e+01  7.999141e+00  4.000000e+01
     vertex -1.290379e+01  7.648016e+00  4.000000e+01
     vertex -1.310875e+01  7.291135e+00  4.000000e+01
   endloop
 endfacet
 facet normal  0.000000e+00  0.000000e+00  1.000000e+00
   outer loop
     vertex -1.246489e+01  8.344244e+00  4.000000e+01
     vertex -1.268912e+01  7.999141e+00  4.000000e+01
     vertex -1.310875e+01  7.291135e+00  4.000000e+01
   endloop
 endfacet
 facet normal  0.000000e+00  0.000000e+00  1.000000e+00
   outer loop
     vertex -1.246489e+01  8.344244e+00  4.000000e+01
     vertex -1.310875e+01  7.291135e+00  4.000000e+01
     vertex -1.330384e+01  6.928764e+00  4.000000e+01
   endloop
 endfacet
 facet normal  0.000000e+00  0.000000e+00  1.000000e+00
   outer loop
     vertex -1.246489e+01  8.344244e+00  4.000000e+01
     vertex -1.330384e+01  6.928764e+00  4.000000e+01
     vertex -1.348892e+01  6.561178e+00  4.000000e+01
   endloop
 endfacet
 facet normal  0.000000e+00  0.000000e+00  1.000000e+00
   outer loop
     vertex  8.598964e+00 -1.229056e+01  4.000000e+01
     vertex  7.559325e+00 -1.295595e+01  4.000000e+01
     vertex  7.911914e+00 -1.274369e+01  4.000000e+01
   endloop
 endfacet
 facet normal  0.000000e+00  0.000000e+00  1.000000e+00
   outer loop
     vertex  8.598964e+00 -1.229056e+01  4.000000e+01
     vertex  7.911914e+00 -1.274369e+01  4.000000e+01
     vertex  8.258547e+00 -1.252184e+01  4.000000e+01
   endloop
 endfacet
 facet normal  0.000000e+00  0.000000e+00  1.000000e+00
   outer loop
     vertex  9.260126e+00 -1.180043e+01  4.000000e+01
     vertex  8.598964e+00 -1.229056e+01  4.000000e+01
     vertex  8.932907e+00 -1.205003e+01  4.000000e+01
   endloop
 endfacet
 facet normal  0.000000e+00  0.000000e+00  1.000000e+00
   outer loop
     vertex -1.173663e+01  9.340851e+00  4.000000e+01
     vertex -1.198847e+01  9.015352e+00  4.000000e+01
     vertex -1.223129e+01  8.683066e+00  4.000000e+01
   endloop
 endfacet
 facet normal  0.000000e+00  0.000000e+00  1.000000e+00
   outer loop
     vertex -1.173663e+01  9.340851e+00  4.000000e+01
     vertex -1.223129e+01  8.683066e+00  4.000000e+01
     vertex -1.246489e+01  8.344244e+00  4.000000e+01
   endloop
 endfacet
 facet normal  0.000000e+00  0.000000e+00  1.000000e+00
   outer loop
     vertex  9.893410e+00 -1.127477e+01  4.000000e+01
     vertex  7.559325e+00 -1.295595e+01  4.000000e+01
     vertex  8.598964e+00 -1.229056e+01  4.000000e+01
   endloop
 endfacet
 facet normal  0.000000e+00  0.000000e+00  1.000000e+00
   outer loop
     vertex  9.893410e+00 -1.127477e+01  4.000000e+01
     vertex  8.598964e+00 -1.229056e+01  4.000000e+01
     vertex  9.260126e+00 -1.180043e+01  4.000000e+01
   endloop
 endfacet
 facet normal  0.000000e+00  0.000000e+00  1.000000e+00
   outer loop
     vertex  9.893410e+00 -1.127477e+01  4.000000e+01
     vertex  9.260126e+00 -1.180043e+01  4.000000e+01
     vertex  9.580374e+00 -1.154194e+01  4.000000e+01
   endloop
 endfacet
 facet normal  0.000000e+00  0.000000e+00  1.000000e+00
   outer loop
     vertex  1.019900e+01 -1.099911e+01  4.000000e+01
     vertex  7.559325e+00 -1.295595e+01  4.000000e+01
     vertex  9.893410e+00 -1.127477e+01  4.000000e+01
   endloop
 endfacet
 facet normal  0.000000e+00  0.000000e+00  1.000000e+00
   outer loop
     vertex -1.064292e+01  1.057016e+01  4.000000e+01
     vertex -1.092889e+01  1.027421e+01  4.000000e+01
     vertex -1.120664e+01  9.970515e+00  4.000000e+01
   endloop
 endfacet
 facet normal  0.000000e+00  0.000000e+00  1.000000e+00
   outer loop
     vertex -1.064292e+01  1.057016e+01  4.000000e+01
     vertex -1.120664e+01  9.970515e+00  4.000000e+01
     vertex -1.147596e+01  9.659318e+00  4.000000e+01
   endloop
 endfacet
 facet normal  0.000000e+00  0.000000e+00  1.000000e+00
   outer loop
     vertex -1.034893e+01  1.085816e+01  4.000000e+01
     vertex -1.064292e+01  1.057016e+01  4.000000e+01
     vertex -1.147596e+01  9.659318e+00  4.000000e+01
   endloop
 endfacet
 facet normal  0.000000e+00  0.000000e+00  1.000000e+00
   outer loop
     vertex  1.134237e+01 -9.815840e+00  4.000000e+01
     vertex  1.078692e+01 -1.042316e+01  4.000000e+01
     vertex  1.106881e+01 -1.012331e+01  4.000000e+01
   endloop
 endfacet
 facet normal  0.000000e+00  0.000000e+00  1.000000e+00
   outer loop
     vertex  1.134237e+01 -9.815840e+00  4.000000e+01
     vertex  1.019900e+01 -1.099911e+01  4.000000e+01
     vertex  1.049691e+01 -1.071517e+01  4.000000e+01
   endloop
 endfacet
 facet normal  0.000000e+00  0.000000e+00  1.000000e+00
   outer loop
     vertex  1.134237e+01 -9.815840e+00  4.000000e+01
     vertex  1.049691e+01 -1.071517e+01  4.000000e+01
     vertex  1.078692e+01 -1.042316e+01  4.000000e+01
   endloop
 endfacet
 facet normal  0.000000e+00  0.000000e+00  1.000000e+00
   outer loop
     vertex -9.737808e+00  1.140943e+01  4.000000e+01
     vertex -1.034893e+01  1.085816e+01  4.000000e+01
     vertex -1.147596e+01  9.659318e+00  4.000000e+01
   endloop
 endfacet
 facet normal  0.000000e+00  0.000000e+00  1.000000e+00
   outer loop
     vertex -9.737808e+00  1.140943e+01  4.000000e+01
     vertex -1.004715e+01  1.113799e+01  4.000000e+01
     vertex -1.034893e+01  1.085816e+01  4.000000e+01
   endloop
 endfacet
 facet normal  0.000000e+00  0.000000e+00  1.000000e+00
   outer loop
     vertex -9.421136e+00  1.167228e+01  4.000000e+01
     vertex -1.173663e+01  9.340851e+00  4.000000e+01
     vertex -1.246489e+01  8.344244e+00  4.000000e+01
   endloop
 endfacet
 facet normal  0.000000e+00  0.000000e+00  1.000000e+00
   outer loop
     vertex -9.421136e+00  1.167228e+01  4.000000e+01
     vertex -9.737808e+00  1.140943e+01  4.000000e+01
     vertex -1.147596e+01  9.659318e+00  4.000000e+01
   endloop
 endfacet
 facet normal  0.000000e+00  0.000000e+00  1.000000e+00
   outer loop
     vertex -9.421136e+00  1.167228e+01  4.000000e+01
     vertex -1.147596e+01  9.659318e+00  4.000000e+01
     vertex -1.173663e+01  9.340851e+00  4.000000e+01
   endloop
 endfacet
 facet normal  0.000000e+00  0.000000e+00  1.000000e+00
   outer loop
     vertex  1.234925e+01 -8.514456e+00  4.000000e+01
     vertex  1.134237e+01 -9.815840e+00  4.000000e+01
     vertex  1.160739e+01 -9.500978e+00  4.000000e+01
   endloop
 endfacet
 facet normal  0.000000e+00  0.000000e+00  1.000000e+00
   outer loop
     vertex  1.234925e+01 -8.514456e+00  4.000000e+01
     vertex  1.160739e+01 -9.500978e+00  4.000000e+01
     vertex  1.186367e+01 -9.178965e+00  4.000000e+01
   endloop
 endfacet
 facet normal  0.000000e+00  0.000000e+00  1.000000e+00
   outer loop
     vertex  1.234925e+01 -8.514456e+00  4.000000e+01
     vertex  1.186367e+01 -9.178965e+00  4.000000e+01
     vertex  1.211102e+01 -8.850042e+00  4.000000e+01
   endloop
 endfacet
 facet normal  0.000000e+00  0.000000e+00  1.000000e+00
   outer loop
     vertex  1.234925e+01 -8.514456e+00  4.000000e+01
     vertex  7.559325e+00 -1.295595e+01  4.000000e+01
     vertex  1.019900e+01 -1.099911e+01  4.000000e+01
   endloop
 endfacet
 facet normal  0.000000e+00  0.000000e+00  1.000000e+00
   outer loop
     vertex  1.234925e+01 -8.514456e+00  4.000000e+01
     vertex  1.019900e+01 -1.099911e+01  4.000000e+01
     vertex  1.134237e+01 -9.815840e+00  4.000000e+01
   endloop
 endfacet
 facet normal  0.000000e+00  0.000000e+00  1.000000e+00
   outer loop
     vertex -8.429549e+00  1.240737e+01  4.000000e+01
     vertex -8.766760e+00  1.217144e+01  4.000000e+01
     vertex -9.097372e+00  1.192635e+01  4.000000e+01
   endloop
 endfacet
 facet normal  0.000000e+00  0.000000e+00  1.000000e+00
   outer loop
     vertex -8.429549e+00  1.240737e+01  4.000000e+01
     vertex -9.097372e+00  1.192635e+01  4.000000e+01
     vertex -9.421136e+00  1.167228e+01  4.000000e+01
   endloop
 endfacet
 facet normal  0.000000e+00  0.000000e+00  1.000000e+00
   outer loop
     vertex  1.300750e+01 -7.470278e+00  4.000000e+01
     vertex  1.257819e+01 -8.172462e+00  4.000000e+01
     vertex  1.279766e+01 -7.824315e+00  4.000000e+01
   endloop
 endfacet
 facet normal  0.000000e+00  0.000000e+00  1.000000e+00
   outer loop
     vertex -7.380880e+00  1.305843e+01  4.000000e+01
     vertex -9.421136e+00  1.167228e+01  4.000000e+01
     vertex -1.246489e+01  8.344244e+00  4.000000e+01
   endloop
 endfacet
 facet normal  0.000000e+00  0.000000e+00  1.000000e+00
   outer loop
     vertex -7.380880e+00  1.305843e+01  4.000000e+01
     vertex -1.246489e+01  8.344244e+00  4.000000e+01
     vertex -1.348892e+01  6.561178e+00  4.000000e+01
   endloop
 endfacet
 facet normal  0.000000e+00  0.000000e+00  1.000000e+00
   outer loop
     vertex -7.380880e+00  1.305843e+01  4.000000e+01
     vertex -7.736348e+00  1.285103e+01  4.000000e+01
     vertex -8.085992e+00  1.263395e+01  4.000000e+01
   endloop
 endfacet
 facet normal  0.000000e+00  0.000000e+00  1.000000e+00
   outer loop
     vertex -7.380880e+00  1.305843e+01  4.000000e+01
     vertex -8.085992e+00  1.263395e+01  4.000000e+01
     vertex -8.429549e+00  1.240737e+01  4.000000e+01
   endloop
 endfacet
 facet normal  0.000000e+00  0.000000e+00  1.000000e+00
   outer loop
     vertex -7.380880e+00  1.305843e+01  4.000000e+01
     vertex -8.429549e+00  1.240737e+01  4.000000e+01
     vertex -9.421136e+00  1.167228e+01  4.000000e+01
   endloop
 endfacet
 facet normal  0.000000e+00  0.000000e+00  1.000000e+00
   outer loop
     vertex  1.320754e+01 -7.110619e+00  4.000000e+01
     vertex -1.382848e+01 -5.811469e+00  4.000000e+01
     vertex  7.559325e+00 -1.295595e+01  4.000000e+01
   endloop
 endfacet
 facet normal  0.000000e+00  0.000000e+00  1.000000e+00
   outer loop
     vertex  1.320754e+01 -7.110619e+00  4.000000e+01
     vertex  1.234925e+01 -8.514456e+00  4.000000e+01
     vertex  1.257819e+01 -8.172462e+00  4.000000e+01
   endloop
 endfacet
 facet normal  0.000000e+00  0.000000e+00  1.000000e+00
   outer loop
     vertex  1.320754e+01 -7.110619e+00  4.000000e+01
     vertex  7.559325e+00 -1.295595e+01  4.000000e+01
     vertex  1.234925e+01 -8.514456e+00  4.000000e+01
   endloop
 endfacet
 facet normal  0.000000e+00  0.000000e+00  1.000000e+00
   outer loop
     vertex  1.320754e+01 -7.110619e+00  4.000000e+01
     vertex  1.257819e+01 -8.172462e+00  4.000000e+01
     vertex  1.300750e+01 -7.470278e+00  4.000000e+01
   endloop
 endfacet
 facet normal  0.000000e+00  0.000000e+00  1.000000e+00
   outer loop
     vertex  1.374745e+01 -6.000626e+00  4.000000e+01
     vertex  1.320754e+01 -7.110619e+00  4.000000e+01
     vertex  1.339764e+01 -6.745606e+00  4.000000e+01
   endloop
 endfacet
 facet normal  0.000000e+00  0.000000e+00  1.000000e+00
   outer loop
     vertex  1.374745e+01 -6.000626e+00  4.000000e+01
     vertex  1.339764e+01 -6.745606e+00  4.000000e+01
     vertex  1.357766e+01 -6.375515e+00  4.000000e+01
   endloop
 endfacet
 facet normal  0.000000e+00  0.000000e+00  1.000000e+00
   outer loop
     vertex -5.906186e+00  1.378829e+01  4.000000e+01
     vertex -6.282232e+00  1.362107e+01  4.000000e+01
     vertex -6.653549e+00  1.344360e+01  4.000000e+01
   endloop
 endfacet
 facet normal  0.000000e+00  0.000000e+00  1.000000e+00
   outer loop
     vertex -5.906186e+00  1.378829e+01  4.000000e+01
     vertex -6.653549e+00  1.344360e+01  4.000000e+01
     vertex -7.019857e+00  1.325600e+01  4.000000e+01
   endloop
 endfacet
 facet normal  0.000000e+00  0.000000e+00  1.000000e+00
   outer loop
     vertex -5.525695e+00  1.394513e+01  4.000000e+01
     vertex -5.906186e+00  1.378829e+01  4.000000e+01
     vertex -7.019857e+00  1.325600e+01  4.000000e+01
   endloop
 endfacet
 facet normal  0.000000e+00  0.000000e+00  1.000000e+00
   outer loop
     vertex -5.525695e+00  1.394513e+01  4.000000e+01
     vertex -7.019857e+00  1.325600e+01  4.000000e+01
     vertex -7.380880e+00  1.305843e+01  4.000000e+01
   endloop
 endfacet
 facet normal  0.000000e+00  0.000000e+00  1.000000e+00
   outer loop
     vertex  1.405588e+01 -5.237580e+00  4.000000e+01
     vertex  1.374745e+01 -6.000626e+00  4.000000e+01
     vertex  1.390690e+01 -5.621219e+00  4.000000e+01
   endloop
 endfacet
 facet normal  0.000000e+00  0.000000e+00  1.000000e+00
   outer loop
     vertex  1.432199e+01 -4.458768e+00  4.000000e+01
     vertex  1.405588e+01 -5.237580e+00  4.000000e+01
     vertex  1.419428e+01 -4.849999e+00  4.000000e+01
   endloop
 endfacet
 facet normal  0.000000e+00  0.000000e+00  1.000000e+00
   outer loop
     vertex  1.432199e+01 -4.458768e+00  4.000000e+01
     vertex  1.374745e+01 -6.000626e+00  4.000000e+01
     vertex  1.405588e+01 -5.237580e+00  4.000000e+01
   endloop
 endfacet
 facet normal  0.000000e+00  0.000000e+00  1.000000e+00
   outer loop
     vertex  1.432199e+01 -4.458768e+00  4.000000e+01
     vertex  1.320754e+01 -7.110619e+00  4.000000e+01
     vertex  1.374745e+01 -6.000626e+00  4.000000e+01
   endloop
 endfacet
 facet normal  0.000000e+00  0.000000e+00  1.000000e+00
   outer loop
     vertex -4.360424e+00  1.435224e+01  4.000000e+01
     vertex -5.525695e+00  1.394513e+01  4.000000e+01
     vertex -7.380880e+00  1.305843e+01  4.000000e+01
   endloop
 endfacet
 facet normal  0.000000e+00  0.000000e+00  1.000000e+00
   outer loop
     vertex -4.360424e+00  1.435224e+01  4.000000e+01
     vertex -4.752522e+00  1.422721e+01  4.000000e+01
     vertex -5.141043e+00  1.409148e+01  4.000000e+01
   endloop
 endfacet
 facet normal  0.000000e+00  0.000000e+00  1.000000e+00
   outer loop
     vertex -4.360424e+00  1.435224e+01  4.000000e+01
     vertex -5.141043e+00  1.409148e+01  4.000000e+01
     vertex -5.525695e+00  1.394513e+01  4.000000e+01
   endloop
 endfacet
 facet normal  0.000000e+00  0.000000e+00  1.000000e+00
   outer loop
     vertex  1.454498e+01 -3.666531e+00  4.000000e+01
     vertex  1.432199e+01 -4.458768e+00  4.000000e+01
     vertex  1.443892e+01 -4.064179e+00  4.000000e+01
   endloop
 endfacet
 facet normal  0.000000e+00  0.000000e+00  1.000000e+00
   outer loop
     vertex  1.464010e+01 -3.266124e+00  4.000000e+01
     vertex  1.432199e+01 -4.458768e+00  4.000000e+01
     vertex  1.454498e+01 -3.666531e+00  4.000000e+01
   endloop
 endfacet
 facet normal  0.000000e+00  0.000000e+00  1.000000e+00
   outer loop
     vertex -3.165626e+00  1.466216e+01  4.000000e+01
     vertex -3.566676e+00  1.456979e+01  4.000000e+01
     vertex -3.965042e+00  1.446646e+01  4.000000e+01
   endloop
 endfacet
 facet normal  0.000000e+00  0.000000e+00  1.000000e+00
   outer loop
     vertex -2.356679e+00  1.481371e+01  4.000000e+01
     vertex -2.762192e+00  1.474348e+01  4.000000e+01
     vertex -3.165626e+00  1.466216e+01  4.000000e+01
   endloop
 endfacet
 facet normal  0.000000e+00  0.000000e+00  1.000000e+00
   outer loop
     vertex  1.485907e+01 -2.051363e+00  4.000000e+01
     vertex  1.464010e+01 -3.266124e+00  4.000000e+01
     vertex  1.472419e+01 -2.863257e+00  4.000000e+01
   endloop
 endfacet
 facet normal  0.000000e+00  0.000000e+00  1.000000e+00
   outer loop
     vertex  1.485907e+01 -2.051363e+00  4.000000e+01
     vertex  1.472419e+01 -2.863257e+00  4.000000e+01
     vertex  1.479720e+01 -2.458235e+00  4.000000e+01
   endloop
 endfacet
 facet normal  0.000000e+00  0.000000e+00  1.000000e+00
   outer loop
     vertex  1.485907e+01 -2.051363e+00  4.000000e+01
     vertex  1.320754e+01 -7.110619e+00  4.000000e+01
     vertex  1.432199e+01 -4.458768e+00  4.000000e+01
   endloop
 endfacet
 facet normal  0.000000e+00  0.000000e+00  1.000000e+00
   outer loop
     vertex  1.485907e+01 -2.051363e+00  4.000000e+01
     vertex  1.432199e+01 -4.458768e+00  4.000000e+01
     vertex  1.464010e+01 -3.266124e+00  4.000000e+01
   endloop
 endfacet
 facet normal  0.000000e+00  0.000000e+00  1.000000e+00
   outer loop
     vertex  1.485907e+01 -2.051363e+00  4.000000e+01
     vertex -1.382848e+01 -5.811469e+00  4.000000e+01
     vertex  1.320754e+01 -7.110619e+00  4.000000e+01
   endloop
 endfacet
 facet normal  0.000000e+00  0.000000e+00  1.000000e+00
   outer loop
     vertex -1.949392e+00  1.487279e+01  4.000000e+01
     vertex -2.356679e+00  1.481371e+01  4.000000e+01
     vertex -3.165626e+00  1.466216e+01  4.000000e+01
   endloop
 endfacet
 facet normal  0.000000e+00  0.000000e+00  1.000000e+00
   outer loop
     vertex  1.494921e+01 -1.233293e+00  4.000000e+01
     vertex  1.485907e+01 -2.051363e+00  4.000000e+01
     vertex  1.490975e+01 -1.642947e+00  4.000000e+01
   endloop
 endfacet
 facet normal  0.000000e+00  0.000000e+00  1.000000e+00
   outer loop
     vertex  1.497742e+01 -8.227117e-01  4.000000e+01
     vertex  1.485907e+01 -2.051363e+00  4.000000e+01
     vertex  1.494921e+01 -1.233293e+00  4.000000e+01
   endloop
 endfacet
 facet normal  0.000000e+00  0.000000e+00  1.000000e+00
   outer loop
     vertex -7.199574e-01  1.498271e+01  4.000000e+01
     vertex -3.165626e+00  1.466216e+01  4.000000e+01
     vertex -3.965042e+00  1.446646e+01  4.000000e+01
   endloop
 endfacet
 facet normal  0.000000e+00  0.000000e+00  1.000000e+00
   outer loop
     vertex -7.199574e-01  1.498271e+01  4.000000e+01
     vertex -1.949392e+00  1.487279e+01  4.000000e+01
     vertex -3.165626e+00  1.466216e+01  4.000000e+01
   endloop
 endfacet
 facet normal  0.000000e+00  0.000000e+00  1.000000e+00
   outer loop
     vertex -7.199574e-01  1.498271e+01  4.000000e+01
     vertex -1.130723e+00  1.495732e+01  4.000000e+01
     vertex -1.540637e+00  1.492067e+01  4.000000e+01
   endloop
 endfacet
 facet normal  0.000000e+00  0.000000e+00  1.000000e+00
   outer loop
     vertex -7.199574e-01  1.498271e+01  4.000000e+01
     vertex -1.540637e+00  1.492067e+01  4.000000e+01
     vertex -1.949392e+00  1.487279e+01  4.000000e+01
   endloop
 endfacet
 facet normal  0.000000e+00  0.000000e+00  1.000000e+00
   outer loop
     vertex -7.199574e-01  1.498271e+01  4.000000e+01
     vertex -3.965042e+00  1.446646e+01  4.000000e+01
     vertex -4.360424e+00  1.435224e+01  4.000000e+01
   endloop
 endfacet
 facet normal  0.000000e+00  0.000000e+00  1.000000e+00
   outer loop
     vertex  1.499435e+01 -4.115107e-01  4.000000e+01
     vertex  1.485907e+01 -2.051363e+00  4.000000e+01
     vertex  1.497742e+01 -8.227117e-01  4.000000e+01
   endloop
 endfacet
 facet normal  0.000000e+00  0.000000e+00  1.000000e+00
   outer loop
     vertex  1.499435e+01 -4.115107e-01  4.000000e+01
     vertex -1.382848e+01 -5.811469e+00  4.000000e+01
     vertex  1.485907e+01 -2.051363e+00  4.000000e+01
   endloop
 endfacet
 facet normal  0.000000e+00  0.000000e+00  1.000000e+00
   outer loop
     vertex  1.028898e-01  1.499965e+01  4.000000e+01
     vertex -3.086500e-01  1.499682e+01  4.000000e+01
     vertex -7.199574e-01  1.498271e+01  4.000000e+01
   endloop
 endfacet
 facet normal  0.000000e+00  0.000000e+00  1.000000e+00
   outer loop
     vertex  5.143521e-01  1.499118e+01  4.000000e+01
     vertex -7.199574e-01  1.498271e+01  4.000000e+01
     vertex -4.360424e+00  1.435224e+01  4.000000e+01
   endloop
 endfacet
 facet normal  0.000000e+00  0.000000e+00  1.000000e+00
   outer loop
     vertex  5.143521e-01  1.499118e+01  4.000000e+01
     vertex  1.028898e-01  1.499965e+01  4.000000e+01
     vertex -7.199574e-01  1.498271e+01  4.000000e+01
   endloop
 endfacet
 facet normal  0.000000e+00  0.000000e+00  1.000000e+00
   outer loop
     vertex  1.494921e+01  1.233293e+00  4.000000e+01
     vertex  1.500000e+01  0.000000e+00  4.000000e+01
     vertex  1.499435e+01  4.115107e-01  4.000000e+01
   endloop
 endfacet
 facet normal  0.000000e+00  0.000000e+00  1.000000e+00
   outer loop
     vertex  1.494921e+01  1.233293e+00  4.000000e+01
     vertex  1.499435e+01  4.115107e-01  4.000000e+01
     vertex  1.497742e+01  8.227117e-01  4.000000e+01
   endloop
 endfacet
 facet normal  0.000000e+00  0.000000e+00  1.000000e+00
   outer loop
     vertex  1.490975e+01  1.642947e+00  4.000000e+01
     vertex  1.499435e+01 -4.115107e-01  4.000000e+01
     vertex  1.500000e+01  0.000000e+00  4.000000e+01
   endloop
 endfacet
 facet normal  0.000000e+00  0.000000e+00  1.000000e+00
   outer loop
     vertex  1.490975e+01  1.642947e+00  4.000000e+01
     vertex -1.382848e+01 -5.811469e+00  4.000000e+01
     vertex  1.499435e+01 -4.115107e-01  4.000000e+01
   endloop
 endfacet
 facet normal  0.000000e+00  0.000000e+00  1.000000e+00
   outer loop
     vertex  1.490975e+01  1.642947e+00  4.000000e+01
     vertex  1.500000e+01  0.000000e+00  4.000000e+01
     vertex  1.494921e+01  1.233293e+00  4.000000e+01
   endloop
 endfacet
 facet normal  0.000000e+00  0.000000e+00  1.000000e+00
   outer loop
     vertex  2.153238e+00  1.484465e+01  4.000000e+01
     vertex  1.745179e+00  1.489813e+01  4.000000e+01
     vertex  1.335806e+00  1.494040e+01  4.000000e+01
   endloop
 endfacet
 facet normal  0.000000e+00  0.000000e+00  1.000000e+00
   outer loop
     vertex  1.479720e+01  2.458235e+00  4.000000e+01
     vertex  1.490975e+01  1.642947e+00  4.000000e+01
     vertex  1.485907e+01  2.051363e+00  4.000000e+01
   endloop
 endfacet
 facet normal  0.000000e+00  0.000000e+00  1.000000e+00
   outer loop
     vertex  1.479720e+01  2.458235e+00  4.000000e+01
     vertex -1.382848e+01 -5.811469e+00  4.000000e+01
     vertex  1.490975e+01  1.642947e+00  4.000000e+01
   endloop
 endfacet
 facet normal  0.000000e+00  0.000000e+00  1.000000e+00
   outer loop
     vertex  2.559676e+00  1.477999e+01  4.000000e+01
     vertex  5.143521e-01  1.499118e+01  4.000000e+01
     vertex -4.360424e+00  1.435224e+01  4.000000e+01
   endloop
 endfacet
 facet normal  0.000000e+00  0.000000e+00  1.000000e+00
   outer loop
     vertex  2.559676e+00  1.477999e+01  4.000000e+01
     vertex  1.335806e+00  1.494040e+01  4.000000e+01
     vertex  9.254272e-01  1.497143e+01  4.000000e+01
   endloop
 endfacet
 facet normal  0.000000e+00  0.000000e+00  1.000000e+00
   outer loop
     vertex  2.559676e+00  1.477999e+01  4.000000e+01
     vertex  9.254272e-01  1.497143e+01  4.000000e+01
     vertex  5.143521e-01  1.499118e+01  4.000000e+01
   endloop
 endfacet
 facet normal  0.000000e+00  0.000000e+00  1.000000e+00
   outer loop
     vertex  2.559676e+00  1.477999e+01  4.000000e+01
     vertex  2.153238e+00  1.484465e+01  4.000000e+01
     vertex  1.335806e+00  1.494040e+01  4.000000e+01
   endloop
 endfacet
 facet normal  0.000000e+00  0.000000e+00  1.000000e+00
   outer loop
     vertex  1.464010e+01  3.266124e+00  4.000000e+01
     vertex  1.479720e+01  2.458235e+00  4.000000e+01
     vertex  1.472419e+01  2.863257e+00  4.000000e+01
   endloop
 endfacet
 facet normal  0.000000e+00  0.000000e+00  1.000000e+00
   outer loop
     vertex  1.454498e+01  3.666531e+00  4.000000e+01
     vertex  1.479720e+01  2.458235e+00  4.000000e+01
     vertex  1.464010e+01  3.266124e+00  4.000000e+01
   endloop
 endfacet
 facet normal  0.000000e+00  0.000000e+00  1.000000e+00
   outer loop
     vertex  1.443892e+01  4.064179e+00  4.000000e+01
     vertex  1.479720e+01  2.458235e+00  4.000000e+01
     vertex  1.454498e+01  3.666531e+00  4.000000e+01
   endloop
 endfacet
 facet normal  0.000000e+00  0.000000e+00  1.000000e+00
   outer loop
     vertex  4.163125e+00  1.441070e+01  4.000000e+01
     vertex  3.766214e+00  1.451949e+01  4.000000e+01
     vertex  3.366468e+00  1.461735e+01  4.000000e+01
   endloop
 endfacet
 facet normal  0.000000e+00  0.000000e+00  1.000000e+00
   outer loop
     vertex  4.163125e+00  1.441070e+01  4.000000e+01
     vertex  3.366468e+00  1.461735e+01  4.000000e+01
     vertex  2.964188e+00  1.470420e+01  4.000000e+01
   endloop
 endfacet
 facet normal  0.000000e+00  0.000000e+00  1.000000e+00
   outer loop
     vertex  4.163125e+00  1.441070e+01  4.000000e+01
     vertex  2.964188e+00  1.470420e+01  4.000000e+01
     vertex  2.559676e+00  1.477999e+01  4.000000e+01
   endloop
 endfacet
 facet normal  0.000000e+00  0.000000e+00  1.000000e+00
   outer loop
     vertex  1.419428e+01  4.849999e+00  4.000000e+01
     vertex  1.479720e+01  2.458235e+00  4.000000e+01
     vertex  1.443892e+01  4.064179e+00  4.000000e+01
   endloop
 endfacet
 facet normal  0.000000e+00  0.000000e+00  1.000000e+00
   outer loop
     vertex  1.419428e+01  4.849999e+00  4.000000e+01
     vertex  1.443892e+01  4.064179e+00  4.000000e+01
     vertex  1.432199e+01  4.458768e+00  4.000000e+01
   endloop
 endfacet
 facet normal  0.000000e+00  0.000000e+00  1.000000e+00
   outer loop
     vertex  1.419428e+01  4.849999e+00  4.000000e+01
     vertex -1.482953e+01  2.255011e+00  4.000000e+01
     vertex -1.382848e+01 -5.811469e+00  4.000000e+01
   endloop
 endfacet
 facet normal  0.000000e+00  0.000000e+00  1.000000e+00
   outer loop
     vertex  1.419428e+01  4.849999e+00  4.000000e+01
     vertex -1.382848e+01 -5.811469e+00  4.000000e+01
     vertex  1.479720e+01  2.458235e+00  4.000000e+01
   endloop
 endfacet
 facet normal  0.000000e+00  0.000000e+00  1.000000e+00
   outer loop
     vertex  4.947248e+00  1.416068e+01  4.000000e+01
     vertex  4.556902e+00  1.429107e+01  4.000000e+01
     vertex  4.163125e+00  1.441070e+01  4.000000e+01
   endloop
 endfacet
 facet normal  0.000000e+00  0.000000e+00  1.000000e+00
   outer loop
     vertex  5.333871e+00  1.401962e+01  4.000000e+01
     vertex  4.163125e+00  1.441070e+01  4.000000e+01
     vertex  2.559676e+00  1.477999e+01  4.000000e+01
   endloop
 endfacet
 facet normal  0.000000e+00  0.000000e+00  1.000000e+00
   outer loop
     vertex  5.333871e+00  1.401962e+01  4.000000e+01
     vertex  4.947248e+00  1.416068e+01  4.000000e+01
     vertex  4.163125e+00  1.441070e+01  4.000000e+01
   endloop
 endfacet
 facet normal  0.000000e+00  0.000000e+00  1.000000e+00
   outer loop
     vertex  5.333871e+00  1.401962e+01  4.000000e+01
     vertex  2.559676e+00  1.477999e+01  4.000000e+01
     vertex -4.360424e+00  1.435224e+01  4.000000e+01
   endloop
 endfacet
 facet normal  0.000000e+00  0.000000e+00  1.000000e+00
   outer loop
     vertex  1.390690e+01  5.621219e+00  4.000000e+01
     vertex  1.419428e+01  4.849999e+00  4.000000e+01
     vertex  1.405588e+01  5.237580e+00  4.000000e+01
   endloop
 endfacet
 facet normal  0.000000e+00  0.000000e+00  1.000000e+00
   outer loop
     vertex  1.374745e+01  6.000626e+00  4.000000e+01
     vertex  1.419428e+01  4.849999e+00  4.000000e+01
     vertex  1.390690e+01  5.621219e+00  4.000000e+01
   endloop
 endfacet
 facet normal  0.000000e+00  0.000000e+00  1.000000e+00
   outer loop
     vertex  6.094783e+00  1.370597e+01  4.000000e+01
     vertex  5.716478e+00  1.386802e+01  4.000000e+01
     vertex  5.333871e+00  1.401962e+01  4.000000e+01
   endloop
 endfacet
 facet normal  0.000000e+00  0.000000e+00  1.000000e+00
   outer loop
     vertex  1.357766e+01  6.375515e+00  4.000000e+01
     vertex  1.419428e+01  4.849999e+00  4.000000e+01
     vertex  1.374745e+01  6.000626e+00  4.000000e+01
   endloop
 endfacet
 facet normal  0.000000e+00  0.000000e+00  1.000000e+00
   outer loop
     vertex  6.468499e+00  1.353361e+01  4.000000e+01
     vertex  6.094783e+00  1.370597e+01  4.000000e+01
     vertex  5.333871e+00  1.401962e+01  4.000000e+01
   endloop
 endfacet
 facet normal  0.000000e+00  0.000000e+00  1.000000e+00
   outer loop
     vertex  6.468499e+00  1.353361e+01  4.000000e+01
     vertex  5.333871e+00  1.401962e+01  4.000000e+01
     vertex -4.360424e+00  1.435224e+01  4.000000e+01
   endloop
 endfacet
 facet normal  0.000000e+00  0.000000e+00  1.000000e+00
   outer loop
     vertex  1.339764e+01  6.745606e+00  4.000000e+01
     vertex  1.419428e+01  4.849999e+00  4.000000e+01
     vertex  1.357766e+01  6.375515e+00  4.000000e+01
   endloop
 endfacet
 facet normal  0.000000e+00  0.000000e+00  1.000000e+00
   outer loop
     vertex  6.837346e+00  1.335106e+01  4.000000e+01
     vertex -4.360424e+00  1.435224e+01  4.000000e+01
     vertex -7.380880e+00  1.305843e+01  4.000000e+01
   endloop
 endfacet
 facet normal  0.000000e+00  0.000000e+00  1.000000e+00
   outer loop
     vertex  6.837346e+00  1.335106e+01  4.000000e+01
     vertex  6.468499e+00  1.353361e+01  4.000000e+01
     vertex -4.360424e+00  1.435224e+01  4.000000e+01
   endloop
 endfacet
 facet normal  0.000000e+00  0.000000e+00  1.000000e+00
   outer loop
     vertex  6.837346e+00  1.335106e+01  4.000000e+01
     vertex -7.380880e+00  1.305843e+01  4.000000e+01
     vertex -1.348892e+01  6.561178e+00  4.000000e+01
   endloop
 endfacet
 facet normal  0.000000e+00  0.000000e+00  1.000000e+00
   outer loop
     vertex  1.320754e+01  7.110619e+00  4.000000e+01
     vertex -1.348892e+01  6.561178e+00  4.000000e+01
     vertex -1.482953e+01  2.255011e+00  4.000000e+01
   endloop
 endfacet
 facet normal  0.000000e+00  0.000000e+00  1.000000e+00
   outer loop
     vertex  1.320754e+01  7.110619e+00  4.000000e+01
     vertex  1.419428e+01  4.849999e+00  4.000000e+01
     vertex  1.339764e+01  6.745606e+00  4.000000e+01
   endloop
 endfacet
 facet normal  0.000000e+00  0.000000e+00  1.000000e+00
   outer loop
     vertex  1.320754e+01  7.110619e+00  4.000000e+01
     vertex -1.482953e+01  2.255011e+00  4.000000e+01
     vertex  1.419428e+01  4.849999e+00  4.000000e+01
   endloop
 endfacet
 facet normal  0.000000e+00  0.000000e+00  1.000000e+00
   outer loop
     vertex  1.300750e+01  7.470278e+00  4.000000e+01
     vertex -1.348892e+01  6.561178e+00  4.000000e+01
     vertex  1.320754e+01  7.110619e+00  4.000000e+01
   endloop
 endfacet
 facet normal  0.000000e+00  0.000000e+00  1.000000e+00
   outer loop
     vertex  7.911914e+00  1.274369e+01  4.000000e+01
     vertex  7.559325e+00  1.295595e+01  4.000000e+01
     vertex  7.201046e+00  1.315845e+01  4.000000e+01
   endloop
 endfacet
 facet normal  0.000000e+00  0.000000e+00  1.000000e+00
   outer loop
     vertex  7.911914e+00  1.274369e+01  4.000000e+01
     vertex  7.201046e+00  1.315845e+01  4.000000e+01
     vertex  6.837346e+00  1.335106e+01  4.000000e+01
   endloop
 endfacet
 facet normal  0.000000e+00  0.000000e+00  1.000000e+00
   outer loop
     vertex  1.257819e+01  8.172462e+00  4.000000e+01
     vertex  1.300750e+01  7.470278e+00  4.000000e+01
     vertex  1.279766e+01  7.824315e+00  4.000000e+01
   endloop
 endfacet
 facet normal  0.000000e+00  0.000000e+00  1.000000e+00
   outer loop
     vertex  8.258547e+00  1.252184e+01  4.000000e+01
     vertex  7.911914e+00  1.274369e+01  4.000000e+01
     vertex  6.837346e+00  1.335106e+01  4.000000e+01
   endloop
 endfacet
 facet normal  0.000000e+00  0.000000e+00  1.000000e+00
   outer loop
     vertex  1.211102e+01  8.850042e+00  4.000000e+01
     vertex  1.257819e+01  8.172462e+00  4.000000e+01
     vertex  1.234925e+01  8.514456e+00  4.000000e+01
   endloop
 endfacet
 facet normal  0.000000e+00  0.000000e+00  1.000000e+00
   outer loop
     vertex  1.211102e+01  8.850042e+00  4.000000e+01
     vertex -1.348892e+01  6.561178e+00  4.000000e+01
     vertex  1.300750e+01  7.470278e+00  4.000000e+01
   endloop
 endfacet
 facet normal  0.000000e+00  0.000000e+00  1.000000e+00
   outer loop
     vertex  1.211102e+01  8.850042e+00  4.000000e+01
     vertex  1.300750e+01  7.470278e+00  4.000000e+01
     vertex  1.257819e+01  8.172462e+00  4.000000e+01
   endloop
 endfacet
 facet normal  0.000000e+00  0.000000e+00  1.000000e+00
   outer loop
     vertex  9.260126e+00  1.180043e+01  4.000000e+01
     vertex  8.932907e+00  1.205003e+01  4.000000e+01
     vertex  8.598964e+00  1.229056e+01  4.000000e+01
   endloop
 endfacet
 facet normal  0.000000e+00  0.000000e+00  1.000000e+00
   outer loop
     vertex  9.260126e+00  1.180043e+01  4.000000e+01
     vertex  8.598964e+00  1.229056e+01  4.000000e+01
     vertex  8.258547e+00  1.252184e+01  4.000000e+01
   endloop
 endfacet
 facet normal  0.000000e+00  0.000000e+00  1.000000e+00
   outer loop
     vertex  9.260126e+00  1.180043e+01  4.000000e+01
     vertex  8.258547e+00  1.252184e+01  4.000000e+01
     vertex  6.837346e+00  1.335106e+01  4.000000e+01
   endloop
 endfacet
 facet normal  0.000000e+00  0.000000e+00  1.000000e+00
   outer loop
     vertex  1.160739e+01  9.500978e+00  4.000000e+01
     vertex  1.211102e+01  8.850042e+00  4.000000e+01
     vertex  1.186367e+01  9.178965e+00  4.000000e+01
   endloop
 endfacet
 facet normal  0.000000e+00  0.000000e+00  1.000000e+00
   outer loop
     vertex  1.134237e+01  9.815840e+00  4.000000e+01
     vertex  1.211102e+01  8.850042e+00  4.000000e+01
     vertex  1.160739e+01  9.500978e+00  4.000000e+01
   endloop
 endfacet
 facet normal  0.000000e+00  0.000000e+00  1.000000e+00
   outer loop
     vertex  1.106881e+01  1.012331e+01  4.000000e+01
     vertex  1.211102e+01  8.850042e+00  4.000000e+01
     vertex  1.134237e+01  9.815840e+00  4.000000e+01
   endloop
 endfacet
 facet normal  0.000000e+00  0.000000e+00  1.000000e+00
   outer loop
     vertex  1.019900e+01  1.099911e+01  4.000000e+01
     vertex  6.837346e+00  1.335106e+01  4.000000e+01
     vertex -1.348892e+01  6.561178e+00  4.000000e+01
   endloop
 endfacet
 facet normal  0.000000e+00  0.000000e+00  1.000000e+00
   outer loop
     vertex  1.019900e+01  1.099911e+01  4.000000e+01
     vertex  9.893410e+00  1.127477e+01  4.000000e+01
     vertex  9.580374e+00  1.154194e+01  4.000000e+01
   endloop
 endfacet
 facet normal  0.000000e+00  0.000000e+00  1.000000e+00
   outer loop
     vertex  1.019900e+01  1.099911e+01  4.000000e+01
     vertex  9.580374e+00  1.154194e+01  4.000000e+01
     vertex  9.260126e+00  1.180043e+01  4.000000e+01
   endloop
 endfacet
 facet normal  0.000000e+00  0.000000e+00  1.000000e+00
   outer loop
     vertex  1.019900e+01  1.099911e+01  4.000000e+01
     vertex  9.260126e+00  1.180043e+01  4.000000e+01
     vertex  6.837346e+00  1.335106e+01  4.000000e+01
   endloop
 endfacet
 facet normal  0.000000e+00  0.000000e+00  1.000000e+00
   outer loop
     vertex  1.019900e+01  1.099911e+01  4.000000e+01
     vertex -1.348892e+01  6.561178e+00  4.000000e+01
     vertex  1.211102e+01  8.850042e+00  4.000000e+01
   endloop
 endfacet
 facet normal  0.000000e+00  0.000000e+00  1.000000e+00
   outer loop
     vertex  1.078692e+01  1.042316e+01  4.000000e+01
     vertex  1.211102e+01  8.850042e+00  4.000000e+01
     vertex  1.106881e+01  1.012331e+01  4.000000e+01
   endloop
 endfacet
 facet normal  0.000000e+00  0.000000e+00  1.000000e+00
   outer loop
     vertex  1.049691e+01  1.071517e+01  4.000000e+01
     vertex  1.019900e+01  1.099911e+01  4.000000e+01
     vertex  1.211102e+01  8.850042e+00  4.000000e+01
   endloop
 endfacet
 facet normal  0.000000e+00  0.000000e+00  1.000000e+00
   outer loop
     vertex  1.049691e+01  1.071517e+01  4.000000e+01
     vertex  1.211102e+01  8.850042e+00  4.000000e+01
     vertex  1.078692e+01  1.042316e+01  4.000000e+01
   endloop
 endfacet
 facet normal -0.000000e+00  0.000000e+00 -1.000000e+00
   outer loop
     vertex -9.996269e+00  2.731480e-01  2.200000e+01
     vertex -1.500000e+01  6.721952e-15  2.200000e+01
     vertex -1.499440e+01  4.097220e-01  2.200000e+01
   endloop
 endfacet
 facet normal  0.000000e+00  0.000000e+00 -1.000000e+00
   outer loop
     vertex -9.996269e+00  2.731480e-01  2.200000e+01
     vertex -1.000000e+01  6.109628e-15  2.200000e+01
     vertex -1.500000e+01  6.721952e-15  2.200000e+01
   endloop
 endfacet
 facet normal  0.000000e+00  0.000000e+00 -1.000000e+00
   outer loop
     vertex -9.985078e+00  5.460922e-01  2.200000e+01
     vertex -1.497762e+01  8.191382e-01  2.200000e+01
     vertex -1.494965e+01  1.227943e+00  2.200000e+01
   endloop
 endfacet
 facet normal -0.000000e+00  0.000000e+00 -1.000000e+00
   outer loop
     vertex -9.985078e+00  5.460922e-01  2.200000e+01
     vertex -1.499440e+01  4.097220e-01  2.200000e+01
     vertex -1.497762e+01  8.191382e-01  2.200000e+01
   endloop
 endfacet
 facet normal  0.000000e+00  0.000000e+00 -1.000000e+00
   outer loop
     vertex -9.985078e+00  5.460922e-01  2.200000e+01
     vertex -9.996269e+00  2.731480e-01  2.200000e+01
     vertex -1.499440e+01  4.097220e-01  2.200000e+01
   endloop
 endfacet
 facet normal -0.000000e+00  0.000000e+00 -1.000000e+00
   outer loop
     vertex -9.966436e+00  8.186288e-01  2.200000e+01
     vertex -9.985078e+00  5.460922e-01  2.200000e+01
     vertex -1.494965e+01  1.227943e+00  2.200000e+01
   endloop
 endfacet
 facet normal  0.000000e+00  0.000000e+00 -1.000000e+00
   outer loop
     vertex -9.940357e+00  1.090555e+00  2.200000e+01
     vertex -1.494965e+01  1.227943e+00  2.200000e+01
     vertex -1.491054e+01  1.635832e+00  2.200000e+01
   endloop
 endfacet
 facet normal -0.000000e+00  0.000000e+00 -1.000000e+00
   outer loop
     vertex -9.940357e+00  1.090555e+00  2.200000e+01
     vertex -9.966436e+00  8.186288e-01  2.200000e+01
     vertex -1.494965e+01  1.227943e+00  2.200000e+01
   endloop
 endfacet
 facet normal  0.000000e+00  0.000000e+00 -1.000000e+00
   outer loop
     vertex -9.906859e+00  1.361666e+00  2.200000e+01
     vertex -1.491054e+01  1.635832e+00  2.200000e+01
     vertex -1.486029e+01  2.042500e+00  2.200000e+01
   endloop
 endfacet
 facet normal -0.000000e+00  0.000000e+00 -1.000000e+00
   outer loop
     vertex -9.906859e+00  1.361666e+00  2.200000e+01
     vertex -9.940357e+00  1.090555e+00  2.200000e+01
     vertex -1.491054e+01  1.635832e+00  2.200000e+01
   endloop
 endfacet
 facet normal  0.000000e+00  0.000000e+00 -1.000000e+00
   outer loop
     vertex -9.865969e+00  1.631762e+00  2.200000e+01
     vertex -1.486029e+01  2.042500e+00  2.200000e+01
     vertex -1.479895e+01  2.447643e+00  2.200000e+01
   endloop
 endfacet
 facet normal -0.000000e+00  0.000000e+00 -1.000000e+00
   outer loop
     vertex -9.865969e+00  1.631762e+00  2.200000e+01
     vertex -9.906859e+00  1.361666e+00  2.200000e+01
     vertex -1.486029e+01  2.042500e+00  2.200000e+01
   endloop
 endfacet
 facet normal  0.000000e+00  0.000000e+00 -1.000000e+00
   outer loop
     vertex -9.817717e+00  1.900640e+00  2.200000e+01
     vertex -1.472658e+01  2.850961e+00  2.200000e+01
     vertex -1.464321e+01  3.252150e+00  2.200000e+01
   endloop
 endfacet
 facet normal  0.000000e+00  0.000000e+00 -1.000000e+00
   outer loop
     vertex -9.817717e+00  1.900640e+00  2.200000e+01
     vertex -1.479895e+01  2.447643e+00  2.200000e+01
     vertex -1.472658e+01  2.850961e+00  2.200000e+01
   endloop
 endfacet
 facet normal -0.000000e+00  0.000000e+00 -1.000000e+00
   outer loop
     vertex -9.817717e+00  1.900640e+00  2.200000e+01
     vertex -9.865969e+00  1.631762e+00  2.200000e+01
     vertex -1.479895e+01  2.447643e+00  2.200000e+01
   endloop
 endfacet
 facet normal -0.000000e+00  0.000000e+00 -1.000000e+00
   outer loop
     vertex -9.762138e+00  2.168100e+00  2.200000e+01
     vertex -9.817717e+00  1.900640e+00  2.200000e+01
     vertex -1.464321e+01  3.252150e+00  2.200000e+01
   endloop
 endfacet
 facet normal  0.000000e+00  0.000000e+00 -1.000000e+00
   outer loop
     vertex -9.699274e+00  2.433942e+00  2.200000e+01
     vertex -1.464321e+01  3.252150e+00  2.200000e+01
     vertex -1.454891e+01  3.650913e+00  2.200000e+01
   endloop
 endfacet
 facet normal -0.000000e+00  0.000000e+00 -1.000000e+00
   outer loop
     vertex -9.699274e+00  2.433942e+00  2.200000e+01
     vertex -9.762138e+00  2.168100e+00  2.200000e+01
     vertex -1.464321e+01  3.252150e+00  2.200000e+01
   endloop
 endfacet
 facet normal  0.000000e+00  0.000000e+00 -1.000000e+00
   outer loop
     vertex -9.629173e+00  2.697968e+00  2.200000e+01
     vertex -1.454891e+01  3.650913e+00  2.200000e+01
     vertex -1.444376e+01  4.046952e+00  2.200000e+01
   endloop
 endfacet
 facet normal -0.000000e+00  0.000000e+00 -1.000000e+00
   outer loop
     vertex -9.629173e+00  2.697968e+00  2.200000e+01
     vertex -9.699274e+00  2.433942e+00  2.200000e+01
     vertex -1.454891e+01  3.650913e+00  2.200000e+01
   endloop
 endfacet
 facet normal  0.000000e+00  0.000000e+00 -1.000000e+00
   outer loop
     vertex -9.551886e+00  2.959980e+00  2.200000e+01
     vertex -1.444376e+01  4.046952e+00  2.200000e+01
     vertex -1.432783e+01  4.439970e+00  2.200000e+01
   endloop
 endfacet
 facet normal -0.000000e+00  0.000000e+00 -1.000000e+00
   outer loop
     vertex -9.551886e+00  2.959980e+00  2.200000e+01
     vertex -9.629173e+00  2.697968e+00  2.200000e+01
     vertex -1.444376e+01  4.046952e+00  2.200000e+01
   endloop
 endfacet
 facet normal  0.000000e+00  0.000000e+00 -1.000000e+00
   outer loop
     vertex -9.467470e+00  3.219783e+00  2.200000e+01
     vertex -1.432783e+01  4.439970e+00  2.200000e+01
     vertex -1.420121e+01  4.829675e+00  2.200000e+01
   endloop
 endfacet
 facet normal -0.000000e+00  0.000000e+00 -1.000000e+00
   outer loop
     vertex -9.467470e+00  3.219783e+00  2.200000e+01
     vertex -9.551886e+00  2.959980e+00  2.200000e+01
     vertex -1.432783e+01  4.439970e+00  2.200000e+01
   endloop
 endfacet
 facet normal  0.000000e+00  0.000000e+00 -1.000000e+00
   outer loop
     vertex -9.375990e+00  3.477184e+00  2.200000e+01
     vertex -1.420121e+01  4.829675e+00  2.200000e+01
     vertex -1.406399e+01  5.215776e+00  2.200000e+01
   endloop
 endfacet
 facet normal -0.000000e+00  0.000000e+00 -1.000000e+00
   outer loop
     vertex -9.375990e+00  3.477184e+00  2.200000e+01
     vertex -9.467470e+00  3.219783e+00  2.200000e+01
     vertex -1.420121e+01  4.829675e+00  2.200000e+01
   endloop
 endfacet
 facet normal  0.000000e+00  0.000000e+00 -1.000000e+00
   outer loop
     vertex -9.277513e+00  3.731990e+00  2.200000e+01
     vertex -1.391627e+01  5.597985e+00  2.200000e+01
     vertex -1.375817e+01  5.976016e+00  2.200000e+01
   endloop
 endfacet
 facet normal  0.000000e+00  0.000000e+00 -1.000000e+00
   outer loop
     vertex -9.277513e+00  3.731990e+00  2.200000e+01
     vertex -1.406399e+01  5.215776e+00  2.200000e+01
     vertex -1.391627e+01  5.597985e+00  2.200000e+01
   endloop
 endfacet
 facet normal -0.000000e+00  0.000000e+00 -1.000000e+00
   outer loop
     vertex -9.277513e+00  3.731990e+00  2.200000e+01
     vertex -9.375990e+00  3.477184e+00  2.200000e+01
     vertex -1.406399e+01  5.215776e+00  2.200000e+01
   endloop
 endfacet
 facet normal -0.000000e+00  0.000000e+00 -1.000000e+00
   outer loop
     vertex -9.172113e+00  3.984011e+00  2.200000e+01
     vertex -9.277513e+00  3.731990e+00  2.200000e+01
     vertex -1.375817e+01  5.976016e+00  2.200000e+01
   endloop
 endfacet
 facet normal -0.000000e+00  0.000000e+00 -1.000000e+00
   outer loop
     vertex -9.059868e+00  4.233059e+00  2.200000e+01
     vertex -9.172113e+00  3.984011e+00  2.200000e+01
     vertex -1.375817e+01  5.976016e+00  2.200000e+01
   endloop
 endfacet
 facet normal  0.000000e+00  0.000000e+00 -1.000000e+00
   outer loop
     vertex -9.059868e+00  4.233059e+00  2.200000e+01
     vertex -1.358980e+01  6.349588e+00  2.200000e+01
     vertex -1.341129e+01  6.718422e+00  2.200000e+01
   endloop
 endfacet
 facet normal  0.000000e+00  0.000000e+00 -1.000000e+00
   outer loop
     vertex -9.059868e+00  4.233059e+00  2.200000e+01
     vertex -1.375817e+01  5.976016e+00  2.200000e+01
     vertex -1.358980e+01  6.349588e+00  2.200000e+01
   endloop
 endfacet
 facet normal -0.000000e+00  0.000000e+00 -1.000000e+00
   outer loop
     vertex -8.940863e+00  4.478948e+00  2.200000e+01
     vertex -9.059868e+00  4.233059e+00  2.200000e+01
     vertex -1.341129e+01  6.718422e+00  2.200000e+01
   endloop
 endfacet
 facet normal -0.000000e+00  0.000000e+00 -1.000000e+00
   outer loop
     vertex -8.815185e+00  4.721495e+00  2.200000e+01
     vertex -8.940863e+00  4.478948e+00  2.200000e+01
     vertex -1.341129e+01  6.718422e+00  2.200000e+01
   endloop
 endfacet
 facet normal  0.000000e+00  0.000000e+00 -1.000000e+00
   outer loop
     vertex -8.815185e+00  4.721495e+00  2.200000e+01
     vertex -1.341129e+01  6.718422e+00  2.200000e+01
     vertex -1.322278e+01  7.082242e+00  2.200000e+01
   endloop
 endfacet
 facet normal -0.000000e+00  0.000000e+00 -1.000000e+00
   outer loop
     vertex -8.682929e+00  4.960518e+00  2.200000e+01
     vertex -8.815185e+00  4.721495e+00  2.200000e+01
     vertex -1.322278e+01  7.082242e+00  2.200000e+01
   endloop
 endfacet
 facet normal  0.000000e+00  0.000000e+00 -1.000000e+00
   outer loop
     vertex -8.682929e+00  4.960518e+00  2.200000e+01
     vertex -1.302439e+01  7.440777e+00  2.200000e+01
     vertex -1.281629e+01  7.793759e+00  2.200000e+01
   endloop
 endfacet
 facet normal  0.000000e+00  0.000000e+00 -1.000000e+00
   outer loop
     vertex -8.682929e+00  4.960518e+00  2.200000e+01
     vertex -1.322278e+01  7.082242e+00  2.200000e+01
     vertex -1.302439e+01  7.440777e+00  2.200000e+01
   endloop
 endfacet
 facet normal -0.000000e+00  0.000000e+00 -1.000000e+00
   outer loop
     vertex -8.544194e+00  5.195840e+00  2.200000e+01
     vertex -8.682929e+00  4.960518e+00  2.200000e+01
     vertex -1.281629e+01  7.793759e+00  2.200000e+01
   endloop
 endfacet
 facet normal -0.000000e+00  0.000000e+00 -1.000000e+00
   outer loop
     vertex -8.399083e+00  5.427284e+00  2.200000e+01
     vertex -8.544194e+00  5.195840e+00  2.200000e+01
     vertex -1.281629e+01  7.793759e+00  2.200000e+01
   endloop
 endfacet
 facet normal -4.103958e-15 -7.660354e-15 -1.000000e+00
   outer loop
     vertex -8.399083e+00  5.427284e+00  2.200000e+01
     vertex -1.281629e+01  7.793759e+00  2.200000e+01
     vertex -1.259862e+01  8.140926e+00  2.200000e+01
   endloop
 endfacet
 facet normal  5.915230e-16 -3.937838e-16 -1.000000e+00
   outer loop
     vertex -8.247704e+00  5.654678e+00  2.200000e+01
     vertex -8.399083e+00  5.427284e+00  2.200000e+01
     vertex -1.259862e+01  8.140926e+00  2.200000e+01
   endloop
 endfacet
 facet normal  5.915230e-16 -3.937838e-16 -1.000000e+00
   outer loop
     vertex -8.247704e+00  5.654678e+00  2.200000e+01
     vertex -1.259862e+01  8.140926e+00  2.200000e+01
     vertex -1.237156e+01  8.482017e+00  2.200000e+01
   endloop
 endfacet
 facet normal  5.805462e-16 -4.097942e-16 -1.000000e+00
   outer loop
     vertex -8.090170e+00  5.877853e+00  2.200000e+01
     vertex -8.247704e+00  5.654678e+00  2.200000e+01
     vertex -1.237156e+01  8.482017e+00  2.200000e+01
   endloop
 endfacet
 facet normal  5.805462e-16 -4.097942e-16 -1.000000e+00
   outer loop
     vertex -8.090170e+00  5.877853e+00  2.200000e+01
     vertex -1.237156e+01  8.482017e+00  2.200000e+01
     vertex -1.213525e+01  8.816779e+00  2.200000e+01
   endloop
 endfacet
 facet normal  5.691361e-16 -4.254988e-16 -1.000000e+00
   outer loop
     vertex -7.926599e+00  6.096641e+00  2.200000e+01
     vertex -8.090170e+00  5.877853e+00  2.200000e+01
     vertex -1.213525e+01  8.816779e+00  2.200000e+01
   endloop
 endfacet
 facet normal  5.691361e-16 -4.254988e-16 -1.000000e+00
   outer loop
     vertex -7.926599e+00  6.096641e+00  2.200000e+01
     vertex -1.213525e+01  8.816779e+00  2.200000e+01
     vertex -1.188990e+01  9.144961e+00  2.200000e+01
   endloop
 endfacet
 facet normal  5.573013e-16 -4.408859e-16 -1.000000e+00
   outer loop
     vertex -7.757113e+00  6.310879e+00  2.200000e+01
     vertex -7.926599e+00  6.096641e+00  2.200000e+01
     vertex -1.188990e+01  9.144961e+00  2.200000e+01
   endloop
 endfacet
 facet normal  5.573013e-16 -4.408859e-16 -1.000000e+00
   outer loop
     vertex -7.757113e+00  6.310879e+00  2.200000e+01
     vertex -1.188990e+01  9.144961e+00  2.200000e+01
     vertex -1.163567e+01  9.466319e+00  2.200000e+01
   endloop
 endfacet
 facet normal  5.450507e-16 -4.559440e-16 -1.000000e+00
   outer loop
     vertex -7.581838e+00  6.520409e+00  2.200000e+01
     vertex -7.757113e+00  6.310879e+00  2.200000e+01
     vertex -1.163567e+01  9.466319e+00  2.200000e+01
   endloop
 endfacet
 facet normal  5.450507e-16 -4.559440e-16 -1.000000e+00
   outer loop
     vertex -7.581838e+00  6.520409e+00  2.200000e+01
     vertex -1.163567e+01  9.466319e+00  2.200000e+01
     vertex -1.137276e+01  9.780613e+00  2.200000e+01
   endloop
 endfacet
 facet normal  5.323933e-16 -4.706618e-16 -1.000000e+00
   outer loop
     vertex -7.400906e+00  6.725072e+00  2.200000e+01
     vertex -7.581838e+00  6.520409e+00  2.200000e+01
     vertex -1.137276e+01  9.780613e+00  2.200000e+01
   endloop
 endfacet
 facet normal  5.323933e-16 -4.706618e-16 -1.000000e+00
   outer loop
     vertex -7.400906e+00  6.725072e+00  2.200000e+01
     vertex -1.137276e+01  9.780613e+00  2.200000e+01
     vertex -1.110136e+01  1.008761e+01  2.200000e+01
   endloop
 endfacet
 facet normal  5.193386e-16 -4.850284e-16 -1.000000e+00
   outer loop
     vertex -7.214450e+00  6.924717e+00  2.200000e+01
     vertex -7.400906e+00  6.725072e+00  2.200000e+01
     vertex -1.110136e+01  1.008761e+01  2.200000e+01
   endloop
 endfacet
 facet normal  5.193386e-16 -4.850284e-16 -1.000000e+00
   outer loop
     vertex -7.214450e+00  6.924717e+00  2.200000e+01
     vertex -1.110136e+01  1.008761e+01  2.200000e+01
     vertex -1.082168e+01  1.038708e+01  2.200000e+01
   endloop
 endfacet
 facet normal  5.058964e-16 -4.990331e-16 -1.000000e+00
   outer loop
     vertex -7.022611e+00  7.119195e+00  2.200000e+01
     vertex -7.214450e+00  6.924717e+00  2.200000e+01
     vertex -1.082168e+01  1.038708e+01  2.200000e+01
   endloop
 endfacet
 facet normal  5.058964e-16 -4.990331e-16 -1.000000e+00
   outer loop
     vertex -1.053392e+01  1.067879e+01  2.200000e+01
     vertex -7.022611e+00  7.119195e+00  2.200000e+01
     vertex -1.082168e+01  1.038708e+01  2.200000e+01
   endloop
 endfacet
 facet normal  4.920767e-16 -5.126653e-16 -1.000000e+00
   outer loop
     vertex -1.023830e+01  1.096254e+01  2.200000e+01
     vertex -6.825531e+00  7.308360e+00  2.200000e+01
     vertex -7.022611e+00  7.119195e+00  2.200000e+01
   endloop
 endfacet
 facet normal  4.920767e-16 -5.126653e-16 -1.000000e+00
   outer loop
     vertex -1.023830e+01  1.096254e+01  2.200000e+01
     vertex -7.022611e+00  7.119195e+00  2.200000e+01
     vertex -1.053392e+01  1.067879e+01  2.200000e+01
   endloop
 endfacet
 facet normal  4.778897e-16 -5.259150e-16 -1.000000e+00
   outer loop
     vertex -9.935037e+00  1.123811e+01  2.200000e+01
     vertex -6.825531e+00  7.308360e+00  2.200000e+01
     vertex -1.023830e+01  1.096254e+01  2.200000e+01
   endloop
 endfacet
 facet normal  4.778897e-16 -5.259150e-16 -1.000000e+00
   outer loop
     vertex -9.935037e+00  1.123811e+01  2.200000e+01
     vertex -6.623358e+00  7.492071e+00  2.200000e+01
     vertex -6.825531e+00  7.308360e+00  2.200000e+01
   endloop
 endfacet
 facet normal  4.633461e-16 -5.387723e-16 -1.000000e+00
   outer loop
     vertex -9.624364e+00  1.150529e+01  2.200000e+01
     vertex -6.623358e+00  7.492071e+00  2.200000e+01
     vertex -9.935037e+00  1.123811e+01  2.200000e+01
   endloop
 endfacet
 facet normal  4.484568e-16 -5.512274e-16 -1.000000e+00
   outer loop
     vertex -9.624364e+00  1.150529e+01  2.200000e+01
     vertex -6.204339e+00  7.842588e+00  2.200000e+01
     vertex -6.416243e+00  7.670191e+00  2.200000e+01
   endloop
 endfacet
 facet normal  4.633461e-16 -5.387723e-16 -1.000000e+00
   outer loop
     vertex -9.624364e+00  1.150529e+01  2.200000e+01
     vertex -6.416243e+00  7.670191e+00  2.200000e+01
     vertex -6.623358e+00  7.492071e+00  2.200000e+01
   endloop
 endfacet
 facet normal  4.484568e-16 -5.512274e-16 -1.000000e+00
   outer loop
     vertex -9.306508e+00  1.176388e+01  2.200000e+01
     vertex -6.204339e+00  7.842588e+00  2.200000e+01
     vertex -9.624364e+00  1.150529e+01  2.200000e+01
   endloop
 endfacet
 facet normal -9.767270e-15 -8.632977e-15 -1.000000e+00
   outer loop
     vertex -9.306508e+00  1.176388e+01  2.200000e+01
     vertex -5.987805e+00  8.009132e+00  2.200000e+01
     vertex -6.204339e+00  7.842588e+00  2.200000e+01
   endloop
 endfacet
 facet normal  0.000000e+00 -0.000000e+00 -1.000000e+00
   outer loop
     vertex -8.981708e+00  1.201370e+01  2.200000e+01
     vertex -5.987805e+00  8.009132e+00  2.200000e+01
     vertex -9.306508e+00  1.176388e+01  2.200000e+01
   endloop
 endfacet
 facet normal  0.000000e+00 -0.000000e+00 -1.000000e+00
   outer loop
     vertex -8.650205e+00  1.225455e+01  2.200000e+01
     vertex -5.987805e+00  8.009132e+00  2.200000e+01
     vertex -8.981708e+00  1.201370e+01  2.200000e+01
   endloop
 endfacet
 facet normal  0.000000e+00  0.000000e+00 -1.000000e+00
   outer loop
     vertex -8.650205e+00  1.225455e+01  2.200000e+01
     vertex -5.766803e+00  8.169699e+00  2.200000e+01
     vertex -5.987805e+00  8.009132e+00  2.200000e+01
   endloop
 endfacet
 facet normal  0.000000e+00 -0.000000e+00 -1.000000e+00
   outer loop
     vertex -8.312247e+00  1.248625e+01  2.200000e+01
     vertex -5.766803e+00  8.169699e+00  2.200000e+01
     vertex -8.650205e+00  1.225455e+01  2.200000e+01
   endloop
 endfacet
 facet normal  0.000000e+00  0.000000e+00 -1.000000e+00
   outer loop
     vertex -8.312247e+00  1.248625e+01  2.200000e+01
     vertex -5.541498e+00  8.324170e+00  2.200000e+01
     vertex -5.766803e+00  8.169699e+00  2.200000e+01
   endloop
 endfacet
 facet normal  0.000000e+00 -0.000000e+00 -1.000000e+00
   outer loop
     vertex -7.968086e+00  1.270864e+01  2.200000e+01
     vertex -5.541498e+00  8.324170e+00  2.200000e+01
     vertex -8.312247e+00  1.248625e+01  2.200000e+01
   endloop
 endfacet
 facet normal  0.000000e+00  0.000000e+00 -1.000000e+00
   outer loop
     vertex -7.968086e+00  1.270864e+01  2.200000e+01
     vertex -5.312057e+00  8.472429e+00  2.200000e+01
     vertex -5.541498e+00  8.324170e+00  2.200000e+01
   endloop
 endfacet
 facet normal  0.000000e+00  0.000000e+00 -1.000000e+00
   outer loop
     vertex -7.617979e+00  1.292155e+01  2.200000e+01
     vertex -4.841458e+00  8.749873e+00  2.200000e+01
     vertex -5.078652e+00  8.614365e+00  2.200000e+01
   endloop
 endfacet
 facet normal  0.000000e+00  0.000000e+00 -1.000000e+00
   outer loop
     vertex -7.617979e+00  1.292155e+01  2.200000e+01
     vertex -5.078652e+00  8.614365e+00  2.200000e+01
     vertex -5.312057e+00  8.472429e+00  2.200000e+01
   endloop
 endfacet
 facet normal  0.000000e+00 -0.000000e+00 -1.000000e+00
   outer loop
     vertex -7.617979e+00  1.292155e+01  2.200000e+01
     vertex -5.312057e+00  8.472429e+00  2.200000e+01
     vertex -7.968086e+00  1.270864e+01  2.200000e+01
   endloop
 endfacet
 facet normal  0.000000e+00 -0.000000e+00 -1.000000e+00
   outer loop
     vertex -7.262187e+00  1.312481e+01  2.200000e+01
     vertex -4.841458e+00  8.749873e+00  2.200000e+01
     vertex -7.617979e+00  1.292155e+01  2.200000e+01
   endloop
 endfacet
 facet normal  0.000000e+00 -0.000000e+00 -1.000000e+00
   outer loop
     vertex -6.900976e+00  1.331828e+01  2.200000e+01
     vertex -4.841458e+00  8.749873e+00  2.200000e+01
     vertex -7.262187e+00  1.312481e+01  2.200000e+01
   endloop
 endfacet
 facet normal  0.000000e+00  0.000000e+00 -1.000000e+00
   outer loop
     vertex -6.900976e+00  1.331828e+01  2.200000e+01
     vertex -4.600650e+00  8.878852e+00  2.200000e+01
     vertex -4.841458e+00  8.749873e+00  2.200000e+01
   endloop
 endfacet
 facet normal  0.000000e+00 -0.000000e+00 -1.000000e+00
   outer loop
     vertex -6.534615e+00  1.350181e+01  2.200000e+01
     vertex -4.600650e+00  8.878852e+00  2.200000e+01
     vertex -6.900976e+00  1.331828e+01  2.200000e+01
   endloop
 endfacet
 facet normal  0.000000e+00  0.000000e+00 -1.000000e+00
   outer loop
     vertex -6.534615e+00  1.350181e+01  2.200000e+01
     vertex -4.356410e+00  9.001205e+00  2.200000e+01
     vertex -4.600650e+00  8.878852e+00  2.200000e+01
   endloop
 endfacet
 facet normal  0.000000e+00 -0.000000e+00 -1.000000e+00
   outer loop
     vertex -6.163377e+00  1.367526e+01  2.200000e+01
     vertex -4.356410e+00  9.001205e+00  2.200000e+01
     vertex -6.534615e+00  1.350181e+01  2.200000e+01
   endloop
 endfacet
 facet normal  0.000000e+00  0.000000e+00 -1.000000e+00
   outer loop
     vertex -6.163377e+00  1.367526e+01  2.200000e+01
     vertex -4.108918e+00  9.116841e+00  2.200000e+01
     vertex -4.356410e+00  9.001205e+00  2.200000e+01
   endloop
 endfacet
 facet normal  0.000000e+00 -0.000000e+00 -1.000000e+00
   outer loop
     vertex -5.787541e+00  1.383851e+01  2.200000e+01
     vertex -4.108918e+00  9.116841e+00  2.200000e+01
     vertex -6.163377e+00  1.367526e+01  2.200000e+01
   endloop
 endfacet
 facet normal  0.000000e+00  0.000000e+00 -1.000000e+00
   outer loop
     vertex -5.787541e+00  1.383851e+01  2.200000e+01
     vertex -3.604923e+00  9.327622e+00  2.200000e+01
     vertex -3.858360e+00  9.225674e+00  2.200000e+01
   endloop
 endfacet
 facet normal  0.000000e+00  0.000000e+00 -1.000000e+00
   outer loop
     vertex -5.787541e+00  1.383851e+01  2.200000e+01
     vertex -3.858360e+00  9.225674e+00  2.200000e+01
     vertex -4.108918e+00  9.116841e+00  2.200000e+01
   endloop
 endfacet
 facet normal  0.000000e+00 -0.000000e+00 -1.000000e+00
   outer loop
     vertex -5.407385e+00  1.399143e+01  2.200000e+01
     vertex -3.604923e+00  9.327622e+00  2.200000e+01
     vertex -5.787541e+00  1.383851e+01  2.200000e+01
   endloop
 endfacet
 facet normal  0.000000e+00  0.000000e+00 -1.000000e+00
   outer loop
     vertex -5.407385e+00  1.399143e+01  2.200000e+01
     vertex -3.348796e+00  9.422609e+00  2.200000e+01
     vertex -3.604923e+00  9.327622e+00  2.200000e+01
   endloop
 endfacet
 facet normal  0.000000e+00 -0.000000e+00 -1.000000e+00
   outer loop
     vertex -5.023194e+00  1.413391e+01  2.200000e+01
     vertex -3.348796e+00  9.422609e+00  2.200000e+01
     vertex -5.407385e+00  1.399143e+01  2.200000e+01
   endloop
 endfacet
 facet normal  0.000000e+00  0.000000e+00 -1.000000e+00
   outer loop
     vertex -5.023194e+00  1.413391e+01  2.200000e+01
     vertex -3.090170e+00  9.510565e+00  2.200000e+01
     vertex -3.348796e+00  9.422609e+00  2.200000e+01
   endloop
 endfacet
 facet normal  0.000000e+00 -0.000000e+00 -1.000000e+00
   outer loop
     vertex -4.635255e+00  1.426585e+01  2.200000e+01
     vertex -3.090170e+00  9.510565e+00  2.200000e+01
     vertex -5.023194e+00  1.413391e+01  2.200000e+01
   endloop
 endfacet
 facet normal  0.000000e+00 -0.000000e+00 -1.000000e+00
   outer loop
     vertex -4.243857e+00  1.438714e+01  2.200000e+01
     vertex -3.090170e+00  9.510565e+00  2.200000e+01
     vertex -4.635255e+00  1.426585e+01  2.200000e+01
   endloop
 endfacet
 facet normal  0.000000e+00  0.000000e+00 -1.000000e+00
   outer loop
     vertex -4.243857e+00  1.438714e+01  2.200000e+01
     vertex -2.829238e+00  9.591424e+00  2.200000e+01
     vertex -3.090170e+00  9.510565e+00  2.200000e+01
   endloop
 endfacet
 facet normal  0.000000e+00 -0.000000e+00 -1.000000e+00
   outer loop
     vertex -3.849291e+00  1.449769e+01  2.200000e+01
     vertex -2.829238e+00  9.591424e+00  2.200000e+01
     vertex -4.243857e+00  1.438714e+01  2.200000e+01
   endloop
 endfacet
 facet normal  0.000000e+00  0.000000e+00 -1.000000e+00
   outer loop
     vertex -3.849291e+00  1.449769e+01  2.200000e+01
     vertex -2.566194e+00  9.665125e+00  2.200000e+01
     vertex -2.829238e+00  9.591424e+00  2.200000e+01
   endloop
 endfacet
 facet normal  0.000000e+00 -0.000000e+00 -1.000000e+00
   outer loop
     vertex -3.451854e+00  1.459742e+01  2.200000e+01
     vertex -2.566194e+00  9.665125e+00  2.200000e+01
     vertex -3.849291e+00  1.449769e+01  2.200000e+01
   endloop
 endfacet
 facet normal  0.000000e+00  0.000000e+00 -1.000000e+00
   outer loop
     vertex -3.451854e+00  1.459742e+01  2.200000e+01
     vertex -2.034560e+00  9.790841e+00  2.200000e+01
     vertex -2.301236e+00  9.731614e+00  2.200000e+01
   endloop
 endfacet
 facet normal  0.000000e+00  0.000000e+00 -1.000000e+00
   outer loop
     vertex -3.451854e+00  1.459742e+01  2.200000e+01
     vertex -2.301236e+00  9.731614e+00  2.200000e+01
     vertex -2.566194e+00  9.665125e+00  2.200000e+01
   endloop
 endfacet
 facet normal  0.000000e+00 -0.000000e+00 -1.000000e+00
   outer loop
     vertex -3.051840e+00  1.468626e+01  2.200000e+01
     vertex -2.034560e+00  9.790841e+00  2.200000e+01
     vertex -3.451854e+00  1.459742e+01  2.200000e+01
   endloop
 endfacet
 facet normal  0.000000e+00 -0.000000e+00 -1.000000e+00
   outer loop
     vertex -2.649549e+00  1.476414e+01  2.200000e+01
     vertex -2.034560e+00  9.790841e+00  2.200000e+01
     vertex -3.051840e+00  1.468626e+01  2.200000e+01
   endloop
 endfacet
 facet normal  0.000000e+00  0.000000e+00 -1.000000e+00
   outer loop
     vertex -2.649549e+00  1.476414e+01  2.200000e+01
     vertex -1.766366e+00  9.842761e+00  2.200000e+01
     vertex -2.034560e+00  9.790841e+00  2.200000e+01
   endloop
 endfacet
 facet normal  0.000000e+00  0.000000e+00 -1.000000e+00
   outer loop
     vertex -2.245281e+00  1.483101e+01  2.200000e+01
     vertex -1.496854e+00  9.887337e+00  2.200000e+01
     vertex -1.766366e+00  9.842761e+00  2.200000e+01
   endloop
 endfacet
 facet normal  0.000000e+00 -0.000000e+00 -1.000000e+00
   outer loop
     vertex -2.245281e+00  1.483101e+01  2.200000e+01
     vertex -1.766366e+00  9.842761e+00  2.200000e+01
     vertex -2.649549e+00  1.476414e+01  2.200000e+01
   endloop
 endfacet
 facet normal  0.000000e+00  0.000000e+00 -1.000000e+00
   outer loop
     vertex -1.839337e+00  1.488680e+01  2.200000e+01
     vertex -9.546807e-01  9.954325e+00  2.200000e+01
     vertex -1.226225e+00  9.924534e+00  2.200000e+01
   endloop
 endfacet
 facet normal  0.000000e+00  0.000000e+00 -1.000000e+00
   outer loop
     vertex -1.839337e+00  1.488680e+01  2.200000e+01
     vertex -1.226225e+00  9.924534e+00  2.200000e+01
     vertex -1.496854e+00  9.887337e+00  2.200000e+01
   endloop
 endfacet
 facet normal  0.000000e+00 -0.000000e+00 -1.000000e+00
   outer loop
     vertex -1.839337e+00  1.488680e+01  2.200000e+01
     vertex -1.496854e+00  9.887337e+00  2.200000e+01
     vertex -2.245281e+00  1.483101e+01  2.200000e+01
   endloop
 endfacet
 facet normal  0.000000e+00 -0.000000e+00 -1.000000e+00
   outer loop
     vertex -1.432021e+00  1.493149e+01  2.200000e+01
     vertex -9.546807e-01  9.954325e+00  2.200000e+01
     vertex -1.839337e+00  1.488680e+01  2.200000e+01
   endloop
 endfacet
 facet normal  0.000000e+00 -0.000000e+00 -1.000000e+00
   outer loop
     vertex -1.023636e+00  1.496503e+01  2.200000e+01
     vertex -9.546807e-01  9.954325e+00  2.200000e+01
     vertex -1.432021e+00  1.493149e+01  2.200000e+01
   endloop
 endfacet
 facet normal  0.000000e+00  0.000000e+00 -1.000000e+00
   outer loop
     vertex -1.023636e+00  1.496503e+01  2.200000e+01
     vertex -4.096583e-01  9.991605e+00  2.200000e+01
     vertex -6.824241e-01  9.976688e+00  2.200000e+01
   endloop
 endfacet
 facet normal  0.000000e+00  0.000000e+00 -1.000000e+00
   outer loop
     vertex -1.023636e+00  1.496503e+01  2.200000e+01
     vertex -6.824241e-01  9.976688e+00  2.200000e+01
     vertex -9.546807e-01  9.954325e+00  2.200000e+01
   endloop
 endfacet
 facet normal  0.000000e+00 -0.000000e+00 -1.000000e+00
   outer loop
     vertex -6.144874e-01  1.498741e+01  2.200000e+01
     vertex -4.096583e-01  9.991605e+00  2.200000e+01
     vertex -1.023636e+00  1.496503e+01  2.200000e+01
   endloop
 endfacet
 facet normal  0.000000e+00  0.000000e+00 -1.000000e+00
   outer loop
     vertex -2.048801e-01  1.499860e+01  2.200000e+01
     vertex -4.096583e-01  9.991605e+00  2.200000e+01
     vertex -6.144874e-01  1.498741e+01  2.200000e+01
   endloop
 endfacet
 facet normal  0.000000e+00  0.000000e+00 -1.000000e+00
   outer loop
     vertex -2.048801e-01  1.499860e+01  2.200000e+01
     vertex  1.365867e-01  9.999067e+00  2.200000e+01
     vertex -1.365867e-01  9.999067e+00  2.200000e+01
   endloop
 endfacet
 facet normal  0.000000e+00 -0.000000e+00 -1.000000e+00
   outer loop
     vertex -2.048801e-01  1.499860e+01  2.200000e+01
     vertex -1.365867e-01  9.999067e+00  2.200000e+01
     vertex -4.096583e-01  9.991605e+00  2.200000e+01
   endloop
 endfacet
 facet normal  0.000000e+00  0.000000e+00 -1.000000e+00
   outer loop
     vertex  1.500000e+01  4.884981e-15  2.200000e+01
     vertex  1.000000e+01  4.884981e-15  2.200000e+01
     vertex  9.996269e+00  2.731480e-01  2.200000e+01
   endloop
 endfacet
 facet normal  0.000000e+00  0.000000e+00 -1.000000e+00
   outer loop
     vertex  2.048801e-01  1.499860e+01  2.200000e+01
     vertex  1.365867e-01  9.999067e+00  2.200000e+01
     vertex -2.048801e-01  1.499860e+01  2.200000e+01
   endloop
 endfacet
 facet normal  0.000000e+00 -0.000000e+00 -1.000000e+00
   outer loop
     vertex  1.499440e+01  4.097220e-01  2.200000e+01
     vertex  1.500000e+01  4.884981e-15  2.200000e+01
     vertex  9.996269e+00  2.731480e-01  2.200000e+01
   endloop
 endfacet
 facet normal  0.000000e+00 -0.000000e+00 -1.000000e+00
   outer loop
     vertex  6.144874e-01  1.498741e+01  2.200000e+01
     vertex  6.824241e-01  9.976688e+00  2.200000e+01
     vertex  4.096583e-01  9.991605e+00  2.200000e+01
   endloop
 endfacet
 facet normal  0.000000e+00  0.000000e+00 -1.000000e+00
   outer loop
     vertex  6.144874e-01  1.498741e+01  2.200000e+01
     vertex  4.096583e-01  9.991605e+00  2.200000e+01
     vertex  1.365867e-01  9.999067e+00  2.200000e+01
   endloop
 endfacet
 facet normal -0.000000e+00  0.000000e+00 -1.000000e+00
   outer loop
     vertex  6.144874e-01  1.498741e+01  2.200000e+01
     vertex  1.365867e-01  9.999067e+00  2.200000e+01
     vertex  2.048801e-01  1.499860e+01  2.200000e+01
   endloop
 endfacet
 facet normal  0.000000e+00  0.000000e+00 -1.000000e+00
   outer loop
     vertex  1.497762e+01  8.191382e-01  2.200000e+01
     vertex  9.996269e+00  2.731480e-01  2.200000e+01
     vertex  9.985078e+00  5.460922e-01  2.200000e+01
   endloop
 endfacet
 facet normal  0.000000e+00  0.000000e+00 -1.000000e+00
   outer loop
     vertex  1.497762e+01  8.191382e-01  2.200000e+01
     vertex  9.985078e+00  5.460922e-01  2.200000e+01
     vertex  9.966436e+00  8.186288e-01  2.200000e+01
   endloop
 endfacet
 facet normal  0.000000e+00 -0.000000e+00 -1.000000e+00
   outer loop
     vertex  1.497762e+01  8.191382e-01  2.200000e+01
     vertex  1.499440e+01  4.097220e-01  2.200000e+01
     vertex  9.996269e+00  2.731480e-01  2.200000e+01
   endloop
 endfacet
 facet normal -0.000000e+00  0.000000e+00 -1.000000e+00
   outer loop
     vertex  1.023636e+00  1.496503e+01  2.200000e+01
     vertex  6.824241e-01  9.976688e+00  2.200000e+01
     vertex  6.144874e-01  1.498741e+01  2.200000e+01
   endloop
 endfacet
 facet normal  0.000000e+00  0.000000e+00 -1.000000e+00
   outer loop
     vertex  1.023636e+00  1.496503e+01  2.200000e+01
     vertex  9.546807e-01  9.954325e+00  2.200000e+01
     vertex  6.824241e-01  9.976688e+00  2.200000e+01
   endloop
 endfacet
 facet normal  0.000000e+00 -0.000000e+00 -1.000000e+00
   outer loop
     vertex  1.494965e+01  1.227943e+00  2.200000e+01
     vertex  1.497762e+01  8.191382e-01  2.200000e+01
     vertex  9.966436e+00  8.186288e-01  2.200000e+01
   endloop
 endfacet
 facet normal  0.000000e+00  0.000000e+00 -1.000000e+00
   outer loop
     vertex  1.432021e+00  1.493149e+01  2.200000e+01
     vertex  1.226225e+00  9.924534e+00  2.200000e+01
     vertex  9.546807e-01  9.954325e+00  2.200000e+01
   endloop
 endfacet
 facet normal -0.000000e+00  0.000000e+00 -1.000000e+00
   outer loop
     vertex  1.432021e+00  1.493149e+01  2.200000e+01
     vertex  9.546807e-01  9.954325e+00  2.200000e+01
     vertex  1.023636e+00  1.496503e+01  2.200000e+01
   endloop
 endfacet
 facet normal  0.000000e+00  0.000000e+00 -1.000000e+00
   outer loop
     vertex  1.491054e+01  1.635832e+00  2.200000e+01
     vertex  9.966436e+00  8.186288e-01  2.200000e+01
     vertex  9.940357e+00  1.090555e+00  2.200000e+01
   endloop
 endfacet
 facet normal  0.000000e+00  0.000000e+00 -1.000000e+00
   outer loop
     vertex  1.491054e+01  1.635832e+00  2.200000e+01
     vertex  9.940357e+00  1.090555e+00  2.200000e+01
     vertex  9.906859e+00  1.361666e+00  2.200000e+01
   endloop
 endfacet
 facet normal  0.000000e+00 -0.000000e+00 -1.000000e+00
   outer loop
     vertex  1.491054e+01  1.635832e+00  2.200000e+01
     vertex  1.494965e+01  1.227943e+00  2.200000e+01
     vertex  9.966436e+00  8.186288e-01  2.200000e+01
   endloop
 endfacet
 facet normal -0.000000e+00  0.000000e+00 -1.000000e+00
   outer loop
     vertex  1.839337e+00  1.488680e+01  2.200000e+01
     vertex  1.226225e+00  9.924534e+00  2.200000e+01
     vertex  1.432021e+00  1.493149e+01  2.200000e+01
   endloop
 endfacet
 facet normal  0.000000e+00  0.000000e+00 -1.000000e+00
   outer loop
     vertex  1.486029e+01  2.042500e+00  2.200000e+01
     vertex  9.906859e+00  1.361666e+00  2.200000e+01
     vertex  9.865969e+00  1.631762e+00  2.200000e+01
   endloop
 endfacet
 facet normal  0.000000e+00 -0.000000e+00 -1.000000e+00
   outer loop
     vertex  1.486029e+01  2.042500e+00  2.200000e+01
     vertex  1.491054e+01  1.635832e+00  2.200000e+01
     vertex  9.906859e+00  1.361666e+00  2.200000e+01
   endloop
 endfacet
 facet normal  0.000000e+00  0.000000e+00 -1.000000e+00
   outer loop
     vertex  2.245281e+00  1.483101e+01  2.200000e+01
     vertex  1.766366e+00  9.842761e+00  2.200000e+01
     vertex  1.496854e+00  9.887337e+00  2.200000e+01
   endloop
 endfacet
 facet normal  0.000000e+00  0.000000e+00 -1.000000e+00
   outer loop
     vertex  2.245281e+00  1.483101e+01  2.200000e+01
     vertex  1.496854e+00  9.887337e+00  2.200000e+01
     vertex  1.226225e+00  9.924534e+00  2.200000e+01
   endloop
 endfacet
 facet normal -0.000000e+00  0.000000e+00 -1.000000e+00
   outer loop
     vertex  2.245281e+00  1.483101e+01  2.200000e+01
     vertex  1.226225e+00  9.924534e+00  2.200000e+01
     vertex  1.839337e+00  1.488680e+01  2.200000e+01
   endloop
 endfacet
 facet normal  0.000000e+00  0.000000e+00 -1.000000e+00
   outer loop
     vertex  1.479895e+01  2.447643e+00  2.200000e+01
     vertex  9.865969e+00  1.631762e+00  2.200000e+01
     vertex  9.817717e+00  1.900640e+00  2.200000e+01
   endloop
 endfacet
 facet normal  0.000000e+00 -0.000000e+00 -1.000000e+00
   outer loop
     vertex  1.479895e+01  2.447643e+00  2.200000e+01
     vertex  1.486029e+01  2.042500e+00  2.200000e+01
     vertex  9.865969e+00  1.631762e+00  2.200000e+01
   endloop
 endfacet
 facet normal -0.000000e+00  0.000000e+00 -1.000000e+00
   outer loop
     vertex  2.649549e+00  1.476414e+01  2.200000e+01
     vertex  1.766366e+00  9.842761e+00  2.200000e+01
     vertex  2.245281e+00  1.483101e+01  2.200000e+01
   endloop
 endfacet
 facet normal  0.000000e+00 -0.000000e+00 -1.000000e+00
   outer loop
     vertex  1.472658e+01  2.850961e+00  2.200000e+01
     vertex  1.479895e+01  2.447643e+00  2.200000e+01
     vertex  9.817717e+00  1.900640e+00  2.200000e+01
   endloop
 endfacet
 facet normal  0.000000e+00  0.000000e+00 -1.000000e+00
   outer loop
     vertex  1.472658e+01  2.850961e+00  2.200000e+01
     vertex  9.817717e+00  1.900640e+00  2.200000e+01
     vertex  9.762138e+00  2.168100e+00  2.200000e+01
   endloop
 endfacet
 facet normal -0.000000e+00  0.000000e+00 -1.000000e+00
   outer loop
     vertex  3.051840e+00  1.468626e+01  2.200000e+01
     vertex  1.766366e+00  9.842761e+00  2.200000e+01
     vertex  2.649549e+00  1.476414e+01  2.200000e+01
   endloop
 endfacet
 facet normal  0.000000e+00  0.000000e+00 -1.000000e+00
   outer loop
     vertex  3.051840e+00  1.468626e+01  2.200000e+01
     vertex  2.034560e+00  9.790841e+00  2.200000e+01
     vertex  1.766366e+00  9.842761e+00  2.200000e+01
   endloop
 endfacet
 facet normal  0.000000e+00 -0.000000e+00 -1.000000e+00
   outer loop
     vertex  1.464321e+01  3.252150e+00  2.200000e+01
     vertex  1.472658e+01  2.850961e+00  2.200000e+01
     vertex  9.762138e+00  2.168100e+00  2.200000e+01
   endloop
 endfacet
 facet normal -0.000000e+00  0.000000e+00 -1.000000e+00
   outer loop
     vertex  3.451854e+00  1.459742e+01  2.200000e+01
     vertex  2.034560e+00  9.790841e+00  2.200000e+01
     vertex  3.051840e+00  1.468626e+01  2.200000e+01
   endloop
 endfacet
 facet normal  0.000000e+00  0.000000e+00 -1.000000e+00
   outer loop
     vertex  3.451854e+00  1.459742e+01  2.200000e+01
     vertex  2.566194e+00  9.665125e+00  2.200000e+01
     vertex  2.301236e+00  9.731614e+00  2.200000e+01
   endloop
 endfacet
 facet normal  0.000000e+00  0.000000e+00 -1.000000e+00
   outer loop
     vertex  3.451854e+00  1.459742e+01  2.200000e+01
     vertex  2.301236e+00  9.731614e+00  2.200000e+01
     vertex  2.034560e+00  9.790841e+00  2.200000e+01
   endloop
 endfacet
 facet normal  0.000000e+00 -0.000000e+00 -1.000000e+00
   outer loop
     vertex  1.454891e+01  3.650913e+00  2.200000e+01
     vertex  1.464321e+01  3.252150e+00  2.200000e+01
     vertex  9.762138e+00  2.168100e+00  2.200000e+01
   endloop
 endfacet
 facet normal  0.000000e+00  0.000000e+00 -1.000000e+00
   outer loop
     vertex  1.454891e+01  3.650913e+00  2.200000e+01
     vertex  9.762138e+00  2.168100e+00  2.200000e+01
     vertex  9.699274e+00  2.433942e+00  2.200000e+01
   endloop
 endfacet
 facet normal  0.000000e+00  0.000000e+00 -1.000000e+00
   outer loop
     vertex  1.454891e+01  3.650913e+00  2.200000e+01
     vertex  9.699274e+00  2.433942e+00  2.200000e+01
     vertex  9.629173e+00  2.697968e+00  2.200000e+01
   endloop
 endfacet
 facet normal -0.000000e+00  0.000000e+00 -1.000000e+00
   outer loop
     vertex  3.849291e+00  1.449769e+01  2.200000e+01
     vertex  2.566194e+00  9.665125e+00  2.200000e+01
     vertex  3.451854e+00  1.459742e+01  2.200000e+01
   endloop
 endfacet
 facet normal  0.000000e+00 -0.000000e+00 -1.000000e+00
   outer loop
     vertex  1.444376e+01  4.046952e+00  2.200000e+01
     vertex  1.454891e+01  3.650913e+00  2.200000e+01
     vertex  9.629173e+00  2.697968e+00  2.200000e+01
   endloop
 endfacet
 facet normal -0.000000e+00  0.000000e+00 -1.000000e+00
   outer loop
     vertex  4.243857e+00  1.438714e+01  2.200000e+01
     vertex  2.566194e+00  9.665125e+00  2.200000e+01
     vertex  3.849291e+00  1.449769e+01  2.200000e+01
   endloop
 endfacet
 facet normal  0.000000e+00  0.000000e+00 -1.000000e+00
   outer loop
     vertex  4.243857e+00  1.438714e+01  2.200000e+01
     vertex  3.090170e+00  9.510565e+00  2.200000e+01
     vertex  2.829238e+00  9.591424e+00  2.200000e+01
   endloop
 endfacet
 facet normal  0.000000e+00  0.000000e+00 -1.000000e+00
   outer loop
     vertex  4.243857e+00  1.438714e+01  2.200000e+01
     vertex  2.829238e+00  9.591424e+00  2.200000e+01
     vertex  2.566194e+00  9.665125e+00  2.200000e+01
   endloop
 endfacet
 facet normal  0.000000e+00  0.000000e+00 -1.000000e+00
   outer loop
     vertex  1.432783e+01  4.439970e+00  2.200000e+01
     vertex  9.629173e+00  2.697968e+00  2.200000e+01
     vertex  9.551886e+00  2.959980e+00  2.200000e+01
   endloop
 endfacet
 facet normal  0.000000e+00  0.000000e+00 -1.000000e+00
   outer loop
     vertex  1.432783e+01  4.439970e+00  2.200000e+01
     vertex  9.551886e+00  2.959980e+00  2.200000e+01
     vertex  9.467470e+00  3.219783e+00  2.200000e+01
   endloop
 endfacet
 facet normal  0.000000e+00 -0.000000e+00 -1.000000e+00
   outer loop
     vertex  1.432783e+01  4.439970e+00  2.200000e+01
     vertex  1.444376e+01  4.046952e+00  2.200000e+01
     vertex  9.629173e+00  2.697968e+00  2.200000e+01
   endloop
 endfacet
 facet normal -0.000000e+00  0.000000e+00 -1.000000e+00
   outer loop
     vertex  4.635255e+00  1.426585e+01  2.200000e+01
     vertex  3.090170e+00  9.510565e+00  2.200000e+01
     vertex  4.243857e+00  1.438714e+01  2.200000e+01
   endloop
 endfacet
 facet normal  0.000000e+00 -0.000000e+00 -1.000000e+00
   outer loop
     vertex  1.420121e+01  4.829675e+00  2.200000e+01
     vertex  1.432783e+01  4.439970e+00  2.200000e+01
     vertex  9.467470e+00  3.219783e+00  2.200000e+01
   endloop
 endfacet
 facet normal  0.000000e+00  0.000000e+00 -1.000000e+00
   outer loop
     vertex  5.023194e+00  1.413391e+01  2.200000e+01
     vertex  3.348796e+00  9.422609e+00  2.200000e+01
     vertex  3.090170e+00  9.510565e+00  2.200000e+01
   endloop
 endfacet
 facet normal -0.000000e+00  0.000000e+00 -1.000000e+00
   outer loop
     vertex  5.023194e+00  1.413391e+01  2.200000e+01
     vertex  3.090170e+00  9.510565e+00  2.200000e+01
     vertex  4.635255e+00  1.426585e+01  2.200000e+01
   endloop
 endfacet
 facet normal  0.000000e+00 -0.000000e+00 -1.000000e+00
   outer loop
     vertex  1.406399e+01  5.215776e+00  2.200000e+01
     vertex  1.420121e+01  4.829675e+00  2.200000e+01
     vertex  9.467470e+00  3.219783e+00  2.200000e+01
   endloop
 endfacet
 facet normal  0.000000e+00  0.000000e+00 -1.000000e+00
   outer loop
     vertex  1.406399e+01  5.215776e+00  2.200000e+01
     vertex  9.467470e+00  3.219783e+00  2.200000e+01
     vertex  9.375990e+00  3.477184e+00  2.200000e+01
   endloop
 endfacet
 facet normal  0.000000e+00  0.000000e+00 -1.000000e+00
   outer loop
     vertex  1.406399e+01  5.215776e+00  2.200000e+01
     vertex  9.375990e+00  3.477184e+00  2.200000e+01
     vertex  9.277513e+00  3.731990e+00  2.200000e+01
   endloop
 endfacet
 facet normal -0.000000e+00  0.000000e+00 -1.000000e+00
   outer loop
     vertex  5.407385e+00  1.399143e+01  2.200000e+01
     vertex  3.348796e+00  9.422609e+00  2.200000e+01
     vertex  5.023194e+00  1.413391e+01  2.200000e+01
   endloop
 endfacet
 facet normal  0.000000e+00  0.000000e+00 -1.000000e+00
   outer loop
     vertex  5.407385e+00  1.399143e+01  2.200000e+01
     vertex  3.858360e+00  9.225674e+00  2.200000e+01
     vertex  3.604923e+00  9.327622e+00  2.200000e+01
   endloop
 endfacet
 facet normal  0.000000e+00  0.000000e+00 -1.000000e+00
   outer loop
     vertex  5.407385e+00  1.399143e+01  2.200000e+01
     vertex  3.604923e+00  9.327622e+00  2.200000e+01
     vertex  3.348796e+00  9.422609e+00  2.200000e+01
   endloop
 endfacet
 facet normal  0.000000e+00 -0.000000e+00 -1.000000e+00
   outer loop
     vertex  1.391627e+01  5.597985e+00  2.200000e+01
     vertex  1.406399e+01  5.215776e+00  2.200000e+01
     vertex  9.277513e+00  3.731990e+00  2.200000e+01
   endloop
 endfacet
 facet normal -0.000000e+00  0.000000e+00 -1.000000e+00
   outer loop
     vertex  5.787541e+00  1.383851e+01  2.200000e+01
     vertex  3.858360e+00  9.225674e+00  2.200000e+01
     vertex  5.407385e+00  1.399143e+01  2.200000e+01
   endloop
 endfacet
 facet normal  0.000000e+00  0.000000e+00 -1.000000e+00
   outer loop
     vertex  1.375817e+01  5.976016e+00  2.200000e+01
     vertex  9.277513e+00  3.731990e+00  2.200000e+01
     vertex  9.172113e+00  3.984011e+00  2.200000e+01
   endloop
 endfacet
 facet normal  0.000000e+00 -0.000000e+00 -1.000000e+00
   outer loop
     vertex  1.375817e+01  5.976016e+00  2.200000e+01
     vertex  1.391627e+01  5.597985e+00  2.200000e+01
     vertex  9.277513e+00  3.731990e+00  2.200000e+01
   endloop
 endfacet
 facet normal -0.000000e+00  0.000000e+00 -1.000000e+00
   outer loop
     vertex  6.163377e+00  1.367526e+01  2.200000e+01
     vertex  3.858360e+00  9.225674e+00  2.200000e+01
     vertex  5.787541e+00  1.383851e+01  2.200000e+01
   endloop
 endfacet
 facet normal  0.000000e+00  0.000000e+00 -1.000000e+00
   outer loop
     vertex  6.163377e+00  1.367526e+01  2.200000e+01
     vertex  4.356410e+00  9.001205e+00  2.200000e+01
     vertex  4.108918e+00  9.116841e+00  2.200000e+01
   endloop
 endfacet
 facet normal  0.000000e+00  0.000000e+00 -1.000000e+00
   outer loop
     vertex  6.163377e+00  1.367526e+01  2.200000e+01
     vertex  4.108918e+00  9.116841e+00  2.200000e+01
     vertex  3.858360e+00  9.225674e+00  2.200000e+01
   endloop
 endfacet
 facet normal  0.000000e+00  0.000000e+00 -1.000000e+00
   outer loop
     vertex  1.358980e+01  6.349588e+00  2.200000e+01
     vertex  9.172113e+00  3.984011e+00  2.200000e+01
     vertex  9.059868e+00  4.233059e+00  2.200000e+01
   endloop
 endfacet
 facet normal  0.000000e+00  0.000000e+00 -1.000000e+00
   outer loop
     vertex  1.358980e+01  6.349588e+00  2.200000e+01
     vertex  9.059868e+00  4.233059e+00  2.200000e+01
     vertex  8.940863e+00  4.478948e+00  2.200000e+01
   endloop
 endfacet
 facet normal  0.000000e+00 -0.000000e+00 -1.000000e+00
   outer loop
     vertex  1.358980e+01  6.349588e+00  2.200000e+01
     vertex  1.375817e+01  5.976016e+00  2.200000e+01
     vertex  9.172113e+00  3.984011e+00  2.200000e+01
   endloop
 endfacet
 facet normal -0.000000e+00  0.000000e+00 -1.000000e+00
   outer loop
     vertex  6.534615e+00  1.350181e+01  2.200000e+01
     vertex  4.356410e+00  9.001205e+00  2.200000e+01
     vertex  6.163377e+00  1.367526e+01  2.200000e+01
   endloop
 endfacet
 facet normal  0.000000e+00 -0.000000e+00 -1.000000e+00
   outer loop
     vertex  1.341129e+01  6.718422e+00  2.200000e+01
     vertex  1.358980e+01  6.349588e+00  2.200000e+01
     vertex  8.940863e+00  4.478948e+00  2.200000e+01
   endloop
 endfacet
 facet normal  0.000000e+00  0.000000e+00 -1.000000e+00
   outer loop
     vertex  6.900976e+00  1.331828e+01  2.200000e+01
     vertex  4.841458e+00  8.749873e+00  2.200000e+01
     vertex  4.600650e+00  8.878852e+00  2.200000e+01
   endloop
 endfacet
 facet normal  0.000000e+00  0.000000e+00 -1.000000e+00
   outer loop
     vertex  6.900976e+00  1.331828e+01  2.200000e+01
     vertex  4.600650e+00  8.878852e+00  2.200000e+01
     vertex  4.356410e+00  9.001205e+00  2.200000e+01
   endloop
 endfacet
 facet normal -0.000000e+00  0.000000e+00 -1.000000e+00
   outer loop
     vertex  6.900976e+00  1.331828e+01  2.200000e+01
     vertex  4.356410e+00  9.001205e+00  2.200000e+01
     vertex  6.534615e+00  1.350181e+01  2.200000e+01
   endloop
 endfacet
 facet normal  0.000000e+00  0.000000e+00 -1.000000e+00
   outer loop
     vertex  1.322278e+01  7.082242e+00  2.200000e+01
     vertex  8.940863e+00  4.478948e+00  2.200000e+01
     vertex  8.815185e+00  4.721495e+00  2.200000e+01
   endloop
 endfacet
 facet normal  0.000000e+00 -0.000000e+00 -1.000000e+00
   outer loop
     vertex  1.322278e+01  7.082242e+00  2.200000e+01
     vertex  1.341129e+01  6.718422e+00  2.200000e+01
     vertex  8.940863e+00  4.478948e+00  2.200000e+01
   endloop
 endfacet
 facet normal -0.000000e+00  0.000000e+00 -1.000000e+00
   outer loop
     vertex  7.262187e+00  1.312481e+01  2.200000e+01
     vertex  4.841458e+00  8.749873e+00  2.200000e+01
     vertex  6.900976e+00  1.331828e+01  2.200000e+01
   endloop
 endfacet
 facet normal  0.000000e+00  0.000000e+00 -1.000000e+00
   outer loop
     vertex  1.302439e+01  7.440777e+00  2.200000e+01
     vertex  8.815185e+00  4.721495e+00  2.200000e+01
     vertex  8.682929e+00  4.960518e+00  2.200000e+01
   endloop
 endfacet
 facet normal  0.000000e+00  0.000000e+00 -1.000000e+00
   outer loop
     vertex  1.302439e+01  7.440777e+00  2.200000e+01
     vertex  8.682929e+00  4.960518e+00  2.200000e+01
     vertex  8.544194e+00  5.195840e+00  2.200000e+01
   endloop
 endfacet
 facet normal  0.000000e+00 -0.000000e+00 -1.000000e+00
   outer loop
     vertex  1.302439e+01  7.440777e+00  2.200000e+01
     vertex  1.322278e+01  7.082242e+00  2.200000e+01
     vertex  8.815185e+00  4.721495e+00  2.200000e+01
   endloop
 endfacet
 facet normal -0.000000e+00  0.000000e+00 -1.000000e+00
   outer loop
     vertex  7.617979e+00  1.292155e+01  2.200000e+01
     vertex  4.841458e+00  8.749873e+00  2.200000e+01
     vertex  7.262187e+00  1.312481e+01  2.200000e+01
   endloop
 endfacet
 facet normal  0.000000e+00  0.000000e+00 -1.000000e+00
   outer loop
     vertex  7.617979e+00  1.292155e+01  2.200000e+01
     vertex  5.312057e+00  8.472429e+00  2.200000e+01
     vertex  5.078652e+00  8.614365e+00  2.200000e+01
   endloop
 endfacet
 facet normal  0.000000e+00  0.000000e+00 -1.000000e+00
   outer loop
     vertex  7.617979e+00  1.292155e+01  2.200000e+01
     vertex  5.078652e+00  8.614365e+00  2.200000e+01
     vertex  4.841458e+00  8.749873e+00  2.200000e+01
   endloop
 endfacet
 facet normal  0.000000e+00 -0.000000e+00 -1.000000e+00
   outer loop
     vertex  1.281629e+01  7.793759e+00  2.200000e+01
     vertex  1.302439e+01  7.440777e+00  2.200000e+01
     vertex  8.544194e+00  5.195840e+00  2.200000e+01
   endloop
 endfacet
 facet normal -0.000000e+00  0.000000e+00 -1.000000e+00
   outer loop
     vertex  7.968086e+00  1.270864e+01  2.200000e+01
     vertex  5.312057e+00  8.472429e+00  2.200000e+01
     vertex  7.617979e+00  1.292155e+01  2.200000e+01
   endloop
 endfacet
 facet normal -6.020584e-16 -3.774796e-16 -1.000000e+00
   outer loop
     vertex  1.259862e+01  8.140926e+00  2.200000e+01
     vertex  8.544194e+00  5.195840e+00  2.200000e+01
     vertex  8.399083e+00  5.427284e+00  2.200000e+01
   endloop
 endfacet
 facet normal -5.915230e-16 -3.937838e-16 -1.000000e+00
   outer loop
     vertex  1.259862e+01  8.140926e+00  2.200000e+01
     vertex  8.399083e+00  5.427284e+00  2.200000e+01
     vertex  8.247704e+00  5.654678e+00  2.200000e+01
   endloop
 endfacet
 facet normal  4.505331e-15 -7.408701e-15 -1.000000e+00
   outer loop
     vertex  1.259862e+01  8.140926e+00  2.200000e+01
     vertex  1.281629e+01  7.793759e+00  2.200000e+01
     vertex  8.544194e+00  5.195840e+00  2.200000e+01
   endloop
 endfacet
 facet normal -0.000000e+00  0.000000e+00 -1.000000e+00
   outer loop
     vertex  8.312247e+00  1.248625e+01  2.200000e+01
     vertex  5.312057e+00  8.472429e+00  2.200000e+01
     vertex  7.968086e+00  1.270864e+01  2.200000e+01
   endloop
 endfacet
 facet normal  0.000000e+00  0.000000e+00 -1.000000e+00
   outer loop
     vertex  8.312247e+00  1.248625e+01  2.200000e+01
     vertex  5.541498e+00  8.324170e+00  2.200000e+01
     vertex  5.312057e+00  8.472429e+00  2.200000e+01
   endloop
 endfacet
 facet normal -5.915230e-16 -3.937838e-16 -1.000000e+00
   outer loop
     vertex  1.237156e+01  8.482017e+00  2.200000e+01
     vertex  1.259862e+01  8.140926e+00  2.200000e+01
     vertex  8.247704e+00  5.654678e+00  2.200000e+01
   endloop
 endfacet
 facet normal -0.000000e+00  0.000000e+00 -1.000000e+00
   outer loop
     vertex  8.650205e+00  1.225455e+01  2.200000e+01
     vertex  5.541498e+00  8.324170e+00  2.200000e+01
     vertex  8.312247e+00  1.248625e+01  2.200000e+01
   endloop
 endfacet
 facet normal  0.000000e+00  0.000000e+00 -1.000000e+00
   outer loop
     vertex  8.650205e+00  1.225455e+01  2.200000e+01
     vertex  5.766803e+00  8.169699e+00  2.200000e+01
     vertex  5.541498e+00  8.324170e+00  2.200000e+01
   endloop
 endfacet
 facet normal -5.805462e-16 -4.097942e-16 -1.000000e+00
   outer loop
     vertex  1.213525e+01  8.816779e+00  2.200000e+01
     vertex  1.237156e+01  8.482017e+00  2.200000e+01
     vertex  8.247704e+00  5.654678e+00  2.200000e+01
   endloop
 endfacet
 facet normal -5.805462e-16 -4.097942e-16 -1.000000e+00
   outer loop
     vertex  1.213525e+01  8.816779e+00  2.200000e+01
     vertex  8.247704e+00  5.654678e+00  2.200000e+01
     vertex  8.090170e+00  5.877853e+00  2.200000e+01
   endloop
 endfacet
 facet normal -5.691361e-16 -4.254988e-16 -1.000000e+00
   outer loop
     vertex  1.213525e+01  8.816779e+00  2.200000e+01
     vertex  8.090170e+00  5.877853e+00  2.200000e+01
     vertex  7.926599e+00  6.096641e+00  2.200000e+01
   endloop
 endfacet
 facet normal -0.000000e+00  0.000000e+00 -1.000000e+00
   outer loop
     vertex  8.981708e+00  1.201370e+01  2.200000e+01
     vertex  5.766803e+00  8.169699e+00  2.200000e+01
     vertex  8.650205e+00  1.225455e+01  2.200000e+01
   endloop
 endfacet
 facet normal  0.000000e+00  0.000000e+00 -1.000000e+00
   outer loop
     vertex  8.981708e+00  1.201370e+01  2.200000e+01
     vertex  5.987805e+00  8.009132e+00  2.200000e+01
     vertex  5.766803e+00  8.169699e+00  2.200000e+01
   endloop
 endfacet
 facet normal -5.691361e-16 -4.254988e-16 -1.000000e+00
   outer loop
     vertex  1.188990e+01  9.144961e+00  2.200000e+01
     vertex  1.213525e+01  8.816779e+00  2.200000e+01
     vertex  7.926599e+00  6.096641e+00  2.200000e+01
   endloop
 endfacet
 facet normal -0.000000e+00  0.000000e+00 -1.000000e+00
   outer loop
     vertex  9.306508e+00  1.176388e+01  2.200000e+01
     vertex  5.987805e+00  8.009132e+00  2.200000e+01
     vertex  8.981708e+00  1.201370e+01  2.200000e+01
   endloop
 endfacet
 facet normal  9.767270e-15 -8.632977e-15 -1.000000e+00
   outer loop
     vertex  9.306508e+00  1.176388e+01  2.200000e+01
     vertex  6.204339e+00  7.842588e+00  2.200000e+01
     vertex  5.987805e+00  8.009132e+00  2.200000e+01
   endloop
 endfacet
 facet normal -5.573013e-16 -4.408859e-16 -1.000000e+00
   outer loop
     vertex  1.163567e+01  9.466319e+00  2.200000e+01
     vertex  7.926599e+00  6.096641e+00  2.200000e+01
     vertex  7.757113e+00  6.310879e+00  2.200000e+01
   endloop
 endfacet
 facet normal -5.573013e-16 -4.408859e-16 -1.000000e+00
   outer loop
     vertex  1.163567e+01  9.466319e+00  2.200000e+01
     vertex  1.188990e+01  9.144961e+00  2.200000e+01
     vertex  7.926599e+00  6.096641e+00  2.200000e+01
   endloop
 endfacet
 facet normal -4.484568e-16 -5.512274e-16 -1.000000e+00
   outer loop
     vertex  9.624364e+00  1.150529e+01  2.200000e+01
     vertex  6.204339e+00  7.842588e+00  2.200000e+01
     vertex  9.306508e+00  1.176388e+01  2.200000e+01
   endloop
 endfacet
 facet normal -4.633461e-16 -5.387723e-16 -1.000000e+00
   outer loop
     vertex  9.624364e+00  1.150529e+01  2.200000e+01
     vertex  6.623358e+00  7.492071e+00  2.200000e+01
     vertex  6.416243e+00  7.670191e+00  2.200000e+01
   endloop
 endfacet
 facet normal -4.484568e-16 -5.512274e-16 -1.000000e+00
   outer loop
     vertex  9.624364e+00  1.150529e+01  2.200000e+01
     vertex  6.416243e+00  7.670191e+00  2.200000e+01
     vertex  6.204339e+00  7.842588e+00  2.200000e+01
   endloop
 endfacet
 facet normal -5.450507e-16 -4.559440e-16 -1.000000e+00
   outer loop
     vertex  1.137276e+01  9.780613e+00  2.200000e+01
     vertex  7.757113e+00  6.310879e+00  2.200000e+01
     vertex  7.581838e+00  6.520409e+00  2.200000e+01
   endloop
 endfacet
 facet normal -5.450507e-16 -4.559440e-16 -1.000000e+00
   outer loop
     vertex  1.137276e+01  9.780613e+00  2.200000e+01
     vertex  1.163567e+01  9.466319e+00  2.200000e+01
     vertex  7.757113e+00  6.310879e+00  2.200000e+01
   endloop
 endfacet
 facet normal -4.778897e-16 -5.259150e-16 -1.000000e+00
   outer loop
     vertex  9.935037e+00  1.123811e+01  2.200000e+01
     vertex  6.825531e+00  7.308360e+00  2.200000e+01
     vertex  6.623358e+00  7.492071e+00  2.200000e+01
   endloop
 endfacet
 facet normal -4.633461e-16 -5.387723e-16 -1.000000e+00
   outer loop
     vertex  9.935037e+00  1.123811e+01  2.200000e+01
     vertex  6.623358e+00  7.492071e+00  2.200000e+01
     vertex  9.624364e+00  1.150529e+01  2.200000e+01
   endloop
 endfacet
 facet normal -5.323933e-16 -4.706618e-16 -1.000000e+00
   outer loop
     vertex  1.110136e+01  1.008761e+01  2.200000e+01
     vertex  7.581838e+00  6.520409e+00  2.200000e+01
     vertex  7.400906e+00  6.725072e+00  2.200000e+01
   endloop
 endfacet
 facet normal -5.323933e-16 -4.706618e-16 -1.000000e+00
   outer loop
     vertex  1.110136e+01  1.008761e+01  2.200000e+01
     vertex  1.137276e+01  9.780613e+00  2.200000e+01
     vertex  7.581838e+00  6.520409e+00  2.200000e+01
   endloop
 endfacet
 facet normal -4.778897e-16 -5.259150e-16 -1.000000e+00
   outer loop
     vertex  1.023830e+01  1.096254e+01  2.200000e+01
     vertex  6.825531e+00  7.308360e+00  2.200000e+01
     vertex  9.935037e+00  1.123811e+01  2.200000e+01
   endloop
 endfacet
 facet normal -5.193386e-16 -4.850284e-16 -1.000000e+00
   outer loop
     vertex  1.082168e+01  1.038708e+01  2.200000e+01
     vertex  7.400906e+00  6.725072e+00  2.200000e+01
     vertex  7.214450e+00  6.924717e+00  2.200000e+01
   endloop
 endfacet
 facet normal -5.193386e-16 -4.850284e-16 -1.000000e+00
   outer loop
     vertex  1.082168e+01  1.038708e+01  2.200000e+01
     vertex  1.110136e+01  1.008761e+01  2.200000e+01
     vertex  7.400906e+00  6.725072e+00  2.200000e+01
   endloop
 endfacet
 facet normal -5.058964e-16 -4.990331e-16 -1.000000e+00
   outer loop
     vertex  1.053392e+01  1.067879e+01  2.200000e+01
     vertex  7.214450e+00  6.924717e+00  2.200000e+01
     vertex  7.022611e+00  7.119195e+00  2.200000e+01
   endloop
 endfacet
 facet normal -4.920767e-16 -5.126653e-16 -1.000000e+00
   outer loop
     vertex  1.053392e+01  1.067879e+01  2.200000e+01
     vertex  7.022611e+00  7.119195e+00  2.200000e+01
     vertex  6.825531e+00  7.308360e+00  2.200000e+01
   endloop
 endfacet
 facet normal -5.058964e-16 -4.990331e-16 -1.000000e+00
   outer loop
     vertex  1.053392e+01  1.067879e+01  2.200000e+01
     vertex  1.082168e+01  1.038708e+01  2.200000e+01
     vertex  7.214450e+00  6.924717e+00  2.200000e+01
   endloop
 endfacet
 facet normal -4.920767e-16 -5.126653e-16 -1.000000e+00
   outer loop
     vertex  1.053392e+01  1.067879e+01  2.200000e+01
     vertex  6.825531e+00  7.308360e+00  2.200000e+01
     vertex  1.023830e+01  1.096254e+01  2.200000e+01
   endloop
 endfacet
 facet normal  1.224647e-16  1.000000e+00 -2.220446e-16
   outer loop
     vertex -1.500000e+01  6.721952e-15  2.200000e+01
     vertex -1.000000e+01  6.109628e-15  2.200000e+01
     vertex -1.000000e+01  5.221450e-15  1.800000e+01
   endloop
 endfacet
 facet normal  1.224647e-16  1.000000e+00 -2.220446e-16
   outer loop
     vertex -1.500000e+01  6.721952e-15  2.200000e+01
     vertex -1.000000e+01  5.221450e-15  1.800000e+01
     vertex -1.500000e+01  5.833773e-15  1.800000e+01
   endloop
 endfacet
 facet normal -0.000000e+00  0.000000e+00  1.000000e+00
   outer loop
     vertex  9.996269e+00  2.731480e-01  1.800000e+01
     vertex  1.500000e+01  3.996803e-15  1.800000e+01
     vertex  1.499440e+01  4.097220e-01  1.800000e+01
   endloop
 endfacet
 facet normal  0.000000e+00  0.000000e+00  1.000000e+00
   outer loop
     vertex  9.996269e+00  2.731480e-01  1.800000e+01
     vertex  1.499440e+01  4.097220e-01  1.800000e+01
     vertex  1.497762e+01  8.191382e-01  1.800000e+01
   endloop
 endfacet
 facet normal  0.000000e+00  0.000000e+00  1.000000e+00
   outer loop
     vertex  9.996269e+00  2.731480e-01  1.800000e+01
     vertex  1.000000e+01  3.996803e-15  1.800000e+01
     vertex  1.500000e+01  3.996803e-15  1.800000e+01
   endloop
 endfacet
 facet normal -0.000000e+00  0.000000e+00  1.000000e+00
   outer loop
     vertex  9.985078e+00  5.460922e-01  1.800000e+01
     vertex  9.996269e+00  2.731480e-01  1.800000e+01
     vertex  1.497762e+01  8.191382e-01  1.800000e+01
   endloop
 endfacet
 facet normal  0.000000e+00  0.000000e+00  1.000000e+00
   outer loop
     vertex  9.966436e+00  8.186288e-01  1.800000e+01
     vertex  1.497762e+01  8.191382e-01  1.800000e+01
     vertex  1.494965e+01  1.227943e+00  1.800000e+01
   endloop
 endfacet
 facet normal  0.000000e+00  0.000000e+00  1.000000e+00
   outer loop
     vertex  9.966436e+00  8.186288e-01  1.800000e+01
     vertex  1.494965e+01  1.227943e+00  1.800000e+01
     vertex  1.491054e+01  1.635832e+00  1.800000e+01
   endloop
 endfacet
 facet normal -0.000000e+00  0.000000e+00  1.000000e+00
   outer loop
     vertex  9.966436e+00  8.186288e-01  1.800000e+01
     vertex  9.985078e+00  5.460922e-01  1.800000e+01
     vertex  1.497762e+01  8.191382e-01  1.800000e+01
   endloop
 endfacet
 facet normal -0.000000e+00  0.000000e+00  1.000000e+00
   outer loop
     vertex  9.940357e+00  1.090555e+00  1.800000e+01
     vertex  9.966436e+00  8.186288e-01  1.800000e+01
     vertex  1.491054e+01  1.635832e+00  1.800000e+01
   endloop
 endfacet
 facet normal  0.000000e+00  0.000000e+00  1.000000e+00
   outer loop
     vertex  9.906859e+00  1.361666e+00  1.800000e+01
     vertex  1.491054e+01  1.635832e+00  1.800000e+01
     vertex  1.486029e+01  2.042500e+00  1.800000e+01
   endloop
 endfacet
 facet normal -0.000000e+00  0.000000e+00  1.000000e+00
   outer loop
     vertex  9.906859e+00  1.361666e+00  1.800000e+01
     vertex  9.940357e+00  1.090555e+00  1.800000e+01
     vertex  1.491054e+01  1.635832e+00  1.800000e+01
   endloop
 endfacet
 facet normal  0.000000e+00  0.000000e+00  1.000000e+00
   outer loop
     vertex  9.865969e+00  1.631762e+00  1.800000e+01
     vertex  1.486029e+01  2.042500e+00  1.800000e+01
     vertex  1.479895e+01  2.447643e+00  1.800000e+01
   endloop
 endfacet
 facet normal  0.000000e+00  0.000000e+00  1.000000e+00
   outer loop
     vertex  9.865969e+00  1.631762e+00  1.800000e+01
     vertex  1.479895e+01  2.447643e+00  1.800000e+01
     vertex  1.472658e+01  2.850961e+00  1.800000e+01
   endloop
 endfacet
 facet normal -0.000000e+00  0.000000e+00  1.000000e+00
   outer loop
     vertex  9.865969e+00  1.631762e+00  1.800000e+01
     vertex  9.906859e+00  1.361666e+00  1.800000e+01
     vertex  1.486029e+01  2.042500e+00  1.800000e+01
   endloop
 endfacet
 facet normal  0.000000e+00  0.000000e+00  1.000000e+00
   outer loop
     vertex  9.817717e+00  1.900640e+00  1.800000e+01
     vertex  1.472658e+01  2.850961e+00  1.800000e+01
     vertex  1.464321e+01  3.252150e+00  1.800000e+01
   endloop
 endfacet
 facet normal -0.000000e+00  0.000000e+00  1.000000e+00
   outer loop
     vertex  9.817717e+00  1.900640e+00  1.800000e+01
     vertex  9.865969e+00  1.631762e+00  1.800000e+01
     vertex  1.472658e+01  2.850961e+00  1.800000e+01
   endloop
 endfacet
 facet normal -0.000000e+00  0.000000e+00  1.000000e+00
   outer loop
     vertex  9.762138e+00  2.168100e+00  1.800000e+01
     vertex  9.817717e+00  1.900640e+00  1.800000e+01
     vertex  1.464321e+01  3.252150e+00  1.800000e+01
   endloop
 endfacet
 facet normal  0.000000e+00  0.000000e+00  1.000000e+00
   outer loop
     vertex  9.699274e+00  2.433942e+00  1.800000e+01
     vertex  1.464321e+01  3.252150e+00  1.800000e+01
     vertex  1.454891e+01  3.650913e+00  1.800000e+01
   endloop
 endfacet
 facet normal -0.000000e+00  0.000000e+00  1.000000e+00
   outer loop
     vertex  9.699274e+00  2.433942e+00  1.800000e+01
     vertex  9.762138e+00  2.168100e+00  1.800000e+01
     vertex  1.464321e+01  3.252150e+00  1.800000e+01
   endloop
 endfacet
 facet normal  0.000000e+00  0.000000e+00  1.000000e+00
   outer loop
     vertex  9.629173e+00  2.697968e+00  1.800000e+01
     vertex  1.454891e+01  3.650913e+00  1.800000e+01
     vertex  1.444376e+01  4.046952e+00  1.800000e+01
   endloop
 endfacet
 facet normal  0.000000e+00  0.000000e+00  1.000000e+00
   outer loop
     vertex  9.629173e+00  2.697968e+00  1.800000e+01
     vertex  1.444376e+01  4.046952e+00  1.800000e+01
     vertex  1.432783e+01  4.439970e+00  1.800000e+01
   endloop
 endfacet
 facet normal -0.000000e+00  0.000000e+00  1.000000e+00
   outer loop
     vertex  9.629173e+00  2.697968e+00  1.800000e+01
     vertex  9.699274e+00  2.433942e+00  1.800000e+01
     vertex  1.454891e+01  3.650913e+00  1.800000e+01
   endloop
 endfacet
 facet normal -0.000000e+00  0.000000e+00  1.000000e+00
   outer loop
     vertex  9.551886e+00  2.959980e+00  1.800000e+01
     vertex  9.629173e+00  2.697968e+00  1.800000e+01
     vertex  1.432783e+01  4.439970e+00  1.800000e+01
   endloop
 endfacet
 facet normal  0.000000e+00  0.000000e+00  1.000000e+00
   outer loop
     vertex  9.467470e+00  3.219783e+00  1.800000e+01
     vertex  1.432783e+01  4.439970e+00  1.800000e+01
     vertex  1.420121e+01  4.829675e+00  1.800000e+01
   endloop
 endfacet
 facet normal  0.000000e+00  0.000000e+00  1.000000e+00
   outer loop
     vertex  9.467470e+00  3.219783e+00  1.800000e+01
     vertex  1.420121e+01  4.829675e+00  1.800000e+01
     vertex  1.406399e+01  5.215776e+00  1.800000e+01
   endloop
 endfacet
 facet normal -0.000000e+00  0.000000e+00  1.000000e+00
   outer loop
     vertex  9.467470e+00  3.219783e+00  1.800000e+01
     vertex  9.551886e+00  2.959980e+00  1.800000e+01
     vertex  1.432783e+01  4.439970e+00  1.800000e+01
   endloop
 endfacet
 facet normal -0.000000e+00  0.000000e+00  1.000000e+00
   outer loop
     vertex  9.375990e+00  3.477184e+00  1.800000e+01
     vertex  9.467470e+00  3.219783e+00  1.800000e+01
     vertex  1.406399e+01  5.215776e+00  1.800000e+01
   endloop
 endfacet
 facet normal  0.000000e+00  0.000000e+00  1.000000e+00
   outer loop
     vertex  9.277513e+00  3.731990e+00  1.800000e+01
     vertex  1.406399e+01  5.215776e+00  1.800000e+01
     vertex  1.391627e+01  5.597985e+00  1.800000e+01
   endloop
 endfacet
 facet normal -0.000000e+00  0.000000e+00  1.000000e+00
   outer loop
     vertex  9.277513e+00  3.731990e+00  1.800000e+01
     vertex  9.375990e+00  3.477184e+00  1.800000e+01
     vertex  1.406399e+01  5.215776e+00  1.800000e+01
   endloop
 endfacet
 facet normal -0.000000e+00  0.000000e+00  1.000000e+00
   outer loop
     vertex  9.172113e+00  3.984011e+00  1.800000e+01
     vertex  9.277513e+00  3.731990e+00  1.800000e+01
     vertex  1.391627e+01  5.597985e+00  1.800000e+01
   endloop
 endfacet
 facet normal  0.000000e+00  0.000000e+00  1.000000e+00
   outer loop
     vertex  9.172113e+00  3.984011e+00  1.800000e+01
     vertex  1.391627e+01  5.597985e+00  1.800000e+01
     vertex  1.375817e+01  5.976016e+00  1.800000e+01
   endloop
 endfacet
 facet normal -0.000000e+00  0.000000e+00  1.000000e+00
   outer loop
     vertex  9.059868e+00  4.233059e+00  1.800000e+01
     vertex  9.172113e+00  3.984011e+00  1.800000e+01
     vertex  1.375817e+01  5.976016e+00  1.800000e+01
   endloop
 endfacet
 facet normal  0.000000e+00  0.000000e+00  1.000000e+00
   outer loop
     vertex  9.059868e+00  4.233059e+00  1.800000e+01
     vertex  1.375817e+01  5.976016e+00  1.800000e+01
     vertex  1.358980e+01  6.349588e+00  1.800000e+01
   endloop
 endfacet
 facet normal  0.000000e+00  0.000000e+00  1.000000e+00
   outer loop
     vertex  8.940863e+00  4.478948e+00  1.800000e+01
     vertex  1.358980e+01  6.349588e+00  1.800000e+01
     vertex  1.341129e+01  6.718422e+00  1.800000e+01
   endloop
 endfacet
 facet normal -0.000000e+00  0.000000e+00  1.000000e+00
   outer loop
     vertex  8.940863e+00  4.478948e+00  1.800000e+01
     vertex  9.059868e+00  4.233059e+00  1.800000e+01
     vertex  1.358980e+01  6.349588e+00  1.800000e+01
   endloop
 endfacet
 facet normal -0.000000e+00  0.000000e+00  1.000000e+00
   outer loop
     vertex  8.815185e+00  4.721495e+00  1.800000e+01
     vertex  8.940863e+00  4.478948e+00  1.800000e+01
     vertex  1.341129e+01  6.718422e+00  1.800000e+01
   endloop
 endfacet
 facet normal  0.000000e+00  0.000000e+00  1.000000e+00
   outer loop
     vertex  8.815185e+00  4.721495e+00  1.800000e+01
     vertex  1.341129e+01  6.718422e+00  1.800000e+01
     vertex  1.322278e+01  7.082242e+00  1.800000e+01
   endloop
 endfacet
 facet normal -0.000000e+00  0.000000e+00  1.000000e+00
   outer loop
     vertex  8.682929e+00  4.960518e+00  1.800000e+01
     vertex  8.815185e+00  4.721495e+00  1.800000e+01
     vertex  1.322278e+01  7.082242e+00  1.800000e+01
   endloop
 endfacet
 facet normal  0.000000e+00  0.000000e+00  1.000000e+00
   outer loop
     vertex  8.682929e+00  4.960518e+00  1.800000e+01
     vertex  1.322278e+01  7.082242e+00  1.800000e+01
     vertex  1.302439e+01  7.440777e+00  1.800000e+01
   endloop
 endfacet
 facet normal -0.000000e+00  0.000000e+00  1.000000e+00
   outer loop
     vertex  8.544194e+00  5.195840e+00  1.800000e+01
     vertex  8.682929e+00  4.960518e+00  1.800000e+01
     vertex  1.302439e+01  7.440777e+00  1.800000e+01
   endloop
 endfacet
 facet normal  0.000000e+00  0.000000e+00  1.000000e+00
   outer loop
     vertex  8.544194e+00  5.195840e+00  1.800000e+01
     vertex  1.302439e+01  7.440777e+00  1.800000e+01
     vertex  1.281629e+01  7.793759e+00  1.800000e+01
   endloop
 endfacet
 facet normal -0.000000e+00  0.000000e+00  1.000000e+00
   outer loop
     vertex  8.399083e+00  5.427284e+00  1.800000e+01
     vertex  8.544194e+00  5.195840e+00  1.800000e+01
     vertex  1.281629e+01  7.793759e+00  1.800000e+01
   endloop
 endfacet
 facet normal -4.103958e-15  7.660354e-15  1.000000e+00
   outer loop
     vertex  8.399083e+00  5.427284e+00  1.800000e+01
     vertex  1.281629e+01  7.793759e+00  1.800000e+01
     vertex  1.259862e+01  8.140926e+00  1.800000e+01
   endloop
 endfacet
 facet normal  5.915230e-16  3.937838e-16  1.000000e+00
   outer loop
     vertex  8.399083e+00  5.427284e+00  1.800000e+01
     vertex  1.259862e+01  8.140926e+00  1.800000e+01
     vertex  1.237156e+01  8.482017e+00  1.800000e+01
   endloop
 endfacet
 facet normal  5.915230e-16  3.937838e-16  1.000000e+00
   outer loop
     vertex  8.247704e+00  5.654678e+00  1.800000e+01
     vertex  8.399083e+00  5.427284e+00  1.800000e+01
     vertex  1.237156e+01  8.482017e+00  1.800000e+01
   endloop
 endfacet
 facet normal  5.805462e-16  4.097942e-16  1.000000e+00
   outer loop
     vertex  8.090170e+00  5.877853e+00  1.800000e+01
     vertex  8.247704e+00  5.654678e+00  1.800000e+01
     vertex  1.237156e+01  8.482017e+00  1.800000e+01
   endloop
 endfacet
 facet normal  5.805462e-16  4.097942e-16  1.000000e+00
   outer loop
     vertex  8.090170e+00  5.877853e+00  1.800000e+01
     vertex  1.237156e+01  8.482017e+00  1.800000e+01
     vertex  1.213525e+01  8.816779e+00  1.800000e+01
   endloop
 endfacet
 facet normal  5.691361e-16  4.254988e-16  1.000000e+00
   outer loop
     vertex  8.090170e+00  5.877853e+00  1.800000e+01
     vertex  1.213525e+01  8.816779e+00  1.800000e+01
     vertex  1.188990e+01  9.144961e+00  1.800000e+01
   endloop
 endfacet
 facet normal  5.691361e-16  4.254988e-16  1.000000e+00
   outer loop
     vertex  7.926599e+00  6.096641e+00  1.800000e+01
     vertex  8.090170e+00  5.877853e+00  1.800000e+01
     vertex  1.188990e+01  9.144961e+00  1.800000e+01
   endloop
 endfacet
 facet normal  5.573013e-16  4.408859e-16  1.000000e+00
   outer loop
     vertex  7.757113e+00  6.310879e+00  1.800000e+01
     vertex  7.926599e+00  6.096641e+00  1.800000e+01
     vertex  1.188990e+01  9.144961e+00  1.800000e+01
   endloop
 endfacet
 facet normal  5.573013e-16  4.408859e-16  1.000000e+00
   outer loop
     vertex  7.757113e+00  6.310879e+00  1.800000e+01
     vertex  1.188990e+01  9.144961e+00  1.800000e+01
     vertex  1.163567e+01  9.466319e+00  1.800000e+01
   endloop
 endfacet
 facet normal  5.450507e-16  4.559440e-16  1.000000e+00
   outer loop
     vertex  7.581838e+00  6.520409e+00  1.800000e+01
     vertex  7.757113e+00  6.310879e+00  1.800000e+01
     vertex  1.163567e+01  9.466319e+00  1.800000e+01
   endloop
 endfacet
 facet normal  5.450507e-16  4.559440e-16  1.000000e+00
   outer loop
     vertex  7.581838e+00  6.520409e+00  1.800000e+01
     vertex  1.163567e+01  9.466319e+00  1.800000e+01
     vertex  1.137276e+01  9.780613e+00  1.800000e+01
   endloop
 endfacet
 facet normal  5.323933e-16  4.706618e-16  1.000000e+00
   outer loop
     vertex  7.400906e+00  6.725072e+00  1.800000e+01
     vertex  7.581838e+00  6.520409e+00  1.800000e+01
     vertex  1.137276e+01  9.780613e+00  1.800000e+01
   endloop
 endfacet
 facet normal  5.323933e-16  4.706618e-16  1.000000e+00
   outer loop
     vertex  7.400906e+00  6.725072e+00  1.800000e+01
     vertex  1.137276e+01  9.780613e+00  1.800000e+01
     vertex  1.110136e+01  1.008761e+01  1.800000e+01
   endloop
 endfacet
 facet normal  5.193386e-16  4.850284e-16  1.000000e+00
   outer loop
     vertex  7.214450e+00  6.924717e+00  1.800000e+01
     vertex  1.110136e+01  1.008761e+01  1.800000e+01
     vertex  1.082168e+01  1.038708e+01  1.800000e+01
   endloop
 endfacet
 facet normal  5.193386e-16  4.850284e-16  1.000000e+00
   outer loop
     vertex  7.214450e+00  6.924717e+00  1.800000e+01
     vertex  7.400906e+00  6.725072e+00  1.800000e+01
     vertex  1.110136e+01  1.008761e+01  1.800000e+01
   endloop
 endfacet
 facet normal  5.058964e-16  4.990331e-16  1.000000e+00
   outer loop
     vertex  1.053392e+01  1.067879e+01  1.800000e+01
     vertex  7.022611e+00  7.119195e+00  1.800000e+01
     vertex  7.214450e+00  6.924717e+00  1.800000e+01
   endloop
 endfacet
 facet normal  5.058964e-16  4.990331e-16  1.000000e+00
   outer loop
     vertex  1.053392e+01  1.067879e+01  1.800000e+01
     vertex  7.214450e+00  6.924717e+00  1.800000e+01
     vertex  1.082168e+01  1.038708e+01  1.800000e+01
   endloop
 endfacet
 facet normal  4.920767e-16  5.126653e-16  1.000000e+00
   outer loop
     vertex  1.023830e+01  1.096254e+01  1.800000e+01
     vertex  6.825531e+00  7.308360e+00  1.800000e+01
     vertex  7.022611e+00  7.119195e+00  1.800000e+01
   endloop
 endfacet
 facet normal  4.920767e-16  5.126653e-16  1.000000e+00
   outer loop
     vertex  1.023830e+01  1.096254e+01  1.800000e+01
     vertex  7.022611e+00  7.119195e+00  1.800000e+01
     vertex  1.053392e+01  1.067879e+01  1.800000e+01
   endloop
 endfacet
 facet normal  4.778897e-16  5.259150e-16  1.000000e+00
   outer loop
     vertex  6.623358e+00  7.492071e+00  1.800000e+01
     vertex  6.825531e+00  7.308360e+00  1.800000e+01
     vertex  1.023830e+01  1.096254e+01  1.800000e+01
   endloop
 endfacet
 facet normal  4.778897e-16  5.259150e-16  1.000000e+00
   outer loop
     vertex  9.935037e+00  1.123811e+01  1.800000e+01
     vertex  6.623358e+00  7.492071e+00  1.800000e+01
     vertex  1.023830e+01  1.096254e+01  1.800000e+01
   endloop
 endfacet
 facet normal  4.633461e-16  5.387723e-16  1.000000e+00
   outer loop
     vertex  9.624364e+00  1.150529e+01  1.800000e+01
     vertex  6.416243e+00  7.670191e+00  1.800000e+01
     vertex  6.623358e+00  7.492071e+00  1.800000e+01
   endloop
 endfacet
 facet normal  4.633461e-16  5.387723e-16  1.000000e+00
   outer loop
     vertex  9.624364e+00  1.150529e+01  1.800000e+01
     vertex  6.623358e+00  7.492071e+00  1.800000e+01
     vertex  9.935037e+00  1.123811e+01  1.800000e+01
   endloop
 endfacet
 facet normal  4.484568e-16  5.512274e-16  1.000000e+00
   outer loop
     vertex  9.306508e+00  1.176388e+01  1.800000e+01
     vertex  6.204339e+00  7.842588e+00  1.800000e+01
     vertex  6.416243e+00  7.670191e+00  1.800000e+01
   endloop
 endfacet
 facet normal  4.484568e-16  5.512274e-16  1.000000e+00
   outer loop
     vertex  9.306508e+00  1.176388e+01  1.800000e+01
     vertex  6.416243e+00  7.670191e+00  1.800000e+01
     vertex  9.624364e+00  1.150529e+01  1.800000e+01
   endloop
 endfacet
 facet normal -1.041712e-14  7.788070e-15  1.000000e+00
   outer loop
     vertex  8.981708e+00  1.201370e+01  1.800000e+01
     vertex  5.987805e+00  8.009132e+00  1.800000e+01
     vertex  6.204339e+00  7.842588e+00  1.800000e+01
   endloop
 endfacet
 facet normal  4.332328e-16  5.632713e-16  1.000000e+00
   outer loop
     vertex  8.981708e+00  1.201370e+01  1.800000e+01
     vertex  6.204339e+00  7.842588e+00  1.800000e+01
     vertex  9.306508e+00  1.176388e+01  1.800000e+01
   endloop
 endfacet
 facet normal  0.000000e+00  0.000000e+00  1.000000e+00
   outer loop
     vertex  8.650205e+00  1.225455e+01  1.800000e+01
     vertex  5.766803e+00  8.169699e+00  1.800000e+01
     vertex  5.987805e+00  8.009132e+00  1.800000e+01
   endloop
 endfacet
 facet normal  0.000000e+00  0.000000e+00  1.000000e+00
   outer loop
     vertex  8.650205e+00  1.225455e+01  1.800000e+01
     vertex  5.987805e+00  8.009132e+00  1.800000e+01
     vertex  8.981708e+00  1.201370e+01  1.800000e+01
   endloop
 endfacet
 facet normal  0.000000e+00  0.000000e+00  1.000000e+00
   outer loop
     vertex  8.312247e+00  1.248625e+01  1.800000e+01
     vertex  5.541498e+00  8.324170e+00  1.800000e+01
     vertex  5.766803e+00  8.169699e+00  1.800000e+01
   endloop
 endfacet
 facet normal  0.000000e+00  0.000000e+00  1.000000e+00
   outer loop
     vertex  8.312247e+00  1.248625e+01  1.800000e+01
     vertex  5.766803e+00  8.169699e+00  1.800000e+01
     vertex  8.650205e+00  1.225455e+01  1.800000e+01
   endloop
 endfacet
 facet normal  0.000000e+00  0.000000e+00  1.000000e+00
   outer loop
     vertex  7.968086e+00  1.270864e+01  1.800000e+01
     vertex  5.312057e+00  8.472429e+00  1.800000e+01
     vertex  5.541498e+00  8.324170e+00  1.800000e+01
   endloop
 endfacet
 facet normal  0.000000e+00  0.000000e+00  1.000000e+00
   outer loop
     vertex  7.968086e+00  1.270864e+01  1.800000e+01
     vertex  5.541498e+00  8.324170e+00  1.800000e+01
     vertex  8.312247e+00  1.248625e+01  1.800000e+01
   endloop
 endfacet
 facet normal  0.000000e+00  0.000000e+00  1.000000e+00
   outer loop
     vertex  7.617979e+00  1.292155e+01  1.800000e+01
     vertex  5.078652e+00  8.614365e+00  1.800000e+01
     vertex  5.312057e+00  8.472429e+00  1.800000e+01
   endloop
 endfacet
 facet normal  0.000000e+00  0.000000e+00  1.000000e+00
   outer loop
     vertex  7.617979e+00  1.292155e+01  1.800000e+01
     vertex  5.312057e+00  8.472429e+00  1.800000e+01
     vertex  7.968086e+00  1.270864e+01  1.800000e+01
   endloop
 endfacet
 facet normal  0.000000e+00  0.000000e+00  1.000000e+00
   outer loop
     vertex  7.262187e+00  1.312481e+01  1.800000e+01
     vertex  4.841458e+00  8.749873e+00  1.800000e+01
     vertex  5.078652e+00  8.614365e+00  1.800000e+01
   endloop
 endfacet
 facet normal  0.000000e+00  0.000000e+00  1.000000e+00
   outer loop
     vertex  7.262187e+00  1.312481e+01  1.800000e+01
     vertex  5.078652e+00  8.614365e+00  1.800000e+01
     vertex  7.617979e+00  1.292155e+01  1.800000e+01
   endloop
 endfacet
 facet normal  0.000000e+00  0.000000e+00  1.000000e+00
   outer loop
     vertex  6.900976e+00  1.331828e+01  1.800000e+01
     vertex  4.600650e+00  8.878852e+00  1.800000e+01
     vertex  4.841458e+00  8.749873e+00  1.800000e+01
   endloop
 endfacet
 facet normal  0.000000e+00  0.000000e+00  1.000000e+00
   outer loop
     vertex  6.900976e+00  1.331828e+01  1.800000e+01
     vertex  4.356410e+00  9.001205e+00  1.800000e+01
     vertex  4.600650e+00  8.878852e+00  1.800000e+01
   endloop
 endfacet
 facet normal  0.000000e+00  0.000000e+00  1.000000e+00
   outer loop
     vertex  6.900976e+00  1.331828e+01  1.800000e+01
     vertex  4.841458e+00  8.749873e+00  1.800000e+01
     vertex  7.262187e+00  1.312481e+01  1.800000e+01
   endloop
 endfacet
 facet normal  0.000000e+00  0.000000e+00  1.000000e+00
   outer loop
     vertex  6.534615e+00  1.350181e+01  1.800000e+01
     vertex  4.356410e+00  9.001205e+00  1.800000e+01
     vertex  6.900976e+00  1.331828e+01  1.800000e+01
   endloop
 endfacet
 facet normal  0.000000e+00  0.000000e+00  1.000000e+00
   outer loop
     vertex  6.163377e+00  1.367526e+01  1.800000e+01
     vertex  4.108918e+00  9.116841e+00  1.800000e+01
     vertex  4.356410e+00  9.001205e+00  1.800000e+01
   endloop
 endfacet
 facet normal  0.000000e+00  0.000000e+00  1.000000e+00
   outer loop
     vertex  6.163377e+00  1.367526e+01  1.800000e+01
     vertex  3.858360e+00  9.225674e+00  1.800000e+01
     vertex  4.108918e+00  9.116841e+00  1.800000e+01
   endloop
 endfacet
 facet normal  0.000000e+00  0.000000e+00  1.000000e+00
   outer loop
     vertex  6.163377e+00  1.367526e+01  1.800000e+01
     vertex  4.356410e+00  9.001205e+00  1.800000e+01
     vertex  6.534615e+00  1.350181e+01  1.800000e+01
   endloop
 endfacet
 facet normal  0.000000e+00  0.000000e+00  1.000000e+00
   outer loop
     vertex  5.787541e+00  1.383851e+01  1.800000e+01
     vertex  3.858360e+00  9.225674e+00  1.800000e+01
     vertex  6.163377e+00  1.367526e+01  1.800000e+01
   endloop
 endfacet
 facet normal  0.000000e+00  0.000000e+00  1.000000e+00
   outer loop
     vertex  5.407385e+00  1.399143e+01  1.800000e+01
     vertex  3.858360e+00  9.225674e+00  1.800000e+01
     vertex  5.787541e+00  1.383851e+01  1.800000e+01
   endloop
 endfacet
 facet normal  0.000000e+00  0.000000e+00  1.000000e+00
   outer loop
     vertex  5.407385e+00  1.399143e+01  1.800000e+01
     vertex  3.604923e+00  9.327622e+00  1.800000e+01
     vertex  3.858360e+00  9.225674e+00  1.800000e+01
   endloop
 endfacet
 facet normal  0.000000e+00  0.000000e+00  1.000000e+00
   outer loop
     vertex  5.023194e+00  1.413391e+01  1.800000e+01
     vertex  3.604923e+00  9.327622e+00  1.800000e+01
     vertex  5.407385e+00  1.399143e+01  1.800000e+01
   endloop
 endfacet
 facet normal  0.000000e+00  0.000000e+00  1.000000e+00
   outer loop
     vertex  5.023194e+00  1.413391e+01  1.800000e+01
     vertex  3.348796e+00  9.422609e+00  1.800000e+01
     vertex  3.604923e+00  9.327622e+00  1.800000e+01
   endloop
 endfacet
 facet normal  0.000000e+00  0.000000e+00  1.000000e+00
   outer loop
     vertex  4.635255e+00  1.426585e+01  1.800000e+01
     vertex  3.348796e+00  9.422609e+00  1.800000e+01
     vertex  5.023194e+00  1.413391e+01  1.800000e+01
   endloop
 endfacet
 facet normal  0.000000e+00  0.000000e+00  1.000000e+00
   outer loop
     vertex  4.635255e+00  1.426585e+01  1.800000e+01
     vertex  3.090170e+00  9.510565e+00  1.800000e+01
     vertex  3.348796e+00  9.422609e+00  1.800000e+01
   endloop
 endfacet
 facet normal  0.000000e+00  0.000000e+00  1.000000e+00
   outer loop
     vertex  4.635255e+00  1.426585e+01  1.800000e+01
     vertex  2.829238e+00  9.591424e+00  1.800000e+01
     vertex  3.090170e+00  9.510565e+00  1.800000e+01
   endloop
 endfacet
 facet normal  0.000000e+00  0.000000e+00  1.000000e+00
   outer loop
     vertex  4.243857e+00  1.438714e+01  1.800000e+01
     vertex  2.829238e+00  9.591424e+00  1.800000e+01
     vertex  4.635255e+00  1.426585e+01  1.800000e+01
   endloop
 endfacet
 facet normal  0.000000e+00  0.000000e+00  1.000000e+00
   outer loop
     vertex  4.243857e+00  1.438714e+01  1.800000e+01
     vertex  2.566194e+00  9.665125e+00  1.800000e+01
     vertex  2.829238e+00  9.591424e+00  1.800000e+01
   endloop
 endfacet
 facet normal  0.000000e+00  0.000000e+00  1.000000e+00
   outer loop
     vertex  3.849291e+00  1.449769e+01  1.800000e+01
     vertex  2.566194e+00  9.665125e+00  1.800000e+01
     vertex  4.243857e+00  1.438714e+01  1.800000e+01
   endloop
 endfacet
 facet normal  0.000000e+00  0.000000e+00  1.000000e+00
   outer loop
     vertex  3.451854e+00  1.459742e+01  1.800000e+01
     vertex  2.566194e+00  9.665125e+00  1.800000e+01
     vertex  3.849291e+00  1.449769e+01  1.800000e+01
   endloop
 endfacet
 facet normal  0.000000e+00  0.000000e+00  1.000000e+00
   outer loop
     vertex  3.451854e+00  1.459742e+01  1.800000e+01
     vertex  2.301236e+00  9.731614e+00  1.800000e+01
     vertex  2.566194e+00  9.665125e+00  1.800000e+01
   endloop
 endfacet
 facet normal  0.000000e+00  0.000000e+00  1.000000e+00
   outer loop
     vertex  3.051840e+00  1.468626e+01  1.800000e+01
     vertex  2.301236e+00  9.731614e+00  1.800000e+01
     vertex  3.451854e+00  1.459742e+01  1.800000e+01
   endloop
 endfacet
 facet normal  0.000000e+00  0.000000e+00  1.000000e+00
   outer loop
     vertex  3.051840e+00  1.468626e+01  1.800000e+01
     vertex  2.034560e+00  9.790841e+00  1.800000e+01
     vertex  2.301236e+00  9.731614e+00  1.800000e+01
   endloop
 endfacet
 facet normal  0.000000e+00  0.000000e+00  1.000000e+00
   outer loop
     vertex  2.649549e+00  1.476414e+01  1.800000e+01
     vertex  1.766366e+00  9.842761e+00  1.800000e+01
     vertex  2.034560e+00  9.790841e+00  1.800000e+01
   endloop
 endfacet
 facet normal  0.000000e+00  0.000000e+00  1.000000e+00
   outer loop
     vertex  2.649549e+00  1.476414e+01  1.800000e+01
     vertex  1.496854e+00  9.887337e+00  1.800000e+01
     vertex  1.766366e+00  9.842761e+00  1.800000e+01
   endloop
 endfacet
 facet normal  0.000000e+00  0.000000e+00  1.000000e+00
   outer loop
     vertex  2.649549e+00  1.476414e+01  1.800000e+01
     vertex  2.034560e+00  9.790841e+00  1.800000e+01
     vertex  3.051840e+00  1.468626e+01  1.800000e+01
   endloop
 endfacet
 facet normal  0.000000e+00  0.000000e+00  1.000000e+00
   outer loop
     vertex  2.245281e+00  1.483101e+01  1.800000e+01
     vertex  1.496854e+00  9.887337e+00  1.800000e+01
     vertex  2.649549e+00  1.476414e+01  1.800000e+01
   endloop
 endfacet
 facet normal  0.000000e+00  0.000000e+00  1.000000e+00
   outer loop
     vertex  1.839337e+00  1.488680e+01  1.800000e+01
     vertex  1.226225e+00  9.924534e+00  1.800000e+01
     vertex  1.496854e+00  9.887337e+00  1.800000e+01
   endloop
 endfacet
 facet normal  0.000000e+00  0.000000e+00  1.000000e+00
   outer loop
     vertex  1.839337e+00  1.488680e+01  1.800000e+01
     vertex  1.496854e+00  9.887337e+00  1.800000e+01
     vertex  2.245281e+00  1.483101e+01  1.800000e+01
   endloop
 endfacet
 facet normal  0.000000e+00  0.000000e+00  1.000000e+00
   outer loop
     vertex  1.432021e+00  1.493149e+01  1.800000e+01
     vertex  1.226225e+00  9.924534e+00  1.800000e+01
     vertex  1.839337e+00  1.488680e+01  1.800000e+01
   endloop
 endfacet
 facet normal  0.000000e+00  0.000000e+00  1.000000e+00
   outer loop
     vertex  1.432021e+00  1.493149e+01  1.800000e+01
     vertex  9.546807e-01  9.954325e+00  1.800000e+01
     vertex  1.226225e+00  9.924534e+00  1.800000e+01
   endloop
 endfacet
 facet normal  0.000000e+00  0.000000e+00  1.000000e+00
   outer loop
     vertex  1.432021e+00  1.493149e+01  1.800000e+01
     vertex  6.824241e-01  9.976688e+00  1.800000e+01
     vertex  9.546807e-01  9.954325e+00  1.800000e+01
   endloop
 endfacet
 facet normal  0.000000e+00  0.000000e+00  1.000000e+00
   outer loop
     vertex  1.023636e+00  1.496503e+01  1.800000e+01
     vertex  6.824241e-01  9.976688e+00  1.800000e+01
     vertex  1.432021e+00  1.493149e+01  1.800000e+01
   endloop
 endfacet
 facet normal  0.000000e+00  0.000000e+00  1.000000e+00
   outer loop
     vertex  6.144874e-01  1.498741e+01  1.800000e+01
     vertex  6.824241e-01  9.976688e+00  1.800000e+01
     vertex  1.023636e+00  1.496503e+01  1.800000e+01
   endloop
 endfacet
 facet normal  0.000000e+00  0.000000e+00  1.000000e+00
   outer loop
     vertex  6.144874e-01  1.498741e+01  1.800000e+01
     vertex  4.096583e-01  9.991605e+00  1.800000e+01
     vertex  6.824241e-01  9.976688e+00  1.800000e+01
   endloop
 endfacet
 facet normal  0.000000e+00  0.000000e+00  1.000000e+00
   outer loop
     vertex  2.048801e-01  1.499860e+01  1.800000e+01
     vertex  4.096583e-01  9.991605e+00  1.800000e+01
     vertex  6.144874e-01  1.498741e+01  1.800000e+01
   endloop
 endfacet
 facet normal  0.000000e+00  0.000000e+00  1.000000e+00
   outer loop
     vertex  2.048801e-01  1.499860e+01  1.800000e+01
     vertex  1.365867e-01  9.999067e+00  1.800000e+01
     vertex  4.096583e-01  9.991605e+00  1.800000e+01
   endloop
 endfacet
 facet normal  0.000000e+00  0.000000e+00  1.000000e+00
   outer loop
     vertex -2.048801e-01  1.499860e+01  1.800000e+01
     vertex -1.365867e-01  9.999067e+00  1.800000e+01
     vertex  1.365867e-01  9.999067e+00  1.800000e+01
   endloop
 endfacet
 facet normal -0.000000e+00  0.000000e+00  1.000000e+00
   outer loop
     vertex -2.048801e-01  1.499860e+01  1.800000e+01
     vertex  1.365867e-01  9.999067e+00  1.800000e+01
     vertex  2.048801e-01  1.499860e+01  1.800000e+01
   endloop
 endfacet
 facet normal  0.000000e+00  0.000000e+00  1.000000e+00
   outer loop
     vertex -1.499440e+01  4.097220e-01  1.800000e+01
     vertex -1.000000e+01  5.221450e-15  1.800000e+01
     vertex -9.996269e+00  2.731480e-01  1.800000e+01
   endloop
 endfacet
 facet normal  0.000000e+00  0.000000e+00  1.000000e+00
   outer loop
     vertex -1.499440e+01  4.097220e-01  1.800000e+01
     vertex -1.500000e+01  5.833773e-15  1.800000e+01
     vertex -1.000000e+01  5.221450e-15  1.800000e+01
   endloop
 endfacet
 facet normal  0.000000e+00  0.000000e+00  1.000000e+00
   outer loop
     vertex -6.144874e-01  1.498741e+01  1.800000e+01
     vertex -4.096583e-01  9.991605e+00  1.800000e+01
     vertex -1.365867e-01  9.999067e+00  1.800000e+01
   endloop
 endfacet
 facet normal  0.000000e+00  0.000000e+00  1.000000e+00
   outer loop
     vertex -6.144874e-01  1.498741e+01  1.800000e+01
     vertex -6.824241e-01  9.976688e+00  1.800000e+01
     vertex -4.096583e-01  9.991605e+00  1.800000e+01
   endloop
 endfacet
 facet normal -0.000000e+00  0.000000e+00  1.000000e+00
   outer loop
     vertex -6.144874e-01  1.498741e+01  1.800000e+01
     vertex -1.365867e-01  9.999067e+00  1.800000e+01
     vertex -2.048801e-01  1.499860e+01  1.800000e+01
   endloop
 endfacet
 facet normal  0.000000e+00  0.000000e+00  1.000000e+00
   outer loop
     vertex -1.497762e+01  8.191382e-01  1.800000e+01
     vertex -9.996269e+00  2.731480e-01  1.800000e+01
     vertex -9.985078e+00  5.460922e-01  1.800000e+01
   endloop
 endfacet
 facet normal  0.000000e+00  0.000000e+00  1.000000e+00
   outer loop
     vertex -1.497762e+01  8.191382e-01  1.800000e+01
     vertex -1.499440e+01  4.097220e-01  1.800000e+01
     vertex -9.996269e+00  2.731480e-01  1.800000e+01
   endloop
 endfacet
 facet normal -0.000000e+00  0.000000e+00  1.000000e+00
   outer loop
     vertex -1.023636e+00  1.496503e+01  1.800000e+01
     vertex -6.824241e-01  9.976688e+00  1.800000e+01
     vertex -6.144874e-01  1.498741e+01  1.800000e+01
   endloop
 endfacet
 facet normal  0.000000e+00  0.000000e+00  1.000000e+00
   outer loop
     vertex -1.494965e+01  1.227943e+00  1.800000e+01
     vertex -9.966436e+00  8.186288e-01  1.800000e+01
     vertex -9.940357e+00  1.090555e+00  1.800000e+01
   endloop
 endfacet
 facet normal  0.000000e+00  0.000000e+00  1.000000e+00
   outer loop
     vertex -1.494965e+01  1.227943e+00  1.800000e+01
     vertex -9.985078e+00  5.460922e-01  1.800000e+01
     vertex -9.966436e+00  8.186288e-01  1.800000e+01
   endloop
 endfacet
 facet normal  0.000000e+00  0.000000e+00  1.000000e+00
   outer loop
     vertex -1.494965e+01  1.227943e+00  1.800000e+01
     vertex -1.497762e+01  8.191382e-01  1.800000e+01
     vertex -9.985078e+00  5.460922e-01  1.800000e+01
   endloop
 endfacet
 facet normal  0.000000e+00  0.000000e+00  1.000000e+00
   outer loop
     vertex -1.432021e+00  1.493149e+01  1.800000e+01
     vertex -9.546807e-01  9.954325e+00  1.800000e+01
     vertex -6.824241e-01  9.976688e+00  1.800000e+01
   endloop
 endfacet
 facet normal -0.000000e+00  0.000000e+00  1.000000e+00
   outer loop
     vertex -1.432021e+00  1.493149e+01  1.800000e+01
     vertex -6.824241e-01  9.976688e+00  1.800000e+01
     vertex -1.023636e+00  1.496503e+01  1.800000e+01
   endloop
 endfacet
 facet normal  0.000000e+00  0.000000e+00  1.000000e+00
   outer loop
     vertex -1.491054e+01  1.635832e+00  1.800000e+01
     vertex -1.494965e+01  1.227943e+00  1.800000e+01
     vertex -9.940357e+00  1.090555e+00  1.800000e+01
   endloop
 endfacet
 facet normal  0.000000e+00  0.000000e+00  1.000000e+00
   outer loop
     vertex -1.839337e+00  1.488680e+01  1.800000e+01
     vertex -1.226225e+00  9.924534e+00  1.800000e+01
     vertex -9.546807e-01  9.954325e+00  1.800000e+01
   endloop
 endfacet
 facet normal -0.000000e+00  0.000000e+00  1.000000e+00
   outer loop
     vertex -1.839337e+00  1.488680e+01  1.800000e+01
     vertex -9.546807e-01  9.954325e+00  1.800000e+01
     vertex -1.432021e+00  1.493149e+01  1.800000e+01
   endloop
 endfacet
 facet normal  0.000000e+00  0.000000e+00  1.000000e+00
   outer loop
     vertex -1.486029e+01  2.042500e+00  1.800000e+01
     vertex -9.940357e+00  1.090555e+00  1.800000e+01
     vertex -9.906859e+00  1.361666e+00  1.800000e+01
   endloop
 endfacet
 facet normal  0.000000e+00  0.000000e+00  1.000000e+00
   outer loop
     vertex -1.486029e+01  2.042500e+00  1.800000e+01
     vertex -1.491054e+01  1.635832e+00  1.800000e+01
     vertex -9.940357e+00  1.090555e+00  1.800000e+01
   endloop
 endfacet
 facet normal  0.000000e+00  0.000000e+00  1.000000e+00
   outer loop
     vertex -2.245281e+00  1.483101e+01  1.800000e+01
     vertex -1.496854e+00  9.887337e+00  1.800000e+01
     vertex -1.226225e+00  9.924534e+00  1.800000e+01
   endloop
 endfacet
 facet normal -0.000000e+00  0.000000e+00  1.000000e+00
   outer loop
     vertex -2.245281e+00  1.483101e+01  1.800000e+01
     vertex -1.226225e+00  9.924534e+00  1.800000e+01
     vertex -1.839337e+00  1.488680e+01  1.800000e+01
   endloop
 endfacet
 facet normal  0.000000e+00  0.000000e+00  1.000000e+00
   outer loop
     vertex -1.479895e+01  2.447643e+00  1.800000e+01
     vertex -9.865969e+00  1.631762e+00  1.800000e+01
     vertex -9.817717e+00  1.900640e+00  1.800000e+01
   endloop
 endfacet
 facet normal  0.000000e+00  0.000000e+00  1.000000e+00
   outer loop
     vertex -1.479895e+01  2.447643e+00  1.800000e+01
     vertex -9.906859e+00  1.361666e+00  1.800000e+01
     vertex -9.865969e+00  1.631762e+00  1.800000e+01
   endloop
 endfacet
 facet normal  0.000000e+00  0.000000e+00  1.000000e+00
   outer loop
     vertex -1.479895e+01  2.447643e+00  1.800000e+01
     vertex -1.486029e+01  2.042500e+00  1.800000e+01
     vertex -9.906859e+00  1.361666e+00  1.800000e+01
   endloop
 endfacet
 facet normal  0.000000e+00  0.000000e+00  1.000000e+00
   outer loop
     vertex -2.649549e+00  1.476414e+01  1.800000e+01
     vertex -1.766366e+00  9.842761e+00  1.800000e+01
     vertex -1.496854e+00  9.887337e+00  1.800000e+01
   endloop
 endfacet
 facet normal  0.000000e+00  0.000000e+00  1.000000e+00
   outer loop
     vertex -2.649549e+00  1.476414e+01  1.800000e+01
     vertex -2.034560e+00  9.790841e+00  1.800000e+01
     vertex -1.766366e+00  9.842761e+00  1.800000e+01
   endloop
 endfacet
 facet normal -0.000000e+00  0.000000e+00  1.000000e+00
   outer loop
     vertex -2.649549e+00  1.476414e+01  1.800000e+01
     vertex -1.496854e+00  9.887337e+00  1.800000e+01
     vertex -2.245281e+00  1.483101e+01  1.800000e+01
   endloop
 endfacet
 facet normal  0.000000e+00  0.000000e+00  1.000000e+00
   outer loop
     vertex -1.472658e+01  2.850961e+00  1.800000e+01
     vertex -1.479895e+01  2.447643e+00  1.800000e+01
     vertex -9.817717e+00  1.900640e+00  1.800000e+01
   endloop
 endfacet
 facet normal -0.000000e+00  0.000000e+00  1.000000e+00
   outer loop
     vertex -3.051840e+00  1.468626e+01  1.800000e+01
     vertex -2.034560e+00  9.790841e+00  1.800000e+01
     vertex -2.649549e+00  1.476414e+01  1.800000e+01
   endloop
 endfacet
 facet normal  0.000000e+00  0.000000e+00  1.000000e+00
   outer loop
     vertex -1.464321e+01  3.252150e+00  1.800000e+01
     vertex -9.762138e+00  2.168100e+00  1.800000e+01
     vertex -9.699274e+00  2.433942e+00  1.800000e+01
   endloop
 endfacet
 facet normal  0.000000e+00  0.000000e+00  1.000000e+00
   outer loop
     vertex -1.464321e+01  3.252150e+00  1.800000e+01
     vertex -9.817717e+00  1.900640e+00  1.800000e+01
     vertex -9.762138e+00  2.168100e+00  1.800000e+01
   endloop
 endfacet
 facet normal  0.000000e+00  0.000000e+00  1.000000e+00
   outer loop
     vertex -1.464321e+01  3.252150e+00  1.800000e+01
     vertex -1.472658e+01  2.850961e+00  1.800000e+01
     vertex -9.817717e+00  1.900640e+00  1.800000e+01
   endloop
 endfacet
 facet normal  0.000000e+00  0.000000e+00  1.000000e+00
   outer loop
     vertex -3.451854e+00  1.459742e+01  1.800000e+01
     vertex -2.301236e+00  9.731614e+00  1.800000e+01
     vertex -2.034560e+00  9.790841e+00  1.800000e+01
   endloop
 endfacet
 facet normal -0.000000e+00  0.000000e+00  1.000000e+00
   outer loop
     vertex -3.451854e+00  1.459742e+01  1.800000e+01
     vertex -2.034560e+00  9.790841e+00  1.800000e+01
     vertex -3.051840e+00  1.468626e+01  1.800000e+01
   endloop
 endfacet
 facet normal  0.000000e+00  0.000000e+00  1.000000e+00
   outer loop
     vertex -1.454891e+01  3.650913e+00  1.800000e+01
     vertex -1.464321e+01  3.252150e+00  1.800000e+01
     vertex -9.699274e+00  2.433942e+00  1.800000e+01
   endloop
 endfacet
 facet normal -0.000000e+00  0.000000e+00  1.000000e+00
   outer loop
     vertex -3.849291e+00  1.449769e+01  1.800000e+01
     vertex -2.301236e+00  9.731614e+00  1.800000e+01
     vertex -3.451854e+00  1.459742e+01  1.800000e+01
   endloop
 endfacet
 facet normal  0.000000e+00  0.000000e+00  1.000000e+00
   outer loop
     vertex -3.849291e+00  1.449769e+01  1.800000e+01
     vertex -2.566194e+00  9.665125e+00  1.800000e+01
     vertex -2.301236e+00  9.731614e+00  1.800000e+01
   endloop
 endfacet
 facet normal  0.000000e+00  0.000000e+00  1.000000e+00
   outer loop
     vertex -1.444376e+01  4.046952e+00  1.800000e+01
     vertex -9.629173e+00  2.697968e+00  1.800000e+01
     vertex -9.551886e+00  2.959980e+00  1.800000e+01
   endloop
 endfacet
 facet normal  0.000000e+00  0.000000e+00  1.000000e+00
   outer loop
     vertex -1.444376e+01  4.046952e+00  1.800000e+01
     vertex -9.699274e+00  2.433942e+00  1.800000e+01
     vertex -9.629173e+00  2.697968e+00  1.800000e+01
   endloop
 endfacet
 facet normal  0.000000e+00  0.000000e+00  1.000000e+00
   outer loop
     vertex -1.444376e+01  4.046952e+00  1.800000e+01
     vertex -1.454891e+01  3.650913e+00  1.800000e+01
     vertex -9.699274e+00  2.433942e+00  1.800000e+01
   endloop
 endfacet
 facet normal  0.000000e+00  0.000000e+00  1.000000e+00
   outer loop
     vertex -4.243857e+00  1.438714e+01  1.800000e+01
     vertex -2.829238e+00  9.591424e+00  1.800000e+01
     vertex -2.566194e+00  9.665125e+00  1.800000e+01
   endloop
 endfacet
 facet normal  0.000000e+00  0.000000e+00  1.000000e+00
   outer loop
     vertex -4.243857e+00  1.438714e+01  1.800000e+01
     vertex -3.090170e+00  9.510565e+00  1.800000e+01
     vertex -2.829238e+00  9.591424e+00  1.800000e+01
   endloop
 endfacet
 facet normal -0.000000e+00  0.000000e+00  1.000000e+00
   outer loop
     vertex -4.243857e+00  1.438714e+01  1.800000e+01
     vertex -2.566194e+00  9.665125e+00  1.800000e+01
     vertex -3.849291e+00  1.449769e+01  1.800000e+01
   endloop
 endfacet
 facet normal  0.000000e+00  0.000000e+00  1.000000e+00
   outer loop
     vertex -1.432783e+01  4.439970e+00  1.800000e+01
     vertex -1.444376e+01  4.046952e+00  1.800000e+01
     vertex -9.551886e+00  2.959980e+00  1.800000e+01
   endloop
 endfacet
 facet normal -0.000000e+00  0.000000e+00  1.000000e+00
   outer loop
     vertex -4.635255e+00  1.426585e+01  1.800000e+01
     vertex -3.090170e+00  9.510565e+00  1.800000e+01
     vertex -4.243857e+00  1.438714e+01  1.800000e+01
   endloop
 endfacet
 facet normal  0.000000e+00  0.000000e+00  1.000000e+00
   outer loop
     vertex -1.420121e+01  4.829675e+00  1.800000e+01
     vertex -9.467470e+00  3.219783e+00  1.800000e+01
     vertex -9.375990e+00  3.477184e+00  1.800000e+01
   endloop
 endfacet
 facet normal  0.000000e+00  0.000000e+00  1.000000e+00
   outer loop
     vertex -1.420121e+01  4.829675e+00  1.800000e+01
     vertex -9.551886e+00  2.959980e+00  1.800000e+01
     vertex -9.467470e+00  3.219783e+00  1.800000e+01
   endloop
 endfacet
 facet normal  0.000000e+00  0.000000e+00  1.000000e+00
   outer loop
     vertex -1.420121e+01  4.829675e+00  1.800000e+01
     vertex -1.432783e+01  4.439970e+00  1.800000e+01
     vertex -9.551886e+00  2.959980e+00  1.800000e+01
   endloop
 endfacet
 facet normal -0.000000e+00  0.000000e+00  1.000000e+00
   outer loop
     vertex -5.023194e+00  1.413391e+01  1.800000e+01
     vertex -3.090170e+00  9.510565e+00  1.800000e+01
     vertex -4.635255e+00  1.426585e+01  1.800000e+01
   endloop
 endfacet
 facet normal  0.000000e+00  0.000000e+00  1.000000e+00
   outer loop
     vertex -5.023194e+00  1.413391e+01  1.800000e+01
     vertex -3.348796e+00  9.422609e+00  1.800000e+01
     vertex -3.090170e+00  9.510565e+00  1.800000e+01
   endloop
 endfacet
 facet normal  0.000000e+00  0.000000e+00  1.000000e+00
   outer loop
     vertex -1.406399e+01  5.215776e+00  1.800000e+01
     vertex -1.420121e+01  4.829675e+00  1.800000e+01
     vertex -9.375990e+00  3.477184e+00  1.800000e+01
   endloop
 endfacet
 facet normal -0.000000e+00  0.000000e+00  1.000000e+00
   outer loop
     vertex -5.407385e+00  1.399143e+01  1.800000e+01
     vertex -3.348796e+00  9.422609e+00  1.800000e+01
     vertex -5.023194e+00  1.413391e+01  1.800000e+01
   endloop
 endfacet
 facet normal  0.000000e+00  0.000000e+00  1.000000e+00
   outer loop
     vertex -5.407385e+00  1.399143e+01  1.800000e+01
     vertex -3.604923e+00  9.327622e+00  1.800000e+01
     vertex -3.348796e+00  9.422609e+00  1.800000e+01
   endloop
 endfacet
 facet normal  0.000000e+00  0.000000e+00  1.000000e+00
   outer loop
     vertex -1.391627e+01  5.597985e+00  1.800000e+01
     vertex -9.277513e+00  3.731990e+00  1.800000e+01
     vertex -9.172113e+00  3.984011e+00  1.800000e+01
   endloop
 endfacet
 facet normal  0.000000e+00  0.000000e+00  1.000000e+00
   outer loop
     vertex -1.391627e+01  5.597985e+00  1.800000e+01
     vertex -9.375990e+00  3.477184e+00  1.800000e+01
     vertex -9.277513e+00  3.731990e+00  1.800000e+01
   endloop
 endfacet
 facet normal  0.000000e+00  0.000000e+00  1.000000e+00
   outer loop
     vertex -1.391627e+01  5.597985e+00  1.800000e+01
     vertex -1.406399e+01  5.215776e+00  1.800000e+01
     vertex -9.375990e+00  3.477184e+00  1.800000e+01
   endloop
 endfacet
 facet normal  0.000000e+00  0.000000e+00  1.000000e+00
   outer loop
     vertex -5.787541e+00  1.383851e+01  1.800000e+01
     vertex -3.858360e+00  9.225674e+00  1.800000e+01
     vertex -3.604923e+00  9.327622e+00  1.800000e+01
   endloop
 endfacet
 facet normal  0.000000e+00  0.000000e+00  1.000000e+00
   outer loop
     vertex -5.787541e+00  1.383851e+01  1.800000e+01
     vertex -4.108918e+00  9.116841e+00  1.800000e+01
     vertex -3.858360e+00  9.225674e+00  1.800000e+01
   endloop
 endfacet
 facet normal -0.000000e+00  0.000000e+00  1.000000e+00
   outer loop
     vertex -5.787541e+00  1.383851e+01  1.800000e+01
     vertex -3.604923e+00  9.327622e+00  1.800000e+01
     vertex -5.407385e+00  1.399143e+01  1.800000e+01
   endloop
 endfacet
 facet normal  0.000000e+00  0.000000e+00  1.000000e+00
   outer loop
     vertex -1.375817e+01  5.976016e+00  1.800000e+01
     vertex -1.391627e+01  5.597985e+00  1.800000e+01
     vertex -9.172113e+00  3.984011e+00  1.800000e+01
   endloop
 endfacet
 facet normal  0.000000e+00  0.000000e+00  1.000000e+00
   outer loop
     vertex -1.375817e+01  5.976016e+00  1.800000e+01
     vertex -9.172113e+00  3.984011e+00  1.800000e+01
     vertex -9.059868e+00  4.233059e+00  1.800000e+01
   endloop
 endfacet
 facet normal -0.000000e+00  0.000000e+00  1.000000e+00
   outer loop
     vertex -6.163377e+00  1.367526e+01  1.800000e+01
     vertex -4.108918e+00  9.116841e+00  1.800000e+01
     vertex -5.787541e+00  1.383851e+01  1.800000e+01
   endloop
 endfacet
 facet normal  0.000000e+00  0.000000e+00  1.000000e+00
   outer loop
     vertex -1.358980e+01  6.349588e+00  1.800000e+01
     vertex -1.375817e+01  5.976016e+00  1.800000e+01
     vertex -9.059868e+00  4.233059e+00  1.800000e+01
   endloop
 endfacet
 facet normal  0.000000e+00  0.000000e+00  1.000000e+00
   outer loop
     vertex -1.358980e+01  6.349588e+00  1.800000e+01
     vertex -9.059868e+00  4.233059e+00  1.800000e+01
     vertex -8.940863e+00  4.478948e+00  1.800000e+01
   endloop
 endfacet
 facet normal -0.000000e+00  0.000000e+00  1.000000e+00
   outer loop
     vertex -6.534615e+00  1.350181e+01  1.800000e+01
     vertex -4.108918e+00  9.116841e+00  1.800000e+01
     vertex -6.163377e+00  1.367526e+01  1.800000e+01
   endloop
 endfacet
 facet normal  0.000000e+00  0.000000e+00  1.000000e+00
   outer loop
     vertex -6.534615e+00  1.350181e+01  1.800000e+01
     vertex -4.356410e+00  9.001205e+00  1.800000e+01
     vertex -4.108918e+00  9.116841e+00  1.800000e+01
   endloop
 endfacet
 facet normal  0.000000e+00  0.000000e+00  1.000000e+00
   outer loop
     vertex -1.341129e+01  6.718422e+00  1.800000e+01
     vertex -1.358980e+01  6.349588e+00  1.800000e+01
     vertex -8.940863e+00  4.478948e+00  1.800000e+01
   endloop
 endfacet
 facet normal -0.000000e+00  0.000000e+00  1.000000e+00
   outer loop
     vertex -6.900976e+00  1.331828e+01  1.800000e+01
     vertex -4.356410e+00  9.001205e+00  1.800000e+01
     vertex -6.534615e+00  1.350181e+01  1.800000e+01
   endloop
 endfacet
 facet normal  0.000000e+00  0.000000e+00  1.000000e+00
   outer loop
     vertex -6.900976e+00  1.331828e+01  1.800000e+01
     vertex -4.600650e+00  8.878852e+00  1.800000e+01
     vertex -4.356410e+00  9.001205e+00  1.800000e+01
   endloop
 endfacet
 facet normal  0.000000e+00  0.000000e+00  1.000000e+00
   outer loop
     vertex -1.322278e+01  7.082242e+00  1.800000e+01
     vertex -1.341129e+01  6.718422e+00  1.800000e+01
     vertex -8.940863e+00  4.478948e+00  1.800000e+01
   endloop
 endfacet
 facet normal  0.000000e+00  0.000000e+00  1.000000e+00
   outer loop
     vertex -1.322278e+01  7.082242e+00  1.800000e+01
     vertex -8.940863e+00  4.478948e+00  1.800000e+01
     vertex -8.815185e+00  4.721495e+00  1.800000e+01
   endloop
 endfacet
 facet normal -0.000000e+00  0.000000e+00  1.000000e+00
   outer loop
     vertex -7.262187e+00  1.312481e+01  1.800000e+01
     vertex -4.600650e+00  8.878852e+00  1.800000e+01
     vertex -6.900976e+00  1.331828e+01  1.800000e+01
   endloop
 endfacet
 facet normal  0.000000e+00  0.000000e+00  1.000000e+00
   outer loop
     vertex -7.262187e+00  1.312481e+01  1.800000e+01
     vertex -4.841458e+00  8.749873e+00  1.800000e+01
     vertex -4.600650e+00  8.878852e+00  1.800000e+01
   endloop
 endfacet
 facet normal  0.000000e+00  0.000000e+00  1.000000e+00
   outer loop
     vertex -7.262187e+00  1.312481e+01  1.800000e+01
     vertex -5.078652e+00  8.614365e+00  1.800000e+01
     vertex -4.841458e+00  8.749873e+00  1.800000e+01
   endloop
 endfacet
 facet normal  0.000000e+00  0.000000e+00  1.000000e+00
   outer loop
     vertex -1.302439e+01  7.440777e+00  1.800000e+01
     vertex -1.322278e+01  7.082242e+00  1.800000e+01
     vertex -8.815185e+00  4.721495e+00  1.800000e+01
   endloop
 endfacet
 facet normal  0.000000e+00  0.000000e+00  1.000000e+00
   outer loop
     vertex -1.302439e+01  7.440777e+00  1.800000e+01
     vertex -8.815185e+00  4.721495e+00  1.800000e+01
     vertex -8.682929e+00  4.960518e+00  1.800000e+01
   endloop
 endfacet
 facet normal -0.000000e+00  0.000000e+00  1.000000e+00
   outer loop
     vertex -7.617979e+00  1.292155e+01  1.800000e+01
     vertex -5.078652e+00  8.614365e+00  1.800000e+01
     vertex -7.262187e+00  1.312481e+01  1.800000e+01
   endloop
 endfacet
 facet normal  0.000000e+00  0.000000e+00  1.000000e+00
   outer loop
     vertex -1.281629e+01  7.793759e+00  1.800000e+01
     vertex -1.302439e+01  7.440777e+00  1.800000e+01
     vertex -8.682929e+00  4.960518e+00  1.800000e+01
   endloop
 endfacet
 facet normal  0.000000e+00  0.000000e+00  1.000000e+00
   outer loop
     vertex -1.281629e+01  7.793759e+00  1.800000e+01
     vertex -8.682929e+00  4.960518e+00  1.800000e+01
     vertex -8.544194e+00  5.195840e+00  1.800000e+01
   endloop
 endfacet
 facet normal -0.000000e+00  0.000000e+00  1.000000e+00
   outer loop
     vertex -7.968086e+00  1.270864e+01  1.800000e+01
     vertex -5.078652e+00  8.614365e+00  1.800000e+01
     vertex -7.617979e+00  1.292155e+01  1.800000e+01
   endloop
 endfacet
 facet normal  0.000000e+00  0.000000e+00  1.000000e+00
   outer loop
     vertex -7.968086e+00  1.270864e+01  1.800000e+01
     vertex -5.312057e+00  8.472429e+00  1.800000e+01
     vertex -5.078652e+00  8.614365e+00  1.800000e+01
   endloop
 endfacet
 facet normal  4.505331e-15  7.408701e-15  1.000000e+00
   outer loop
     vertex -1.259862e+01  8.140926e+00  1.800000e+01
     vertex -1.281629e+01  7.793759e+00  1.800000e+01
     vertex -8.544194e+00  5.195840e+00  1.800000e+01
   endloop
 endfacet
 facet normal -6.020584e-16  3.774796e-16  1.000000e+00
   outer loop
     vertex -1.259862e+01  8.140926e+00  1.800000e+01
     vertex -8.544194e+00  5.195840e+00  1.800000e+01
     vertex -8.399083e+00  5.427284e+00  1.800000e+01
   endloop
 endfacet
 facet normal -0.000000e+00  0.000000e+00  1.000000e+00
   outer loop
     vertex -8.312247e+00  1.248625e+01  1.800000e+01
     vertex -5.312057e+00  8.472429e+00  1.800000e+01
     vertex -7.968086e+00  1.270864e+01  1.800000e+01
   endloop
 endfacet
 facet normal  0.000000e+00  0.000000e+00  1.000000e+00
   outer loop
     vertex -8.312247e+00  1.248625e+01  1.800000e+01
     vertex -5.541498e+00  8.324170e+00  1.800000e+01
     vertex -5.312057e+00  8.472429e+00  1.800000e+01
   endloop
 endfacet
 facet normal  0.000000e+00  0.000000e+00  1.000000e+00
   outer loop
     vertex -8.312247e+00  1.248625e+01  1.800000e+01
     vertex -5.766803e+00  8.169699e+00  1.800000e+01
     vertex -5.541498e+00  8.324170e+00  1.800000e+01
   endloop
 endfacet
 facet normal -5.915230e-16  3.937838e-16  1.000000e+00
   outer loop
     vertex -1.237156e+01  8.482017e+00  1.800000e+01
     vertex -1.259862e+01  8.140926e+00  1.800000e+01
     vertex -8.399083e+00  5.427284e+00  1.800000e+01
   endloop
 endfacet
 facet normal -5.915230e-16  3.937838e-16  1.000000e+00
   outer loop
     vertex -1.237156e+01  8.482017e+00  1.800000e+01
     vertex -8.399083e+00  5.427284e+00  1.800000e+01
     vertex -8.247704e+00  5.654678e+00  1.800000e+01
   endloop
 endfacet
 facet normal -0.000000e+00  0.000000e+00  1.000000e+00
   outer loop
     vertex -8.650205e+00  1.225455e+01  1.800000e+01
     vertex -5.766803e+00  8.169699e+00  1.800000e+01
     vertex -8.312247e+00  1.248625e+01  1.800000e+01
   endloop
 endfacet
 facet normal -5.805462e-16  4.097942e-16  1.000000e+00
   outer loop
     vertex -1.213525e+01  8.816779e+00  1.800000e+01
     vertex -1.237156e+01  8.482017e+00  1.800000e+01
     vertex -8.247704e+00  5.654678e+00  1.800000e+01
   endloop
 endfacet
 facet normal -5.805462e-16  4.097942e-16  1.000000e+00
   outer loop
     vertex -1.213525e+01  8.816779e+00  1.800000e+01
     vertex -8.247704e+00  5.654678e+00  1.800000e+01
     vertex -8.090170e+00  5.877853e+00  1.800000e+01
   endloop
 endfacet
 facet normal -0.000000e+00  0.000000e+00  1.000000e+00
   outer loop
     vertex -8.981708e+00  1.201370e+01  1.800000e+01
     vertex -5.766803e+00  8.169699e+00  1.800000e+01
     vertex -8.650205e+00  1.225455e+01  1.800000e+01
   endloop
 endfacet
 facet normal  0.000000e+00  0.000000e+00  1.000000e+00
   outer loop
     vertex -8.981708e+00  1.201370e+01  1.800000e+01
     vertex -5.987805e+00  8.009132e+00  1.800000e+01
     vertex -5.766803e+00  8.169699e+00  1.800000e+01
   endloop
 endfacet
 facet normal  1.041712e-14  7.788070e-15  1.000000e+00
   outer loop
     vertex -8.981708e+00  1.201370e+01  1.800000e+01
     vertex -6.204339e+00  7.842588e+00  1.800000e+01
     vertex -5.987805e+00  8.009132e+00  1.800000e+01
   endloop
 endfacet
 facet normal -5.691361e-16  4.254988e-16  1.000000e+00
   outer loop
     vertex -1.188990e+01  9.144961e+00  1.800000e+01
     vertex -1.213525e+01  8.816779e+00  1.800000e+01
     vertex -8.090170e+00  5.877853e+00  1.800000e+01
   endloop
 endfacet
 facet normal -5.691361e-16  4.254988e-16  1.000000e+00
   outer loop
     vertex -1.188990e+01  9.144961e+00  1.800000e+01
     vertex -8.090170e+00  5.877853e+00  1.800000e+01
     vertex -7.926599e+00  6.096641e+00  1.800000e+01
   endloop
 endfacet
 facet normal -4.332328e-16  5.632713e-16  1.000000e+00
   outer loop
     vertex -9.306508e+00  1.176388e+01  1.800000e+01
     vertex -6.204339e+00  7.842588e+00  1.800000e+01
     vertex -8.981708e+00  1.201370e+01  1.800000e+01
   endloop
 endfacet
 facet normal -5.573013e-16  4.408859e-16  1.000000e+00
   outer loop
     vertex -1.163567e+01  9.466319e+00  1.800000e+01
     vertex -1.188990e+01  9.144961e+00  1.800000e+01
     vertex -7.926599e+00  6.096641e+00  1.800000e+01
   endloop
 endfacet
 facet normal -5.573013e-16  4.408859e-16  1.000000e+00
   outer loop
     vertex -1.163567e+01  9.466319e+00  1.800000e+01
     vertex -7.926599e+00  6.096641e+00  1.800000e+01
     vertex -7.757113e+00  6.310879e+00  1.800000e+01
   endloop
 endfacet
 facet normal -4.484568e-16  5.512274e-16  1.000000e+00
   outer loop
     vertex -9.624364e+00  1.150529e+01  1.800000e+01
     vertex -6.204339e+00  7.842588e+00  1.800000e+01
     vertex -9.306508e+00  1.176388e+01  1.800000e+01
   endloop
 endfacet
 facet normal -4.484568e-16  5.512274e-16  1.000000e+00
   outer loop
     vertex -9.624364e+00  1.150529e+01  1.800000e+01
     vertex -6.416243e+00  7.670191e+00  1.800000e+01
     vertex -6.204339e+00  7.842588e+00  1.800000e+01
   endloop
 endfacet
 facet normal -5.450507e-16  4.559440e-16  1.000000e+00
   outer loop
     vertex -1.137276e+01  9.780613e+00  1.800000e+01
     vertex -1.163567e+01  9.466319e+00  1.800000e+01
     vertex -7.757113e+00  6.310879e+00  1.800000e+01
   endloop
 endfacet
 facet normal -5.450507e-16  4.559440e-16  1.000000e+00
   outer loop
     vertex -1.137276e+01  9.780613e+00  1.800000e+01
     vertex -7.757113e+00  6.310879e+00  1.800000e+01
     vertex -7.581838e+00  6.520409e+00  1.800000e+01
   endloop
 endfacet
 facet normal -4.633461e-16  5.387723e-16  1.000000e+00
   outer loop
     vertex -9.935037e+00  1.123811e+01  1.800000e+01
     vertex -6.416243e+00  7.670191e+00  1.800000e+01
     vertex -9.624364e+00  1.150529e+01  1.800000e+01
   endloop
 endfacet
 facet normal -4.633461e-16  5.387723e-16  1.000000e+00
   outer loop
     vertex -9.935037e+00  1.123811e+01  1.800000e+01
     vertex -6.623358e+00  7.492071e+00  1.800000e+01
     vertex -6.416243e+00  7.670191e+00  1.800000e+01
   endloop
 endfacet
 facet normal -5.323933e-16  4.706618e-16  1.000000e+00
   outer loop
     vertex -1.110136e+01  1.008761e+01  1.800000e+01
     vertex -1.137276e+01  9.780613e+00  1.800000e+01
     vertex -7.581838e+00  6.520409e+00  1.800000e+01
   endloop
 endfacet
 facet normal -5.323933e-16  4.706618e-16  1.000000e+00
   outer loop
     vertex -1.110136e+01  1.008761e+01  1.800000e+01
     vertex -7.581838e+00  6.520409e+00  1.800000e+01
     vertex -7.400906e+00  6.725072e+00  1.800000e+01
   endloop
 endfacet
 facet normal -4.778897e-16  5.259150e-16  1.000000e+00
   outer loop
     vertex -1.023830e+01  1.096254e+01  1.800000e+01
     vertex -6.623358e+00  7.492071e+00  1.800000e+01
     vertex -9.935037e+00  1.123811e+01  1.800000e+01
   endloop
 endfacet
 facet normal -4.778897e-16  5.259150e-16  1.000000e+00
   outer loop
     vertex -1.023830e+01  1.096254e+01  1.800000e+01
     vertex -6.825531e+00  7.308360e+00  1.800000e+01
     vertex -6.623358e+00  7.492071e+00  1.800000e+01
   endloop
 endfacet
 facet normal -5.193386e-16  4.850284e-16  1.000000e+00
   outer loop
     vertex -1.082168e+01  1.038708e+01  1.800000e+01
     vertex -1.110136e+01  1.008761e+01  1.800000e+01
     vertex -7.400906e+00  6.725072e+00  1.800000e+01
   endloop
 endfacet
 facet normal -5.193386e-16  4.850284e-16  1.000000e+00
   outer loop
     vertex -1.082168e+01  1.038708e+01  1.800000e+01
     vertex -7.400906e+00  6.725072e+00  1.800000e+01
     vertex -7.214450e+00  6.924717e+00  1.800000e+01
   endloop
 endfacet
 facet normal -4.920767e-16  5.126653e-16  1.000000e+00
   outer loop
     vertex -1.053392e+01  1.067879e+01  1.800000e+01
     vertex -6.825531e+00  7.308360e+00  1.800000e+01
     vertex -1.023830e+01  1.096254e+01  1.800000e+01
   endloop
 endfacet
 facet normal -4.920767e-16  5.126653e-16  1.000000e+00
   outer loop
     vertex -1.053392e+01  1.067879e+01  1.800000e+01
     vertex -7.022611e+00  7.119195e+00  1.800000e+01
     vertex -6.825531e+00  7.308360e+00  1.800000e+01
   endloop
 endfacet
 facet normal -5.058964e-16  4.990331e-16  1.000000e+00
   outer loop
     vertex -1.053392e+01  1.067879e+01  1.800000e+01
     vertex -7.214450e+00  6.924717e+00  1.800000e+01
     vertex -7.022611e+00  7.119195e+00  1.800000e+01
   endloop
 endfacet
 facet normal -5.058964e-16  4.990331e-16  1.000000e+00
   outer loop
     vertex -1.053392e+01  1.067879e+01  1.800000e+01
     vertex -1.082168e+01  1.038708e+01  1.800000e+01
     vertex -7.214450e+00  6.924717e+00  1.800000e+01
   endloop
 endfacet
 facet normal  9.999067e-01  1.365867e-02 -3.032835e-18
   outer loop
     vertex  9.996269e+00  2.731480e-01  1.800000e+01
     vertex  9.996269e+00  2.731480e-01  2.200000e+01
     vertex  1.000000e+01  4.884981e-15  2.200000e+01
   endloop
 endfacet
 facet normal  9.999067e-01  1.365867e-02 -2.991030e-18
   outer loop
     vertex  9.996269e+00  2.731480e-01  1.800000e+01
     vertex  1.000000e+01  4.884981e-15  2.200000e+01
     vertex  1.000000e+01  3.996803e-15  1.800000e+01
   endloop
 endfacet
 facet normal  9.991605e-01  4.096583e-02 -9.096241e-18
   outer loop
     vertex  9.985078e+00  5.460922e-01  1.800000e+01
     vertex  9.985078e+00  5.460922e-01  2.200000e+01
     vertex  9.996269e+00  2.731480e-01  2.200000e+01
   endloop
 endfacet
 facet normal  9.991605e-01  4.096583e-02 -8.976052e-18
   outer loop
     vertex  9.985078e+00  5.460922e-01  1.800000e+01
     vertex  9.996269e+00  2.731480e-01  2.200000e+01
     vertex  9.996269e+00  2.731480e-01  1.800000e+01
   endloop
 endfacet
 facet normal  9.976688e-01  6.824241e-02 -1.515286e-17
   outer loop
     vertex  9.966436e+00  8.186288e-01  1.800000e+01
     vertex  9.966436e+00  8.186288e-01  2.200000e+01
     vertex  9.985078e+00  5.460922e-01  2.200000e+01
   endloop
 endfacet
 facet normal  9.976688e-01  6.824241e-02 -1.499213e-17
   outer loop
     vertex  9.966436e+00  8.186288e-01  1.800000e+01
     vertex  9.985078e+00  5.460922e-01  2.200000e+01
     vertex  9.985078e+00  5.460922e-01  1.800000e+01
   endloop
 endfacet
 facet normal  9.954325e-01  9.546807e-02 -2.119817e-17
   outer loop
     vertex  9.940357e+00  1.090555e+00  1.800000e+01
     vertex  9.940357e+00  1.090555e+00  2.200000e+01
     vertex  9.966436e+00  8.186288e-01  2.200000e+01
   endloop
 endfacet
 facet normal  9.954325e-01  9.546807e-02 -2.102649e-17
   outer loop
     vertex  9.940357e+00  1.090555e+00  1.800000e+01
     vertex  9.966436e+00  8.186288e-01  2.200000e+01
     vertex  9.966436e+00  8.186288e-01  1.800000e+01
   endloop
 endfacet
 facet normal  9.924534e-01  1.226225e-01 -2.722766e-17
   outer loop
     vertex  9.906859e+00  1.361666e+00  1.800000e+01
     vertex  9.906859e+00  1.361666e+00  2.200000e+01
     vertex  9.940357e+00  1.090555e+00  2.200000e+01
   endloop
 endfacet
 facet normal  9.924534e-01  1.226225e-01 -2.766680e-17
   outer loop
     vertex  9.906859e+00  1.361666e+00  1.800000e+01
     vertex  9.940357e+00  1.090555e+00  2.200000e+01
     vertex  9.940357e+00  1.090555e+00  1.800000e+01
   endloop
 endfacet
 facet normal  9.887337e-01  1.496854e-01 -3.323684e-17
   outer loop
     vertex  9.865969e+00  1.631762e+00  1.800000e+01
     vertex  9.865969e+00  1.631762e+00  2.200000e+01
     vertex  9.906859e+00  1.361666e+00  2.200000e+01
   endloop
 endfacet
 facet normal  9.842761e-01  1.766366e-01 -3.922121e-17
   outer loop
     vertex  9.865969e+00  1.631762e+00  1.800000e+01
     vertex  9.817717e+00  1.900640e+00  2.200000e+01
     vertex  9.865969e+00  1.631762e+00  2.200000e+01
   endloop
 endfacet
 facet normal  9.887337e-01  1.496854e-01 -3.390614e-17
   outer loop
     vertex  9.865969e+00  1.631762e+00  1.800000e+01
     vertex  9.906859e+00  1.361666e+00  2.200000e+01
     vertex  9.906859e+00  1.361666e+00  1.800000e+01
   endloop
 endfacet
 facet normal  9.842761e-01  1.766366e-01 -3.922121e-17
   outer loop
     vertex  9.817717e+00  1.900640e+00  1.800000e+01
     vertex  9.817717e+00  1.900640e+00  2.200000e+01
     vertex  9.865969e+00  1.631762e+00  1.800000e+01
   endloop
 endfacet
 facet normal  9.790841e-01  2.034560e-01 -4.517631e-17
   outer loop
     vertex  9.762138e+00  2.168100e+00  1.800000e+01
     vertex  9.762138e+00  2.168100e+00  2.200000e+01
     vertex  9.817717e+00  1.900640e+00  2.200000e+01
   endloop
 endfacet
 facet normal  9.790841e-01  2.034560e-01 -4.442954e-17
   outer loop
     vertex  9.762138e+00  2.168100e+00  1.800000e+01
     vertex  9.817717e+00  1.900640e+00  2.200000e+01
     vertex  9.817717e+00  1.900640e+00  1.800000e+01
   endloop
 endfacet
 facet normal  9.731614e-01  2.301236e-01 -5.109770e-17
   outer loop
     vertex  9.699274e+00  2.433942e+00  1.800000e+01
     vertex  9.699274e+00  2.433942e+00  2.200000e+01
     vertex  9.762138e+00  2.168100e+00  2.200000e+01
   endloop
 endfacet
 facet normal  9.731614e-01  2.301236e-01 -5.205638e-17
   outer loop
     vertex  9.699274e+00  2.433942e+00  1.800000e+01
     vertex  9.762138e+00  2.168100e+00  2.200000e+01
     vertex  9.762138e+00  2.168100e+00  1.800000e+01
   endloop
 endfacet
 facet normal  9.665125e-01  2.566194e-01 -5.698096e-17
   outer loop
     vertex  9.629173e+00  2.697968e+00  1.800000e+01
     vertex  9.629173e+00  2.697968e+00  2.200000e+01
     vertex  9.699274e+00  2.433942e+00  2.200000e+01
   endloop
 endfacet
 facet normal  9.665125e-01  2.566194e-01 -5.563618e-17
   outer loop
     vertex  9.629173e+00  2.697968e+00  1.800000e+01
     vertex  9.699274e+00  2.433942e+00  2.200000e+01
     vertex  9.699274e+00  2.433942e+00  1.800000e+01
   endloop
 endfacet
 facet normal  9.591424e-01  2.829238e-01 -6.282170e-17
   outer loop
     vertex  9.551886e+00  2.959980e+00  1.800000e+01
     vertex  9.551886e+00  2.959980e+00  2.200000e+01
     vertex  9.629173e+00  2.697968e+00  2.200000e+01
   endloop
 endfacet
 facet normal  9.591424e-01  2.829238e-01 -6.385930e-17
   outer loop
     vertex  9.551886e+00  2.959980e+00  1.800000e+01
     vertex  9.629173e+00  2.697968e+00  2.200000e+01
     vertex  9.629173e+00  2.697968e+00  1.800000e+01
   endloop
 endfacet
 facet normal  9.510565e-01  3.090170e-01 -6.861556e-17
   outer loop
     vertex  9.467470e+00  3.219783e+00  1.800000e+01
     vertex  9.467470e+00  3.219783e+00  2.200000e+01
     vertex  9.551886e+00  2.959980e+00  2.200000e+01
   endloop
 endfacet
 facet normal  9.510565e-01  3.090170e-01 -6.885268e-17
   outer loop
     vertex  9.467470e+00  3.219783e+00  1.800000e+01
     vertex  9.551886e+00  2.959980e+00  2.200000e+01
     vertex  9.551886e+00  2.959980e+00  1.800000e+01
   endloop
 endfacet
 facet normal  9.422609e-01  3.348796e-01 -7.435821e-17
   outer loop
     vertex  9.375990e+00  3.477184e+00  1.800000e+01
     vertex  9.375990e+00  3.477184e+00  2.200000e+01
     vertex  9.467470e+00  3.219783e+00  2.200000e+01
   endloop
 endfacet
 facet normal  9.422609e-01  3.348796e-01 -7.572806e-17
   outer loop
     vertex  9.375990e+00  3.477184e+00  1.800000e+01
     vertex  9.467470e+00  3.219783e+00  2.200000e+01
     vertex  9.467470e+00  3.219783e+00  1.800000e+01
   endloop
 endfacet
 facet normal  9.327622e-01  3.604923e-01 -8.004538e-17
   outer loop
     vertex  9.277513e+00  3.731990e+00  1.800000e+01
     vertex  9.277513e+00  3.731990e+00  2.200000e+01
     vertex  9.375990e+00  3.477184e+00  2.200000e+01
   endloop
 endfacet
 facet normal  9.327622e-01  3.604923e-01 -8.132257e-17
   outer loop
     vertex  9.277513e+00  3.731990e+00  1.800000e+01
     vertex  9.375990e+00  3.477184e+00  2.200000e+01
     vertex  9.375990e+00  3.477184e+00  1.800000e+01
   endloop
 endfacet
 facet normal  9.225674e-01  3.858360e-01 -8.567281e-17
   outer loop
     vertex  9.172113e+00  3.984011e+00  1.800000e+01
     vertex  9.172113e+00  3.984011e+00  2.200000e+01
     vertex  9.277513e+00  3.731990e+00  2.200000e+01
   endloop
 endfacet
 facet normal  9.225674e-01  3.858360e-01 -8.563742e-17
   outer loop
     vertex  9.172113e+00  3.984011e+00  1.800000e+01
     vertex  9.277513e+00  3.731990e+00  2.200000e+01
     vertex  9.277513e+00  3.731990e+00  1.800000e+01
   endloop
 endfacet
 facet normal  9.116841e-01  4.108918e-01 -0.000000e+00
   outer loop
     vertex  9.059868e+00  4.233059e+00  1.800000e+01
     vertex  9.059868e+00  4.233059e+00  2.200000e+01
     vertex  9.172113e+00  3.984011e+00  2.200000e+01
   endloop
 endfacet
 facet normal  9.001205e-01  4.356410e-01 -0.000000e+00
   outer loop
     vertex  9.059868e+00  4.233059e+00  1.800000e+01
     vertex  8.940863e+00  4.478948e+00  2.200000e+01
     vertex  9.059868e+00  4.233059e+00  2.200000e+01
   endloop
 endfacet
 facet normal  9.116841e-01  4.108918e-01 -9.221073e-17
   outer loop
     vertex  9.059868e+00  4.233059e+00  1.800000e+01
     vertex  9.172113e+00  3.984011e+00  2.200000e+01
     vertex  9.172113e+00  3.984011e+00  1.800000e+01
   endloop
 endfacet
 facet normal  9.001205e-01  4.356410e-01 -1.934635e-16
   outer loop
     vertex  8.940863e+00  4.478948e+00  1.800000e+01
     vertex  8.940863e+00  4.478948e+00  2.200000e+01
     vertex  9.059868e+00  4.233059e+00  1.800000e+01
   endloop
 endfacet
 facet normal  8.878852e-01  4.600650e-01 -2.031130e-16
   outer loop
     vertex  8.815185e+00  4.721495e+00  1.800000e+01
     vertex  8.940863e+00  4.478948e+00  2.200000e+01
     vertex  8.940863e+00  4.478948e+00  1.800000e+01
   endloop
 endfacet
 facet normal  8.878852e-01  4.600650e-01 -0.000000e+00
   outer loop
     vertex  8.815185e+00  4.721495e+00  1.800000e+01
     vertex  8.815185e+00  4.721495e+00  2.200000e+01
     vertex  8.940863e+00  4.478948e+00  2.200000e+01
   endloop
 endfacet
 facet normal  8.749873e-01  4.841458e-01 -0.000000e+00
   outer loop
     vertex  8.815185e+00  4.721495e+00  1.800000e+01
     vertex  8.682929e+00  4.960518e+00  2.200000e+01
     vertex  8.815185e+00  4.721495e+00  2.200000e+01
   endloop
 endfacet
 facet normal  8.749873e-01  4.841458e-01 -0.000000e+00
   outer loop
     vertex  8.682929e+00  4.960518e+00  1.800000e+01
     vertex  8.682929e+00  4.960518e+00  2.200000e+01
     vertex  8.815185e+00  4.721495e+00  1.800000e+01
   endloop
 endfacet
 facet normal  8.614365e-01  5.078652e-01 -1.526173e-18
   outer loop
     vertex  8.544194e+00  5.195840e+00  1.800000e+01
     vertex  8.682929e+00  4.960518e+00  2.200000e+01
     vertex  8.682929e+00  4.960518e+00  1.800000e+01
   endloop
 endfacet
 facet normal  8.614365e-01  5.078652e-01 -2.255375e-16
   outer loop
     vertex  8.544194e+00  5.195840e+00  1.800000e+01
     vertex  8.544194e+00  5.195840e+00  2.200000e+01
     vertex  8.682929e+00  4.960518e+00  2.200000e+01
   endloop
 endfacet
 facet normal  8.472429e-01  5.312057e-01 -2.359027e-16
   outer loop
     vertex  8.544194e+00  5.195840e+00  1.800000e+01
     vertex  8.399083e+00  5.427284e+00  2.200000e+01
     vertex  8.544194e+00  5.195840e+00  2.200000e+01
   endloop
 endfacet
 facet normal  8.472429e-01  5.312057e-01 -0.000000e+00
   outer loop
     vertex  8.399083e+00  5.427284e+00  1.800000e+01
     vertex  8.399083e+00  5.427284e+00  2.200000e+01
     vertex  8.544194e+00  5.195840e+00  1.800000e+01
   endloop
 endfacet
 facet normal  8.324170e-01  5.541498e-01 -0.000000e+00
   outer loop
     vertex  8.247704e+00  5.654678e+00  1.800000e+01
     vertex  8.247704e+00  5.654678e+00  2.200000e+01
     vertex  8.399083e+00  5.427284e+00  2.200000e+01
   endloop
 endfacet
 facet normal  8.324170e-01  5.541498e-01  2.773968e-18
   outer loop
     vertex  8.247704e+00  5.654678e+00  1.800000e+01
     vertex  8.399083e+00  5.427284e+00  2.200000e+01
     vertex  8.399083e+00  5.427284e+00  1.800000e+01
   endloop
 endfacet
 facet normal  8.169699e-01  5.766803e-01 -2.560975e-16
   outer loop
     vertex  8.090170e+00  5.877853e+00  1.800000e+01
     vertex  8.090170e+00  5.877853e+00  2.200000e+01
     vertex  8.247704e+00  5.654678e+00  2.200000e+01
   endloop
 endfacet
 facet normal  8.009132e-01  5.987805e-01 -2.659120e-16
   outer loop
     vertex  8.090170e+00  5.877853e+00  1.800000e+01
     vertex  7.926599e+00  6.096641e+00  2.200000e+01
     vertex  8.090170e+00  5.877853e+00  2.200000e+01
   endloop
 endfacet
 facet normal  8.169699e-01  5.766803e-01  1.956145e-18
   outer loop
     vertex  8.090170e+00  5.877853e+00  1.800000e+01
     vertex  8.247704e+00  5.654678e+00  2.200000e+01
     vertex  8.247704e+00  5.654678e+00  1.800000e+01
   endloop
 endfacet
 facet normal  8.009132e-01  5.987805e-01 -0.000000e+00
   outer loop
     vertex  7.926599e+00  6.096641e+00  1.800000e+01
     vertex  7.926599e+00  6.096641e+00  2.200000e+01
     vertex  8.090170e+00  5.877853e+00  1.800000e+01
   endloop
 endfacet
 facet normal  7.842588e-01  6.204339e-01 -0.000000e+00
   outer loop
     vertex  7.757113e+00  6.310879e+00  1.800000e+01
     vertex  7.757113e+00  6.310879e+00  2.200000e+01
     vertex  7.926599e+00  6.096641e+00  2.200000e+01
   endloop
 endfacet
 facet normal  7.670191e-01  6.416243e-01 -0.000000e+00
   outer loop
     vertex  7.757113e+00  6.310879e+00  1.800000e+01
     vertex  7.581838e+00  6.520409e+00  2.200000e+01
     vertex  7.757113e+00  6.310879e+00  2.200000e+01
   endloop
 endfacet
 facet normal  7.842588e-01  6.204339e-01 -2.738245e-18
   outer loop
     vertex  7.757113e+00  6.310879e+00  1.800000e+01
     vertex  7.926599e+00  6.096641e+00  2.200000e+01
     vertex  7.926599e+00  6.096641e+00  1.800000e+01
   endloop
 endfacet
 facet normal  7.492071e-01  6.623358e-01 -0.000000e+00
   outer loop
     vertex  7.581838e+00  6.520409e+00  1.800000e+01
     vertex  7.400906e+00  6.725072e+00  2.200000e+01
     vertex  7.581838e+00  6.520409e+00  2.200000e+01
   endloop
 endfacet
 facet normal  7.670191e-01  6.416243e-01 -0.000000e+00
   outer loop
     vertex  7.581838e+00  6.520409e+00  1.800000e+01
     vertex  7.581838e+00  6.520409e+00  2.200000e+01
     vertex  7.757113e+00  6.310879e+00  1.800000e+01
   endloop
 endfacet
 facet normal  7.492071e-01  6.623358e-01 -2.941362e-16
   outer loop
     vertex  7.400906e+00  6.725072e+00  1.800000e+01
     vertex  7.400906e+00  6.725072e+00  2.200000e+01
     vertex  7.581838e+00  6.520409e+00  1.800000e+01
   endloop
 endfacet
 facet normal  7.308360e-01  6.825531e-01 -3.031145e-16
   outer loop
     vertex  7.214450e+00  6.924717e+00  1.800000e+01
     vertex  7.214450e+00  6.924717e+00  2.200000e+01
     vertex  7.400906e+00  6.725072e+00  2.200000e+01
   endloop
 endfacet
 facet normal  7.119195e-01  7.022611e-01 -3.118666e-16
   outer loop
     vertex  7.214450e+00  6.924717e+00  1.800000e+01
     vertex  7.022611e+00  7.119195e+00  2.200000e+01
     vertex  7.214450e+00  6.924717e+00  2.200000e+01
   endloop
 endfacet
 facet normal  7.308360e-01  6.825531e-01 -3.049949e-16
   outer loop
     vertex  7.214450e+00  6.924717e+00  1.800000e+01
     vertex  7.400906e+00  6.725072e+00  2.200000e+01
     vertex  7.400906e+00  6.725072e+00  1.800000e+01
   endloop
 endfacet
 facet normal  7.119195e-01  7.022611e-01 -3.118666e-16
   outer loop
     vertex  7.022611e+00  7.119195e+00  1.800000e+01
     vertex  7.022611e+00  7.119195e+00  2.200000e+01
     vertex  7.214450e+00  6.924717e+00  1.800000e+01
   endloop
 endfacet
 facet normal  6.924717e-01  7.214450e-01 -3.203859e-16
   outer loop
     vertex  6.825531e+00  7.308360e+00  1.800000e+01
     vertex  6.825531e+00  7.308360e+00  2.200000e+01
     vertex  7.022611e+00  7.119195e+00  2.200000e+01
   endloop
 endfacet
 facet normal  6.924717e-01  7.214450e-01 -3.185562e-16
   outer loop
     vertex  6.825531e+00  7.308360e+00  1.800000e+01
     vertex  7.022611e+00  7.119195e+00  2.200000e+01
     vertex  7.022611e+00  7.119195e+00  1.800000e+01
   endloop
 endfacet
 facet normal  6.725072e-01  7.400906e-01 -3.286662e-16
   outer loop
     vertex  6.623358e+00  7.492071e+00  1.800000e+01
     vertex  6.623358e+00  7.492071e+00  2.200000e+01
     vertex  6.825531e+00  7.308360e+00  2.200000e+01
   endloop
 endfacet
 facet normal  6.725072e-01  7.400906e-01 -3.282923e-16
   outer loop
     vertex  6.623358e+00  7.492071e+00  1.800000e+01
     vertex  6.825531e+00  7.308360e+00  2.200000e+01
     vertex  6.825531e+00  7.308360e+00  1.800000e+01
   endloop
 endfacet
 facet normal  6.520409e-01  7.581838e-01 -0.000000e+00
   outer loop
     vertex  6.416243e+00  7.670191e+00  1.800000e+01
     vertex  6.416243e+00  7.670191e+00  2.200000e+01
     vertex  6.623358e+00  7.492071e+00  2.200000e+01
   endloop
 endfacet
 facet normal  6.520409e-01  7.581838e-01 -3.360572e-16
   outer loop
     vertex  6.416243e+00  7.670191e+00  1.800000e+01
     vertex  6.623358e+00  7.492071e+00  2.200000e+01
     vertex  6.623358e+00  7.492071e+00  1.800000e+01
   endloop
 endfacet
 facet normal  6.310879e-01  7.757113e-01 -3.444850e-16
   outer loop
     vertex  6.204339e+00  7.842588e+00  1.800000e+01
     vertex  6.204339e+00  7.842588e+00  2.200000e+01
     vertex  6.416243e+00  7.670191e+00  2.200000e+01
   endloop
 endfacet
 facet normal  6.310879e-01  7.757113e-01  2.333818e-18
   outer loop
     vertex  6.204339e+00  7.842588e+00  1.800000e+01
     vertex  6.416243e+00  7.670191e+00  2.200000e+01
     vertex  6.416243e+00  7.670191e+00  1.800000e+01
   endloop
 endfacet
 facet normal  6.096641e-01  7.926599e-01 -3.520117e-16
   outer loop
     vertex  5.987805e+00  8.009132e+00  1.800000e+01
     vertex  5.987805e+00  8.009132e+00  2.200000e+01
     vertex  6.204339e+00  7.842588e+00  2.200000e+01
   endloop
 endfacet
 facet normal  6.096641e-01  7.926599e-01 -3.530752e-16
   outer loop
     vertex  5.987805e+00  8.009132e+00  1.800000e+01
     vertex  6.204339e+00  7.842588e+00  2.200000e+01
     vertex  6.204339e+00  7.842588e+00  1.800000e+01
   endloop
 endfacet
 facet normal  5.877853e-01  8.090170e-01 -3.592757e-16
   outer loop
     vertex  5.766803e+00  8.169699e+00  1.800000e+01
     vertex  5.766803e+00  8.169699e+00  2.200000e+01
     vertex  5.987805e+00  8.009132e+00  2.200000e+01
   endloop
 endfacet
 facet normal  5.654678e-01  8.247704e-01 -3.662716e-16
   outer loop
     vertex  5.766803e+00  8.169699e+00  1.800000e+01
     vertex  5.541498e+00  8.324170e+00  2.200000e+01
     vertex  5.766803e+00  8.169699e+00  2.200000e+01
   endloop
 endfacet
 facet normal  5.877853e-01  8.090170e-01 -3.602070e-16
   outer loop
     vertex  5.766803e+00  8.169699e+00  1.800000e+01
     vertex  5.987805e+00  8.009132e+00  2.200000e+01
     vertex  5.987805e+00  8.009132e+00  1.800000e+01
   endloop
 endfacet
 facet normal  5.654678e-01  8.247704e-01 -3.662716e-16
   outer loop
     vertex  5.541498e+00  8.324170e+00  1.800000e+01
     vertex  5.541498e+00  8.324170e+00  2.200000e+01
     vertex  5.766803e+00  8.169699e+00  1.800000e+01
   endloop
 endfacet
 facet normal  5.427284e-01  8.399083e-01 -3.729942e-16
   outer loop
     vertex  5.312057e+00  8.472429e+00  1.800000e+01
     vertex  5.312057e+00  8.472429e+00  2.200000e+01
     vertex  5.541498e+00  8.324170e+00  2.200000e+01
   endloop
 endfacet
 facet normal  5.427284e-01  8.399083e-01 -3.754755e-16
   outer loop
     vertex  5.312057e+00  8.472429e+00  1.800000e+01
     vertex  5.541498e+00  8.324170e+00  2.200000e+01
     vertex  5.541498e+00  8.324170e+00  1.800000e+01
   endloop
 endfacet
 facet normal  5.195840e-01  8.544194e-01 -3.794384e-16
   outer loop
     vertex  5.078652e+00  8.614365e+00  1.800000e+01
     vertex  5.078652e+00  8.614365e+00  2.200000e+01
     vertex  5.312057e+00  8.472429e+00  2.200000e+01
   endloop
 endfacet
 facet normal  4.960518e-01  8.682929e-01 -3.855995e-16
   outer loop
     vertex  5.078652e+00  8.614365e+00  1.800000e+01
     vertex  4.841458e+00  8.749873e+00  2.200000e+01
     vertex  5.078652e+00  8.614365e+00  2.200000e+01
   endloop
 endfacet
 facet normal  5.195840e-01  8.544194e-01 -3.804872e-16
   outer loop
     vertex  5.078652e+00  8.614365e+00  1.800000e+01
     vertex  5.312057e+00  8.472429e+00  2.200000e+01
     vertex  5.312057e+00  8.472429e+00  1.800000e+01
   endloop
 endfacet
 facet normal  4.721495e-01  8.815185e-01 -3.914729e-16
   outer loop
     vertex  4.841458e+00  8.749873e+00  1.800000e+01
     vertex  4.600650e+00  8.878852e+00  2.200000e+01
     vertex  4.841458e+00  8.749873e+00  2.200000e+01
   endloop
 endfacet
 facet normal  4.960518e-01  8.682929e-01 -3.855995e-16
   outer loop
     vertex  4.841458e+00  8.749873e+00  1.800000e+01
     vertex  4.841458e+00  8.749873e+00  2.200000e+01
     vertex  5.078652e+00  8.614365e+00  1.800000e+01
   endloop
 endfacet
 facet normal  4.721495e-01  8.815185e-01 -3.914729e-16
   outer loop
     vertex  4.600650e+00  8.878852e+00  1.800000e+01
     vertex  4.600650e+00  8.878852e+00  2.200000e+01
     vertex  4.841458e+00  8.749873e+00  1.800000e+01
   endloop
 endfacet
 facet normal  4.478948e-01  8.940863e-01 -3.970541e-16
   outer loop
     vertex  4.356410e+00  9.001205e+00  1.800000e+01
     vertex  4.356410e+00  9.001205e+00  2.200000e+01
     vertex  4.600650e+00  8.878852e+00  2.200000e+01
   endloop
 endfacet
 facet normal  4.478948e-01  8.940863e-01 -3.979844e-16
   outer loop
     vertex  4.356410e+00  9.001205e+00  1.800000e+01
     vertex  4.600650e+00  8.878852e+00  2.200000e+01
     vertex  4.600650e+00  8.878852e+00  1.800000e+01
   endloop
 endfacet
 facet normal  4.233059e-01  9.059868e-01 -4.023390e-16
   outer loop
     vertex  4.108918e+00  9.116841e+00  1.800000e+01
     vertex  4.108918e+00  9.116841e+00  2.200000e+01
     vertex  4.356410e+00  9.001205e+00  2.200000e+01
   endloop
 endfacet
 facet normal  4.233059e-01  9.059868e-01 -4.031800e-16
   outer loop
     vertex  4.108918e+00  9.116841e+00  1.800000e+01
     vertex  4.356410e+00  9.001205e+00  2.200000e+01
     vertex  4.356410e+00  9.001205e+00  1.800000e+01
   endloop
 endfacet
 facet normal  3.984011e-01  9.172113e-01 -4.078176e-16
   outer loop
     vertex  3.858360e+00  9.225674e+00  1.800000e+01
     vertex  4.108918e+00  9.116841e+00  2.200000e+01
     vertex  4.108918e+00  9.116841e+00  1.800000e+01
   endloop
 endfacet
 facet normal  3.984011e-01  9.172113e-01 -4.073236e-16
   outer loop
     vertex  3.858360e+00  9.225674e+00  1.800000e+01
     vertex  3.858360e+00  9.225674e+00  2.200000e+01
     vertex  4.108918e+00  9.116841e+00  2.200000e+01
   endloop
 endfacet
 facet normal  3.731990e-01  9.277513e-01 -4.120044e-16
   outer loop
     vertex  3.858360e+00  9.225674e+00  1.800000e+01
     vertex  3.604923e+00  9.327622e+00  2.200000e+01
     vertex  3.858360e+00  9.225674e+00  2.200000e+01
   endloop
 endfacet
 facet normal  3.731990e-01  9.277513e-01 -4.120044e-16
   outer loop
     vertex  3.604923e+00  9.327622e+00  1.800000e+01
     vertex  3.604923e+00  9.327622e+00  2.200000e+01
     vertex  3.858360e+00  9.225674e+00  1.800000e+01
   endloop
 endfacet
 facet normal  3.477184e-01  9.375990e-01 -4.164636e-16
   outer loop
     vertex  3.348796e+00  9.422609e+00  1.800000e+01
     vertex  3.604923e+00  9.327622e+00  2.200000e+01
     vertex  3.604923e+00  9.327622e+00  1.800000e+01
   endloop
 endfacet
 facet normal  3.477184e-01  9.375990e-01 -4.163776e-16
   outer loop
     vertex  3.348796e+00  9.422609e+00  1.800000e+01
     vertex  3.348796e+00  9.422609e+00  2.200000e+01
     vertex  3.604923e+00  9.327622e+00  2.200000e+01
   endloop
 endfacet
 facet normal  3.219783e-01  9.467470e-01 -4.215320e-16
   outer loop
     vertex  3.090170e+00  9.510565e+00  1.800000e+01
     vertex  3.348796e+00  9.422609e+00  2.200000e+01
     vertex  3.348796e+00  9.422609e+00  1.800000e+01
   endloop
 endfacet
 facet normal  3.219783e-01  9.467470e-01 -4.204401e-16
   outer loop
     vertex  3.090170e+00  9.510565e+00  1.800000e+01
     vertex  3.090170e+00  9.510565e+00  2.200000e+01
     vertex  3.348796e+00  9.422609e+00  2.200000e+01
   endloop
 endfacet
 facet normal  2.959980e-01  9.551886e-01 -4.247640e-16
   outer loop
     vertex  2.829238e+00  9.591424e+00  1.800000e+01
     vertex  3.090170e+00  9.510565e+00  2.200000e+01
     vertex  3.090170e+00  9.510565e+00  1.800000e+01
   endloop
 endfacet
 facet normal  2.959980e-01  9.551886e-01 -4.241889e-16
   outer loop
     vertex  2.829238e+00  9.591424e+00  1.800000e+01
     vertex  2.829238e+00  9.591424e+00  2.200000e+01
     vertex  3.090170e+00  9.510565e+00  2.200000e+01
   endloop
 endfacet
 facet normal  2.697968e-01  9.629173e-01 -4.278098e-16
   outer loop
     vertex  2.566194e+00  9.665125e+00  1.800000e+01
     vertex  2.829238e+00  9.591424e+00  2.200000e+01
     vertex  2.829238e+00  9.591424e+00  1.800000e+01
   endloop
 endfacet
 facet normal  2.697968e-01  9.629173e-01 -4.276212e-16
   outer loop
     vertex  2.566194e+00  9.665125e+00  1.800000e+01
     vertex  2.566194e+00  9.665125e+00  2.200000e+01
     vertex  2.829238e+00  9.591424e+00  2.200000e+01
   endloop
 endfacet
 facet normal  2.433942e-01  9.699274e-01 -4.310616e-16
   outer loop
     vertex  2.301236e+00  9.731614e+00  1.800000e+01
     vertex  2.566194e+00  9.665125e+00  2.200000e+01
     vertex  2.566194e+00  9.665125e+00  1.800000e+01
   endloop
 endfacet
 facet normal  2.433942e-01  9.699274e-01 -4.307343e-16
   outer loop
     vertex  2.301236e+00  9.731614e+00  1.800000e+01
     vertex  2.301236e+00  9.731614e+00  2.200000e+01
     vertex  2.566194e+00  9.665125e+00  2.200000e+01
   endloop
 endfacet
 facet normal  2.168100e-01  9.762138e-01 -4.321667e-16
   outer loop
     vertex  2.034560e+00  9.790841e+00  1.800000e+01
     vertex  2.301236e+00  9.731614e+00  2.200000e+01
     vertex  2.301236e+00  9.731614e+00  1.800000e+01
   endloop
 endfacet
 facet normal  2.168100e-01  9.762138e-01 -4.335260e-16
   outer loop
     vertex  2.034560e+00  9.790841e+00  1.800000e+01
     vertex  2.034560e+00  9.790841e+00  2.200000e+01
     vertex  2.301236e+00  9.731614e+00  2.200000e+01
   endloop
 endfacet
 facet normal  1.900640e-01  9.817717e-01 -4.364030e-16
   outer loop
     vertex  1.766366e+00  9.842761e+00  1.800000e+01
     vertex  2.034560e+00  9.790841e+00  2.200000e+01
     vertex  2.034560e+00  9.790841e+00  1.800000e+01
   endloop
 endfacet
 facet normal  1.900640e-01  9.817717e-01 -4.359942e-16
   outer loop
     vertex  1.766366e+00  9.842761e+00  1.800000e+01
     vertex  1.766366e+00  9.842761e+00  2.200000e+01
     vertex  2.034560e+00  9.790841e+00  2.200000e+01
   endloop
 endfacet
 facet normal  1.631762e-01  9.865969e-01 -4.376339e-16
   outer loop
     vertex  1.496854e+00  9.887337e+00  1.800000e+01
     vertex  1.766366e+00  9.842761e+00  2.200000e+01
     vertex  1.766366e+00  9.842761e+00  1.800000e+01
   endloop
 endfacet
 facet normal  1.631762e-01  9.865969e-01 -4.381371e-16
   outer loop
     vertex  1.496854e+00  9.887337e+00  1.800000e+01
     vertex  1.496854e+00  9.887337e+00  2.200000e+01
     vertex  1.766366e+00  9.842761e+00  2.200000e+01
   endloop
 endfacet
 facet normal  1.361666e-01  9.906859e-01 -4.399529e-16
   outer loop
     vertex  1.496854e+00  9.887337e+00  1.800000e+01
     vertex  1.226225e+00  9.924534e+00  2.200000e+01
     vertex  1.496854e+00  9.887337e+00  2.200000e+01
   endloop
 endfacet
 facet normal  1.361666e-01  9.906859e-01 -4.399529e-16
   outer loop
     vertex  1.226225e+00  9.924534e+00  1.800000e+01
     vertex  1.226225e+00  9.924534e+00  2.200000e+01
     vertex  1.496854e+00  9.887337e+00  1.800000e+01
   endloop
 endfacet
 facet normal  1.090555e-01  9.940357e-01 -4.418693e-16
   outer loop
     vertex  9.546807e-01  9.954325e+00  1.800000e+01
     vertex  1.226225e+00  9.924534e+00  2.200000e+01
     vertex  1.226225e+00  9.924534e+00  1.800000e+01
   endloop
 endfacet
 facet normal  1.090555e-01  9.940357e-01 -4.414405e-16
   outer loop
     vertex  9.546807e-01  9.954325e+00  1.800000e+01
     vertex  9.546807e-01  9.954325e+00  2.200000e+01
     vertex  1.226225e+00  9.924534e+00  2.200000e+01
   endloop
 endfacet
 facet normal  8.186288e-02  9.966436e-01 -4.425987e-16
   outer loop
     vertex  6.824241e-01  9.976688e+00  1.800000e+01
     vertex  6.824241e-01  9.976688e+00  2.200000e+01
     vertex  9.546807e-01  9.954325e+00  2.200000e+01
   endloop
 endfacet
 facet normal  8.186288e-02  9.966436e-01 -4.429028e-16
   outer loop
     vertex  6.824241e-01  9.976688e+00  1.800000e+01
     vertex  9.546807e-01  9.954325e+00  2.200000e+01
     vertex  9.546807e-01  9.954325e+00  1.800000e+01
   endloop
 endfacet
 facet normal  5.460922e-02  9.985078e-01 -4.434265e-16
   outer loop
     vertex  4.096583e-01  9.991605e+00  1.800000e+01
     vertex  4.096583e-01  9.991605e+00  2.200000e+01
     vertex  6.824241e-01  9.976688e+00  2.200000e+01
   endloop
 endfacet
 facet normal  5.460922e-02  9.985078e-01 -4.437897e-16
   outer loop
     vertex  4.096583e-01  9.991605e+00  1.800000e+01
     vertex  6.824241e-01  9.976688e+00  2.200000e+01
     vertex  6.824241e-01  9.976688e+00  1.800000e+01
   endloop
 endfacet
 facet normal  2.731480e-02  9.996269e-01 -4.439235e-16
   outer loop
     vertex  1.365867e-01  9.999067e+00  1.800000e+01
     vertex  1.365867e-01  9.999067e+00  2.200000e+01
     vertex  4.096583e-01  9.991605e+00  2.200000e+01
   endloop
 endfacet
 facet normal  2.731480e-02  9.996269e-01 -4.440587e-16
   outer loop
     vertex  1.365867e-01  9.999067e+00  1.800000e+01
     vertex  4.096583e-01  9.991605e+00  2.200000e+01
     vertex  4.096583e-01  9.991605e+00  1.800000e+01
   endloop
 endfacet
 facet normal -6.502670e-15  1.000000e+00 -4.440892e-16
   outer loop
     vertex -1.365867e-01  9.999067e+00  1.800000e+01
     vertex -1.365867e-01  9.999067e+00  2.200000e+01
     vertex  1.365867e-01  9.999067e+00  2.200000e+01
   endloop
 endfacet
 facet normal -6.502670e-15  1.000000e+00 -4.440892e-16
   outer loop
     vertex -1.365867e-01  9.999067e+00  1.800000e+01
     vertex  1.365867e-01  9.999067e+00  2.200000e+01
     vertex  1.365867e-01  9.999067e+00  1.800000e+01
   endloop
 endfacet
 facet normal -2.731480e-02  9.996269e-01 -4.439235e-16
   outer loop
     vertex -4.096583e-01  9.991605e+00  1.800000e+01
     vertex -4.096583e-01  9.991605e+00  2.200000e+01
     vertex -1.365867e-01  9.999067e+00  2.200000e+01
   endloop
 endfacet
 facet normal -2.731480e-02  9.996269e-01 -4.437875e-16
   outer loop
     vertex -4.096583e-01  9.991605e+00  1.800000e+01
     vertex -1.365867e-01  9.999067e+00  2.200000e+01
     vertex -1.365867e-01  9.999067e+00  1.800000e+01
   endloop
 endfacet
 facet normal -5.460922e-02  9.985078e-01 -4.434265e-16
   outer loop
     vertex -6.824241e-01  9.976688e+00  1.800000e+01
     vertex -6.824241e-01  9.976688e+00  2.200000e+01
     vertex -4.096583e-01  9.991605e+00  2.200000e+01
   endloop
 endfacet
 facet normal -5.460922e-02  9.985078e-01 -4.435877e-16
   outer loop
     vertex -6.824241e-01  9.976688e+00  1.800000e+01
     vertex -4.096583e-01  9.991605e+00  2.200000e+01
     vertex -4.096583e-01  9.991605e+00  1.800000e+01
   endloop
 endfacet
 facet normal -8.186288e-02  9.966436e-01 -4.425987e-16
   outer loop
     vertex -9.546807e-01  9.954325e+00  1.800000e+01
     vertex -9.546807e-01  9.954325e+00  2.200000e+01
     vertex -6.824241e-01  9.976688e+00  2.200000e+01
   endloop
 endfacet
 facet normal -8.186288e-02  9.966436e-01 -4.422744e-16
   outer loop
     vertex -9.546807e-01  9.954325e+00  1.800000e+01
     vertex -6.824241e-01  9.976688e+00  2.200000e+01
     vertex -6.824241e-01  9.976688e+00  1.800000e+01
   endloop
 endfacet
 facet normal -1.090555e-01  9.940357e-01 -4.414405e-16
   outer loop
     vertex -1.226225e+00  9.924534e+00  1.800000e+01
     vertex -1.226225e+00  9.924534e+00  2.200000e+01
     vertex -9.546807e-01  9.954325e+00  2.200000e+01
   endloop
 endfacet
 facet normal -1.361666e-01  9.906859e-01 -4.399529e-16
   outer loop
     vertex -1.226225e+00  9.924534e+00  1.800000e+01
     vertex -1.496854e+00  9.887337e+00  2.200000e+01
     vertex -1.226225e+00  9.924534e+00  2.200000e+01
   endloop
 endfacet
 facet normal -1.090555e-01  9.940357e-01 -4.406690e-16
   outer loop
     vertex -1.226225e+00  9.924534e+00  1.800000e+01
     vertex -9.546807e-01  9.954325e+00  2.200000e+01
     vertex -9.546807e-01  9.954325e+00  1.800000e+01
   endloop
 endfacet
 facet normal -1.361666e-01  9.906859e-01 -4.399529e-16
   outer loop
     vertex -1.496854e+00  9.887337e+00  1.800000e+01
     vertex -1.496854e+00  9.887337e+00  2.200000e+01
     vertex -1.226225e+00  9.924534e+00  1.800000e+01
   endloop
 endfacet
 facet normal -1.631762e-01  9.865969e-01 -4.381371e-16
   outer loop
     vertex -1.766366e+00  9.842761e+00  1.800000e+01
     vertex -1.766366e+00  9.842761e+00  2.200000e+01
     vertex -1.496854e+00  9.887337e+00  2.200000e+01
   endloop
 endfacet
 facet normal -1.631762e-01  9.865969e-01 -4.387335e-16
   outer loop
     vertex -1.766366e+00  9.842761e+00  1.800000e+01
     vertex -1.496854e+00  9.887337e+00  2.200000e+01
     vertex -1.496854e+00  9.887337e+00  1.800000e+01
   endloop
 endfacet
 facet normal -1.900640e-01  9.817717e-01 -4.359942e-16
   outer loop
     vertex -2.034560e+00  9.790841e+00  1.800000e+01
     vertex -2.034560e+00  9.790841e+00  2.200000e+01
     vertex -1.766366e+00  9.842761e+00  2.200000e+01
   endloop
 endfacet
 facet normal -1.900640e-01  9.817717e-01 -4.357570e-16
   outer loop
     vertex -2.034560e+00  9.790841e+00  1.800000e+01
     vertex -1.766366e+00  9.842761e+00  2.200000e+01
     vertex -1.766366e+00  9.842761e+00  1.800000e+01
   endloop
 endfacet
 facet normal -2.168100e-01  9.762138e-01 -4.335260e-16
   outer loop
     vertex -2.301236e+00  9.731614e+00  1.800000e+01
     vertex -2.301236e+00  9.731614e+00  2.200000e+01
     vertex -2.034560e+00  9.790841e+00  2.200000e+01
   endloop
 endfacet
 facet normal -2.168100e-01  9.762138e-01 -4.333139e-16
   outer loop
     vertex -2.301236e+00  9.731614e+00  1.800000e+01
     vertex -2.034560e+00  9.790841e+00  2.200000e+01
     vertex -2.034560e+00  9.790841e+00  1.800000e+01
   endloop
 endfacet
 facet normal -2.433942e-01  9.699274e-01 -4.310202e-16
   outer loop
     vertex -2.566194e+00  9.665125e+00  1.800000e+01
     vertex -2.301236e+00  9.731614e+00  2.200000e+01
     vertex -2.301236e+00  9.731614e+00  1.800000e+01
   endloop
 endfacet
 facet normal -2.433942e-01  9.699274e-01 -4.307343e-16
   outer loop
     vertex -2.566194e+00  9.665125e+00  1.800000e+01
     vertex -2.566194e+00  9.665125e+00  2.200000e+01
     vertex -2.301236e+00  9.731614e+00  2.200000e+01
   endloop
 endfacet
 facet normal -2.697968e-01  9.629173e-01 -4.276212e-16
   outer loop
     vertex -2.566194e+00  9.665125e+00  1.800000e+01
     vertex -2.829238e+00  9.591424e+00  2.200000e+01
     vertex -2.566194e+00  9.665125e+00  2.200000e+01
   endloop
 endfacet
 facet normal -2.697968e-01  9.629173e-01 -4.276212e-16
   outer loop
     vertex -2.829238e+00  9.591424e+00  1.800000e+01
     vertex -2.829238e+00  9.591424e+00  2.200000e+01
     vertex -2.566194e+00  9.665125e+00  1.800000e+01
   endloop
 endfacet
 facet normal -2.959980e-01  9.551886e-01 -4.231542e-16
   outer loop
     vertex -3.090170e+00  9.510565e+00  1.800000e+01
     vertex -2.829238e+00  9.591424e+00  2.200000e+01
     vertex -2.829238e+00  9.591424e+00  1.800000e+01
   endloop
 endfacet
 facet normal -2.959980e-01  9.551886e-01 -4.241889e-16
   outer loop
     vertex -3.090170e+00  9.510565e+00  1.800000e+01
     vertex -3.090170e+00  9.510565e+00  2.200000e+01
     vertex -2.829238e+00  9.591424e+00  2.200000e+01
   endloop
 endfacet
 facet normal -3.219783e-01  9.467470e-01 -4.190576e-16
   outer loop
     vertex -3.348796e+00  9.422609e+00  1.800000e+01
     vertex -3.090170e+00  9.510565e+00  2.200000e+01
     vertex -3.090170e+00  9.510565e+00  1.800000e+01
   endloop
 endfacet
 facet normal -3.219783e-01  9.467470e-01 -4.204401e-16
   outer loop
     vertex -3.348796e+00  9.422609e+00  1.800000e+01
     vertex -3.348796e+00  9.422609e+00  2.200000e+01
     vertex -3.090170e+00  9.510565e+00  2.200000e+01
   endloop
 endfacet
 facet normal -3.477184e-01  9.375990e-01 -4.154884e-16
   outer loop
     vertex -3.604923e+00  9.327622e+00  1.800000e+01
     vertex -3.348796e+00  9.422609e+00  2.200000e+01
     vertex -3.348796e+00  9.422609e+00  1.800000e+01
   endloop
 endfacet
 facet normal -3.477184e-01  9.375990e-01 -4.163776e-16
   outer loop
     vertex -3.604923e+00  9.327622e+00  1.800000e+01
     vertex -3.604923e+00  9.327622e+00  2.200000e+01
     vertex -3.348796e+00  9.422609e+00  2.200000e+01
   endloop
 endfacet
 facet normal -3.731990e-01  9.277513e-01 -4.129659e-16
   outer loop
     vertex -3.858360e+00  9.225674e+00  1.800000e+01
     vertex -3.604923e+00  9.327622e+00  2.200000e+01
     vertex -3.604923e+00  9.327622e+00  1.800000e+01
   endloop
 endfacet
 facet normal -3.731990e-01  9.277513e-01 -4.120044e-16
   outer loop
     vertex -3.858360e+00  9.225674e+00  1.800000e+01
     vertex -3.858360e+00  9.225674e+00  2.200000e+01
     vertex -3.604923e+00  9.327622e+00  2.200000e+01
   endloop
 endfacet
 facet normal -3.984011e-01  9.172113e-01 -4.072845e-16
   outer loop
     vertex -4.108918e+00  9.116841e+00  1.800000e+01
     vertex -3.858360e+00  9.225674e+00  2.200000e+01
     vertex -3.858360e+00  9.225674e+00  1.800000e+01
   endloop
 endfacet
 facet normal -3.984011e-01  9.172113e-01 -4.073236e-16
   outer loop
     vertex -4.108918e+00  9.116841e+00  1.800000e+01
     vertex -4.108918e+00  9.116841e+00  2.200000e+01
     vertex -3.858360e+00  9.225674e+00  2.200000e+01
   endloop
 endfacet
 facet normal -4.233059e-01  9.059868e-01 -4.023390e-16
   outer loop
     vertex -4.108918e+00  9.116841e+00  1.800000e+01
     vertex -4.356410e+00  9.001205e+00  2.200000e+01
     vertex -4.108918e+00  9.116841e+00  2.200000e+01
   endloop
 endfacet
 facet normal -4.233059e-01  9.059868e-01 -4.023390e-16
   outer loop
     vertex -4.356410e+00  9.001205e+00  1.800000e+01
     vertex -4.356410e+00  9.001205e+00  2.200000e+01
     vertex -4.108918e+00  9.116841e+00  1.800000e+01
   endloop
 endfacet
 facet normal -4.478948e-01  8.940863e-01 -3.968221e-16
   outer loop
     vertex -4.600650e+00  8.878852e+00  1.800000e+01
     vertex -4.356410e+00  9.001205e+00  2.200000e+01
     vertex -4.356410e+00  9.001205e+00  1.800000e+01
   endloop
 endfacet
 facet normal -4.478948e-01  8.940863e-01 -3.970541e-16
   outer loop
     vertex -4.600650e+00  8.878852e+00  1.800000e+01
     vertex -4.600650e+00  8.878852e+00  2.200000e+01
     vertex -4.356410e+00  9.001205e+00  2.200000e+01
   endloop
 endfacet
 facet normal -4.721495e-01  8.815185e-01 -3.907725e-16
   outer loop
     vertex -4.841458e+00  8.749873e+00  1.800000e+01
     vertex -4.600650e+00  8.878852e+00  2.200000e+01
     vertex -4.600650e+00  8.878852e+00  1.800000e+01
   endloop
 endfacet
 facet normal -4.721495e-01  8.815185e-01 -3.914729e-16
   outer loop
     vertex -4.841458e+00  8.749873e+00  1.800000e+01
     vertex -4.841458e+00  8.749873e+00  2.200000e+01
     vertex -4.600650e+00  8.878852e+00  2.200000e+01
   endloop
 endfacet
 facet normal -4.960518e-01  8.682929e-01 -3.855995e-16
   outer loop
     vertex -4.841458e+00  8.749873e+00  1.800000e+01
     vertex -5.078652e+00  8.614365e+00  2.200000e+01
     vertex -4.841458e+00  8.749873e+00  2.200000e+01
   endloop
 endfacet
 facet normal -4.960518e-01  8.682929e-01 -3.855995e-16
   outer loop
     vertex -5.078652e+00  8.614365e+00  1.800000e+01
     vertex -5.078652e+00  8.614365e+00  2.200000e+01
     vertex -4.841458e+00  8.749873e+00  1.800000e+01
   endloop
 endfacet
 facet normal -5.195840e-01  8.544194e-01 -3.826104e-16
   outer loop
     vertex -5.312057e+00  8.472429e+00  1.800000e+01
     vertex -5.078652e+00  8.614365e+00  2.200000e+01
     vertex -5.078652e+00  8.614365e+00  1.800000e+01
   endloop
 endfacet
 facet normal -5.195840e-01  8.544194e-01 -3.794384e-16
   outer loop
     vertex -5.312057e+00  8.472429e+00  1.800000e+01
     vertex -5.312057e+00  8.472429e+00  2.200000e+01
     vertex -5.078652e+00  8.614365e+00  2.200000e+01
   endloop
 endfacet
 facet normal -5.427284e-01  8.399083e-01 -3.729942e-16
   outer loop
     vertex -5.312057e+00  8.472429e+00  1.800000e+01
     vertex -5.541498e+00  8.324170e+00  2.200000e+01
     vertex -5.312057e+00  8.472429e+00  2.200000e+01
   endloop
 endfacet
 facet normal -5.427284e-01  8.399083e-01 -3.729942e-16
   outer loop
     vertex -5.541498e+00  8.324170e+00  1.800000e+01
     vertex -5.541498e+00  8.324170e+00  2.200000e+01
     vertex -5.312057e+00  8.472429e+00  1.800000e+01
   endloop
 endfacet
 facet normal -5.654678e-01  8.247704e-01 -3.676114e-16
   outer loop
     vertex -5.766803e+00  8.169699e+00  1.800000e+01
     vertex -5.541498e+00  8.324170e+00  2.200000e+01
     vertex -5.541498e+00  8.324170e+00  1.800000e+01
   endloop
 endfacet
 facet normal -5.654678e-01  8.247704e-01 -3.662716e-16
   outer loop
     vertex -5.766803e+00  8.169699e+00  1.800000e+01
     vertex -5.766803e+00  8.169699e+00  2.200000e+01
     vertex -5.541498e+00  8.324170e+00  2.200000e+01
   endloop
 endfacet
 facet normal -5.877853e-01  8.090170e-01 -3.592757e-16
   outer loop
     vertex -5.766803e+00  8.169699e+00  1.800000e+01
     vertex -5.987805e+00  8.009132e+00  2.200000e+01
     vertex -5.766803e+00  8.169699e+00  2.200000e+01
   endloop
 endfacet
 facet normal -5.877853e-01  8.090170e-01 -3.592757e-16
   outer loop
     vertex -5.987805e+00  8.009132e+00  1.800000e+01
     vertex -5.987805e+00  8.009132e+00  2.200000e+01
     vertex -5.766803e+00  8.169699e+00  1.800000e+01
   endloop
 endfacet
 facet normal -6.096641e-01  7.926599e-01 -3.533900e-16
   outer loop
     vertex -6.204339e+00  7.842588e+00  1.800000e+01
     vertex -5.987805e+00  8.009132e+00  2.200000e+01
     vertex -5.987805e+00  8.009132e+00  1.800000e+01
   endloop
 endfacet
 facet normal -6.096641e-01  7.926599e-01 -3.520117e-16
   outer loop
     vertex -6.204339e+00  7.842588e+00  1.800000e+01
     vertex -6.204339e+00  7.842588e+00  2.200000e+01
     vertex -5.987805e+00  8.009132e+00  2.200000e+01
   endloop
 endfacet
 facet normal -6.310879e-01  7.757113e-01 -3.436772e-16
   outer loop
     vertex -6.416243e+00  7.670191e+00  1.800000e+01
     vertex -6.204339e+00  7.842588e+00  2.200000e+01
     vertex -6.204339e+00  7.842588e+00  1.800000e+01
   endloop
 endfacet
 facet normal -6.310879e-01  7.757113e-01  0.000000e+00
   outer loop
     vertex -6.416243e+00  7.670191e+00  1.800000e+01
     vertex -6.416243e+00  7.670191e+00  2.200000e+01
     vertex -6.204339e+00  7.842588e+00  2.200000e+01
   endloop
 endfacet
 facet normal -6.520409e-01  7.581838e-01 -5.067708e-19
   outer loop
     vertex -6.623358e+00  7.492071e+00  1.800000e+01
     vertex -6.416243e+00  7.670191e+00  2.200000e+01
     vertex -6.416243e+00  7.670191e+00  1.800000e+01
   endloop
 endfacet
 facet normal -6.520409e-01  7.581838e-01  0.000000e+00
   outer loop
     vertex -6.623358e+00  7.492071e+00  1.800000e+01
     vertex -6.623358e+00  7.492071e+00  2.200000e+01
     vertex -6.416243e+00  7.670191e+00  2.200000e+01
   endloop
 endfacet
 facet normal -6.725072e-01  7.400906e-01 -1.983372e-19
   outer loop
     vertex -6.825531e+00  7.308360e+00  1.800000e+01
     vertex -6.623358e+00  7.492071e+00  2.200000e+01
     vertex -6.623358e+00  7.492071e+00  1.800000e+01
   endloop
 endfacet
 facet normal -6.725072e-01  7.400906e-01 -3.286662e-16
   outer loop
     vertex -6.825531e+00  7.308360e+00  1.800000e+01
     vertex -6.825531e+00  7.308360e+00  2.200000e+01
     vertex -6.623358e+00  7.492071e+00  2.200000e+01
   endloop
 endfacet
 facet normal -6.924717e-01  7.214450e-01 -3.203859e-16
   outer loop
     vertex -6.825531e+00  7.308360e+00  1.800000e+01
     vertex -7.022611e+00  7.119195e+00  2.200000e+01
     vertex -6.825531e+00  7.308360e+00  2.200000e+01
   endloop
 endfacet
 facet normal -6.924717e-01  7.214450e-01 -3.203859e-16
   outer loop
     vertex -7.022611e+00  7.119195e+00  1.800000e+01
     vertex -7.022611e+00  7.119195e+00  2.200000e+01
     vertex -6.825531e+00  7.308360e+00  1.800000e+01
   endloop
 endfacet
 facet normal -7.119195e-01  7.022611e-01 -3.092584e-16
   outer loop
     vertex -7.214450e+00  6.924717e+00  1.800000e+01
     vertex -7.022611e+00  7.119195e+00  2.200000e+01
     vertex -7.022611e+00  7.119195e+00  1.800000e+01
   endloop
 endfacet
 facet normal -7.119195e-01  7.022611e-01  0.000000e+00
   outer loop
     vertex -7.214450e+00  6.924717e+00  1.800000e+01
     vertex -7.214450e+00  6.924717e+00  2.200000e+01
     vertex -7.022611e+00  7.119195e+00  2.200000e+01
   endloop
 endfacet
 facet normal -7.308360e-01  6.825531e-01  1.312779e-18
   outer loop
     vertex -7.400906e+00  6.725072e+00  1.800000e+01
     vertex -7.214450e+00  6.924717e+00  2.200000e+01
     vertex -7.214450e+00  6.924717e+00  1.800000e+01
   endloop
 endfacet
 facet normal -7.308360e-01  6.825531e-01  0.000000e+00
   outer loop
     vertex -7.400906e+00  6.725072e+00  1.800000e+01
     vertex -7.400906e+00  6.725072e+00  2.200000e+01
     vertex -7.214450e+00  6.924717e+00  2.200000e+01
   endloop
 endfacet
 facet normal -7.492071e-01  6.623358e-01  0.000000e+00
   outer loop
     vertex -7.581838e+00  6.520409e+00  1.800000e+01
     vertex -7.581838e+00  6.520409e+00  2.200000e+01
     vertex -7.400906e+00  6.725072e+00  2.200000e+01
   endloop
 endfacet
 facet normal -7.492071e-01  6.623358e-01  1.848726e-18
   outer loop
     vertex -7.581838e+00  6.520409e+00  1.800000e+01
     vertex -7.400906e+00  6.725072e+00  2.200000e+01
     vertex -7.400906e+00  6.725072e+00  1.800000e+01
   endloop
 endfacet
 facet normal -7.670191e-01  6.416243e-01  0.000000e+00
   outer loop
     vertex -7.581838e+00  6.520409e+00  1.800000e+01
     vertex -7.757113e+00  6.310879e+00  2.200000e+01
     vertex -7.581838e+00  6.520409e+00  2.200000e+01
   endloop
 endfacet
 facet normal -7.670191e-01  6.416243e-01 -2.849384e-16
   outer loop
     vertex -7.757113e+00  6.310879e+00  1.800000e+01
     vertex -7.757113e+00  6.310879e+00  2.200000e+01
     vertex -7.581838e+00  6.520409e+00  1.800000e+01
   endloop
 endfacet
 facet normal -7.842588e-01  6.204339e-01 -2.755280e-16
   outer loop
     vertex -7.926599e+00  6.096641e+00  1.800000e+01
     vertex -7.926599e+00  6.096641e+00  2.200000e+01
     vertex -7.757113e+00  6.310879e+00  2.200000e+01
   endloop
 endfacet
 facet normal -8.009132e-01  5.987805e-01 -2.659120e-16
   outer loop
     vertex -7.926599e+00  6.096641e+00  1.800000e+01
     vertex -8.090170e+00  5.877853e+00  2.200000e+01
     vertex -7.926599e+00  6.096641e+00  2.200000e+01
   endloop
 endfacet
 facet normal -7.842588e-01  6.204339e-01 -2.739900e-16
   outer loop
     vertex -7.926599e+00  6.096641e+00  1.800000e+01
     vertex -7.757113e+00  6.310879e+00  2.200000e+01
     vertex -7.757113e+00  6.310879e+00  1.800000e+01
   endloop
 endfacet
 facet normal -8.009132e-01  5.987805e-01 -2.659120e-16
   outer loop
     vertex -8.090170e+00  5.877853e+00  1.800000e+01
     vertex -8.090170e+00  5.877853e+00  2.200000e+01
     vertex -7.926599e+00  6.096641e+00  1.800000e+01
   endloop
 endfacet
 facet normal -8.169699e-01  5.766803e-01 -2.538797e-16
   outer loop
     vertex -8.247704e+00  5.654678e+00  1.800000e+01
     vertex -8.090170e+00  5.877853e+00  2.200000e+01
     vertex -8.090170e+00  5.877853e+00  1.800000e+01
   endloop
 endfacet
 facet normal -8.169699e-01  5.766803e-01  0.000000e+00
   outer loop
     vertex -8.247704e+00  5.654678e+00  1.800000e+01
     vertex -8.247704e+00  5.654678e+00  2.200000e+01
     vertex -8.090170e+00  5.877853e+00  2.200000e+01
   endloop
 endfacet
 facet normal -8.324170e-01  5.541498e-01  2.007969e-18
   outer loop
     vertex -8.399083e+00  5.427284e+00  1.800000e+01
     vertex -8.247704e+00  5.654678e+00  2.200000e+01
     vertex -8.247704e+00  5.654678e+00  1.800000e+01
   endloop
 endfacet
 facet normal -8.324170e-01  5.541498e-01 -2.460919e-16
   outer loop
     vertex -8.399083e+00  5.427284e+00  1.800000e+01
     vertex -8.399083e+00  5.427284e+00  2.200000e+01
     vertex -8.247704e+00  5.654678e+00  2.200000e+01
   endloop
 endfacet
 facet normal -8.472429e-01  5.312057e-01 -2.359027e-16
   outer loop
     vertex -8.399083e+00  5.427284e+00  1.800000e+01
     vertex -8.544194e+00  5.195840e+00  2.200000e+01
     vertex -8.399083e+00  5.427284e+00  2.200000e+01
   endloop
 endfacet
 facet normal -8.472429e-01  5.312057e-01 -2.359027e-16
   outer loop
     vertex -8.544194e+00  5.195840e+00  1.800000e+01
     vertex -8.544194e+00  5.195840e+00  2.200000e+01
     vertex -8.399083e+00  5.427284e+00  1.800000e+01
   endloop
 endfacet
 facet normal -8.614365e-01  5.078652e-01 -2.255375e-16
   outer loop
     vertex -8.544194e+00  5.195840e+00  1.800000e+01
     vertex -8.682929e+00  4.960518e+00  2.200000e+01
     vertex -8.544194e+00  5.195840e+00  2.200000e+01
   endloop
 endfacet
 facet normal -8.614365e-01  5.078652e-01  0.000000e+00
   outer loop
     vertex -8.682929e+00  4.960518e+00  1.800000e+01
     vertex -8.682929e+00  4.960518e+00  2.200000e+01
     vertex -8.544194e+00  5.195840e+00  1.800000e+01
   endloop
 endfacet
 facet normal -8.749873e-01  4.841458e-01 -1.262449e-18
   outer loop
     vertex -8.815185e+00  4.721495e+00  1.800000e+01
     vertex -8.682929e+00  4.960518e+00  2.200000e+01
     vertex -8.682929e+00  4.960518e+00  1.800000e+01
   endloop
 endfacet
 facet normal -8.749873e-01  4.841458e-01 -2.150039e-16
   outer loop
     vertex -8.815185e+00  4.721495e+00  1.800000e+01
     vertex -8.815185e+00  4.721495e+00  2.200000e+01
     vertex -8.682929e+00  4.960518e+00  2.200000e+01
   endloop
 endfacet
 facet normal -8.878852e-01  4.600650e-01 -2.038878e-16
   outer loop
     vertex -8.940863e+00  4.478948e+00  1.800000e+01
     vertex -8.815185e+00  4.721495e+00  2.200000e+01
     vertex -8.815185e+00  4.721495e+00  1.800000e+01
   endloop
 endfacet
 facet normal -8.878852e-01  4.600650e-01  0.000000e+00
   outer loop
     vertex -8.940863e+00  4.478948e+00  1.800000e+01
     vertex -8.940863e+00  4.478948e+00  2.200000e+01
     vertex -8.815185e+00  4.721495e+00  2.200000e+01
   endloop
 endfacet
 facet normal -9.001205e-01  4.356410e-01  1.508066e-18
   outer loop
     vertex -9.059868e+00  4.233059e+00  1.800000e+01
     vertex -8.940863e+00  4.478948e+00  2.200000e+01
     vertex -8.940863e+00  4.478948e+00  1.800000e+01
   endloop
 endfacet
 facet normal -9.001205e-01  4.356410e-01 -1.934635e-16
   outer loop
     vertex -9.059868e+00  4.233059e+00  1.800000e+01
     vertex -9.059868e+00  4.233059e+00  2.200000e+01
     vertex -8.940863e+00  4.478948e+00  2.200000e+01
   endloop
 endfacet
 facet normal -9.225674e-01  3.858360e-01 -8.567281e-17
   outer loop
     vertex -9.172113e+00  3.984011e+00  1.800000e+01
     vertex -9.277513e+00  3.731990e+00  2.200000e+01
     vertex -9.172113e+00  3.984011e+00  2.200000e+01
   endloop
 endfacet
 facet normal -9.116841e-01  4.108918e-01 -1.833205e-16
   outer loop
     vertex -9.172113e+00  3.984011e+00  1.800000e+01
     vertex -9.059868e+00  4.233059e+00  2.200000e+01
     vertex -9.059868e+00  4.233059e+00  1.800000e+01
   endloop
 endfacet
 facet normal -9.116841e-01  4.108918e-01 -9.123631e-17
   outer loop
     vertex -9.172113e+00  3.984011e+00  1.800000e+01
     vertex -9.172113e+00  3.984011e+00  2.200000e+01
     vertex -9.059868e+00  4.233059e+00  2.200000e+01
   endloop
 endfacet
 facet normal -9.225674e-01  3.858360e-01 -8.567281e-17
   outer loop
     vertex -9.277513e+00  3.731990e+00  1.800000e+01
     vertex -9.277513e+00  3.731990e+00  2.200000e+01
     vertex -9.172113e+00  3.984011e+00  1.800000e+01
   endloop
 endfacet
 facet normal -9.327622e-01  3.604923e-01 -8.004538e-17
   outer loop
     vertex -9.375990e+00  3.477184e+00  1.800000e+01
     vertex -9.375990e+00  3.477184e+00  2.200000e+01
     vertex -9.277513e+00  3.731990e+00  2.200000e+01
   endloop
 endfacet
 facet normal -9.327622e-01  3.604923e-01 -8.119608e-17
   outer loop
     vertex -9.375990e+00  3.477184e+00  1.800000e+01
     vertex -9.277513e+00  3.731990e+00  2.200000e+01
     vertex -9.277513e+00  3.731990e+00  1.800000e+01
   endloop
 endfacet
 facet normal -9.422609e-01  3.348796e-01 -7.435821e-17
   outer loop
     vertex -9.467470e+00  3.219783e+00  1.800000e+01
     vertex -9.467470e+00  3.219783e+00  2.200000e+01
     vertex -9.375990e+00  3.477184e+00  2.200000e+01
   endloop
 endfacet
 facet normal -9.510565e-01  3.090170e-01 -6.861556e-17
   outer loop
     vertex -9.467470e+00  3.219783e+00  1.800000e+01
     vertex -9.551886e+00  2.959980e+00  2.200000e+01
     vertex -9.467470e+00  3.219783e+00  2.200000e+01
   endloop
 endfacet
 facet normal -9.422609e-01  3.348796e-01 -7.467861e-17
   outer loop
     vertex -9.467470e+00  3.219783e+00  1.800000e+01
     vertex -9.375990e+00  3.477184e+00  2.200000e+01
     vertex -9.375990e+00  3.477184e+00  1.800000e+01
   endloop
 endfacet
 facet normal -9.510565e-01  3.090170e-01 -6.861556e-17
   outer loop
     vertex -9.551886e+00  2.959980e+00  1.800000e+01
     vertex -9.551886e+00  2.959980e+00  2.200000e+01
     vertex -9.467470e+00  3.219783e+00  1.800000e+01
   endloop
 endfacet
 facet normal -9.591424e-01  2.829238e-01 -6.282170e-17
   outer loop
     vertex -9.629173e+00  2.697968e+00  1.800000e+01
     vertex -9.629173e+00  2.697968e+00  2.200000e+01
     vertex -9.551886e+00  2.959980e+00  2.200000e+01
   endloop
 endfacet
 facet normal -9.591424e-01  2.829238e-01 -6.126561e-17
   outer loop
     vertex -9.629173e+00  2.697968e+00  1.800000e+01
     vertex -9.551886e+00  2.959980e+00  2.200000e+01
     vertex -9.551886e+00  2.959980e+00  1.800000e+01
   endloop
 endfacet
 facet normal -9.665125e-01  2.566194e-01 -5.698096e-17
   outer loop
     vertex -9.699274e+00  2.433942e+00  1.800000e+01
     vertex -9.699274e+00  2.433942e+00  2.200000e+01
     vertex -9.629173e+00  2.697968e+00  2.200000e+01
   endloop
 endfacet
 facet normal -9.665125e-01  2.566194e-01 -5.557913e-17
   outer loop
     vertex -9.699274e+00  2.433942e+00  1.800000e+01
     vertex -9.629173e+00  2.697968e+00  2.200000e+01
     vertex -9.629173e+00  2.697968e+00  1.800000e+01
   endloop
 endfacet
 facet normal -9.731614e-01  2.301236e-01 -5.109770e-17
   outer loop
     vertex -9.762138e+00  2.168100e+00  1.800000e+01
     vertex -9.762138e+00  2.168100e+00  2.200000e+01
     vertex -9.699274e+00  2.433942e+00  2.200000e+01
   endloop
 endfacet
 facet normal -9.731614e-01  2.301236e-01 -4.960482e-17
   outer loop
     vertex -9.762138e+00  2.168100e+00  1.800000e+01
     vertex -9.699274e+00  2.433942e+00  2.200000e+01
     vertex -9.699274e+00  2.433942e+00  1.800000e+01
   endloop
 endfacet
 facet normal -9.790841e-01  2.034560e-01 -4.517631e-17
   outer loop
     vertex -9.817717e+00  1.900640e+00  1.800000e+01
     vertex -9.817717e+00  1.900640e+00  2.200000e+01
     vertex -9.762138e+00  2.168100e+00  2.200000e+01
   endloop
 endfacet
 facet normal -9.790841e-01  2.034560e-01 -4.515613e-17
   outer loop
     vertex -9.817717e+00  1.900640e+00  1.800000e+01
     vertex -9.762138e+00  2.168100e+00  2.200000e+01
     vertex -9.762138e+00  2.168100e+00  1.800000e+01
   endloop
 endfacet
 facet normal -9.842761e-01  1.766366e-01 -3.922121e-17
   outer loop
     vertex -9.865969e+00  1.631762e+00  1.800000e+01
     vertex -9.865969e+00  1.631762e+00  2.200000e+01
     vertex -9.817717e+00  1.900640e+00  2.200000e+01
   endloop
 endfacet
 facet normal -9.887337e-01  1.496854e-01 -3.323684e-17
   outer loop
     vertex -9.865969e+00  1.631762e+00  1.800000e+01
     vertex -9.906859e+00  1.361666e+00  2.200000e+01
     vertex -9.865969e+00  1.631762e+00  2.200000e+01
   endloop
 endfacet
 facet normal -9.842761e-01  1.766366e-01 -3.880573e-17
   outer loop
     vertex -9.865969e+00  1.631762e+00  1.800000e+01
     vertex -9.817717e+00  1.900640e+00  2.200000e+01
     vertex -9.817717e+00  1.900640e+00  1.800000e+01
   endloop
 endfacet
 facet normal -9.887337e-01  1.496854e-01 -3.323684e-17
   outer loop
     vertex -9.906859e+00  1.361666e+00  1.800000e+01
     vertex -9.906859e+00  1.361666e+00  2.200000e+01
     vertex -9.865969e+00  1.631762e+00  1.800000e+01
   endloop
 endfacet
 facet normal -9.924534e-01  1.226225e-01 -2.722766e-17
   outer loop
     vertex -9.940357e+00  1.090555e+00  1.800000e+01
     vertex -9.940357e+00  1.090555e+00  2.200000e+01
     vertex -9.906859e+00  1.361666e+00  2.200000e+01
   endloop
 endfacet
 facet normal -9.924534e-01  1.226225e-01 -2.659685e-17
   outer loop
     vertex -9.940357e+00  1.090555e+00  1.800000e+01
     vertex -9.906859e+00  1.361666e+00  2.200000e+01
     vertex -9.906859e+00  1.361666e+00  1.800000e+01
   endloop
 endfacet
 facet normal -9.954325e-01  9.546807e-02 -2.119817e-17
   outer loop
     vertex -9.966436e+00  8.186288e-01  1.800000e+01
     vertex -9.966436e+00  8.186288e-01  2.200000e+01
     vertex -9.940357e+00  1.090555e+00  2.200000e+01
   endloop
 endfacet
 facet normal -9.976688e-01  6.824241e-02 -1.515286e-17
   outer loop
     vertex -9.966436e+00  8.186288e-01  1.800000e+01
     vertex -9.985078e+00  5.460922e-01  2.200000e+01
     vertex -9.966436e+00  8.186288e-01  2.200000e+01
   endloop
 endfacet
 facet normal -9.954325e-01  9.546807e-02 -2.085705e-17
   outer loop
     vertex -9.966436e+00  8.186288e-01  1.800000e+01
     vertex -9.940357e+00  1.090555e+00  2.200000e+01
     vertex -9.940357e+00  1.090555e+00  1.800000e+01
   endloop
 endfacet
 facet normal -9.976688e-01  6.824241e-02 -1.515286e-17
   outer loop
     vertex -9.985078e+00  5.460922e-01  1.800000e+01
     vertex -9.985078e+00  5.460922e-01  2.200000e+01
     vertex -9.966436e+00  8.186288e-01  1.800000e+01
   endloop
 endfacet
 facet normal -9.991605e-01  4.096583e-02 -9.096241e-18
   outer loop
     vertex -9.996269e+00  2.731480e-01  1.800000e+01
     vertex -9.996269e+00  2.731480e-01  2.200000e+01
     vertex -9.985078e+00  5.460922e-01  2.200000e+01
   endloop
 endfacet
 facet normal -9.991605e-01  4.096583e-02 -9.079724e-18
   outer loop
     vertex -9.996269e+00  2.731480e-01  1.800000e+01
     vertex -9.985078e+00  5.460922e-01  2.200000e+01
     vertex -9.985078e+00  5.460922e-01  1.800000e+01
   endloop
 endfacet
 facet normal -9.999067e-01  1.365867e-02 -3.032835e-18
   outer loop
     vertex -1.000000e+01  5.221450e-15  1.800000e+01
     vertex -1.000000e+01  6.109628e-15  2.200000e+01
     vertex -9.996269e+00  2.731480e-01  2.200000e+01
   endloop
 endfacet
 facet normal -9.999067e-01  1.365867e-02 -3.017352e-18
   outer loop
     vertex -1.000000e+01  5.221450e-15  1.800000e+01
     vertex -9.996269e+00  2.731480e-01  2.200000e+01
     vertex -9.996269e+00  2.731480e-01  1.800000e+01
   endloop
 endfacet
endsolid
