solid 
 facet normal  0.000000e+00 -1.000000e+00  0.000000e+00
   outer loop
     vertex  4.000000e+01  0.000000e+00  0.000000e+00
     vertex  0.000000e+00  0.000000e+00  6.000000e+00
     vertex  0.000000e+00  0.000000e+00  0.000000e+00
   endloop
 endfacet
 facet normal  0.000000e+00 -1.000000e+00  0.000000e+00
   outer loop
     vertex  4.000000e+01  0.000000e+00  0.000000e+00
     vertex  4.000000e+01  0.000000e+00  6.000000e+00
     vertex  0.000000e+00  0.000000e+00  6.000000e+00
   endloop
 endfacet
 facet normal -1.000000e+00  0.000000e+00  0.000000e+00
   outer loop
     vertex  0.000000e+00  0.000000e+00  0.000000e+00
     vertex  0.000000e+00  3.000000e+01  6.000000e+00
     vertex  0.000000e+00  3.000000e+01  0.000000e+00
   endloop
 endfacet
 facet normal -1.000000e+00  0.000000e+00  0.000000e+00
   outer loop
     vertex  0.000000e+00  0.000000e+00  0.000000e+00
     vertex  0.000000e+00  0.000000e+00  6.000000e+00
     vertex  0.000000e+00  3.000000e+01  6.000000e+00
   endloop
 endfacet
 facet normal  1.000000e+00  0.000000e+00  0.000000e+00
   outer loop
     vertex  4.000000e+01  3.000000e+01  0.000000e+00
     vertex  4.000000e+01  0.000000e+00  6.000000e+00
     vertex  4.000000e+01  0.000000e+00  0.000000e+00
   endloop
 endfacet
 facet normal  1.000000e+00  0.000000e+00 -0.000000e+00
   outer loop
     vertex  4.000000e+01  3.000000e+01  0.000000e+00
     vertex  4.000000e+01  3.000000e+01  6.000000e+00
     vertex  4.000000e+01  0.000000e+00  6.000000e+00
   endloop
 endfacet
 facet normal -0.000000e+00  0.000000e+00 -1.000000e+00
   outer loop
     vertex  1.793021e+01  1.282837e+01  0.000000e+00
     vertex  0.000000e+00  0.000000e+00  0.000000e+00
     vertex  1.787142e+01  1.288597e+01  0.000000e+00
   endloop
 endfacet
 facet normal  0.000000e+00 -0.000000e+00 -1.000000e+00
   outer loop
     vertex  1.781422e+01  1.294516e+01  0.000000e+00
     vertex  1.787142e+01  1.288597e+01  0.000000e+00
     vertex  0.000000e+00  0.000000e+00  0.000000e+00
   endloop
 endfacet
 facet normal -0.000000e+00  0.000000e+00 -1.000000e+00
   outer loop
     vertex  1.799057e+01  1.277240e+01  0.000000e+00
     vertex  0.000000e+00  0.000000e+00  0.000000e+00
     vertex  1.793021e+01  1.282837e+01  0.000000e+00
   endloop
 endfacet
 facet normal  0.000000e+00 -0.000000e+00 -1.000000e+00
   outer loop
     vertex  1.775867e+01  1.300590e+01  0.000000e+00
     vertex  1.781422e+01  1.294516e+01  0.000000e+00
     vertex  0.000000e+00  0.000000e+00  0.000000e+00
   endloop
 endfacet
 facet normal -0.000000e+00  0.000000e+00 -1.000000e+00
   outer loop
     vertex  1.805244e+01  1.271811e+01  0.000000e+00
     vertex  0.000000e+00  0.000000e+00  0.000000e+00
     vertex  1.799057e+01  1.277240e+01  0.000000e+00
   endloop
 endfacet
 facet normal  0.000000e+00 -0.000000e+00 -1.000000e+00
   outer loop
     vertex  1.770481e+01  1.306814e+01  0.000000e+00
     vertex  1.775867e+01  1.300590e+01  0.000000e+00
     vertex  0.000000e+00  0.000000e+00  0.000000e+00
   endloop
 endfacet
 facet normal -0.000000e+00  0.000000e+00 -1.000000e+00
   outer loop
     vertex  1.811577e+01  1.266554e+01  0.000000e+00
     vertex  0.000000e+00  0.000000e+00  0.000000e+00
     vertex  1.805244e+01  1.271811e+01  0.000000e+00
   endloop
 endfacet
 facet normal  0.000000e+00 -0.000000e+00 -1.000000e+00
   outer loop
     vertex  1.765267e+01  1.313183e+01  0.000000e+00
     vertex  1.770481e+01  1.306814e+01  0.000000e+00
     vertex  0.000000e+00  0.000000e+00  0.000000e+00
   endloop
 endfacet
 facet normal -0.000000e+00  0.000000e+00 -1.000000e+00
   outer loop
     vertex  1.818053e+01  1.261473e+01  0.000000e+00
     vertex  0.000000e+00  0.000000e+00  0.000000e+00
     vertex  1.811577e+01  1.266554e+01  0.000000e+00
   endloop
 endfacet
 facet normal  0.000000e+00 -0.000000e+00 -1.000000e+00
   outer loop
     vertex  1.760231e+01  1.319693e+01  0.000000e+00
     vertex  1.765267e+01  1.313183e+01  0.000000e+00
     vertex  0.000000e+00  0.000000e+00  0.000000e+00
   endloop
 endfacet
 facet normal -0.000000e+00  0.000000e+00 -1.000000e+00
   outer loop
     vertex  1.824665e+01  1.256571e+01  0.000000e+00
     vertex  0.000000e+00  0.000000e+00  0.000000e+00
     vertex  1.818053e+01  1.261473e+01  0.000000e+00
   endloop
 endfacet
 facet normal  0.000000e+00 -0.000000e+00 -1.000000e+00
   outer loop
     vertex  1.755374e+01  1.326339e+01  0.000000e+00
     vertex  1.760231e+01  1.319693e+01  0.000000e+00
     vertex  0.000000e+00  0.000000e+00  0.000000e+00
   endloop
 endfacet
 facet normal -0.000000e+00  0.000000e+00 -1.000000e+00
   outer loop
     vertex  1.831409e+01  1.251853e+01  0.000000e+00
     vertex  0.000000e+00  0.000000e+00  0.000000e+00
     vertex  1.824665e+01  1.256571e+01  0.000000e+00
   endloop
 endfacet
 facet normal  0.000000e+00 -0.000000e+00 -1.000000e+00
   outer loop
     vertex  1.750702e+01  1.333115e+01  0.000000e+00
     vertex  1.755374e+01  1.326339e+01  0.000000e+00
     vertex  0.000000e+00  0.000000e+00  0.000000e+00
   endloop
 endfacet
 facet normal -0.000000e+00  0.000000e+00 -1.000000e+00
   outer loop
     vertex  1.838280e+01  1.247321e+01  0.000000e+00
     vertex  0.000000e+00  0.000000e+00  0.000000e+00
     vertex  1.831409e+01  1.251853e+01  0.000000e+00
   endloop
 endfacet
 facet normal  0.000000e+00 -0.000000e+00 -1.000000e+00
   outer loop
     vertex  1.746218e+01  1.340017e+01  0.000000e+00
     vertex  1.750702e+01  1.333115e+01  0.000000e+00
     vertex  0.000000e+00  0.000000e+00  0.000000e+00
   endloop
 endfacet
 facet normal -0.000000e+00  0.000000e+00 -1.000000e+00
   outer loop
     vertex  1.845273e+01  1.242979e+01  0.000000e+00
     vertex  0.000000e+00  0.000000e+00  0.000000e+00
     vertex  1.838280e+01  1.247321e+01  0.000000e+00
   endloop
 endfacet
 facet normal  0.000000e+00 -0.000000e+00 -1.000000e+00
   outer loop
     vertex  1.741924e+01  1.347040e+01  0.000000e+00
     vertex  1.746218e+01  1.340017e+01  0.000000e+00
     vertex  0.000000e+00  0.000000e+00  0.000000e+00
   endloop
 endfacet
 facet normal -0.000000e+00  0.000000e+00 -1.000000e+00
   outer loop
     vertex  1.852382e+01  1.238831e+01  0.000000e+00
     vertex  0.000000e+00  0.000000e+00  0.000000e+00
     vertex  1.845273e+01  1.242979e+01  0.000000e+00
   endloop
 endfacet
 facet normal  0.000000e+00 -0.000000e+00 -1.000000e+00
   outer loop
     vertex  1.737825e+01  1.354177e+01  0.000000e+00
     vertex  1.741924e+01  1.347040e+01  0.000000e+00
     vertex  0.000000e+00  0.000000e+00  0.000000e+00
   endloop
 endfacet
 facet normal -0.000000e+00  0.000000e+00 -1.000000e+00
   outer loop
     vertex  1.859603e+01  1.234880e+01  0.000000e+00
     vertex  0.000000e+00  0.000000e+00  0.000000e+00
     vertex  1.852382e+01  1.238831e+01  0.000000e+00
   endloop
 endfacet
 facet normal  0.000000e+00 -0.000000e+00 -1.000000e+00
   outer loop
     vertex  1.733923e+01  1.361425e+01  0.000000e+00
     vertex  1.737825e+01  1.354177e+01  0.000000e+00
     vertex  0.000000e+00  0.000000e+00  0.000000e+00
   endloop
 endfacet
 facet normal -0.000000e+00  0.000000e+00 -1.000000e+00
   outer loop
     vertex  1.866929e+01  1.231128e+01  0.000000e+00
     vertex  0.000000e+00  0.000000e+00  0.000000e+00
     vertex  1.859603e+01  1.234880e+01  0.000000e+00
   endloop
 endfacet
 facet normal  0.000000e+00 -0.000000e+00 -1.000000e+00
   outer loop
     vertex  1.730222e+01  1.368776e+01  0.000000e+00
     vertex  1.733923e+01  1.361425e+01  0.000000e+00
     vertex  0.000000e+00  0.000000e+00  0.000000e+00
   endloop
 endfacet
 facet normal -0.000000e+00  0.000000e+00 -1.000000e+00
   outer loop
     vertex  1.874355e+01  1.227579e+01  0.000000e+00
     vertex  0.000000e+00  0.000000e+00  0.000000e+00
     vertex  1.866929e+01  1.231128e+01  0.000000e+00
   endloop
 endfacet
 facet normal  0.000000e+00 -0.000000e+00 -1.000000e+00
   outer loop
     vertex  1.726723e+01  1.376227e+01  0.000000e+00
     vertex  1.730222e+01  1.368776e+01  0.000000e+00
     vertex  0.000000e+00  0.000000e+00  0.000000e+00
   endloop
 endfacet
 facet normal -0.000000e+00  0.000000e+00 -1.000000e+00
   outer loop
     vertex  1.881876e+01  1.224234e+01  0.000000e+00
     vertex  0.000000e+00  0.000000e+00  0.000000e+00
     vertex  1.874355e+01  1.227579e+01  0.000000e+00
   endloop
 endfacet
 facet normal  0.000000e+00 -0.000000e+00 -1.000000e+00
   outer loop
     vertex  1.723430e+01  1.383771e+01  0.000000e+00
     vertex  1.726723e+01  1.376227e+01  0.000000e+00
     vertex  0.000000e+00  0.000000e+00  0.000000e+00
   endloop
 endfacet
 facet normal -0.000000e+00  0.000000e+00 -1.000000e+00
   outer loop
     vertex  1.889486e+01  1.221097e+01  0.000000e+00
     vertex  0.000000e+00  0.000000e+00  0.000000e+00
     vertex  1.881876e+01  1.224234e+01  0.000000e+00
   endloop
 endfacet
 facet normal  0.000000e+00 -0.000000e+00 -1.000000e+00
   outer loop
     vertex  1.720346e+01  1.391402e+01  0.000000e+00
     vertex  1.723430e+01  1.383771e+01  0.000000e+00
     vertex  0.000000e+00  0.000000e+00  0.000000e+00
   endloop
 endfacet
 facet normal -0.000000e+00  0.000000e+00 -1.000000e+00
   outer loop
     vertex  1.897179e+01  1.218170e+01  0.000000e+00
     vertex  0.000000e+00  0.000000e+00  0.000000e+00
     vertex  1.889486e+01  1.221097e+01  0.000000e+00
   endloop
 endfacet
 facet normal  0.000000e+00 -0.000000e+00 -1.000000e+00
   outer loop
     vertex  1.717472e+01  1.399115e+01  0.000000e+00
     vertex  1.720346e+01  1.391402e+01  0.000000e+00
     vertex  0.000000e+00  0.000000e+00  0.000000e+00
   endloop
 endfacet
 facet normal -0.000000e+00  0.000000e+00 -1.000000e+00
   outer loop
     vertex  1.904950e+01  1.215456e+01  0.000000e+00
     vertex  0.000000e+00  0.000000e+00  0.000000e+00
     vertex  1.897179e+01  1.218170e+01  0.000000e+00
   endloop
 endfacet
 facet normal  0.000000e+00 -0.000000e+00 -1.000000e+00
   outer loop
     vertex  1.714810e+01  1.406904e+01  0.000000e+00
     vertex  1.717472e+01  1.399115e+01  0.000000e+00
     vertex  0.000000e+00  0.000000e+00  0.000000e+00
   endloop
 endfacet
 facet normal -0.000000e+00  0.000000e+00 -1.000000e+00
   outer loop
     vertex  1.912792e+01  1.212955e+01  0.000000e+00
     vertex  0.000000e+00  0.000000e+00  0.000000e+00
     vertex  1.904950e+01  1.215456e+01  0.000000e+00
   endloop
 endfacet
 facet normal  0.000000e+00 -0.000000e+00 -1.000000e+00
   outer loop
     vertex  1.712364e+01  1.414763e+01  0.000000e+00
     vertex  1.714810e+01  1.406904e+01  0.000000e+00
     vertex  0.000000e+00  0.000000e+00  0.000000e+00
   endloop
 endfacet
 facet normal -0.000000e+00  0.000000e+00 -1.000000e+00
   outer loop
     vertex  1.920699e+01  1.210671e+01  0.000000e+00
     vertex  0.000000e+00  0.000000e+00  0.000000e+00
     vertex  1.912792e+01  1.212955e+01  0.000000e+00
   endloop
 endfacet
 facet normal  0.000000e+00 -0.000000e+00 -1.000000e+00
   outer loop
     vertex  1.710134e+01  1.422686e+01  0.000000e+00
     vertex  1.712364e+01  1.414763e+01  0.000000e+00
     vertex  0.000000e+00  0.000000e+00  0.000000e+00
   endloop
 endfacet
 facet normal -0.000000e+00  0.000000e+00 -1.000000e+00
   outer loop
     vertex  1.928666e+01  1.208604e+01  0.000000e+00
     vertex  0.000000e+00  0.000000e+00  0.000000e+00
     vertex  1.920699e+01  1.210671e+01  0.000000e+00
   endloop
 endfacet
 facet normal  0.000000e+00 -0.000000e+00 -1.000000e+00
   outer loop
     vertex  1.708122e+01  1.430667e+01  0.000000e+00
     vertex  1.710134e+01  1.422686e+01  0.000000e+00
     vertex  0.000000e+00  0.000000e+00  0.000000e+00
   endloop
 endfacet
 facet normal -0.000000e+00  0.000000e+00 -1.000000e+00
   outer loop
     vertex  1.936687e+01  1.206757e+01  0.000000e+00
     vertex  0.000000e+00  0.000000e+00  0.000000e+00
     vertex  1.928666e+01  1.208604e+01  0.000000e+00
   endloop
 endfacet
 facet normal  0.000000e+00 -0.000000e+00 -1.000000e+00
   outer loop
     vertex  1.706330e+01  1.438700e+01  0.000000e+00
     vertex  1.708122e+01  1.430667e+01  0.000000e+00
     vertex  0.000000e+00  0.000000e+00  0.000000e+00
   endloop
 endfacet
 facet normal -0.000000e+00  0.000000e+00 -1.000000e+00
   outer loop
     vertex  1.944756e+01  1.205130e+01  0.000000e+00
     vertex  0.000000e+00  0.000000e+00  0.000000e+00
     vertex  1.936687e+01  1.206757e+01  0.000000e+00
   endloop
 endfacet
 facet normal  0.000000e+00 -0.000000e+00 -1.000000e+00
   outer loop
     vertex  1.704758e+01  1.446780e+01  0.000000e+00
     vertex  1.706330e+01  1.438700e+01  0.000000e+00
     vertex  0.000000e+00  0.000000e+00  0.000000e+00
   endloop
 endfacet
 facet normal -0.000000e+00  0.000000e+00 -1.000000e+00
   outer loop
     vertex  1.952866e+01  1.203726e+01  0.000000e+00
     vertex  0.000000e+00  0.000000e+00  0.000000e+00
     vertex  1.944756e+01  1.205130e+01  0.000000e+00
   endloop
 endfacet
 facet normal  0.000000e+00 -0.000000e+00 -1.000000e+00
   outer loop
     vertex  1.703409e+01  1.454900e+01  0.000000e+00
     vertex  1.704758e+01  1.446780e+01  0.000000e+00
     vertex  0.000000e+00  0.000000e+00  0.000000e+00
   endloop
 endfacet
 facet normal -0.000000e+00  0.000000e+00 -1.000000e+00
   outer loop
     vertex  1.961012e+01  1.202544e+01  0.000000e+00
     vertex  0.000000e+00  0.000000e+00  0.000000e+00
     vertex  1.952866e+01  1.203726e+01  0.000000e+00
   endloop
 endfacet
 facet normal  0.000000e+00 -0.000000e+00 -1.000000e+00
   outer loop
     vertex  1.702284e+01  1.463053e+01  0.000000e+00
     vertex  1.703409e+01  1.454900e+01  0.000000e+00
     vertex  0.000000e+00  0.000000e+00  0.000000e+00
   endloop
 endfacet
 facet normal -0.000000e+00  0.000000e+00 -1.000000e+00
   outer loop
     vertex  1.969187e+01  1.201587e+01  0.000000e+00
     vertex  0.000000e+00  0.000000e+00  0.000000e+00
     vertex  1.961012e+01  1.202544e+01  0.000000e+00
   endloop
 endfacet
 facet normal  0.000000e+00 -0.000000e+00 -1.000000e+00
   outer loop
     vertex  1.701382e+01  1.471235e+01  0.000000e+00
     vertex  1.702284e+01  1.463053e+01  0.000000e+00
     vertex  0.000000e+00  0.000000e+00  0.000000e+00
   endloop
 endfacet
 facet normal -0.000000e+00  0.000000e+00 -1.000000e+00
   outer loop
     vertex  1.977386e+01  1.200854e+01  0.000000e+00
     vertex  0.000000e+00  0.000000e+00  0.000000e+00
     vertex  1.969187e+01  1.201587e+01  0.000000e+00
   endloop
 endfacet
 facet normal  0.000000e+00 -0.000000e+00 -1.000000e+00
   outer loop
     vertex  1.700705e+01  1.479438e+01  0.000000e+00
     vertex  1.701382e+01  1.471235e+01  0.000000e+00
     vertex  0.000000e+00  0.000000e+00  0.000000e+00
   endloop
 endfacet
 facet normal -0.000000e+00  0.000000e+00 -1.000000e+00
   outer loop
     vertex  1.985601e+01  1.200346e+01  0.000000e+00
     vertex  0.000000e+00  0.000000e+00  0.000000e+00
     vertex  1.977386e+01  1.200854e+01  0.000000e+00
   endloop
 endfacet
 facet normal  0.000000e+00 -0.000000e+00 -1.000000e+00
   outer loop
     vertex  1.700254e+01  1.487657e+01  0.000000e+00
     vertex  1.700705e+01  1.479438e+01  0.000000e+00
     vertex  0.000000e+00  0.000000e+00  0.000000e+00
   endloop
 endfacet
 facet normal -0.000000e+00  0.000000e+00 -1.000000e+00
   outer loop
     vertex  1.993827e+01  1.200064e+01  0.000000e+00
     vertex  0.000000e+00  0.000000e+00  0.000000e+00
     vertex  1.985601e+01  1.200346e+01  0.000000e+00
   endloop
 endfacet
 facet normal  0.000000e+00 -0.000000e+00 -1.000000e+00
   outer loop
     vertex  1.700028e+01  1.495885e+01  0.000000e+00
     vertex  1.700254e+01  1.487657e+01  0.000000e+00
     vertex  0.000000e+00  0.000000e+00  0.000000e+00
   endloop
 endfacet
 facet normal -0.000000e+00  0.000000e+00 -1.000000e+00
   outer loop
     vertex  2.002058e+01  1.200007e+01  0.000000e+00
     vertex  0.000000e+00  0.000000e+00  0.000000e+00
     vertex  1.993827e+01  1.200064e+01  0.000000e+00
   endloop
 endfacet
 facet normal -0.000000e+00  0.000000e+00 -1.000000e+00
   outer loop
     vertex  1.700028e+01  1.504115e+01  0.000000e+00
     vertex  0.000000e+00  0.000000e+00  0.000000e+00
     vertex  0.000000e+00  3.000000e+01  0.000000e+00
   endloop
 endfacet
 facet normal  0.000000e+00 -0.000000e+00 -1.000000e+00
   outer loop
     vertex  1.700028e+01  1.504115e+01  0.000000e+00
     vertex  1.700028e+01  1.495885e+01  0.000000e+00
     vertex  0.000000e+00  0.000000e+00  0.000000e+00
   endloop
 endfacet
 facet normal -0.000000e+00  0.000000e+00 -1.000000e+00
   outer loop
     vertex  1.700254e+01  1.512343e+01  0.000000e+00
     vertex  1.700028e+01  1.504115e+01  0.000000e+00
     vertex  0.000000e+00  3.000000e+01  0.000000e+00
   endloop
 endfacet
 facet normal -0.000000e+00  0.000000e+00 -1.000000e+00
   outer loop
     vertex  1.700705e+01  1.520562e+01  0.000000e+00
     vertex  1.700254e+01  1.512343e+01  0.000000e+00
     vertex  0.000000e+00  3.000000e+01  0.000000e+00
   endloop
 endfacet
 facet normal -0.000000e+00  0.000000e+00 -1.000000e+00
   outer loop
     vertex  1.701382e+01  1.528765e+01  0.000000e+00
     vertex  1.700705e+01  1.520562e+01  0.000000e+00
     vertex  0.000000e+00  3.000000e+01  0.000000e+00
   endloop
 endfacet
 facet normal -0.000000e+00  0.000000e+00 -1.000000e+00
   outer loop
     vertex  1.702284e+01  1.536947e+01  0.000000e+00
     vertex  1.701382e+01  1.528765e+01  0.000000e+00
     vertex  0.000000e+00  3.000000e+01  0.000000e+00
   endloop
 endfacet
 facet normal -0.000000e+00  0.000000e+00 -1.000000e+00
   outer loop
     vertex  1.703409e+01  1.545100e+01  0.000000e+00
     vertex  1.702284e+01  1.536947e+01  0.000000e+00
     vertex  0.000000e+00  3.000000e+01  0.000000e+00
   endloop
 endfacet
 facet normal -0.000000e+00  0.000000e+00 -1.000000e+00
   outer loop
     vertex  1.704758e+01  1.553220e+01  0.000000e+00
     vertex  1.703409e+01  1.545100e+01  0.000000e+00
     vertex  0.000000e+00  3.000000e+01  0.000000e+00
   endloop
 endfacet
 facet normal -0.000000e+00  0.000000e+00 -1.000000e+00
   outer loop
     vertex  1.706330e+01  1.561300e+01  0.000000e+00
     vertex  1.704758e+01  1.553220e+01  0.000000e+00
     vertex  0.000000e+00  3.000000e+01  0.000000e+00
   endloop
 endfacet
 facet normal -0.000000e+00  0.000000e+00 -1.000000e+00
   outer loop
     vertex  1.708122e+01  1.569333e+01  0.000000e+00
     vertex  1.706330e+01  1.561300e+01  0.000000e+00
     vertex  0.000000e+00  3.000000e+01  0.000000e+00
   endloop
 endfacet
 facet normal -0.000000e+00  0.000000e+00 -1.000000e+00
   outer loop
     vertex  1.710134e+01  1.577314e+01  0.000000e+00
     vertex  1.708122e+01  1.569333e+01  0.000000e+00
     vertex  0.000000e+00  3.000000e+01  0.000000e+00
   endloop
 endfacet
 facet normal -0.000000e+00  0.000000e+00 -1.000000e+00
   outer loop
     vertex  1.712364e+01  1.585237e+01  0.000000e+00
     vertex  1.710134e+01  1.577314e+01  0.000000e+00
     vertex  0.000000e+00  3.000000e+01  0.000000e+00
   endloop
 endfacet
 facet normal -0.000000e+00  0.000000e+00 -1.000000e+00
   outer loop
     vertex  1.714810e+01  1.593096e+01  0.000000e+00
     vertex  1.712364e+01  1.585237e+01  0.000000e+00
     vertex  0.000000e+00  3.000000e+01  0.000000e+00
   endloop
 endfacet
 facet normal -0.000000e+00  0.000000e+00 -1.000000e+00
   outer loop
     vertex  1.717472e+01  1.600885e+01  0.000000e+00
     vertex  1.714810e+01  1.593096e+01  0.000000e+00
     vertex  0.000000e+00  3.000000e+01  0.000000e+00
   endloop
 endfacet
 facet normal -0.000000e+00  0.000000e+00 -1.000000e+00
   outer loop
     vertex  1.720346e+01  1.608598e+01  0.000000e+00
     vertex  1.717472e+01  1.600885e+01  0.000000e+00
     vertex  0.000000e+00  3.000000e+01  0.000000e+00
   endloop
 endfacet
 facet normal -0.000000e+00  0.000000e+00 -1.000000e+00
   outer loop
     vertex  1.723430e+01  1.616229e+01  0.000000e+00
     vertex  1.720346e+01  1.608598e+01  0.000000e+00
     vertex  0.000000e+00  3.000000e+01  0.000000e+00
   endloop
 endfacet
 facet normal -0.000000e+00  0.000000e+00 -1.000000e+00
   outer loop
     vertex  1.726723e+01  1.623773e+01  0.000000e+00
     vertex  1.723430e+01  1.616229e+01  0.000000e+00
     vertex  0.000000e+00  3.000000e+01  0.000000e+00
   endloop
 endfacet
 facet normal -0.000000e+00  0.000000e+00 -1.000000e+00
   outer loop
     vertex  1.730222e+01  1.631224e+01  0.000000e+00
     vertex  1.726723e+01  1.623773e+01  0.000000e+00
     vertex  0.000000e+00  3.000000e+01  0.000000e+00
   endloop
 endfacet
 facet normal -0.000000e+00  0.000000e+00 -1.000000e+00
   outer loop
     vertex  1.733923e+01  1.638575e+01  0.000000e+00
     vertex  1.730222e+01  1.631224e+01  0.000000e+00
     vertex  0.000000e+00  3.000000e+01  0.000000e+00
   endloop
 endfacet
 facet normal -0.000000e+00  0.000000e+00 -1.000000e+00
   outer loop
     vertex  1.737825e+01  1.645823e+01  0.000000e+00
     vertex  1.733923e+01  1.638575e+01  0.000000e+00
     vertex  0.000000e+00  3.000000e+01  0.000000e+00
   endloop
 endfacet
 facet normal -0.000000e+00  0.000000e+00 -1.000000e+00
   outer loop
     vertex  1.741924e+01  1.652960e+01  0.000000e+00
     vertex  1.737825e+01  1.645823e+01  0.000000e+00
     vertex  0.000000e+00  3.000000e+01  0.000000e+00
   endloop
 endfacet
 facet normal -0.000000e+00  0.000000e+00 -1.000000e+00
   outer loop
     vertex  1.746218e+01  1.659983e+01  0.000000e+00
     vertex  1.741924e+01  1.652960e+01  0.000000e+00
     vertex  0.000000e+00  3.000000e+01  0.000000e+00
   endloop
 endfacet
 facet normal -0.000000e+00  0.000000e+00 -1.000000e+00
   outer loop
     vertex  1.750702e+01  1.666885e+01  0.000000e+00
     vertex  1.746218e+01  1.659983e+01  0.000000e+00
     vertex  0.000000e+00  3.000000e+01  0.000000e+00
   endloop
 endfacet
 facet normal -0.000000e+00  0.000000e+00 -1.000000e+00
   outer loop
     vertex  1.755374e+01  1.673661e+01  0.000000e+00
     vertex  1.750702e+01  1.666885e+01  0.000000e+00
     vertex  0.000000e+00  3.000000e+01  0.000000e+00
   endloop
 endfacet
 facet normal -0.000000e+00  0.000000e+00 -1.000000e+00
   outer loop
     vertex  1.760231e+01  1.680307e+01  0.000000e+00
     vertex  1.755374e+01  1.673661e+01  0.000000e+00
     vertex  0.000000e+00  3.000000e+01  0.000000e+00
   endloop
 endfacet
 facet normal -0.000000e+00  0.000000e+00 -1.000000e+00
   outer loop
     vertex  1.765267e+01  1.686817e+01  0.000000e+00
     vertex  1.760231e+01  1.680307e+01  0.000000e+00
     vertex  0.000000e+00  3.000000e+01  0.000000e+00
   endloop
 endfacet
 facet normal -0.000000e+00  0.000000e+00 -1.000000e+00
   outer loop
     vertex  1.770481e+01  1.693186e+01  0.000000e+00
     vertex  1.765267e+01  1.686817e+01  0.000000e+00
     vertex  0.000000e+00  3.000000e+01  0.000000e+00
   endloop
 endfacet
 facet normal -0.000000e+00  0.000000e+00 -1.000000e+00
   outer loop
     vertex  1.775867e+01  1.699410e+01  0.000000e+00
     vertex  1.770481e+01  1.693186e+01  0.000000e+00
     vertex  0.000000e+00  3.000000e+01  0.000000e+00
   endloop
 endfacet
 facet normal -0.000000e+00  0.000000e+00 -1.000000e+00
   outer loop
     vertex  1.781422e+01  1.705484e+01  0.000000e+00
     vertex  1.775867e+01  1.699410e+01  0.000000e+00
     vertex  0.000000e+00  3.000000e+01  0.000000e+00
   endloop
 endfacet
 facet normal -0.000000e+00  0.000000e+00 -1.000000e+00
   outer loop
     vertex  1.787142e+01  1.711403e+01  0.000000e+00
     vertex  1.781422e+01  1.705484e+01  0.000000e+00
     vertex  0.000000e+00  3.000000e+01  0.000000e+00
   endloop
 endfacet
 facet normal -0.000000e+00  0.000000e+00 -1.000000e+00
   outer loop
     vertex  1.793021e+01  1.717163e+01  0.000000e+00
     vertex  1.787142e+01  1.711403e+01  0.000000e+00
     vertex  0.000000e+00  3.000000e+01  0.000000e+00
   endloop
 endfacet
 facet normal -0.000000e+00  0.000000e+00 -1.000000e+00
   outer loop
     vertex  1.799057e+01  1.722760e+01  0.000000e+00
     vertex  1.793021e+01  1.717163e+01  0.000000e+00
     vertex  0.000000e+00  3.000000e+01  0.000000e+00
   endloop
 endfacet
 facet normal -0.000000e+00  0.000000e+00 -1.000000e+00
   outer loop
     vertex  1.805244e+01  1.728189e+01  0.000000e+00
     vertex  1.799057e+01  1.722760e+01  0.000000e+00
     vertex  0.000000e+00  3.000000e+01  0.000000e+00
   endloop
 endfacet
 facet normal -0.000000e+00  0.000000e+00 -1.000000e+00
   outer loop
     vertex  1.811577e+01  1.733446e+01  0.000000e+00
     vertex  1.805244e+01  1.728189e+01  0.000000e+00
     vertex  0.000000e+00  3.000000e+01  0.000000e+00
   endloop
 endfacet
 facet normal -0.000000e+00  0.000000e+00 -1.000000e+00
   outer loop
     vertex  1.818053e+01  1.738527e+01  0.000000e+00
     vertex  1.811577e+01  1.733446e+01  0.000000e+00
     vertex  0.000000e+00  3.000000e+01  0.000000e+00
   endloop
 endfacet
 facet normal -0.000000e+00  0.000000e+00 -1.000000e+00
   outer loop
     vertex  1.824665e+01  1.743429e+01  0.000000e+00
     vertex  1.818053e+01  1.738527e+01  0.000000e+00
     vertex  0.000000e+00  3.000000e+01  0.000000e+00
   endloop
 endfacet
 facet normal -0.000000e+00  0.000000e+00 -1.000000e+00
   outer loop
     vertex  1.831409e+01  1.748147e+01  0.000000e+00
     vertex  1.824665e+01  1.743429e+01  0.000000e+00
     vertex  0.000000e+00  3.000000e+01  0.000000e+00
   endloop
 endfacet
 facet normal -0.000000e+00  0.000000e+00 -1.000000e+00
   outer loop
     vertex  1.838280e+01  1.752679e+01  0.000000e+00
     vertex  1.831409e+01  1.748147e+01  0.000000e+00
     vertex  0.000000e+00  3.000000e+01  0.000000e+00
   endloop
 endfacet
 facet normal -0.000000e+00  0.000000e+00 -1.000000e+00
   outer loop
     vertex  1.845273e+01  1.757021e+01  0.000000e+00
     vertex  1.838280e+01  1.752679e+01  0.000000e+00
     vertex  0.000000e+00  3.000000e+01  0.000000e+00
   endloop
 endfacet
 facet normal -0.000000e+00  0.000000e+00 -1.000000e+00
   outer loop
     vertex  1.852382e+01  1.761169e+01  0.000000e+00
     vertex  1.845273e+01  1.757021e+01  0.000000e+00
     vertex  0.000000e+00  3.000000e+01  0.000000e+00
   endloop
 endfacet
 facet normal -0.000000e+00  0.000000e+00 -1.000000e+00
   outer loop
     vertex  1.859603e+01  1.765120e+01  0.000000e+00
     vertex  1.852382e+01  1.761169e+01  0.000000e+00
     vertex  0.000000e+00  3.000000e+01  0.000000e+00
   endloop
 endfacet
 facet normal -0.000000e+00  0.000000e+00 -1.000000e+00
   outer loop
     vertex  1.866929e+01  1.768872e+01  0.000000e+00
     vertex  1.859603e+01  1.765120e+01  0.000000e+00
     vertex  0.000000e+00  3.000000e+01  0.000000e+00
   endloop
 endfacet
 facet normal -0.000000e+00  0.000000e+00 -1.000000e+00
   outer loop
     vertex  1.874355e+01  1.772421e+01  0.000000e+00
     vertex  1.866929e+01  1.768872e+01  0.000000e+00
     vertex  0.000000e+00  3.000000e+01  0.000000e+00
   endloop
 endfacet
 facet normal -0.000000e+00  0.000000e+00 -1.000000e+00
   outer loop
     vertex  1.881876e+01  1.775766e+01  0.000000e+00
     vertex  1.874355e+01  1.772421e+01  0.000000e+00
     vertex  0.000000e+00  3.000000e+01  0.000000e+00
   endloop
 endfacet
 facet normal -0.000000e+00  0.000000e+00 -1.000000e+00
   outer loop
     vertex  1.889486e+01  1.778903e+01  0.000000e+00
     vertex  1.881876e+01  1.775766e+01  0.000000e+00
     vertex  0.000000e+00  3.000000e+01  0.000000e+00
   endloop
 endfacet
 facet normal -0.000000e+00  0.000000e+00 -1.000000e+00
   outer loop
     vertex  1.897179e+01  1.781830e+01  0.000000e+00
     vertex  1.889486e+01  1.778903e+01  0.000000e+00
     vertex  0.000000e+00  3.000000e+01  0.000000e+00
   endloop
 endfacet
 facet normal -0.000000e+00  0.000000e+00 -1.000000e+00
   outer loop
     vertex  1.904950e+01  1.784544e+01  0.000000e+00
     vertex  1.897179e+01  1.781830e+01  0.000000e+00
     vertex  0.000000e+00  3.000000e+01  0.000000e+00
   endloop
 endfacet
 facet normal -0.000000e+00  0.000000e+00 -1.000000e+00
   outer loop
     vertex  1.912792e+01  1.787045e+01  0.000000e+00
     vertex  1.904950e+01  1.784544e+01  0.000000e+00
     vertex  0.000000e+00  3.000000e+01  0.000000e+00
   endloop
 endfacet
 facet normal -0.000000e+00  0.000000e+00 -1.000000e+00
   outer loop
     vertex  1.920699e+01  1.789329e+01  0.000000e+00
     vertex  1.912792e+01  1.787045e+01  0.000000e+00
     vertex  0.000000e+00  3.000000e+01  0.000000e+00
   endloop
 endfacet
 facet normal -0.000000e+00  0.000000e+00 -1.000000e+00
   outer loop
     vertex  1.928666e+01  1.791396e+01  0.000000e+00
     vertex  1.920699e+01  1.789329e+01  0.000000e+00
     vertex  0.000000e+00  3.000000e+01  0.000000e+00
   endloop
 endfacet
 facet normal -0.000000e+00  0.000000e+00 -1.000000e+00
   outer loop
     vertex  1.936687e+01  1.793243e+01  0.000000e+00
     vertex  1.928666e+01  1.791396e+01  0.000000e+00
     vertex  0.000000e+00  3.000000e+01  0.000000e+00
   endloop
 endfacet
 facet normal -0.000000e+00  0.000000e+00 -1.000000e+00
   outer loop
     vertex  1.944756e+01  1.794870e+01  0.000000e+00
     vertex  1.936687e+01  1.793243e+01  0.000000e+00
     vertex  0.000000e+00  3.000000e+01  0.000000e+00
   endloop
 endfacet
 facet normal -0.000000e+00  0.000000e+00 -1.000000e+00
   outer loop
     vertex  1.952866e+01  1.796274e+01  0.000000e+00
     vertex  1.944756e+01  1.794870e+01  0.000000e+00
     vertex  0.000000e+00  3.000000e+01  0.000000e+00
   endloop
 endfacet
 facet normal -0.000000e+00  0.000000e+00 -1.000000e+00
   outer loop
     vertex  1.961012e+01  1.797456e+01  0.000000e+00
     vertex  1.952866e+01  1.796274e+01  0.000000e+00
     vertex  0.000000e+00  3.000000e+01  0.000000e+00
   endloop
 endfacet
 facet normal -0.000000e+00  0.000000e+00 -1.000000e+00
   outer loop
     vertex  1.969187e+01  1.798413e+01  0.000000e+00
     vertex  1.961012e+01  1.797456e+01  0.000000e+00
     vertex  0.000000e+00  3.000000e+01  0.000000e+00
   endloop
 endfacet
 facet normal -0.000000e+00  0.000000e+00 -1.000000e+00
   outer loop
     vertex  1.977386e+01  1.799146e+01  0.000000e+00
     vertex  1.969187e+01  1.798413e+01  0.000000e+00
     vertex  0.000000e+00  3.000000e+01  0.000000e+00
   endloop
 endfacet
 facet normal -0.000000e+00  0.000000e+00 -1.000000e+00
   outer loop
     vertex  1.985601e+01  1.799654e+01  0.000000e+00
     vertex  1.977386e+01  1.799146e+01  0.000000e+00
     vertex  0.000000e+00  3.000000e+01  0.000000e+00
   endloop
 endfacet
 facet normal -0.000000e+00  0.000000e+00 -1.000000e+00
   outer loop
     vertex  1.993827e+01  1.799936e+01  0.000000e+00
     vertex  1.985601e+01  1.799654e+01  0.000000e+00
     vertex  0.000000e+00  3.000000e+01  0.000000e+00
   endloop
 endfacet
 facet normal -0.000000e+00  0.000000e+00 -1.000000e+00
   outer loop
     vertex  2.002058e+01  1.799993e+01  0.000000e+00
     vertex  1.993827e+01  1.799936e+01  0.000000e+00
     vertex  0.000000e+00  3.000000e+01  0.000000e+00
   endloop
 endfacet
 facet normal  0.000000e+00  0.000000e+00 -1.000000e+00
   outer loop
     vertex  4.000000e+01  0.000000e+00  0.000000e+00
     vertex  2.191607e+01  1.269161e+01  0.000000e+00
     vertex  2.197868e+01  1.274505e+01  0.000000e+00
   endloop
 endfacet
 facet normal  0.000000e+00  0.000000e+00 -1.000000e+00
   outer loop
     vertex  4.000000e+01  0.000000e+00  0.000000e+00
     vertex  2.197868e+01  1.274505e+01  0.000000e+00
     vertex  2.203980e+01  1.280018e+01  0.000000e+00
   endloop
 endfacet
 facet normal  0.000000e+00  0.000000e+00 -1.000000e+00
   outer loop
     vertex  4.000000e+01  0.000000e+00  0.000000e+00
     vertex  2.203980e+01  1.280018e+01  0.000000e+00
     vertex  2.209938e+01  1.285697e+01  0.000000e+00
   endloop
 endfacet
 facet normal  0.000000e+00  0.000000e+00 -1.000000e+00
   outer loop
     vertex  4.000000e+01  0.000000e+00  0.000000e+00
     vertex  2.209938e+01  1.285697e+01  0.000000e+00
     vertex  2.215738e+01  1.291537e+01  0.000000e+00
   endloop
 endfacet
 facet normal  0.000000e+00  0.000000e+00 -1.000000e+00
   outer loop
     vertex  4.000000e+01  0.000000e+00  0.000000e+00
     vertex  2.215738e+01  1.291537e+01  0.000000e+00
     vertex  2.221376e+01  1.297534e+01  0.000000e+00
   endloop
 endfacet
 facet normal  0.000000e+00  0.000000e+00 -1.000000e+00
   outer loop
     vertex  4.000000e+01  0.000000e+00  0.000000e+00
     vertex  2.221376e+01  1.297534e+01  0.000000e+00
     vertex  2.226847e+01  1.303683e+01  0.000000e+00
   endloop
 endfacet
 facet normal  0.000000e+00  0.000000e+00 -1.000000e+00
   outer loop
     vertex  4.000000e+01  0.000000e+00  0.000000e+00
     vertex  2.226847e+01  1.303683e+01  0.000000e+00
     vertex  2.232148e+01  1.309980e+01  0.000000e+00
   endloop
 endfacet
 facet normal  0.000000e+00  0.000000e+00 -1.000000e+00
   outer loop
     vertex  4.000000e+01  0.000000e+00  0.000000e+00
     vertex  2.232148e+01  1.309980e+01  0.000000e+00
     vertex  2.237273e+01  1.316421e+01  0.000000e+00
   endloop
 endfacet
 facet normal  0.000000e+00  0.000000e+00 -1.000000e+00
   outer loop
     vertex  4.000000e+01  0.000000e+00  0.000000e+00
     vertex  2.237273e+01  1.316421e+01  0.000000e+00
     vertex  2.242220e+01  1.322999e+01  0.000000e+00
   endloop
 endfacet
 facet normal  0.000000e+00  0.000000e+00 -1.000000e+00
   outer loop
     vertex  4.000000e+01  0.000000e+00  0.000000e+00
     vertex  2.242220e+01  1.322999e+01  0.000000e+00
     vertex  2.246985e+01  1.329711e+01  0.000000e+00
   endloop
 endfacet
 facet normal  0.000000e+00  0.000000e+00 -1.000000e+00
   outer loop
     vertex  4.000000e+01  0.000000e+00  0.000000e+00
     vertex  2.246985e+01  1.329711e+01  0.000000e+00
     vertex  2.251564e+01  1.336551e+01  0.000000e+00
   endloop
 endfacet
 facet normal  0.000000e+00  0.000000e+00 -1.000000e+00
   outer loop
     vertex  4.000000e+01  0.000000e+00  0.000000e+00
     vertex  2.251564e+01  1.336551e+01  0.000000e+00
     vertex  2.255953e+01  1.343514e+01  0.000000e+00
   endloop
 endfacet
 facet normal  0.000000e+00  0.000000e+00 -1.000000e+00
   outer loop
     vertex  4.000000e+01  0.000000e+00  0.000000e+00
     vertex  2.255953e+01  1.343514e+01  0.000000e+00
     vertex  2.260150e+01  1.350594e+01  0.000000e+00
   endloop
 endfacet
 facet normal  0.000000e+00  0.000000e+00 -1.000000e+00
   outer loop
     vertex  4.000000e+01  0.000000e+00  0.000000e+00
     vertex  2.260150e+01  1.350594e+01  0.000000e+00
     vertex  2.264151e+01  1.357788e+01  0.000000e+00
   endloop
 endfacet
 facet normal  0.000000e+00  0.000000e+00 -1.000000e+00
   outer loop
     vertex  4.000000e+01  0.000000e+00  0.000000e+00
     vertex  2.264151e+01  1.357788e+01  0.000000e+00
     vertex  2.267953e+01  1.365088e+01  0.000000e+00
   endloop
 endfacet
 facet normal  0.000000e+00  0.000000e+00 -1.000000e+00
   outer loop
     vertex  4.000000e+01  0.000000e+00  0.000000e+00
     vertex  2.267953e+01  1.365088e+01  0.000000e+00
     vertex  2.271553e+01  1.372490e+01  0.000000e+00
   endloop
 endfacet
 facet normal  0.000000e+00  0.000000e+00 -1.000000e+00
   outer loop
     vertex  4.000000e+01  0.000000e+00  0.000000e+00
     vertex  2.271553e+01  1.372490e+01  0.000000e+00
     vertex  2.274949e+01  1.379987e+01  0.000000e+00
   endloop
 endfacet
 facet normal  0.000000e+00  0.000000e+00 -1.000000e+00
   outer loop
     vertex  4.000000e+01  0.000000e+00  0.000000e+00
     vertex  2.274949e+01  1.379987e+01  0.000000e+00
     vertex  2.278138e+01  1.387576e+01  0.000000e+00
   endloop
 endfacet
 facet normal  0.000000e+00  0.000000e+00 -1.000000e+00
   outer loop
     vertex  4.000000e+01  0.000000e+00  0.000000e+00
     vertex  2.278138e+01  1.387576e+01  0.000000e+00
     vertex  2.281118e+01  1.395248e+01  0.000000e+00
   endloop
 endfacet
 facet normal  0.000000e+00  0.000000e+00 -1.000000e+00
   outer loop
     vertex  4.000000e+01  0.000000e+00  0.000000e+00
     vertex  2.281118e+01  1.395248e+01  0.000000e+00
     vertex  2.283886e+01  1.403000e+01  0.000000e+00
   endloop
 endfacet
 facet normal  0.000000e+00  0.000000e+00 -1.000000e+00
   outer loop
     vertex  4.000000e+01  0.000000e+00  0.000000e+00
     vertex  2.283886e+01  1.403000e+01  0.000000e+00
     vertex  2.286440e+01  1.410825e+01  0.000000e+00
   endloop
 endfacet
 facet normal  0.000000e+00  0.000000e+00 -1.000000e+00
   outer loop
     vertex  4.000000e+01  0.000000e+00  0.000000e+00
     vertex  2.286440e+01  1.410825e+01  0.000000e+00
     vertex  2.288778e+01  1.418716e+01  0.000000e+00
   endloop
 endfacet
 facet normal  0.000000e+00  0.000000e+00 -1.000000e+00
   outer loop
     vertex  4.000000e+01  0.000000e+00  0.000000e+00
     vertex  2.288778e+01  1.418716e+01  0.000000e+00
     vertex  2.290900e+01  1.426669e+01  0.000000e+00
   endloop
 endfacet
 facet normal  0.000000e+00  0.000000e+00 -1.000000e+00
   outer loop
     vertex  4.000000e+01  0.000000e+00  0.000000e+00
     vertex  2.290900e+01  1.426669e+01  0.000000e+00
     vertex  2.292802e+01  1.434678e+01  0.000000e+00
   endloop
 endfacet
 facet normal  0.000000e+00  0.000000e+00 -1.000000e+00
   outer loop
     vertex  4.000000e+01  0.000000e+00  0.000000e+00
     vertex  2.292802e+01  1.434678e+01  0.000000e+00
     vertex  2.294484e+01  1.442735e+01  0.000000e+00
   endloop
 endfacet
 facet normal  0.000000e+00  0.000000e+00 -1.000000e+00
   outer loop
     vertex  4.000000e+01  0.000000e+00  0.000000e+00
     vertex  2.294484e+01  1.442735e+01  0.000000e+00
     vertex  2.295944e+01  1.450835e+01  0.000000e+00
   endloop
 endfacet
 facet normal  0.000000e+00  0.000000e+00 -1.000000e+00
   outer loop
     vertex  4.000000e+01  0.000000e+00  0.000000e+00
     vertex  2.295944e+01  1.450835e+01  0.000000e+00
     vertex  2.297181e+01  1.458973e+01  0.000000e+00
   endloop
 endfacet
 facet normal  0.000000e+00  0.000000e+00 -1.000000e+00
   outer loop
     vertex  4.000000e+01  0.000000e+00  0.000000e+00
     vertex  2.297181e+01  1.458973e+01  0.000000e+00
     vertex  2.298195e+01  1.467141e+01  0.000000e+00
   endloop
 endfacet
 facet normal  0.000000e+00  0.000000e+00 -1.000000e+00
   outer loop
     vertex  4.000000e+01  0.000000e+00  0.000000e+00
     vertex  2.298195e+01  1.467141e+01  0.000000e+00
     vertex  2.298984e+01  1.475334e+01  0.000000e+00
   endloop
 endfacet
 facet normal  0.000000e+00  0.000000e+00 -1.000000e+00
   outer loop
     vertex  4.000000e+01  0.000000e+00  0.000000e+00
     vertex  2.298984e+01  1.475334e+01  0.000000e+00
     vertex  2.299548e+01  1.483546e+01  0.000000e+00
   endloop
 endfacet
 facet normal  0.000000e+00  0.000000e+00 -1.000000e+00
   outer loop
     vertex  4.000000e+01  0.000000e+00  0.000000e+00
     vertex  2.299548e+01  1.483546e+01  0.000000e+00
     vertex  2.299887e+01  1.491770e+01  0.000000e+00
   endloop
 endfacet
 facet normal  0.000000e+00  0.000000e+00 -1.000000e+00
   outer loop
     vertex  4.000000e+01  0.000000e+00  0.000000e+00
     vertex  2.299887e+01  1.491770e+01  0.000000e+00
     vertex  2.300000e+01  1.500000e+01  0.000000e+00
   endloop
 endfacet
 facet normal  0.000000e+00  0.000000e+00 -1.000000e+00
   outer loop
     vertex  4.000000e+01  0.000000e+00  0.000000e+00
     vertex  0.000000e+00  0.000000e+00  0.000000e+00
     vertex  2.002058e+01  1.200007e+01  0.000000e+00
   endloop
 endfacet
 facet normal  0.000000e+00  0.000000e+00 -1.000000e+00
   outer loop
     vertex  4.000000e+01  0.000000e+00  0.000000e+00
     vertex  2.002058e+01  1.200007e+01  0.000000e+00
     vertex  2.010287e+01  1.200176e+01  0.000000e+00
   endloop
 endfacet
 facet normal  0.000000e+00  0.000000e+00 -1.000000e+00
   outer loop
     vertex  4.000000e+01  0.000000e+00  0.000000e+00
     vertex  2.010287e+01  1.200176e+01  0.000000e+00
     vertex  2.018509e+01  1.200571e+01  0.000000e+00
   endloop
 endfacet
 facet normal  0.000000e+00  0.000000e+00 -1.000000e+00
   outer loop
     vertex  4.000000e+01  0.000000e+00  0.000000e+00
     vertex  2.018509e+01  1.200571e+01  0.000000e+00
     vertex  2.026716e+01  1.201192e+01  0.000000e+00
   endloop
 endfacet
 facet normal  0.000000e+00  0.000000e+00 -1.000000e+00
   outer loop
     vertex  4.000000e+01  0.000000e+00  0.000000e+00
     vertex  2.026716e+01  1.201192e+01  0.000000e+00
     vertex  2.034904e+01  1.202037e+01  0.000000e+00
   endloop
 endfacet
 facet normal  0.000000e+00  0.000000e+00 -1.000000e+00
   outer loop
     vertex  4.000000e+01  0.000000e+00  0.000000e+00
     vertex  2.034904e+01  1.202037e+01  0.000000e+00
     vertex  2.043065e+01  1.203107e+01  0.000000e+00
   endloop
 endfacet
 facet normal  0.000000e+00  0.000000e+00 -1.000000e+00
   outer loop
     vertex  4.000000e+01  0.000000e+00  0.000000e+00
     vertex  2.043065e+01  1.203107e+01  0.000000e+00
     vertex  2.051194e+01  1.204400e+01  0.000000e+00
   endloop
 endfacet
 facet normal  0.000000e+00  0.000000e+00 -1.000000e+00
   outer loop
     vertex  4.000000e+01  0.000000e+00  0.000000e+00
     vertex  2.051194e+01  1.204400e+01  0.000000e+00
     vertex  2.059284e+01  1.205916e+01  0.000000e+00
   endloop
 endfacet
 facet normal  0.000000e+00  0.000000e+00 -1.000000e+00
   outer loop
     vertex  4.000000e+01  0.000000e+00  0.000000e+00
     vertex  2.059284e+01  1.205916e+01  0.000000e+00
     vertex  2.067329e+01  1.207653e+01  0.000000e+00
   endloop
 endfacet
 facet normal  0.000000e+00  0.000000e+00 -1.000000e+00
   outer loop
     vertex  4.000000e+01  0.000000e+00  0.000000e+00
     vertex  2.067329e+01  1.207653e+01  0.000000e+00
     vertex  2.075324e+01  1.209610e+01  0.000000e+00
   endloop
 endfacet
 facet normal  0.000000e+00  0.000000e+00 -1.000000e+00
   outer loop
     vertex  4.000000e+01  0.000000e+00  0.000000e+00
     vertex  2.075324e+01  1.209610e+01  0.000000e+00
     vertex  2.083262e+01  1.211786e+01  0.000000e+00
   endloop
 endfacet
 facet normal  0.000000e+00  0.000000e+00 -1.000000e+00
   outer loop
     vertex  4.000000e+01  0.000000e+00  0.000000e+00
     vertex  2.083262e+01  1.211786e+01  0.000000e+00
     vertex  2.091138e+01  1.214179e+01  0.000000e+00
   endloop
 endfacet
 facet normal  0.000000e+00  0.000000e+00 -1.000000e+00
   outer loop
     vertex  4.000000e+01  0.000000e+00  0.000000e+00
     vertex  2.091138e+01  1.214179e+01  0.000000e+00
     vertex  2.098945e+01  1.216786e+01  0.000000e+00
   endloop
 endfacet
 facet normal  0.000000e+00  0.000000e+00 -1.000000e+00
   outer loop
     vertex  4.000000e+01  0.000000e+00  0.000000e+00
     vertex  2.098945e+01  1.216786e+01  0.000000e+00
     vertex  2.106677e+01  1.219608e+01  0.000000e+00
   endloop
 endfacet
 facet normal  0.000000e+00  0.000000e+00 -1.000000e+00
   outer loop
     vertex  4.000000e+01  0.000000e+00  0.000000e+00
     vertex  2.106677e+01  1.219608e+01  0.000000e+00
     vertex  2.114330e+01  1.222640e+01  0.000000e+00
   endloop
 endfacet
 facet normal  0.000000e+00  0.000000e+00 -1.000000e+00
   outer loop
     vertex  4.000000e+01  0.000000e+00  0.000000e+00
     vertex  2.114330e+01  1.222640e+01  0.000000e+00
     vertex  2.121896e+01  1.225881e+01  0.000000e+00
   endloop
 endfacet
 facet normal  0.000000e+00  0.000000e+00 -1.000000e+00
   outer loop
     vertex  4.000000e+01  0.000000e+00  0.000000e+00
     vertex  2.121896e+01  1.225881e+01  0.000000e+00
     vertex  2.129370e+01  1.229328e+01  0.000000e+00
   endloop
 endfacet
 facet normal  0.000000e+00  0.000000e+00 -1.000000e+00
   outer loop
     vertex  4.000000e+01  0.000000e+00  0.000000e+00
     vertex  2.129370e+01  1.229328e+01  0.000000e+00
     vertex  2.136747e+01  1.232979e+01  0.000000e+00
   endloop
 endfacet
 facet normal  0.000000e+00  0.000000e+00 -1.000000e+00
   outer loop
     vertex  4.000000e+01  0.000000e+00  0.000000e+00
     vertex  2.136747e+01  1.232979e+01  0.000000e+00
     vertex  2.144021e+01  1.236831e+01  0.000000e+00
   endloop
 endfacet
 facet normal  0.000000e+00  0.000000e+00 -1.000000e+00
   outer loop
     vertex  4.000000e+01  0.000000e+00  0.000000e+00
     vertex  2.144021e+01  1.236831e+01  0.000000e+00
     vertex  2.151187e+01  1.240881e+01  0.000000e+00
   endloop
 endfacet
 facet normal  0.000000e+00  0.000000e+00 -1.000000e+00
   outer loop
     vertex  4.000000e+01  0.000000e+00  0.000000e+00
     vertex  2.151187e+01  1.240881e+01  0.000000e+00
     vertex  2.158238e+01  1.245126e+01  0.000000e+00
   endloop
 endfacet
 facet normal  0.000000e+00  0.000000e+00 -1.000000e+00
   outer loop
     vertex  4.000000e+01  0.000000e+00  0.000000e+00
     vertex  2.158238e+01  1.245126e+01  0.000000e+00
     vertex  2.165171e+01  1.249563e+01  0.000000e+00
   endloop
 endfacet
 facet normal  0.000000e+00  0.000000e+00 -1.000000e+00
   outer loop
     vertex  4.000000e+01  0.000000e+00  0.000000e+00
     vertex  2.165171e+01  1.249563e+01  0.000000e+00
     vertex  2.171979e+01  1.254189e+01  0.000000e+00
   endloop
 endfacet
 facet normal  0.000000e+00  0.000000e+00 -1.000000e+00
   outer loop
     vertex  4.000000e+01  0.000000e+00  0.000000e+00
     vertex  2.171979e+01  1.254189e+01  0.000000e+00
     vertex  2.178658e+01  1.258999e+01  0.000000e+00
   endloop
 endfacet
 facet normal  0.000000e+00  0.000000e+00 -1.000000e+00
   outer loop
     vertex  4.000000e+01  0.000000e+00  0.000000e+00
     vertex  2.178658e+01  1.258999e+01  0.000000e+00
     vertex  2.185203e+01  1.263991e+01  0.000000e+00
   endloop
 endfacet
 facet normal  0.000000e+00  0.000000e+00 -1.000000e+00
   outer loop
     vertex  4.000000e+01  0.000000e+00  0.000000e+00
     vertex  2.185203e+01  1.263991e+01  0.000000e+00
     vertex  2.191607e+01  1.269161e+01  0.000000e+00
   endloop
 endfacet
 facet normal  0.000000e+00  0.000000e+00 -1.000000e+00
   outer loop
     vertex  4.000000e+01  3.000000e+01  0.000000e+00
     vertex  2.300000e+01  1.500000e+01  0.000000e+00
     vertex  2.299887e+01  1.508230e+01  0.000000e+00
   endloop
 endfacet
 facet normal  0.000000e+00  0.000000e+00 -1.000000e+00
   outer loop
     vertex  4.000000e+01  3.000000e+01  0.000000e+00
     vertex  2.299887e+01  1.508230e+01  0.000000e+00
     vertex  2.299548e+01  1.516454e+01  0.000000e+00
   endloop
 endfacet
 facet normal  0.000000e+00  0.000000e+00 -1.000000e+00
   outer loop
     vertex  4.000000e+01  3.000000e+01  0.000000e+00
     vertex  2.299548e+01  1.516454e+01  0.000000e+00
     vertex  2.298984e+01  1.524666e+01  0.000000e+00
   endloop
 endfacet
 facet normal  0.000000e+00  0.000000e+00 -1.000000e+00
   outer loop
     vertex  4.000000e+01  3.000000e+01  0.000000e+00
     vertex  2.298984e+01  1.524666e+01  0.000000e+00
     vertex  2.298195e+01  1.532859e+01  0.000000e+00
   endloop
 endfacet
 facet normal  0.000000e+00  0.000000e+00 -1.000000e+00
   outer loop
     vertex  4.000000e+01  3.000000e+01  0.000000e+00
     vertex  2.298195e+01  1.532859e+01  0.000000e+00
     vertex  2.297181e+01  1.541027e+01  0.000000e+00
   endloop
 endfacet
 facet normal  0.000000e+00  0.000000e+00 -1.000000e+00
   outer loop
     vertex  4.000000e+01  3.000000e+01  0.000000e+00
     vertex  2.297181e+01  1.541027e+01  0.000000e+00
     vertex  2.295944e+01  1.549165e+01  0.000000e+00
   endloop
 endfacet
 facet normal  0.000000e+00  0.000000e+00 -1.000000e+00
   outer loop
     vertex  4.000000e+01  3.000000e+01  0.000000e+00
     vertex  2.295944e+01  1.549165e+01  0.000000e+00
     vertex  2.294484e+01  1.557265e+01  0.000000e+00
   endloop
 endfacet
 facet normal  0.000000e+00  0.000000e+00 -1.000000e+00
   outer loop
     vertex  4.000000e+01  3.000000e+01  0.000000e+00
     vertex  2.294484e+01  1.557265e+01  0.000000e+00
     vertex  2.292802e+01  1.565322e+01  0.000000e+00
   endloop
 endfacet
 facet normal  0.000000e+00 -0.000000e+00 -1.000000e+00
   outer loop
     vertex  4.000000e+01  3.000000e+01  0.000000e+00
     vertex  4.000000e+01  0.000000e+00  0.000000e+00
     vertex  2.300000e+01  1.500000e+01  0.000000e+00
   endloop
 endfacet
 facet normal  0.000000e+00  0.000000e+00 -1.000000e+00
   outer loop
     vertex  4.000000e+01  3.000000e+01  0.000000e+00
     vertex  2.292802e+01  1.565322e+01  0.000000e+00
     vertex  2.290900e+01  1.573331e+01  0.000000e+00
   endloop
 endfacet
 facet normal  0.000000e+00  0.000000e+00 -1.000000e+00
   outer loop
     vertex  4.000000e+01  3.000000e+01  0.000000e+00
     vertex  2.290900e+01  1.573331e+01  0.000000e+00
     vertex  2.288778e+01  1.581284e+01  0.000000e+00
   endloop
 endfacet
 facet normal  0.000000e+00  0.000000e+00 -1.000000e+00
   outer loop
     vertex  4.000000e+01  3.000000e+01  0.000000e+00
     vertex  2.288778e+01  1.581284e+01  0.000000e+00
     vertex  2.286440e+01  1.589175e+01  0.000000e+00
   endloop
 endfacet
 facet normal  0.000000e+00  0.000000e+00 -1.000000e+00
   outer loop
     vertex  4.000000e+01  3.000000e+01  0.000000e+00
     vertex  2.286440e+01  1.589175e+01  0.000000e+00
     vertex  2.283886e+01  1.597000e+01  0.000000e+00
   endloop
 endfacet
 facet normal  0.000000e+00  0.000000e+00 -1.000000e+00
   outer loop
     vertex  4.000000e+01  3.000000e+01  0.000000e+00
     vertex  2.283886e+01  1.597000e+01  0.000000e+00
     vertex  2.281118e+01  1.604752e+01  0.000000e+00
   endloop
 endfacet
 facet normal  0.000000e+00  0.000000e+00 -1.000000e+00
   outer loop
     vertex  4.000000e+01  3.000000e+01  0.000000e+00
     vertex  2.281118e+01  1.604752e+01  0.000000e+00
     vertex  2.278138e+01  1.612424e+01  0.000000e+00
   endloop
 endfacet
 facet normal  0.000000e+00  0.000000e+00 -1.000000e+00
   outer loop
     vertex  4.000000e+01  3.000000e+01  0.000000e+00
     vertex  2.278138e+01  1.612424e+01  0.000000e+00
     vertex  2.274949e+01  1.620013e+01  0.000000e+00
   endloop
 endfacet
 facet normal  0.000000e+00  0.000000e+00 -1.000000e+00
   outer loop
     vertex  4.000000e+01  3.000000e+01  0.000000e+00
     vertex  2.274949e+01  1.620013e+01  0.000000e+00
     vertex  2.271553e+01  1.627510e+01  0.000000e+00
   endloop
 endfacet
 facet normal  0.000000e+00  0.000000e+00 -1.000000e+00
   outer loop
     vertex  4.000000e+01  3.000000e+01  0.000000e+00
     vertex  2.271553e+01  1.627510e+01  0.000000e+00
     vertex  2.267953e+01  1.634912e+01  0.000000e+00
   endloop
 endfacet
 facet normal  0.000000e+00  0.000000e+00 -1.000000e+00
   outer loop
     vertex  4.000000e+01  3.000000e+01  0.000000e+00
     vertex  2.267953e+01  1.634912e+01  0.000000e+00
     vertex  2.264151e+01  1.642212e+01  0.000000e+00
   endloop
 endfacet
 facet normal  0.000000e+00  0.000000e+00 -1.000000e+00
   outer loop
     vertex  4.000000e+01  3.000000e+01  0.000000e+00
     vertex  2.264151e+01  1.642212e+01  0.000000e+00
     vertex  2.260150e+01  1.649406e+01  0.000000e+00
   endloop
 endfacet
 facet normal  0.000000e+00  0.000000e+00 -1.000000e+00
   outer loop
     vertex  4.000000e+01  3.000000e+01  0.000000e+00
     vertex  2.260150e+01  1.649406e+01  0.000000e+00
     vertex  2.255953e+01  1.656486e+01  0.000000e+00
   endloop
 endfacet
 facet normal  0.000000e+00  0.000000e+00 -1.000000e+00
   outer loop
     vertex  4.000000e+01  3.000000e+01  0.000000e+00
     vertex  2.255953e+01  1.656486e+01  0.000000e+00
     vertex  2.251564e+01  1.663449e+01  0.000000e+00
   endloop
 endfacet
 facet normal  0.000000e+00  0.000000e+00 -1.000000e+00
   outer loop
     vertex  4.000000e+01  3.000000e+01  0.000000e+00
     vertex  2.251564e+01  1.663449e+01  0.000000e+00
     vertex  2.246985e+01  1.670289e+01  0.000000e+00
   endloop
 endfacet
 facet normal  0.000000e+00  0.000000e+00 -1.000000e+00
   outer loop
     vertex  4.000000e+01  3.000000e+01  0.000000e+00
     vertex  2.246985e+01  1.670289e+01  0.000000e+00
     vertex  2.242220e+01  1.677001e+01  0.000000e+00
   endloop
 endfacet
 facet normal  0.000000e+00  0.000000e+00 -1.000000e+00
   outer loop
     vertex  4.000000e+01  3.000000e+01  0.000000e+00
     vertex  2.242220e+01  1.677001e+01  0.000000e+00
     vertex  2.237273e+01  1.683579e+01  0.000000e+00
   endloop
 endfacet
 facet normal  0.000000e+00  0.000000e+00 -1.000000e+00
   outer loop
     vertex  4.000000e+01  3.000000e+01  0.000000e+00
     vertex  2.237273e+01  1.683579e+01  0.000000e+00
     vertex  2.232148e+01  1.690020e+01  0.000000e+00
   endloop
 endfacet
 facet normal  0.000000e+00  0.000000e+00 -1.000000e+00
   outer loop
     vertex  4.000000e+01  3.000000e+01  0.000000e+00
     vertex  2.232148e+01  1.690020e+01  0.000000e+00
     vertex  2.226847e+01  1.696317e+01  0.000000e+00
   endloop
 endfacet
 facet normal  0.000000e+00  0.000000e+00 -1.000000e+00
   outer loop
     vertex  4.000000e+01  3.000000e+01  0.000000e+00
     vertex  2.226847e+01  1.696317e+01  0.000000e+00
     vertex  2.221376e+01  1.702466e+01  0.000000e+00
   endloop
 endfacet
 facet normal  0.000000e+00  0.000000e+00 -1.000000e+00
   outer loop
     vertex  4.000000e+01  3.000000e+01  0.000000e+00
     vertex  2.221376e+01  1.702466e+01  0.000000e+00
     vertex  2.215738e+01  1.708463e+01  0.000000e+00
   endloop
 endfacet
 facet normal  0.000000e+00  0.000000e+00 -1.000000e+00
   outer loop
     vertex  4.000000e+01  3.000000e+01  0.000000e+00
     vertex  2.215738e+01  1.708463e+01  0.000000e+00
     vertex  2.209938e+01  1.714303e+01  0.000000e+00
   endloop
 endfacet
 facet normal  0.000000e+00  0.000000e+00 -1.000000e+00
   outer loop
     vertex  4.000000e+01  3.000000e+01  0.000000e+00
     vertex  2.209938e+01  1.714303e+01  0.000000e+00
     vertex  2.203980e+01  1.719982e+01  0.000000e+00
   endloop
 endfacet
 facet normal  0.000000e+00  0.000000e+00 -1.000000e+00
   outer loop
     vertex  4.000000e+01  3.000000e+01  0.000000e+00
     vertex  2.203980e+01  1.719982e+01  0.000000e+00
     vertex  2.197868e+01  1.725495e+01  0.000000e+00
   endloop
 endfacet
 facet normal  0.000000e+00  0.000000e+00 -1.000000e+00
   outer loop
     vertex  4.000000e+01  3.000000e+01  0.000000e+00
     vertex  2.197868e+01  1.725495e+01  0.000000e+00
     vertex  2.191607e+01  1.730839e+01  0.000000e+00
   endloop
 endfacet
 facet normal  0.000000e+00  0.000000e+00 -1.000000e+00
   outer loop
     vertex  4.000000e+01  3.000000e+01  0.000000e+00
     vertex  2.191607e+01  1.730839e+01  0.000000e+00
     vertex  2.185203e+01  1.736009e+01  0.000000e+00
   endloop
 endfacet
 facet normal  0.000000e+00  0.000000e+00 -1.000000e+00
   outer loop
     vertex  4.000000e+01  3.000000e+01  0.000000e+00
     vertex  2.185203e+01  1.736009e+01  0.000000e+00
     vertex  2.178658e+01  1.741001e+01  0.000000e+00
   endloop
 endfacet
 facet normal  0.000000e+00  0.000000e+00 -1.000000e+00
   outer loop
     vertex  4.000000e+01  3.000000e+01  0.000000e+00
     vertex  2.178658e+01  1.741001e+01  0.000000e+00
     vertex  2.171979e+01  1.745811e+01  0.000000e+00
   endloop
 endfacet
 facet normal  0.000000e+00  0.000000e+00 -1.000000e+00
   outer loop
     vertex  4.000000e+01  3.000000e+01  0.000000e+00
     vertex  2.171979e+01  1.745811e+01  0.000000e+00
     vertex  2.165171e+01  1.750437e+01  0.000000e+00
   endloop
 endfacet
 facet normal  0.000000e+00  0.000000e+00 -1.000000e+00
   outer loop
     vertex  4.000000e+01  3.000000e+01  0.000000e+00
     vertex  2.165171e+01  1.750437e+01  0.000000e+00
     vertex  2.158238e+01  1.754874e+01  0.000000e+00
   endloop
 endfacet
 facet normal  0.000000e+00  0.000000e+00 -1.000000e+00
   outer loop
     vertex  4.000000e+01  3.000000e+01  0.000000e+00
     vertex  2.158238e+01  1.754874e+01  0.000000e+00
     vertex  2.151187e+01  1.759119e+01  0.000000e+00
   endloop
 endfacet
 facet normal  0.000000e+00  0.000000e+00 -1.000000e+00
   outer loop
     vertex  4.000000e+01  3.000000e+01  0.000000e+00
     vertex  2.151187e+01  1.759119e+01  0.000000e+00
     vertex  2.144021e+01  1.763169e+01  0.000000e+00
   endloop
 endfacet
 facet normal  0.000000e+00  0.000000e+00 -1.000000e+00
   outer loop
     vertex  4.000000e+01  3.000000e+01  0.000000e+00
     vertex  2.144021e+01  1.763169e+01  0.000000e+00
     vertex  2.136747e+01  1.767021e+01  0.000000e+00
   endloop
 endfacet
 facet normal  0.000000e+00  0.000000e+00 -1.000000e+00
   outer loop
     vertex  4.000000e+01  3.000000e+01  0.000000e+00
     vertex  2.136747e+01  1.767021e+01  0.000000e+00
     vertex  2.129370e+01  1.770672e+01  0.000000e+00
   endloop
 endfacet
 facet normal  0.000000e+00  0.000000e+00 -1.000000e+00
   outer loop
     vertex  4.000000e+01  3.000000e+01  0.000000e+00
     vertex  2.129370e+01  1.770672e+01  0.000000e+00
     vertex  2.121896e+01  1.774119e+01  0.000000e+00
   endloop
 endfacet
 facet normal  0.000000e+00  0.000000e+00 -1.000000e+00
   outer loop
     vertex  4.000000e+01  3.000000e+01  0.000000e+00
     vertex  2.121896e+01  1.774119e+01  0.000000e+00
     vertex  2.114330e+01  1.777360e+01  0.000000e+00
   endloop
 endfacet
 facet normal  0.000000e+00  0.000000e+00 -1.000000e+00
   outer loop
     vertex  4.000000e+01  3.000000e+01  0.000000e+00
     vertex  2.114330e+01  1.777360e+01  0.000000e+00
     vertex  2.106677e+01  1.780392e+01  0.000000e+00
   endloop
 endfacet
 facet normal  0.000000e+00  0.000000e+00 -1.000000e+00
   outer loop
     vertex  4.000000e+01  3.000000e+01  0.000000e+00
     vertex  2.106677e+01  1.780392e+01  0.000000e+00
     vertex  2.098945e+01  1.783214e+01  0.000000e+00
   endloop
 endfacet
 facet normal  0.000000e+00  0.000000e+00 -1.000000e+00
   outer loop
     vertex  4.000000e+01  3.000000e+01  0.000000e+00
     vertex  2.098945e+01  1.783214e+01  0.000000e+00
     vertex  2.091138e+01  1.785821e+01  0.000000e+00
   endloop
 endfacet
 facet normal  0.000000e+00  0.000000e+00 -1.000000e+00
   outer loop
     vertex  4.000000e+01  3.000000e+01  0.000000e+00
     vertex  2.091138e+01  1.785821e+01  0.000000e+00
     vertex  2.083262e+01  1.788214e+01  0.000000e+00
   endloop
 endfacet
 facet normal  0.000000e+00  0.000000e+00 -1.000000e+00
   outer loop
     vertex  4.000000e+01  3.000000e+01  0.000000e+00
     vertex  2.083262e+01  1.788214e+01  0.000000e+00
     vertex  2.075324e+01  1.790390e+01  0.000000e+00
   endloop
 endfacet
 facet normal  0.000000e+00  0.000000e+00 -1.000000e+00
   outer loop
     vertex  4.000000e+01  3.000000e+01  0.000000e+00
     vertex  2.075324e+01  1.790390e+01  0.000000e+00
     vertex  2.067329e+01  1.792347e+01  0.000000e+00
   endloop
 endfacet
 facet normal  0.000000e+00  0.000000e+00 -1.000000e+00
   outer loop
     vertex  4.000000e+01  3.000000e+01  0.000000e+00
     vertex  2.067329e+01  1.792347e+01  0.000000e+00
     vertex  2.059284e+01  1.794084e+01  0.000000e+00
   endloop
 endfacet
 facet normal  0.000000e+00  0.000000e+00 -1.000000e+00
   outer loop
     vertex  4.000000e+01  3.000000e+01  0.000000e+00
     vertex  2.059284e+01  1.794084e+01  0.000000e+00
     vertex  2.051194e+01  1.795600e+01  0.000000e+00
   endloop
 endfacet
 facet normal  0.000000e+00  0.000000e+00 -1.000000e+00
   outer loop
     vertex  4.000000e+01  3.000000e+01  0.000000e+00
     vertex  2.051194e+01  1.795600e+01  0.000000e+00
     vertex  2.043065e+01  1.796893e+01  0.000000e+00
   endloop
 endfacet
 facet normal  0.000000e+00  0.000000e+00 -1.000000e+00
   outer loop
     vertex  4.000000e+01  3.000000e+01  0.000000e+00
     vertex  2.043065e+01  1.796893e+01  0.000000e+00
     vertex  2.034904e+01  1.797963e+01  0.000000e+00
   endloop
 endfacet
 facet normal  0.000000e+00  0.000000e+00 -1.000000e+00
   outer loop
     vertex  4.000000e+01  3.000000e+01  0.000000e+00
     vertex  2.034904e+01  1.797963e+01  0.000000e+00
     vertex  2.026716e+01  1.798808e+01  0.000000e+00
   endloop
 endfacet
 facet normal  0.000000e+00  0.000000e+00 -1.000000e+00
   outer loop
     vertex  4.000000e+01  3.000000e+01  0.000000e+00
     vertex  2.026716e+01  1.798808e+01  0.000000e+00
     vertex  2.018509e+01  1.799429e+01  0.000000e+00
   endloop
 endfacet
 facet normal  0.000000e+00  0.000000e+00 -1.000000e+00
   outer loop
     vertex  4.000000e+01  3.000000e+01  0.000000e+00
     vertex  2.018509e+01  1.799429e+01  0.000000e+00
     vertex  2.010287e+01  1.799824e+01  0.000000e+00
   endloop
 endfacet
 facet normal  0.000000e+00  0.000000e+00 -1.000000e+00
   outer loop
     vertex  4.000000e+01  3.000000e+01  0.000000e+00
     vertex  2.010287e+01  1.799824e+01  0.000000e+00
     vertex  2.002058e+01  1.799993e+01  0.000000e+00
   endloop
 endfacet
 facet normal -0.000000e+00  0.000000e+00 -1.000000e+00
   outer loop
     vertex  4.000000e+01  3.000000e+01  0.000000e+00
     vertex  2.002058e+01  1.799993e+01  0.000000e+00
     vertex  0.000000e+00  3.000000e+01  0.000000e+00
   endloop
 endfacet
 facet normal  0.000000e+00  0.000000e+00  1.000000e+00
   outer loop
     vertex  1.793021e+01  1.282837e+01  6.000000e+00
     vertex  1.787142e+01  1.288597e+01  6.000000e+00
     vertex  0.000000e+00  0.000000e+00  6.000000e+00
   endloop
 endfacet
 facet normal  0.000000e+00  0.000000e+00  1.000000e+00
   outer loop
     vertex  1.781422e+01  1.294516e+01  6.000000e+00
     vertex  0.000000e+00  0.000000e+00  6.000000e+00
     vertex  1.787142e+01  1.288597e+01  6.000000e+00
   endloop
 endfacet
 facet normal  0.000000e+00  0.000000e+00  1.000000e+00
   outer loop
     vertex  1.799057e+01  1.277240e+01  6.000000e+00
     vertex  1.793021e+01  1.282837e+01  6.000000e+00
     vertex  0.000000e+00  0.000000e+00  6.000000e+00
   endloop
 endfacet
 facet normal  0.000000e+00  0.000000e+00  1.000000e+00
   outer loop
     vertex  1.775867e+01  1.300590e+01  6.000000e+00
     vertex  0.000000e+00  0.000000e+00  6.000000e+00
     vertex  1.781422e+01  1.294516e+01  6.000000e+00
   endloop
 endfacet
 facet normal  0.000000e+00  0.000000e+00  1.000000e+00
   outer loop
     vertex  1.805244e+01  1.271811e+01  6.000000e+00
     vertex  1.799057e+01  1.277240e+01  6.000000e+00
     vertex  0.000000e+00  0.000000e+00  6.000000e+00
   endloop
 endfacet
 facet normal  0.000000e+00  0.000000e+00  1.000000e+00
   outer loop
     vertex  1.770481e+01  1.306814e+01  6.000000e+00
     vertex  0.000000e+00  0.000000e+00  6.000000e+00
     vertex  1.775867e+01  1.300590e+01  6.000000e+00
   endloop
 endfacet
 facet normal  0.000000e+00  0.000000e+00  1.000000e+00
   outer loop
     vertex  1.811577e+01  1.266554e+01  6.000000e+00
     vertex  1.805244e+01  1.271811e+01  6.000000e+00
     vertex  0.000000e+00  0.000000e+00  6.000000e+00
   endloop
 endfacet
 facet normal  0.000000e+00  0.000000e+00  1.000000e+00
   outer loop
     vertex  1.765267e+01  1.313183e+01  6.000000e+00
     vertex  0.000000e+00  0.000000e+00  6.000000e+00
     vertex  1.770481e+01  1.306814e+01  6.000000e+00
   endloop
 endfacet
 facet normal  0.000000e+00  0.000000e+00  1.000000e+00
   outer loop
     vertex  1.818053e+01  1.261473e+01  6.000000e+00
     vertex  1.811577e+01  1.266554e+01  6.000000e+00
     vertex  0.000000e+00  0.000000e+00  6.000000e+00
   endloop
 endfacet
 facet normal  0.000000e+00  0.000000e+00  1.000000e+00
   outer loop
     vertex  1.760231e+01  1.319693e+01  6.000000e+00
     vertex  0.000000e+00  0.000000e+00  6.000000e+00
     vertex  1.765267e+01  1.313183e+01  6.000000e+00
   endloop
 endfacet
 facet normal  0.000000e+00  0.000000e+00  1.000000e+00
   outer loop
     vertex  1.824665e+01  1.256571e+01  6.000000e+00
     vertex  1.818053e+01  1.261473e+01  6.000000e+00
     vertex  0.000000e+00  0.000000e+00  6.000000e+00
   endloop
 endfacet
 facet normal  0.000000e+00  0.000000e+00  1.000000e+00
   outer loop
     vertex  1.755374e+01  1.326339e+01  6.000000e+00
     vertex  0.000000e+00  0.000000e+00  6.000000e+00
     vertex  1.760231e+01  1.319693e+01  6.000000e+00
   endloop
 endfacet
 facet normal  0.000000e+00  0.000000e+00  1.000000e+00
   outer loop
     vertex  1.831409e+01  1.251853e+01  6.000000e+00
     vertex  1.824665e+01  1.256571e+01  6.000000e+00
     vertex  0.000000e+00  0.000000e+00  6.000000e+00
   endloop
 endfacet
 facet normal  0.000000e+00  0.000000e+00  1.000000e+00
   outer loop
     vertex  1.750702e+01  1.333115e+01  6.000000e+00
     vertex  0.000000e+00  0.000000e+00  6.000000e+00
     vertex  1.755374e+01  1.326339e+01  6.000000e+00
   endloop
 endfacet
 facet normal  0.000000e+00  0.000000e+00  1.000000e+00
   outer loop
     vertex  1.838280e+01  1.247321e+01  6.000000e+00
     vertex  1.831409e+01  1.251853e+01  6.000000e+00
     vertex  0.000000e+00  0.000000e+00  6.000000e+00
   endloop
 endfacet
 facet normal  0.000000e+00  0.000000e+00  1.000000e+00
   outer loop
     vertex  1.746218e+01  1.340017e+01  6.000000e+00
     vertex  0.000000e+00  0.000000e+00  6.000000e+00
     vertex  1.750702e+01  1.333115e+01  6.000000e+00
   endloop
 endfacet
 facet normal  0.000000e+00  0.000000e+00  1.000000e+00
   outer loop
     vertex  1.845273e+01  1.242979e+01  6.000000e+00
     vertex  1.838280e+01  1.247321e+01  6.000000e+00
     vertex  0.000000e+00  0.000000e+00  6.000000e+00
   endloop
 endfacet
 facet normal  0.000000e+00  0.000000e+00  1.000000e+00
   outer loop
     vertex  1.741924e+01  1.347040e+01  6.000000e+00
     vertex  0.000000e+00  0.000000e+00  6.000000e+00
     vertex  1.746218e+01  1.340017e+01  6.000000e+00
   endloop
 endfacet
 facet normal  0.000000e+00  0.000000e+00  1.000000e+00
   outer loop
     vertex  1.852382e+01  1.238831e+01  6.000000e+00
     vertex  1.845273e+01  1.242979e+01  6.000000e+00
     vertex  0.000000e+00  0.000000e+00  6.000000e+00
   endloop
 endfacet
 facet normal  0.000000e+00  0.000000e+00  1.000000e+00
   outer loop
     vertex  1.737825e+01  1.354177e+01  6.000000e+00
     vertex  0.000000e+00  0.000000e+00  6.000000e+00
     vertex  1.741924e+01  1.347040e+01  6.000000e+00
   endloop
 endfacet
 facet normal  0.000000e+00  0.000000e+00  1.000000e+00
   outer loop
     vertex  1.859603e+01  1.234880e+01  6.000000e+00
     vertex  1.852382e+01  1.238831e+01  6.000000e+00
     vertex  0.000000e+00  0.000000e+00  6.000000e+00
   endloop
 endfacet
 facet normal  0.000000e+00  0.000000e+00  1.000000e+00
   outer loop
     vertex  1.733923e+01  1.361425e+01  6.000000e+00
     vertex  0.000000e+00  0.000000e+00  6.000000e+00
     vertex  1.737825e+01  1.354177e+01  6.000000e+00
   endloop
 endfacet
 facet normal  0.000000e+00  0.000000e+00  1.000000e+00
   outer loop
     vertex  1.866929e+01  1.231128e+01  6.000000e+00
     vertex  1.859603e+01  1.234880e+01  6.000000e+00
     vertex  0.000000e+00  0.000000e+00  6.000000e+00
   endloop
 endfacet
 facet normal  0.000000e+00  0.000000e+00  1.000000e+00
   outer loop
     vertex  1.730222e+01  1.368776e+01  6.000000e+00
     vertex  0.000000e+00  0.000000e+00  6.000000e+00
     vertex  1.733923e+01  1.361425e+01  6.000000e+00
   endloop
 endfacet
 facet normal  0.000000e+00  0.000000e+00  1.000000e+00
   outer loop
     vertex  1.874355e+01  1.227579e+01  6.000000e+00
     vertex  1.866929e+01  1.231128e+01  6.000000e+00
     vertex  0.000000e+00  0.000000e+00  6.000000e+00
   endloop
 endfacet
 facet normal  0.000000e+00  0.000000e+00  1.000000e+00
   outer loop
     vertex  1.726723e+01  1.376227e+01  6.000000e+00
     vertex  0.000000e+00  0.000000e+00  6.000000e+00
     vertex  1.730222e+01  1.368776e+01  6.000000e+00
   endloop
 endfacet
 facet normal  0.000000e+00  0.000000e+00  1.000000e+00
   outer loop
     vertex  1.881876e+01  1.224234e+01  6.000000e+00
     vertex  1.874355e+01  1.227579e+01  6.000000e+00
     vertex  0.000000e+00  0.000000e+00  6.000000e+00
   endloop
 endfacet
 facet normal  0.000000e+00  0.000000e+00  1.000000e+00
   outer loop
     vertex  1.723430e+01  1.383771e+01  6.000000e+00
     vertex  0.000000e+00  0.000000e+00  6.000000e+00
     vertex  1.726723e+01  1.376227e+01  6.000000e+00
   endloop
 endfacet
 facet normal  0.000000e+00  0.000000e+00  1.000000e+00
   outer loop
     vertex  1.889486e+01  1.221097e+01  6.000000e+00
     vertex  1.881876e+01  1.224234e+01  6.000000e+00
     vertex  0.000000e+00  0.000000e+00  6.000000e+00
   endloop
 endfacet
 facet normal  0.000000e+00  0.000000e+00  1.000000e+00
   outer loop
     vertex  1.720346e+01  1.391402e+01  6.000000e+00
     vertex  0.000000e+00  0.000000e+00  6.000000e+00
     vertex  1.723430e+01  1.383771e+01  6.000000e+00
   endloop
 endfacet
 facet normal  0.000000e+00  0.000000e+00  1.000000e+00
   outer loop
     vertex  1.897179e+01  1.218170e+01  6.000000e+00
     vertex  1.889486e+01  1.221097e+01  6.000000e+00
     vertex  0.000000e+00  0.000000e+00  6.000000e+00
   endloop
 endfacet
 facet normal  0.000000e+00  0.000000e+00  1.000000e+00
   outer loop
     vertex  1.717472e+01  1.399115e+01  6.000000e+00
     vertex  0.000000e+00  0.000000e+00  6.000000e+00
     vertex  1.720346e+01  1.391402e+01  6.000000e+00
   endloop
 endfacet
 facet normal  0.000000e+00  0.000000e+00  1.000000e+00
   outer loop
     vertex  1.904950e+01  1.215456e+01  6.000000e+00
     vertex  1.897179e+01  1.218170e+01  6.000000e+00
     vertex  0.000000e+00  0.000000e+00  6.000000e+00
   endloop
 endfacet
 facet normal  0.000000e+00  0.000000e+00  1.000000e+00
   outer loop
     vertex  1.714810e+01  1.406904e+01  6.000000e+00
     vertex  0.000000e+00  0.000000e+00  6.000000e+00
     vertex  1.717472e+01  1.399115e+01  6.000000e+00
   endloop
 endfacet
 facet normal  0.000000e+00  0.000000e+00  1.000000e+00
   outer loop
     vertex  1.912792e+01  1.212955e+01  6.000000e+00
     vertex  1.904950e+01  1.215456e+01  6.000000e+00
     vertex  0.000000e+00  0.000000e+00  6.000000e+00
   endloop
 endfacet
 facet normal  0.000000e+00  0.000000e+00  1.000000e+00
   outer loop
     vertex  1.712364e+01  1.414763e+01  6.000000e+00
     vertex  0.000000e+00  0.000000e+00  6.000000e+00
     vertex  1.714810e+01  1.406904e+01  6.000000e+00
   endloop
 endfacet
 facet normal  0.000000e+00  0.000000e+00  1.000000e+00
   outer loop
     vertex  1.920699e+01  1.210671e+01  6.000000e+00
     vertex  1.912792e+01  1.212955e+01  6.000000e+00
     vertex  0.000000e+00  0.000000e+00  6.000000e+00
   endloop
 endfacet
 facet normal  0.000000e+00  0.000000e+00  1.000000e+00
   outer loop
     vertex  1.710134e+01  1.422686e+01  6.000000e+00
     vertex  0.000000e+00  0.000000e+00  6.000000e+00
     vertex  1.712364e+01  1.414763e+01  6.000000e+00
   endloop
 endfacet
 facet normal  0.000000e+00  0.000000e+00  1.000000e+00
   outer loop
     vertex  1.928666e+01  1.208604e+01  6.000000e+00
     vertex  1.920699e+01  1.210671e+01  6.000000e+00
     vertex  0.000000e+00  0.000000e+00  6.000000e+00
   endloop
 endfacet
 facet normal  0.000000e+00  0.000000e+00  1.000000e+00
   outer loop
     vertex  1.708122e+01  1.430667e+01  6.000000e+00
     vertex  0.000000e+00  0.000000e+00  6.000000e+00
     vertex  1.710134e+01  1.422686e+01  6.000000e+00
   endloop
 endfacet
 facet normal  0.000000e+00  0.000000e+00  1.000000e+00
   outer loop
     vertex  1.936687e+01  1.206757e+01  6.000000e+00
     vertex  1.928666e+01  1.208604e+01  6.000000e+00
     vertex  0.000000e+00  0.000000e+00  6.000000e+00
   endloop
 endfacet
 facet normal  0.000000e+00  0.000000e+00  1.000000e+00
   outer loop
     vertex  1.706330e+01  1.438700e+01  6.000000e+00
     vertex  0.000000e+00  0.000000e+00  6.000000e+00
     vertex  1.708122e+01  1.430667e+01  6.000000e+00
   endloop
 endfacet
 facet normal  0.000000e+00  0.000000e+00  1.000000e+00
   outer loop
     vertex  1.944756e+01  1.205130e+01  6.000000e+00
     vertex  1.936687e+01  1.206757e+01  6.000000e+00
     vertex  0.000000e+00  0.000000e+00  6.000000e+00
   endloop
 endfacet
 facet normal  0.000000e+00  0.000000e+00  1.000000e+00
   outer loop
     vertex  1.704758e+01  1.446780e+01  6.000000e+00
     vertex  0.000000e+00  0.000000e+00  6.000000e+00
     vertex  1.706330e+01  1.438700e+01  6.000000e+00
   endloop
 endfacet
 facet normal  0.000000e+00  0.000000e+00  1.000000e+00
   outer loop
     vertex  1.952866e+01  1.203726e+01  6.000000e+00
     vertex  1.944756e+01  1.205130e+01  6.000000e+00
     vertex  0.000000e+00  0.000000e+00  6.000000e+00
   endloop
 endfacet
 facet normal  0.000000e+00  0.000000e+00  1.000000e+00
   outer loop
     vertex  1.703409e+01  1.454900e+01  6.000000e+00
     vertex  0.000000e+00  0.000000e+00  6.000000e+00
     vertex  1.704758e+01  1.446780e+01  6.000000e+00
   endloop
 endfacet
 facet normal  0.000000e+00  0.000000e+00  1.000000e+00
   outer loop
     vertex  1.961012e+01  1.202544e+01  6.000000e+00
     vertex  1.952866e+01  1.203726e+01  6.000000e+00
     vertex  0.000000e+00  0.000000e+00  6.000000e+00
   endloop
 endfacet
 facet normal  0.000000e+00  0.000000e+00  1.000000e+00
   outer loop
     vertex  1.702284e+01  1.463053e+01  6.000000e+00
     vertex  0.000000e+00  0.000000e+00  6.000000e+00
     vertex  1.703409e+01  1.454900e+01  6.000000e+00
   endloop
 endfacet
 facet normal  0.000000e+00  0.000000e+00  1.000000e+00
   outer loop
     vertex  1.969187e+01  1.201587e+01  6.000000e+00
     vertex  1.961012e+01  1.202544e+01  6.000000e+00
     vertex  0.000000e+00  0.000000e+00  6.000000e+00
   endloop
 endfacet
 facet normal  0.000000e+00  0.000000e+00  1.000000e+00
   outer loop
     vertex  1.701382e+01  1.471235e+01  6.000000e+00
     vertex  0.000000e+00  0.000000e+00  6.000000e+00
     vertex  1.702284e+01  1.463053e+01  6.000000e+00
   endloop
 endfacet
 facet normal  0.000000e+00  0.000000e+00  1.000000e+00
   outer loop
     vertex  1.977386e+01  1.200854e+01  6.000000e+00
     vertex  1.969187e+01  1.201587e+01  6.000000e+00
     vertex  0.000000e+00  0.000000e+00  6.000000e+00
   endloop
 endfacet
 facet normal  0.000000e+00  0.000000e+00  1.000000e+00
   outer loop
     vertex  1.700705e+01  1.479438e+01  6.000000e+00
     vertex  0.000000e+00  0.000000e+00  6.000000e+00
     vertex  1.701382e+01  1.471235e+01  6.000000e+00
   endloop
 endfacet
 facet normal  0.000000e+00  0.000000e+00  1.000000e+00
   outer loop
     vertex  1.985601e+01  1.200346e+01  6.000000e+00
     vertex  1.977386e+01  1.200854e+01  6.000000e+00
     vertex  0.000000e+00  0.000000e+00  6.000000e+00
   endloop
 endfacet
 facet normal  0.000000e+00  0.000000e+00  1.000000e+00
   outer loop
     vertex  1.700254e+01  1.487657e+01  6.000000e+00
     vertex  0.000000e+00  0.000000e+00  6.000000e+00
     vertex  1.700705e+01  1.479438e+01  6.000000e+00
   endloop
 endfacet
 facet normal  0.000000e+00  0.000000e+00  1.000000e+00
   outer loop
     vertex  1.993827e+01  1.200064e+01  6.000000e+00
     vertex  1.985601e+01  1.200346e+01  6.000000e+00
     vertex  0.000000e+00  0.000000e+00  6.000000e+00
   endloop
 endfacet
 facet normal  0.000000e+00  0.000000e+00  1.000000e+00
   outer loop
     vertex  1.700028e+01  1.495885e+01  6.000000e+00
     vertex  0.000000e+00  0.000000e+00  6.000000e+00
     vertex  1.700254e+01  1.487657e+01  6.000000e+00
   endloop
 endfacet
 facet normal  0.000000e+00  0.000000e+00  1.000000e+00
   outer loop
     vertex  2.002058e+01  1.200007e+01  6.000000e+00
     vertex  1.993827e+01  1.200064e+01  6.000000e+00
     vertex  0.000000e+00  0.000000e+00  6.000000e+00
   endloop
 endfacet
 facet normal  0.000000e+00  0.000000e+00  1.000000e+00
   outer loop
     vertex  1.700028e+01  1.504115e+01  6.000000e+00
     vertex  0.000000e+00  3.000000e+01  6.000000e+00
     vertex  0.000000e+00  0.000000e+00  6.000000e+00
   endloop
 endfacet
 facet normal  0.000000e+00  0.000000e+00  1.000000e+00
   outer loop
     vertex  1.700028e+01  1.504115e+01  6.000000e+00
     vertex  0.000000e+00  0.000000e+00  6.000000e+00
     vertex  1.700028e+01  1.495885e+01  6.000000e+00
   endloop
 endfacet
 facet normal  0.000000e+00  0.000000e+00  1.000000e+00
   outer loop
     vertex  1.700254e+01  1.512343e+01  6.000000e+00
     vertex  0.000000e+00  3.000000e+01  6.000000e+00
     vertex  1.700028e+01  1.504115e+01  6.000000e+00
   endloop
 endfacet
 facet normal  0.000000e+00  0.000000e+00  1.000000e+00
   outer loop
     vertex  1.700705e+01  1.520562e+01  6.000000e+00
     vertex  0.000000e+00  3.000000e+01  6.000000e+00
     vertex  1.700254e+01  1.512343e+01  6.000000e+00
   endloop
 endfacet
 facet normal  0.000000e+00  0.000000e+00  1.000000e+00
   outer loop
     vertex  1.701382e+01  1.528765e+01  6.000000e+00
     vertex  0.000000e+00  3.000000e+01  6.000000e+00
     vertex  1.700705e+01  1.520562e+01  6.000000e+00
   endloop
 endfacet
 facet normal  0.000000e+00  0.000000e+00  1.000000e+00
   outer loop
     vertex  1.702284e+01  1.536947e+01  6.000000e+00
     vertex  0.000000e+00  3.000000e+01  6.000000e+00
     vertex  1.701382e+01  1.528765e+01  6.000000e+00
   endloop
 endfacet
 facet normal  0.000000e+00  0.000000e+00  1.000000e+00
   outer loop
     vertex  1.703409e+01  1.545100e+01  6.000000e+00
     vertex  0.000000e+00  3.000000e+01  6.000000e+00
     vertex  1.702284e+01  1.536947e+01  6.000000e+00
   endloop
 endfacet
 facet normal  0.000000e+00  0.000000e+00  1.000000e+00
   outer loop
     vertex  1.704758e+01  1.553220e+01  6.000000e+00
     vertex  0.000000e+00  3.000000e+01  6.000000e+00
     vertex  1.703409e+01  1.545100e+01  6.000000e+00
   endloop
 endfacet
 facet normal  0.000000e+00  0.000000e+00  1.000000e+00
   outer loop
     vertex  1.706330e+01  1.561300e+01  6.000000e+00
     vertex  0.000000e+00  3.000000e+01  6.000000e+00
     vertex  1.704758e+01  1.553220e+01  6.000000e+00
   endloop
 endfacet
 facet normal  0.000000e+00  0.000000e+00  1.000000e+00
   outer loop
     vertex  1.708122e+01  1.569333e+01  6.000000e+00
     vertex  0.000000e+00  3.000000e+01  6.000000e+00
     vertex  1.706330e+01  1.561300e+01  6.000000e+00
   endloop
 endfacet
 facet normal  0.000000e+00  0.000000e+00  1.000000e+00
   outer loop
     vertex  1.710134e+01  1.577314e+01  6.000000e+00
     vertex  0.000000e+00  3.000000e+01  6.000000e+00
     vertex  1.708122e+01  1.569333e+01  6.000000e+00
   endloop
 endfacet
 facet normal  0.000000e+00  0.000000e+00  1.000000e+00
   outer loop
     vertex  1.712364e+01  1.585237e+01  6.000000e+00
     vertex  0.000000e+00  3.000000e+01  6.000000e+00
     vertex  1.710134e+01  1.577314e+01  6.000000e+00
   endloop
 endfacet
 facet normal  0.000000e+00  0.000000e+00  1.000000e+00
   outer loop
     vertex  1.714810e+01  1.593096e+01  6.000000e+00
     vertex  0.000000e+00  3.000000e+01  6.000000e+00
     vertex  1.712364e+01  1.585237e+01  6.000000e+00
   endloop
 endfacet
 facet normal  0.000000e+00  0.000000e+00  1.000000e+00
   outer loop
     vertex  1.717472e+01  1.600885e+01  6.000000e+00
     vertex  0.000000e+00  3.000000e+01  6.000000e+00
     vertex  1.714810e+01  1.593096e+01  6.000000e+00
   endloop
 endfacet
 facet normal  0.000000e+00  0.000000e+00  1.000000e+00
   outer loop
     vertex  1.720346e+01  1.608598e+01  6.000000e+00
     vertex  0.000000e+00  3.000000e+01  6.000000e+00
     vertex  1.717472e+01  1.600885e+01  6.000000e+00
   endloop
 endfacet
 facet normal  0.000000e+00  0.000000e+00  1.000000e+00
   outer loop
     vertex  1.723430e+01  1.616229e+01  6.000000e+00
     vertex  0.000000e+00  3.000000e+01  6.000000e+00
     vertex  1.720346e+01  1.608598e+01  6.000000e+00
   endloop
 endfacet
 facet normal  0.000000e+00  0.000000e+00  1.000000e+00
   outer loop
     vertex  1.726723e+01  1.623773e+01  6.000000e+00
     vertex  0.000000e+00  3.000000e+01  6.000000e+00
     vertex  1.723430e+01  1.616229e+01  6.000000e+00
   endloop
 endfacet
 facet normal  0.000000e+00  0.000000e+00  1.000000e+00
   outer loop
     vertex  1.730222e+01  1.631224e+01  6.000000e+00
     vertex  0.000000e+00  3.000000e+01  6.000000e+00
     vertex  1.726723e+01  1.623773e+01  6.000000e+00
   endloop
 endfacet
 facet normal  0.000000e+00  0.000000e+00  1.000000e+00
   outer loop
     vertex  1.733923e+01  1.638575e+01  6.000000e+00
     vertex  0.000000e+00  3.000000e+01  6.000000e+00
     vertex  1.730222e+01  1.631224e+01  6.000000e+00
   endloop
 endfacet
 facet normal  0.000000e+00  0.000000e+00  1.000000e+00
   outer loop
     vertex  1.737825e+01  1.645823e+01  6.000000e+00
     vertex  0.000000e+00  3.000000e+01  6.000000e+00
     vertex  1.733923e+01  1.638575e+01  6.000000e+00
   endloop
 endfacet
 facet normal  0.000000e+00  0.000000e+00  1.000000e+00
   outer loop
     vertex  1.741924e+01  1.652960e+01  6.000000e+00
     vertex  0.000000e+00  3.000000e+01  6.000000e+00
     vertex  1.737825e+01  1.645823e+01  6.000000e+00
   endloop
 endfacet
 facet normal  0.000000e+00  0.000000e+00  1.000000e+00
   outer loop
     vertex  1.746218e+01  1.659983e+01  6.000000e+00
     vertex  0.000000e+00  3.000000e+01  6.000000e+00
     vertex  1.741924e+01  1.652960e+01  6.000000e+00
   endloop
 endfacet
 facet normal  0.000000e+00  0.000000e+00  1.000000e+00
   outer loop
     vertex  1.750702e+01  1.666885e+01  6.000000e+00
     vertex  0.000000e+00  3.000000e+01  6.000000e+00
     vertex  1.746218e+01  1.659983e+01  6.000000e+00
   endloop
 endfacet
 facet normal  0.000000e+00  0.000000e+00  1.000000e+00
   outer loop
     vertex  1.755374e+01  1.673661e+01  6.000000e+00
     vertex  0.000000e+00  3.000000e+01  6.000000e+00
     vertex  1.750702e+01  1.666885e+01  6.000000e+00
   endloop
 endfacet
 facet normal  0.000000e+00  0.000000e+00  1.000000e+00
   outer loop
     vertex  1.760231e+01  1.680307e+01  6.000000e+00
     vertex  0.000000e+00  3.000000e+01  6.000000e+00
     vertex  1.755374e+01  1.673661e+01  6.000000e+00
   endloop
 endfacet
 facet normal  0.000000e+00  0.000000e+00  1.000000e+00
   outer loop
     vertex  1.765267e+01  1.686817e+01  6.000000e+00
     vertex  0.000000e+00  3.000000e+01  6.000000e+00
     vertex  1.760231e+01  1.680307e+01  6.000000e+00
   endloop
 endfacet
 facet normal  0.000000e+00  0.000000e+00  1.000000e+00
   outer loop
     vertex  1.770481e+01  1.693186e+01  6.000000e+00
     vertex  0.000000e+00  3.000000e+01  6.000000e+00
     vertex  1.765267e+01  1.686817e+01  6.000000e+00
   endloop
 endfacet
 facet normal  0.000000e+00  0.000000e+00  1.000000e+00
   outer loop
     vertex  1.775867e+01  1.699410e+01  6.000000e+00
     vertex  0.000000e+00  3.000000e+01  6.000000e+00
     vertex  1.770481e+01  1.693186e+01  6.000000e+00
   endloop
 endfacet
 facet normal  0.000000e+00  0.000000e+00  1.000000e+00
   outer loop
     vertex  1.781422e+01  1.705484e+01  6.000000e+00
     vertex  0.000000e+00  3.000000e+01  6.000000e+00
     vertex  1.775867e+01  1.699410e+01  6.000000e+00
   endloop
 endfacet
 facet normal  0.000000e+00  0.000000e+00  1.000000e+00
   outer loop
     vertex  1.787142e+01  1.711403e+01  6.000000e+00
     vertex  0.000000e+00  3.000000e+01  6.000000e+00
     vertex  1.781422e+01  1.705484e+01  6.000000e+00
   endloop
 endfacet
 facet normal  0.000000e+00  0.000000e+00  1.000000e+00
   outer loop
     vertex  1.793021e+01  1.717163e+01  6.000000e+00
     vertex  0.000000e+00  3.000000e+01  6.000000e+00
     vertex  1.787142e+01  1.711403e+01  6.000000e+00
   endloop
 endfacet
 facet normal  0.000000e+00  0.000000e+00  1.000000e+00
   outer loop
     vertex  1.799057e+01  1.722760e+01  6.000000e+00
     vertex  0.000000e+00  3.000000e+01  6.000000e+00
     vertex  1.793021e+01  1.717163e+01  6.000000e+00
   endloop
 endfacet
 facet normal  0.000000e+00  0.000000e+00  1.000000e+00
   outer loop
     vertex  1.805244e+01  1.728189e+01  6.000000e+00
     vertex  0.000000e+00  3.000000e+01  6.000000e+00
     vertex  1.799057e+01  1.722760e+01  6.000000e+00
   endloop
 endfacet
 facet normal  0.000000e+00  0.000000e+00  1.000000e+00
   outer loop
     vertex  1.811577e+01  1.733446e+01  6.000000e+00
     vertex  0.000000e+00  3.000000e+01  6.000000e+00
     vertex  1.805244e+01  1.728189e+01  6.000000e+00
   endloop
 endfacet
 facet normal  0.000000e+00  0.000000e+00  1.000000e+00
   outer loop
     vertex  1.818053e+01  1.738527e+01  6.000000e+00
     vertex  0.000000e+00  3.000000e+01  6.000000e+00
     vertex  1.811577e+01  1.733446e+01  6.000000e+00
   endloop
 endfacet
 facet normal  0.000000e+00  0.000000e+00  1.000000e+00
   outer loop
     vertex  1.824665e+01  1.743429e+01  6.000000e+00
     vertex  0.000000e+00  3.000000e+01  6.000000e+00
     vertex  1.818053e+01  1.738527e+01  6.000000e+00
   endloop
 endfacet
 facet normal  0.000000e+00  0.000000e+00  1.000000e+00
   outer loop
     vertex  1.831409e+01  1.748147e+01  6.000000e+00
     vertex  0.000000e+00  3.000000e+01  6.000000e+00
     vertex  1.824665e+01  1.743429e+01  6.000000e+00
   endloop
 endfacet
 facet normal  0.000000e+00  0.000000e+00  1.000000e+00
   outer loop
     vertex  1.838280e+01  1.752679e+01  6.000000e+00
     vertex  0.000000e+00  3.000000e+01  6.000000e+00
     vertex  1.831409e+01  1.748147e+01  6.000000e+00
   endloop
 endfacet
 facet normal  0.000000e+00  0.000000e+00  1.000000e+00
   outer loop
     vertex  1.845273e+01  1.757021e+01  6.000000e+00
     vertex  0.000000e+00  3.000000e+01  6.000000e+00
     vertex  1.838280e+01  1.752679e+01  6.000000e+00
   endloop
 endfacet
 facet normal  0.000000e+00  0.000000e+00  1.000000e+00
   outer loop
     vertex  1.852382e+01  1.761169e+01  6.000000e+00
     vertex  0.000000e+00  3.000000e+01  6.000000e+00
     vertex  1.845273e+01  1.757021e+01  6.000000e+00
   endloop
 endfacet
 facet normal  0.000000e+00  0.000000e+00  1.000000e+00
   outer loop
     vertex  1.859603e+01  1.765120e+01  6.000000e+00
     vertex  0.000000e+00  3.000000e+01  6.000000e+00
     vertex  1.852382e+01  1.761169e+01  6.000000e+00
   endloop
 endfacet
 facet normal  0.000000e+00  0.000000e+00  1.000000e+00
   outer loop
     vertex  1.866929e+01  1.768872e+01  6.000000e+00
     vertex  0.000000e+00  3.000000e+01  6.000000e+00
     vertex  1.859603e+01  1.765120e+01  6.000000e+00
   endloop
 endfacet
 facet normal  0.000000e+00  0.000000e+00  1.000000e+00
   outer loop
     vertex  1.874355e+01  1.772421e+01  6.000000e+00
     vertex  0.000000e+00  3.000000e+01  6.000000e+00
     vertex  1.866929e+01  1.768872e+01  6.000000e+00
   endloop
 endfacet
 facet normal  0.000000e+00  0.000000e+00  1.000000e+00
   outer loop
     vertex  1.881876e+01  1.775766e+01  6.000000e+00
     vertex  0.000000e+00  3.000000e+01  6.000000e+00
     vertex  1.874355e+01  1.772421e+01  6.000000e+00
   endloop
 endfacet
 facet normal  0.000000e+00  0.000000e+00  1.000000e+00
   outer loop
     vertex  1.889486e+01  1.778903e+01  6.000000e+00
     vertex  0.000000e+00  3.000000e+01  6.000000e+00
     vertex  1.881876e+01  1.775766e+01  6.000000e+00
   endloop
 endfacet
 facet normal  0.000000e+00  0.000000e+00  1.000000e+00
   outer loop
     vertex  1.897179e+01  1.781830e+01  6.000000e+00
     vertex  0.000000e+00  3.000000e+01  6.000000e+00
     vertex  1.889486e+01  1.778903e+01  6.000000e+00
   endloop
 endfacet
 facet normal  0.000000e+00  0.000000e+00  1.000000e+00
   outer loop
     vertex  1.904950e+01  1.784544e+01  6.000000e+00
     vertex  0.000000e+00  3.000000e+01  6.000000e+00
     vertex  1.897179e+01  1.781830e+01  6.000000e+00
   endloop
 endfacet
 facet normal  0.000000e+00  0.000000e+00  1.000000e+00
   outer loop
     vertex  1.912792e+01  1.787045e+01  6.000000e+00
     vertex  0.000000e+00  3.000000e+01  6.000000e+00
     vertex  1.904950e+01  1.784544e+01  6.000000e+00
   endloop
 endfacet
 facet normal  0.000000e+00  0.000000e+00  1.000000e+00
   outer loop
     vertex  1.920699e+01  1.789329e+01  6.000000e+00
     vertex  0.000000e+00  3.000000e+01  6.000000e+00
     vertex  1.912792e+01  1.787045e+01  6.000000e+00
   endloop
 endfacet
 facet normal  0.000000e+00  0.000000e+00  1.000000e+00
   outer loop
     vertex  1.928666e+01  1.791396e+01  6.000000e+00
     vertex  0.000000e+00  3.000000e+01  6.000000e+00
     vertex  1.920699e+01  1.789329e+01  6.000000e+00
   endloop
 endfacet
 facet normal  0.000000e+00  0.000000e+00  1.000000e+00
   outer loop
     vertex  1.936687e+01  1.793243e+01  6.000000e+00
     vertex  0.000000e+00  3.000000e+01  6.000000e+00
     vertex  1.928666e+01  1.791396e+01  6.000000e+00
   endloop
 endfacet
 facet normal  0.000000e+00  0.000000e+00  1.000000e+00
   outer loop
     vertex  1.944756e+01  1.794870e+01  6.000000e+00
     vertex  0.000000e+00  3.000000e+01  6.000000e+00
     vertex  1.936687e+01  1.793243e+01  6.000000e+00
   endloop
 endfacet
 facet normal  0.000000e+00  0.000000e+00  1.000000e+00
   outer loop
     vertex  1.952866e+01  1.796274e+01  6.000000e+00
     vertex  0.000000e+00  3.000000e+01  6.000000e+00
     vertex  1.944756e+01  1.794870e+01  6.000000e+00
   endloop
 endfacet
 facet normal  0.000000e+00  0.000000e+00  1.000000e+00
   outer loop
     vertex  1.961012e+01  1.797456e+01  6.000000e+00
     vertex  0.000000e+00  3.000000e+01  6.000000e+00
     vertex  1.952866e+01  1.796274e+01  6.000000e+00
   endloop
 endfacet
 facet normal  0.000000e+00  0.000000e+00  1.000000e+00
   outer loop
     vertex  1.969187e+01  1.798413e+01  6.000000e+00
     vertex  0.000000e+00  3.000000e+01  6.000000e+00
     vertex  1.961012e+01  1.797456e+01  6.000000e+00
   endloop
 endfacet
 facet normal  0.000000e+00  0.000000e+00  1.000000e+00
   outer loop
     vertex  1.977386e+01  1.799146e+01  6.000000e+00
     vertex  0.000000e+00  3.000000e+01  6.000000e+00
     vertex  1.969187e+01  1.798413e+01  6.000000e+00
   endloop
 endfacet
 facet normal  0.000000e+00  0.000000e+00  1.000000e+00
   outer loop
     vertex  1.985601e+01  1.799654e+01  6.000000e+00
     vertex  0.000000e+00  3.000000e+01  6.000000e+00
     vertex  1.977386e+01  1.799146e+01  6.000000e+00
   endloop
 endfacet
 facet normal  0.000000e+00  0.000000e+00  1.000000e+00
   outer loop
     vertex  1.993827e+01  1.799936e+01  6.000000e+00
     vertex  0.000000e+00  3.000000e+01  6.000000e+00
     vertex  1.985601e+01  1.799654e+01  6.000000e+00
   endloop
 endfacet
 facet normal  0.000000e+00  0.000000e+00  1.000000e+00
   outer loop
     vertex  2.002058e+01  1.799993e+01  6.000000e+00
     vertex  0.000000e+00  3.000000e+01  6.000000e+00
     vertex  1.993827e+01  1.799936e+01  6.000000e+00
   endloop
 endfacet
 facet normal  0.000000e+00  0.000000e+00  1.000000e+00
   outer loop
     vertex  4.000000e+01  0.000000e+00  6.000000e+00
     vertex  2.300000e+01  1.500000e+01  6.000000e+00
     vertex  2.299887e+01  1.491770e+01  6.000000e+00
   endloop
 endfacet
 facet normal  0.000000e+00  0.000000e+00  1.000000e+00
   outer loop
     vertex  4.000000e+01  0.000000e+00  6.000000e+00
     vertex  2.299887e+01  1.491770e+01  6.000000e+00
     vertex  2.299548e+01  1.483546e+01  6.000000e+00
   endloop
 endfacet
 facet normal  0.000000e+00  0.000000e+00  1.000000e+00
   outer loop
     vertex  4.000000e+01  0.000000e+00  6.000000e+00
     vertex  2.299548e+01  1.483546e+01  6.000000e+00
     vertex  2.298984e+01  1.475334e+01  6.000000e+00
   endloop
 endfacet
 facet normal  0.000000e+00  0.000000e+00  1.000000e+00
   outer loop
     vertex  4.000000e+01  0.000000e+00  6.000000e+00
     vertex  2.298984e+01  1.475334e+01  6.000000e+00
     vertex  2.298195e+01  1.467141e+01  6.000000e+00
   endloop
 endfacet
 facet normal  0.000000e+00  0.000000e+00  1.000000e+00
   outer loop
     vertex  4.000000e+01  0.000000e+00  6.000000e+00
     vertex  2.298195e+01  1.467141e+01  6.000000e+00
     vertex  2.297181e+01  1.458973e+01  6.000000e+00
   endloop
 endfacet
 facet normal  0.000000e+00  0.000000e+00  1.000000e+00
   outer loop
     vertex  4.000000e+01  0.000000e+00  6.000000e+00
     vertex  2.297181e+01  1.458973e+01  6.000000e+00
     vertex  2.295944e+01  1.450835e+01  6.000000e+00
   endloop
 endfacet
 facet normal  0.000000e+00  0.000000e+00  1.000000e+00
   outer loop
     vertex  4.000000e+01  0.000000e+00  6.000000e+00
     vertex  2.295944e+01  1.450835e+01  6.000000e+00
     vertex  2.294484e+01  1.442735e+01  6.000000e+00
   endloop
 endfacet
 facet normal  0.000000e+00  0.000000e+00  1.000000e+00
   outer loop
     vertex  4.000000e+01  0.000000e+00  6.000000e+00
     vertex  2.294484e+01  1.442735e+01  6.000000e+00
     vertex  2.292802e+01  1.434678e+01  6.000000e+00
   endloop
 endfacet
 facet normal  0.000000e+00  0.000000e+00  1.000000e+00
   outer loop
     vertex  4.000000e+01  0.000000e+00  6.000000e+00
     vertex  2.292802e+01  1.434678e+01  6.000000e+00
     vertex  2.290900e+01  1.426669e+01  6.000000e+00
   endloop
 endfacet
 facet normal  0.000000e+00  0.000000e+00  1.000000e+00
   outer loop
     vertex  4.000000e+01  0.000000e+00  6.000000e+00
     vertex  2.290900e+01  1.426669e+01  6.000000e+00
     vertex  2.288778e+01  1.418716e+01  6.000000e+00
   endloop
 endfacet
 facet normal  0.000000e+00  0.000000e+00  1.000000e+00
   outer loop
     vertex  4.000000e+01  0.000000e+00  6.000000e+00
     vertex  2.288778e+01  1.418716e+01  6.000000e+00
     vertex  2.286440e+01  1.410825e+01  6.000000e+00
   endloop
 endfacet
 facet normal  0.000000e+00  0.000000e+00  1.000000e+00
   outer loop
     vertex  4.000000e+01  0.000000e+00  6.000000e+00
     vertex  2.286440e+01  1.410825e+01  6.000000e+00
     vertex  2.283886e+01  1.403000e+01  6.000000e+00
   endloop
 endfacet
 facet normal  0.000000e+00  0.000000e+00  1.000000e+00
   outer loop
     vertex  4.000000e+01  0.000000e+00  6.000000e+00
     vertex  2.283886e+01  1.403000e+01  6.000000e+00
     vertex  2.281118e+01  1.395248e+01  6.000000e+00
   endloop
 endfacet
 facet normal  0.000000e+00  0.000000e+00  1.000000e+00
   outer loop
     vertex  4.000000e+01  0.000000e+00  6.000000e+00
     vertex  2.281118e+01  1.395248e+01  6.000000e+00
     vertex  2.278138e+01  1.387576e+01  6.000000e+00
   endloop
 endfacet
 facet normal  0.000000e+00  0.000000e+00  1.000000e+00
   outer loop
     vertex  4.000000e+01  0.000000e+00  6.000000e+00
     vertex  2.278138e+01  1.387576e+01  6.000000e+00
     vertex  2.274949e+01  1.379987e+01  6.000000e+00
   endloop
 endfacet
 facet normal  0.000000e+00  0.000000e+00  1.000000e+00
   outer loop
     vertex  4.000000e+01  0.000000e+00  6.000000e+00
     vertex  2.274949e+01  1.379987e+01  6.000000e+00
     vertex  2.271553e+01  1.372490e+01  6.000000e+00
   endloop
 endfacet
 facet normal  0.000000e+00  0.000000e+00  1.000000e+00
   outer loop
     vertex  4.000000e+01  0.000000e+00  6.000000e+00
     vertex  2.271553e+01  1.372490e+01  6.000000e+00
     vertex  2.267953e+01  1.365088e+01  6.000000e+00
   endloop
 endfacet
 facet normal  0.000000e+00  0.000000e+00  1.000000e+00
   outer loop
     vertex  4.000000e+01  0.000000e+00  6.000000e+00
     vertex  2.267953e+01  1.365088e+01  6.000000e+00
     vertex  2.264151e+01  1.357788e+01  6.000000e+00
   endloop
 endfacet
 facet normal  0.000000e+00  0.000000e+00  1.000000e+00
   outer loop
     vertex  4.000000e+01  0.000000e+00  6.000000e+00
     vertex  2.264151e+01  1.357788e+01  6.000000e+00
     vertex  2.260150e+01  1.350594e+01  6.000000e+00
   endloop
 endfacet
 facet normal  0.000000e+00  0.000000e+00  1.000000e+00
   outer loop
     vertex  4.000000e+01  0.000000e+00  6.000000e+00
     vertex  2.260150e+01  1.350594e+01  6.000000e+00
     vertex  2.255953e+01  1.343514e+01  6.000000e+00
   endloop
 endfacet
 facet normal  0.000000e+00  0.000000e+00  1.000000e+00
   outer loop
     vertex  4.000000e+01  0.000000e+00  6.000000e+00
     vertex  2.255953e+01  1.343514e+01  6.000000e+00
     vertex  2.251564e+01  1.336551e+01  6.000000e+00
   endloop
 endfacet
 facet normal  0.000000e+00  0.000000e+00  1.000000e+00
   outer loop
     vertex  4.000000e+01  0.000000e+00  6.000000e+00
     vertex  2.251564e+01  1.336551e+01  6.000000e+00
     vertex  2.246985e+01  1.329711e+01  6.000000e+00
   endloop
 endfacet
 facet normal  0.000000e+00  0.000000e+00  1.000000e+00
   outer loop
     vertex  4.000000e+01  0.000000e+00  6.000000e+00
     vertex  2.246985e+01  1.329711e+01  6.000000e+00
     vertex  2.242220e+01  1.322999e+01  6.000000e+00
   endloop
 endfacet
 facet normal  0.000000e+00  0.000000e+00  1.000000e+00
   outer loop
     vertex  4.000000e+01  0.000000e+00  6.000000e+00
     vertex  2.242220e+01  1.322999e+01  6.000000e+00
     vertex  2.237273e+01  1.316421e+01  6.000000e+00
   endloop
 endfacet
 facet normal  0.000000e+00  0.000000e+00  1.000000e+00
   outer loop
     vertex  4.000000e+01  0.000000e+00  6.000000e+00
     vertex  2.237273e+01  1.316421e+01  6.000000e+00
     vertex  2.232148e+01  1.309980e+01  6.000000e+00
   endloop
 endfacet
 facet normal  0.000000e+00  0.000000e+00  1.000000e+00
   outer loop
     vertex  4.000000e+01  0.000000e+00  6.000000e+00
     vertex  2.232148e+01  1.309980e+01  6.000000e+00
     vertex  2.226847e+01  1.303683e+01  6.000000e+00
   endloop
 endfacet
 facet normal  0.000000e+00  0.000000e+00  1.000000e+00
   outer loop
     vertex  4.000000e+01  0.000000e+00  6.000000e+00
     vertex  2.226847e+01  1.303683e+01  6.000000e+00
     vertex  2.221376e+01  1.297534e+01  6.000000e+00
   endloop
 endfacet
 facet normal  0.000000e+00  0.000000e+00  1.000000e+00
   outer loop
     vertex  4.000000e+01  0.000000e+00  6.000000e+00
     vertex  2.221376e+01  1.297534e+01  6.000000e+00
     vertex  2.215738e+01  1.291537e+01  6.000000e+00
   endloop
 endfacet
 facet normal  0.000000e+00  0.000000e+00  1.000000e+00
   outer loop
     vertex  4.000000e+01  0.000000e+00  6.000000e+00
     vertex  2.215738e+01  1.291537e+01  6.000000e+00
     vertex  2.209938e+01  1.285697e+01  6.000000e+00
   endloop
 endfacet
 facet normal  0.000000e+00  0.000000e+00  1.000000e+00
   outer loop
     vertex  4.000000e+01  0.000000e+00  6.000000e+00
     vertex  2.209938e+01  1.285697e+01  6.000000e+00
     vertex  2.203980e+01  1.280018e+01  6.000000e+00
   endloop
 endfacet
 facet normal  0.000000e+00  0.000000e+00  1.000000e+00
   outer loop
     vertex  4.000000e+01  0.000000e+00  6.000000e+00
     vertex  2.203980e+01  1.280018e+01  6.000000e+00
     vertex  2.197868e+01  1.274505e+01  6.000000e+00
   endloop
 endfacet
 facet normal  0.000000e+00  0.000000e+00  1.000000e+00
   outer loop
     vertex  4.000000e+01  0.000000e+00  6.000000e+00
     vertex  2.197868e+01  1.274505e+01  6.000000e+00
     vertex  2.191607e+01  1.269161e+01  6.000000e+00
   endloop
 endfacet
 facet normal  0.000000e+00  0.000000e+00  1.000000e+00
   outer loop
     vertex  4.000000e+01  0.000000e+00  6.000000e+00
     vertex  2.191607e+01  1.269161e+01  6.000000e+00
     vertex  2.185203e+01  1.263991e+01  6.000000e+00
   endloop
 endfacet
 facet normal  0.000000e+00  0.000000e+00  1.000000e+00
   outer loop
     vertex  4.000000e+01  0.000000e+00  6.000000e+00
     vertex  2.185203e+01  1.263991e+01  6.000000e+00
     vertex  2.178658e+01  1.258999e+01  6.000000e+00
   endloop
 endfacet
 facet normal  0.000000e+00  0.000000e+00  1.000000e+00
   outer loop
     vertex  4.000000e+01  0.000000e+00  6.000000e+00
     vertex  2.178658e+01  1.258999e+01  6.000000e+00
     vertex  2.171979e+01  1.254189e+01  6.000000e+00
   endloop
 endfacet
 facet normal  0.000000e+00  0.000000e+00  1.000000e+00
   outer loop
     vertex  4.000000e+01  0.000000e+00  6.000000e+00
     vertex  2.171979e+01  1.254189e+01  6.000000e+00
     vertex  2.165171e+01  1.249563e+01  6.000000e+00
   endloop
 endfacet
 facet normal  0.000000e+00  0.000000e+00  1.000000e+00
   outer loop
     vertex  4.000000e+01  0.000000e+00  6.000000e+00
     vertex  2.165171e+01  1.249563e+01  6.000000e+00
     vertex  2.158238e+01  1.245126e+01  6.000000e+00
   endloop
 endfacet
 facet normal  0.000000e+00  0.000000e+00  1.000000e+00
   outer loop
     vertex  4.000000e+01  0.000000e+00  6.000000e+00
     vertex  2.158238e+01  1.245126e+01  6.000000e+00
     vertex  2.151187e+01  1.240881e+01  6.000000e+00
   endloop
 endfacet
 facet normal  0.000000e+00  0.000000e+00  1.000000e+00
   outer loop
     vertex  4.000000e+01  0.000000e+00  6.000000e+00
     vertex  2.151187e+01  1.240881e+01  6.000000e+00
     vertex  2.144021e+01  1.236831e+01  6.000000e+00
   endloop
 endfacet
 facet normal  0.000000e+00  0.000000e+00  1.000000e+00
   outer loop
     vertex  4.000000e+01  0.000000e+00  6.000000e+00
     vertex  2.144021e+01  1.236831e+01  6.000000e+00
     vertex  2.136747e+01  1.232979e+01  6.000000e+00
   endloop
 endfacet
 facet normal  0.000000e+00  0.000000e+00  1.000000e+00
   outer loop
     vertex  4.000000e+01  0.000000e+00  6.000000e+00
     vertex  2.136747e+01  1.232979e+01  6.000000e+00
     vertex  2.129370e+01  1.229328e+01  6.000000e+00
   endloop
 endfacet
 facet normal  0.000000e+00  0.000000e+00  1.000000e+00
   outer loop
     vertex  4.000000e+01  0.000000e+00  6.000000e+00
     vertex  2.002058e+01  1.200007e+01  6.000000e+00
     vertex  0.000000e+00  0.000000e+00  6.000000e+00
   endloop
 endfacet
 facet normal  0.000000e+00  0.000000e+00  1.000000e+00
   outer loop
     vertex  4.000000e+01  0.000000e+00  6.000000e+00
     vertex  2.129370e+01  1.229328e+01  6.000000e+00
     vertex  2.121896e+01  1.225881e+01  6.000000e+00
   endloop
 endfacet
 facet normal  0.000000e+00  0.000000e+00  1.000000e+00
   outer loop
     vertex  4.000000e+01  0.000000e+00  6.000000e+00
     vertex  2.121896e+01  1.225881e+01  6.000000e+00
     vertex  2.114330e+01  1.222640e+01  6.000000e+00
   endloop
 endfacet
 facet normal  0.000000e+00  0.000000e+00  1.000000e+00
   outer loop
     vertex  4.000000e+01  0.000000e+00  6.000000e+00
     vertex  2.114330e+01  1.222640e+01  6.000000e+00
     vertex  2.106677e+01  1.219608e+01  6.000000e+00
   endloop
 endfacet
 facet normal  0.000000e+00  0.000000e+00  1.000000e+00
   outer loop
     vertex  4.000000e+01  0.000000e+00  6.000000e+00
     vertex  2.106677e+01  1.219608e+01  6.000000e+00
     vertex  2.098945e+01  1.216786e+01  6.000000e+00
   endloop
 endfacet
 facet normal  0.000000e+00  0.000000e+00  1.000000e+00
   outer loop
     vertex  4.000000e+01  0.000000e+00  6.000000e+00
     vertex  2.098945e+01  1.216786e+01  6.000000e+00
     vertex  2.091138e+01  1.214179e+01  6.000000e+00
   endloop
 endfacet
 facet normal  0.000000e+00  0.000000e+00  1.000000e+00
   outer loop
     vertex  4.000000e+01  0.000000e+00  6.000000e+00
     vertex  2.091138e+01  1.214179e+01  6.000000e+00
     vertex  2.083262e+01  1.211786e+01  6.000000e+00
   endloop
 endfacet
 facet normal  0.000000e+00  0.000000e+00  1.000000e+00
   outer loop
     vertex  4.000000e+01  0.000000e+00  6.000000e+00
     vertex  2.083262e+01  1.211786e+01  6.000000e+00
     vertex  2.075324e+01  1.209610e+01  6.000000e+00
   endloop
 endfacet
 facet normal  0.000000e+00  0.000000e+00  1.000000e+00
   outer loop
     vertex  4.000000e+01  0.000000e+00  6.000000e+00
     vertex  2.075324e+01  1.209610e+01  6.000000e+00
     vertex  2.067329e+01  1.207653e+01  6.000000e+00
   endloop
 endfacet
 facet normal  0.000000e+00  0.000000e+00  1.000000e+00
   outer loop
     vertex  4.000000e+01  0.000000e+00  6.000000e+00
     vertex  2.067329e+01  1.207653e+01  6.000000e+00
     vertex  2.059284e+01  1.205916e+01  6.000000e+00
   endloop
 endfacet
 facet normal  0.000000e+00  0.000000e+00  1.000000e+00
   outer loop
     vertex  4.000000e+01  0.000000e+00  6.000000e+00
     vertex  2.059284e+01  1.205916e+01  6.000000e+00
     vertex  2.051194e+01  1.204400e+01  6.000000e+00
   endloop
 endfacet
 facet normal  0.000000e+00  0.000000e+00  1.000000e+00
   outer loop
     vertex  4.000000e+01  0.000000e+00  6.000000e+00
     vertex  2.051194e+01  1.204400e+01  6.000000e+00
     vertex  2.043065e+01  1.203107e+01  6.000000e+00
   endloop
 endfacet
 facet normal  0.000000e+00  0.000000e+00  1.000000e+00
   outer loop
     vertex  4.000000e+01  0.000000e+00  6.000000e+00
     vertex  2.043065e+01  1.203107e+01  6.000000e+00
     vertex  2.034904e+01  1.202037e+01  6.000000e+00
   endloop
 endfacet
 facet normal  0.000000e+00  0.000000e+00  1.000000e+00
   outer loop
     vertex  4.000000e+01  0.000000e+00  6.000000e+00
     vertex  2.034904e+01  1.202037e+01  6.000000e+00
     vertex  2.026716e+01  1.201192e+01  6.000000e+00
   endloop
 endfacet
 facet normal  0.000000e+00  0.000000e+00  1.000000e+00
   outer loop
     vertex  4.000000e+01  0.000000e+00  6.000000e+00
     vertex  2.026716e+01  1.201192e+01  6.000000e+00
     vertex  2.018509e+01  1.200571e+01  6.000000e+00
   endloop
 endfacet
 facet normal  0.000000e+00  0.000000e+00  1.000000e+00
   outer loop
     vertex  4.000000e+01  0.000000e+00  6.000000e+00
     vertex  2.018509e+01  1.200571e+01  6.000000e+00
     vertex  2.010287e+01  1.200176e+01  6.000000e+00
   endloop
 endfacet
 facet normal  0.000000e+00  0.000000e+00  1.000000e+00
   outer loop
     vertex  4.000000e+01  0.000000e+00  6.000000e+00
     vertex  2.010287e+01  1.200176e+01  6.000000e+00
     vertex  2.002058e+01  1.200007e+01  6.000000e+00
   endloop
 endfacet
 facet normal  0.000000e+00  0.000000e+00  1.000000e+00
   outer loop
     vertex  4.000000e+01  3.000000e+01  6.000000e+00
     vertex  2.191607e+01  1.730839e+01  6.000000e+00
     vertex  2.197868e+01  1.725495e+01  6.000000e+00
   endloop
 endfacet
 facet normal  0.000000e+00  0.000000e+00  1.000000e+00
   outer loop
     vertex  4.000000e+01  3.000000e+01  6.000000e+00
     vertex  2.197868e+01  1.725495e+01  6.000000e+00
     vertex  2.203980e+01  1.719982e+01  6.000000e+00
   endloop
 endfacet
 facet normal  0.000000e+00  0.000000e+00  1.000000e+00
   outer loop
     vertex  4.000000e+01  3.000000e+01  6.000000e+00
     vertex  2.203980e+01  1.719982e+01  6.000000e+00
     vertex  2.209938e+01  1.714303e+01  6.000000e+00
   endloop
 endfacet
 facet normal  0.000000e+00  0.000000e+00  1.000000e+00
   outer loop
     vertex  4.000000e+01  3.000000e+01  6.000000e+00
     vertex  2.209938e+01  1.714303e+01  6.000000e+00
     vertex  2.215738e+01  1.708463e+01  6.000000e+00
   endloop
 endfacet
 facet normal  0.000000e+00  0.000000e+00  1.000000e+00
   outer loop
     vertex  4.000000e+01  3.000000e+01  6.000000e+00
     vertex  2.215738e+01  1.708463e+01  6.000000e+00
     vertex  2.221376e+01  1.702466e+01  6.000000e+00
   endloop
 endfacet
 facet normal  0.000000e+00  0.000000e+00  1.000000e+00
   outer loop
     vertex  4.000000e+01  3.000000e+01  6.000000e+00
     vertex  2.221376e+01  1.702466e+01  6.000000e+00
     vertex  2.226847e+01  1.696317e+01  6.000000e+00
   endloop
 endfacet
 facet normal  0.000000e+00  0.000000e+00  1.000000e+00
   outer loop
     vertex  4.000000e+01  3.000000e+01  6.000000e+00
     vertex  2.226847e+01  1.696317e+01  6.000000e+00
     vertex  2.232148e+01  1.690020e+01  6.000000e+00
   endloop
 endfacet
 facet normal  0.000000e+00  0.000000e+00  1.000000e+00
   outer loop
     vertex  4.000000e+01  3.000000e+01  6.000000e+00
     vertex  2.232148e+01  1.690020e+01  6.000000e+00
     vertex  2.237273e+01  1.683579e+01  6.000000e+00
   endloop
 endfacet
 facet normal  0.000000e+00  0.000000e+00  1.000000e+00
   outer loop
     vertex  4.000000e+01  3.000000e+01  6.000000e+00
     vertex  2.237273e+01  1.683579e+01  6.000000e+00
     vertex  2.242220e+01  1.677001e+01  6.000000e+00
   endloop
 endfacet
 facet normal  0.000000e+00  0.000000e+00  1.000000e+00
   outer loop
     vertex  4.000000e+01  3.000000e+01  6.000000e+00
     vertex  2.242220e+01  1.677001e+01  6.000000e+00
     vertex  2.246985e+01  1.670289e+01  6.000000e+00
   endloop
 endfacet
 facet normal  0.000000e+00  0.000000e+00  1.000000e+00
   outer loop
     vertex  4.000000e+01  3.000000e+01  6.000000e+00
     vertex  2.246985e+01  1.670289e+01  6.000000e+00
     vertex  2.251564e+01  1.663449e+01  6.000000e+00
   endloop
 endfacet
 facet normal  0.000000e+00  0.000000e+00  1.000000e+00
   outer loop
     vertex  4.000000e+01  3.000000e+01  6.000000e+00
     vertex  2.251564e+01  1.663449e+01  6.000000e+00
     vertex  2.255953e+01  1.656486e+01  6.000000e+00
   endloop
 endfacet
 facet normal  0.000000e+00  0.000000e+00  1.000000e+00
   outer loop
     vertex  4.000000e+01  3.000000e+01  6.000000e+00
     vertex  2.255953e+01  1.656486e+01  6.000000e+00
     vertex  2.260150e+01  1.649406e+01  6.000000e+00
   endloop
 endfacet
 facet normal  0.000000e+00  0.000000e+00  1.000000e+00
   outer loop
     vertex  4.000000e+01  3.000000e+01  6.000000e+00
     vertex  2.260150e+01  1.649406e+01  6.000000e+00
     vertex  2.264151e+01  1.642212e+01  6.000000e+00
   endloop
 endfacet
 facet normal  0.000000e+00  0.000000e+00  1.000000e+00
   outer loop
     vertex  4.000000e+01  3.000000e+01  6.000000e+00
     vertex  2.264151e+01  1.642212e+01  6.000000e+00
     vertex  2.267953e+01  1.634912e+01  6.000000e+00
   endloop
 endfacet
 facet normal  0.000000e+00  0.000000e+00  1.000000e+00
   outer loop
     vertex  4.000000e+01  3.000000e+01  6.000000e+00
     vertex  2.267953e+01  1.634912e+01  6.000000e+00
     vertex  2.271553e+01  1.627510e+01  6.000000e+00
   endloop
 endfacet
 facet normal  0.000000e+00  0.000000e+00  1.000000e+00
   outer loop
     vertex  4.000000e+01  3.000000e+01  6.000000e+00
     vertex  2.271553e+01  1.627510e+01  6.000000e+00
     vertex  2.274949e+01  1.620013e+01  6.000000e+00
   endloop
 endfacet
 facet normal  0.000000e+00  0.000000e+00  1.000000e+00
   outer loop
     vertex  4.000000e+01  3.000000e+01  6.000000e+00
     vertex  2.274949e+01  1.620013e+01  6.000000e+00
     vertex  2.278138e+01  1.612424e+01  6.000000e+00
   endloop
 endfacet
 facet normal  0.000000e+00  0.000000e+00  1.000000e+00
   outer loop
     vertex  4.000000e+01  3.000000e+01  6.000000e+00
     vertex  2.278138e+01  1.612424e+01  6.000000e+00
     vertex  2.281118e+01  1.604752e+01  6.000000e+00
   endloop
 endfacet
 facet normal  0.000000e+00  0.000000e+00  1.000000e+00
   outer loop
     vertex  4.000000e+01  3.000000e+01  6.000000e+00
     vertex  2.281118e+01  1.604752e+01  6.000000e+00
     vertex  2.283886e+01  1.597000e+01  6.000000e+00
   endloop
 endfacet
 facet normal  0.000000e+00  0.000000e+00  1.000000e+00
   outer loop
     vertex  4.000000e+01  3.000000e+01  6.000000e+00
     vertex  2.283886e+01  1.597000e+01  6.000000e+00
     vertex  2.286440e+01  1.589175e+01  6.000000e+00
   endloop
 endfacet
 facet normal  0.000000e+00  0.000000e+00  1.000000e+00
   outer loop
     vertex  4.000000e+01  3.000000e+01  6.000000e+00
     vertex  2.286440e+01  1.589175e+01  6.000000e+00
     vertex  2.288778e+01  1.581284e+01  6.000000e+00
   endloop
 endfacet
 facet normal  0.000000e+00  0.000000e+00  1.000000e+00
   outer loop
     vertex  4.000000e+01  3.000000e+01  6.000000e+00
     vertex  2.288778e+01  1.581284e+01  6.000000e+00
     vertex  2.290900e+01  1.573331e+01  6.000000e+00
   endloop
 endfacet
 facet normal  0.000000e+00  0.000000e+00  1.000000e+00
   outer loop
     vertex  4.000000e+01  3.000000e+01  6.000000e+00
     vertex  2.290900e+01  1.573331e+01  6.000000e+00
     vertex  2.292802e+01  1.565322e+01  6.000000e+00
   endloop
 endfacet
 facet normal  0.000000e+00  0.000000e+00  1.000000e+00
   outer loop
     vertex  4.000000e+01  3.000000e+01  6.000000e+00
     vertex  2.292802e+01  1.565322e+01  6.000000e+00
     vertex  2.294484e+01  1.557265e+01  6.000000e+00
   endloop
 endfacet
 facet normal  0.000000e+00  0.000000e+00  1.000000e+00
   outer loop
     vertex  4.000000e+01  3.000000e+01  6.000000e+00
     vertex  2.294484e+01  1.557265e+01  6.000000e+00
     vertex  2.295944e+01  1.549165e+01  6.000000e+00
   endloop
 endfacet
 facet normal  0.000000e+00  0.000000e+00  1.000000e+00
   outer loop
     vertex  4.000000e+01  3.000000e+01  6.000000e+00
     vertex  2.295944e+01  1.549165e+01  6.000000e+00
     vertex  2.297181e+01  1.541027e+01  6.000000e+00
   endloop
 endfacet
 facet normal  0.000000e+00  0.000000e+00  1.000000e+00
   outer loop
     vertex  4.000000e+01  3.000000e+01  6.000000e+00
     vertex  2.297181e+01  1.541027e+01  6.000000e+00
     vertex  2.298195e+01  1.532859e+01  6.000000e+00
   endloop
 endfacet
 facet normal  0.000000e+00  0.000000e+00  1.000000e+00
   outer loop
     vertex  4.000000e+01  3.000000e+01  6.000000e+00
     vertex  2.298195e+01  1.532859e+01  6.000000e+00
     vertex  2.298984e+01  1.524666e+01  6.000000e+00
   endloop
 endfacet
 facet normal  0.000000e+00  0.000000e+00  1.000000e+00
   outer loop
     vertex  4.000000e+01  3.000000e+01  6.000000e+00
     vertex  2.298984e+01  1.524666e+01  6.000000e+00
     vertex  2.299548e+01  1.516454e+01  6.000000e+00
   endloop
 endfacet
 facet normal  0.000000e+00  0.000000e+00  1.000000e+00
   outer loop
     vertex  4.000000e+01  3.000000e+01  6.000000e+00
     vertex  2.299548e+01  1.516454e+01  6.000000e+00
     vertex  2.299887e+01  1.508230e+01  6.000000e+00
   endloop
 endfacet
 facet normal  0.000000e+00  0.000000e+00  1.000000e+00
   outer loop
     vertex  4.000000e+01  3.000000e+01  6.000000e+00
     vertex  2.299887e+01  1.508230e+01  6.000000e+00
     vertex  2.300000e+01  1.500000e+01  6.000000e+00
   endloop
 endfacet
 facet normal  0.000000e+00  0.000000e+00  1.000000e+00
   outer loop
     vertex  4.000000e+01  3.000000e+01  6.000000e+00
     vertex  2.002058e+01  1.799993e+01  6.000000e+00
     vertex  2.010287e+01  1.799824e+01  6.000000e+00
   endloop
 endfacet
 facet normal  0.000000e+00  0.000000e+00  1.000000e+00
   outer loop
     vertex  4.000000e+01  3.000000e+01  6.000000e+00
     vertex  2.010287e+01  1.799824e+01  6.000000e+00
     vertex  2.018509e+01  1.799429e+01  6.000000e+00
   endloop
 endfacet
 facet normal  0.000000e+00  0.000000e+00  1.000000e+00
   outer loop
     vertex  4.000000e+01  3.000000e+01  6.000000e+00
     vertex  2.018509e+01  1.799429e+01  6.000000e+00
     vertex  2.026716e+01  1.798808e+01  6.000000e+00
   endloop
 endfacet
 facet normal  0.000000e+00  0.000000e+00  1.000000e+00
   outer loop
     vertex  4.000000e+01  3.000000e+01  6.000000e+00
     vertex  2.026716e+01  1.798808e+01  6.000000e+00
     vertex  2.034904e+01  1.797963e+01  6.000000e+00
   endloop
 endfacet
 facet normal  0.000000e+00  0.000000e+00  1.000000e+00
   outer loop
     vertex  4.000000e+01  3.000000e+01  6.000000e+00
     vertex  0.000000e+00  3.000000e+01  6.000000e+00
     vertex  2.002058e+01  1.799993e+01  6.000000e+00
   endloop
 endfacet
 facet normal  0.000000e+00  0.000000e+00  1.000000e+00
   outer loop
     vertex  4.000000e+01  3.000000e+01  6.000000e+00
     vertex  2.034904e+01  1.797963e+01  6.000000e+00
     vertex  2.043065e+01  1.796893e+01  6.000000e+00
   endloop
 endfacet
 facet normal  0.000000e+00  0.000000e+00  1.000000e+00
   outer loop
     vertex  4.000000e+01  3.000000e+01  6.000000e+00
     vertex  2.043065e+01  1.796893e+01  6.000000e+00
     vertex  2.051194e+01  1.795600e+01  6.000000e+00
   endloop
 endfacet
 facet normal  0.000000e+00  0.000000e+00  1.000000e+00
   outer loop
     vertex  4.000000e+01  3.000000e+01  6.000000e+00
     vertex  2.051194e+01  1.795600e+01  6.000000e+00
     vertex  2.059284e+01  1.794084e+01  6.000000e+00
   endloop
 endfacet
 facet normal  0.000000e+00  0.000000e+00  1.000000e+00
   outer loop
     vertex  4.000000e+01  3.000000e+01  6.000000e+00
     vertex  2.059284e+01  1.794084e+01  6.000000e+00
     vertex  2.067329e+01  1.792347e+01  6.000000e+00
   endloop
 endfacet
 facet normal  0.000000e+00  0.000000e+00  1.000000e+00
   outer loop
     vertex  4.000000e+01  3.000000e+01  6.000000e+00
     vertex  2.067329e+01  1.792347e+01  6.000000e+00
     vertex  2.075324e+01  1.790390e+01  6.000000e+00
   endloop
 endfacet
 facet normal  0.000000e+00  0.000000e+00  1.000000e+00
   outer loop
     vertex  4.000000e+01  3.000000e+01  6.000000e+00
     vertex  2.075324e+01  1.790390e+01  6.000000e+00
     vertex  2.083262e+01  1.788214e+01  6.000000e+00
   endloop
 endfacet
 facet normal  0.000000e+00  0.000000e+00  1.000000e+00
   outer loop
     vertex  4.000000e+01  3.000000e+01  6.000000e+00
     vertex  2.083262e+01  1.788214e+01  6.000000e+00
     vertex  2.091138e+01  1.785821e+01  6.000000e+00
   endloop
 endfacet
 facet normal  0.000000e+00  0.000000e+00  1.000000e+00
   outer loop
     vertex  4.000000e+01  3.000000e+01  6.000000e+00
     vertex  2.091138e+01  1.785821e+01  6.000000e+00
     vertex  2.098945e+01  1.783214e+01  6.000000e+00
   endloop
 endfacet
 facet normal  0.000000e+00  0.000000e+00  1.000000e+00
   outer loop
     vertex  4.000000e+01  3.000000e+01  6.000000e+00
     vertex  2.098945e+01  1.783214e+01  6.000000e+00
     vertex  2.106677e+01  1.780392e+01  6.000000e+00
   endloop
 endfacet
 facet normal  0.000000e+00  0.000000e+00  1.000000e+00
   outer loop
     vertex  4.000000e+01  3.000000e+01  6.000000e+00
     vertex  2.106677e+01  1.780392e+01  6.000000e+00
     vertex  2.114330e+01  1.777360e+01  6.000000e+00
   endloop
 endfacet
 facet normal  0.000000e+00  0.000000e+00  1.000000e+00
   outer loop
     vertex  4.000000e+01  3.000000e+01  6.000000e+00
     vertex  2.114330e+01  1.777360e+01  6.000000e+00
     vertex  2.121896e+01  1.774119e+01  6.000000e+00
   endloop
 endfacet
 facet normal  0.000000e+00  0.000000e+00  1.000000e+00
   outer loop
     vertex  4.000000e+01  3.000000e+01  6.000000e+00
     vertex  2.121896e+01  1.774119e+01  6.000000e+00
     vertex  2.129370e+01  1.770672e+01  6.000000e+00
   endloop
 endfacet
 facet normal  0.000000e+00  0.000000e+00  1.000000e+00
   outer loop
     vertex  4.000000e+01  3.000000e+01  6.000000e+00
     vertex  2.129370e+01  1.770672e+01  6.000000e+00
     vertex  2.136747e+01  1.767021e+01  6.000000e+00
   endloop
 endfacet
 facet normal  0.000000e+00  0.000000e+00  1.000000e+00
   outer loop
     vertex  4.000000e+01  3.000000e+01  6.000000e+00
     vertex  2.136747e+01  1.767021e+01  6.000000e+00
     vertex  2.144021e+01  1.763169e+01  6.000000e+00
   endloop
 endfacet
 facet normal  0.000000e+00  0.000000e+00  1.000000e+00
   outer loop
     vertex  4.000000e+01  3.000000e+01  6.000000e+00
     vertex  2.144021e+01  1.763169e+01  6.000000e+00
     vertex  2.151187e+01  1.759119e+01  6.000000e+00
   endloop
 endfacet
 facet normal  0.000000e+00  0.000000e+00  1.000000e+00
   outer loop
     vertex  4.000000e+01  3.000000e+01  6.000000e+00
     vertex  2.151187e+01  1.759119e+01  6.000000e+00
     vertex  2.158238e+01  1.754874e+01  6.000000e+00
   endloop
 endfacet
 facet normal  0.000000e+00  0.000000e+00  1.000000e+00
   outer loop
     vertex  4.000000e+01  3.000000e+01  6.000000e+00
     vertex  2.158238e+01  1.754874e+01  6.000000e+00
     vertex  2.165171e+01  1.750437e+01  6.000000e+00
   endloop
 endfacet
 facet normal  0.000000e+00  0.000000e+00  1.000000e+00
   outer loop
     vertex  4.000000e+01  3.000000e+01  6.000000e+00
     vertex  2.165171e+01  1.750437e+01  6.000000e+00
     vertex  2.171979e+01  1.745811e+01  6.000000e+00
   endloop
 endfacet
 facet normal  0.000000e+00  0.000000e+00  1.000000e+00
   outer loop
     vertex  4.000000e+01  3.000000e+01  6.000000e+00
     vertex  2.300000e+01  1.500000e+01  6.000000e+00
     vertex  4.000000e+01  0.000000e+00  6.000000e+00
   endloop
 endfacet
 facet normal  0.000000e+00  0.000000e+00  1.000000e+00
   outer loop
     vertex  4.000000e+01  3.000000e+01  6.000000e+00
     vertex  2.171979e+01  1.745811e+01  6.000000e+00
     vertex  2.178658e+01  1.741001e+01  6.000000e+00
   endloop
 endfacet
 facet normal  0.000000e+00  0.000000e+00  1.000000e+00
   outer loop
     vertex  4.000000e+01  3.000000e+01  6.000000e+00
     vertex  2.178658e+01  1.741001e+01  6.000000e+00
     vertex  2.185203e+01  1.736009e+01  6.000000e+00
   endloop
 endfacet
 facet normal  0.000000e+00  0.000000e+00  1.000000e+00
   outer loop
     vertex  4.000000e+01  3.000000e+01  6.000000e+00
     vertex  2.185203e+01  1.736009e+01  6.000000e+00
     vertex  2.191607e+01  1.730839e+01  6.000000e+00
   endloop
 endfacet
 facet normal  0.000000e+00  1.000000e+00  0.000000e+00
   outer loop
     vertex  0.000000e+00  3.000000e+01  0.000000e+00
     vertex  4.000000e+01  3.000000e+01  6.000000e+00
     vertex  4.000000e+01  3.000000e+01  0.000000e+00
   endloop
 endfacet
 facet normal  0.000000e+00  1.000000e+00  0.000000e+00
   outer loop
     vertex  0.000000e+00  3.000000e+01  0.000000e+00
     vertex  0.000000e+00  3.000000e+01  6.000000e+00
     vertex  4.000000e+01  3.000000e+01  6.000000e+00
   endloop
 endfacet
 facet normal -9.999059e-01 -1.371831e-02  0.000000e+00
   outer loop
     vertex  2.300000e+01  1.500000e+01  0.000000e+00
     vertex  2.300000e+01  1.500000e+01  6.000000e+00
     vertex  2.299887e+01  1.508230e+01  6.000000e+00
   endloop
 endfacet
 facet normal -9.991532e-01 -4.114462e-02  4.088987e-16
   outer loop
     vertex  2.299887e+01  1.508230e+01  0.000000e+00
     vertex  2.299887e+01  1.508230e+01  6.000000e+00
     vertex  2.299548e+01  1.516454e+01  6.000000e+00
   endloop
 endfacet
 facet normal -9.999059e-01 -1.371831e-02  5.311417e-16
   outer loop
     vertex  2.299887e+01  1.508230e+01  0.000000e+00
     vertex  2.300000e+01  1.500000e+01  0.000000e+00
     vertex  2.299887e+01  1.508230e+01  6.000000e+00
   endloop
 endfacet
 facet normal -9.976484e-01 -6.853995e-02  2.863480e-16
   outer loop
     vertex  2.299548e+01  1.516454e+01  0.000000e+00
     vertex  2.299548e+01  1.516454e+01  6.000000e+00
     vertex  2.298984e+01  1.524666e+01  6.000000e+00
   endloop
 endfacet
 facet normal -9.991532e-01 -4.114462e-02  4.088987e-16
   outer loop
     vertex  2.299548e+01  1.516454e+01  0.000000e+00
     vertex  2.299887e+01  1.508230e+01  0.000000e+00
     vertex  2.299548e+01  1.516454e+01  6.000000e+00
   endloop
 endfacet
 facet normal -9.953925e-01 -9.588368e-02  1.919690e-16
   outer loop
     vertex  2.298984e+01  1.524666e+01  0.000000e+00
     vertex  2.298984e+01  1.524666e+01  6.000000e+00
     vertex  2.298195e+01  1.532859e+01  6.000000e+00
   endloop
 endfacet
 facet normal -9.976484e-01 -6.853995e-02  3.066399e-16
   outer loop
     vertex  2.298984e+01  1.524666e+01  0.000000e+00
     vertex  2.299548e+01  1.516454e+01  0.000000e+00
     vertex  2.298984e+01  1.524666e+01  6.000000e+00
   endloop
 endfacet
 facet normal -9.923874e-01 -1.231552e-01  4.069225e-17
   outer loop
     vertex  2.298195e+01  1.532859e+01  0.000000e+00
     vertex  2.298195e+01  1.532859e+01  6.000000e+00
     vertex  2.297181e+01  1.541027e+01  6.000000e+00
   endloop
 endfacet
 facet normal -9.953925e-01 -9.588368e-02  1.635817e-16
   outer loop
     vertex  2.298195e+01  1.532859e+01  0.000000e+00
     vertex  2.298984e+01  1.524666e+01  0.000000e+00
     vertex  2.298195e+01  1.532859e+01  6.000000e+00
   endloop
 endfacet
 facet normal -9.886353e-01 -1.503341e-01 -3.771999e-17
   outer loop
     vertex  2.297181e+01  1.541027e+01  0.000000e+00
     vertex  2.297181e+01  1.541027e+01  6.000000e+00
     vertex  2.295944e+01  1.549165e+01  6.000000e+00
   endloop
 endfacet
 facet normal -9.923874e-01 -1.231552e-01  7.715353e-17
   outer loop
     vertex  2.297181e+01  1.541027e+01  0.000000e+00
     vertex  2.298195e+01  1.532859e+01  0.000000e+00
     vertex  2.297181e+01  1.541027e+01  6.000000e+00
   endloop
 endfacet
 facet normal -9.841389e-01 -1.773998e-01 -1.525651e-16
   outer loop
     vertex  2.295944e+01  1.549165e+01  0.000000e+00
     vertex  2.295944e+01  1.549165e+01  6.000000e+00
     vertex  2.294484e+01  1.557265e+01  6.000000e+00
   endloop
 endfacet
 facet normal -9.886353e-01 -1.503341e-01 -3.771999e-17
   outer loop
     vertex  2.295944e+01  1.549165e+01  0.000000e+00
     vertex  2.297181e+01  1.541027e+01  0.000000e+00
     vertex  2.295944e+01  1.549165e+01  6.000000e+00
   endloop
 endfacet
 facet normal -9.789017e-01 -2.043319e-01 -2.672954e-16
   outer loop
     vertex  2.294484e+01  1.557265e+01  0.000000e+00
     vertex  2.294484e+01  1.557265e+01  6.000000e+00
     vertex  2.292802e+01  1.565322e+01  6.000000e+00
   endloop
 endfacet
 facet normal -9.841389e-01 -1.773998e-01 -1.525651e-16
   outer loop
     vertex  2.294484e+01  1.557265e+01  0.000000e+00
     vertex  2.295944e+01  1.549165e+01  0.000000e+00
     vertex  2.294484e+01  1.557265e+01  6.000000e+00
   endloop
 endfacet
 facet normal -9.729276e-01 -2.311102e-01  1.942644e-16
   outer loop
     vertex  2.292802e+01  1.565322e+01  0.000000e+00
     vertex  2.292802e+01  1.565322e+01  6.000000e+00
     vertex  2.290900e+01  1.573331e+01  6.000000e+00
   endloop
 endfacet
 facet normal -9.789017e-01 -2.043319e-01  3.123308e-16
   outer loop
     vertex  2.292802e+01  1.565322e+01  0.000000e+00
     vertex  2.294484e+01  1.557265e+01  0.000000e+00
     vertex  2.292802e+01  1.565322e+01  6.000000e+00
   endloop
 endfacet
 facet normal -9.662211e-01 -2.577146e-01  1.523506e-16
   outer loop
     vertex  2.290900e+01  1.573331e+01  0.000000e+00
     vertex  2.290900e+01  1.573331e+01  6.000000e+00
     vertex  2.288778e+01  1.581284e+01  6.000000e+00
   endloop
 endfacet
 facet normal -9.729276e-01 -2.311102e-01  2.626868e-16
   outer loop
     vertex  2.290900e+01  1.573331e+01  0.000000e+00
     vertex  2.292802e+01  1.565322e+01  0.000000e+00
     vertex  2.290900e+01  1.573331e+01  6.000000e+00
   endloop
 endfacet
 facet normal -9.662211e-01 -2.577146e-01  7.605173e-17
   outer loop
     vertex  2.288778e+01  1.581284e+01  0.000000e+00
     vertex  2.290900e+01  1.573331e+01  0.000000e+00
     vertex  2.288778e+01  1.581284e+01  6.000000e+00
   endloop
 endfacet
 facet normal -9.587873e-01 -2.841250e-01 -4.221819e-17
   outer loop
     vertex  2.288778e+01  1.581284e+01  0.000000e+00
     vertex  2.288778e+01  1.581284e+01  6.000000e+00
     vertex  2.286440e+01  1.589175e+01  6.000000e+00
   endloop
 endfacet
 facet normal -9.587873e-01 -2.841250e-01  4.189969e-17
   outer loop
     vertex  2.286440e+01  1.589175e+01  0.000000e+00
     vertex  2.288778e+01  1.581284e+01  0.000000e+00
     vertex  2.286440e+01  1.589175e+01  6.000000e+00
   endloop
 endfacet
 facet normal -9.506317e-01 -3.103214e-01 -6.858273e-17
   outer loop
     vertex  2.286440e+01  1.589175e+01  0.000000e+00
     vertex  2.286440e+01  1.589175e+01  6.000000e+00
     vertex  2.283886e+01  1.597000e+01  6.000000e+00
   endloop
 endfacet
 facet normal -9.506317e-01 -3.103214e-01 -6.858273e-17
   outer loop
     vertex  2.283886e+01  1.597000e+01  0.000000e+00
     vertex  2.286440e+01  1.589175e+01  0.000000e+00
     vertex  2.283886e+01  1.597000e+01  6.000000e+00
   endloop
 endfacet
 facet normal -9.417605e-01 -3.362843e-01 -1.790135e-16
   outer loop
     vertex  2.283886e+01  1.597000e+01  0.000000e+00
     vertex  2.283886e+01  1.597000e+01  6.000000e+00
     vertex  2.281118e+01  1.604752e+01  6.000000e+00
   endloop
 endfacet
 facet normal -9.417605e-01 -3.362843e-01 -7.945338e-17
   outer loop
     vertex  2.281118e+01  1.604752e+01  0.000000e+00
     vertex  2.283886e+01  1.597000e+01  0.000000e+00
     vertex  2.281118e+01  1.604752e+01  6.000000e+00
   endloop
 endfacet
 facet normal -9.321804e-01 -3.619940e-01 -1.821378e-16
   outer loop
     vertex  2.281118e+01  1.604752e+01  0.000000e+00
     vertex  2.281118e+01  1.604752e+01  6.000000e+00
     vertex  2.278138e+01  1.612424e+01  6.000000e+00
   endloop
 endfacet
 facet normal -9.321804e-01 -3.619940e-01 -1.821378e-16
   outer loop
     vertex  2.278138e+01  1.612424e+01  0.000000e+00
     vertex  2.281118e+01  1.604752e+01  0.000000e+00
     vertex  2.278138e+01  1.612424e+01  6.000000e+00
   endloop
 endfacet
 facet normal -9.218986e-01 -3.874313e-01 -2.846851e-16
   outer loop
     vertex  2.278138e+01  1.612424e+01  0.000000e+00
     vertex  2.278138e+01  1.612424e+01  6.000000e+00
     vertex  2.274949e+01  1.620013e+01  6.000000e+00
   endloop
 endfacet
 facet normal -9.218986e-01 -3.874313e-01  2.611885e-16
   outer loop
     vertex  2.274949e+01  1.620013e+01  0.000000e+00
     vertex  2.278138e+01  1.612424e+01  0.000000e+00
     vertex  2.274949e+01  1.620013e+01  6.000000e+00
   endloop
 endfacet
 facet normal -9.109228e-01 -4.125769e-01  1.523565e-16
   outer loop
     vertex  2.274949e+01  1.620013e+01  0.000000e+00
     vertex  2.274949e+01  1.620013e+01  6.000000e+00
     vertex  2.271553e+01  1.627510e+01  6.000000e+00
   endloop
 endfacet
 facet normal -9.109228e-01 -4.125769e-01  1.523565e-16
   outer loop
     vertex  2.271553e+01  1.627510e+01  0.000000e+00
     vertex  2.274949e+01  1.620013e+01  0.000000e+00
     vertex  2.271553e+01  1.627510e+01  6.000000e+00
   endloop
 endfacet
 facet normal -8.992613e-01 -4.374119e-01  4.340979e-17
   outer loop
     vertex  2.271553e+01  1.627510e+01  0.000000e+00
     vertex  2.271553e+01  1.627510e+01  6.000000e+00
     vertex  2.267953e+01  1.634912e+01  6.000000e+00
   endloop
 endfacet
 facet normal -8.992613e-01 -4.374119e-01 -4.890599e-16
   outer loop
     vertex  2.267953e+01  1.634912e+01  0.000000e+00
     vertex  2.271553e+01  1.627510e+01  0.000000e+00
     vertex  2.267953e+01  1.634912e+01  6.000000e+00
   endloop
 endfacet
 facet normal -8.869228e-01 -4.619176e-01 -5.907334e-16
   outer loop
     vertex  2.267953e+01  1.634912e+01  0.000000e+00
     vertex  2.267953e+01  1.634912e+01  6.000000e+00
     vertex  2.264151e+01  1.642212e+01  6.000000e+00
   endloop
 endfacet
 facet normal -8.869228e-01 -4.619176e-01 -6.556958e-17
   outer loop
     vertex  2.264151e+01  1.642212e+01  0.000000e+00
     vertex  2.267953e+01  1.634912e+01  0.000000e+00
     vertex  2.264151e+01  1.642212e+01  6.000000e+00
   endloop
 endfacet
 facet normal -8.739167e-01 -4.860756e-01 -1.744996e-16
   outer loop
     vertex  2.264151e+01  1.642212e+01  0.000000e+00
     vertex  2.264151e+01  1.642212e+01  6.000000e+00
     vertex  2.260150e+01  1.649406e+01  6.000000e+00
   endloop
 endfacet
 facet normal -8.602528e-01 -5.098678e-01  1.860412e-17
   outer loop
     vertex  2.260150e+01  1.649406e+01  0.000000e+00
     vertex  2.260150e+01  1.649406e+01  6.000000e+00
     vertex  2.255953e+01  1.656486e+01  6.000000e+00
   endloop
 endfacet
 facet normal -8.739167e-01 -4.860756e-01  1.133150e-16
   outer loop
     vertex  2.260150e+01  1.649406e+01  0.000000e+00
     vertex  2.264151e+01  1.642212e+01  0.000000e+00
     vertex  2.260150e+01  1.649406e+01  6.000000e+00
   endloop
 endfacet
 facet normal -8.602528e-01 -5.098678e-01 -2.832982e-16
   outer loop
     vertex  2.255953e+01  1.656486e+01  0.000000e+00
     vertex  2.260150e+01  1.649406e+01  0.000000e+00
     vertex  2.255953e+01  1.656486e+01  6.000000e+00
   endloop
 endfacet
 facet normal -8.459413e-01 -5.332761e-01 -3.918836e-16
   outer loop
     vertex  2.255953e+01  1.656486e+01  0.000000e+00
     vertex  2.255953e+01  1.656486e+01  6.000000e+00
     vertex  2.251564e+01  1.663449e+01  6.000000e+00
   endloop
 endfacet
 facet normal -8.309929e-01 -5.562829e-01 -8.127364e-18
   outer loop
     vertex  2.251564e+01  1.663449e+01  0.000000e+00
     vertex  2.251564e+01  1.663449e+01  6.000000e+00
     vertex  2.246985e+01  1.670289e+01  6.000000e+00
   endloop
 endfacet
 facet normal -8.459413e-01 -5.332761e-01  1.090142e-16
   outer loop
     vertex  2.251564e+01  1.663449e+01  0.000000e+00
     vertex  2.255953e+01  1.656486e+01  0.000000e+00
     vertex  2.251564e+01  1.663449e+01  6.000000e+00
   endloop
 endfacet
 facet normal -8.154191e-01 -5.788711e-01 -1.252628e-16
   outer loop
     vertex  2.246985e+01  1.670289e+01  0.000000e+00
     vertex  2.246985e+01  1.670289e+01  6.000000e+00
     vertex  2.242220e+01  1.677001e+01  6.000000e+00
   endloop
 endfacet
 facet normal -8.309929e-01 -5.562829e-01 -8.127364e-18
   outer loop
     vertex  2.246985e+01  1.670289e+01  0.000000e+00
     vertex  2.251564e+01  1.663449e+01  0.000000e+00
     vertex  2.246985e+01  1.670289e+01  6.000000e+00
   endloop
 endfacet
 facet normal -7.992314e-01 -6.010234e-01  1.135734e-16
   outer loop
     vertex  2.242220e+01  1.677001e+01  0.000000e+00
     vertex  2.242220e+01  1.677001e+01  6.000000e+00
     vertex  2.237273e+01  1.683579e+01  6.000000e+00
   endloop
 endfacet
 facet normal -8.154191e-01 -5.788711e-01  2.174977e-16
   outer loop
     vertex  2.242220e+01  1.677001e+01  0.000000e+00
     vertex  2.246985e+01  1.670289e+01  0.000000e+00
     vertex  2.242220e+01  1.677001e+01  6.000000e+00
   endloop
 endfacet
 facet normal -7.824421e-01 -6.227234e-01  9.563547e-18
   outer loop
     vertex  2.237273e+01  1.683579e+01  0.000000e+00
     vertex  2.237273e+01  1.683579e+01  6.000000e+00
     vertex  2.232148e+01  1.690020e+01  6.000000e+00
   endloop
 endfacet
 facet normal -7.992314e-01 -6.010234e-01  1.135734e-16
   outer loop
     vertex  2.237273e+01  1.683579e+01  0.000000e+00
     vertex  2.242220e+01  1.677001e+01  0.000000e+00
     vertex  2.237273e+01  1.683579e+01  6.000000e+00
   endloop
 endfacet
 facet normal -7.650637e-01 -6.439545e-01 -9.445348e-17
   outer loop
     vertex  2.232148e+01  1.690020e+01  0.000000e+00
     vertex  2.232148e+01  1.690020e+01  6.000000e+00
     vertex  2.226847e+01  1.696317e+01  6.000000e+00
   endloop
 endfacet
 facet normal -7.824421e-01 -6.227234e-01  9.563547e-18
   outer loop
     vertex  2.232148e+01  1.690020e+01  0.000000e+00
     vertex  2.237273e+01  1.683579e+01  0.000000e+00
     vertex  2.232148e+01  1.690020e+01  6.000000e+00
   endloop
 endfacet
 facet normal -7.471095e-01 -6.647010e-01  2.439783e-16
   outer loop
     vertex  2.226847e+01  1.696317e+01  0.000000e+00
     vertex  2.226847e+01  1.696317e+01  6.000000e+00
     vertex  2.221376e+01  1.702466e+01  6.000000e+00
   endloop
 endfacet
 facet normal -7.650637e-01 -6.439545e-01  3.585553e-16
   outer loop
     vertex  2.226847e+01  1.696317e+01  0.000000e+00
     vertex  2.232148e+01  1.690020e+01  0.000000e+00
     vertex  2.226847e+01  1.696317e+01  6.000000e+00
   endloop
 endfacet
 facet normal -7.285929e-01 -6.849470e-01 -3.021960e-16
   outer loop
     vertex  2.221376e+01  1.702466e+01  0.000000e+00
     vertex  2.221376e+01  1.702466e+01  6.000000e+00
     vertex  2.215738e+01  1.708463e+01  6.000000e+00
   endloop
 endfacet
 facet normal -7.471095e-01 -6.647010e-01 -1.983994e-16
   outer loop
     vertex  2.221376e+01  1.702466e+01  0.000000e+00
     vertex  2.226847e+01  1.696317e+01  0.000000e+00
     vertex  2.221376e+01  1.702466e+01  6.000000e+00
   endloop
 endfacet
 facet normal -7.095278e-01 -7.046775e-01  4.316127e-16
   outer loop
     vertex  2.215738e+01  1.708463e+01  0.000000e+00
     vertex  2.215738e+01  1.708463e+01  6.000000e+00
     vertex  2.209938e+01  1.714303e+01  6.000000e+00
   endloop
 endfacet
 facet normal -7.285929e-01 -6.849470e-01  5.347878e-16
   outer loop
     vertex  2.215738e+01  1.708463e+01  0.000000e+00
     vertex  2.221376e+01  1.702466e+01  0.000000e+00
     vertex  2.215738e+01  1.708463e+01  6.000000e+00
   endloop
 endfacet
 facet normal -6.899286e-01 -7.238775e-01  3.281126e-16
   outer loop
     vertex  2.209938e+01  1.714303e+01  0.000000e+00
     vertex  2.209938e+01  1.714303e+01  6.000000e+00
     vertex  2.203980e+01  1.719982e+01  6.000000e+00
   endloop
 endfacet
 facet normal -7.095278e-01 -7.046775e-01  4.316127e-16
   outer loop
     vertex  2.209938e+01  1.714303e+01  0.000000e+00
     vertex  2.215738e+01  1.708463e+01  0.000000e+00
     vertex  2.209938e+01  1.714303e+01  6.000000e+00
   endloop
 endfacet
 facet normal -6.698100e-01 -7.425325e-01  2.243656e-16
   outer loop
     vertex  2.203980e+01  1.719982e+01  0.000000e+00
     vertex  2.203980e+01  1.719982e+01  6.000000e+00
     vertex  2.197868e+01  1.725495e+01  6.000000e+00
   endloop
 endfacet
 facet normal -6.899286e-01 -7.238775e-01  3.281126e-16
   outer loop
     vertex  2.203980e+01  1.719982e+01  0.000000e+00
     vertex  2.209938e+01  1.714303e+01  0.000000e+00
     vertex  2.203980e+01  1.719982e+01  6.000000e+00
   endloop
 endfacet
 facet normal -6.491872e-01 -7.606287e-01  1.204497e-16
   outer loop
     vertex  2.197868e+01  1.725495e+01  0.000000e+00
     vertex  2.197868e+01  1.725495e+01  6.000000e+00
     vertex  2.191607e+01  1.730839e+01  6.000000e+00
   endloop
 endfacet
 facet normal -6.698100e-01 -7.425325e-01  2.243656e-16
   outer loop
     vertex  2.197868e+01  1.725495e+01  0.000000e+00
     vertex  2.203980e+01  1.719982e+01  0.000000e+00
     vertex  2.197868e+01  1.725495e+01  6.000000e+00
   endloop
 endfacet
 facet normal -6.280757e-01 -7.781522e-01  1.644309e-17
   outer loop
     vertex  2.191607e+01  1.730839e+01  0.000000e+00
     vertex  2.191607e+01  1.730839e+01  6.000000e+00
     vertex  2.185203e+01  1.736009e+01  6.000000e+00
   endloop
 endfacet
 facet normal -6.491872e-01 -7.606287e-01  1.204497e-16
   outer loop
     vertex  2.191607e+01  1.730839e+01  0.000000e+00
     vertex  2.197868e+01  1.725495e+01  0.000000e+00
     vertex  2.191607e+01  1.730839e+01  6.000000e+00
   endloop
 endfacet
 facet normal -6.064915e-01 -7.950900e-01 -8.757587e-17
   outer loop
     vertex  2.185203e+01  1.736009e+01  0.000000e+00
     vertex  2.185203e+01  1.736009e+01  6.000000e+00
     vertex  2.178658e+01  1.741001e+01  6.000000e+00
   endloop
 endfacet
 facet normal -6.280757e-01 -7.781522e-01  1.644309e-17
   outer loop
     vertex  2.185203e+01  1.736009e+01  0.000000e+00
     vertex  2.191607e+01  1.730839e+01  0.000000e+00
     vertex  2.185203e+01  1.736009e+01  6.000000e+00
   endloop
 endfacet
 facet normal -5.844507e-01 -8.114292e-01 -1.915289e-16
   outer loop
     vertex  2.178658e+01  1.741001e+01  0.000000e+00
     vertex  2.178658e+01  1.741001e+01  6.000000e+00
     vertex  2.171979e+01  1.745811e+01  6.000000e+00
   endloop
 endfacet
 facet normal -6.064915e-01 -7.950900e-01 -8.757587e-17
   outer loop
     vertex  2.178658e+01  1.741001e+01  0.000000e+00
     vertex  2.185203e+01  1.736009e+01  0.000000e+00
     vertex  2.178658e+01  1.741001e+01  6.000000e+00
   endloop
 endfacet
 facet normal -5.844507e-01 -8.114292e-01 -1.915289e-16
   outer loop
     vertex  2.171979e+01  1.745811e+01  0.000000e+00
     vertex  2.178658e+01  1.741001e+01  0.000000e+00
     vertex  2.171979e+01  1.745811e+01  6.000000e+00
   endloop
 endfacet
 facet normal -5.619699e-01 -8.271577e-01 -2.953378e-16
   outer loop
     vertex  2.171979e+01  1.745811e+01  0.000000e+00
     vertex  2.171979e+01  1.745811e+01  6.000000e+00
     vertex  2.165171e+01  1.750437e+01  6.000000e+00
   endloop
 endfacet
 facet normal -5.619699e-01 -8.271577e-01  3.741525e-17
   outer loop
     vertex  2.165171e+01  1.750437e+01  0.000000e+00
     vertex  2.171979e+01  1.745811e+01  0.000000e+00
     vertex  2.165171e+01  1.750437e+01  6.000000e+00
   endloop
 endfacet
 facet normal -5.390661e-01 -8.422635e-01 -7.973307e-17
   outer loop
     vertex  2.165171e+01  1.750437e+01  0.000000e+00
     vertex  2.165171e+01  1.750437e+01  6.000000e+00
     vertex  2.158238e+01  1.754874e+01  6.000000e+00
   endloop
 endfacet
 facet normal -5.390661e-01 -8.422635e-01  9.979582e-17
   outer loop
     vertex  2.158238e+01  1.754874e+01  0.000000e+00
     vertex  2.165171e+01  1.750437e+01  0.000000e+00
     vertex  2.158238e+01  1.754874e+01  6.000000e+00
   endloop
 endfacet
 facet normal -5.157565e-01 -8.567352e-01  5.078576e-18
   outer loop
     vertex  2.158238e+01  1.754874e+01  0.000000e+00
     vertex  2.158238e+01  1.754874e+01  6.000000e+00
     vertex  2.151187e+01  1.759119e+01  6.000000e+00
   endloop
 endfacet
 facet normal -5.157565e-01 -8.567352e-01 -5.022106e-16
   outer loop
     vertex  2.151187e+01  1.759119e+01  0.000000e+00
     vertex  2.158238e+01  1.754874e+01  0.000000e+00
     vertex  2.151187e+01  1.759119e+01  6.000000e+00
   endloop
 endfacet
 facet normal -4.920587e-01 -8.705620e-01 -6.051188e-16
   outer loop
     vertex  2.151187e+01  1.759119e+01  0.000000e+00
     vertex  2.151187e+01  1.759119e+01  6.000000e+00
     vertex  2.144021e+01  1.763169e+01  6.000000e+00
   endloop
 endfacet
 facet normal -4.920587e-01 -8.705620e-01 -8.964250e-17
   outer loop
     vertex  2.144021e+01  1.763169e+01  0.000000e+00
     vertex  2.151187e+01  1.759119e+01  0.000000e+00
     vertex  2.144021e+01  1.763169e+01  6.000000e+00
   endloop
 endfacet
 facet normal -4.679904e-01 -8.837335e-01 -1.842961e-16
   outer loop
     vertex  2.144021e+01  1.763169e+01  0.000000e+00
     vertex  2.144021e+01  1.763169e+01  6.000000e+00
     vertex  2.136747e+01  1.767021e+01  6.000000e+00
   endloop
 endfacet
 facet normal -4.435699e-01 -8.962398e-01 -1.616481e-17
   outer loop
     vertex  2.136747e+01  1.767021e+01  0.000000e+00
     vertex  2.136747e+01  1.767021e+01  6.000000e+00
     vertex  2.129370e+01  1.770672e+01  6.000000e+00
   endloop
 endfacet
 facet normal -4.679904e-01 -8.837335e-01  9.280991e-17
   outer loop
     vertex  2.136747e+01  1.767021e+01  0.000000e+00
     vertex  2.144021e+01  1.763169e+01  0.000000e+00
     vertex  2.136747e+01  1.767021e+01  6.000000e+00
   endloop
 endfacet
 facet normal -4.188155e-01 -9.080714e-01 -1.251274e-16
   outer loop
     vertex  2.129370e+01  1.770672e+01  0.000000e+00
     vertex  2.129370e+01  1.770672e+01  6.000000e+00
     vertex  2.121896e+01  1.774119e+01  6.000000e+00
   endloop
 endfacet
 facet normal -4.435699e-01 -8.962398e-01 -1.616481e-17
   outer loop
     vertex  2.129370e+01  1.770672e+01  0.000000e+00
     vertex  2.136747e+01  1.767021e+01  0.000000e+00
     vertex  2.129370e+01  1.770672e+01  6.000000e+00
   endloop
 endfacet
 facet normal -3.937458e-01 -9.192194e-01 -4.671400e-16
   outer loop
     vertex  2.121896e+01  1.774119e+01  0.000000e+00
     vertex  2.121896e+01  1.774119e+01  6.000000e+00
     vertex  2.114330e+01  1.777360e+01  6.000000e+00
   endloop
 endfacet
 facet normal -4.188155e-01 -9.080714e-01 -3.731159e-16
   outer loop
     vertex  2.121896e+01  1.774119e+01  0.000000e+00
     vertex  2.129370e+01  1.770672e+01  0.000000e+00
     vertex  2.121896e+01  1.774119e+01  6.000000e+00
   endloop
 endfacet
 facet normal -3.683796e-01 -9.296754e-01 -1.033405e-17
   outer loop
     vertex  2.114330e+01  1.777360e+01  0.000000e+00
     vertex  2.114330e+01  1.777360e+01  6.000000e+00
     vertex  2.106677e+01  1.780392e+01  6.000000e+00
   endloop
 endfacet
 facet normal -3.937458e-01 -9.192194e-01  7.714718e-17
   outer loop
     vertex  2.114330e+01  1.777360e+01  0.000000e+00
     vertex  2.121896e+01  1.774119e+01  0.000000e+00
     vertex  2.114330e+01  1.777360e+01  6.000000e+00
   endloop
 endfacet
 facet normal -3.427362e-01 -9.394317e-01  1.051331e-16
   outer loop
     vertex  2.106677e+01  1.780392e+01  0.000000e+00
     vertex  2.106677e+01  1.780392e+01  6.000000e+00
     vertex  2.098945e+01  1.783214e+01  6.000000e+00
   endloop
 endfacet
 facet normal -3.683796e-01 -9.296754e-01  2.077905e-16
   outer loop
     vertex  2.106677e+01  1.780392e+01  0.000000e+00
     vertex  2.114330e+01  1.777360e+01  0.000000e+00
     vertex  2.106677e+01  1.780392e+01  6.000000e+00
   endloop
 endfacet
 facet normal -3.168348e-01 -9.484807e-01 -5.592168e-16
   outer loop
     vertex  2.098945e+01  1.783214e+01  0.000000e+00
     vertex  2.098945e+01  1.783214e+01  6.000000e+00
     vertex  2.091138e+01  1.785821e+01  6.000000e+00
   endloop
 endfacet
 facet normal -3.427362e-01 -9.394317e-01 -4.511222e-16
   outer loop
     vertex  2.098945e+01  1.783214e+01  0.000000e+00
     vertex  2.106677e+01  1.780392e+01  0.000000e+00
     vertex  2.098945e+01  1.783214e+01  6.000000e+00
   endloop
 endfacet
 facet normal -2.906949e-01 -9.568158e-01 -1.003418e-16
   outer loop
     vertex  2.091138e+01  1.785821e+01  0.000000e+00
     vertex  2.091138e+01  1.785821e+01  6.000000e+00
     vertex  2.083262e+01  1.788214e+01  6.000000e+00
   endloop
 endfacet
 facet normal -3.168348e-01 -9.484807e-01  2.396572e-18
   outer loop
     vertex  2.091138e+01  1.785821e+01  0.000000e+00
     vertex  2.098945e+01  1.783214e+01  0.000000e+00
     vertex  2.091138e+01  1.785821e+01  6.000000e+00
   endloop
 endfacet
 facet normal -2.643362e-01 -9.644306e-01 -2.030046e-16
   outer loop
     vertex  2.083262e+01  1.788214e+01  0.000000e+00
     vertex  2.083262e+01  1.788214e+01  6.000000e+00
     vertex  2.075324e+01  1.790390e+01  6.000000e+00
   endloop
 endfacet
 facet normal -2.906949e-01 -9.568158e-01 -1.003418e-16
   outer loop
     vertex  2.083262e+01  1.788214e+01  0.000000e+00
     vertex  2.091138e+01  1.785821e+01  0.000000e+00
     vertex  2.083262e+01  1.788214e+01  6.000000e+00
   endloop
 endfacet
 facet normal -2.377784e-01 -9.713194e-01  2.696220e-16
   outer loop
     vertex  2.075324e+01  1.790390e+01  0.000000e+00
     vertex  2.075324e+01  1.790390e+01  6.000000e+00
     vertex  2.067329e+01  1.792347e+01  6.000000e+00
   endloop
 endfacet
 facet normal -2.643362e-01 -9.644306e-01  3.680530e-16
   outer loop
     vertex  2.075324e+01  1.790390e+01  0.000000e+00
     vertex  2.083262e+01  1.788214e+01  0.000000e+00
     vertex  2.075324e+01  1.790390e+01  6.000000e+00
   endloop
 endfacet
 facet normal -2.110417e-01 -9.774771e-01  2.959499e-16
   outer loop
     vertex  2.067329e+01  1.792347e+01  0.000000e+00
     vertex  2.067329e+01  1.792347e+01  6.000000e+00
     vertex  2.059284e+01  1.794084e+01  6.000000e+00
   endloop
 endfacet
 facet normal -2.377784e-01 -9.713194e-01  4.104152e-16
   outer loop
     vertex  2.067329e+01  1.792347e+01  0.000000e+00
     vertex  2.075324e+01  1.790390e+01  0.000000e+00
     vertex  2.067329e+01  1.792347e+01  6.000000e+00
   endloop
 endfacet
 facet normal -1.841461e-01 -9.828989e-01  7.222541e-17
   outer loop
     vertex  2.059284e+01  1.794084e+01  0.000000e+00
     vertex  2.059284e+01  1.794084e+01  6.000000e+00
     vertex  2.051194e+01  1.795600e+01  6.000000e+00
   endloop
 endfacet
 facet normal -2.110417e-01 -9.774771e-01  1.709881e-16
   outer loop
     vertex  2.059284e+01  1.794084e+01  0.000000e+00
     vertex  2.067329e+01  1.792347e+01  0.000000e+00
     vertex  2.059284e+01  1.794084e+01  6.000000e+00
   endloop
 endfacet
 facet normal -1.571119e-01 -9.875808e-01 -2.659164e-17
   outer loop
     vertex  2.051194e+01  1.795600e+01  0.000000e+00
     vertex  2.051194e+01  1.795600e+01  6.000000e+00
     vertex  2.043065e+01  1.796893e+01  6.000000e+00
   endloop
 endfacet
 facet normal -1.841461e-01 -9.828989e-01  7.222541e-17
   outer loop
     vertex  2.051194e+01  1.795600e+01  0.000000e+00
     vertex  2.059284e+01  1.794084e+01  0.000000e+00
     vertex  2.051194e+01  1.795600e+01  6.000000e+00
   endloop
 endfacet
 facet normal -1.299594e-01 -9.915193e-01 -4.843721e-17
   outer loop
     vertex  2.043065e+01  1.796893e+01  0.000000e+00
     vertex  2.043065e+01  1.796893e+01  6.000000e+00
     vertex  2.034904e+01  1.797963e+01  6.000000e+00
   endloop
 endfacet
 facet normal -1.571119e-01 -9.875808e-01  6.643731e-17
   outer loop
     vertex  2.043065e+01  1.796893e+01  0.000000e+00
     vertex  2.051194e+01  1.795600e+01  0.000000e+00
     vertex  2.043065e+01  1.796893e+01  6.000000e+00
   endloop
 endfacet
 facet normal -1.027091e-01 -9.947114e-01 -2.240913e-16
   outer loop
     vertex  2.034904e+01  1.797963e+01  0.000000e+00
     vertex  2.034904e+01  1.797963e+01  6.000000e+00
     vertex  2.026716e+01  1.798808e+01  6.000000e+00
   endloop
 endfacet
 facet normal -1.299594e-01 -9.915193e-01 -1.253887e-16
   outer loop
     vertex  2.034904e+01  1.797963e+01  0.000000e+00
     vertex  2.043065e+01  1.796893e+01  0.000000e+00
     vertex  2.034904e+01  1.797963e+01  6.000000e+00
   endloop
 endfacet
 facet normal -1.027091e-01 -9.947114e-01 -1.632753e-16
   outer loop
     vertex  2.026716e+01  1.798808e+01  0.000000e+00
     vertex  2.034904e+01  1.797963e+01  0.000000e+00
     vertex  2.026716e+01  1.798808e+01  6.000000e+00
   endloop
 endfacet
 facet normal -4.799716e-02 -9.988475e-01  1.705202e-16
   outer loop
     vertex  2.018509e+01  1.799429e+01  0.000000e+00
     vertex  2.018509e+01  1.799429e+01  6.000000e+00
     vertex  2.010287e+01  1.799824e+01  6.000000e+00
   endloop
 endfacet
 facet normal -7.538152e-02 -9.971548e-01  2.678090e-16
   outer loop
     vertex  2.018509e+01  1.799429e+01  0.000000e+00
     vertex  2.026716e+01  1.798808e+01  6.000000e+00
     vertex  2.018509e+01  1.799429e+01  6.000000e+00
   endloop
 endfacet
 facet normal -7.538152e-02 -9.971548e-01 -2.780368e-16
   outer loop
     vertex  2.018509e+01  1.799429e+01  0.000000e+00
     vertex  2.026716e+01  1.798808e+01  0.000000e+00
     vertex  2.026716e+01  1.798808e+01  6.000000e+00
   endloop
 endfacet
 facet normal -4.799716e-02 -9.988475e-01  1.705202e-16
   outer loop
     vertex  2.010287e+01  1.799824e+01  0.000000e+00
     vertex  2.018509e+01  1.799429e+01  0.000000e+00
     vertex  2.010287e+01  1.799824e+01  6.000000e+00
   endloop
 endfacet
 facet normal -2.057667e-02 -9.997883e-01  7.310300e-17
   outer loop
     vertex  2.010287e+01  1.799824e+01  0.000000e+00
     vertex  2.010287e+01  1.799824e+01  6.000000e+00
     vertex  2.002058e+01  1.799993e+01  6.000000e+00
   endloop
 endfacet
 facet normal -2.057667e-02 -9.997883e-01  7.310300e-17
   outer loop
     vertex  2.002058e+01  1.799993e+01  0.000000e+00
     vertex  2.010287e+01  1.799824e+01  0.000000e+00
     vertex  2.002058e+01  1.799993e+01  6.000000e+00
   endloop
 endfacet
 facet normal  6.859319e-03 -9.999765e-01 -2.436920e-17
   outer loop
     vertex  2.002058e+01  1.799993e+01  0.000000e+00
     vertex  2.002058e+01  1.799993e+01  6.000000e+00
     vertex  1.993827e+01  1.799936e+01  6.000000e+00
   endloop
 endfacet
 facet normal  6.859319e-03 -9.999765e-01 -2.436920e-17
   outer loop
     vertex  1.993827e+01  1.799936e+01  0.000000e+00
     vertex  2.002058e+01  1.799993e+01  0.000000e+00
     vertex  1.993827e+01  1.799936e+01  6.000000e+00
   endloop
 endfacet
 facet normal  3.429014e-02 -9.994119e-01 -1.218230e-16
   outer loop
     vertex  1.993827e+01  1.799936e+01  0.000000e+00
     vertex  1.993827e+01  1.799936e+01  6.000000e+00
     vertex  1.985601e+01  1.799654e+01  6.000000e+00
   endloop
 endfacet
 facet normal  6.169515e-02 -9.980950e-01  3.718058e-16
   outer loop
     vertex  1.985601e+01  1.799654e+01  0.000000e+00
     vertex  1.985601e+01  1.799654e+01  6.000000e+00
     vertex  1.977386e+01  1.799146e+01  6.000000e+00
   endloop
 endfacet
 facet normal  3.429014e-02 -9.994119e-01  4.699477e-16
   outer loop
     vertex  1.985601e+01  1.799654e+01  0.000000e+00
     vertex  1.993827e+01  1.799936e+01  0.000000e+00
     vertex  1.985601e+01  1.799654e+01  6.000000e+00
   endloop
 endfacet
 facet normal  6.169515e-02 -9.980950e-01 -2.557161e-16
   outer loop
     vertex  1.977386e+01  1.799146e+01  0.000000e+00
     vertex  1.985601e+01  1.799654e+01  0.000000e+00
     vertex  1.977386e+01  1.799146e+01  6.000000e+00
   endloop
 endfacet
 facet normal  8.905371e-02 -9.960268e-01 -3.690066e-16
   outer loop
     vertex  1.969187e+01  1.798413e+01  0.000000e+00
     vertex  1.977386e+01  1.799146e+01  0.000000e+00
     vertex  1.977386e+01  1.799146e+01  6.000000e+00
   endloop
 endfacet
 facet normal  8.905371e-02 -9.960268e-01  2.206536e-16
   outer loop
     vertex  1.969187e+01  1.798413e+01  0.000000e+00
     vertex  1.977386e+01  1.799146e+01  6.000000e+00
     vertex  1.969187e+01  1.798413e+01  6.000000e+00
   endloop
 endfacet
 facet normal  1.163452e-01 -9.932088e-01  1.058122e-16
   outer loop
     vertex  1.961012e+01  1.797456e+01  0.000000e+00
     vertex  1.969187e+01  1.798413e+01  0.000000e+00
     vertex  1.969187e+01  1.798413e+01  6.000000e+00
   endloop
 endfacet
 facet normal  1.435492e-01 -9.896432e-01  7.599730e-17
   outer loop
     vertex  1.961012e+01  1.797456e+01  0.000000e+00
     vertex  1.961012e+01  1.797456e+01  6.000000e+00
     vertex  1.952866e+01  1.796274e+01  6.000000e+00
   endloop
 endfacet
 facet normal  1.163452e-01 -9.932088e-01  1.747564e-16
   outer loop
     vertex  1.961012e+01  1.797456e+01  0.000000e+00
     vertex  1.969187e+01  1.798413e+01  6.000000e+00
     vertex  1.961012e+01  1.797456e+01  6.000000e+00
   endloop
 endfacet
 facet normal  1.435492e-01 -9.896432e-01 -9.000894e-18
   outer loop
     vertex  1.952866e+01  1.796274e+01  0.000000e+00
     vertex  1.961012e+01  1.797456e+01  0.000000e+00
     vertex  1.952866e+01  1.796274e+01  6.000000e+00
   endloop
 endfacet
 facet normal  1.706451e-01 -9.853326e-01 -1.236991e-16
   outer loop
     vertex  1.944756e+01  1.794870e+01  0.000000e+00
     vertex  1.952866e+01  1.796274e+01  0.000000e+00
     vertex  1.952866e+01  1.796274e+01  6.000000e+00
   endloop
 endfacet
 facet normal  1.706451e-01 -9.853326e-01 -2.281903e-17
   outer loop
     vertex  1.944756e+01  1.794870e+01  0.000000e+00
     vertex  1.952866e+01  1.796274e+01  6.000000e+00
     vertex  1.944756e+01  1.794870e+01  6.000000e+00
   endloop
 endfacet
 facet normal  1.976125e-01 -9.802802e-01 -1.215990e-16
   outer loop
     vertex  1.936687e+01  1.793243e+01  0.000000e+00
     vertex  1.944756e+01  1.794870e+01  0.000000e+00
     vertex  1.944756e+01  1.794870e+01  6.000000e+00
   endloop
 endfacet
 facet normal  2.244312e-01 -9.744899e-01 -2.203258e-16
   outer loop
     vertex  1.936687e+01  1.793243e+01  0.000000e+00
     vertex  1.936687e+01  1.793243e+01  6.000000e+00
     vertex  1.928666e+01  1.791396e+01  6.000000e+00
   endloop
 endfacet
 facet normal  1.976125e-01 -9.802802e-01 -1.216182e-16
   outer loop
     vertex  1.936687e+01  1.793243e+01  0.000000e+00
     vertex  1.944756e+01  1.794870e+01  6.000000e+00
     vertex  1.936687e+01  1.793243e+01  6.000000e+00
   endloop
 endfacet
 facet normal  2.244312e-01 -9.744899e-01 -2.203258e-16
   outer loop
     vertex  1.928666e+01  1.791396e+01  0.000000e+00
     vertex  1.936687e+01  1.793243e+01  0.000000e+00
     vertex  1.928666e+01  1.791396e+01  6.000000e+00
   endloop
 endfacet
 facet normal  2.510809e-01 -9.679661e-01 -3.187650e-16
   outer loop
     vertex  1.920699e+01  1.789329e+01  0.000000e+00
     vertex  1.928666e+01  1.791396e+01  0.000000e+00
     vertex  1.928666e+01  1.791396e+01  6.000000e+00
   endloop
 endfacet
 facet normal  2.775416e-01 -9.607136e-01 -4.171693e-16
   outer loop
     vertex  1.920699e+01  1.789329e+01  0.000000e+00
     vertex  1.920699e+01  1.789329e+01  6.000000e+00
     vertex  1.912792e+01  1.787045e+01  6.000000e+00
   endloop
 endfacet
 facet normal  2.510809e-01 -9.679661e-01 -3.188676e-16
   outer loop
     vertex  1.920699e+01  1.789329e+01  0.000000e+00
     vertex  1.928666e+01  1.791396e+01  6.000000e+00
     vertex  1.920699e+01  1.789329e+01  6.000000e+00
   endloop
 endfacet
 facet normal  2.775416e-01 -9.607136e-01  1.516875e-16
   outer loop
     vertex  1.912792e+01  1.787045e+01  0.000000e+00
     vertex  1.920699e+01  1.789329e+01  0.000000e+00
     vertex  1.912792e+01  1.787045e+01  6.000000e+00
   endloop
 endfacet
 facet normal  3.037934e-01 -9.527379e-01  4.897721e-17
   outer loop
     vertex  1.912792e+01  1.787045e+01  0.000000e+00
     vertex  1.912792e+01  1.787045e+01  6.000000e+00
     vertex  1.904950e+01  1.784544e+01  6.000000e+00
   endloop
 endfacet
 facet normal  3.037934e-01 -9.527379e-01  4.897721e-17
   outer loop
     vertex  1.904950e+01  1.784544e+01  0.000000e+00
     vertex  1.912792e+01  1.787045e+01  0.000000e+00
     vertex  1.904950e+01  1.784544e+01  6.000000e+00
   endloop
 endfacet
 facet normal  3.298166e-01 -9.440450e-01 -5.334065e-17
   outer loop
     vertex  1.897179e+01  1.781830e+01  0.000000e+00
     vertex  1.904950e+01  1.784544e+01  0.000000e+00
     vertex  1.904950e+01  1.784544e+01  6.000000e+00
   endloop
 endfacet
 facet normal  3.298166e-01 -9.440450e-01 -5.376990e-17
   outer loop
     vertex  1.897179e+01  1.781830e+01  0.000000e+00
     vertex  1.904950e+01  1.784544e+01  6.000000e+00
     vertex  1.897179e+01  1.781830e+01  6.000000e+00
   endloop
 endfacet
 facet normal  3.555914e-01 -9.346415e-01 -1.567860e-16
   outer loop
     vertex  1.889486e+01  1.778903e+01  0.000000e+00
     vertex  1.897179e+01  1.781830e+01  0.000000e+00
     vertex  1.897179e+01  1.781830e+01  6.000000e+00
   endloop
 endfacet
 facet normal  3.555914e-01 -9.346415e-01 -1.564765e-16
   outer loop
     vertex  1.889486e+01  1.778903e+01  0.000000e+00
     vertex  1.897179e+01  1.781830e+01  6.000000e+00
     vertex  1.889486e+01  1.778903e+01  6.000000e+00
   endloop
 endfacet
 facet normal  3.810986e-01 -9.245344e-01 -2.590952e-16
   outer loop
     vertex  1.881876e+01  1.775766e+01  0.000000e+00
     vertex  1.889486e+01  1.778903e+01  0.000000e+00
     vertex  1.889486e+01  1.778903e+01  6.000000e+00
   endloop
 endfacet
 facet normal  3.810986e-01 -9.245344e-01 -2.590654e-16
   outer loop
     vertex  1.881876e+01  1.775766e+01  0.000000e+00
     vertex  1.889486e+01  1.778903e+01  6.000000e+00
     vertex  1.881876e+01  1.775766e+01  6.000000e+00
   endloop
 endfacet
 facet normal  4.063188e-01 -9.137314e-01 -3.611860e-16
   outer loop
     vertex  1.874355e+01  1.772421e+01  0.000000e+00
     vertex  1.881876e+01  1.775766e+01  0.000000e+00
     vertex  1.881876e+01  1.775766e+01  6.000000e+00
   endloop
 endfacet
 facet normal  4.312333e-01 -9.022405e-01 -2.082396e-16
   outer loop
     vertex  1.874355e+01  1.772421e+01  0.000000e+00
     vertex  1.874355e+01  1.772421e+01  6.000000e+00
     vertex  1.866929e+01  1.768872e+01  6.000000e+00
   endloop
 endfacet
 facet normal  4.063188e-01 -9.137314e-01 -1.208701e-16
   outer loop
     vertex  1.874355e+01  1.772421e+01  0.000000e+00
     vertex  1.881876e+01  1.775766e+01  6.000000e+00
     vertex  1.874355e+01  1.772421e+01  6.000000e+00
   endloop
 endfacet
 facet normal  4.312333e-01 -9.022405e-01  3.259941e-16
   outer loop
     vertex  1.866929e+01  1.768872e+01  0.000000e+00
     vertex  1.874355e+01  1.772421e+01  0.000000e+00
     vertex  1.866929e+01  1.768872e+01  6.000000e+00
   endloop
 endfacet
 facet normal  4.558231e-01 -8.900704e-01  2.315753e-16
   outer loop
     vertex  1.866929e+01  1.768872e+01  0.000000e+00
     vertex  1.866929e+01  1.768872e+01  6.000000e+00
     vertex  1.859603e+01  1.765120e+01  6.000000e+00
   endloop
 endfacet
 facet normal  4.558231e-01 -8.900704e-01  2.315753e-16
   outer loop
     vertex  1.859603e+01  1.765120e+01  0.000000e+00
     vertex  1.866929e+01  1.768872e+01  0.000000e+00
     vertex  1.859603e+01  1.765120e+01  6.000000e+00
   endloop
 endfacet
 facet normal  4.800697e-01 -8.772303e-01  1.367680e-16
   outer loop
     vertex  1.852382e+01  1.761169e+01  0.000000e+00
     vertex  1.859603e+01  1.765120e+01  0.000000e+00
     vertex  1.859603e+01  1.765120e+01  6.000000e+00
   endloop
 endfacet
 facet normal  4.800697e-01 -8.772303e-01  1.369822e-16
   outer loop
     vertex  1.852382e+01  1.761169e+01  0.000000e+00
     vertex  1.859603e+01  1.765120e+01  6.000000e+00
     vertex  1.852382e+01  1.761169e+01  6.000000e+00
   endloop
 endfacet
 facet normal  5.039550e-01 -8.637299e-01  4.269751e-17
   outer loop
     vertex  1.845273e+01  1.757021e+01  0.000000e+00
     vertex  1.852382e+01  1.761169e+01  0.000000e+00
     vertex  1.852382e+01  1.761169e+01  6.000000e+00
   endloop
 endfacet
 facet normal  5.274609e-01 -8.495793e-01  1.382902e-16
   outer loop
     vertex  1.845273e+01  1.757021e+01  0.000000e+00
     vertex  1.845273e+01  1.757021e+01  6.000000e+00
     vertex  1.838280e+01  1.752679e+01  6.000000e+00
   endloop
 endfacet
 facet normal  5.039550e-01 -8.637299e-01  2.553155e-16
   outer loop
     vertex  1.845273e+01  1.757021e+01  0.000000e+00
     vertex  1.852382e+01  1.761169e+01  6.000000e+00
     vertex  1.845273e+01  1.757021e+01  6.000000e+00
   endloop
 endfacet
 facet normal  5.274609e-01 -8.495793e-01  4.506099e-16
   outer loop
     vertex  1.838280e+01  1.752679e+01  0.000000e+00
     vertex  1.845273e+01  1.757021e+01  0.000000e+00
     vertex  1.838280e+01  1.752679e+01  6.000000e+00
   endloop
 endfacet
 facet normal  5.505698e-01 -8.347891e-01  3.471637e-16
   outer loop
     vertex  1.838280e+01  1.752679e+01  0.000000e+00
     vertex  1.838280e+01  1.752679e+01  6.000000e+00
     vertex  1.831409e+01  1.748147e+01  6.000000e+00
   endloop
 endfacet
 facet normal  5.505698e-01 -8.347891e-01 -1.471307e-16
   outer loop
     vertex  1.831409e+01  1.748147e+01  0.000000e+00
     vertex  1.838280e+01  1.752679e+01  0.000000e+00
     vertex  1.831409e+01  1.748147e+01  6.000000e+00
   endloop
 endfacet
 facet normal  5.732642e-01 -8.193706e-01 -2.417086e-16
   outer loop
     vertex  1.824665e+01  1.743429e+01  0.000000e+00
     vertex  1.831409e+01  1.748147e+01  6.000000e+00
     vertex  1.824665e+01  1.743429e+01  6.000000e+00
   endloop
 endfacet
 facet normal  5.732642e-01 -8.193706e-01 -2.413165e-16
   outer loop
     vertex  1.824665e+01  1.743429e+01  0.000000e+00
     vertex  1.831409e+01  1.748147e+01  0.000000e+00
     vertex  1.831409e+01  1.748147e+01  6.000000e+00
   endloop
 endfacet
 facet normal  5.955271e-01 -8.033352e-01  4.921884e-16
   outer loop
     vertex  1.818053e+01  1.738527e+01  0.000000e+00
     vertex  1.824665e+01  1.743429e+01  6.000000e+00
     vertex  1.818053e+01  1.738527e+01  6.000000e+00
   endloop
 endfacet
 facet normal  5.955271e-01 -8.033352e-01 -3.365243e-16
   outer loop
     vertex  1.818053e+01  1.738527e+01  0.000000e+00
     vertex  1.824665e+01  1.743429e+01  0.000000e+00
     vertex  1.824665e+01  1.743429e+01  6.000000e+00
   endloop
 endfacet
 facet normal  6.386916e-01 -7.694628e-01 -5.240664e-16
   outer loop
     vertex  1.811577e+01  1.733446e+01  0.000000e+00
     vertex  1.811577e+01  1.733446e+01  6.000000e+00
     vertex  1.805244e+01  1.728189e+01  6.000000e+00
   endloop
 endfacet
 facet normal  6.173417e-01 -7.866951e-01 -4.302473e-16
   outer loop
     vertex  1.811577e+01  1.733446e+01  0.000000e+00
     vertex  1.818053e+01  1.738527e+01  6.000000e+00
     vertex  1.811577e+01  1.733446e+01  6.000000e+00
   endloop
 endfacet
 facet normal  6.173417e-01 -7.866951e-01  4.007487e-16
   outer loop
     vertex  1.811577e+01  1.733446e+01  0.000000e+00
     vertex  1.818053e+01  1.738527e+01  0.000000e+00
     vertex  1.818053e+01  1.738527e+01  6.000000e+00
   endloop
 endfacet
 facet normal  6.595607e-01 -7.516513e-01 -1.724239e-16
   outer loop
     vertex  1.805244e+01  1.728189e+01  0.000000e+00
     vertex  1.805244e+01  1.728189e+01  6.000000e+00
     vertex  1.799057e+01  1.722760e+01  6.000000e+00
   endloop
 endfacet
 facet normal  6.386916e-01 -7.694628e-01 -6.845283e-17
   outer loop
     vertex  1.805244e+01  1.728189e+01  0.000000e+00
     vertex  1.811577e+01  1.733446e+01  0.000000e+00
     vertex  1.805244e+01  1.728189e+01  6.000000e+00
   endloop
 endfacet
 facet normal  6.799333e-01 -7.332740e-01 -2.762651e-16
   outer loop
     vertex  1.799057e+01  1.722760e+01  0.000000e+00
     vertex  1.799057e+01  1.722760e+01  6.000000e+00
     vertex  1.793021e+01  1.717163e+01  6.000000e+00
   endloop
 endfacet
 facet normal  6.595607e-01 -7.516513e-01 -1.724239e-16
   outer loop
     vertex  1.799057e+01  1.722760e+01  0.000000e+00
     vertex  1.805244e+01  1.728189e+01  0.000000e+00
     vertex  1.799057e+01  1.722760e+01  6.000000e+00
   endloop
 endfacet
 facet normal  6.799333e-01 -7.332740e-01 -2.762651e-16
   outer loop
     vertex  1.793021e+01  1.717163e+01  0.000000e+00
     vertex  1.799057e+01  1.722760e+01  0.000000e+00
     vertex  1.793021e+01  1.717163e+01  6.000000e+00
   endloop
 endfacet
 facet normal  6.997940e-01 -7.143447e-01 -3.802938e-16
   outer loop
     vertex  1.787142e+01  1.711403e+01  0.000000e+00
     vertex  1.793021e+01  1.717163e+01  0.000000e+00
     vertex  1.793021e+01  1.717163e+01  6.000000e+00
   endloop
 endfacet
 facet normal  7.191280e-01 -6.948776e-01 -5.743638e-17
   outer loop
     vertex  1.787142e+01  1.711403e+01  0.000000e+00
     vertex  1.787142e+01  1.711403e+01  6.000000e+00
     vertex  1.781422e+01  1.705484e+01  6.000000e+00
   endloop
 endfacet
 facet normal  6.997940e-01 -7.143447e-01  3.446291e-17
   outer loop
     vertex  1.787142e+01  1.711403e+01  0.000000e+00
     vertex  1.793021e+01  1.717163e+01  6.000000e+00
     vertex  1.787142e+01  1.711403e+01  6.000000e+00
   endloop
 endfacet
 facet normal  7.191280e-01 -6.948776e-01  3.540138e-16
   outer loop
     vertex  1.781422e+01  1.705484e+01  0.000000e+00
     vertex  1.787142e+01  1.711403e+01  0.000000e+00
     vertex  1.781422e+01  1.705484e+01  6.000000e+00
   endloop
 endfacet
 facet normal  7.379206e-01 -6.748875e-01  2.502681e-16
   outer loop
     vertex  1.775867e+01  1.699410e+01  0.000000e+00
     vertex  1.781422e+01  1.705484e+01  0.000000e+00
     vertex  1.781422e+01  1.705484e+01  6.000000e+00
   endloop
 endfacet
 facet normal  7.561578e-01 -6.543893e-01 -3.012951e-16
   outer loop
     vertex  1.775867e+01  1.699410e+01  0.000000e+00
     vertex  1.775867e+01  1.699410e+01  6.000000e+00
     vertex  1.770481e+01  1.693186e+01  6.000000e+00
   endloop
 endfacet
 facet normal  7.379206e-01 -6.748875e-01 -1.866155e-16
   outer loop
     vertex  1.775867e+01  1.699410e+01  0.000000e+00
     vertex  1.781422e+01  1.705484e+01  6.000000e+00
     vertex  1.775867e+01  1.699410e+01  6.000000e+00
   endloop
 endfacet
 facet normal  7.561578e-01 -6.543893e-01  5.339165e-16
   outer loop
     vertex  1.770481e+01  1.693186e+01  0.000000e+00
     vertex  1.775867e+01  1.699410e+01  0.000000e+00
     vertex  1.770481e+01  1.693186e+01  6.000000e+00
   endloop
 endfacet
 facet normal  7.738257e-01 -6.333986e-01  4.174963e-16
   outer loop
     vertex  1.770481e+01  1.693186e+01  0.000000e+00
     vertex  1.770481e+01  1.693186e+01  6.000000e+00
     vertex  1.765267e+01  1.686817e+01  6.000000e+00
   endloop
 endfacet
 facet normal  7.738257e-01 -6.333986e-01  4.244896e-17
   outer loop
     vertex  1.765267e+01  1.686817e+01  0.000000e+00
     vertex  1.770481e+01  1.693186e+01  0.000000e+00
     vertex  1.765267e+01  1.686817e+01  6.000000e+00
   endloop
 endfacet
 facet normal  7.909112e-01 -6.119310e-01 -6.183095e-17
   outer loop
     vertex  1.760231e+01  1.680307e+01  0.000000e+00
     vertex  1.765267e+01  1.686817e+01  0.000000e+00
     vertex  1.765267e+01  1.686817e+01  6.000000e+00
   endloop
 endfacet
 facet normal  7.909112e-01 -6.119310e-01 -6.157425e-17
   outer loop
     vertex  1.760231e+01  1.680307e+01  0.000000e+00
     vertex  1.765267e+01  1.686817e+01  6.000000e+00
     vertex  1.760231e+01  1.680307e+01  6.000000e+00
   endloop
 endfacet
 facet normal  8.074012e-01 -5.900028e-01 -1.657778e-16
   outer loop
     vertex  1.755374e+01  1.673661e+01  0.000000e+00
     vertex  1.760231e+01  1.680307e+01  0.000000e+00
     vertex  1.760231e+01  1.680307e+01  6.000000e+00
   endloop
 endfacet
 facet normal  8.232835e-01 -5.676304e-01  6.670137e-17
   outer loop
     vertex  1.755374e+01  1.673661e+01  0.000000e+00
     vertex  1.755374e+01  1.673661e+01  6.000000e+00
     vertex  1.750702e+01  1.666885e+01  6.000000e+00
   endloop
 endfacet
 facet normal  8.074012e-01 -5.900028e-01  1.838007e-16
   outer loop
     vertex  1.755374e+01  1.673661e+01  0.000000e+00
     vertex  1.760231e+01  1.680307e+01  6.000000e+00
     vertex  1.755374e+01  1.673661e+01  6.000000e+00
   endloop
 endfacet
 facet normal  8.232835e-01 -5.676304e-01 -2.694034e-16
   outer loop
     vertex  1.750702e+01  1.666885e+01  0.000000e+00
     vertex  1.755374e+01  1.673661e+01  0.000000e+00
     vertex  1.750702e+01  1.666885e+01  6.000000e+00
   endloop
 endfacet
 facet normal  8.385460e-01 -5.448308e-01 -3.731501e-16
   outer loop
     vertex  1.746218e+01  1.659983e+01  0.000000e+00
     vertex  1.750702e+01  1.666885e+01  0.000000e+00
     vertex  1.750702e+01  1.666885e+01  6.000000e+00
   endloop
 endfacet
 facet normal  8.385460e-01 -5.448308e-01 -3.730528e-16
   outer loop
     vertex  1.746218e+01  1.659983e+01  0.000000e+00
     vertex  1.750702e+01  1.666885e+01  6.000000e+00
     vertex  1.746218e+01  1.659983e+01  6.000000e+00
   endloop
 endfacet
 facet normal  8.531773e-01 -5.216210e-01 -4.762078e-16
   outer loop
     vertex  1.741924e+01  1.652960e+01  0.000000e+00
     vertex  1.746218e+01  1.659983e+01  0.000000e+00
     vertex  1.746218e+01  1.659983e+01  6.000000e+00
   endloop
 endfacet
 facet normal  8.531773e-01 -5.216210e-01  3.376227e-16
   outer loop
     vertex  1.741924e+01  1.652960e+01  0.000000e+00
     vertex  1.746218e+01  1.659983e+01  6.000000e+00
     vertex  1.741924e+01  1.652960e+01  6.000000e+00
   endloop
 endfacet
 facet normal  8.671664e-01 -4.980186e-01  2.287536e-16
   outer loop
     vertex  1.737825e+01  1.645823e+01  0.000000e+00
     vertex  1.741924e+01  1.652960e+01  0.000000e+00
     vertex  1.741924e+01  1.652960e+01  6.000000e+00
   endloop
 endfacet
 facet normal  8.805026e-01 -4.740412e-01 -6.820052e-16
   outer loop
     vertex  1.737825e+01  1.645823e+01  0.000000e+00
     vertex  1.737825e+01  1.645823e+01  6.000000e+00
     vertex  1.733923e+01  1.638575e+01  6.000000e+00
   endloop
 endfacet
 facet normal  8.671664e-01 -4.980186e-01 -5.794314e-16
   outer loop
     vertex  1.737825e+01  1.645823e+01  0.000000e+00
     vertex  1.741924e+01  1.652960e+01  6.000000e+00
     vertex  1.737825e+01  1.645823e+01  6.000000e+00
   endloop
 endfacet
 facet normal  8.805026e-01 -4.740412e-01  1.200459e-16
   outer loop
     vertex  1.733923e+01  1.638575e+01  0.000000e+00
     vertex  1.737825e+01  1.645823e+01  0.000000e+00
     vertex  1.733923e+01  1.638575e+01  6.000000e+00
   endloop
 endfacet
 facet normal  8.931761e-01 -4.497071e-01  1.108094e-17
   outer loop
     vertex  1.733923e+01  1.638575e+01  0.000000e+00
     vertex  1.733923e+01  1.638575e+01  6.000000e+00
     vertex  1.730222e+01  1.631224e+01  6.000000e+00
   endloop
 endfacet
 facet normal  8.931761e-01 -4.497071e-01  1.108094e-17
   outer loop
     vertex  1.730222e+01  1.631224e+01  0.000000e+00
     vertex  1.733923e+01  1.638575e+01  0.000000e+00
     vertex  1.730222e+01  1.631224e+01  6.000000e+00
   endloop
 endfacet
 facet normal  9.051772e-01 -4.250344e-01 -9.789235e-17
   outer loop
     vertex  1.730222e+01  1.631224e+01  0.000000e+00
     vertex  1.730222e+01  1.631224e+01  6.000000e+00
     vertex  1.726723e+01  1.623773e+01  6.000000e+00
   endloop
 endfacet
 facet normal  9.051772e-01 -4.250344e-01 -9.789235e-17
   outer loop
     vertex  1.726723e+01  1.623773e+01  0.000000e+00
     vertex  1.730222e+01  1.631224e+01  0.000000e+00
     vertex  1.726723e+01  1.623773e+01  6.000000e+00
   endloop
 endfacet
 facet normal  9.164969e-01 -4.000417e-01  3.358833e-16
   outer loop
     vertex  1.723430e+01  1.616229e+01  0.000000e+00
     vertex  1.726723e+01  1.623773e+01  6.000000e+00
     vertex  1.723430e+01  1.616229e+01  6.000000e+00
   endloop
 endfacet
 facet normal  9.164969e-01 -4.000417e-01 -2.072230e-16
   outer loop
     vertex  1.723430e+01  1.616229e+01  0.000000e+00
     vertex  1.726723e+01  1.623773e+01  0.000000e+00
     vertex  1.726723e+01  1.623773e+01  6.000000e+00
   endloop
 endfacet
 facet normal  9.271267e-01 -3.747479e-01 -3.155359e-16
   outer loop
     vertex  1.720346e+01  1.608598e+01  0.000000e+00
     vertex  1.723430e+01  1.616229e+01  6.000000e+00
     vertex  1.720346e+01  1.608598e+01  6.000000e+00
   endloop
 endfacet
 facet normal  9.271267e-01 -3.747479e-01  2.334087e-16
   outer loop
     vertex  1.720346e+01  1.608598e+01  0.000000e+00
     vertex  1.723430e+01  1.616229e+01  0.000000e+00
     vertex  1.723430e+01  1.616229e+01  6.000000e+00
   endloop
 endfacet
 facet normal  9.462851e-01 -3.233333e-01  2.808390e-17
   outer loop
     vertex  1.717472e+01  1.600885e+01  0.000000e+00
     vertex  1.717472e+01  1.600885e+01  6.000000e+00
     vertex  1.714810e+01  1.593096e+01  6.000000e+00
   endloop
 endfacet
 facet normal  9.370586e-01 -3.491720e-01  1.308079e-16
   outer loop
     vertex  1.717472e+01  1.600885e+01  0.000000e+00
     vertex  1.720346e+01  1.608598e+01  6.000000e+00
     vertex  1.717472e+01  1.600885e+01  6.000000e+00
   endloop
 endfacet
 facet normal  9.370586e-01 -3.491720e-01 -4.241025e-16
   outer loop
     vertex  1.717472e+01  1.600885e+01  0.000000e+00
     vertex  1.720346e+01  1.608598e+01  0.000000e+00
     vertex  1.720346e+01  1.608598e+01  6.000000e+00
   endloop
 endfacet
 facet normal  9.462851e-01 -3.233333e-01  2.808390e-17
   outer loop
     vertex  1.714810e+01  1.593096e+01  0.000000e+00
     vertex  1.717472e+01  1.600885e+01  0.000000e+00
     vertex  1.714810e+01  1.593096e+01  6.000000e+00
   endloop
 endfacet
 facet normal  9.625948e-01 -2.709453e-01 -9.713428e-17
   outer loop
     vertex  1.712364e+01  1.585237e+01  0.000000e+00
     vertex  1.712364e+01  1.585237e+01  6.000000e+00
     vertex  1.710134e+01  1.577314e+01  6.000000e+00
   endloop
 endfacet
 facet normal  9.547993e-01 -2.972512e-01  1.334278e-17
   outer loop
     vertex  1.712364e+01  1.585237e+01  0.000000e+00
     vertex  1.714810e+01  1.593096e+01  6.000000e+00
     vertex  1.712364e+01  1.585237e+01  6.000000e+00
   endloop
 endfacet
 facet normal  9.547993e-01 -2.972512e-01 -7.450215e-17
   outer loop
     vertex  1.712364e+01  1.585237e+01  0.000000e+00
     vertex  1.714810e+01  1.593096e+01  0.000000e+00
     vertex  1.714810e+01  1.593096e+01  6.000000e+00
   endloop
 endfacet
 facet normal  9.625948e-01 -2.709453e-01 -1.773502e-16
   outer loop
     vertex  1.710134e+01  1.577314e+01  0.000000e+00
     vertex  1.712364e+01  1.585237e+01  0.000000e+00
     vertex  1.710134e+01  1.577314e+01  6.000000e+00
   endloop
 endfacet
 facet normal  9.760065e-01 -2.177416e-01  2.601260e-16
   outer loop
     vertex  1.708122e+01  1.569333e+01  0.000000e+00
     vertex  1.708122e+01  1.569333e+01  6.000000e+00
     vertex  1.706330e+01  1.561300e+01  6.000000e+00
   endloop
 endfacet
 facet normal  9.696656e-01 -2.444354e-01  3.666191e-16
   outer loop
     vertex  1.708122e+01  1.569333e+01  0.000000e+00
     vertex  1.710134e+01  1.577314e+01  6.000000e+00
     vertex  1.708122e+01  1.569333e+01  6.000000e+00
   endloop
 endfacet
 facet normal  9.696656e-01 -2.444354e-01 -2.798586e-16
   outer loop
     vertex  1.708122e+01  1.569333e+01  0.000000e+00
     vertex  1.710134e+01  1.577314e+01  0.000000e+00
     vertex  1.710134e+01  1.577314e+01  6.000000e+00
   endloop
 endfacet
 facet normal  9.816126e-01 -1.908838e-01  1.534370e-16
   outer loop
     vertex  1.706330e+01  1.561300e+01  0.000000e+00
     vertex  1.706330e+01  1.561300e+01  6.000000e+00
     vertex  1.704758e+01  1.553220e+01  6.000000e+00
   endloop
 endfacet
 facet normal  9.760065e-01 -2.177416e-01  2.601260e-16
   outer loop
     vertex  1.706330e+01  1.561300e+01  0.000000e+00
     vertex  1.708122e+01  1.569333e+01  0.000000e+00
     vertex  1.706330e+01  1.561300e+01  6.000000e+00
   endloop
 endfacet
 facet normal  9.816126e-01 -1.908838e-01  1.534370e-16
   outer loop
     vertex  1.704758e+01  1.553220e+01  0.000000e+00
     vertex  1.706330e+01  1.561300e+01  0.000000e+00
     vertex  1.704758e+01  1.553220e+01  6.000000e+00
   endloop
 endfacet
 facet normal  9.906046e-01 -1.367575e-01 -6.020699e-17
   outer loop
     vertex  1.703409e+01  1.545100e+01  0.000000e+00
     vertex  1.703409e+01  1.545100e+01  6.000000e+00
     vertex  1.702284e+01  1.536947e+01  6.000000e+00
   endloop
 endfacet
 facet normal  9.864799e-01 -1.638824e-01  4.663258e-17
   outer loop
     vertex  1.703409e+01  1.545100e+01  0.000000e+00
     vertex  1.704758e+01  1.553220e+01  6.000000e+00
     vertex  1.703409e+01  1.545100e+01  6.000000e+00
   endloop
 endfacet
 facet normal  9.864799e-01 -1.638824e-01  4.670788e-17
   outer loop
     vertex  1.703409e+01  1.545100e+01  0.000000e+00
     vertex  1.704758e+01  1.553220e+01  0.000000e+00
     vertex  1.704758e+01  1.553220e+01  6.000000e+00
   endloop
 endfacet
 facet normal  9.939835e-01 -1.095298e-01  4.215552e-16
   outer loop
     vertex  1.702284e+01  1.536947e+01  0.000000e+00
     vertex  1.702284e+01  1.536947e+01  6.000000e+00
     vertex  1.701382e+01  1.528765e+01  6.000000e+00
   endloop
 endfacet
 facet normal  9.906046e-01 -1.367575e-01  5.263487e-16
   outer loop
     vertex  1.702284e+01  1.536947e+01  0.000000e+00
     vertex  1.703409e+01  1.545100e+01  0.000000e+00
     vertex  1.702284e+01  1.536947e+01  6.000000e+00
   endloop
 endfacet
 facet normal  9.939835e-01 -1.095298e-01 -1.670012e-16
   outer loop
     vertex  1.701382e+01  1.528765e+01  0.000000e+00
     vertex  1.702284e+01  1.536947e+01  0.000000e+00
     vertex  1.701382e+01  1.528765e+01  6.000000e+00
   endloop
 endfacet
 facet normal  9.966142e-01 -8.221955e-02 -2.736396e-16
   outer loop
     vertex  1.700705e+01  1.520562e+01  0.000000e+00
     vertex  1.701382e+01  1.528765e+01  0.000000e+00
     vertex  1.701382e+01  1.528765e+01  6.000000e+00
   endloop
 endfacet
 facet normal  9.984947e-01 -5.484744e-02 -3.801323e-16
   outer loop
     vertex  1.700705e+01  1.520562e+01  0.000000e+00
     vertex  1.700705e+01  1.520562e+01  6.000000e+00
     vertex  1.700254e+01  1.512343e+01  6.000000e+00
   endloop
 endfacet
 facet normal  9.966142e-01 -8.221955e-02 -2.736698e-16
   outer loop
     vertex  1.700705e+01  1.520562e+01  0.000000e+00
     vertex  1.701382e+01  1.528765e+01  6.000000e+00
     vertex  1.700705e+01  1.520562e+01  6.000000e+00
   endloop
 endfacet
 facet normal  9.984947e-01 -5.484744e-02  2.273335e-16
   outer loop
     vertex  1.700254e+01  1.512343e+01  0.000000e+00
     vertex  1.700705e+01  1.520562e+01  0.000000e+00
     vertex  1.700254e+01  1.512343e+01  6.000000e+00
   endloop
 endfacet
 facet normal  9.996236e-01 -2.743405e-02  1.137095e-16
   outer loop
     vertex  1.700254e+01  1.512343e+01  0.000000e+00
     vertex  1.700254e+01  1.512343e+01  6.000000e+00
     vertex  1.700028e+01  1.504115e+01  6.000000e+00
   endloop
 endfacet
 facet normal  9.996236e-01 -2.743405e-02  1.055874e-16
   outer loop
     vertex  1.700028e+01  1.504115e+01  0.000000e+00
     vertex  1.700254e+01  1.512343e+01  0.000000e+00
     vertex  1.700028e+01  1.504115e+01  6.000000e+00
   endloop
 endfacet
 facet normal  1.000000e+00  0.000000e+00 -0.000000e+00
   outer loop
     vertex  1.700028e+01  1.504115e+01  0.000000e+00
     vertex  1.700028e+01  1.504115e+01  6.000000e+00
     vertex  1.700028e+01  1.495885e+01  6.000000e+00
   endloop
 endfacet
 facet normal  1.000000e+00  0.000000e+00  0.000000e+00
   outer loop
     vertex  1.700028e+01  1.495885e+01  0.000000e+00
     vertex  1.700028e+01  1.504115e+01  0.000000e+00
     vertex  1.700028e+01  1.495885e+01  6.000000e+00
   endloop
 endfacet
 facet normal  9.996236e-01  2.743405e-02 -1.055743e-16
   outer loop
     vertex  1.700254e+01  1.487657e+01  0.000000e+00
     vertex  1.700028e+01  1.495885e+01  0.000000e+00
     vertex  1.700028e+01  1.495885e+01  6.000000e+00
   endloop
 endfacet
 facet normal  9.984947e-01  5.484744e-02 -2.273335e-16
   outer loop
     vertex  1.700254e+01  1.487657e+01  0.000000e+00
     vertex  1.700254e+01  1.487657e+01  6.000000e+00
     vertex  1.700705e+01  1.479438e+01  6.000000e+00
   endloop
 endfacet
 facet normal  9.996236e-01  2.743405e-02 -1.137095e-16
   outer loop
     vertex  1.700254e+01  1.487657e+01  0.000000e+00
     vertex  1.700028e+01  1.495885e+01  6.000000e+00
     vertex  1.700254e+01  1.487657e+01  6.000000e+00
   endloop
 endfacet
 facet normal  9.984947e-01  5.484744e-02  3.801323e-16
   outer loop
     vertex  1.700705e+01  1.479438e+01  0.000000e+00
     vertex  1.700254e+01  1.487657e+01  0.000000e+00
     vertex  1.700705e+01  1.479438e+01  6.000000e+00
   endloop
 endfacet
 facet normal  9.966142e-01  8.221955e-02  2.736698e-16
   outer loop
     vertex  1.700705e+01  1.479438e+01  0.000000e+00
     vertex  1.700705e+01  1.479438e+01  6.000000e+00
     vertex  1.701382e+01  1.471235e+01  6.000000e+00
   endloop
 endfacet
 facet normal  9.966142e-01  8.221955e-02  2.736698e-16
   outer loop
     vertex  1.701382e+01  1.471235e+01  0.000000e+00
     vertex  1.700705e+01  1.479438e+01  0.000000e+00
     vertex  1.701382e+01  1.471235e+01  6.000000e+00
   endloop
 endfacet
 facet normal  9.939835e-01  1.095298e-01  1.669999e-16
   outer loop
     vertex  1.702284e+01  1.463053e+01  0.000000e+00
     vertex  1.701382e+01  1.471235e+01  0.000000e+00
     vertex  1.701382e+01  1.471235e+01  6.000000e+00
   endloop
 endfacet
 facet normal  9.906046e-01  1.367575e-01 -5.263487e-16
   outer loop
     vertex  1.702284e+01  1.463053e+01  0.000000e+00
     vertex  1.702284e+01  1.463053e+01  6.000000e+00
     vertex  1.703409e+01  1.454900e+01  6.000000e+00
   endloop
 endfacet
 facet normal  9.939835e-01  1.095298e-01 -4.215552e-16
   outer loop
     vertex  1.702284e+01  1.463053e+01  0.000000e+00
     vertex  1.701382e+01  1.471235e+01  6.000000e+00
     vertex  1.702284e+01  1.463053e+01  6.000000e+00
   endloop
 endfacet
 facet normal  9.906046e-01  1.367575e-01  6.020699e-17
   outer loop
     vertex  1.703409e+01  1.454900e+01  0.000000e+00
     vertex  1.702284e+01  1.463053e+01  0.000000e+00
     vertex  1.703409e+01  1.454900e+01  6.000000e+00
   endloop
 endfacet
 facet normal  9.864799e-01  1.638824e-01 -4.663258e-17
   outer loop
     vertex  1.704758e+01  1.446780e+01  0.000000e+00
     vertex  1.703409e+01  1.454900e+01  6.000000e+00
     vertex  1.704758e+01  1.446780e+01  6.000000e+00
   endloop
 endfacet
 facet normal  9.864799e-01  1.638824e-01 -4.670788e-17
   outer loop
     vertex  1.704758e+01  1.446780e+01  0.000000e+00
     vertex  1.703409e+01  1.454900e+01  0.000000e+00
     vertex  1.703409e+01  1.454900e+01  6.000000e+00
   endloop
 endfacet
 facet normal  9.816126e-01  1.908838e-01 -1.534370e-16
   outer loop
     vertex  1.706330e+01  1.438700e+01  0.000000e+00
     vertex  1.704758e+01  1.446780e+01  6.000000e+00
     vertex  1.706330e+01  1.438700e+01  6.000000e+00
   endloop
 endfacet
 facet normal  9.816126e-01  1.908838e-01 -1.536208e-16
   outer loop
     vertex  1.706330e+01  1.438700e+01  0.000000e+00
     vertex  1.704758e+01  1.446780e+01  0.000000e+00
     vertex  1.704758e+01  1.446780e+01  6.000000e+00
   endloop
 endfacet
 facet normal  9.760065e-01  2.177416e-01 -2.601260e-16
   outer loop
     vertex  1.708122e+01  1.430667e+01  0.000000e+00
     vertex  1.706330e+01  1.438700e+01  6.000000e+00
     vertex  1.708122e+01  1.430667e+01  6.000000e+00
   endloop
 endfacet
 facet normal  9.760065e-01  2.177416e-01 -2.601067e-16
   outer loop
     vertex  1.708122e+01  1.430667e+01  0.000000e+00
     vertex  1.706330e+01  1.438700e+01  0.000000e+00
     vertex  1.706330e+01  1.438700e+01  6.000000e+00
   endloop
 endfacet
 facet normal  9.625948e-01  2.709453e-01  1.773502e-16
   outer loop
     vertex  1.710134e+01  1.422686e+01  0.000000e+00
     vertex  1.710134e+01  1.422686e+01  6.000000e+00
     vertex  1.712364e+01  1.414763e+01  6.000000e+00
   endloop
 endfacet
 facet normal  9.696656e-01  2.444354e-01  2.799056e-16
   outer loop
     vertex  1.710134e+01  1.422686e+01  0.000000e+00
     vertex  1.708122e+01  1.430667e+01  6.000000e+00
     vertex  1.710134e+01  1.422686e+01  6.000000e+00
   endloop
 endfacet
 facet normal  9.696656e-01  2.444354e-01 -3.667458e-16
   outer loop
     vertex  1.710134e+01  1.422686e+01  0.000000e+00
     vertex  1.708122e+01  1.430667e+01  0.000000e+00
     vertex  1.708122e+01  1.430667e+01  6.000000e+00
   endloop
 endfacet
 facet normal  9.625948e-01  2.709453e-01  9.713428e-17
   outer loop
     vertex  1.712364e+01  1.414763e+01  0.000000e+00
     vertex  1.710134e+01  1.422686e+01  0.000000e+00
     vertex  1.712364e+01  1.414763e+01  6.000000e+00
   endloop
 endfacet
 facet normal  9.547993e-01  2.972512e-01  7.466125e-17
   outer loop
     vertex  1.714810e+01  1.406904e+01  0.000000e+00
     vertex  1.712364e+01  1.414763e+01  6.000000e+00
     vertex  1.714810e+01  1.406904e+01  6.000000e+00
   endloop
 endfacet
 facet normal  9.547993e-01  2.972512e-01 -1.331251e-17
   outer loop
     vertex  1.714810e+01  1.406904e+01  0.000000e+00
     vertex  1.712364e+01  1.414763e+01  0.000000e+00
     vertex  1.712364e+01  1.414763e+01  6.000000e+00
   endloop
 endfacet
 facet normal  9.370586e-01  3.491720e-01 -1.308079e-16
   outer loop
     vertex  1.717472e+01  1.399115e+01  0.000000e+00
     vertex  1.717472e+01  1.399115e+01  6.000000e+00
     vertex  1.720346e+01  1.391402e+01  6.000000e+00
   endloop
 endfacet
 facet normal  9.462851e-01  3.233333e-01 -2.808390e-17
   outer loop
     vertex  1.717472e+01  1.399115e+01  0.000000e+00
     vertex  1.714810e+01  1.406904e+01  6.000000e+00
     vertex  1.717472e+01  1.399115e+01  6.000000e+00
   endloop
 endfacet
 facet normal  9.462851e-01  3.233333e-01 -2.836587e-17
   outer loop
     vertex  1.717472e+01  1.399115e+01  0.000000e+00
     vertex  1.714810e+01  1.406904e+01  0.000000e+00
     vertex  1.714810e+01  1.406904e+01  6.000000e+00
   endloop
 endfacet
 facet normal  9.370586e-01  3.491720e-01  4.240423e-16
   outer loop
     vertex  1.720346e+01  1.391402e+01  0.000000e+00
     vertex  1.717472e+01  1.399115e+01  0.000000e+00
     vertex  1.720346e+01  1.391402e+01  6.000000e+00
   endloop
 endfacet
 facet normal  9.164969e-01  4.000417e-01 -3.358833e-16
   outer loop
     vertex  1.723430e+01  1.383771e+01  0.000000e+00
     vertex  1.723430e+01  1.383771e+01  6.000000e+00
     vertex  1.726723e+01  1.376227e+01  6.000000e+00
   endloop
 endfacet
 facet normal  9.271267e-01  3.747479e-01 -2.334334e-16
   outer loop
     vertex  1.723430e+01  1.383771e+01  0.000000e+00
     vertex  1.720346e+01  1.391402e+01  6.000000e+00
     vertex  1.723430e+01  1.383771e+01  6.000000e+00
   endloop
 endfacet
 facet normal  9.271267e-01  3.747479e-01  3.152594e-16
   outer loop
     vertex  1.723430e+01  1.383771e+01  0.000000e+00
     vertex  1.720346e+01  1.391402e+01  0.000000e+00
     vertex  1.720346e+01  1.391402e+01  6.000000e+00
   endloop
 endfacet
 facet normal  9.051772e-01  4.250344e-01  9.789235e-17
   outer loop
     vertex  1.726723e+01  1.376227e+01  0.000000e+00
     vertex  1.726723e+01  1.376227e+01  6.000000e+00
     vertex  1.730222e+01  1.368776e+01  6.000000e+00
   endloop
 endfacet
 facet normal  9.164969e-01  4.000417e-01  2.067919e-16
   outer loop
     vertex  1.726723e+01  1.376227e+01  0.000000e+00
     vertex  1.723430e+01  1.383771e+01  0.000000e+00
     vertex  1.726723e+01  1.376227e+01  6.000000e+00
   endloop
 endfacet
 facet normal  8.931761e-01  4.497071e-01  1.220591e-16
   outer loop
     vertex  1.730222e+01  1.368776e+01  0.000000e+00
     vertex  1.730222e+01  1.368776e+01  6.000000e+00
     vertex  1.733923e+01  1.361425e+01  6.000000e+00
   endloop
 endfacet
 facet normal  9.051772e-01  4.250344e-01  2.237278e-16
   outer loop
     vertex  1.730222e+01  1.368776e+01  0.000000e+00
     vertex  1.726723e+01  1.376227e+01  0.000000e+00
     vertex  1.730222e+01  1.368776e+01  6.000000e+00
   endloop
 endfacet
 facet normal  8.931761e-01  4.497071e-01  1.220591e-16
   outer loop
     vertex  1.733923e+01  1.361425e+01  0.000000e+00
     vertex  1.730222e+01  1.368776e+01  0.000000e+00
     vertex  1.733923e+01  1.361425e+01  6.000000e+00
   endloop
 endfacet
 facet normal  8.671664e-01  4.980186e-01  4.319883e-16
   outer loop
     vertex  1.737825e+01  1.354177e+01  0.000000e+00
     vertex  1.737825e+01  1.354177e+01  6.000000e+00
     vertex  1.741924e+01  1.347040e+01  6.000000e+00
   endloop
 endfacet
 facet normal  8.805026e-01  4.740412e-01  5.416608e-16
   outer loop
     vertex  1.737825e+01  1.354177e+01  0.000000e+00
     vertex  1.733923e+01  1.361425e+01  6.000000e+00
     vertex  1.737825e+01  1.354177e+01  6.000000e+00
   endloop
 endfacet
 facet normal  8.805026e-01  4.740412e-01  1.993269e-17
   outer loop
     vertex  1.737825e+01  1.354177e+01  0.000000e+00
     vertex  1.733923e+01  1.361425e+01  0.000000e+00
     vertex  1.733923e+01  1.361425e+01  6.000000e+00
   endloop
 endfacet
 facet normal  8.671664e-01  4.980186e-01 -2.289205e-16
   outer loop
     vertex  1.741924e+01  1.347040e+01  0.000000e+00
     vertex  1.737825e+01  1.354177e+01  0.000000e+00
     vertex  1.741924e+01  1.347040e+01  6.000000e+00
   endloop
 endfacet
 facet normal  8.385460e-01  5.448308e-01  2.117505e-16
   outer loop
     vertex  1.746218e+01  1.340017e+01  0.000000e+00
     vertex  1.746218e+01  1.340017e+01  6.000000e+00
     vertex  1.750702e+01  1.333115e+01  6.000000e+00
   endloop
 endfacet
 facet normal  8.531773e-01  5.216210e-01  3.219906e-16
   outer loop
     vertex  1.746218e+01  1.340017e+01  0.000000e+00
     vertex  1.741924e+01  1.347040e+01  6.000000e+00
     vertex  1.746218e+01  1.340017e+01  6.000000e+00
   endloop
 endfacet
 facet normal  8.531773e-01  5.216210e-01 -3.372041e-16
   outer loop
     vertex  1.746218e+01  1.340017e+01  0.000000e+00
     vertex  1.741924e+01  1.347040e+01  0.000000e+00
     vertex  1.741924e+01  1.347040e+01  6.000000e+00
   endloop
 endfacet
 facet normal  8.385460e-01  5.448308e-01  3.730528e-16
   outer loop
     vertex  1.750702e+01  1.333115e+01  0.000000e+00
     vertex  1.746218e+01  1.340017e+01  0.000000e+00
     vertex  1.750702e+01  1.333115e+01  6.000000e+00
   endloop
 endfacet
 facet normal  8.232835e-01  5.676304e-01  2.690904e-16
   outer loop
     vertex  1.755374e+01  1.326339e+01  0.000000e+00
     vertex  1.750702e+01  1.333115e+01  0.000000e+00
     vertex  1.750702e+01  1.333115e+01  6.000000e+00
   endloop
 endfacet
 facet normal  8.232835e-01  5.676304e-01  1.013510e-16
   outer loop
     vertex  1.755374e+01  1.326339e+01  0.000000e+00
     vertex  1.750702e+01  1.333115e+01  6.000000e+00
     vertex  1.755374e+01  1.326339e+01  6.000000e+00
   endloop
 endfacet
 facet normal  8.074012e-01  5.900028e-01 -8.973368e-18
   outer loop
     vertex  1.760231e+01  1.319693e+01  0.000000e+00
     vertex  1.755374e+01  1.326339e+01  0.000000e+00
     vertex  1.755374e+01  1.326339e+01  6.000000e+00
   endloop
 endfacet
 facet normal  8.074012e-01  5.900028e-01  1.655511e-16
   outer loop
     vertex  1.760231e+01  1.319693e+01  0.000000e+00
     vertex  1.755374e+01  1.326339e+01  6.000000e+00
     vertex  1.760231e+01  1.319693e+01  6.000000e+00
   endloop
 endfacet
 facet normal  7.909112e-01  6.119310e-01  6.156117e-17
   outer loop
     vertex  1.765267e+01  1.313183e+01  0.000000e+00
     vertex  1.760231e+01  1.319693e+01  0.000000e+00
     vertex  1.760231e+01  1.319693e+01  6.000000e+00
   endloop
 endfacet
 facet normal  7.909112e-01  6.119310e-01 -1.195937e-16
   outer loop
     vertex  1.765267e+01  1.313183e+01  0.000000e+00
     vertex  1.760231e+01  1.319693e+01  6.000000e+00
     vertex  1.765267e+01  1.313183e+01  6.000000e+00
   endloop
 endfacet
 facet normal  7.561578e-01  6.543893e-01 -1.464402e-16
   outer loop
     vertex  1.770481e+01  1.306814e+01  0.000000e+00
     vertex  1.770481e+01  1.306814e+01  6.000000e+00
     vertex  1.775867e+01  1.300590e+01  6.000000e+00
   endloop
 endfacet
 facet normal  7.738257e-01  6.333986e-01 -4.244896e-17
   outer loop
     vertex  1.770481e+01  1.306814e+01  0.000000e+00
     vertex  1.765267e+01  1.313183e+01  6.000000e+00
     vertex  1.770481e+01  1.306814e+01  6.000000e+00
   endloop
 endfacet
 facet normal  7.738257e-01  6.333986e-01 -2.296375e-16
   outer loop
     vertex  1.770481e+01  1.306814e+01  0.000000e+00
     vertex  1.765267e+01  1.313183e+01  0.000000e+00
     vertex  1.765267e+01  1.313183e+01  6.000000e+00
   endloop
 endfacet
 facet normal  7.561578e-01  6.543893e-01  3.012951e-16
   outer loop
     vertex  1.775867e+01  1.300590e+01  0.000000e+00
     vertex  1.770481e+01  1.306814e+01  0.000000e+00
     vertex  1.775867e+01  1.300590e+01  6.000000e+00
   endloop
 endfacet
 facet normal  7.191280e-01  6.948776e-01 -3.540138e-16
   outer loop
     vertex  1.781422e+01  1.294516e+01  0.000000e+00
     vertex  1.781422e+01  1.294516e+01  6.000000e+00
     vertex  1.787142e+01  1.288597e+01  6.000000e+00
   endloop
 endfacet
 facet normal  7.379206e-01  6.748875e-01 -2.503212e-16
   outer loop
     vertex  1.781422e+01  1.294516e+01  0.000000e+00
     vertex  1.775867e+01  1.300590e+01  6.000000e+00
     vertex  1.781422e+01  1.294516e+01  6.000000e+00
   endloop
 endfacet
 facet normal  7.379206e-01  6.748875e-01  1.866687e-16
   outer loop
     vertex  1.781422e+01  1.294516e+01  0.000000e+00
     vertex  1.775867e+01  1.300590e+01  0.000000e+00
     vertex  1.775867e+01  1.300590e+01  6.000000e+00
   endloop
 endfacet
 facet normal  7.191280e-01  6.948776e-01 -1.482887e-16
   outer loop
     vertex  1.787142e+01  1.288597e+01  0.000000e+00
     vertex  1.781422e+01  1.294516e+01  0.000000e+00
     vertex  1.787142e+01  1.288597e+01  6.000000e+00
   endloop
 endfacet
 facet normal  6.997940e-01  7.143447e-01  1.684099e-16
   outer loop
     vertex  1.793021e+01  1.282837e+01  0.000000e+00
     vertex  1.787142e+01  1.288597e+01  6.000000e+00
     vertex  1.793021e+01  1.282837e+01  6.000000e+00
   endloop
 endfacet
 facet normal  6.997940e-01  7.143447e-01 -2.457009e-16
   outer loop
     vertex  1.793021e+01  1.282837e+01  0.000000e+00
     vertex  1.787142e+01  1.288597e+01  0.000000e+00
     vertex  1.787142e+01  1.288597e+01  6.000000e+00
   endloop
 endfacet
 facet normal  6.799333e-01  7.332740e-01  5.917239e-17
   outer loop
     vertex  1.799057e+01  1.277240e+01  0.000000e+00
     vertex  1.793021e+01  1.282837e+01  6.000000e+00
     vertex  1.799057e+01  1.277240e+01  6.000000e+00
   endloop
 endfacet
 facet normal  6.799333e-01  7.332740e-01  5.948246e-17
   outer loop
     vertex  1.799057e+01  1.277240e+01  0.000000e+00
     vertex  1.793021e+01  1.282837e+01  0.000000e+00
     vertex  1.793021e+01  1.282837e+01  6.000000e+00
   endloop
 endfacet
 facet normal  6.595607e-01  7.516513e-01  1.724239e-16
   outer loop
     vertex  1.805244e+01  1.271811e+01  0.000000e+00
     vertex  1.799057e+01  1.277240e+01  6.000000e+00
     vertex  1.805244e+01  1.271811e+01  6.000000e+00
   endloop
 endfacet
 facet normal  6.595607e-01  7.516513e-01 -5.001719e-17
   outer loop
     vertex  1.805244e+01  1.271811e+01  0.000000e+00
     vertex  1.799057e+01  1.277240e+01  0.000000e+00
     vertex  1.799057e+01  1.277240e+01  6.000000e+00
   endloop
 endfacet
 facet normal  6.386916e-01  7.694628e-01  6.845283e-17
   outer loop
     vertex  1.811577e+01  1.266554e+01  0.000000e+00
     vertex  1.805244e+01  1.271811e+01  6.000000e+00
     vertex  1.811577e+01  1.266554e+01  6.000000e+00
   endloop
 endfacet
 facet normal  6.386916e-01  7.694628e-01  6.859510e-17
   outer loop
     vertex  1.811577e+01  1.266554e+01  0.000000e+00
     vertex  1.805244e+01  1.271811e+01  0.000000e+00
     vertex  1.805244e+01  1.271811e+01  6.000000e+00
   endloop
 endfacet
 facet normal  6.173417e-01  7.866951e-01 -4.011095e-16
   outer loop
     vertex  1.818053e+01  1.261473e+01  0.000000e+00
     vertex  1.811577e+01  1.266554e+01  6.000000e+00
     vertex  1.818053e+01  1.261473e+01  6.000000e+00
   endloop
 endfacet
 facet normal  6.173417e-01  7.866951e-01 -3.540864e-17
   outer loop
     vertex  1.818053e+01  1.261473e+01  0.000000e+00
     vertex  1.811577e+01  1.266554e+01  0.000000e+00
     vertex  1.811577e+01  1.266554e+01  6.000000e+00
   endloop
 endfacet
 facet normal  5.955271e-01  8.033352e-01  9.826947e-17
   outer loop
     vertex  1.824665e+01  1.256571e+01  0.000000e+00
     vertex  1.818053e+01  1.261473e+01  6.000000e+00
     vertex  1.824665e+01  1.256571e+01  6.000000e+00
   endloop
 endfacet
 facet normal  5.955271e-01  8.033352e-01 -4.919113e-16
   outer loop
     vertex  1.824665e+01  1.256571e+01  0.000000e+00
     vertex  1.818053e+01  1.261473e+01  0.000000e+00
     vertex  1.818053e+01  1.261473e+01  6.000000e+00
   endloop
 endfacet
 facet normal  5.732642e-01  8.193706e-01 -8.738417e-19
   outer loop
     vertex  1.831409e+01  1.251853e+01  0.000000e+00
     vertex  1.824665e+01  1.256571e+01  6.000000e+00
     vertex  1.831409e+01  1.251853e+01  6.000000e+00
   endloop
 endfacet
 facet normal  5.732642e-01  8.193706e-01 -1.265895e-18
   outer loop
     vertex  1.831409e+01  1.251853e+01  0.000000e+00
     vertex  1.824665e+01  1.256571e+01  0.000000e+00
     vertex  1.824665e+01  1.256571e+01  6.000000e+00
   endloop
 endfacet
 facet normal  5.505698e-01  8.347891e-01 -1.000165e-16
   outer loop
     vertex  1.838280e+01  1.247321e+01  0.000000e+00
     vertex  1.831409e+01  1.251853e+01  6.000000e+00
     vertex  1.838280e+01  1.247321e+01  6.000000e+00
   endloop
 endfacet
 facet normal  5.505698e-01  8.347891e-01 -1.002210e-16
   outer loop
     vertex  1.838280e+01  1.247321e+01  0.000000e+00
     vertex  1.831409e+01  1.251853e+01  0.000000e+00
     vertex  1.831409e+01  1.251853e+01  6.000000e+00
   endloop
 endfacet
 facet normal  5.039550e-01  8.637299e-01  2.561154e-16
   outer loop
     vertex  1.845273e+01  1.242979e+01  0.000000e+00
     vertex  1.845273e+01  1.242979e+01  6.000000e+00
     vertex  1.852382e+01  1.238831e+01  6.000000e+00
   endloop
 endfacet
 facet normal  5.274609e-01  8.495793e-01  3.647618e-16
   outer loop
     vertex  1.845273e+01  1.242979e+01  0.000000e+00
     vertex  1.838280e+01  1.247321e+01  6.000000e+00
     vertex  1.845273e+01  1.242979e+01  6.000000e+00
   endloop
 endfacet
 facet normal  5.274609e-01  8.495793e-01 -1.988963e-16
   outer loop
     vertex  1.845273e+01  1.242979e+01  0.000000e+00
     vertex  1.838280e+01  1.247321e+01  0.000000e+00
     vertex  1.838280e+01  1.247321e+01  6.000000e+00
   endloop
 endfacet
 facet normal  4.800697e-01  8.772303e-01 -1.369822e-16
   outer loop
     vertex  1.852382e+01  1.238831e+01  0.000000e+00
     vertex  1.852382e+01  1.238831e+01  6.000000e+00
     vertex  1.859603e+01  1.234880e+01  6.000000e+00
   endloop
 endfacet
 facet normal  5.039550e-01  8.637299e-01 -4.228594e-17
   outer loop
     vertex  1.852382e+01  1.238831e+01  0.000000e+00
     vertex  1.845273e+01  1.242979e+01  0.000000e+00
     vertex  1.852382e+01  1.238831e+01  6.000000e+00
   endloop
 endfacet
 facet normal  4.800697e-01  8.772303e-01  1.227302e-16
   outer loop
     vertex  1.859603e+01  1.234880e+01  0.000000e+00
     vertex  1.852382e+01  1.238831e+01  0.000000e+00
     vertex  1.859603e+01  1.234880e+01  6.000000e+00
   endloop
 endfacet
 facet normal  4.558231e-01  8.900704e-01  3.193847e-17
   outer loop
     vertex  1.866929e+01  1.231128e+01  0.000000e+00
     vertex  1.859603e+01  1.234880e+01  6.000000e+00
     vertex  1.866929e+01  1.231128e+01  6.000000e+00
   endloop
 endfacet
 facet normal  4.558231e-01  8.900704e-01  3.230659e-17
   outer loop
     vertex  1.866929e+01  1.231128e+01  0.000000e+00
     vertex  1.859603e+01  1.234880e+01  0.000000e+00
     vertex  1.859603e+01  1.234880e+01  6.000000e+00
   endloop
 endfacet
 facet normal  4.312333e-01  9.022405e-01 -5.887727e-17
   outer loop
     vertex  1.874355e+01  1.227579e+01  0.000000e+00
     vertex  1.866929e+01  1.231128e+01  6.000000e+00
     vertex  1.874355e+01  1.227579e+01  6.000000e+00
   endloop
 endfacet
 facet normal  4.312333e-01  9.022405e-01 -5.928682e-17
   outer loop
     vertex  1.874355e+01  1.227579e+01  0.000000e+00
     vertex  1.866929e+01  1.231128e+01  0.000000e+00
     vertex  1.866929e+01  1.231128e+01  6.000000e+00
   endloop
 endfacet
 facet normal  4.063188e-01  9.137314e-01  9.094039e-17
   outer loop
     vertex  1.881876e+01  1.224234e+01  0.000000e+00
     vertex  1.874355e+01  1.227579e+01  6.000000e+00
     vertex  1.881876e+01  1.224234e+01  6.000000e+00
   endloop
 endfacet
 facet normal  4.063188e-01  9.137314e-01 -1.499219e-16
   outer loop
     vertex  1.881876e+01  1.224234e+01  0.000000e+00
     vertex  1.874355e+01  1.227579e+01  0.000000e+00
     vertex  1.874355e+01  1.227579e+01  6.000000e+00
   endloop
 endfacet
 facet normal  3.810986e-01  9.245344e-01 -1.465179e-17
   outer loop
     vertex  1.881876e+01  1.224234e+01  0.000000e+00
     vertex  1.881876e+01  1.224234e+01  6.000000e+00
     vertex  1.889486e+01  1.221097e+01  6.000000e+00
   endloop
 endfacet
 facet normal  3.810986e-01  9.245344e-01  2.590654e-16
   outer loop
     vertex  1.889486e+01  1.221097e+01  0.000000e+00
     vertex  1.881876e+01  1.224234e+01  0.000000e+00
     vertex  1.889486e+01  1.221097e+01  6.000000e+00
   endloop
 endfacet
 facet normal  3.555914e-01  9.346415e-01  1.564765e-16
   outer loop
     vertex  1.889486e+01  1.221097e+01  0.000000e+00
     vertex  1.889486e+01  1.221097e+01  6.000000e+00
     vertex  1.897179e+01  1.218170e+01  6.000000e+00
   endloop
 endfacet
 facet normal  3.555914e-01  9.346415e-01 -1.202329e-16
   outer loop
     vertex  1.897179e+01  1.218170e+01  0.000000e+00
     vertex  1.889486e+01  1.221097e+01  0.000000e+00
     vertex  1.897179e+01  1.218170e+01  6.000000e+00
   endloop
 endfacet
 facet normal  3.298166e-01  9.440450e-01 -2.257236e-16
   outer loop
     vertex  1.897179e+01  1.218170e+01  0.000000e+00
     vertex  1.897179e+01  1.218170e+01  6.000000e+00
     vertex  1.904950e+01  1.215456e+01  6.000000e+00
   endloop
 endfacet
 facet normal  3.298166e-01  9.440450e-01  5.376990e-17
   outer loop
     vertex  1.904950e+01  1.215456e+01  0.000000e+00
     vertex  1.897179e+01  1.218170e+01  0.000000e+00
     vertex  1.904950e+01  1.215456e+01  6.000000e+00
   endloop
 endfacet
 facet normal  3.037934e-01  9.527379e-01 -4.905952e-17
   outer loop
     vertex  1.912792e+01  1.212955e+01  0.000000e+00
     vertex  1.904950e+01  1.215456e+01  0.000000e+00
     vertex  1.904950e+01  1.215456e+01  6.000000e+00
   endloop
 endfacet
 facet normal  3.037934e-01  9.527379e-01  2.330899e-16
   outer loop
     vertex  1.912792e+01  1.212955e+01  0.000000e+00
     vertex  1.904950e+01  1.215456e+01  6.000000e+00
     vertex  1.912792e+01  1.212955e+01  6.000000e+00
   endloop
 endfacet
 facet normal  2.775416e-01  9.607136e-01  1.329012e-16
   outer loop
     vertex  1.920699e+01  1.210671e+01  0.000000e+00
     vertex  1.912792e+01  1.212955e+01  0.000000e+00
     vertex  1.912792e+01  1.212955e+01  6.000000e+00
   endloop
 endfacet
 facet normal  2.775416e-01  9.607136e-01  1.327409e-16
   outer loop
     vertex  1.920699e+01  1.210671e+01  0.000000e+00
     vertex  1.912792e+01  1.212955e+01  6.000000e+00
     vertex  1.920699e+01  1.210671e+01  6.000000e+00
   endloop
 endfacet
 facet normal  2.510809e-01  9.679661e-01  3.218951e-17
   outer loop
     vertex  1.928666e+01  1.208604e+01  0.000000e+00
     vertex  1.920699e+01  1.210671e+01  0.000000e+00
     vertex  1.920699e+01  1.210671e+01  6.000000e+00
   endloop
 endfacet
 facet normal  2.244312e-01  9.744899e-01 -6.818118e-17
   outer loop
     vertex  1.928666e+01  1.208604e+01  0.000000e+00
     vertex  1.928666e+01  1.208604e+01  6.000000e+00
     vertex  1.936687e+01  1.206757e+01  6.000000e+00
   endloop
 endfacet
 facet normal  2.510809e-01  9.679661e-01  3.229202e-17
   outer loop
     vertex  1.928666e+01  1.208604e+01  0.000000e+00
     vertex  1.920699e+01  1.210671e+01  6.000000e+00
     vertex  1.928666e+01  1.208604e+01  6.000000e+00
   endloop
 endfacet
 facet normal  2.244312e-01  9.744899e-01  2.203258e-16
   outer loop
     vertex  1.936687e+01  1.206757e+01  0.000000e+00
     vertex  1.928666e+01  1.208604e+01  0.000000e+00
     vertex  1.936687e+01  1.206757e+01  6.000000e+00
   endloop
 endfacet
 facet normal  1.976125e-01  9.802802e-01  1.215990e-16
   outer loop
     vertex  1.944756e+01  1.205130e+01  0.000000e+00
     vertex  1.936687e+01  1.206757e+01  0.000000e+00
     vertex  1.936687e+01  1.206757e+01  6.000000e+00
   endloop
 endfacet
 facet normal  1.706451e-01  9.853326e-01  2.281903e-17
   outer loop
     vertex  1.944756e+01  1.205130e+01  0.000000e+00
     vertex  1.944756e+01  1.205130e+01  6.000000e+00
     vertex  1.952866e+01  1.203726e+01  6.000000e+00
   endloop
 endfacet
 facet normal  1.976125e-01  9.802802e-01  1.216182e-16
   outer loop
     vertex  1.944756e+01  1.205130e+01  0.000000e+00
     vertex  1.936687e+01  1.206757e+01  6.000000e+00
     vertex  1.944756e+01  1.205130e+01  6.000000e+00
   endloop
 endfacet
 facet normal  1.706451e-01  9.853326e-01  1.238612e-16
   outer loop
     vertex  1.952866e+01  1.203726e+01  0.000000e+00
     vertex  1.944756e+01  1.205130e+01  0.000000e+00
     vertex  1.952866e+01  1.203726e+01  6.000000e+00
   endloop
 endfacet
 facet normal  1.435492e-01  9.896432e-01  8.961142e-18
   outer loop
     vertex  1.961012e+01  1.202544e+01  0.000000e+00
     vertex  1.952866e+01  1.203726e+01  0.000000e+00
     vertex  1.952866e+01  1.203726e+01  6.000000e+00
   endloop
 endfacet
 facet normal  1.435492e-01  9.896432e-01 -7.599730e-17
   outer loop
     vertex  1.961012e+01  1.202544e+01  0.000000e+00
     vertex  1.952866e+01  1.203726e+01  6.000000e+00
     vertex  1.961012e+01  1.202544e+01  6.000000e+00
   endloop
 endfacet
 facet normal  1.163452e-01  9.932088e-01 -1.747024e-16
   outer loop
     vertex  1.969187e+01  1.201587e+01  0.000000e+00
     vertex  1.961012e+01  1.202544e+01  0.000000e+00
     vertex  1.961012e+01  1.202544e+01  6.000000e+00
   endloop
 endfacet
 facet normal  1.163452e-01  9.932088e-01 -1.058662e-16
   outer loop
     vertex  1.969187e+01  1.201587e+01  0.000000e+00
     vertex  1.961012e+01  1.202544e+01  6.000000e+00
     vertex  1.969187e+01  1.201587e+01  6.000000e+00
   endloop
 endfacet
 facet normal  8.905371e-02  9.960268e-01 -2.206688e-16
   outer loop
     vertex  1.977386e+01  1.200854e+01  0.000000e+00
     vertex  1.969187e+01  1.201587e+01  0.000000e+00
     vertex  1.969187e+01  1.201587e+01  6.000000e+00
   endloop
 endfacet
 facet normal  6.169515e-02  9.980950e-01  2.557161e-16
   outer loop
     vertex  1.977386e+01  1.200854e+01  0.000000e+00
     vertex  1.977386e+01  1.200854e+01  6.000000e+00
     vertex  1.985601e+01  1.200346e+01  6.000000e+00
   endloop
 endfacet
 facet normal  8.905371e-02  9.960268e-01  3.691127e-16
   outer loop
     vertex  1.977386e+01  1.200854e+01  0.000000e+00
     vertex  1.969187e+01  1.201587e+01  6.000000e+00
     vertex  1.977386e+01  1.200854e+01  6.000000e+00
   endloop
 endfacet
 facet normal  6.169515e-02  9.980950e-01 -7.631030e-17
   outer loop
     vertex  1.985601e+01  1.200346e+01  0.000000e+00
     vertex  1.977386e+01  1.200854e+01  0.000000e+00
     vertex  1.985601e+01  1.200346e+01  6.000000e+00
   endloop
 endfacet
 facet normal  3.429014e-02  9.994119e-01 -1.740520e-16
   outer loop
     vertex  1.993827e+01  1.200064e+01  0.000000e+00
     vertex  1.985601e+01  1.200346e+01  0.000000e+00
     vertex  1.985601e+01  1.200346e+01  6.000000e+00
   endloop
 endfacet
 facet normal  6.859319e-03  9.999765e-01  2.436920e-17
   outer loop
     vertex  1.993827e+01  1.200064e+01  0.000000e+00
     vertex  1.993827e+01  1.200064e+01  6.000000e+00
     vertex  2.002058e+01  1.200007e+01  6.000000e+00
   endloop
 endfacet
 facet normal  3.429014e-02  9.994119e-01  1.218230e-16
   outer loop
     vertex  1.993827e+01  1.200064e+01  0.000000e+00
     vertex  1.985601e+01  1.200346e+01  6.000000e+00
     vertex  1.993827e+01  1.200064e+01  6.000000e+00
   endloop
 endfacet
 facet normal  6.859319e-03  9.999765e-01  2.436920e-17
   outer loop
     vertex  2.002058e+01  1.200007e+01  0.000000e+00
     vertex  1.993827e+01  1.200064e+01  0.000000e+00
     vertex  2.002058e+01  1.200007e+01  6.000000e+00
   endloop
 endfacet
 facet normal -2.057667e-02  9.997883e-01 -7.311017e-17
   outer loop
     vertex  2.010287e+01  1.200176e+01  0.000000e+00
     vertex  2.002058e+01  1.200007e+01  0.000000e+00
     vertex  2.002058e+01  1.200007e+01  6.000000e+00
   endloop
 endfacet
 facet normal -2.057667e-02  9.997883e-01 -7.310300e-17
   outer loop
     vertex  2.010287e+01  1.200176e+01  0.000000e+00
     vertex  2.002058e+01  1.200007e+01  6.000000e+00
     vertex  2.010287e+01  1.200176e+01  6.000000e+00
   endloop
 endfacet
 facet normal -4.799716e-02  9.988475e-01 -1.704706e-16
   outer loop
     vertex  2.018509e+01  1.200571e+01  0.000000e+00
     vertex  2.010287e+01  1.200176e+01  0.000000e+00
     vertex  2.010287e+01  1.200176e+01  6.000000e+00
   endloop
 endfacet
 facet normal -4.799716e-02  9.988475e-01  1.251981e-16
   outer loop
     vertex  2.018509e+01  1.200571e+01  0.000000e+00
     vertex  2.010287e+01  1.200176e+01  6.000000e+00
     vertex  2.018509e+01  1.200571e+01  6.000000e+00
   endloop
 endfacet
 facet normal -7.538152e-02  9.971548e-01  2.733518e-17
   outer loop
     vertex  2.026716e+01  1.201192e+01  0.000000e+00
     vertex  2.018509e+01  1.200571e+01  0.000000e+00
     vertex  2.018509e+01  1.200571e+01  6.000000e+00
   endloop
 endfacet
 facet normal -1.027091e-01  9.947114e-01 -1.312185e-16
   outer loop
     vertex  2.026716e+01  1.201192e+01  0.000000e+00
     vertex  2.026716e+01  1.201192e+01  6.000000e+00
     vertex  2.034904e+01  1.202037e+01  6.000000e+00
   endloop
 endfacet
 facet normal -7.538152e-02  9.971548e-01 -1.722669e-17
   outer loop
     vertex  2.026716e+01  1.201192e+01  0.000000e+00
     vertex  2.018509e+01  1.200571e+01  6.000000e+00
     vertex  2.026716e+01  1.201192e+01  6.000000e+00
   endloop
 endfacet
 facet normal -1.027091e-01  9.947114e-01  2.240913e-16
   outer loop
     vertex  2.034904e+01  1.202037e+01  0.000000e+00
     vertex  2.026716e+01  1.201192e+01  0.000000e+00
     vertex  2.034904e+01  1.202037e+01  6.000000e+00
   endloop
 endfacet
 facet normal -1.299594e-01  9.915193e-01  1.254901e-16
   outer loop
     vertex  2.043065e+01  1.203107e+01  0.000000e+00
     vertex  2.034904e+01  1.202037e+01  0.000000e+00
     vertex  2.034904e+01  1.202037e+01  6.000000e+00
   endloop
 endfacet
 facet normal -1.571119e-01  9.875808e-01 -6.643731e-17
   outer loop
     vertex  2.043065e+01  1.203107e+01  0.000000e+00
     vertex  2.043065e+01  1.203107e+01  6.000000e+00
     vertex  2.051194e+01  1.204400e+01  6.000000e+00
   endloop
 endfacet
 facet normal -1.299594e-01  9.915193e-01  4.843721e-17
   outer loop
     vertex  2.043065e+01  1.203107e+01  0.000000e+00
     vertex  2.034904e+01  1.202037e+01  6.000000e+00
     vertex  2.043065e+01  1.203107e+01  6.000000e+00
   endloop
 endfacet
 facet normal -1.571119e-01  9.875808e-01  2.659164e-17
   outer loop
     vertex  2.051194e+01  1.204400e+01  0.000000e+00
     vertex  2.043065e+01  1.203107e+01  0.000000e+00
     vertex  2.051194e+01  1.204400e+01  6.000000e+00
   endloop
 endfacet
 facet normal -1.841461e-01  9.828989e-01 -7.227287e-17
   outer loop
     vertex  2.059284e+01  1.205916e+01  0.000000e+00
     vertex  2.051194e+01  1.204400e+01  0.000000e+00
     vertex  2.051194e+01  1.204400e+01  6.000000e+00
   endloop
 endfacet
 facet normal -1.841461e-01  9.828989e-01 -7.222541e-17
   outer loop
     vertex  2.059284e+01  1.205916e+01  0.000000e+00
     vertex  2.051194e+01  1.204400e+01  6.000000e+00
     vertex  2.059284e+01  1.205916e+01  6.000000e+00
   endloop
 endfacet
 facet normal -2.110417e-01  9.774771e-01 -1.711273e-16
   outer loop
     vertex  2.067329e+01  1.207653e+01  0.000000e+00
     vertex  2.059284e+01  1.205916e+01  0.000000e+00
     vertex  2.059284e+01  1.205916e+01  6.000000e+00
   endloop
 endfacet
 facet normal -2.110417e-01  9.774771e-01 -2.959499e-16
   outer loop
     vertex  2.067329e+01  1.207653e+01  0.000000e+00
     vertex  2.059284e+01  1.205916e+01  6.000000e+00
     vertex  2.067329e+01  1.207653e+01  6.000000e+00
   endloop
 endfacet
 facet normal -2.643362e-01  9.644306e-01 -8.252423e-17
   outer loop
     vertex  2.075324e+01  1.209610e+01  0.000000e+00
     vertex  2.075324e+01  1.209610e+01  6.000000e+00
     vertex  2.083262e+01  1.211786e+01  6.000000e+00
   endloop
 endfacet
 facet normal -2.377784e-01  9.713194e-01  1.794627e-17
   outer loop
     vertex  2.075324e+01  1.209610e+01  0.000000e+00
     vertex  2.067329e+01  1.207653e+01  6.000000e+00
     vertex  2.075324e+01  1.209610e+01  6.000000e+00
   endloop
 endfacet
 facet normal -2.377784e-01  9.713194e-01 -4.103651e-16
   outer loop
     vertex  2.075324e+01  1.209610e+01  0.000000e+00
     vertex  2.067329e+01  1.207653e+01  0.000000e+00
     vertex  2.067329e+01  1.207653e+01  6.000000e+00
   endloop
 endfacet
 facet normal -2.643362e-01  9.644306e-01 -8.252423e-17
   outer loop
     vertex  2.083262e+01  1.211786e+01  0.000000e+00
     vertex  2.075324e+01  1.209610e+01  0.000000e+00
     vertex  2.083262e+01  1.211786e+01  6.000000e+00
   endloop
 endfacet
 facet normal -2.906949e-01  9.568158e-01 -1.829326e-16
   outer loop
     vertex  2.083262e+01  1.211786e+01  0.000000e+00
     vertex  2.083262e+01  1.211786e+01  6.000000e+00
     vertex  2.091138e+01  1.214179e+01  6.000000e+00
   endloop
 endfacet
 facet normal -2.906949e-01  9.568158e-01  1.003418e-16
   outer loop
     vertex  2.091138e+01  1.214179e+01  0.000000e+00
     vertex  2.083262e+01  1.211786e+01  0.000000e+00
     vertex  2.091138e+01  1.214179e+01  6.000000e+00
   endloop
 endfacet
 facet normal -3.427362e-01  9.394317e-01 -1.051331e-16
   outer loop
     vertex  2.098945e+01  1.216786e+01  0.000000e+00
     vertex  2.098945e+01  1.216786e+01  6.000000e+00
     vertex  2.106677e+01  1.219608e+01  6.000000e+00
   endloop
 endfacet
 facet normal -3.168348e-01  9.484807e-01 -2.396572e-18
   outer loop
     vertex  2.098945e+01  1.216786e+01  0.000000e+00
     vertex  2.091138e+01  1.214179e+01  6.000000e+00
     vertex  2.098945e+01  1.216786e+01  6.000000e+00
   endloop
 endfacet
 facet normal -3.168348e-01  9.484807e-01 -2.493792e-18
   outer loop
     vertex  2.098945e+01  1.216786e+01  0.000000e+00
     vertex  2.091138e+01  1.214179e+01  0.000000e+00
     vertex  2.091138e+01  1.214179e+01  6.000000e+00
   endloop
 endfacet
 facet normal -3.427362e-01  9.394317e-01 -1.051331e-16
   outer loop
     vertex  2.106677e+01  1.219608e+01  0.000000e+00
     vertex  2.098945e+01  1.216786e+01  0.000000e+00
     vertex  2.106677e+01  1.219608e+01  6.000000e+00
   endloop
 endfacet
 facet normal -3.683796e-01  9.296754e-01 -2.079613e-16
   outer loop
     vertex  2.114330e+01  1.222640e+01  0.000000e+00
     vertex  2.106677e+01  1.219608e+01  0.000000e+00
     vertex  2.106677e+01  1.219608e+01  6.000000e+00
   endloop
 endfacet
 facet normal -3.937458e-01  9.192194e-01  1.949964e-16
   outer loop
     vertex  2.114330e+01  1.222640e+01  0.000000e+00
     vertex  2.114330e+01  1.222640e+01  6.000000e+00
     vertex  2.121896e+01  1.225881e+01  6.000000e+00
   endloop
 endfacet
 facet normal -3.683796e-01  9.296754e-01  2.855733e-16
   outer loop
     vertex  2.114330e+01  1.222640e+01  0.000000e+00
     vertex  2.106677e+01  1.219608e+01  6.000000e+00
     vertex  2.114330e+01  1.222640e+01  6.000000e+00
   endloop
 endfacet
 facet normal -3.937458e-01  9.192194e-01  4.671400e-16
   outer loop
     vertex  2.121896e+01  1.225881e+01  0.000000e+00
     vertex  2.114330e+01  1.222640e+01  0.000000e+00
     vertex  2.121896e+01  1.225881e+01  6.000000e+00
   endloop
 endfacet
 facet normal -4.188155e-01  9.080714e-01  3.732354e-16
   outer loop
     vertex  2.129370e+01  1.229328e+01  0.000000e+00
     vertex  2.121896e+01  1.225881e+01  0.000000e+00
     vertex  2.121896e+01  1.225881e+01  6.000000e+00
   endloop
 endfacet
 facet normal -4.435699e-01  8.962398e-01  1.616481e-17
   outer loop
     vertex  2.129370e+01  1.229328e+01  0.000000e+00
     vertex  2.129370e+01  1.229328e+01  6.000000e+00
     vertex  2.136747e+01  1.232979e+01  6.000000e+00
   endloop
 endfacet
 facet normal -4.188155e-01  9.080714e-01  1.251274e-16
   outer loop
     vertex  2.129370e+01  1.229328e+01  0.000000e+00
     vertex  2.121896e+01  1.225881e+01  6.000000e+00
     vertex  2.129370e+01  1.229328e+01  6.000000e+00
   endloop
 endfacet
 facet normal -4.435699e-01  8.962398e-01  1.616481e-17
   outer loop
     vertex  2.136747e+01  1.232979e+01  0.000000e+00
     vertex  2.129370e+01  1.229328e+01  0.000000e+00
     vertex  2.136747e+01  1.232979e+01  6.000000e+00
   endloop
 endfacet
 facet normal -4.679904e-01  8.837335e-01 -9.280991e-17
   outer loop
     vertex  2.136747e+01  1.232979e+01  0.000000e+00
     vertex  2.136747e+01  1.232979e+01  6.000000e+00
     vertex  2.144021e+01  1.236831e+01  6.000000e+00
   endloop
 endfacet
 facet normal -4.679904e-01  8.837335e-01  1.842961e-16
   outer loop
     vertex  2.144021e+01  1.236831e+01  0.000000e+00
     vertex  2.136747e+01  1.232979e+01  0.000000e+00
     vertex  2.144021e+01  1.236831e+01  6.000000e+00
   endloop
 endfacet
 facet normal -4.920587e-01  8.705620e-01  8.929358e-17
   outer loop
     vertex  2.151187e+01  1.240881e+01  0.000000e+00
     vertex  2.144021e+01  1.236831e+01  0.000000e+00
     vertex  2.144021e+01  1.236831e+01  6.000000e+00
   endloop
 endfacet
 facet normal -4.920587e-01  8.705620e-01  3.473806e-16
   outer loop
     vertex  2.151187e+01  1.240881e+01  0.000000e+00
     vertex  2.144021e+01  1.236831e+01  6.000000e+00
     vertex  2.151187e+01  1.240881e+01  6.000000e+00
   endloop
 endfacet
 facet normal -5.157565e-01  8.567352e-01  2.485939e-16
   outer loop
     vertex  2.158238e+01  1.245126e+01  0.000000e+00
     vertex  2.151187e+01  1.240881e+01  0.000000e+00
     vertex  2.151187e+01  1.240881e+01  6.000000e+00
   endloop
 endfacet
 facet normal -5.157565e-01  8.567352e-01  2.485660e-16
   outer loop
     vertex  2.158238e+01  1.245126e+01  0.000000e+00
     vertex  2.151187e+01  1.240881e+01  6.000000e+00
     vertex  2.158238e+01  1.245126e+01  6.000000e+00
   endloop
 endfacet
 facet normal -5.390661e-01  8.422635e-01  1.498211e-16
   outer loop
     vertex  2.165171e+01  1.249563e+01  0.000000e+00
     vertex  2.158238e+01  1.245126e+01  0.000000e+00
     vertex  2.158238e+01  1.245126e+01  6.000000e+00
   endloop
 endfacet
 facet normal -5.390661e-01  8.422635e-01 -1.696270e-16
   outer loop
     vertex  2.165171e+01  1.249563e+01  0.000000e+00
     vertex  2.158238e+01  1.245126e+01  6.000000e+00
     vertex  2.165171e+01  1.249563e+01  6.000000e+00
   endloop
 endfacet
 facet normal -5.619699e-01  8.271577e-01 -2.820760e-16
   outer loop
     vertex  2.171979e+01  1.254189e+01  0.000000e+00
     vertex  2.165171e+01  1.249563e+01  0.000000e+00
     vertex  2.165171e+01  1.249563e+01  6.000000e+00
   endloop
 endfacet
 facet normal -5.844507e-01  8.114292e-01  1.915289e-16
   outer loop
     vertex  2.171979e+01  1.254189e+01  0.000000e+00
     vertex  2.171979e+01  1.254189e+01  6.000000e+00
     vertex  2.178658e+01  1.258999e+01  6.000000e+00
   endloop
 endfacet
 facet normal -5.619699e-01  8.271577e-01  2.953378e-16
   outer loop
     vertex  2.171979e+01  1.254189e+01  0.000000e+00
     vertex  2.165171e+01  1.249563e+01  6.000000e+00
     vertex  2.171979e+01  1.254189e+01  6.000000e+00
   endloop
 endfacet
 facet normal -5.844507e-01  8.114292e-01 -4.870240e-17
   outer loop
     vertex  2.178658e+01  1.258999e+01  0.000000e+00
     vertex  2.171979e+01  1.254189e+01  0.000000e+00
     vertex  2.178658e+01  1.258999e+01  6.000000e+00
   endloop
 endfacet
 facet normal -6.064915e-01  7.950900e-01 -1.478180e-16
   outer loop
     vertex  2.178658e+01  1.258999e+01  0.000000e+00
     vertex  2.178658e+01  1.258999e+01  6.000000e+00
     vertex  2.185203e+01  1.263991e+01  6.000000e+00
   endloop
 endfacet
 facet normal -6.064915e-01  7.950900e-01  8.757587e-17
   outer loop
     vertex  2.185203e+01  1.263991e+01  0.000000e+00
     vertex  2.178658e+01  1.258999e+01  0.000000e+00
     vertex  2.185203e+01  1.263991e+01  6.000000e+00
   endloop
 endfacet
 facet normal -6.280757e-01  7.781522e-01 -1.662610e-17
   outer loop
     vertex  2.191607e+01  1.269161e+01  0.000000e+00
     vertex  2.185203e+01  1.263991e+01  0.000000e+00
     vertex  2.185203e+01  1.263991e+01  6.000000e+00
   endloop
 endfacet
 facet normal -6.280757e-01  7.781522e-01 -1.644309e-17
   outer loop
     vertex  2.191607e+01  1.269161e+01  0.000000e+00
     vertex  2.185203e+01  1.263991e+01  6.000000e+00
     vertex  2.191607e+01  1.269161e+01  6.000000e+00
   endloop
 endfacet
 facet normal -6.491872e-01  7.606287e-01 -1.201288e-16
   outer loop
     vertex  2.197868e+01  1.274505e+01  0.000000e+00
     vertex  2.191607e+01  1.269161e+01  0.000000e+00
     vertex  2.191607e+01  1.269161e+01  6.000000e+00
   endloop
 endfacet
 facet normal -6.491872e-01  7.606287e-01  1.047416e-16
   outer loop
     vertex  2.197868e+01  1.274505e+01  0.000000e+00
     vertex  2.191607e+01  1.269161e+01  6.000000e+00
     vertex  2.197868e+01  1.274505e+01  6.000000e+00
   endloop
 endfacet
 facet normal -6.698100e-01  7.425325e-01 -4.769239e-18
   outer loop
     vertex  2.203980e+01  1.280018e+01  0.000000e+00
     vertex  2.197868e+01  1.274505e+01  0.000000e+00
     vertex  2.197868e+01  1.274505e+01  6.000000e+00
   endloop
 endfacet
 facet normal -6.698100e-01  7.425325e-01 -2.243656e-16
   outer loop
     vertex  2.203980e+01  1.280018e+01  0.000000e+00
     vertex  2.197868e+01  1.274505e+01  6.000000e+00
     vertex  2.203980e+01  1.280018e+01  6.000000e+00
   endloop
 endfacet
 facet normal -6.899286e-01  7.238775e-01 -3.278669e-16
   outer loop
     vertex  2.209938e+01  1.285697e+01  0.000000e+00
     vertex  2.203980e+01  1.280018e+01  0.000000e+00
     vertex  2.203980e+01  1.280018e+01  6.000000e+00
   endloop
 endfacet
 facet normal -7.095278e-01  7.046775e-01 -4.316127e-16
   outer loop
     vertex  2.209938e+01  1.285697e+01  0.000000e+00
     vertex  2.209938e+01  1.285697e+01  6.000000e+00
     vertex  2.215738e+01  1.291537e+01  6.000000e+00
   endloop
 endfacet
 facet normal -6.899286e-01  7.238775e-01 -3.281126e-16
   outer loop
     vertex  2.209938e+01  1.285697e+01  0.000000e+00
     vertex  2.203980e+01  1.280018e+01  6.000000e+00
     vertex  2.209938e+01  1.285697e+01  6.000000e+00
   endloop
 endfacet
 facet normal -7.095278e-01  7.046775e-01 -2.229862e-16
   outer loop
     vertex  2.215738e+01  1.291537e+01  0.000000e+00
     vertex  2.209938e+01  1.285697e+01  0.000000e+00
     vertex  2.215738e+01  1.291537e+01  6.000000e+00
   endloop
 endfacet
 facet normal -7.285929e-01  6.849470e-01  9.941092e-17
   outer loop
     vertex  2.221376e+01  1.297534e+01  0.000000e+00
     vertex  2.215738e+01  1.291537e+01  6.000000e+00
     vertex  2.221376e+01  1.297534e+01  6.000000e+00
   endloop
 endfacet
 facet normal -7.285929e-01  6.849470e-01 -3.321717e-16
   outer loop
     vertex  2.221376e+01  1.297534e+01  0.000000e+00
     vertex  2.215738e+01  1.291537e+01  0.000000e+00
     vertex  2.215738e+01  1.291537e+01  6.000000e+00
   endloop
 endfacet
 facet normal -7.471095e-01  6.647010e-01 -4.407693e-16
   outer loop
     vertex  2.226847e+01  1.303683e+01  0.000000e+00
     vertex  2.221376e+01  1.297534e+01  6.000000e+00
     vertex  2.226847e+01  1.303683e+01  6.000000e+00
   endloop
 endfacet
 facet normal -7.471095e-01  6.647010e-01  1.551071e-18
   outer loop
     vertex  2.226847e+01  1.303683e+01  0.000000e+00
     vertex  2.221376e+01  1.297534e+01  0.000000e+00
     vertex  2.221376e+01  1.297534e+01  6.000000e+00
   endloop
 endfacet
 facet normal -7.650637e-01  6.439545e-01  9.445348e-17
   outer loop
     vertex  2.232148e+01  1.309980e+01  0.000000e+00
     vertex  2.226847e+01  1.303683e+01  6.000000e+00
     vertex  2.232148e+01  1.309980e+01  6.000000e+00
   endloop
 endfacet
 facet normal -7.650637e-01  6.439545e-01 -5.494841e-16
   outer loop
     vertex  2.232148e+01  1.309980e+01  0.000000e+00
     vertex  2.226847e+01  1.303683e+01  0.000000e+00
     vertex  2.226847e+01  1.303683e+01  6.000000e+00
   endloop
 endfacet
 facet normal -7.992314e-01  6.010234e-01  6.436531e-17
   outer loop
     vertex  2.237273e+01  1.316421e+01  0.000000e+00
     vertex  2.237273e+01  1.316421e+01  6.000000e+00
     vertex  2.242220e+01  1.322999e+01  6.000000e+00
   endloop
 endfacet
 facet normal -7.824421e-01  6.227234e-01  1.747996e-16
   outer loop
     vertex  2.237273e+01  1.316421e+01  0.000000e+00
     vertex  2.232148e+01  1.309980e+01  6.000000e+00
     vertex  2.237273e+01  1.316421e+01  6.000000e+00
   endloop
 endfacet
 facet normal -7.824421e-01  6.227234e-01 -9.206245e-18
   outer loop
     vertex  2.237273e+01  1.316421e+01  0.000000e+00
     vertex  2.232148e+01  1.309980e+01  0.000000e+00
     vertex  2.232148e+01  1.309980e+01  6.000000e+00
   endloop
 endfacet
 facet normal -8.154191e-01  5.788711e-01 -2.174977e-16
   outer loop
     vertex  2.242220e+01  1.322999e+01  0.000000e+00
     vertex  2.242220e+01  1.322999e+01  6.000000e+00
     vertex  2.246985e+01  1.329711e+01  6.000000e+00
   endloop
 endfacet
 facet normal -7.992314e-01  6.010234e-01 -1.135734e-16
   outer loop
     vertex  2.242220e+01  1.322999e+01  0.000000e+00
     vertex  2.237273e+01  1.316421e+01  0.000000e+00
     vertex  2.242220e+01  1.322999e+01  6.000000e+00
   endloop
 endfacet
 facet normal -8.154191e-01  5.788711e-01 -4.611744e-17
   outer loop
     vertex  2.246985e+01  1.329711e+01  0.000000e+00
     vertex  2.242220e+01  1.322999e+01  0.000000e+00
     vertex  2.246985e+01  1.329711e+01  6.000000e+00
   endloop
 endfacet
 facet normal -8.309929e-01  5.562829e-01 -1.565655e-16
   outer loop
     vertex  2.251564e+01  1.336551e+01  0.000000e+00
     vertex  2.246985e+01  1.329711e+01  6.000000e+00
     vertex  2.251564e+01  1.336551e+01  6.000000e+00
   endloop
 endfacet
 facet normal -8.309929e-01  5.562829e-01 -1.569907e-16
   outer loop
     vertex  2.251564e+01  1.336551e+01  0.000000e+00
     vertex  2.246985e+01  1.329711e+01  0.000000e+00
     vertex  2.246985e+01  1.329711e+01  6.000000e+00
   endloop
 endfacet
 facet normal -8.602528e-01  5.098678e-01  1.323471e-16
   outer loop
     vertex  2.255953e+01  1.343514e+01  0.000000e+00
     vertex  2.255953e+01  1.343514e+01  6.000000e+00
     vertex  2.260150e+01  1.350594e+01  6.000000e+00
   endloop
 endfacet
 facet normal -8.459413e-01  5.332761e-01  2.340022e-16
   outer loop
     vertex  2.255953e+01  1.343514e+01  0.000000e+00
     vertex  2.251564e+01  1.336551e+01  6.000000e+00
     vertex  2.255953e+01  1.343514e+01  6.000000e+00
   endloop
 endfacet
 facet normal -8.459413e-01  5.332761e-01 -2.666665e-16
   outer loop
     vertex  2.255953e+01  1.343514e+01  0.000000e+00
     vertex  2.251564e+01  1.336551e+01  0.000000e+00
     vertex  2.251564e+01  1.336551e+01  6.000000e+00
   endloop
 endfacet
 facet normal -8.602528e-01  5.098678e-01  1.323471e-16
   outer loop
     vertex  2.260150e+01  1.350594e+01  0.000000e+00
     vertex  2.255953e+01  1.343514e+01  0.000000e+00
     vertex  2.260150e+01  1.350594e+01  6.000000e+00
   endloop
 endfacet
 facet normal -8.739167e-01  4.860756e-01  3.059229e-17
   outer loop
     vertex  2.264151e+01  1.357788e+01  0.000000e+00
     vertex  2.260150e+01  1.350594e+01  6.000000e+00
     vertex  2.264151e+01  1.357788e+01  6.000000e+00
   endloop
 endfacet
 facet normal -8.739167e-01  4.860756e-01  3.074303e-17
   outer loop
     vertex  2.264151e+01  1.357788e+01  0.000000e+00
     vertex  2.260150e+01  1.350594e+01  0.000000e+00
     vertex  2.260150e+01  1.350594e+01  6.000000e+00
   endloop
 endfacet
 facet normal -8.992613e-01  4.374119e-01  3.595599e-16
   outer loop
     vertex  2.267953e+01  1.365088e+01  0.000000e+00
     vertex  2.267953e+01  1.365088e+01  6.000000e+00
     vertex  2.271553e+01  1.372490e+01  6.000000e+00
   endloop
 endfacet
 facet normal -8.869228e-01  4.619176e-01  4.539783e-16
   outer loop
     vertex  2.267953e+01  1.365088e+01  0.000000e+00
     vertex  2.264151e+01  1.357788e+01  6.000000e+00
     vertex  2.267953e+01  1.365088e+01  6.000000e+00
   endloop
 endfacet
 facet normal -8.869228e-01  4.619176e-01 -7.124491e-17
   outer loop
     vertex  2.267953e+01  1.365088e+01  0.000000e+00
     vertex  2.264151e+01  1.357788e+01  0.000000e+00
     vertex  2.264151e+01  1.357788e+01  6.000000e+00
   endloop
 endfacet
 facet normal -8.992613e-01  4.374119e-01 -4.340979e-17
   outer loop
     vertex  2.271553e+01  1.372490e+01  0.000000e+00
     vertex  2.267953e+01  1.365088e+01  0.000000e+00
     vertex  2.271553e+01  1.372490e+01  6.000000e+00
   endloop
 endfacet
 facet normal -9.109228e-01  4.125769e-01 -1.523565e-16
   outer loop
     vertex  2.271553e+01  1.372490e+01  0.000000e+00
     vertex  2.271553e+01  1.372490e+01  6.000000e+00
     vertex  2.274949e+01  1.379987e+01  6.000000e+00
   endloop
 endfacet
 facet normal -9.109228e-01  4.125769e-01 -1.523565e-16
   outer loop
     vertex  2.274949e+01  1.379987e+01  0.000000e+00
     vertex  2.271553e+01  1.372490e+01  0.000000e+00
     vertex  2.274949e+01  1.379987e+01  6.000000e+00
   endloop
 endfacet
 facet normal -9.218986e-01  3.874313e-01 -2.613218e-16
   outer loop
     vertex  2.278138e+01  1.387576e+01  0.000000e+00
     vertex  2.274949e+01  1.379987e+01  0.000000e+00
     vertex  2.274949e+01  1.379987e+01  6.000000e+00
   endloop
 endfacet
 facet normal -9.218986e-01  3.874313e-01  2.846851e-16
   outer loop
     vertex  2.278138e+01  1.387576e+01  0.000000e+00
     vertex  2.274949e+01  1.379987e+01  6.000000e+00
     vertex  2.278138e+01  1.387576e+01  6.000000e+00
   endloop
 endfacet
 facet normal -9.321804e-01  3.619940e-01  1.820818e-16
   outer loop
     vertex  2.281118e+01  1.395248e+01  0.000000e+00
     vertex  2.278138e+01  1.387576e+01  0.000000e+00
     vertex  2.278138e+01  1.387576e+01  6.000000e+00
   endloop
 endfacet
 facet normal -9.321804e-01  3.619940e-01  2.893096e-16
   outer loop
     vertex  2.281118e+01  1.395248e+01  0.000000e+00
     vertex  2.278138e+01  1.387576e+01  6.000000e+00
     vertex  2.281118e+01  1.395248e+01  6.000000e+00
   endloop
 endfacet
 facet normal -9.417605e-01  3.362843e-01  1.786747e-16
   outer loop
     vertex  2.283886e+01  1.403000e+01  0.000000e+00
     vertex  2.281118e+01  1.395248e+01  0.000000e+00
     vertex  2.281118e+01  1.395248e+01  6.000000e+00
   endloop
 endfacet
 facet normal -9.417605e-01  3.362843e-01  1.790135e-16
   outer loop
     vertex  2.283886e+01  1.403000e+01  0.000000e+00
     vertex  2.281118e+01  1.395248e+01  6.000000e+00
     vertex  2.283886e+01  1.403000e+01  6.000000e+00
   endloop
 endfacet
 facet normal -9.506317e-01  3.103214e-01  6.872434e-17
   outer loop
     vertex  2.286440e+01  1.410825e+01  0.000000e+00
     vertex  2.283886e+01  1.403000e+01  0.000000e+00
     vertex  2.283886e+01  1.403000e+01  6.000000e+00
   endloop
 endfacet
 facet normal -9.587873e-01  2.841250e-01 -4.189969e-17
   outer loop
     vertex  2.286440e+01  1.410825e+01  0.000000e+00
     vertex  2.286440e+01  1.410825e+01  6.000000e+00
     vertex  2.288778e+01  1.418716e+01  6.000000e+00
   endloop
 endfacet
 facet normal -9.506317e-01  3.103214e-01  6.858273e-17
   outer loop
     vertex  2.286440e+01  1.410825e+01  0.000000e+00
     vertex  2.283886e+01  1.403000e+01  6.000000e+00
     vertex  2.286440e+01  1.410825e+01  6.000000e+00
   endloop
 endfacet
 facet normal -9.587873e-01  2.841250e-01  4.221819e-17
   outer loop
     vertex  2.288778e+01  1.418716e+01  0.000000e+00
     vertex  2.286440e+01  1.410825e+01  0.000000e+00
     vertex  2.288778e+01  1.418716e+01  6.000000e+00
   endloop
 endfacet
 facet normal -9.662211e-01  2.577146e-01 -7.605173e-17
   outer loop
     vertex  2.288778e+01  1.418716e+01  0.000000e+00
     vertex  2.288778e+01  1.418716e+01  6.000000e+00
     vertex  2.290900e+01  1.426669e+01  6.000000e+00
   endloop
 endfacet
 facet normal -9.662211e-01  2.577146e-01 -1.523506e-16
   outer loop
     vertex  2.290900e+01  1.426669e+01  0.000000e+00
     vertex  2.288778e+01  1.418716e+01  0.000000e+00
     vertex  2.290900e+01  1.426669e+01  6.000000e+00
   endloop
 endfacet
 facet normal -9.729276e-01  2.311102e-01 -2.624904e-16
   outer loop
     vertex  2.292802e+01  1.434678e+01  0.000000e+00
     vertex  2.290900e+01  1.426669e+01  0.000000e+00
     vertex  2.290900e+01  1.426669e+01  6.000000e+00
   endloop
 endfacet
 facet normal -9.729276e-01  2.311102e-01 -1.942644e-16
   outer loop
     vertex  2.292802e+01  1.434678e+01  0.000000e+00
     vertex  2.290900e+01  1.426669e+01  6.000000e+00
     vertex  2.292802e+01  1.434678e+01  6.000000e+00
   endloop
 endfacet
 facet normal -9.789017e-01  2.043319e-01  2.672954e-16
   outer loop
     vertex  2.294484e+01  1.442735e+01  0.000000e+00
     vertex  2.292802e+01  1.434678e+01  6.000000e+00
     vertex  2.294484e+01  1.442735e+01  6.000000e+00
   endloop
 endfacet
 facet normal -9.789017e-01  2.043319e-01 -3.124847e-16
   outer loop
     vertex  2.294484e+01  1.442735e+01  0.000000e+00
     vertex  2.292802e+01  1.434678e+01  0.000000e+00
     vertex  2.292802e+01  1.434678e+01  6.000000e+00
   endloop
 endfacet
 facet normal -9.841389e-01  1.773998e-01  1.525651e-16
   outer loop
     vertex  2.295944e+01  1.450835e+01  0.000000e+00
     vertex  2.294484e+01  1.442735e+01  6.000000e+00
     vertex  2.295944e+01  1.450835e+01  6.000000e+00
   endloop
 endfacet
 facet normal -9.841389e-01  1.773998e-01  1.526701e-16
   outer loop
     vertex  2.295944e+01  1.450835e+01  0.000000e+00
     vertex  2.294484e+01  1.442735e+01  0.000000e+00
     vertex  2.294484e+01  1.442735e+01  6.000000e+00
   endloop
 endfacet
 facet normal -9.886353e-01  1.503341e-01  3.771999e-17
   outer loop
     vertex  2.297181e+01  1.458973e+01  0.000000e+00
     vertex  2.295944e+01  1.450835e+01  6.000000e+00
     vertex  2.297181e+01  1.458973e+01  6.000000e+00
   endloop
 endfacet
 facet normal -9.886353e-01  1.503341e-01  3.751125e-17
   outer loop
     vertex  2.297181e+01  1.458973e+01  0.000000e+00
     vertex  2.295944e+01  1.450835e+01  0.000000e+00
     vertex  2.295944e+01  1.450835e+01  6.000000e+00
   endloop
 endfacet
 facet normal -9.953925e-01  9.588368e-02 -1.635817e-16
   outer loop
     vertex  2.298195e+01  1.467141e+01  0.000000e+00
     vertex  2.298195e+01  1.467141e+01  6.000000e+00
     vertex  2.298984e+01  1.475334e+01  6.000000e+00
   endloop
 endfacet
 facet normal -9.923874e-01  1.231552e-01 -4.069225e-17
   outer loop
     vertex  2.298195e+01  1.467141e+01  0.000000e+00
     vertex  2.297181e+01  1.458973e+01  6.000000e+00
     vertex  2.298195e+01  1.467141e+01  6.000000e+00
   endloop
 endfacet
 facet normal -9.923874e-01  1.231552e-01 -7.714170e-17
   outer loop
     vertex  2.298195e+01  1.467141e+01  0.000000e+00
     vertex  2.297181e+01  1.458973e+01  0.000000e+00
     vertex  2.297181e+01  1.458973e+01  6.000000e+00
   endloop
 endfacet
 facet normal -9.976484e-01  6.853995e-02 -3.066399e-16
   outer loop
     vertex  2.298984e+01  1.475334e+01  0.000000e+00
     vertex  2.298984e+01  1.475334e+01  6.000000e+00
     vertex  2.299548e+01  1.483546e+01  6.000000e+00
   endloop
 endfacet
 facet normal -9.953925e-01  9.588368e-02 -1.919690e-16
   outer loop
     vertex  2.298984e+01  1.475334e+01  0.000000e+00
     vertex  2.298195e+01  1.467141e+01  0.000000e+00
     vertex  2.298984e+01  1.475334e+01  6.000000e+00
   endloop
 endfacet
 facet normal -9.976484e-01  6.853995e-02 -2.863480e-16
   outer loop
     vertex  2.299548e+01  1.483546e+01  0.000000e+00
     vertex  2.298984e+01  1.475334e+01  0.000000e+00
     vertex  2.299548e+01  1.483546e+01  6.000000e+00
   endloop
 endfacet
 facet normal -9.991532e-01  4.114462e-02 -4.088987e-16
   outer loop
     vertex  2.299887e+01  1.491770e+01  0.000000e+00
     vertex  2.299548e+01  1.483546e+01  6.000000e+00
     vertex  2.299887e+01  1.491770e+01  6.000000e+00
   endloop
 endfacet
 facet normal -9.991532e-01  4.114462e-02 -4.089122e-16
   outer loop
     vertex  2.299887e+01  1.491770e+01  0.000000e+00
     vertex  2.299548e+01  1.483546e+01  0.000000e+00
     vertex  2.299548e+01  1.483546e+01  6.000000e+00
   endloop
 endfacet
 facet normal -9.999059e-01  1.371831e-02  0.000000e+00
   outer loop
     vertex  2.300000e+01  1.500000e+01  0.000000e+00
     vertex  2.299887e+01  1.491770e+01  6.000000e+00
     vertex  2.300000e+01  1.500000e+01  6.000000e+00
   endloop
 endfacet
 facet normal -9.999059e-01  1.371831e-02 -5.311464e-16
   outer loop
     vertex  2.300000e+01  1.500000e+01  0.000000e+00
     vertex  2.299887e+01  1.491770e+01  0.000000e+00
     vertex  2.299887e+01  1.491770e+01  6.000000e+00
   endloop
 endfacet
endsolid
