solid 
 facet normal -5.789872e-31 -2.220446e-16 -1.000000e+00
   outer loop
     vertex  7.561578e+00 -6.543893e+00  1.453036e-15
     vertex  7.379206e+00 -6.748875e+00  1.498551e-15
     vertex  7.191280e+00 -6.948776e+00  1.542938e-15
   endloop
 endfacet
 facet normal  9.861116e-32 -2.220446e-16 -1.000000e+00
   outer loop
     vertex  6.173417e+00 -7.866951e+00  1.746814e-15
     vertex  6.595607e+00 -7.516513e+00  1.669001e-15
     vertex  6.386916e+00 -7.694628e+00  1.708551e-15
   endloop
 endfacet
 facet normal -1.508416e-31 -2.220446e-16 -1.000000e+00
   outer loop
     vertex  7.909112e+00 -6.119310e+00  1.358760e-15
     vertex  7.738257e+00 -6.333986e+00  1.406427e-15
     vertex  7.561578e+00 -6.543893e+00  1.453036e-15
   endloop
 endfacet
 facet normal -9.416187e-32 -2.220446e-16 -1.000000e+00
   outer loop
     vertex  5.732642e+00 -8.193706e+00  1.819368e-15
     vertex  6.173417e+00 -7.866951e+00  1.746814e-15
     vertex  5.955271e+00 -8.033352e+00  1.783762e-15
   endloop
 endfacet
 facet normal -2.084263e-29 -2.220446e-16 -1.000000e+00
   outer loop
     vertex  8.232835e+00 -5.676304e+00  1.260393e-15
     vertex  8.074012e+00 -5.900028e+00  1.310069e-15
     vertex  7.909112e+00 -6.119310e+00  1.358760e-15
   endloop
 endfacet
 facet normal  4.831602e-30 -2.220446e-16 -1.000000e+00
   outer loop
     vertex  8.232835e+00 -5.676304e+00  1.260393e-15
     vertex  7.909112e+00 -6.119310e+00  1.358760e-15
     vertex  7.561578e+00 -6.543893e+00  1.453036e-15
   endloop
 endfacet
 facet normal  1.589708e-30 -2.220446e-16 -1.000000e+00
   outer loop
     vertex  8.232835e+00 -5.676304e+00  1.260393e-15
     vertex  7.561578e+00 -6.543893e+00  1.453036e-15
     vertex  7.191280e+00 -6.948776e+00  1.542938e-15
   endloop
 endfacet
 facet normal  5.851651e-31 -2.220446e-16 -1.000000e+00
   outer loop
     vertex  8.232835e+00 -5.676304e+00  1.260393e-15
     vertex  7.191280e+00 -6.948776e+00  1.542938e-15
     vertex  6.997940e+00 -7.143447e+00  1.586164e-15
   endloop
 endfacet
 facet normal -1.811166e-32 -2.220446e-16 -1.000000e+00
   outer loop
     vertex  5.505698e+00 -8.347891e+00  1.853604e-15
     vertex  6.595607e+00 -7.516513e+00  1.669001e-15
     vertex  6.173417e+00 -7.866951e+00  1.746814e-15
   endloop
 endfacet
 facet normal -2.281294e-31 -2.220446e-16 -1.000000e+00
   outer loop
     vertex  5.505698e+00 -8.347891e+00  1.853604e-15
     vertex  6.173417e+00 -7.866951e+00  1.746814e-15
     vertex  5.732642e+00 -8.193706e+00  1.819368e-15
   endloop
 endfacet
 facet normal  3.813674e-31 -2.220446e-16 -1.000000e+00
   outer loop
     vertex  5.505698e+00 -8.347891e+00  1.853604e-15
     vertex  8.232835e+00 -5.676304e+00  1.260393e-15
     vertex  6.997940e+00 -7.143447e+00  1.586164e-15
   endloop
 endfacet
 facet normal  2.604439e-31 -2.220446e-16 -1.000000e+00
   outer loop
     vertex  5.505698e+00 -8.347891e+00  1.853604e-15
     vertex  6.799333e+00 -7.332740e+00  1.628195e-15
     vertex  6.595607e+00 -7.516513e+00  1.669001e-15
   endloop
 endfacet
 facet normal  1.567069e-31 -2.220446e-16 -1.000000e+00
   outer loop
     vertex  5.505698e+00 -8.347891e+00  1.853604e-15
     vertex  6.997940e+00 -7.143447e+00  1.586164e-15
     vertex  6.799333e+00 -7.332740e+00  1.628195e-15
   endloop
 endfacet
 facet normal  3.673191e-31 -2.220446e-16 -1.000000e+00
   outer loop
     vertex  8.531773e+00 -5.216210e+00  1.158231e-15
     vertex  8.385460e+00 -5.448308e+00  1.209767e-15
     vertex  8.232835e+00 -5.676304e+00  1.260393e-15
   endloop
 endfacet
 facet normal  4.604683e-32 -2.220446e-16 -1.000000e+00
   outer loop
     vertex  5.039550e+00 -8.637299e+00  1.917866e-15
     vertex  5.505698e+00 -8.347891e+00  1.853604e-15
     vertex  5.274609e+00 -8.495793e+00  1.886445e-15
   endloop
 endfacet
 facet normal  4.269694e-31 -2.220446e-16 -1.000000e+00
   outer loop
     vertex  8.805026e+00 -4.740412e+00  1.052583e-15
     vertex  8.671664e+00 -4.980186e+00  1.105823e-15
     vertex  8.531773e+00 -5.216210e+00  1.158231e-15
   endloop
 endfacet
 facet normal -3.089227e-31 -2.220446e-16 -1.000000e+00
   outer loop
     vertex  9.051772e+00 -4.250344e+00  9.437659e-16
     vertex  8.931761e+00 -4.497071e+00  9.985503e-16
     vertex  8.805026e+00 -4.740412e+00  1.052583e-15
   endloop
 endfacet
 facet normal  3.563973e-31 -2.220446e-16 -1.000000e+00
   outer loop
     vertex  9.051772e+00 -4.250344e+00  9.437659e-16
     vertex  8.805026e+00 -4.740412e+00  1.052583e-15
     vertex  8.531773e+00 -5.216210e+00  1.158231e-15
   endloop
 endfacet
 facet normal  3.308781e-31 -2.220446e-16 -1.000000e+00
   outer loop
     vertex  9.051772e+00 -4.250344e+00  9.437659e-16
     vertex  8.531773e+00 -5.216210e+00  1.158231e-15
     vertex  8.232835e+00 -5.676304e+00  1.260393e-15
   endloop
 endfacet
 facet normal  3.983064e-32 -2.220446e-16 -1.000000e+00
   outer loop
     vertex  4.063188e+00 -9.137314e+00  2.028891e-15
     vertex  4.558231e+00 -8.900704e+00  1.976353e-15
     vertex  4.312333e+00 -9.022405e+00  2.003376e-15
   endloop
 endfacet
 facet normal  1.703369e-31 -2.220446e-16 -1.000000e+00
   outer loop
     vertex  4.063188e+00 -9.137314e+00  2.028891e-15
     vertex  4.800697e+00 -8.772303e+00  1.947843e-15
     vertex  4.558231e+00 -8.900704e+00  1.976353e-15
   endloop
 endfacet
 facet normal -1.939529e-32 -2.220446e-16 -1.000000e+00
   outer loop
     vertex  3.810986e+00 -9.245344e+00  2.052879e-15
     vertex  4.800697e+00 -8.772303e+00  1.947843e-15
     vertex  4.063188e+00 -9.137314e+00  2.028891e-15
   endloop
 endfacet
 facet normal  1.086557e-31 -2.220446e-16 -1.000000e+00
   outer loop
     vertex  9.271267e+00 -3.747479e+00  8.321075e-16
     vertex  9.164969e+00 -4.000417e+00  8.882710e-16
     vertex  9.051772e+00 -4.250344e+00  9.437659e-16
   endloop
 endfacet
 facet normal  1.241935e-31 -2.220446e-16 -1.000000e+00
   outer loop
     vertex  9.271267e+00 -3.747479e+00  8.321075e-16
     vertex  9.051772e+00 -4.250344e+00  9.437659e-16
     vertex  8.232835e+00 -5.676304e+00  1.260393e-15
   endloop
 endfacet
 facet normal  1.118753e-31 -2.220446e-16 -1.000000e+00
   outer loop
     vertex  3.298166e+00 -9.440450e+00  2.096201e-15
     vertex  3.810986e+00 -9.245344e+00  2.052879e-15
     vertex  3.555914e+00 -9.346415e+00  2.075321e-15
   endloop
 endfacet
 facet normal  1.248664e-29 -2.220446e-16 -1.000000e+00
   outer loop
     vertex  9.547993e+00 -2.972512e+00  6.600302e-16
     vertex  9.462851e+00 -3.233333e+00  7.179441e-16
     vertex  9.370586e+00 -3.491720e+00  7.753177e-16
   endloop
 endfacet
 facet normal -7.957576e-32 -2.220446e-16 -1.000000e+00
   outer loop
     vertex  2.775416e+00 -9.607136e+00  2.133213e-15
     vertex  3.298166e+00 -9.440450e+00  2.096201e-15
     vertex  3.037934e+00 -9.527379e+00  2.115503e-15
   endloop
 endfacet
 facet normal -8.080403e-33 -2.220446e-16 -1.000000e+00
   outer loop
     vertex  2.775416e+00 -9.607136e+00  2.133213e-15
     vertex  4.800697e+00 -8.772303e+00  1.947843e-15
     vertex  3.810986e+00 -9.245344e+00  2.052879e-15
   endloop
 endfacet
 facet normal  1.230339e-31 -2.220446e-16 -1.000000e+00
   outer loop
     vertex  2.775416e+00 -9.607136e+00  2.133213e-15
     vertex  5.039550e+00 -8.637299e+00  1.917866e-15
     vertex  4.800697e+00 -8.772303e+00  1.947843e-15
   endloop
 endfacet
 facet normal  2.284254e-32 -2.220446e-16 -1.000000e+00
   outer loop
     vertex  2.775416e+00 -9.607136e+00  2.133213e-15
     vertex  3.810986e+00 -9.245344e+00  2.052879e-15
     vertex  3.298166e+00 -9.440450e+00  2.096201e-15
   endloop
 endfacet
 facet normal  1.820151e-32 -2.220446e-16 -1.000000e+00
   outer loop
     vertex  9.696656e+00 -2.444354e+00  5.427557e-16
     vertex  9.625948e+00 -2.709453e+00  6.016194e-16
     vertex  9.547993e+00 -2.972512e+00  6.600302e-16
   endloop
 endfacet
 facet normal -2.563378e-30 -2.220446e-16 -1.000000e+00
   outer loop
     vertex  9.696656e+00 -2.444354e+00  5.427557e-16
     vertex  9.547993e+00 -2.972512e+00  6.600302e-16
     vertex  9.370586e+00 -3.491720e+00  7.753177e-16
   endloop
 endfacet
 facet normal -1.075610e-32 -2.220446e-16 -1.000000e+00
   outer loop
     vertex  1.976125e+00 -9.802802e+00  2.176659e-15
     vertex  5.505698e+00 -8.347891e+00  1.853604e-15
     vertex  5.039550e+00 -8.637299e+00  1.917866e-15
   endloop
 endfacet
 facet normal  6.587813e-33 -2.220446e-16 -1.000000e+00
   outer loop
     vertex  1.976125e+00 -9.802802e+00  2.176659e-15
     vertex  2.510809e+00 -9.679661e+00  2.149317e-15
     vertex  2.244312e+00 -9.744899e+00  2.163802e-15
   endloop
 endfacet
 facet normal -1.362965e-32 -2.220446e-16 -1.000000e+00
   outer loop
     vertex  1.976125e+00 -9.802802e+00  2.176659e-15
     vertex  2.775416e+00 -9.607136e+00  2.133213e-15
     vertex  2.510809e+00 -9.679661e+00  2.149317e-15
   endloop
 endfacet
 facet normal  9.155353e-33 -2.220446e-16 -1.000000e+00
   outer loop
     vertex  1.976125e+00 -9.802802e+00  2.176659e-15
     vertex  5.039550e+00 -8.637299e+00  1.917866e-15
     vertex  2.775416e+00 -9.607136e+00  2.133213e-15
   endloop
 endfacet
 facet normal  1.210704e-30 -2.220446e-16 -1.000000e+00
   outer loop
     vertex  9.864799e+00 -1.638824e+00  3.638919e-16
     vertex  9.816126e+00 -1.908838e+00  4.238472e-16
     vertex  9.760065e+00 -2.177416e+00  4.834834e-16
   endloop
 endfacet
 facet normal -3.471333e-33 -2.220446e-16 -1.000000e+00
   outer loop
     vertex  1.435492e+00 -9.896432e+00  2.197449e-15
     vertex  1.976125e+00 -9.802802e+00  2.176659e-15
     vertex  1.706451e+00 -9.853326e+00  2.187878e-15
   endloop
 endfacet
 facet normal -2.070943e-31 -2.220446e-16 -1.000000e+00
   outer loop
     vertex  9.906046e+00 -1.367575e+00  3.036627e-16
     vertex  9.696656e+00 -2.444354e+00  5.427557e-16
     vertex  9.370586e+00 -3.491720e+00  7.753177e-16
   endloop
 endfacet
 facet normal -2.141268e-30 -2.220446e-16 -1.000000e+00
   outer loop
     vertex  9.906046e+00 -1.367575e+00  3.036627e-16
     vertex  9.370586e+00 -3.491720e+00  7.753177e-16
     vertex  9.271267e+00 -3.747479e+00  8.321075e-16
   endloop
 endfacet
 facet normal  6.919751e-32 -2.220446e-16 -1.000000e+00
   outer loop
     vertex  9.906046e+00 -1.367575e+00  3.036627e-16
     vertex  9.760065e+00 -2.177416e+00  4.834834e-16
     vertex  9.696656e+00 -2.444354e+00  5.427557e-16
   endloop
 endfacet
 facet normal  4.775454e-30 -2.220446e-16 -1.000000e+00
   outer loop
     vertex  9.906046e+00 -1.367575e+00  3.036627e-16
     vertex  9.864799e+00 -1.638824e+00  3.638919e-16
     vertex  9.760065e+00 -2.177416e+00  4.834834e-16
   endloop
 endfacet
 facet normal -1.259789e-33 -2.220446e-16 -1.000000e+00
   outer loop
     vertex  6.169515e-01 -9.980950e+00  2.216216e-15
     vertex  1.976125e+00 -9.802802e+00  2.176659e-15
     vertex  1.435492e+00 -9.896432e+00  2.197449e-15
   endloop
 endfacet
 facet normal  1.208895e-33 -2.220446e-16 -1.000000e+00
   outer loop
     vertex  6.169515e-01 -9.980950e+00  2.216216e-15
     vertex  5.505698e+00 -8.347891e+00  1.853604e-15
     vertex  1.976125e+00 -9.802802e+00  2.176659e-15
   endloop
 endfacet
 facet normal -7.167284e-33 -2.220446e-16 -1.000000e+00
   outer loop
     vertex  6.169515e-01 -9.980950e+00  2.216216e-15
     vertex  1.163452e+00 -9.932088e+00  2.205367e-15
     vertex  8.905371e-01 -9.960268e+00  2.211624e-15
   endloop
 endfacet
 facet normal -1.533986e-32 -2.220446e-16 -1.000000e+00
   outer loop
     vertex  6.169515e-01 -9.980950e+00  2.216216e-15
     vertex  1.435492e+00 -9.896432e+00  2.197449e-15
     vertex  1.163452e+00 -9.932088e+00  2.205367e-15
   endloop
 endfacet
 facet normal -3.655346e-31 -2.220446e-16 -1.000000e+00
   outer loop
     vertex  9.996236e+00 -2.743405e-01  6.091582e-17
     vertex  9.939835e+00 -1.095298e+00  2.432049e-16
     vertex  9.906046e+00 -1.367575e+00  3.036627e-16
   endloop
 endfacet
 facet normal  1.748454e-30 -2.220446e-16 -1.000000e+00
   outer loop
     vertex  9.996236e+00 -2.743405e-01  6.091582e-17
     vertex  9.966142e+00 -8.221955e-01  1.825641e-16
     vertex  9.939835e+00 -1.095298e+00  2.432049e-16
   endloop
 endfacet
 facet normal  1.477035e-30 -2.220446e-16 -1.000000e+00
   outer loop
     vertex  9.996236e+00 -2.743405e-01  6.091582e-17
     vertex  9.984947e+00 -5.484744e-01  1.217858e-16
     vertex  9.966142e+00 -8.221955e-01  1.825641e-16
   endloop
 endfacet
 facet normal -3.829618e-34 -2.220446e-16 -1.000000e+00
   outer loop
     vertex  6.859319e-02 -9.999765e+00  2.220394e-15
     vertex  6.169515e-01 -9.980950e+00  2.216216e-15
     vertex  3.429014e-01 -9.994119e+00  2.219140e-15
   endloop
 endfacet
 facet normal -2.534253e-30 -2.220446e-16 -1.000000e+00
   outer loop
     vertex  9.996236e+00  2.743405e-01 -6.091582e-17
     vertex  1.000000e+01  0.000000e+00  0.000000e+00
     vertex  9.996236e+00 -2.743405e-01  6.091582e-17
   endloop
 endfacet
 facet normal  1.166902e-34 -2.220446e-16 -1.000000e+00
   outer loop
     vertex -7.538152e-01 -9.971548e+00  2.214128e-15
     vertex  6.169515e-01 -9.980950e+00  2.216216e-15
     vertex  6.859319e-02 -9.999765e+00  2.220394e-15
   endloop
 endfacet
 facet normal -1.983008e-33 -2.220446e-16 -1.000000e+00
   outer loop
     vertex -7.538152e-01 -9.971548e+00  2.214128e-15
     vertex -2.057667e-01 -9.997883e+00  2.219976e-15
     vertex -4.799716e-01 -9.988475e+00  2.217887e-15
   endloop
 endfacet
 facet normal  1.338664e-34 -2.220446e-16 -1.000000e+00
   outer loop
     vertex -7.538152e-01 -9.971548e+00  2.214128e-15
     vertex  6.859319e-02 -9.999765e+00  2.220394e-15
     vertex -2.057667e-01 -9.997883e+00  2.219976e-15
   endloop
 endfacet
 facet normal  1.069603e-30 -2.220446e-16 -1.000000e+00
   outer loop
     vertex  9.966142e+00  8.221955e-01 -1.825641e-16
     vertex  9.984947e+00  5.484744e-01 -1.217858e-16
     vertex  9.996236e+00  2.743405e-01 -6.091582e-17
   endloop
 endfacet
 facet normal -4.486293e-31 -2.220446e-16 -1.000000e+00
   outer loop
     vertex  9.966142e+00  8.221955e-01 -1.825641e-16
     vertex  9.906046e+00 -1.367575e+00  3.036627e-16
     vertex  9.271267e+00 -3.747479e+00  8.321075e-16
   endloop
 endfacet
 facet normal  1.421884e-30 -2.220446e-16 -1.000000e+00
   outer loop
     vertex  9.966142e+00  8.221955e-01 -1.825641e-16
     vertex  9.996236e+00 -2.743405e-01  6.091582e-17
     vertex  9.906046e+00 -1.367575e+00  3.036627e-16
   endloop
 endfacet
 facet normal -7.032772e-31 -2.220446e-16 -1.000000e+00
   outer loop
     vertex  9.966142e+00  8.221955e-01 -1.825641e-16
     vertex  9.996236e+00  2.743405e-01 -6.091582e-17
     vertex  9.996236e+00 -2.743405e-01  6.091582e-17
   endloop
 endfacet
 facet normal  1.085936e-34 -2.220446e-16 -1.000000e+00
   outer loop
     vertex -1.299594e+00 -9.915193e+00  2.201615e-15
     vertex -7.538152e-01 -9.971548e+00  2.214128e-15
     vertex -1.027091e+00 -9.947114e+00  2.208703e-15
   endloop
 endfacet
 facet normal  5.296810e-30 -2.220446e-16 -1.000000e+00
   outer loop
     vertex  9.864799e+00  1.638824e+00 -3.638919e-16
     vertex  9.906046e+00  1.367575e+00 -3.036627e-16
     vertex  9.939835e+00  1.095298e+00 -2.432049e-16
   endloop
 endfacet
 facet normal -4.864859e-33 -2.220446e-16 -1.000000e+00
   outer loop
     vertex -1.841461e+00 -9.828989e+00  2.182474e-15
     vertex -7.538152e-01 -9.971548e+00  2.214128e-15
     vertex -1.299594e+00 -9.915193e+00  2.201615e-15
   endloop
 endfacet
 facet normal  4.099433e-32 -2.220446e-16 -1.000000e+00
   outer loop
     vertex -1.841461e+00 -9.828989e+00  2.182474e-15
     vertex -1.299594e+00 -9.915193e+00  2.201615e-15
     vertex -1.571119e+00 -9.875808e+00  2.192870e-15
   endloop
 endfacet
 facet normal  2.347750e-31 -2.220446e-16 -1.000000e+00
   outer loop
     vertex  9.816126e+00  1.908838e+00 -4.238472e-16
     vertex  9.939835e+00  1.095298e+00 -2.432049e-16
     vertex  9.966142e+00  8.221955e-01 -1.825641e-16
   endloop
 endfacet
 facet normal -2.289024e-30 -2.220446e-16 -1.000000e+00
   outer loop
     vertex  9.816126e+00  1.908838e+00 -4.238472e-16
     vertex  9.864799e+00  1.638824e+00 -3.638919e-16
     vertex  9.939835e+00  1.095298e+00 -2.432049e-16
   endloop
 endfacet
 facet normal  8.789796e-33 -2.220446e-16 -1.000000e+00
   outer loop
     vertex -2.110417e+00 -9.774771e+00  2.170435e-15
     vertex -7.538152e-01 -9.971548e+00  2.214128e-15
     vertex -1.841461e+00 -9.828989e+00  2.182474e-15
   endloop
 endfacet
 facet normal -6.554670e-33 -2.220446e-16 -1.000000e+00
   outer loop
     vertex -2.377784e+00 -9.713194e+00  2.156762e-15
     vertex -7.538152e-01 -9.971548e+00  2.214128e-15
     vertex -2.110417e+00 -9.774771e+00  2.170435e-15
   endloop
 endfacet
 facet normal  3.279064e-30 -2.220446e-16 -1.000000e+00
   outer loop
     vertex  9.462851e+00  3.233333e+00 -7.179441e-16
     vertex  9.625948e+00  2.709453e+00 -6.016194e-16
     vertex  9.696656e+00  2.444354e+00 -5.427557e-16
   endloop
 endfacet
 facet normal  1.358683e-29 -2.220446e-16 -1.000000e+00
   outer loop
     vertex  9.462851e+00  3.233333e+00 -7.179441e-16
     vertex  9.547993e+00  2.972512e+00 -6.600302e-16
     vertex  9.625948e+00  2.709453e+00 -6.016194e-16
   endloop
 endfacet
 facet normal -1.055620e-31 -2.220446e-16 -1.000000e+00
   outer loop
     vertex -3.427362e+00 -9.394317e+00  2.085957e-15
     vertex -2.906949e+00 -9.568158e+00  2.124558e-15
     vertex -3.168348e+00 -9.484807e+00  2.106050e-15
   endloop
 endfacet
 facet normal -2.971902e-33 -2.220446e-16 -1.000000e+00
   outer loop
     vertex -3.427362e+00 -9.394317e+00  2.085957e-15
     vertex -2.643362e+00 -9.644306e+00  2.141466e-15
     vertex -2.906949e+00 -9.568158e+00  2.124558e-15
   endloop
 endfacet
 facet normal  5.829208e-32 -2.220446e-16 -1.000000e+00
   outer loop
     vertex -3.427362e+00 -9.394317e+00  2.085957e-15
     vertex -2.377784e+00 -9.713194e+00  2.156762e-15
     vertex -2.643362e+00 -9.644306e+00  2.141466e-15
   endloop
 endfacet
 facet normal  1.386547e-33 -2.220446e-16 -1.000000e+00
   outer loop
     vertex -3.427362e+00 -9.394317e+00  2.085957e-15
     vertex -7.538152e-01 -9.971548e+00  2.214128e-15
     vertex -2.377784e+00 -9.713194e+00  2.156762e-15
   endloop
 endfacet
 facet normal  1.604320e-30 -2.220446e-16 -1.000000e+00
   outer loop
     vertex  9.370586e+00  3.491720e+00 -7.753177e-16
     vertex  9.696656e+00  2.444354e+00 -5.427557e-16
     vertex  9.760065e+00  2.177416e+00 -4.834834e-16
   endloop
 endfacet
 facet normal -1.697281e-30 -2.220446e-16 -1.000000e+00
   outer loop
     vertex  9.370586e+00  3.491720e+00 -7.753177e-16
     vertex  9.462851e+00  3.233333e+00 -7.179441e-16
     vertex  9.696656e+00  2.444354e+00 -5.427557e-16
   endloop
 endfacet
 facet normal -7.452722e-31 -2.220446e-16 -1.000000e+00
   outer loop
     vertex  9.271267e+00  3.747479e+00 -8.321075e-16
     vertex  9.370586e+00  3.491720e+00 -7.753177e-16
     vertex  9.760065e+00  2.177416e+00 -4.834834e-16
   endloop
 endfacet
 facet normal  3.341465e-32 -2.220446e-16 -1.000000e+00
   outer loop
     vertex -3.937458e+00 -9.192194e+00  2.041077e-15
     vertex -3.427362e+00 -9.394317e+00  2.085957e-15
     vertex -3.683796e+00 -9.296754e+00  2.064294e-15
   endloop
 endfacet
 facet normal -5.248468e-31 -2.220446e-16 -1.000000e+00
   outer loop
     vertex  9.051772e+00  4.250344e+00 -9.437659e-16
     vertex  9.271267e+00  3.747479e+00 -8.321075e-16
     vertex  9.760065e+00  2.177416e+00 -4.834834e-16
   endloop
 endfacet
 facet normal  4.668043e-31 -2.220446e-16 -1.000000e+00
   outer loop
     vertex  9.051772e+00  4.250344e+00 -9.437659e-16
     vertex  9.164969e+00  4.000417e+00 -8.882710e-16
     vertex  9.271267e+00  3.747479e+00 -8.321075e-16
   endloop
 endfacet
 facet normal  8.976617e-32 -2.220446e-16 -1.000000e+00
   outer loop
     vertex -4.435699e+00 -8.962398e+00  1.990052e-15
     vertex -3.937458e+00 -9.192194e+00  2.041077e-15
     vertex -4.188155e+00 -9.080714e+00  2.016323e-15
   endloop
 endfacet
 facet normal  2.379385e-32 -2.220446e-16 -1.000000e+00
   outer loop
     vertex -4.435699e+00 -8.962398e+00  1.990052e-15
     vertex -3.427362e+00 -9.394317e+00  2.085957e-15
     vertex -3.937458e+00 -9.192194e+00  2.041077e-15
   endloop
 endfacet
 facet normal  1.232816e-31 -2.220446e-16 -1.000000e+00
   outer loop
     vertex -4.920587e+00 -8.705620e+00  1.933036e-15
     vertex -4.435699e+00 -8.962398e+00  1.990052e-15
     vertex -4.679904e+00 -8.837335e+00  1.962283e-15
   endloop
 endfacet
 facet normal -2.248979e-31 -2.220446e-16 -1.000000e+00
   outer loop
     vertex  8.671664e+00  4.980186e+00 -1.105823e-15
     vertex  9.760065e+00  2.177416e+00 -4.834834e-16
     vertex  9.816126e+00  1.908838e+00 -4.238472e-16
   endloop
 endfacet
 facet normal  6.945880e-31 -2.220446e-16 -1.000000e+00
   outer loop
     vertex  8.671664e+00  4.980186e+00 -1.105823e-15
     vertex  8.931761e+00  4.497071e+00 -9.985503e-16
     vertex  9.051772e+00  4.250344e+00 -9.437659e-16
   endloop
 endfacet
 facet normal  9.246548e-32 -2.220446e-16 -1.000000e+00
   outer loop
     vertex  8.671664e+00  4.980186e+00 -1.105823e-15
     vertex  8.805026e+00  4.740412e+00 -1.052583e-15
     vertex  8.931761e+00  4.497071e+00 -9.985503e-16
   endloop
 endfacet
 facet normal -9.670833e-32 -2.220446e-16 -1.000000e+00
   outer loop
     vertex  8.671664e+00  4.980186e+00 -1.105823e-15
     vertex  9.051772e+00  4.250344e+00 -9.437659e-16
     vertex  9.760065e+00  2.177416e+00 -4.834834e-16
   endloop
 endfacet
 facet normal  5.695958e-32 -2.220446e-16 -1.000000e+00
   outer loop
     vertex -5.157565e+00 -8.567352e+00  1.902334e-15
     vertex -3.427362e+00 -9.394317e+00  2.085957e-15
     vertex -4.435699e+00 -8.962398e+00  1.990052e-15
   endloop
 endfacet
 facet normal  1.131281e-31 -2.220446e-16 -1.000000e+00
   outer loop
     vertex -5.157565e+00 -8.567352e+00  1.902334e-15
     vertex -4.435699e+00 -8.962398e+00  1.990052e-15
     vertex -4.920587e+00 -8.705620e+00  1.933036e-15
   endloop
 endfacet
 facet normal  1.349088e-34 -2.220446e-16 -1.000000e+00
   outer loop
     vertex -5.157565e+00 -8.567352e+00  1.902334e-15
     vertex  5.505698e+00 -8.347891e+00  1.853604e-15
     vertex  6.169515e-01 -9.980950e+00  2.216216e-15
   endloop
 endfacet
 facet normal  1.598456e-33 -2.220446e-16 -1.000000e+00
   outer loop
     vertex -5.157565e+00 -8.567352e+00  1.902334e-15
     vertex  8.232835e+00 -5.676304e+00  1.260393e-15
     vertex  5.505698e+00 -8.347891e+00  1.853604e-15
   endloop
 endfacet
 facet normal  1.240636e-32 -2.220446e-16 -1.000000e+00
   outer loop
     vertex -5.157565e+00 -8.567352e+00  1.902334e-15
     vertex  6.169515e-01 -9.980950e+00  2.216216e-15
     vertex -7.538152e-01 -9.971548e+00  2.214128e-15
   endloop
 endfacet
 facet normal  1.940093e-32 -2.220446e-16 -1.000000e+00
   outer loop
     vertex -5.157565e+00 -8.567352e+00  1.902334e-15
     vertex -7.538152e-01 -9.971548e+00  2.214128e-15
     vertex -3.427362e+00 -9.394317e+00  2.085957e-15
   endloop
 endfacet
 facet normal -1.210136e-32 -2.220446e-16 -1.000000e+00
   outer loop
     vertex  8.385460e+00  5.448308e+00 -1.209767e-15
     vertex  8.232835e+00 -5.676304e+00  1.260393e-15
     vertex -5.157565e+00 -8.567352e+00  1.902334e-15
   endloop
 endfacet
 facet normal  2.044324e-31 -2.220446e-16 -1.000000e+00
   outer loop
     vertex  8.385460e+00  5.448308e+00 -1.209767e-15
     vertex  8.531773e+00  5.216210e+00 -1.158231e-15
     vertex  8.671664e+00  4.980186e+00 -1.105823e-15
   endloop
 endfacet
 facet normal -1.670869e-31 -2.220446e-16 -1.000000e+00
   outer loop
     vertex  8.385460e+00  5.448308e+00 -1.209767e-15
     vertex  9.966142e+00  8.221955e-01 -1.825641e-16
     vertex  9.271267e+00 -3.747479e+00  8.321075e-16
   endloop
 endfacet
 facet normal  1.132770e-31 -2.220446e-16 -1.000000e+00
   outer loop
     vertex  8.385460e+00  5.448308e+00 -1.209767e-15
     vertex  9.816126e+00  1.908838e+00 -4.238472e-16
     vertex  9.966142e+00  8.221955e-01 -1.825641e-16
   endloop
 endfacet
 facet normal -4.840604e-32 -2.220446e-16 -1.000000e+00
   outer loop
     vertex  8.385460e+00  5.448308e+00 -1.209767e-15
     vertex  9.271267e+00 -3.747479e+00  8.321075e-16
     vertex  8.232835e+00 -5.676304e+00  1.260393e-15
   endloop
 endfacet
 facet normal -2.060395e-31 -2.220446e-16 -1.000000e+00
   outer loop
     vertex  8.385460e+00  5.448308e+00 -1.209767e-15
     vertex  8.671664e+00  4.980186e+00 -1.105823e-15
     vertex  9.816126e+00  1.908838e+00 -4.238472e-16
   endloop
 endfacet
 facet normal  2.238838e-31 -2.220446e-16 -1.000000e+00
   outer loop
     vertex -5.619699e+00 -8.271577e+00  1.836659e-15
     vertex -5.157565e+00 -8.567352e+00  1.902334e-15
     vertex -5.390661e+00 -8.422635e+00  1.870201e-15
   endloop
 endfacet
 facet normal  6.076727e-32 -2.220446e-16 -1.000000e+00
   outer loop
     vertex -6.064915e+00 -7.950900e+00  1.765454e-15
     vertex -5.619699e+00 -8.271577e+00  1.836659e-15
     vertex -5.844507e+00 -8.114292e+00  1.801735e-15
   endloop
 endfacet
 facet normal  7.017139e-30 -2.220446e-16 -1.000000e+00
   outer loop
     vertex  7.909112e+00  6.119310e+00 -1.358760e-15
     vertex  8.232835e+00  5.676304e+00 -1.260393e-15
     vertex  8.385460e+00  5.448308e+00 -1.209767e-15
   endloop
 endfacet
 facet normal  2.082073e-29 -2.220446e-16 -1.000000e+00
   outer loop
     vertex  7.909112e+00  6.119310e+00 -1.358760e-15
     vertex  8.074012e+00  5.900028e+00 -1.310069e-15
     vertex  8.232835e+00  5.676304e+00 -1.260393e-15
   endloop
 endfacet
 facet normal -3.178839e-32 -2.220446e-16 -1.000000e+00
   outer loop
     vertex  7.561578e+00  6.543893e+00 -1.453036e-15
     vertex  7.738257e+00  6.333986e+00 -1.406427e-15
     vertex  7.909112e+00  6.119310e+00 -1.358760e-15
   endloop
 endfacet
 facet normal  3.259580e-33 -2.220446e-16 -1.000000e+00
   outer loop
     vertex -6.698100e+00 -7.425325e+00  1.648753e-15
     vertex -5.157565e+00 -8.567352e+00  1.902334e-15
     vertex -5.619699e+00 -8.271577e+00  1.836659e-15
   endloop
 endfacet
 facet normal  7.544660e-32 -2.220446e-16 -1.000000e+00
   outer loop
     vertex -6.698100e+00 -7.425325e+00  1.648753e-15
     vertex -5.619699e+00 -8.271577e+00  1.836659e-15
     vertex -6.064915e+00 -7.950900e+00  1.765454e-15
   endloop
 endfacet
 facet normal -5.519798e-31 -2.220446e-16 -1.000000e+00
   outer loop
     vertex -6.698100e+00 -7.425325e+00  1.648753e-15
     vertex -6.280757e+00 -7.781522e+00  1.727845e-15
     vertex -6.491872e+00 -7.606287e+00  1.688935e-15
   endloop
 endfacet
 facet normal  3.142240e-31 -2.220446e-16 -1.000000e+00
   outer loop
     vertex -6.698100e+00 -7.425325e+00  1.648753e-15
     vertex -6.064915e+00 -7.950900e+00  1.765454e-15
     vertex -6.280757e+00 -7.781522e+00  1.727845e-15
   endloop
 endfacet
 facet normal -4.602581e-31 -2.220446e-16 -1.000000e+00
   outer loop
     vertex  7.191280e+00  6.948776e+00 -1.542938e-15
     vertex  7.379206e+00  6.748875e+00 -1.498551e-15
     vertex  7.561578e+00  6.543893e+00 -1.453036e-15
   endloop
 endfacet
 facet normal -3.167035e-31 -2.220446e-16 -1.000000e+00
   outer loop
     vertex  7.191280e+00  6.948776e+00 -1.542938e-15
     vertex  7.561578e+00  6.543893e+00 -1.453036e-15
     vertex  7.909112e+00  6.119310e+00 -1.358760e-15
   endloop
 endfacet
 facet normal -2.227718e-31 -2.220446e-16 -1.000000e+00
   outer loop
     vertex -7.285929e+00 -6.849470e+00  1.520888e-15
     vertex -6.899286e+00 -7.238775e+00  1.607331e-15
     vertex -7.095278e+00 -7.046775e+00  1.564698e-15
   endloop
 endfacet
 facet normal -4.022049e-31 -2.220446e-16 -1.000000e+00
   outer loop
     vertex -7.285929e+00 -6.849470e+00  1.520888e-15
     vertex -6.698100e+00 -7.425325e+00  1.648753e-15
     vertex -6.899286e+00 -7.238775e+00  1.607331e-15
   endloop
 endfacet
 facet normal -1.513209e-32 -2.220446e-16 -1.000000e+00
   outer loop
     vertex -7.285929e+00 -6.849470e+00  1.520888e-15
     vertex -5.157565e+00 -8.567352e+00  1.902334e-15
     vertex -6.698100e+00 -7.425325e+00  1.648753e-15
   endloop
 endfacet
 facet normal  3.455638e-31 -2.220446e-16 -1.000000e+00
   outer loop
     vertex -7.650637e+00 -6.439545e+00  1.429866e-15
     vertex -7.285929e+00 -6.849470e+00  1.520888e-15
     vertex -7.471095e+00 -6.647010e+00  1.475933e-15
   endloop
 endfacet
 facet normal  1.150572e-31 -2.220446e-16 -1.000000e+00
   outer loop
     vertex  6.386916e+00  7.694628e+00 -1.708551e-15
     vertex  6.799333e+00  7.332740e+00 -1.628195e-15
     vertex  6.997940e+00  7.143447e+00 -1.586164e-15
   endloop
 endfacet
 facet normal -2.326848e-31 -2.220446e-16 -1.000000e+00
   outer loop
     vertex  6.386916e+00  7.694628e+00 -1.708551e-15
     vertex  6.595607e+00  7.516513e+00 -1.669001e-15
     vertex  6.799333e+00  7.332740e+00 -1.628195e-15
   endloop
 endfacet
 facet normal  3.694936e-32 -2.220446e-16 -1.000000e+00
   outer loop
     vertex  6.173417e+00  7.866951e+00 -1.746814e-15
     vertex  6.386916e+00  7.694628e+00 -1.708551e-15
     vertex  6.997940e+00  7.143447e+00 -1.586164e-15
   endloop
 endfacet
 facet normal  8.878240e-32 -2.220446e-16 -1.000000e+00
   outer loop
     vertex  5.955271e+00  8.033352e+00 -1.783762e-15
     vertex  6.173417e+00  7.866951e+00 -1.746814e-15
     vertex  6.997940e+00  7.143447e+00 -1.586164e-15
   endloop
 endfacet
 facet normal -2.129829e-29 -2.220446e-16 -1.000000e+00
   outer loop
     vertex -8.154191e+00 -5.788711e+00  1.285352e-15
     vertex -7.824421e+00 -6.227234e+00  1.382724e-15
     vertex -7.992314e+00 -6.010234e+00  1.334540e-15
   endloop
 endfacet
 facet normal -6.148317e-30 -2.220446e-16 -1.000000e+00
   outer loop
     vertex -8.154191e+00 -5.788711e+00  1.285352e-15
     vertex -7.650637e+00 -6.439545e+00  1.429866e-15
     vertex -7.824421e+00 -6.227234e+00  1.382724e-15
   endloop
 endfacet
 facet normal -4.975582e-31 -2.220446e-16 -1.000000e+00
   outer loop
     vertex -8.154191e+00 -5.788711e+00  1.285352e-15
     vertex -5.157565e+00 -8.567352e+00  1.902334e-15
     vertex -7.285929e+00 -6.849470e+00  1.520888e-15
   endloop
 endfacet
 facet normal -2.400727e-30 -2.220446e-16 -1.000000e+00
   outer loop
     vertex -8.154191e+00 -5.788711e+00  1.285352e-15
     vertex -7.285929e+00 -6.849470e+00  1.520888e-15
     vertex -7.650637e+00 -6.439545e+00  1.429866e-15
   endloop
 endfacet
 facet normal  2.374084e-32 -2.220446e-16 -1.000000e+00
   outer loop
     vertex  5.505698e+00  8.347891e+00 -1.853604e-15
     vertex  5.732642e+00  8.193706e+00 -1.819368e-15
     vertex  5.955271e+00  8.033352e+00 -1.783762e-15
   endloop
 endfacet
 facet normal  2.731221e-31 -2.220446e-16 -1.000000e+00
   outer loop
     vertex -8.459413e+00 -5.332761e+00  1.184111e-15
     vertex -8.154191e+00 -5.788711e+00  1.285352e-15
     vertex -8.309929e+00 -5.562829e+00  1.235196e-15
   endloop
 endfacet
 facet normal -8.982829e-32 -2.220446e-16 -1.000000e+00
   outer loop
     vertex  5.274609e+00  8.495793e+00 -1.886445e-15
     vertex  5.955271e+00  8.033352e+00 -1.783762e-15
     vertex  6.997940e+00  7.143447e+00 -1.586164e-15
   endloop
 endfacet
 facet normal -1.883190e-31 -2.220446e-16 -1.000000e+00
   outer loop
     vertex  5.274609e+00  8.495793e+00 -1.886445e-15
     vertex  5.505698e+00  8.347891e+00 -1.853604e-15
     vertex  5.955271e+00  8.033352e+00 -1.783762e-15
   endloop
 endfacet
 facet normal -2.462507e-32 -2.220446e-16 -1.000000e+00
   outer loop
     vertex  4.800697e+00  8.772303e+00 -1.947843e-15
     vertex  5.039550e+00  8.637299e+00 -1.917866e-15
     vertex  5.274609e+00  8.495793e+00 -1.886445e-15
   endloop
 endfacet
 facet normal -3.030278e-31 -2.220446e-16 -1.000000e+00
   outer loop
     vertex -8.869228e+00 -4.619176e+00  1.025663e-15
     vertex -8.602528e+00 -5.098678e+00  1.132134e-15
     vertex -8.739167e+00 -4.860756e+00  1.079305e-15
   endloop
 endfacet
 facet normal -7.936596e-31 -2.220446e-16 -1.000000e+00
   outer loop
     vertex -8.869228e+00 -4.619176e+00  1.025663e-15
     vertex -8.459413e+00 -5.332761e+00  1.184111e-15
     vertex -8.602528e+00 -5.098678e+00  1.132134e-15
   endloop
 endfacet
 facet normal  1.692829e-31 -2.220446e-16 -1.000000e+00
   outer loop
     vertex  4.312333e+00  9.022405e+00 -2.003376e-15
     vertex  4.558231e+00  8.900704e+00 -1.976353e-15
     vertex  4.800697e+00  8.772303e+00 -1.947843e-15
   endloop
 endfacet
 facet normal -6.596413e-32 -2.220446e-16 -1.000000e+00
   outer loop
     vertex -9.109228e+00 -4.125769e+00  9.161047e-16
     vertex -8.459413e+00 -5.332761e+00  1.184111e-15
     vertex -8.869228e+00 -4.619176e+00  1.025663e-15
   endloop
 endfacet
 facet normal  6.836294e-31 -2.220446e-16 -1.000000e+00
   outer loop
     vertex -9.109228e+00 -4.125769e+00  9.161047e-16
     vertex -8.869228e+00 -4.619176e+00  1.025663e-15
     vertex -8.992613e+00 -4.374119e+00  9.712495e-16
   endloop
 endfacet
 facet normal  2.461278e-32 -2.220446e-16 -1.000000e+00
   outer loop
     vertex  4.063188e+00  9.137314e+00 -2.028891e-15
     vertex  4.312333e+00  9.022405e+00 -2.003376e-15
     vertex  4.800697e+00  8.772303e+00 -1.947843e-15
   endloop
 endfacet
 facet normal -9.593087e-31 -2.220446e-16 -1.000000e+00
   outer loop
     vertex -9.321804e+00 -3.619940e+00  8.037882e-16
     vertex -9.109228e+00 -4.125769e+00  9.161047e-16
     vertex -9.218986e+00 -3.874313e+00  8.602702e-16
   endloop
 endfacet
 facet normal  2.359798e-32 -2.220446e-16 -1.000000e+00
   outer loop
     vertex  3.555914e+00  9.346415e+00 -2.075321e-15
     vertex  4.063188e+00  9.137314e+00 -2.028891e-15
     vertex  4.800697e+00  8.772303e+00 -1.947843e-15
   endloop
 endfacet
 facet normal  1.642867e-31 -2.220446e-16 -1.000000e+00
   outer loop
     vertex  3.555914e+00  9.346415e+00 -2.075321e-15
     vertex  3.810986e+00  9.245344e+00 -2.052879e-15
     vertex  4.063188e+00  9.137314e+00 -2.028891e-15
   endloop
 endfacet
 facet normal  7.174541e-32 -2.220446e-16 -1.000000e+00
   outer loop
     vertex  3.555914e+00  9.346415e+00 -2.075321e-15
     vertex  4.800697e+00  8.772303e+00 -1.947843e-15
     vertex  5.274609e+00  8.495793e+00 -1.886445e-15
   endloop
 endfacet
 facet normal  4.015922e-32 -2.220446e-16 -1.000000e+00
   outer loop
     vertex -9.417605e+00 -3.362843e+00  7.467012e-16
     vertex -9.109228e+00 -4.125769e+00  9.161047e-16
     vertex -9.321804e+00 -3.619940e+00  8.037882e-16
   endloop
 endfacet
 facet normal  1.263906e-32 -2.220446e-16 -1.000000e+00
   outer loop
     vertex  3.298166e+00  9.440450e+00 -2.096201e-15
     vertex  3.555914e+00  9.346415e+00 -2.075321e-15
     vertex  5.274609e+00  8.495793e+00 -1.886445e-15
   endloop
 endfacet
 facet normal -4.880464e-31 -2.220446e-16 -1.000000e+00
   outer loop
     vertex -9.587873e+00 -2.841250e+00  6.308841e-16
     vertex -8.459413e+00 -5.332761e+00  1.184111e-15
     vertex -9.109228e+00 -4.125769e+00  9.161047e-16
   endloop
 endfacet
 facet normal -2.415936e-30 -2.220446e-16 -1.000000e+00
   outer loop
     vertex -9.587873e+00 -2.841250e+00  6.308841e-16
     vertex -9.109228e+00 -4.125769e+00  9.161047e-16
     vertex -9.417605e+00 -3.362843e+00  7.467012e-16
   endloop
 endfacet
 facet normal -1.354687e-29 -2.220446e-16 -1.000000e+00
   outer loop
     vertex -9.587873e+00 -2.841250e+00  6.308841e-16
     vertex -9.417605e+00 -3.362843e+00  7.467012e-16
     vertex -9.506317e+00 -3.103214e+00  6.890520e-16
   endloop
 endfacet
 facet normal  5.366679e-32 -2.220446e-16 -1.000000e+00
   outer loop
     vertex  2.775416e+00  9.607136e+00 -2.133213e-15
     vertex  3.037934e+00  9.527379e+00 -2.115503e-15
     vertex  3.298166e+00  9.440450e+00 -2.096201e-15
   endloop
 endfacet
 facet normal -1.457117e-32 -2.220446e-16 -1.000000e+00
   outer loop
     vertex  2.510809e+00  9.679661e+00 -2.149317e-15
     vertex  2.775416e+00  9.607136e+00 -2.133213e-15
     vertex  3.298166e+00  9.440450e+00 -2.096201e-15
   endloop
 endfacet
 facet normal -3.592959e-33 -2.220446e-16 -1.000000e+00
   outer loop
     vertex  2.510809e+00  9.679661e+00 -2.149317e-15
     vertex  3.298166e+00  9.440450e+00 -2.096201e-15
     vertex  5.274609e+00  8.495793e+00 -1.886445e-15
   endloop
 endfacet
 facet normal  9.515574e-33 -2.220446e-16 -1.000000e+00
   outer loop
     vertex  2.510809e+00  9.679661e+00 -2.149317e-15
     vertex  5.274609e+00  8.495793e+00 -1.886445e-15
     vertex  6.997940e+00  7.143447e+00 -1.586164e-15
   endloop
 endfacet
 facet normal  4.040415e-32 -2.220446e-16 -1.000000e+00
   outer loop
     vertex  1.976125e+00  9.802802e+00 -2.176659e-15
     vertex  2.244312e+00  9.744899e+00 -2.163802e-15
     vertex  2.510809e+00  9.679661e+00 -2.149317e-15
   endloop
 endfacet
 facet normal  5.387495e-31 -2.220446e-16 -1.000000e+00
   outer loop
     vertex -9.841389e+00 -1.773998e+00  3.939066e-16
     vertex -9.729276e+00 -2.311102e+00  5.131678e-16
     vertex -9.789017e+00 -2.043319e+00  4.537080e-16
   endloop
 endfacet
 facet normal -5.802684e-31 -2.220446e-16 -1.000000e+00
   outer loop
     vertex -9.841389e+00 -1.773998e+00  3.939066e-16
     vertex -9.662211e+00 -2.577146e+00  5.722414e-16
     vertex -9.729276e+00 -2.311102e+00  5.131678e-16
   endloop
 endfacet
 facet normal -2.626501e-31 -2.220446e-16 -1.000000e+00
   outer loop
     vertex -9.841389e+00 -1.773998e+00  3.939066e-16
     vertex -9.587873e+00 -2.841250e+00  6.308841e-16
     vertex -9.662211e+00 -2.577146e+00  5.722414e-16
   endloop
 endfacet
 facet normal  3.399267e-33 -2.220446e-16 -1.000000e+00
   outer loop
     vertex -9.886353e+00 -1.503341e+00  3.338087e-16
     vertex -9.587873e+00 -2.841250e+00  6.308841e-16
     vertex -9.841389e+00 -1.773998e+00  3.939066e-16
   endloop
 endfacet
 facet normal  2.606365e-32 -2.220446e-16 -1.000000e+00
   outer loop
     vertex  1.435492e+00  9.896432e+00 -2.197449e-15
     vertex  1.706451e+00  9.853326e+00 -2.187878e-15
     vertex  1.976125e+00  9.802802e+00 -2.176659e-15
   endloop
 endfacet
 facet normal -1.103246e-33 -2.220446e-16 -1.000000e+00
   outer loop
     vertex  1.163452e+00  9.932088e+00 -2.205367e-15
     vertex  1.976125e+00  9.802802e+00 -2.176659e-15
     vertex  2.510809e+00  9.679661e+00 -2.149317e-15
   endloop
 endfacet
 facet normal  1.312560e-32 -2.220446e-16 -1.000000e+00
   outer loop
     vertex  1.163452e+00  9.932088e+00 -2.205367e-15
     vertex  1.435492e+00  9.896432e+00 -2.197449e-15
     vertex  1.976125e+00  9.802802e+00 -2.176659e-15
   endloop
 endfacet
 facet normal -3.875489e-33 -2.220446e-16 -1.000000e+00
   outer loop
     vertex  1.163452e+00  9.932088e+00 -2.205367e-15
     vertex  2.510809e+00  9.679661e+00 -2.149317e-15
     vertex  6.997940e+00  7.143447e+00 -1.586164e-15
   endloop
 endfacet
 facet normal -4.031930e-33 -2.220446e-16 -1.000000e+00
   outer loop
     vertex  6.169515e-01  9.980950e+00 -2.216216e-15
     vertex  8.905371e-01  9.960268e+00 -2.211624e-15
     vertex  1.163452e+00  9.932088e+00 -2.205367e-15
   endloop
 endfacet
 facet normal  1.485730e-30 -2.220446e-16 -1.000000e+00
   outer loop
     vertex -9.991532e+00 -4.114462e-01  9.135940e-17
     vertex -9.953925e+00 -9.588368e-01  2.129045e-16
     vertex -9.976484e+00 -6.853995e-01  1.521893e-16
   endloop
 endfacet
 facet normal -6.596889e-32 -2.220446e-16 -1.000000e+00
   outer loop
     vertex -9.991532e+00 -4.114462e-01  9.135940e-17
     vertex -8.459413e+00 -5.332761e+00  1.184111e-15
     vertex -9.587873e+00 -2.841250e+00  6.308841e-16
   endloop
 endfacet
 facet normal  2.453299e-31 -2.220446e-16 -1.000000e+00
   outer loop
     vertex -9.991532e+00 -4.114462e-01  9.135940e-17
     vertex -9.923874e+00 -1.231552e+00  2.734596e-16
     vertex -9.953925e+00 -9.588368e-01  2.129045e-16
   endloop
 endfacet
 facet normal  4.229053e-30 -2.220446e-16 -1.000000e+00
   outer loop
     vertex -9.991532e+00 -4.114462e-01  9.135940e-17
     vertex -9.886353e+00 -1.503341e+00  3.338087e-16
     vertex -9.923874e+00 -1.231552e+00  2.734596e-16
   endloop
 endfacet
 facet normal -2.035527e-31 -2.220446e-16 -1.000000e+00
   outer loop
     vertex -9.991532e+00 -4.114462e-01  9.135940e-17
     vertex -9.587873e+00 -2.841250e+00  6.308841e-16
     vertex -9.886353e+00 -1.503341e+00  3.338087e-16
   endloop
 endfacet
 facet normal -4.527513e-34 -2.220446e-16 -1.000000e+00
   outer loop
     vertex  6.859319e-02  9.999765e+00 -2.220394e-15
     vertex  3.429014e-01  9.994119e+00 -2.219140e-15
     vertex  6.169515e-01  9.980950e+00 -2.216216e-15
   endloop
 endfacet
 facet normal -1.235891e-33 -2.220446e-16 -1.000000e+00
   outer loop
     vertex  6.859319e-02  9.999765e+00 -2.220394e-15
     vertex  6.169515e-01  9.980950e+00 -2.216216e-15
     vertex  1.163452e+00  9.932088e+00 -2.205367e-15
   endloop
 endfacet
 facet normal  7.442229e-31 -2.220446e-16 -1.000000e+00
   outer loop
     vertex -9.976484e+00  6.853995e-01 -1.521893e-16
     vertex -9.999059e+00  1.371831e-01 -3.046078e-17
     vertex -9.991532e+00  4.114462e-01 -9.135940e-17
   endloop
 endfacet
 facet normal  3.526011e-30 -2.220446e-16 -1.000000e+00
   outer loop
     vertex -9.976484e+00  6.853995e-01 -1.521893e-16
     vertex -9.999059e+00 -1.371831e-01  3.046078e-17
     vertex -9.999059e+00  1.371831e-01 -3.046078e-17
   endloop
 endfacet
 facet normal  2.390151e-34 -2.220446e-16 -1.000000e+00
   outer loop
     vertex -7.538152e-01  9.971548e+00 -2.214128e-15
     vertex  1.163452e+00  9.932088e+00 -2.205367e-15
     vertex  6.997940e+00  7.143447e+00 -1.586164e-15
   endloop
 endfacet
 facet normal  1.171319e-33 -2.220446e-16 -1.000000e+00
   outer loop
     vertex -7.538152e-01  9.971548e+00 -2.214128e-15
     vertex -2.057667e-01  9.997883e+00 -2.219976e-15
     vertex  6.859319e-02  9.999765e+00 -2.220394e-15
   endloop
 endfacet
 facet normal  2.570428e-34 -2.220446e-16 -1.000000e+00
   outer loop
     vertex -7.538152e-01  9.971548e+00 -2.214128e-15
     vertex -4.799716e-01  9.988475e+00 -2.217887e-15
     vertex -2.057667e-01  9.997883e+00 -2.219976e-15
   endloop
 endfacet
 facet normal  1.125886e-34 -2.220446e-16 -1.000000e+00
   outer loop
     vertex -7.538152e-01  9.971548e+00 -2.214128e-15
     vertex  6.859319e-02  9.999765e+00 -2.220394e-15
     vertex  1.163452e+00  9.932088e+00 -2.205367e-15
   endloop
 endfacet
 facet normal  1.009975e-32 -2.220446e-16 -1.000000e+00
   outer loop
     vertex -9.953925e+00  9.588368e-01 -2.129045e-16
     vertex  8.385460e+00  5.448308e+00 -1.209767e-15
     vertex -5.157565e+00 -8.567352e+00  1.902334e-15
   endloop
 endfacet
 facet normal -3.611869e-31 -2.220446e-16 -1.000000e+00
   outer loop
     vertex -9.953925e+00  9.588368e-01 -2.129045e-16
     vertex -9.991532e+00 -4.114462e-01  9.135940e-17
     vertex -9.999059e+00 -1.371831e-01  3.046078e-17
   endloop
 endfacet
 facet normal  6.469156e-32 -2.220446e-16 -1.000000e+00
   outer loop
     vertex -9.953925e+00  9.588368e-01 -2.129045e-16
     vertex -8.459413e+00 -5.332761e+00  1.184111e-15
     vertex -9.991532e+00 -4.114462e-01  9.135940e-17
   endloop
 endfacet
 facet normal -1.337052e-30 -2.220446e-16 -1.000000e+00
   outer loop
     vertex -9.953925e+00  9.588368e-01 -2.129045e-16
     vertex -9.999059e+00 -1.371831e-01  3.046078e-17
     vertex -9.976484e+00  6.853995e-01 -1.521893e-16
   endloop
 endfacet
 facet normal  2.059332e-31 -2.220446e-16 -1.000000e+00
   outer loop
     vertex -9.953925e+00  9.588368e-01 -2.129045e-16
     vertex -5.157565e+00 -8.567352e+00  1.902334e-15
     vertex -8.154191e+00 -5.788711e+00  1.285352e-15
   endloop
 endfacet
 facet normal -7.702239e-32 -2.220446e-16 -1.000000e+00
   outer loop
     vertex -9.953925e+00  9.588368e-01 -2.129045e-16
     vertex -8.154191e+00 -5.788711e+00  1.285352e-15
     vertex -8.459413e+00 -5.332761e+00  1.184111e-15
   endloop
 endfacet
 facet normal  4.568192e-33 -2.220446e-16 -1.000000e+00
   outer loop
     vertex -1.299594e+00  9.915193e+00 -2.201615e-15
     vertex -1.027091e+00  9.947114e+00 -2.208703e-15
     vertex -7.538152e-01  9.971548e+00 -2.214128e-15
   endloop
 endfacet
 facet normal -7.414387e-30 -2.220446e-16 -1.000000e+00
   outer loop
     vertex -9.886353e+00  1.503341e+00 -3.338087e-16
     vertex -9.953925e+00  9.588368e-01 -2.129045e-16
     vertex -9.923874e+00  1.231552e+00 -2.734596e-16
   endloop
 endfacet
 facet normal  2.616845e-30 -2.220446e-16 -1.000000e+00
   outer loop
     vertex -9.841389e+00  1.773998e+00 -3.939066e-16
     vertex -9.953925e+00  9.588368e-01 -2.129045e-16
     vertex -9.886353e+00  1.503341e+00 -3.338087e-16
   endloop
 endfacet
 facet normal  1.132588e-32 -2.220446e-16 -1.000000e+00
   outer loop
     vertex -1.841461e+00  9.828989e+00 -2.182474e-15
     vertex -1.571119e+00  9.875808e+00 -2.192870e-15
     vertex -1.299594e+00  9.915193e+00 -2.201615e-15
   endloop
 endfacet
 facet normal  1.084218e-32 -2.220446e-16 -1.000000e+00
   outer loop
     vertex -1.841461e+00  9.828989e+00 -2.182474e-15
     vertex -1.299594e+00  9.915193e+00 -2.201615e-15
     vertex -7.538152e-01  9.971548e+00 -2.214128e-15
   endloop
 endfacet
 facet normal -5.457728e-31 -2.220446e-16 -1.000000e+00
   outer loop
     vertex -9.729276e+00  2.311102e+00 -5.131678e-16
     vertex -9.841389e+00  1.773998e+00 -3.939066e-16
     vertex -9.789017e+00  2.043319e+00 -4.537080e-16
   endloop
 endfacet
 facet normal  1.561177e-30 -2.220446e-16 -1.000000e+00
   outer loop
     vertex -9.729276e+00  2.311102e+00 -5.131678e-16
     vertex -9.953925e+00  9.588368e-01 -2.129045e-16
     vertex -9.841389e+00  1.773998e+00 -3.939066e-16
   endloop
 endfacet
 facet normal -7.196930e-33 -2.220446e-16 -1.000000e+00
   outer loop
     vertex -2.377784e+00  9.713194e+00 -2.156762e-15
     vertex -1.841461e+00  9.828989e+00 -2.182474e-15
     vertex -7.538152e-01  9.971548e+00 -2.214128e-15
   endloop
 endfacet
 facet normal -3.883001e-32 -2.220446e-16 -1.000000e+00
   outer loop
     vertex -2.377784e+00  9.713194e+00 -2.156762e-15
     vertex -2.110417e+00  9.774771e+00 -2.170435e-15
     vertex -1.841461e+00  9.828989e+00 -2.182474e-15
   endloop
 endfacet
 facet normal  1.236283e-30 -2.220446e-16 -1.000000e+00
   outer loop
     vertex -9.587873e+00  2.841250e+00 -6.308841e-16
     vertex -9.729276e+00  2.311102e+00 -5.131678e-16
     vertex -9.662211e+00  2.577146e+00 -5.722414e-16
   endloop
 endfacet
 facet normal  2.374701e-34 -2.220446e-16 -1.000000e+00
   outer loop
     vertex -2.906949e+00  9.568158e+00 -2.124558e-15
     vertex -2.377784e+00  9.713194e+00 -2.156762e-15
     vertex -7.538152e-01  9.971548e+00 -2.214128e-15
   endloop
 endfacet
 facet normal  4.973541e-32 -2.220446e-16 -1.000000e+00
   outer loop
     vertex -2.906949e+00  9.568158e+00 -2.124558e-15
     vertex -2.643362e+00  9.644306e+00 -2.141466e-15
     vertex -2.377784e+00  9.713194e+00 -2.156762e-15
   endloop
 endfacet
 facet normal -8.673491e-30 -2.220446e-16 -1.000000e+00
   outer loop
     vertex -9.506317e+00  3.103214e+00 -6.890520e-16
     vertex -9.729276e+00  2.311102e+00 -5.131678e-16
     vertex -9.587873e+00  2.841250e+00 -6.308841e-16
   endloop
 endfacet
 facet normal -4.150237e-31 -2.220446e-16 -1.000000e+00
   outer loop
     vertex -9.417605e+00  3.362843e+00 -7.467012e-16
     vertex -9.953925e+00  9.588368e-01 -2.129045e-16
     vertex -9.729276e+00  2.311102e+00 -5.131678e-16
   endloop
 endfacet
 facet normal  2.036283e-30 -2.220446e-16 -1.000000e+00
   outer loop
     vertex -9.417605e+00  3.362843e+00 -7.467012e-16
     vertex -9.729276e+00  2.311102e+00 -5.131678e-16
     vertex -9.506317e+00  3.103214e+00 -6.890520e-16
   endloop
 endfacet
 facet normal  1.414345e-31 -2.220446e-16 -1.000000e+00
   outer loop
     vertex -3.427362e+00  9.394317e+00 -2.085957e-15
     vertex -3.168348e+00  9.484807e+00 -2.106050e-15
     vertex -2.906949e+00  9.568158e+00 -2.124558e-15
   endloop
 endfacet
 facet normal -8.957774e-33 -2.220446e-16 -1.000000e+00
   outer loop
     vertex -3.683796e+00  9.296754e+00 -2.064294e-15
     vertex -2.906949e+00  9.568158e+00 -2.124558e-15
     vertex -7.538152e-01  9.971548e+00 -2.214128e-15
   endloop
 endfacet
 facet normal  2.427758e-32 -2.220446e-16 -1.000000e+00
   outer loop
     vertex -3.683796e+00  9.296754e+00 -2.064294e-15
     vertex -3.427362e+00  9.394317e+00 -2.085957e-15
     vertex -2.906949e+00  9.568158e+00 -2.124558e-15
   endloop
 endfacet
 facet normal  6.828870e-33 -2.220446e-16 -1.000000e+00
   outer loop
     vertex -4.188155e+00  9.080714e+00 -2.016323e-15
     vertex -3.683796e+00  9.296754e+00 -2.064294e-15
     vertex -7.538152e-01  9.971548e+00 -2.214128e-15
   endloop
 endfacet
 facet normal  5.060393e-32 -2.220446e-16 -1.000000e+00
   outer loop
     vertex -4.188155e+00  9.080714e+00 -2.016323e-15
     vertex -3.937458e+00  9.192194e+00 -2.041077e-15
     vertex -3.683796e+00  9.296754e+00 -2.064294e-15
   endloop
 endfacet
 facet normal -8.022574e-31 -2.220446e-16 -1.000000e+00
   outer loop
     vertex -8.992613e+00  4.374119e+00 -9.712495e-16
     vertex -9.321804e+00  3.619940e+00 -8.037882e-16
     vertex -9.218986e+00  3.874313e+00 -8.602702e-16
   endloop
 endfacet
 facet normal -7.368862e-31 -2.220446e-16 -1.000000e+00
   outer loop
     vertex -8.992613e+00  4.374119e+00 -9.712495e-16
     vertex -9.417605e+00  3.362843e+00 -7.467012e-16
     vertex -9.321804e+00  3.619940e+00 -8.037882e-16
   endloop
 endfacet
 facet normal -3.473845e-31 -2.220446e-16 -1.000000e+00
   outer loop
     vertex -8.992613e+00  4.374119e+00 -9.712495e-16
     vertex -9.218986e+00  3.874313e+00 -8.602702e-16
     vertex -9.109228e+00  4.125769e+00 -9.161047e-16
   endloop
 endfacet
 facet normal  2.475906e-31 -2.220446e-16 -1.000000e+00
   outer loop
     vertex -8.739167e+00  4.860756e+00 -1.079305e-15
     vertex -9.953925e+00  9.588368e-01 -2.129045e-16
     vertex -9.417605e+00  3.362843e+00 -7.467012e-16
   endloop
 endfacet
 facet normal -2.228969e-31 -2.220446e-16 -1.000000e+00
   outer loop
     vertex -8.739167e+00  4.860756e+00 -1.079305e-15
     vertex -9.417605e+00  3.362843e+00 -7.467012e-16
     vertex -8.992613e+00  4.374119e+00 -9.712495e-16
   endloop
 endfacet
 facet normal -1.429780e-31 -2.220446e-16 -1.000000e+00
   outer loop
     vertex -8.739167e+00  4.860756e+00 -1.079305e-15
     vertex -8.992613e+00  4.374119e+00 -9.712495e-16
     vertex -8.869228e+00  4.619176e+00 -1.025663e-15
   endloop
 endfacet
 facet normal  1.232602e-31 -2.220446e-16 -1.000000e+00
   outer loop
     vertex -4.920587e+00  8.705620e+00 -1.933036e-15
     vertex -4.435699e+00  8.962398e+00 -1.990052e-15
     vertex -4.188155e+00  9.080714e+00 -2.016323e-15
   endloop
 endfacet
 facet normal -2.035391e-31 -2.220446e-16 -1.000000e+00
   outer loop
     vertex -4.920587e+00  8.705620e+00 -1.933036e-15
     vertex -4.679904e+00  8.837335e+00 -1.962283e-15
     vertex -4.435699e+00  8.962398e+00 -1.990052e-15
   endloop
 endfacet
 facet normal -1.980613e-33 -2.220446e-16 -1.000000e+00
   outer loop
     vertex -5.157565e+00  8.567352e+00 -1.902334e-15
     vertex -4.920587e+00  8.705620e+00 -1.933036e-15
     vertex -4.188155e+00  9.080714e+00 -2.016323e-15
   endloop
 endfacet
 facet normal  2.141511e-33 -2.220446e-16 -1.000000e+00
   outer loop
     vertex -8.459413e+00  5.332761e+00 -1.184111e-15
     vertex  7.909112e+00  6.119310e+00 -1.358760e-15
     vertex  8.385460e+00  5.448308e+00 -1.209767e-15
   endloop
 endfacet
 facet normal  1.248194e-31 -2.220446e-16 -1.000000e+00
   outer loop
     vertex -8.459413e+00  5.332761e+00 -1.184111e-15
     vertex -9.953925e+00  9.588368e-01 -2.129045e-16
     vertex -8.739167e+00  4.860756e+00 -1.079305e-15
   endloop
 endfacet
 facet normal -1.089753e-32 -2.220446e-16 -1.000000e+00
   outer loop
     vertex -8.459413e+00  5.332761e+00 -1.184111e-15
     vertex  7.191280e+00  6.948776e+00 -1.542938e-15
     vertex  7.909112e+00  6.119310e+00 -1.358760e-15
   endloop
 endfacet
 facet normal  4.404294e-34 -2.220446e-16 -1.000000e+00
   outer loop
     vertex -8.459413e+00  5.332761e+00 -1.184111e-15
     vertex  8.385460e+00  5.448308e+00 -1.209767e-15
     vertex -9.953925e+00  9.588368e-01 -2.129045e-16
   endloop
 endfacet
 facet normal -3.360634e-31 -2.220446e-16 -1.000000e+00
   outer loop
     vertex -8.459413e+00  5.332761e+00 -1.184111e-15
     vertex -8.739167e+00  4.860756e+00 -1.079305e-15
     vertex -8.602528e+00  5.098678e+00 -1.132134e-15
   endloop
 endfacet
 facet normal -1.363989e-32 -2.220446e-16 -1.000000e+00
   outer loop
     vertex -8.309929e+00  5.562829e+00 -1.235196e-15
     vertex  6.997940e+00  7.143447e+00 -1.586164e-15
     vertex  7.191280e+00  6.948776e+00 -1.542938e-15
   endloop
 endfacet
 facet normal -1.290899e-32 -2.220446e-16 -1.000000e+00
   outer loop
     vertex -8.309929e+00  5.562829e+00 -1.235196e-15
     vertex  7.191280e+00  6.948776e+00 -1.542938e-15
     vertex -8.459413e+00  5.332761e+00 -1.184111e-15
   endloop
 endfacet
 facet normal -3.812217e-32 -2.220446e-16 -1.000000e+00
   outer loop
     vertex -5.619699e+00  8.271577e+00 -1.836659e-15
     vertex -5.157565e+00  8.567352e+00 -1.902334e-15
     vertex -4.188155e+00  9.080714e+00 -2.016323e-15
   endloop
 endfacet
 facet normal -3.213966e-31 -2.220446e-16 -1.000000e+00
   outer loop
     vertex -5.619699e+00  8.271577e+00 -1.836659e-15
     vertex -5.390661e+00  8.422635e+00 -1.870201e-15
     vertex -5.157565e+00  8.567352e+00 -1.902334e-15
   endloop
 endfacet
 facet normal -2.141910e-29 -2.220446e-16 -1.000000e+00
   outer loop
     vertex -7.992314e+00  6.010234e+00 -1.334540e-15
     vertex -8.309929e+00  5.562829e+00 -1.235196e-15
     vertex -8.154191e+00  5.788711e+00 -1.285352e-15
   endloop
 endfacet
 facet normal  1.624179e-32 -2.220446e-16 -1.000000e+00
   outer loop
     vertex -6.064915e+00  7.950900e+00 -1.765454e-15
     vertex -4.188155e+00  9.080714e+00 -2.016323e-15
     vertex -7.538152e-01  9.971548e+00 -2.214128e-15
   endloop
 endfacet
 facet normal  3.991915e-32 -2.220446e-16 -1.000000e+00
   outer loop
     vertex -6.064915e+00  7.950900e+00 -1.765454e-15
     vertex -5.619699e+00  8.271577e+00 -1.836659e-15
     vertex -4.188155e+00  9.080714e+00 -2.016323e-15
   endloop
 endfacet
 facet normal -5.077911e-34 -2.220446e-16 -1.000000e+00
   outer loop
     vertex -6.064915e+00  7.950900e+00 -1.765454e-15
     vertex -7.538152e-01  9.971548e+00 -2.214128e-15
     vertex  6.997940e+00  7.143447e+00 -1.586164e-15
   endloop
 endfacet
 facet normal  2.470627e-31 -2.220446e-16 -1.000000e+00
   outer loop
     vertex -6.064915e+00  7.950900e+00 -1.765454e-15
     vertex -5.844507e+00  8.114292e+00 -1.801735e-15
     vertex -5.619699e+00  8.271577e+00 -1.836659e-15
   endloop
 endfacet
 facet normal -5.352160e-31 -2.220446e-16 -1.000000e+00
   outer loop
     vertex -7.650637e+00  6.439545e+00 -1.429866e-15
     vertex -7.992314e+00  6.010234e+00 -1.334540e-15
     vertex -7.824421e+00  6.227234e+00 -1.382724e-15
   endloop
 endfacet
 facet normal -2.499422e-31 -2.220446e-16 -1.000000e+00
   outer loop
     vertex -6.491872e+00  7.606287e+00 -1.688935e-15
     vertex -6.280757e+00  7.781522e+00 -1.727845e-15
     vertex -6.064915e+00  7.950900e+00 -1.765454e-15
   endloop
 endfacet
 facet normal  4.012686e-30 -2.220446e-16 -1.000000e+00
   outer loop
     vertex -7.471095e+00  6.647010e+00 -1.475933e-15
     vertex -8.309929e+00  5.562829e+00 -1.235196e-15
     vertex -7.992314e+00  6.010234e+00 -1.334540e-15
   endloop
 endfacet
 facet normal -1.718199e-31 -2.220446e-16 -1.000000e+00
   outer loop
     vertex -7.471095e+00  6.647010e+00 -1.475933e-15
     vertex -7.992314e+00  6.010234e+00 -1.334540e-15
     vertex -7.650637e+00  6.439545e+00 -1.429866e-15
   endloop
 endfacet
 facet normal  5.471772e-31 -2.220446e-16 -1.000000e+00
   outer loop
     vertex -6.899286e+00  7.238775e+00 -1.607331e-15
     vertex -6.698100e+00  7.425325e+00 -1.648753e-15
     vertex -6.491872e+00  7.606287e+00 -1.688935e-15
   endloop
 endfacet
 facet normal  1.041300e-33 -2.220446e-16 -1.000000e+00
   outer loop
     vertex -7.095278e+00  7.046775e+00 -1.564698e-15
     vertex  6.997940e+00  7.143447e+00 -1.586164e-15
     vertex -8.309929e+00  5.562829e+00 -1.235196e-15
   endloop
 endfacet
 facet normal -4.257929e-35 -2.220446e-16 -1.000000e+00
   outer loop
     vertex -7.095278e+00  7.046775e+00 -1.564698e-15
     vertex -6.064915e+00  7.950900e+00 -1.765454e-15
     vertex  6.997940e+00  7.143447e+00 -1.586164e-15
   endloop
 endfacet
 facet normal -1.349342e-31 -2.220446e-16 -1.000000e+00
   outer loop
     vertex -7.095278e+00  7.046775e+00 -1.564698e-15
     vertex -6.491872e+00  7.606287e+00 -1.688935e-15
     vertex -6.064915e+00  7.950900e+00 -1.765454e-15
   endloop
 endfacet
 facet normal  1.201989e-30 -2.220446e-16 -1.000000e+00
   outer loop
     vertex -7.095278e+00  7.046775e+00 -1.564698e-15
     vertex -8.309929e+00  5.562829e+00 -1.235196e-15
     vertex -7.471095e+00  6.647010e+00 -1.475933e-15
   endloop
 endfacet
 facet normal  1.300618e-31 -2.220446e-16 -1.000000e+00
   outer loop
     vertex -7.095278e+00  7.046775e+00 -1.564698e-15
     vertex -6.899286e+00  7.238775e+00 -1.607331e-15
     vertex -6.491872e+00  7.606287e+00 -1.688935e-15
   endloop
 endfacet
 facet normal  7.321356e-31 -2.220446e-16 -1.000000e+00
   outer loop
     vertex -7.095278e+00  7.046775e+00 -1.564698e-15
     vertex -7.471095e+00  6.647010e+00 -1.475933e-15
     vertex -7.285929e+00  6.849470e+00 -1.520888e-15
   endloop
 endfacet
 facet normal  9.999059e-01  1.371831e-02 -3.046078e-18
   outer loop
     vertex  1.000000e+01  4.440892e-15  2.000000e+01
     vertex  1.000000e+01  0.000000e+00  0.000000e+00
     vertex  9.996236e+00  2.743405e-01 -6.091582e-17
   endloop
 endfacet
 facet normal  9.991532e-01  4.114462e-02 -9.135940e-18
   outer loop
     vertex  9.996236e+00  2.743405e-01  2.000000e+01
     vertex  9.996236e+00  2.743405e-01 -6.091582e-17
     vertex  9.984947e+00  5.484744e-01 -1.217858e-16
   endloop
 endfacet
 facet normal  9.999059e-01  1.371831e-02 -3.046078e-18
   outer loop
     vertex  9.996236e+00  2.743405e-01  2.000000e+01
     vertex  1.000000e+01  4.440892e-15  2.000000e+01
     vertex  9.996236e+00  2.743405e-01 -6.091582e-17
   endloop
 endfacet
 facet normal  9.991532e-01  4.114462e-02 -9.135940e-18
   outer loop
     vertex  9.984947e+00  5.484744e-01  2.000000e+01
     vertex  9.996236e+00  2.743405e-01  2.000000e+01
     vertex  9.984947e+00  5.484744e-01 -1.217858e-16
   endloop
 endfacet
 facet normal  9.976484e-01  6.853995e-02 -1.521893e-17
   outer loop
     vertex  9.966142e+00  8.221955e-01  2.000000e+01
     vertex  9.984947e+00  5.484744e-01 -1.217858e-16
     vertex  9.966142e+00  8.221955e-01 -1.825641e-16
   endloop
 endfacet
 facet normal  9.976484e-01  6.853995e-02 -1.521597e-17
   outer loop
     vertex  9.966142e+00  8.221955e-01  2.000000e+01
     vertex  9.984947e+00  5.484744e-01  2.000000e+01
     vertex  9.984947e+00  5.484744e-01 -1.217858e-16
   endloop
 endfacet
 facet normal  9.953925e-01  9.588368e-02 -2.129045e-17
   outer loop
     vertex  9.939835e+00  1.095298e+00  2.000000e+01
     vertex  9.966142e+00  8.221955e-01 -1.825641e-16
     vertex  9.939835e+00  1.095298e+00 -2.432049e-16
   endloop
 endfacet
 facet normal  9.923874e-01  1.231552e-01 -2.734596e-17
   outer loop
     vertex  9.939835e+00  1.095298e+00  2.000000e+01
     vertex  9.939835e+00  1.095298e+00 -2.432049e-16
     vertex  9.906046e+00  1.367575e+00 -3.036627e-16
   endloop
 endfacet
 facet normal  9.953925e-01  9.588368e-02 -2.126270e-17
   outer loop
     vertex  9.939835e+00  1.095298e+00  2.000000e+01
     vertex  9.966142e+00  8.221955e-01  2.000000e+01
     vertex  9.966142e+00  8.221955e-01 -1.825641e-16
   endloop
 endfacet
 facet normal  9.886353e-01  1.503341e-01 -3.338087e-17
   outer loop
     vertex  9.906046e+00  1.367575e+00  2.000000e+01
     vertex  9.906046e+00  1.367575e+00 -3.036627e-16
     vertex  9.864799e+00  1.638824e+00 -3.638919e-16
   endloop
 endfacet
 facet normal  9.923874e-01  1.231552e-01 -2.734596e-17
   outer loop
     vertex  9.906046e+00  1.367575e+00  2.000000e+01
     vertex  9.939835e+00  1.095298e+00  2.000000e+01
     vertex  9.906046e+00  1.367575e+00 -3.036627e-16
   endloop
 endfacet
 facet normal  9.886353e-01  1.503341e-01 -3.338087e-17
   outer loop
     vertex  9.864799e+00  1.638824e+00  2.000000e+01
     vertex  9.906046e+00  1.367575e+00  2.000000e+01
     vertex  9.864799e+00  1.638824e+00 -3.638919e-16
   endloop
 endfacet
 facet normal  9.841389e-01  1.773998e-01 -3.939066e-17
   outer loop
     vertex  9.816126e+00  1.908838e+00  2.000000e+01
     vertex  9.864799e+00  1.638824e+00 -3.638919e-16
     vertex  9.816126e+00  1.908838e+00 -4.238472e-16
   endloop
 endfacet
 facet normal  9.841389e-01  1.773998e-01 -3.937571e-17
   outer loop
     vertex  9.816126e+00  1.908838e+00  2.000000e+01
     vertex  9.864799e+00  1.638824e+00  2.000000e+01
     vertex  9.864799e+00  1.638824e+00 -3.638919e-16
   endloop
 endfacet
 facet normal  9.789017e-01  2.043319e-01 -4.537080e-17
   outer loop
     vertex  9.760065e+00  2.177416e+00  2.000000e+01
     vertex  9.816126e+00  1.908838e+00 -4.238472e-16
     vertex  9.760065e+00  2.177416e+00 -4.834834e-16
   endloop
 endfacet
 facet normal  9.729276e-01  2.311102e-01 -5.131678e-17
   outer loop
     vertex  9.760065e+00  2.177416e+00  2.000000e+01
     vertex  9.760065e+00  2.177416e+00 -4.834834e-16
     vertex  9.696656e+00  2.444354e+00 -5.427557e-16
   endloop
 endfacet
 facet normal  9.789017e-01  2.043319e-01 -4.531976e-17
   outer loop
     vertex  9.760065e+00  2.177416e+00  2.000000e+01
     vertex  9.816126e+00  1.908838e+00  2.000000e+01
     vertex  9.816126e+00  1.908838e+00 -4.238472e-16
   endloop
 endfacet
 facet normal  9.729276e-01  2.311102e-01 -5.131678e-17
   outer loop
     vertex  9.696656e+00  2.444354e+00  2.000000e+01
     vertex  9.760065e+00  2.177416e+00  2.000000e+01
     vertex  9.696656e+00  2.444354e+00 -5.427557e-16
   endloop
 endfacet
 facet normal  9.662211e-01  2.577146e-01 -5.742979e-17
   outer loop
     vertex  9.625948e+00  2.709453e+00  2.000000e+01
     vertex  9.696656e+00  2.444354e+00  2.000000e+01
     vertex  9.696656e+00  2.444354e+00 -5.427557e-16
   endloop
 endfacet
 facet normal  9.662211e-01  2.577146e-01 -5.722414e-17
   outer loop
     vertex  9.625948e+00  2.709453e+00  2.000000e+01
     vertex  9.696656e+00  2.444354e+00 -5.427557e-16
     vertex  9.625948e+00  2.709453e+00 -6.016194e-16
   endloop
 endfacet
 facet normal  9.587873e-01  2.841250e-01 -6.308841e-17
   outer loop
     vertex  9.625948e+00  2.709453e+00  2.000000e+01
     vertex  9.625948e+00  2.709453e+00 -6.016194e-16
     vertex  9.547993e+00  2.972512e+00 -6.600302e-16
   endloop
 endfacet
 facet normal  9.587873e-01  2.841250e-01 -6.308841e-17
   outer loop
     vertex  9.547993e+00  2.972512e+00  2.000000e+01
     vertex  9.625948e+00  2.709453e+00  2.000000e+01
     vertex  9.547993e+00  2.972512e+00 -6.600302e-16
   endloop
 endfacet
 facet normal  9.506317e-01  3.103214e-01 -6.890520e-17
   outer loop
     vertex  9.547993e+00  2.972512e+00  2.000000e+01
     vertex  9.547993e+00  2.972512e+00 -6.600302e-16
     vertex  9.462851e+00  3.233333e+00 -7.179441e-16
   endloop
 endfacet
 facet normal  9.506317e-01  3.103214e-01 -6.890520e-17
   outer loop
     vertex  9.462851e+00  3.233333e+00  2.000000e+01
     vertex  9.547993e+00  2.972512e+00  2.000000e+01
     vertex  9.462851e+00  3.233333e+00 -7.179441e-16
   endloop
 endfacet
 facet normal  9.417605e-01  3.362843e-01 -7.467012e-17
   outer loop
     vertex  9.370586e+00  3.491720e+00  2.000000e+01
     vertex  9.462851e+00  3.233333e+00 -7.179441e-16
     vertex  9.370586e+00  3.491720e+00 -7.753177e-16
   endloop
 endfacet
 facet normal  9.417605e-01  3.362843e-01 -7.454269e-17
   outer loop
     vertex  9.370586e+00  3.491720e+00  2.000000e+01
     vertex  9.462851e+00  3.233333e+00  2.000000e+01
     vertex  9.462851e+00  3.233333e+00 -7.179441e-16
   endloop
 endfacet
 facet normal  9.321804e-01  3.619940e-01 -8.037882e-17
   outer loop
     vertex  9.271267e+00  3.747479e+00  2.000000e+01
     vertex  9.370586e+00  3.491720e+00 -7.753177e-16
     vertex  9.271267e+00  3.747479e+00 -8.321075e-16
   endloop
 endfacet
 facet normal  9.321804e-01  3.619940e-01 -8.006704e-17
   outer loop
     vertex  9.271267e+00  3.747479e+00  2.000000e+01
     vertex  9.370586e+00  3.491720e+00  2.000000e+01
     vertex  9.370586e+00  3.491720e+00 -7.753177e-16
   endloop
 endfacet
 facet normal  9.218986e-01  3.874313e-01 -8.602702e-17
   outer loop
     vertex  9.164969e+00  4.000417e+00  2.000000e+01
     vertex  9.271267e+00  3.747479e+00 -8.321075e-16
     vertex  9.164969e+00  4.000417e+00 -8.882710e-16
   endloop
 endfacet
 facet normal  9.218986e-01  3.874313e-01 -8.608134e-17
   outer loop
     vertex  9.164969e+00  4.000417e+00  2.000000e+01
     vertex  9.271267e+00  3.747479e+00  2.000000e+01
     vertex  9.271267e+00  3.747479e+00 -8.321075e-16
   endloop
 endfacet
 facet normal  9.109228e-01  4.125769e-01 -9.161047e-17
   outer loop
     vertex  9.051772e+00  4.250344e+00  2.000000e+01
     vertex  9.164969e+00  4.000417e+00 -8.882710e-16
     vertex  9.051772e+00  4.250344e+00 -9.437659e-16
   endloop
 endfacet
 facet normal  9.109228e-01  4.125769e-01 -9.141228e-17
   outer loop
     vertex  9.051772e+00  4.250344e+00  2.000000e+01
     vertex  9.164969e+00  4.000417e+00  2.000000e+01
     vertex  9.164969e+00  4.000417e+00 -8.882710e-16
   endloop
 endfacet
 facet normal  8.992613e-01  4.374119e-01 -9.712495e-17
   outer loop
     vertex  8.931761e+00  4.497071e+00  2.000000e+01
     vertex  9.051772e+00  4.250344e+00 -9.437659e-16
     vertex  8.931761e+00  4.497071e+00 -9.985503e-16
   endloop
 endfacet
 facet normal  8.992613e-01  4.374119e-01 -9.693176e-17
   outer loop
     vertex  8.931761e+00  4.497071e+00  2.000000e+01
     vertex  9.051772e+00  4.250344e+00  2.000000e+01
     vertex  9.051772e+00  4.250344e+00 -9.437659e-16
   endloop
 endfacet
 facet normal  8.869228e-01  4.619176e-01 -1.025663e-16
   outer loop
     vertex  8.805026e+00  4.740412e+00  2.000000e+01
     vertex  8.931761e+00  4.497071e+00 -9.985503e-16
     vertex  8.805026e+00  4.740412e+00 -1.052583e-15
   endloop
 endfacet
 facet normal  8.869228e-01  4.619176e-01 -1.028108e-16
   outer loop
     vertex  8.805026e+00  4.740412e+00  2.000000e+01
     vertex  8.931761e+00  4.497071e+00  2.000000e+01
     vertex  8.931761e+00  4.497071e+00 -9.985503e-16
   endloop
 endfacet
 facet normal  8.739167e-01  4.860756e-01 -1.079305e-16
   outer loop
     vertex  8.671664e+00  4.980186e+00  2.000000e+01
     vertex  8.805026e+00  4.740412e+00 -1.052583e-15
     vertex  8.671664e+00  4.980186e+00 -1.105823e-15
   endloop
 endfacet
 facet normal  8.739167e-01  4.860756e-01 -1.075388e-16
   outer loop
     vertex  8.671664e+00  4.980186e+00  2.000000e+01
     vertex  8.805026e+00  4.740412e+00  2.000000e+01
     vertex  8.805026e+00  4.740412e+00 -1.052583e-15
   endloop
 endfacet
 facet normal  8.602528e-01  5.098678e-01 -1.132134e-16
   outer loop
     vertex  8.531773e+00  5.216210e+00  2.000000e+01
     vertex  8.671664e+00  4.980186e+00 -1.105823e-15
     vertex  8.531773e+00  5.216210e+00 -1.158231e-15
   endloop
 endfacet
 facet normal  8.602528e-01  5.098678e-01 -1.126851e-16
   outer loop
     vertex  8.531773e+00  5.216210e+00  2.000000e+01
     vertex  8.671664e+00  4.980186e+00  2.000000e+01
     vertex  8.671664e+00  4.980186e+00 -1.105823e-15
   endloop
 endfacet
 facet normal  8.459413e-01  5.332761e-01 -1.184111e-16
   outer loop
     vertex  8.385460e+00  5.448308e+00  2.000000e+01
     vertex  8.531773e+00  5.216210e+00 -1.158231e-15
     vertex  8.385460e+00  5.448308e+00 -1.209767e-15
   endloop
 endfacet
 facet normal  8.459413e-01  5.332761e-01 -1.184363e-16
   outer loop
     vertex  8.385460e+00  5.448308e+00  2.000000e+01
     vertex  8.531773e+00  5.216210e+00  2.000000e+01
     vertex  8.531773e+00  5.216210e+00 -1.158231e-15
   endloop
 endfacet
 facet normal  8.309929e-01  5.562829e-01 -1.235196e-16
   outer loop
     vertex  8.232835e+00  5.676304e+00  2.000000e+01
     vertex  8.385460e+00  5.448308e+00 -1.209767e-15
     vertex  8.232835e+00  5.676304e+00 -1.260393e-15
   endloop
 endfacet
 facet normal  8.309929e-01  5.562829e-01 -1.233620e-16
   outer loop
     vertex  8.232835e+00  5.676304e+00  2.000000e+01
     vertex  8.385460e+00  5.448308e+00  2.000000e+01
     vertex  8.385460e+00  5.448308e+00 -1.209767e-15
   endloop
 endfacet
 facet normal  8.154191e-01  5.788711e-01 -1.285352e-16
   outer loop
     vertex  8.074012e+00  5.900028e+00  2.000000e+01
     vertex  8.232835e+00  5.676304e+00 -1.260393e-15
     vertex  8.074012e+00  5.900028e+00 -1.310069e-15
   endloop
 endfacet
 facet normal  8.154191e-01  5.788711e-01 -1.281789e-16
   outer loop
     vertex  8.074012e+00  5.900028e+00  2.000000e+01
     vertex  8.232835e+00  5.676304e+00  2.000000e+01
     vertex  8.232835e+00  5.676304e+00 -1.260393e-15
   endloop
 endfacet
 facet normal  7.992314e-01  6.010234e-01 -1.334540e-16
   outer loop
     vertex  7.909112e+00  6.119310e+00  2.000000e+01
     vertex  8.074012e+00  5.900028e+00 -1.310069e-15
     vertex  7.909112e+00  6.119310e+00 -1.358760e-15
   endloop
 endfacet
 facet normal  7.992314e-01  6.010234e-01 -1.334878e-16
   outer loop
     vertex  7.909112e+00  6.119310e+00  2.000000e+01
     vertex  8.074012e+00  5.900028e+00  2.000000e+01
     vertex  8.074012e+00  5.900028e+00 -1.310069e-15
   endloop
 endfacet
 facet normal  7.824421e-01  6.227234e-01 -1.382724e-16
   outer loop
     vertex  7.738257e+00  6.333986e+00  2.000000e+01
     vertex  7.909112e+00  6.119310e+00 -1.358760e-15
     vertex  7.738257e+00  6.333986e+00 -1.406427e-15
   endloop
 endfacet
 facet normal  7.650637e-01  6.439545e-01 -1.429866e-16
   outer loop
     vertex  7.738257e+00  6.333986e+00  2.000000e+01
     vertex  7.738257e+00  6.333986e+00 -1.406427e-15
     vertex  7.561578e+00  6.543893e+00 -1.453036e-15
   endloop
 endfacet
 facet normal  7.824421e-01  6.227234e-01 -1.389019e-16
   outer loop
     vertex  7.738257e+00  6.333986e+00  2.000000e+01
     vertex  7.909112e+00  6.119310e+00  2.000000e+01
     vertex  7.909112e+00  6.119310e+00 -1.358760e-15
   endloop
 endfacet
 facet normal  7.650637e-01  6.439545e-01 -1.429866e-16
   outer loop
     vertex  7.561578e+00  6.543893e+00  2.000000e+01
     vertex  7.738257e+00  6.333986e+00  2.000000e+01
     vertex  7.561578e+00  6.543893e+00 -1.453036e-15
   endloop
 endfacet
 facet normal  7.471095e-01  6.647010e-01 -1.475933e-16
   outer loop
     vertex  7.379206e+00  6.748875e+00  2.000000e+01
     vertex  7.561578e+00  6.543893e+00 -1.453036e-15
     vertex  7.379206e+00  6.748875e+00 -1.498551e-15
   endloop
 endfacet
 facet normal  7.471095e-01  6.647010e-01 -1.474918e-16
   outer loop
     vertex  7.379206e+00  6.748875e+00  2.000000e+01
     vertex  7.561578e+00  6.543893e+00  2.000000e+01
     vertex  7.561578e+00  6.543893e+00 -1.453036e-15
   endloop
 endfacet
 facet normal  7.285929e-01  6.849470e-01 -1.520888e-16
   outer loop
     vertex  7.191280e+00  6.948776e+00  2.000000e+01
     vertex  7.379206e+00  6.748875e+00 -1.498551e-15
     vertex  7.191280e+00  6.948776e+00 -1.542938e-15
   endloop
 endfacet
 facet normal  7.095278e-01  7.046775e-01 -1.564698e-16
   outer loop
     vertex  7.191280e+00  6.948776e+00  2.000000e+01
     vertex  7.191280e+00  6.948776e+00 -1.542938e-15
     vertex  6.997940e+00  7.143447e+00 -1.586164e-15
   endloop
 endfacet
 facet normal  7.285929e-01  6.849470e-01 -1.517437e-16
   outer loop
     vertex  7.191280e+00  6.948776e+00  2.000000e+01
     vertex  7.379206e+00  6.748875e+00  2.000000e+01
     vertex  7.379206e+00  6.748875e+00 -1.498551e-15
   endloop
 endfacet
 facet normal  7.095278e-01  7.046775e-01 -1.564698e-16
   outer loop
     vertex  6.997940e+00  7.143447e+00  2.000000e+01
     vertex  7.191280e+00  6.948776e+00  2.000000e+01
     vertex  6.997940e+00  7.143447e+00 -1.586164e-15
   endloop
 endfacet
 facet normal  6.899286e-01  7.238775e-01 -1.607331e-16
   outer loop
     vertex  6.799333e+00  7.332740e+00  2.000000e+01
     vertex  6.997940e+00  7.143447e+00 -1.586164e-15
     vertex  6.799333e+00  7.332740e+00 -1.628195e-15
   endloop
 endfacet
 facet normal  6.698100e-01  7.425325e-01 -1.648753e-16
   outer loop
     vertex  6.799333e+00  7.332740e+00  2.000000e+01
     vertex  6.799333e+00  7.332740e+00 -1.628195e-15
     vertex  6.595607e+00  7.516513e+00 -1.669001e-15
   endloop
 endfacet
 facet normal  6.899286e-01  7.238775e-01 -1.602634e-16
   outer loop
     vertex  6.799333e+00  7.332740e+00  2.000000e+01
     vertex  6.997940e+00  7.143447e+00  2.000000e+01
     vertex  6.997940e+00  7.143447e+00 -1.586164e-15
   endloop
 endfacet
 facet normal  6.698100e-01  7.425325e-01 -1.648753e-16
   outer loop
     vertex  6.595607e+00  7.516513e+00  2.000000e+01
     vertex  6.799333e+00  7.332740e+00  2.000000e+01
     vertex  6.595607e+00  7.516513e+00 -1.669001e-15
   endloop
 endfacet
 facet normal  6.491872e-01  7.606287e-01 -1.688935e-16
   outer loop
     vertex  6.386916e+00  7.694628e+00  2.000000e+01
     vertex  6.595607e+00  7.516513e+00 -1.669001e-15
     vertex  6.386916e+00  7.694628e+00 -1.708551e-15
   endloop
 endfacet
 facet normal  6.491872e-01  7.606287e-01 -1.692166e-16
   outer loop
     vertex  6.386916e+00  7.694628e+00  2.000000e+01
     vertex  6.595607e+00  7.516513e+00  2.000000e+01
     vertex  6.595607e+00  7.516513e+00 -1.669001e-15
   endloop
 endfacet
 facet normal  6.280757e-01  7.781522e-01 -1.727845e-16
   outer loop
     vertex  6.173417e+00  7.866951e+00  2.000000e+01
     vertex  6.386916e+00  7.694628e+00 -1.708551e-15
     vertex  6.173417e+00  7.866951e+00 -1.746814e-15
   endloop
 endfacet
 facet normal  6.280757e-01  7.781522e-01 -1.724540e-16
   outer loop
     vertex  6.173417e+00  7.866951e+00  2.000000e+01
     vertex  6.386916e+00  7.694628e+00  2.000000e+01
     vertex  6.386916e+00  7.694628e+00 -1.708551e-15
   endloop
 endfacet
 facet normal  6.064915e-01  7.950900e-01 -2.118545e-16
   outer loop
     vertex  5.955271e+00  8.033352e+00  2.000000e+01
     vertex  6.173417e+00  7.866951e+00 -1.746814e-15
     vertex  5.955271e+00  8.033352e+00 -1.783762e-15
   endloop
 endfacet
 facet normal  6.064915e-01  7.950900e-01 -1.762019e-16
   outer loop
     vertex  5.955271e+00  8.033352e+00  2.000000e+01
     vertex  6.173417e+00  7.866951e+00  2.000000e+01
     vertex  6.173417e+00  7.866951e+00 -1.746814e-15
   endloop
 endfacet
 facet normal  5.844507e-01  8.114292e-01 -2.162082e-16
   outer loop
     vertex  5.732642e+00  8.193706e+00  2.000000e+01
     vertex  5.955271e+00  8.033352e+00 -1.783762e-15
     vertex  5.732642e+00  8.193706e+00 -1.819368e-15
   endloop
 endfacet
 facet normal  5.844507e-01  8.114292e-01 -2.161641e-16
   outer loop
     vertex  5.732642e+00  8.193706e+00  2.000000e+01
     vertex  5.955271e+00  8.033352e+00  2.000000e+01
     vertex  5.955271e+00  8.033352e+00 -1.783762e-15
   endloop
 endfacet
 facet normal  5.619699e-01  8.271577e-01 -2.203991e-16
   outer loop
     vertex  5.505698e+00  8.347891e+00  2.000000e+01
     vertex  5.732642e+00  8.193706e+00 -1.819368e-15
     vertex  5.505698e+00  8.347891e+00 -1.853604e-15
   endloop
 endfacet
 facet normal  5.390661e-01  8.422635e-01 -2.244241e-16
   outer loop
     vertex  5.505698e+00  8.347891e+00  2.000000e+01
     vertex  5.505698e+00  8.347891e+00 -1.853604e-15
     vertex  5.274609e+00  8.495793e+00 -1.886445e-15
   endloop
 endfacet
 facet normal  5.619699e-01  8.271577e-01 -2.199496e-16
   outer loop
     vertex  5.505698e+00  8.347891e+00  2.000000e+01
     vertex  5.732642e+00  8.193706e+00  2.000000e+01
     vertex  5.732642e+00  8.193706e+00 -1.819368e-15
   endloop
 endfacet
 facet normal  5.390661e-01  8.422635e-01 -2.244241e-16
   outer loop
     vertex  5.274609e+00  8.495793e+00  2.000000e+01
     vertex  5.505698e+00  8.347891e+00  2.000000e+01
     vertex  5.274609e+00  8.495793e+00 -1.886445e-15
   endloop
 endfacet
 facet normal  5.157565e-01  8.567352e-01 -2.280166e-16
   outer loop
     vertex  5.039550e+00  8.637299e+00  2.000000e+01
     vertex  5.274609e+00  8.495793e+00  2.000000e+01
     vertex  5.274609e+00  8.495793e+00 -1.886445e-15
   endloop
 endfacet
 facet normal  5.157565e-01  8.567352e-01 -2.282801e-16
   outer loop
     vertex  5.039550e+00  8.637299e+00  2.000000e+01
     vertex  5.274609e+00  8.495793e+00 -1.886445e-15
     vertex  5.039550e+00  8.637299e+00 -1.917866e-15
   endloop
 endfacet
 facet normal  4.920587e-01  8.705620e-01 -2.319473e-16
   outer loop
     vertex  4.800697e+00  8.772303e+00  2.000000e+01
     vertex  5.039550e+00  8.637299e+00  2.000000e+01
     vertex  5.039550e+00  8.637299e+00 -1.917866e-15
   endloop
 endfacet
 facet normal  4.920587e-01  8.705620e-01 -2.319643e-16
   outer loop
     vertex  4.800697e+00  8.772303e+00  2.000000e+01
     vertex  5.039550e+00  8.637299e+00 -1.917866e-15
     vertex  4.800697e+00  8.772303e+00 -1.947843e-15
   endloop
 endfacet
 facet normal  4.679904e-01  8.837335e-01 -2.352619e-16
   outer loop
     vertex  4.558231e+00  8.900704e+00  2.000000e+01
     vertex  4.800697e+00  8.772303e+00  2.000000e+01
     vertex  4.800697e+00  8.772303e+00 -1.947843e-15
   endloop
 endfacet
 facet normal  4.679904e-01  8.837335e-01 -2.354739e-16
   outer loop
     vertex  4.558231e+00  8.900704e+00  2.000000e+01
     vertex  4.800697e+00  8.772303e+00 -1.947843e-15
     vertex  4.558231e+00  8.900704e+00 -1.976353e-15
   endloop
 endfacet
 facet normal  4.435699e-01  8.962398e-01 -2.385960e-16
   outer loop
     vertex  4.312333e+00  9.022405e+00  2.000000e+01
     vertex  4.558231e+00  8.900704e+00  2.000000e+01
     vertex  4.558231e+00  8.900704e+00 -1.976353e-15
   endloop
 endfacet
 facet normal  4.435699e-01  8.962398e-01 -2.388062e-16
   outer loop
     vertex  4.312333e+00  9.022405e+00  2.000000e+01
     vertex  4.558231e+00  8.900704e+00 -1.976353e-15
     vertex  4.312333e+00  9.022405e+00 -2.003376e-15
   endloop
 endfacet
 facet normal  4.188155e-01  9.080714e-01 -2.422540e-16
   outer loop
     vertex  4.063188e+00  9.137314e+00  2.000000e+01
     vertex  4.312333e+00  9.022405e+00  2.000000e+01
     vertex  4.312333e+00  9.022405e+00 -2.003376e-15
   endloop
 endfacet
 facet normal  4.188155e-01  9.080714e-01 -2.419588e-16
   outer loop
     vertex  4.063188e+00  9.137314e+00  2.000000e+01
     vertex  4.312333e+00  9.022405e+00 -2.003376e-15
     vertex  4.063188e+00  9.137314e+00 -2.028891e-15
   endloop
 endfacet
 facet normal  3.937458e-01  9.192194e-01 -2.450470e-16
   outer loop
     vertex  3.810986e+00  9.245344e+00  2.000000e+01
     vertex  4.063188e+00  9.137314e+00  2.000000e+01
     vertex  4.063188e+00  9.137314e+00 -2.028891e-15
   endloop
 endfacet
 facet normal  3.937458e-01  9.192194e-01 -2.449292e-16
   outer loop
     vertex  3.810986e+00  9.245344e+00  2.000000e+01
     vertex  4.063188e+00  9.137314e+00 -2.028891e-15
     vertex  3.810986e+00  9.245344e+00 -2.052879e-15
   endloop
 endfacet
 facet normal  3.683796e-01  9.296754e-01 -2.477153e-16
   outer loop
     vertex  3.810986e+00  9.245344e+00  2.000000e+01
     vertex  3.810986e+00  9.245344e+00 -2.052879e-15
     vertex  3.555914e+00  9.346415e+00 -2.075321e-15
   endloop
 endfacet
 facet normal  3.683796e-01  9.296754e-01 -2.477153e-16
   outer loop
     vertex  3.555914e+00  9.346415e+00  2.000000e+01
     vertex  3.810986e+00  9.245344e+00  2.000000e+01
     vertex  3.555914e+00  9.346415e+00 -2.075321e-15
   endloop
 endfacet
 facet normal  3.427362e-01  9.394317e-01 -2.501104e-16
   outer loop
     vertex  3.298166e+00  9.440450e+00  2.000000e+01
     vertex  3.555914e+00  9.346415e+00  2.000000e+01
     vertex  3.555914e+00  9.346415e+00 -2.075321e-15
   endloop
 endfacet
 facet normal  3.427362e-01  9.394317e-01 -2.503149e-16
   outer loop
     vertex  3.298166e+00  9.440450e+00  2.000000e+01
     vertex  3.555914e+00  9.346415e+00 -2.075321e-15
     vertex  3.298166e+00  9.440450e+00 -2.096201e-15
   endloop
 endfacet
 facet normal  3.168348e-01  9.484807e-01 -2.527260e-16
   outer loop
     vertex  3.298166e+00  9.440450e+00  2.000000e+01
     vertex  3.298166e+00  9.440450e+00 -2.096201e-15
     vertex  3.037934e+00  9.527379e+00 -2.115503e-15
   endloop
 endfacet
 facet normal  3.168348e-01  9.484807e-01 -2.527260e-16
   outer loop
     vertex  3.037934e+00  9.527379e+00  2.000000e+01
     vertex  3.298166e+00  9.440450e+00  2.000000e+01
     vertex  3.037934e+00  9.527379e+00 -2.115503e-15
   endloop
 endfacet
 facet normal  2.906949e-01  9.568158e-01 -2.549469e-16
   outer loop
     vertex  3.037934e+00  9.527379e+00  2.000000e+01
     vertex  3.037934e+00  9.527379e+00 -2.115503e-15
     vertex  2.775416e+00  9.607136e+00 -2.133213e-15
   endloop
 endfacet
 facet normal  2.643362e-01  9.644306e-01 -2.569759e-16
   outer loop
     vertex  2.775416e+00  9.607136e+00  2.000000e+01
     vertex  2.775416e+00  9.607136e+00 -2.133213e-15
     vertex  2.510809e+00  9.679661e+00 -2.149317e-15
   endloop
 endfacet
 facet normal  2.906949e-01  9.568158e-01 -2.549469e-16
   outer loop
     vertex  2.775416e+00  9.607136e+00  2.000000e+01
     vertex  3.037934e+00  9.527379e+00  2.000000e+01
     vertex  2.775416e+00  9.607136e+00 -2.133213e-15
   endloop
 endfacet
 facet normal  2.377784e-01  9.713194e-01 -2.588115e-16
   outer loop
     vertex  2.510809e+00  9.679661e+00  2.000000e+01
     vertex  2.510809e+00  9.679661e+00 -2.149317e-15
     vertex  2.244312e+00  9.744899e+00 -2.163802e-15
   endloop
 endfacet
 facet normal  2.643362e-01  9.644306e-01 -2.569759e-16
   outer loop
     vertex  2.510809e+00  9.679661e+00  2.000000e+01
     vertex  2.775416e+00  9.607136e+00  2.000000e+01
     vertex  2.510809e+00  9.679661e+00 -2.149317e-15
   endloop
 endfacet
 facet normal  2.377784e-01  9.713194e-01 -2.588115e-16
   outer loop
     vertex  2.244312e+00  9.744899e+00  2.000000e+01
     vertex  2.510809e+00  9.679661e+00  2.000000e+01
     vertex  2.244312e+00  9.744899e+00 -2.163802e-15
   endloop
 endfacet
 facet normal  2.110417e-01  9.774771e-01 -2.604522e-16
   outer loop
     vertex  1.976125e+00  9.802802e+00  2.000000e+01
     vertex  2.244312e+00  9.744899e+00 -2.163802e-15
     vertex  1.976125e+00  9.802802e+00 -2.176659e-15
   endloop
 endfacet
 facet normal  1.841461e-01  9.828989e-01 -2.618969e-16
   outer loop
     vertex  1.976125e+00  9.802802e+00  2.000000e+01
     vertex  1.976125e+00  9.802802e+00 -2.176659e-15
     vertex  1.706451e+00  9.853326e+00 -2.187878e-15
   endloop
 endfacet
 facet normal  2.110417e-01  9.774771e-01 -2.605848e-16
   outer loop
     vertex  1.976125e+00  9.802802e+00  2.000000e+01
     vertex  2.244312e+00  9.744899e+00  2.000000e+01
     vertex  2.244312e+00  9.744899e+00 -2.163802e-15
   endloop
 endfacet
 facet normal  1.841461e-01  9.828989e-01 -2.618969e-16
   outer loop
     vertex  1.706451e+00  9.853326e+00  2.000000e+01
     vertex  1.976125e+00  9.802802e+00  2.000000e+01
     vertex  1.706451e+00  9.853326e+00 -2.187878e-15
   endloop
 endfacet
 facet normal  1.571119e-01  9.875808e-01 -2.631444e-16
   outer loop
     vertex  1.435492e+00  9.896432e+00  2.000000e+01
     vertex  1.706451e+00  9.853326e+00 -2.187878e-15
     vertex  1.435492e+00  9.896432e+00 -2.197449e-15
   endloop
 endfacet
 facet normal  1.571119e-01  9.875808e-01 -2.630905e-16
   outer loop
     vertex  1.435492e+00  9.896432e+00  2.000000e+01
     vertex  1.706451e+00  9.853326e+00  2.000000e+01
     vertex  1.706451e+00  9.853326e+00 -2.187878e-15
   endloop
 endfacet
 facet normal  1.299594e-01  9.915193e-01 -2.641938e-16
   outer loop
     vertex  1.163452e+00  9.932088e+00  2.000000e+01
     vertex  1.435492e+00  9.896432e+00 -2.197449e-15
     vertex  1.163452e+00  9.932088e+00 -2.205367e-15
   endloop
 endfacet
 facet normal  1.027091e-01  9.947114e-01 -2.650444e-16
   outer loop
     vertex  1.163452e+00  9.932088e+00  2.000000e+01
     vertex  1.163452e+00  9.932088e+00 -2.205367e-15
     vertex  8.905371e-01  9.960268e+00 -2.211624e-15
   endloop
 endfacet
 facet normal  1.299594e-01  9.915193e-01 -2.641201e-16
   outer loop
     vertex  1.163452e+00  9.932088e+00  2.000000e+01
     vertex  1.435492e+00  9.896432e+00  2.000000e+01
     vertex  1.435492e+00  9.896432e+00 -2.197449e-15
   endloop
 endfacet
 facet normal  1.027091e-01  9.947114e-01 -2.650444e-16
   outer loop
     vertex  8.905371e-01  9.960268e+00  2.000000e+01
     vertex  1.163452e+00  9.932088e+00  2.000000e+01
     vertex  8.905371e-01  9.960268e+00 -2.211624e-15
   endloop
 endfacet
 facet normal  7.538152e-02  9.971548e-01 -2.656954e-16
   outer loop
     vertex  6.169515e-01  9.980950e+00  2.000000e+01
     vertex  8.905371e-01  9.960268e+00 -2.211624e-15
     vertex  6.169515e-01  9.980950e+00 -2.216216e-15
   endloop
 endfacet
 facet normal  4.799716e-02  9.988475e-01 -2.661464e-16
   outer loop
     vertex  6.169515e-01  9.980950e+00  2.000000e+01
     vertex  6.169515e-01  9.980950e+00 -2.216216e-15
     vertex  3.429014e-01  9.994119e+00 -2.219140e-15
   endloop
 endfacet
 facet normal  7.538152e-02  9.971548e-01 -2.656322e-16
   outer loop
     vertex  6.169515e-01  9.980950e+00  2.000000e+01
     vertex  8.905371e-01  9.960268e+00  2.000000e+01
     vertex  8.905371e-01  9.960268e+00 -2.211624e-15
   endloop
 endfacet
 facet normal  4.799716e-02  9.988475e-01 -2.661464e-16
   outer loop
     vertex  3.429014e-01  9.994119e+00  2.000000e+01
     vertex  6.169515e-01  9.980950e+00  2.000000e+01
     vertex  3.429014e-01  9.994119e+00 -2.219140e-15
   endloop
 endfacet
 facet normal  2.057667e-02  9.997883e-01 -2.663971e-16
   outer loop
     vertex  6.859319e-02  9.999765e+00  2.000000e+01
     vertex  3.429014e-01  9.994119e+00 -2.219140e-15
     vertex  6.859319e-02  9.999765e+00 -2.220394e-15
   endloop
 endfacet
 facet normal  2.057667e-02  9.997883e-01 -2.663816e-16
   outer loop
     vertex  6.859319e-02  9.999765e+00  2.000000e+01
     vertex  3.429014e-01  9.994119e+00  2.000000e+01
     vertex  3.429014e-01  9.994119e+00 -2.219140e-15
   endloop
 endfacet
 facet normal -6.859319e-03  9.999765e-01 -2.664473e-16
   outer loop
     vertex -2.057667e-01  9.997883e+00  2.000000e+01
     vertex  6.859319e-02  9.999765e+00 -2.220394e-15
     vertex -2.057667e-01  9.997883e+00 -2.219976e-15
   endloop
 endfacet
 facet normal -6.859319e-03  9.999765e-01 -2.664546e-16
   outer loop
     vertex -2.057667e-01  9.997883e+00  2.000000e+01
     vertex  6.859319e-02  9.999765e+00  2.000000e+01
     vertex  6.859319e-02  9.999765e+00 -2.220394e-15
   endloop
 endfacet
 facet normal -3.429014e-02  9.994119e-01 -2.662968e-16
   outer loop
     vertex -4.799716e-01  9.988475e+00  2.000000e+01
     vertex -2.057667e-01  9.997883e+00 -2.219976e-15
     vertex -4.799716e-01  9.988475e+00 -2.217887e-15
   endloop
 endfacet
 facet normal -3.429014e-02  9.994119e-01 -2.662960e-16
   outer loop
     vertex -4.799716e-01  9.988475e+00  2.000000e+01
     vertex -2.057667e-01  9.997883e+00  2.000000e+01
     vertex -2.057667e-01  9.997883e+00 -2.219976e-15
   endloop
 endfacet
 facet normal -6.169515e-02  9.980950e-01 -2.659459e-16
   outer loop
     vertex -7.538152e-01  9.971548e+00  2.000000e+01
     vertex -4.799716e-01  9.988475e+00 -2.217887e-15
     vertex -7.538152e-01  9.971548e+00 -2.214128e-15
   endloop
 endfacet
 facet normal -6.169515e-02  9.980950e-01 -2.659587e-16
   outer loop
     vertex -7.538152e-01  9.971548e+00  2.000000e+01
     vertex -4.799716e-01  9.988475e+00  2.000000e+01
     vertex -4.799716e-01  9.988475e+00 -2.217887e-15
   endloop
 endfacet
 facet normal -8.905371e-02  9.960268e-01 -2.653949e-16
   outer loop
     vertex -1.027091e+00  9.947114e+00  2.000000e+01
     vertex -7.538152e-01  9.971548e+00 -2.214128e-15
     vertex -1.027091e+00  9.947114e+00 -2.208703e-15
   endloop
 endfacet
 facet normal -8.905371e-02  9.960268e-01 -2.654393e-16
   outer loop
     vertex -1.027091e+00  9.947114e+00  2.000000e+01
     vertex -7.538152e-01  9.971548e+00  2.000000e+01
     vertex -7.538152e-01  9.971548e+00 -2.214128e-15
   endloop
 endfacet
 facet normal -1.163452e-01  9.932088e-01 -2.647932e-16
   outer loop
     vertex -1.299594e+00  9.915193e+00  2.000000e+01
     vertex -1.027091e+00  9.947114e+00  2.000000e+01
     vertex -1.027091e+00  9.947114e+00 -2.208703e-15
   endloop
 endfacet
 facet normal -1.163452e-01  9.932088e-01 -2.646440e-16
   outer loop
     vertex -1.299594e+00  9.915193e+00  2.000000e+01
     vertex -1.027091e+00  9.947114e+00 -2.208703e-15
     vertex -1.299594e+00  9.915193e+00 -2.201615e-15
   endloop
 endfacet
 facet normal -1.435492e-01  9.896432e-01 -2.636939e-16
   outer loop
     vertex -1.299594e+00  9.915193e+00  2.000000e+01
     vertex -1.299594e+00  9.915193e+00 -2.201615e-15
     vertex -1.571119e+00  9.875808e+00 -2.192870e-15
   endloop
 endfacet
 facet normal -1.435492e-01  9.896432e-01 -2.636939e-16
   outer loop
     vertex -1.571119e+00  9.875808e+00  2.000000e+01
     vertex -1.299594e+00  9.915193e+00  2.000000e+01
     vertex -1.571119e+00  9.875808e+00 -2.192870e-15
   endloop
 endfacet
 facet normal -1.706451e-01  9.853326e-01 -2.623950e-16
   outer loop
     vertex -1.841461e+00  9.828989e+00  2.000000e+01
     vertex -1.571119e+00  9.875808e+00  2.000000e+01
     vertex -1.571119e+00  9.875808e+00 -2.192870e-15
   endloop
 endfacet
 facet normal -1.706451e-01  9.853326e-01 -2.625453e-16
   outer loop
     vertex -1.841461e+00  9.828989e+00  2.000000e+01
     vertex -1.571119e+00  9.875808e+00 -2.192870e-15
     vertex -1.841461e+00  9.828989e+00 -2.182474e-15
   endloop
 endfacet
 facet normal -1.976125e-01  9.802802e-01 -2.610882e-16
   outer loop
     vertex -2.110417e+00  9.774771e+00  2.000000e+01
     vertex -1.841461e+00  9.828989e+00  2.000000e+01
     vertex -1.841461e+00  9.828989e+00 -2.182474e-15
   endloop
 endfacet
 facet normal -1.976125e-01  9.802802e-01 -2.611991e-16
   outer loop
     vertex -2.110417e+00  9.774771e+00  2.000000e+01
     vertex -1.841461e+00  9.828989e+00 -2.182474e-15
     vertex -2.110417e+00  9.774771e+00 -2.170435e-15
   endloop
 endfacet
 facet normal -2.244312e-01  9.744899e-01 -2.596563e-16
   outer loop
     vertex -2.110417e+00  9.774771e+00  2.000000e+01
     vertex -2.110417e+00  9.774771e+00 -2.170435e-15
     vertex -2.377784e+00  9.713194e+00 -2.156762e-15
   endloop
 endfacet
 facet normal -2.244312e-01  9.744899e-01 -2.596563e-16
   outer loop
     vertex -2.377784e+00  9.713194e+00  2.000000e+01
     vertex -2.110417e+00  9.774771e+00  2.000000e+01
     vertex -2.377784e+00  9.713194e+00 -2.156762e-15
   endloop
 endfacet
 facet normal -2.510809e-01  9.679661e-01 -2.576634e-16
   outer loop
     vertex -2.643362e+00  9.644306e+00  2.000000e+01
     vertex -2.377784e+00  9.713194e+00  2.000000e+01
     vertex -2.377784e+00  9.713194e+00 -2.156762e-15
   endloop
 endfacet
 facet normal -2.510809e-01  9.679661e-01 -2.579180e-16
   outer loop
     vertex -2.643362e+00  9.644306e+00  2.000000e+01
     vertex -2.377784e+00  9.713194e+00 -2.156762e-15
     vertex -2.643362e+00  9.644306e+00 -2.141466e-15
   endloop
 endfacet
 facet normal -2.775416e-01  9.607136e-01 -2.561330e-16
   outer loop
     vertex -2.906949e+00  9.568158e+00  2.000000e+01
     vertex -2.643362e+00  9.644306e+00  2.000000e+01
     vertex -2.643362e+00  9.644306e+00 -2.141466e-15
   endloop
 endfacet
 facet normal -2.775416e-01  9.607136e-01 -2.559855e-16
   outer loop
     vertex -2.906949e+00  9.568158e+00  2.000000e+01
     vertex -2.643362e+00  9.644306e+00 -2.141466e-15
     vertex -2.906949e+00  9.568158e+00 -2.124558e-15
   endloop
 endfacet
 facet normal -3.037934e-01  9.527379e-01 -2.536164e-16
   outer loop
     vertex -3.168348e+00  9.484807e+00  2.000000e+01
     vertex -2.906949e+00  9.568158e+00  2.000000e+01
     vertex -2.906949e+00  9.568158e+00 -2.124558e-15
   endloop
 endfacet
 facet normal -3.037934e-01  9.527379e-01 -2.538604e-16
   outer loop
     vertex -3.168348e+00  9.484807e+00  2.000000e+01
     vertex -2.906949e+00  9.568158e+00 -2.124558e-15
     vertex -3.168348e+00  9.484807e+00 -2.106050e-15
   endloop
 endfacet
 facet normal -3.298166e-01  9.440450e-01 -2.515441e-16
   outer loop
     vertex -3.168348e+00  9.484807e+00  2.000000e+01
     vertex -3.168348e+00  9.484807e+00 -2.106050e-15
     vertex -3.427362e+00  9.394317e+00 -2.085957e-15
   endloop
 endfacet
 facet normal -3.298166e-01  9.440450e-01 -2.515441e-16
   outer loop
     vertex -3.427362e+00  9.394317e+00  2.000000e+01
     vertex -3.168348e+00  9.484807e+00  2.000000e+01
     vertex -3.427362e+00  9.394317e+00 -2.085957e-15
   endloop
 endfacet
 facet normal -3.555914e-01  9.346415e-01 -2.493334e-16
   outer loop
     vertex -3.683796e+00  9.296754e+00  2.000000e+01
     vertex -3.427362e+00  9.394317e+00  2.000000e+01
     vertex -3.427362e+00  9.394317e+00 -2.085957e-15
   endloop
 endfacet
 facet normal -3.555914e-01  9.346415e-01 -2.490385e-16
   outer loop
     vertex -3.683796e+00  9.296754e+00  2.000000e+01
     vertex -3.427362e+00  9.394317e+00 -2.085957e-15
     vertex -3.683796e+00  9.296754e+00 -2.064294e-15
   endloop
 endfacet
 facet normal -3.810986e-01  9.245344e-01 -2.466008e-16
   outer loop
     vertex -3.937458e+00  9.192194e+00  2.000000e+01
     vertex -3.683796e+00  9.296754e+00  2.000000e+01
     vertex -3.683796e+00  9.296754e+00 -2.064294e-15
   endloop
 endfacet
 facet normal -3.810986e-01  9.245344e-01 -2.463455e-16
   outer loop
     vertex -3.937458e+00  9.192194e+00  2.000000e+01
     vertex -3.683796e+00  9.296754e+00 -2.064294e-15
     vertex -3.937458e+00  9.192194e+00 -2.041077e-15
   endloop
 endfacet
 facet normal -4.063188e-01  9.137314e-01 -2.434669e-16
   outer loop
     vertex -3.937458e+00  9.192194e+00  2.000000e+01
     vertex -3.937458e+00  9.192194e+00 -2.041077e-15
     vertex -4.188155e+00  9.080714e+00 -2.016323e-15
   endloop
 endfacet
 facet normal -4.063188e-01  9.137314e-01 -2.434669e-16
   outer loop
     vertex -4.188155e+00  9.080714e+00  2.000000e+01
     vertex -3.937458e+00  9.192194e+00  2.000000e+01
     vertex -4.188155e+00  9.080714e+00 -2.016323e-15
   endloop
 endfacet
 facet normal -4.312333e-01  9.022405e-01 -2.402261e-16
   outer loop
     vertex -4.435699e+00  8.962398e+00  2.000000e+01
     vertex -4.188155e+00  9.080714e+00  2.000000e+01
     vertex -4.188155e+00  9.080714e+00 -2.016323e-15
   endloop
 endfacet
 facet normal -4.312333e-01  9.022405e-01 -2.404052e-16
   outer loop
     vertex -4.435699e+00  8.962398e+00  2.000000e+01
     vertex -4.188155e+00  9.080714e+00 -2.016323e-15
     vertex -4.435699e+00  8.962398e+00 -1.990052e-15
   endloop
 endfacet
 facet normal -4.558231e-01  8.900704e-01 -2.368586e-16
   outer loop
     vertex -4.679904e+00  8.837335e+00  2.000000e+01
     vertex -4.435699e+00  8.962398e+00  2.000000e+01
     vertex -4.435699e+00  8.962398e+00 -1.990052e-15
   endloop
 endfacet
 facet normal -4.558231e-01  8.900704e-01 -2.371624e-16
   outer loop
     vertex -4.679904e+00  8.837335e+00  2.000000e+01
     vertex -4.435699e+00  8.962398e+00 -1.990052e-15
     vertex -4.679904e+00  8.837335e+00 -1.962283e-15
   endloop
 endfacet
 facet normal -4.800697e-01  8.772303e-01 -2.337411e-16
   outer loop
     vertex -4.679904e+00  8.837335e+00  2.000000e+01
     vertex -4.679904e+00  8.837335e+00 -1.962283e-15
     vertex -4.920587e+00  8.705620e+00 -1.933036e-15
   endloop
 endfacet
 facet normal -4.800697e-01  8.772303e-01 -2.337411e-16
   outer loop
     vertex -4.920587e+00  8.705620e+00  2.000000e+01
     vertex -4.679904e+00  8.837335e+00  2.000000e+01
     vertex -4.920587e+00  8.705620e+00 -1.933036e-15
   endloop
 endfacet
 facet normal -5.039550e-01  8.637299e-01 -2.296387e-16
   outer loop
     vertex -5.157565e+00  8.567352e+00  2.000000e+01
     vertex -4.920587e+00  8.705620e+00  2.000000e+01
     vertex -4.920587e+00  8.705620e+00 -1.933036e-15
   endloop
 endfacet
 facet normal -5.039550e-01  8.637299e-01 -2.301439e-16
   outer loop
     vertex -5.157565e+00  8.567352e+00  2.000000e+01
     vertex -4.920587e+00  8.705620e+00 -1.933036e-15
     vertex -5.157565e+00  8.567352e+00 -1.902334e-15
   endloop
 endfacet
 facet normal -5.274609e-01  8.495793e-01 -2.266420e-16
   outer loop
     vertex -5.390661e+00  8.422635e+00  2.000000e+01
     vertex -5.157565e+00  8.567352e+00  2.000000e+01
     vertex -5.157565e+00  8.567352e+00 -1.902334e-15
   endloop
 endfacet
 facet normal -5.274609e-01  8.495793e-01 -2.263734e-16
   outer loop
     vertex -5.390661e+00  8.422635e+00  2.000000e+01
     vertex -5.157565e+00  8.567352e+00 -1.902334e-15
     vertex -5.390661e+00  8.422635e+00 -1.870201e-15
   endloop
 endfacet
 facet normal -5.505698e-01  8.347891e-01 -2.224325e-16
   outer loop
     vertex -5.390661e+00  8.422635e+00  2.000000e+01
     vertex -5.390661e+00  8.422635e+00 -1.870201e-15
     vertex -5.619699e+00  8.271577e+00 -1.836659e-15
   endloop
 endfacet
 facet normal -5.505698e-01  8.347891e-01 -2.224325e-16
   outer loop
     vertex -5.619699e+00  8.271577e+00  2.000000e+01
     vertex -5.390661e+00  8.422635e+00  2.000000e+01
     vertex -5.619699e+00  8.271577e+00 -1.836659e-15
   endloop
 endfacet
 facet normal -5.732642e-01  8.193706e-01 -2.189052e-16
   outer loop
     vertex -5.844507e+00  8.114292e+00  2.000000e+01
     vertex -5.619699e+00  8.271577e+00  2.000000e+01
     vertex -5.619699e+00  8.271577e+00 -1.836659e-15
   endloop
 endfacet
 facet normal -5.732642e-01  8.193706e-01 -2.183242e-16
   outer loop
     vertex -5.844507e+00  8.114292e+00  2.000000e+01
     vertex -5.619699e+00  8.271577e+00 -1.836659e-15
     vertex -5.844507e+00  8.114292e+00 -1.801735e-15
   endloop
 endfacet
 facet normal -5.955271e-01  8.033352e-01 -1.783762e-16
   outer loop
     vertex -6.064915e+00  7.950900e+00  2.000000e+01
     vertex -5.844507e+00  8.114292e+00 -1.801735e-15
     vertex -6.064915e+00  7.950900e+00 -1.765454e-15
   endloop
 endfacet
 facet normal -5.955271e-01  8.033352e-01 -2.143846e-16
   outer loop
     vertex -6.064915e+00  7.950900e+00  2.000000e+01
     vertex -5.844507e+00  8.114292e+00  2.000000e+01
     vertex -5.844507e+00  8.114292e+00 -1.801735e-15
   endloop
 endfacet
 facet normal -6.173417e-01  7.866951e-01 -1.746814e-16
   outer loop
     vertex -6.064915e+00  7.950900e+00  2.000000e+01
     vertex -6.064915e+00  7.950900e+00 -1.765454e-15
     vertex -6.280757e+00  7.781522e+00 -1.727845e-15
   endloop
 endfacet
 facet normal -6.173417e-01  7.866951e-01 -1.746814e-16
   outer loop
     vertex -6.280757e+00  7.781522e+00  2.000000e+01
     vertex -6.064915e+00  7.950900e+00  2.000000e+01
     vertex -6.280757e+00  7.781522e+00 -1.727845e-15
   endloop
 endfacet
 facet normal -6.386916e-01  7.694628e-01 -1.708551e-16
   outer loop
     vertex -6.491872e+00  7.606287e+00  2.000000e+01
     vertex -6.280757e+00  7.781522e+00 -1.727845e-15
     vertex -6.491872e+00  7.606287e+00 -1.688935e-15
   endloop
 endfacet
 facet normal -6.386916e-01  7.694628e-01 -1.709130e-16
   outer loop
     vertex -6.491872e+00  7.606287e+00  2.000000e+01
     vertex -6.280757e+00  7.781522e+00  2.000000e+01
     vertex -6.280757e+00  7.781522e+00 -1.727845e-15
   endloop
 endfacet
 facet normal -6.595607e-01  7.516513e-01 -1.669001e-16
   outer loop
     vertex -6.698100e+00  7.425325e+00  2.000000e+01
     vertex -6.491872e+00  7.606287e+00 -1.688935e-15
     vertex -6.698100e+00  7.425325e+00 -1.648753e-15
   endloop
 endfacet
 facet normal -6.595607e-01  7.516513e-01 -1.670226e-16
   outer loop
     vertex -6.698100e+00  7.425325e+00  2.000000e+01
     vertex -6.491872e+00  7.606287e+00  2.000000e+01
     vertex -6.491872e+00  7.606287e+00 -1.688935e-15
   endloop
 endfacet
 facet normal -6.799333e-01  7.332740e-01 -1.628195e-16
   outer loop
     vertex -6.899286e+00  7.238775e+00  2.000000e+01
     vertex -6.698100e+00  7.425325e+00 -1.648753e-15
     vertex -6.899286e+00  7.238775e+00 -1.607331e-15
   endloop
 endfacet
 facet normal -6.997940e-01  7.143447e-01 -1.586164e-16
   outer loop
     vertex -6.899286e+00  7.238775e+00  2.000000e+01
     vertex -6.899286e+00  7.238775e+00 -1.607331e-15
     vertex -7.095278e+00  7.046775e+00 -1.564698e-15
   endloop
 endfacet
 facet normal -6.799333e-01  7.332740e-01 -1.631451e-16
   outer loop
     vertex -6.899286e+00  7.238775e+00  2.000000e+01
     vertex -6.698100e+00  7.425325e+00  2.000000e+01
     vertex -6.698100e+00  7.425325e+00 -1.648753e-15
   endloop
 endfacet
 facet normal -6.997940e-01  7.143447e-01 -1.586164e-16
   outer loop
     vertex -7.095278e+00  7.046775e+00  2.000000e+01
     vertex -6.899286e+00  7.238775e+00  2.000000e+01
     vertex -7.095278e+00  7.046775e+00 -1.564698e-15
   endloop
 endfacet
 facet normal -7.191280e-01  6.948776e-01 -1.537421e-16
   outer loop
     vertex -7.285929e+00  6.849470e+00  2.000000e+01
     vertex -7.095278e+00  7.046775e+00  2.000000e+01
     vertex -7.095278e+00  7.046775e+00 -1.564698e-15
   endloop
 endfacet
 facet normal -7.191280e-01  6.948776e-01 -1.542938e-16
   outer loop
     vertex -7.285929e+00  6.849470e+00  2.000000e+01
     vertex -7.095278e+00  7.046775e+00 -1.564698e-15
     vertex -7.285929e+00  6.849470e+00 -1.520888e-15
   endloop
 endfacet
 facet normal -7.379206e-01  6.748875e-01 -1.494901e-16
   outer loop
     vertex -7.471095e+00  6.647010e+00  2.000000e+01
     vertex -7.285929e+00  6.849470e+00  2.000000e+01
     vertex -7.285929e+00  6.849470e+00 -1.520888e-15
   endloop
 endfacet
 facet normal -7.379206e-01  6.748875e-01 -1.498551e-16
   outer loop
     vertex -7.471095e+00  6.647010e+00  2.000000e+01
     vertex -7.285929e+00  6.849470e+00 -1.520888e-15
     vertex -7.471095e+00  6.647010e+00 -1.475933e-15
   endloop
 endfacet
 facet normal -7.561578e-01  6.543893e-01 -1.453036e-16
   outer loop
     vertex -7.471095e+00  6.647010e+00  2.000000e+01
     vertex -7.471095e+00  6.647010e+00 -1.475933e-15
     vertex -7.650637e+00  6.439545e+00 -1.429866e-15
   endloop
 endfacet
 facet normal -7.561578e-01  6.543893e-01 -1.453036e-16
   outer loop
     vertex -7.650637e+00  6.439545e+00  2.000000e+01
     vertex -7.471095e+00  6.647010e+00  2.000000e+01
     vertex -7.650637e+00  6.439545e+00 -1.429866e-15
   endloop
 endfacet
 facet normal -7.738257e-01  6.333986e-01 -1.403117e-16
   outer loop
     vertex -7.824421e+00  6.227234e+00  2.000000e+01
     vertex -7.650637e+00  6.439545e+00  2.000000e+01
     vertex -7.650637e+00  6.439545e+00 -1.429866e-15
   endloop
 endfacet
 facet normal -7.738257e-01  6.333986e-01 -1.406427e-16
   outer loop
     vertex -7.824421e+00  6.227234e+00  2.000000e+01
     vertex -7.650637e+00  6.439545e+00 -1.429866e-15
     vertex -7.824421e+00  6.227234e+00 -1.382724e-15
   endloop
 endfacet
 facet normal -7.909112e-01  6.119310e-01 -1.363647e-16
   outer loop
     vertex -7.992314e+00  6.010234e+00  2.000000e+01
     vertex -7.824421e+00  6.227234e+00  2.000000e+01
     vertex -7.824421e+00  6.227234e+00 -1.382724e-15
   endloop
 endfacet
 facet normal -7.909112e-01  6.119310e-01 -1.358760e-16
   outer loop
     vertex -7.992314e+00  6.010234e+00  2.000000e+01
     vertex -7.824421e+00  6.227234e+00 -1.382724e-15
     vertex -7.992314e+00  6.010234e+00 -1.334540e-15
   endloop
 endfacet
 facet normal -8.074012e-01  5.900028e-01 -1.306045e-16
   outer loop
     vertex -8.154191e+00  5.788711e+00  2.000000e+01
     vertex -7.992314e+00  6.010234e+00  2.000000e+01
     vertex -7.992314e+00  6.010234e+00 -1.334540e-15
   endloop
 endfacet
 facet normal -8.074012e-01  5.900028e-01 -1.310069e-16
   outer loop
     vertex -8.154191e+00  5.788711e+00  2.000000e+01
     vertex -7.992314e+00  6.010234e+00 -1.334540e-15
     vertex -8.154191e+00  5.788711e+00 -1.285352e-15
   endloop
 endfacet
 facet normal -8.232835e-01  5.676304e-01 -1.260393e-16
   outer loop
     vertex -8.154191e+00  5.788711e+00  2.000000e+01
     vertex -8.154191e+00  5.788711e+00 -1.285352e-15
     vertex -8.309929e+00  5.562829e+00 -1.235196e-15
   endloop
 endfacet
 facet normal -8.232835e-01  5.676304e-01 -1.260393e-16
   outer loop
     vertex -8.309929e+00  5.562829e+00  2.000000e+01
     vertex -8.154191e+00  5.788711e+00  2.000000e+01
     vertex -8.309929e+00  5.562829e+00 -1.235196e-15
   endloop
 endfacet
 facet normal -8.385460e-01  5.448308e-01 -1.209767e-16
   outer loop
     vertex -8.309929e+00  5.562829e+00  2.000000e+01
     vertex -8.309929e+00  5.562829e+00 -1.235196e-15
     vertex -8.459413e+00  5.332761e+00 -1.184111e-15
   endloop
 endfacet
 facet normal -8.385460e-01  5.448308e-01 -1.209767e-16
   outer loop
     vertex -8.459413e+00  5.332761e+00  2.000000e+01
     vertex -8.309929e+00  5.562829e+00  2.000000e+01
     vertex -8.459413e+00  5.332761e+00 -1.184111e-15
   endloop
 endfacet
 facet normal -8.531773e-01  5.216210e-01 -1.158231e-16
   outer loop
     vertex -8.459413e+00  5.332761e+00  2.000000e+01
     vertex -8.459413e+00  5.332761e+00 -1.184111e-15
     vertex -8.602528e+00  5.098678e+00 -1.132134e-15
   endloop
 endfacet
 facet normal -8.531773e-01  5.216210e-01 -1.158231e-16
   outer loop
     vertex -8.602528e+00  5.098678e+00  2.000000e+01
     vertex -8.459413e+00  5.332761e+00  2.000000e+01
     vertex -8.602528e+00  5.098678e+00 -1.132134e-15
   endloop
 endfacet
 facet normal -8.671664e-01  4.980186e-01 -1.111595e-16
   outer loop
     vertex -8.739167e+00  4.860756e+00  2.000000e+01
     vertex -8.602528e+00  5.098678e+00  2.000000e+01
     vertex -8.602528e+00  5.098678e+00 -1.132134e-15
   endloop
 endfacet
 facet normal -8.671664e-01  4.980186e-01 -1.105823e-16
   outer loop
     vertex -8.739167e+00  4.860756e+00  2.000000e+01
     vertex -8.602528e+00  5.098678e+00 -1.132134e-15
     vertex -8.739167e+00  4.860756e+00 -1.079305e-15
   endloop
 endfacet
 facet normal -8.805026e-01  4.740412e-01 -1.046702e-16
   outer loop
     vertex -8.869228e+00  4.619176e+00  2.000000e+01
     vertex -8.739167e+00  4.860756e+00  2.000000e+01
     vertex -8.739167e+00  4.860756e+00 -1.079305e-15
   endloop
 endfacet
 facet normal -8.805026e-01  4.740412e-01 -1.052583e-16
   outer loop
     vertex -8.869228e+00  4.619176e+00  2.000000e+01
     vertex -8.739167e+00  4.860756e+00 -1.079305e-15
     vertex -8.869228e+00  4.619176e+00 -1.025663e-15
   endloop
 endfacet
 facet normal -8.931761e-01  4.497071e-01 -9.964117e-17
   outer loop
     vertex -8.992613e+00  4.374119e+00  2.000000e+01
     vertex -8.869228e+00  4.619176e+00  2.000000e+01
     vertex -8.869228e+00  4.619176e+00 -1.025663e-15
   endloop
 endfacet
 facet normal -8.931761e-01  4.497071e-01 -9.985503e-17
   outer loop
     vertex -8.992613e+00  4.374119e+00  2.000000e+01
     vertex -8.869228e+00  4.619176e+00 -1.025663e-15
     vertex -8.992613e+00  4.374119e+00 -9.712495e-16
   endloop
 endfacet
 facet normal -9.051772e-01  4.250344e-01 -9.456978e-17
   outer loop
     vertex -9.109228e+00  4.125769e+00  2.000000e+01
     vertex -8.992613e+00  4.374119e+00  2.000000e+01
     vertex -8.992613e+00  4.374119e+00 -9.712495e-16
   endloop
 endfacet
 facet normal -9.051772e-01  4.250344e-01 -9.437659e-17
   outer loop
     vertex -9.109228e+00  4.125769e+00  2.000000e+01
     vertex -8.992613e+00  4.374119e+00 -9.712495e-16
     vertex -9.109228e+00  4.125769e+00 -9.161047e-16
   endloop
 endfacet
 facet normal -9.164969e-01  4.000417e-01 -8.882710e-17
   outer loop
     vertex -9.109228e+00  4.125769e+00  2.000000e+01
     vertex -9.109228e+00  4.125769e+00 -9.161047e-16
     vertex -9.218986e+00  3.874313e+00 -8.602702e-16
   endloop
 endfacet
 facet normal -9.164969e-01  4.000417e-01 -8.882710e-17
   outer loop
     vertex -9.218986e+00  3.874313e+00  2.000000e+01
     vertex -9.109228e+00  4.125769e+00  2.000000e+01
     vertex -9.218986e+00  3.874313e+00 -8.602702e-16
   endloop
 endfacet
 facet normal -9.271267e-01  3.747479e-01 -8.321075e-17
   outer loop
     vertex -9.321804e+00  3.619940e+00  2.000000e+01
     vertex -9.218986e+00  3.874313e+00 -8.602702e-16
     vertex -9.321804e+00  3.619940e+00 -8.037882e-16
   endloop
 endfacet
 facet normal -9.271267e-01  3.747479e-01 -8.289877e-17
   outer loop
     vertex -9.321804e+00  3.619940e+00  2.000000e+01
     vertex -9.218986e+00  3.874313e+00  2.000000e+01
     vertex -9.218986e+00  3.874313e+00 -8.602702e-16
   endloop
 endfacet
 facet normal -9.370586e-01  3.491720e-01 -7.753177e-17
   outer loop
     vertex -9.417605e+00  3.362843e+00  2.000000e+01
     vertex -9.321804e+00  3.619940e+00 -8.037882e-16
     vertex -9.417605e+00  3.362843e+00 -7.467012e-16
   endloop
 endfacet
 facet normal -9.462851e-01  3.233333e-01 -7.179441e-17
   outer loop
     vertex -9.417605e+00  3.362843e+00  2.000000e+01
     vertex -9.417605e+00  3.362843e+00 -7.467012e-16
     vertex -9.506317e+00  3.103214e+00 -6.890520e-16
   endloop
 endfacet
 facet normal -9.370586e-01  3.491720e-01 -7.747025e-17
   outer loop
     vertex -9.417605e+00  3.362843e+00  2.000000e+01
     vertex -9.321804e+00  3.619940e+00  2.000000e+01
     vertex -9.321804e+00  3.619940e+00 -8.037882e-16
   endloop
 endfacet
 facet normal -9.462851e-01  3.233333e-01 -7.179441e-17
   outer loop
     vertex -9.506317e+00  3.103214e+00  2.000000e+01
     vertex -9.417605e+00  3.362843e+00  2.000000e+01
     vertex -9.506317e+00  3.103214e+00 -6.890520e-16
   endloop
 endfacet
 facet normal -9.547993e-01  2.972512e-01 -6.600302e-17
   outer loop
     vertex -9.587873e+00  2.841250e+00  2.000000e+01
     vertex -9.506317e+00  3.103214e+00 -6.890520e-16
     vertex -9.587873e+00  2.841250e+00 -6.308841e-16
   endloop
 endfacet
 facet normal -9.547993e-01  2.972512e-01 -6.629903e-17
   outer loop
     vertex -9.587873e+00  2.841250e+00  2.000000e+01
     vertex -9.506317e+00  3.103214e+00  2.000000e+01
     vertex -9.506317e+00  3.103214e+00 -6.890520e-16
   endloop
 endfacet
 facet normal -9.625948e-01  2.709453e-01 -6.016194e-17
   outer loop
     vertex -9.662211e+00  2.577146e+00  2.000000e+01
     vertex -9.587873e+00  2.841250e+00 -6.308841e-16
     vertex -9.662211e+00  2.577146e+00 -5.722414e-16
   endloop
 endfacet
 facet normal -9.696656e-01  2.444354e-01 -5.427557e-17
   outer loop
     vertex -9.662211e+00  2.577146e+00  2.000000e+01
     vertex -9.662211e+00  2.577146e+00 -5.722414e-16
     vertex -9.729276e+00  2.311102e+00 -5.131678e-16
   endloop
 endfacet
 facet normal -9.625948e-01  2.709453e-01 -6.030922e-17
   outer loop
     vertex -9.662211e+00  2.577146e+00  2.000000e+01
     vertex -9.587873e+00  2.841250e+00  2.000000e+01
     vertex -9.587873e+00  2.841250e+00 -6.308841e-16
   endloop
 endfacet
 facet normal -9.696656e-01  2.444354e-01 -5.427557e-17
   outer loop
     vertex -9.729276e+00  2.311102e+00  2.000000e+01
     vertex -9.662211e+00  2.577146e+00  2.000000e+01
     vertex -9.729276e+00  2.311102e+00 -5.131678e-16
   endloop
 endfacet
 facet normal -9.760065e-01  2.177416e-01 -4.834834e-17
   outer loop
     vertex -9.789017e+00  2.043319e+00  2.000000e+01
     vertex -9.729276e+00  2.311102e+00 -5.131678e-16
     vertex -9.789017e+00  2.043319e+00 -4.537080e-16
   endloop
 endfacet
 facet normal -9.816126e-01  1.908838e-01 -4.238472e-17
   outer loop
     vertex -9.789017e+00  2.043319e+00  2.000000e+01
     vertex -9.789017e+00  2.043319e+00 -4.537080e-16
     vertex -9.841389e+00  1.773998e+00 -3.939066e-16
   endloop
 endfacet
 facet normal -9.760065e-01  2.177416e-01 -4.855964e-17
   outer loop
     vertex -9.789017e+00  2.043319e+00  2.000000e+01
     vertex -9.729276e+00  2.311102e+00  2.000000e+01
     vertex -9.729276e+00  2.311102e+00 -5.131678e-16
   endloop
 endfacet
 facet normal -9.816126e-01  1.908838e-01 -4.238472e-17
   outer loop
     vertex -9.841389e+00  1.773998e+00  2.000000e+01
     vertex -9.789017e+00  2.043319e+00  2.000000e+01
     vertex -9.841389e+00  1.773998e+00 -3.939066e-16
   endloop
 endfacet
 facet normal -9.864799e-01  1.638824e-01 -3.638919e-17
   outer loop
     vertex -9.886353e+00  1.503341e+00  2.000000e+01
     vertex -9.841389e+00  1.773998e+00 -3.939066e-16
     vertex -9.886353e+00  1.503341e+00 -3.338087e-16
   endloop
 endfacet
 facet normal -9.864799e-01  1.638824e-01 -3.652701e-17
   outer loop
     vertex -9.886353e+00  1.503341e+00  2.000000e+01
     vertex -9.841389e+00  1.773998e+00  2.000000e+01
     vertex -9.841389e+00  1.773998e+00 -3.939066e-16
   endloop
 endfacet
 facet normal -9.906046e-01  1.367575e-01 -3.036627e-17
   outer loop
     vertex -9.923874e+00  1.231552e+00  2.000000e+01
     vertex -9.886353e+00  1.503341e+00 -3.338087e-16
     vertex -9.923874e+00  1.231552e+00 -2.734596e-16
   endloop
 endfacet
 facet normal -9.939835e-01  1.095298e-01 -2.432049e-17
   outer loop
     vertex -9.923874e+00  1.231552e+00  2.000000e+01
     vertex -9.923874e+00  1.231552e+00 -2.734596e-16
     vertex -9.953925e+00  9.588368e-01 -2.129045e-16
   endloop
 endfacet
 facet normal -9.906046e-01  1.367575e-01 -3.023183e-17
   outer loop
     vertex -9.923874e+00  1.231552e+00  2.000000e+01
     vertex -9.886353e+00  1.503341e+00  2.000000e+01
     vertex -9.886353e+00  1.503341e+00 -3.338087e-16
   endloop
 endfacet
 facet normal -9.939835e-01  1.095298e-01 -2.432049e-17
   outer loop
     vertex -9.953925e+00  9.588368e-01  2.000000e+01
     vertex -9.923874e+00  1.231552e+00  2.000000e+01
     vertex -9.953925e+00  9.588368e-01 -2.129045e-16
   endloop
 endfacet
 facet normal -9.966142e-01  8.221955e-02 -1.821175e-17
   outer loop
     vertex -9.976484e+00  6.853995e-01  2.000000e+01
     vertex -9.953925e+00  9.588368e-01  2.000000e+01
     vertex -9.953925e+00  9.588368e-01 -2.129045e-16
   endloop
 endfacet
 facet normal -9.966142e-01  8.221955e-02 -1.825641e-17
   outer loop
     vertex -9.976484e+00  6.853995e-01  2.000000e+01
     vertex -9.953925e+00  9.588368e-01 -2.129045e-16
     vertex -9.976484e+00  6.853995e-01 -1.521893e-16
   endloop
 endfacet
 facet normal -9.984947e-01  5.484744e-02 -1.218458e-17
   outer loop
     vertex -9.991532e+00  4.114462e-01  2.000000e+01
     vertex -9.976484e+00  6.853995e-01  2.000000e+01
     vertex -9.976484e+00  6.853995e-01 -1.521893e-16
   endloop
 endfacet
 facet normal -9.984947e-01  5.484744e-02 -1.217858e-17
   outer loop
     vertex -9.991532e+00  4.114462e-01  2.000000e+01
     vertex -9.976484e+00  6.853995e-01 -1.521893e-16
     vertex -9.991532e+00  4.114462e-01 -9.135940e-17
   endloop
 endfacet
 facet normal -9.996236e-01  2.743405e-02 -6.091582e-18
   outer loop
     vertex -9.999059e+00  1.371831e-01  2.000000e+01
     vertex -9.991532e+00  4.114462e-01 -9.135940e-17
     vertex -9.999059e+00  1.371831e-01 -3.046078e-17
   endloop
 endfacet
 facet normal -9.996236e-01  2.743405e-02 -6.121997e-18
   outer loop
     vertex -9.999059e+00  1.371831e-01  2.000000e+01
     vertex -9.991532e+00  4.114462e-01  2.000000e+01
     vertex -9.991532e+00  4.114462e-01 -9.135940e-17
   endloop
 endfacet
 facet normal -1.000000e+00 -6.474399e-15  1.437605e-30
   outer loop
     vertex -9.999059e+00 -1.371831e-01  2.000000e+01
     vertex -9.999059e+00  1.371831e-01 -3.046078e-17
     vertex -9.999059e+00 -1.371831e-01  3.046078e-17
   endloop
 endfacet
 facet normal -1.000000e+00 -6.474399e-15  1.437605e-30
   outer loop
     vertex -9.999059e+00 -1.371831e-01  2.000000e+01
     vertex -9.999059e+00  1.371831e-01  2.000000e+01
     vertex -9.999059e+00  1.371831e-01 -3.046078e-17
   endloop
 endfacet
 facet normal -9.996236e-01 -2.743405e-02  6.091582e-18
   outer loop
     vertex -9.999059e+00 -1.371831e-01  2.000000e+01
     vertex -9.999059e+00 -1.371831e-01  3.046078e-17
     vertex -9.991532e+00 -4.114462e-01  9.135940e-17
   endloop
 endfacet
 facet normal -9.996236e-01 -2.743405e-02  6.091582e-18
   outer loop
     vertex -9.991532e+00 -4.114462e-01  2.000000e+01
     vertex -9.999059e+00 -1.371831e-01  2.000000e+01
     vertex -9.991532e+00 -4.114462e-01  9.135940e-17
   endloop
 endfacet
 facet normal -9.984947e-01 -5.484744e-02  1.217858e-17
   outer loop
     vertex -9.976484e+00 -6.853995e-01  2.000000e+01
     vertex -9.991532e+00 -4.114462e-01  9.135940e-17
     vertex -9.976484e+00 -6.853995e-01  1.521893e-16
   endloop
 endfacet
 facet normal -9.984947e-01 -5.484744e-02  1.215816e-17
   outer loop
     vertex -9.976484e+00 -6.853995e-01  2.000000e+01
     vertex -9.991532e+00 -4.114462e-01  2.000000e+01
     vertex -9.991532e+00 -4.114462e-01  9.135940e-17
   endloop
 endfacet
 facet normal -9.966142e-01 -8.221955e-02  1.825641e-17
   outer loop
     vertex -9.953925e+00 -9.588368e-01  2.000000e+01
     vertex -9.976484e+00 -6.853995e-01  1.521893e-16
     vertex -9.953925e+00 -9.588368e-01  2.129045e-16
   endloop
 endfacet
 facet normal -9.966142e-01 -8.221955e-02  1.819401e-17
   outer loop
     vertex -9.953925e+00 -9.588368e-01  2.000000e+01
     vertex -9.976484e+00 -6.853995e-01  2.000000e+01
     vertex -9.976484e+00 -6.853995e-01  1.521893e-16
   endloop
 endfacet
 facet normal -9.939835e-01 -1.095298e-01  2.432049e-17
   outer loop
     vertex -9.923874e+00 -1.231552e+00  2.000000e+01
     vertex -9.953925e+00 -9.588368e-01  2.129045e-16
     vertex -9.923874e+00 -1.231552e+00  2.734596e-16
   endloop
 endfacet
 facet normal -9.906046e-01 -1.367575e-01  3.036627e-17
   outer loop
     vertex -9.923874e+00 -1.231552e+00  2.000000e+01
     vertex -9.923874e+00 -1.231552e+00  2.734596e-16
     vertex -9.886353e+00 -1.503341e+00  3.338087e-16
   endloop
 endfacet
 facet normal -9.939835e-01 -1.095298e-01  2.447341e-17
   outer loop
     vertex -9.923874e+00 -1.231552e+00  2.000000e+01
     vertex -9.953925e+00 -9.588368e-01  2.000000e+01
     vertex -9.953925e+00 -9.588368e-01  2.129045e-16
   endloop
 endfacet
 facet normal -9.906046e-01 -1.367575e-01  3.036627e-17
   outer loop
     vertex -9.886353e+00 -1.503341e+00  2.000000e+01
     vertex -9.923874e+00 -1.231552e+00  2.000000e+01
     vertex -9.886353e+00 -1.503341e+00  3.338087e-16
   endloop
 endfacet
 facet normal -9.864799e-01 -1.638824e-01  3.638919e-17
   outer loop
     vertex -9.841389e+00 -1.773998e+00  2.000000e+01
     vertex -9.886353e+00 -1.503341e+00  3.338087e-16
     vertex -9.841389e+00 -1.773998e+00  3.939066e-16
   endloop
 endfacet
 facet normal -9.864799e-01 -1.638824e-01  3.640143e-17
   outer loop
     vertex -9.841389e+00 -1.773998e+00  2.000000e+01
     vertex -9.886353e+00 -1.503341e+00  2.000000e+01
     vertex -9.886353e+00 -1.503341e+00  3.338087e-16
   endloop
 endfacet
 facet normal -9.816126e-01 -1.908838e-01  4.238472e-17
   outer loop
     vertex -9.789017e+00 -2.043319e+00  2.000000e+01
     vertex -9.841389e+00 -1.773998e+00  3.939066e-16
     vertex -9.789017e+00 -2.043319e+00  4.537080e-16
   endloop
 endfacet
 facet normal -9.816126e-01 -1.908838e-01  4.252527e-17
   outer loop
     vertex -9.789017e+00 -2.043319e+00  2.000000e+01
     vertex -9.841389e+00 -1.773998e+00  2.000000e+01
     vertex -9.841389e+00 -1.773998e+00  3.939066e-16
   endloop
 endfacet
 facet normal -9.760065e-01 -2.177416e-01  4.834834e-17
   outer loop
     vertex -9.729276e+00 -2.311102e+00  2.000000e+01
     vertex -9.789017e+00 -2.043319e+00  4.537080e-16
     vertex -9.729276e+00 -2.311102e+00  5.131678e-16
   endloop
 endfacet
 facet normal -9.760065e-01 -2.177416e-01  4.826993e-17
   outer loop
     vertex -9.729276e+00 -2.311102e+00  2.000000e+01
     vertex -9.789017e+00 -2.043319e+00  2.000000e+01
     vertex -9.789017e+00 -2.043319e+00  4.537080e-16
   endloop
 endfacet
 facet normal -9.696656e-01 -2.444354e-01  5.427557e-17
   outer loop
     vertex -9.662211e+00 -2.577146e+00  2.000000e+01
     vertex -9.729276e+00 -2.311102e+00  5.131678e-16
     vertex -9.662211e+00 -2.577146e+00  5.722414e-16
   endloop
 endfacet
 facet normal -9.696656e-01 -2.444354e-01  5.411175e-17
   outer loop
     vertex -9.662211e+00 -2.577146e+00  2.000000e+01
     vertex -9.729276e+00 -2.311102e+00  2.000000e+01
     vertex -9.729276e+00 -2.311102e+00  5.131678e-16
   endloop
 endfacet
 facet normal -9.625948e-01 -2.709453e-01  6.016194e-17
   outer loop
     vertex -9.587873e+00 -2.841250e+00  2.000000e+01
     vertex -9.662211e+00 -2.577146e+00  5.722414e-16
     vertex -9.587873e+00 -2.841250e+00  6.308841e-16
   endloop
 endfacet
 facet normal -9.625948e-01 -2.709453e-01  6.035554e-17
   outer loop
     vertex -9.587873e+00 -2.841250e+00  2.000000e+01
     vertex -9.662211e+00 -2.577146e+00  2.000000e+01
     vertex -9.662211e+00 -2.577146e+00  5.722414e-16
   endloop
 endfacet
 facet normal -9.547993e-01 -2.972512e-01  6.600302e-17
   outer loop
     vertex -9.506317e+00 -3.103214e+00  2.000000e+01
     vertex -9.587873e+00 -2.841250e+00  6.308841e-16
     vertex -9.506317e+00 -3.103214e+00  6.890520e-16
   endloop
 endfacet
 facet normal -9.547993e-01 -2.972512e-01  6.578780e-17
   outer loop
     vertex -9.506317e+00 -3.103214e+00  2.000000e+01
     vertex -9.587873e+00 -2.841250e+00  2.000000e+01
     vertex -9.587873e+00 -2.841250e+00  6.308841e-16
   endloop
 endfacet
 facet normal -9.462851e-01 -3.233333e-01  7.179441e-17
   outer loop
     vertex -9.417605e+00 -3.362843e+00  2.000000e+01
     vertex -9.506317e+00 -3.103214e+00  6.890520e-16
     vertex -9.417605e+00 -3.362843e+00  7.467012e-16
   endloop
 endfacet
 facet normal -9.462851e-01 -3.233333e-01  7.172957e-17
   outer loop
     vertex -9.417605e+00 -3.362843e+00  2.000000e+01
     vertex -9.506317e+00 -3.103214e+00  2.000000e+01
     vertex -9.506317e+00 -3.103214e+00  6.890520e-16
   endloop
 endfacet
 facet normal -9.370586e-01 -3.491720e-01  7.753177e-17
   outer loop
     vertex -9.321804e+00 -3.619940e+00  2.000000e+01
     vertex -9.417605e+00 -3.362843e+00  7.467012e-16
     vertex -9.321804e+00 -3.619940e+00  8.037882e-16
   endloop
 endfacet
 facet normal -9.370586e-01 -3.491720e-01  7.763301e-17
   outer loop
     vertex -9.321804e+00 -3.619940e+00  2.000000e+01
     vertex -9.417605e+00 -3.362843e+00  2.000000e+01
     vertex -9.417605e+00 -3.362843e+00  7.467012e-16
   endloop
 endfacet
 facet normal -9.271267e-01 -3.747479e-01  8.321075e-17
   outer loop
     vertex -9.218986e+00 -3.874313e+00  2.000000e+01
     vertex -9.321804e+00 -3.619940e+00  8.037882e-16
     vertex -9.218986e+00 -3.874313e+00  8.602702e-16
   endloop
 endfacet
 facet normal -9.164969e-01 -4.000417e-01  8.882710e-17
   outer loop
     vertex -9.218986e+00 -3.874313e+00  2.000000e+01
     vertex -9.218986e+00 -3.874313e+00  8.602702e-16
     vertex -9.109228e+00 -4.125769e+00  9.161047e-16
   endloop
 endfacet
 facet normal -9.271267e-01 -3.747479e-01  8.310201e-17
   outer loop
     vertex -9.218986e+00 -3.874313e+00  2.000000e+01
     vertex -9.321804e+00 -3.619940e+00  2.000000e+01
     vertex -9.321804e+00 -3.619940e+00  8.037882e-16
   endloop
 endfacet
 facet normal -9.164969e-01 -4.000417e-01  8.882710e-17
   outer loop
     vertex -9.109228e+00 -4.125769e+00  2.000000e+01
     vertex -9.218986e+00 -3.874313e+00  2.000000e+01
     vertex -9.109228e+00 -4.125769e+00  9.161047e-16
   endloop
 endfacet
 facet normal -9.051772e-01 -4.250344e-01  9.437659e-17
   outer loop
     vertex -8.992613e+00 -4.374119e+00  2.000000e+01
     vertex -9.109228e+00 -4.125769e+00  9.161047e-16
     vertex -8.992613e+00 -4.374119e+00  9.712495e-16
   endloop
 endfacet
 facet normal -9.051772e-01 -4.250344e-01  9.428632e-17
   outer loop
     vertex -8.992613e+00 -4.374119e+00  2.000000e+01
     vertex -9.109228e+00 -4.125769e+00  2.000000e+01
     vertex -9.109228e+00 -4.125769e+00  9.161047e-16
   endloop
 endfacet
 facet normal -8.931761e-01 -4.497071e-01  9.985503e-17
   outer loop
     vertex -8.869228e+00 -4.619176e+00  2.000000e+01
     vertex -8.992613e+00 -4.374119e+00  9.712495e-16
     vertex -8.869228e+00 -4.619176e+00  1.025663e-15
   endloop
 endfacet
 facet normal -8.931761e-01 -4.497071e-01  1.000859e-16
   outer loop
     vertex -8.869228e+00 -4.619176e+00  2.000000e+01
     vertex -8.992613e+00 -4.374119e+00  2.000000e+01
     vertex -8.992613e+00 -4.374119e+00  9.712495e-16
   endloop
 endfacet
 facet normal -8.805026e-01 -4.740412e-01  1.052583e-16
   outer loop
     vertex -8.739167e+00 -4.860756e+00  2.000000e+01
     vertex -8.869228e+00 -4.619176e+00  1.025663e-15
     vertex -8.739167e+00 -4.860756e+00  1.079305e-15
   endloop
 endfacet
 facet normal -8.805026e-01 -4.740412e-01  1.048668e-16
   outer loop
     vertex -8.739167e+00 -4.860756e+00  2.000000e+01
     vertex -8.869228e+00 -4.619176e+00  2.000000e+01
     vertex -8.869228e+00 -4.619176e+00  1.025663e-15
   endloop
 endfacet
 facet normal -8.671664e-01 -4.980186e-01  1.105823e-16
   outer loop
     vertex -8.602528e+00 -5.098678e+00  2.000000e+01
     vertex -8.739167e+00 -4.860756e+00  1.079305e-15
     vertex -8.602528e+00 -5.098678e+00  1.132134e-15
   endloop
 endfacet
 facet normal -8.531773e-01 -5.216210e-01  1.158231e-16
   outer loop
     vertex -8.602528e+00 -5.098678e+00  2.000000e+01
     vertex -8.602528e+00 -5.098678e+00  1.132134e-15
     vertex -8.459413e+00 -5.332761e+00  1.184111e-15
   endloop
 endfacet
 facet normal -8.671664e-01 -4.980186e-01  1.106310e-16
   outer loop
     vertex -8.602528e+00 -5.098678e+00  2.000000e+01
     vertex -8.739167e+00 -4.860756e+00  2.000000e+01
     vertex -8.739167e+00 -4.860756e+00  1.079305e-15
   endloop
 endfacet
 facet normal -8.531773e-01 -5.216210e-01  1.158231e-16
   outer loop
     vertex -8.459413e+00 -5.332761e+00  2.000000e+01
     vertex -8.602528e+00 -5.098678e+00  2.000000e+01
     vertex -8.459413e+00 -5.332761e+00  1.184111e-15
   endloop
 endfacet
 facet normal -8.385460e-01 -5.448308e-01  1.203570e-16
   outer loop
     vertex -8.309929e+00 -5.562829e+00  2.000000e+01
     vertex -8.459413e+00 -5.332761e+00  2.000000e+01
     vertex -8.459413e+00 -5.332761e+00  1.184111e-15
   endloop
 endfacet
 facet normal -8.385460e-01 -5.448308e-01  1.209767e-16
   outer loop
     vertex -8.309929e+00 -5.562829e+00  2.000000e+01
     vertex -8.459413e+00 -5.332761e+00  1.184111e-15
     vertex -8.309929e+00 -5.562829e+00  1.235196e-15
   endloop
 endfacet
 facet normal -8.232835e-01 -5.676304e-01  1.255751e-16
   outer loop
     vertex -8.154191e+00 -5.788711e+00  2.000000e+01
     vertex -8.309929e+00 -5.562829e+00  2.000000e+01
     vertex -8.309929e+00 -5.562829e+00  1.235196e-15
   endloop
 endfacet
 facet normal -8.232835e-01 -5.676304e-01  1.260393e-16
   outer loop
     vertex -8.154191e+00 -5.788711e+00  2.000000e+01
     vertex -8.309929e+00 -5.562829e+00  1.235196e-15
     vertex -8.154191e+00 -5.788711e+00  1.285352e-15
   endloop
 endfacet
 facet normal -8.074012e-01 -5.900028e-01  1.314329e-16
   outer loop
     vertex -7.992314e+00 -6.010234e+00  2.000000e+01
     vertex -8.154191e+00 -5.788711e+00  2.000000e+01
     vertex -8.154191e+00 -5.788711e+00  1.285352e-15
   endloop
 endfacet
 facet normal -8.074012e-01 -5.900028e-01  1.310069e-16
   outer loop
     vertex -7.992314e+00 -6.010234e+00  2.000000e+01
     vertex -8.154191e+00 -5.788711e+00  1.285352e-15
     vertex -7.992314e+00 -6.010234e+00  1.334540e-15
   endloop
 endfacet
 facet normal -7.909112e-01 -6.119310e-01  1.360036e-16
   outer loop
     vertex -7.824421e+00 -6.227234e+00  2.000000e+01
     vertex -7.992314e+00 -6.010234e+00  2.000000e+01
     vertex -7.992314e+00 -6.010234e+00  1.334540e-15
   endloop
 endfacet
 facet normal -7.909112e-01 -6.119310e-01  1.358760e-16
   outer loop
     vertex -7.824421e+00 -6.227234e+00  2.000000e+01
     vertex -7.992314e+00 -6.010234e+00  1.334540e-15
     vertex -7.824421e+00 -6.227234e+00  1.382724e-15
   endloop
 endfacet
 facet normal -7.738257e-01 -6.333986e-01  1.402622e-16
   outer loop
     vertex -7.650637e+00 -6.439545e+00  2.000000e+01
     vertex -7.824421e+00 -6.227234e+00  2.000000e+01
     vertex -7.824421e+00 -6.227234e+00  1.382724e-15
   endloop
 endfacet
 facet normal -7.738257e-01 -6.333986e-01  1.406427e-16
   outer loop
     vertex -7.650637e+00 -6.439545e+00  2.000000e+01
     vertex -7.824421e+00 -6.227234e+00  1.382724e-15
     vertex -7.650637e+00 -6.439545e+00  1.429866e-15
   endloop
 endfacet
 facet normal -7.561578e-01 -6.543893e-01  1.453353e-16
   outer loop
     vertex -7.471095e+00 -6.647010e+00  2.000000e+01
     vertex -7.650637e+00 -6.439545e+00  2.000000e+01
     vertex -7.650637e+00 -6.439545e+00  1.429866e-15
   endloop
 endfacet
 facet normal -7.561578e-01 -6.543893e-01  1.453036e-16
   outer loop
     vertex -7.471095e+00 -6.647010e+00  2.000000e+01
     vertex -7.650637e+00 -6.439545e+00  1.429866e-15
     vertex -7.471095e+00 -6.647010e+00  1.475933e-15
   endloop
 endfacet
 facet normal -7.379206e-01 -6.748875e-01  1.498551e-16
   outer loop
     vertex -7.471095e+00 -6.647010e+00  2.000000e+01
     vertex -7.471095e+00 -6.647010e+00  1.475933e-15
     vertex -7.285929e+00 -6.849470e+00  1.520888e-15
   endloop
 endfacet
 facet normal -7.379206e-01 -6.748875e-01  1.498551e-16
   outer loop
     vertex -7.285929e+00 -6.849470e+00  2.000000e+01
     vertex -7.471095e+00 -6.647010e+00  2.000000e+01
     vertex -7.285929e+00 -6.849470e+00  1.520888e-15
   endloop
 endfacet
 facet normal -7.191280e-01 -6.948776e-01  1.539297e-16
   outer loop
     vertex -7.095278e+00 -7.046775e+00  2.000000e+01
     vertex -7.285929e+00 -6.849470e+00  2.000000e+01
     vertex -7.285929e+00 -6.849470e+00  1.520888e-15
   endloop
 endfacet
 facet normal -7.191280e-01 -6.948776e-01  1.542938e-16
   outer loop
     vertex -7.095278e+00 -7.046775e+00  2.000000e+01
     vertex -7.285929e+00 -6.849470e+00  1.520888e-15
     vertex -7.095278e+00 -7.046775e+00  1.564698e-15
   endloop
 endfacet
 facet normal -6.997940e-01 -7.143447e-01  1.586164e-16
   outer loop
     vertex -7.095278e+00 -7.046775e+00  2.000000e+01
     vertex -7.095278e+00 -7.046775e+00  1.564698e-15
     vertex -6.899286e+00 -7.238775e+00  1.607331e-15
   endloop
 endfacet
 facet normal -6.997940e-01 -7.143447e-01  1.586164e-16
   outer loop
     vertex -6.899286e+00 -7.238775e+00  2.000000e+01
     vertex -7.095278e+00 -7.046775e+00  2.000000e+01
     vertex -6.899286e+00 -7.238775e+00  1.607331e-15
   endloop
 endfacet
 facet normal -6.799333e-01 -7.332740e-01  1.628195e-16
   outer loop
     vertex -6.899286e+00 -7.238775e+00  2.000000e+01
     vertex -6.899286e+00 -7.238775e+00  1.607331e-15
     vertex -6.698100e+00 -7.425325e+00  1.648753e-15
   endloop
 endfacet
 facet normal -6.799333e-01 -7.332740e-01  1.628195e-16
   outer loop
     vertex -6.698100e+00 -7.425325e+00  2.000000e+01
     vertex -6.899286e+00 -7.238775e+00  2.000000e+01
     vertex -6.698100e+00 -7.425325e+00  1.648753e-15
   endloop
 endfacet
 facet normal -6.595607e-01 -7.516513e-01  1.673631e-16
   outer loop
     vertex -6.491872e+00 -7.606287e+00  2.000000e+01
     vertex -6.698100e+00 -7.425325e+00  2.000000e+01
     vertex -6.698100e+00 -7.425325e+00  1.648753e-15
   endloop
 endfacet
 facet normal -6.595607e-01 -7.516513e-01  1.669001e-16
   outer loop
     vertex -6.491872e+00 -7.606287e+00  2.000000e+01
     vertex -6.698100e+00 -7.425325e+00  1.648753e-15
     vertex -6.491872e+00 -7.606287e+00  1.688935e-15
   endloop
 endfacet
 facet normal -6.386916e-01 -7.694628e-01  1.706031e-16
   outer loop
     vertex -6.280757e+00 -7.781522e+00  2.000000e+01
     vertex -6.491872e+00 -7.606287e+00  2.000000e+01
     vertex -6.491872e+00 -7.606287e+00  1.688935e-15
   endloop
 endfacet
 facet normal -6.386916e-01 -7.694628e-01  1.708551e-16
   outer loop
     vertex -6.280757e+00 -7.781522e+00  2.000000e+01
     vertex -6.491872e+00 -7.606287e+00  1.688935e-15
     vertex -6.280757e+00 -7.781522e+00  1.727845e-15
   endloop
 endfacet
 facet normal -6.173417e-01 -7.866951e-01  1.746814e-16
   outer loop
     vertex -6.064915e+00 -7.950900e+00  2.000000e+01
     vertex -6.280757e+00 -7.781522e+00  1.727845e-15
     vertex -6.064915e+00 -7.950900e+00  1.765454e-15
   endloop
 endfacet
 facet normal -6.173417e-01 -7.866951e-01  1.743725e-16
   outer loop
     vertex -6.064915e+00 -7.950900e+00  2.000000e+01
     vertex -6.280757e+00 -7.781522e+00  2.000000e+01
     vertex -6.280757e+00 -7.781522e+00  1.727845e-15
   endloop
 endfacet
 facet normal -5.955271e-01 -8.033352e-01  2.140515e-16
   outer loop
     vertex -5.844507e+00 -8.114292e+00  2.000000e+01
     vertex -6.064915e+00 -7.950900e+00  1.765454e-15
     vertex -5.844507e+00 -8.114292e+00  1.801735e-15
   endloop
 endfacet
 facet normal -5.955271e-01 -8.033352e-01  1.786268e-16
   outer loop
     vertex -5.844507e+00 -8.114292e+00  2.000000e+01
     vertex -6.064915e+00 -7.950900e+00  2.000000e+01
     vertex -6.064915e+00 -7.950900e+00  1.765454e-15
   endloop
 endfacet
 facet normal -5.732642e-01 -8.193706e-01  2.183242e-16
   outer loop
     vertex -5.619699e+00 -8.271577e+00  2.000000e+01
     vertex -5.844507e+00 -8.114292e+00  1.801735e-15
     vertex -5.619699e+00 -8.271577e+00  1.836659e-15
   endloop
 endfacet
 facet normal -5.732642e-01 -8.193706e-01  2.181697e-16
   outer loop
     vertex -5.619699e+00 -8.271577e+00  2.000000e+01
     vertex -5.844507e+00 -8.114292e+00  2.000000e+01
     vertex -5.844507e+00 -8.114292e+00  1.801735e-15
   endloop
 endfacet
 facet normal -5.505698e-01 -8.347891e-01  2.224325e-16
   outer loop
     vertex -5.390661e+00 -8.422635e+00  2.000000e+01
     vertex -5.619699e+00 -8.271577e+00  1.836659e-15
     vertex -5.390661e+00 -8.422635e+00  1.870201e-15
   endloop
 endfacet
 facet normal -5.505698e-01 -8.347891e-01  2.219849e-16
   outer loop
     vertex -5.390661e+00 -8.422635e+00  2.000000e+01
     vertex -5.619699e+00 -8.271577e+00  2.000000e+01
     vertex -5.619699e+00 -8.271577e+00  1.836659e-15
   endloop
 endfacet
 facet normal -5.274609e-01 -8.495793e-01  2.263734e-16
   outer loop
     vertex -5.157565e+00 -8.567352e+00  2.000000e+01
     vertex -5.390661e+00 -8.422635e+00  1.870201e-15
     vertex -5.157565e+00 -8.567352e+00  1.902334e-15
   endloop
 endfacet
 facet normal -5.039550e-01 -8.637299e-01  2.301439e-16
   outer loop
     vertex -5.157565e+00 -8.567352e+00  2.000000e+01
     vertex -5.157565e+00 -8.567352e+00  1.902334e-15
     vertex -4.920587e+00 -8.705620e+00  1.933036e-15
   endloop
 endfacet
 facet normal -5.274609e-01 -8.495793e-01  2.257536e-16
   outer loop
     vertex -5.157565e+00 -8.567352e+00  2.000000e+01
     vertex -5.390661e+00 -8.422635e+00  2.000000e+01
     vertex -5.390661e+00 -8.422635e+00  1.870201e-15
   endloop
 endfacet
 facet normal -5.039550e-01 -8.637299e-01  2.301439e-16
   outer loop
     vertex -4.920587e+00 -8.705620e+00  2.000000e+01
     vertex -5.157565e+00 -8.567352e+00  2.000000e+01
     vertex -4.920587e+00 -8.705620e+00  1.933036e-15
   endloop
 endfacet
 facet normal -4.800697e-01 -8.772303e-01  2.337411e-16
   outer loop
     vertex -4.679904e+00 -8.837335e+00  2.000000e+01
     vertex -4.920587e+00 -8.705620e+00  1.933036e-15
     vertex -4.679904e+00 -8.837335e+00  1.962283e-15
   endloop
 endfacet
 facet normal -4.800697e-01 -8.772303e-01  2.337203e-16
   outer loop
     vertex -4.679904e+00 -8.837335e+00  2.000000e+01
     vertex -4.920587e+00 -8.705620e+00  2.000000e+01
     vertex -4.920587e+00 -8.705620e+00  1.933036e-15
   endloop
 endfacet
 facet normal -4.558231e-01 -8.900704e-01  2.371624e-16
   outer loop
     vertex -4.435699e+00 -8.962398e+00  2.000000e+01
     vertex -4.679904e+00 -8.837335e+00  1.962283e-15
     vertex -4.435699e+00 -8.962398e+00  1.990052e-15
   endloop
 endfacet
 facet normal -4.558231e-01 -8.900704e-01  2.369005e-16
   outer loop
     vertex -4.435699e+00 -8.962398e+00  2.000000e+01
     vertex -4.679904e+00 -8.837335e+00  2.000000e+01
     vertex -4.679904e+00 -8.837335e+00  1.962283e-15
   endloop
 endfacet
 facet normal -4.312333e-01 -9.022405e-01  2.404052e-16
   outer loop
     vertex -4.188155e+00 -9.080714e+00  2.000000e+01
     vertex -4.435699e+00 -8.962398e+00  1.990052e-15
     vertex -4.188155e+00 -9.080714e+00  2.016323e-15
   endloop
 endfacet
 facet normal -4.312333e-01 -9.022405e-01  2.403304e-16
   outer loop
     vertex -4.188155e+00 -9.080714e+00  2.000000e+01
     vertex -4.435699e+00 -8.962398e+00  2.000000e+01
     vertex -4.435699e+00 -8.962398e+00  1.990052e-15
   endloop
 endfacet
 facet normal -4.063188e-01 -9.137314e-01  2.434669e-16
   outer loop
     vertex -3.937458e+00 -9.192194e+00  2.000000e+01
     vertex -4.188155e+00 -9.080714e+00  2.016323e-15
     vertex -3.937458e+00 -9.192194e+00  2.041077e-15
   endloop
 endfacet
 facet normal -4.063188e-01 -9.137314e-01  2.437444e-16
   outer loop
     vertex -3.937458e+00 -9.192194e+00  2.000000e+01
     vertex -4.188155e+00 -9.080714e+00  2.000000e+01
     vertex -4.188155e+00 -9.080714e+00  2.016323e-15
   endloop
 endfacet
 facet normal -3.810986e-01 -9.245344e-01  2.463455e-16
   outer loop
     vertex -3.683796e+00 -9.296754e+00  2.000000e+01
     vertex -3.937458e+00 -9.192194e+00  2.041077e-15
     vertex -3.683796e+00 -9.296754e+00  2.064294e-15
   endloop
 endfacet
 facet normal -3.810986e-01 -9.245344e-01  2.462788e-16
   outer loop
     vertex -3.683796e+00 -9.296754e+00  2.000000e+01
     vertex -3.937458e+00 -9.192194e+00  2.000000e+01
     vertex -3.937458e+00 -9.192194e+00  2.041077e-15
   endloop
 endfacet
 facet normal -3.555914e-01 -9.346415e-01  2.490385e-16
   outer loop
     vertex -3.427362e+00 -9.394317e+00  2.000000e+01
     vertex -3.683796e+00 -9.296754e+00  2.064294e-15
     vertex -3.427362e+00 -9.394317e+00  2.085957e-15
   endloop
 endfacet
 facet normal -3.555914e-01 -9.346415e-01  2.487647e-16
   outer loop
     vertex -3.427362e+00 -9.394317e+00  2.000000e+01
     vertex -3.683796e+00 -9.296754e+00  2.000000e+01
     vertex -3.683796e+00 -9.296754e+00  2.064294e-15
   endloop
 endfacet
 facet normal -3.298166e-01 -9.440450e-01  2.515441e-16
   outer loop
     vertex -3.168348e+00 -9.484807e+00  2.000000e+01
     vertex -3.427362e+00 -9.394317e+00  2.085957e-15
     vertex -3.168348e+00 -9.484807e+00  2.106050e-15
   endloop
 endfacet
 facet normal -3.298166e-01 -9.440450e-01  2.515313e-16
   outer loop
     vertex -3.168348e+00 -9.484807e+00  2.000000e+01
     vertex -3.427362e+00 -9.394317e+00  2.000000e+01
     vertex -3.427362e+00 -9.394317e+00  2.085957e-15
   endloop
 endfacet
 facet normal -3.037934e-01 -9.527379e-01  2.538604e-16
   outer loop
     vertex -2.906949e+00 -9.568158e+00  2.000000e+01
     vertex -3.168348e+00 -9.484807e+00  2.106050e-15
     vertex -2.906949e+00 -9.568158e+00  2.124558e-15
   endloop
 endfacet
 facet normal -3.037934e-01 -9.527379e-01  2.536122e-16
   outer loop
     vertex -2.906949e+00 -9.568158e+00  2.000000e+01
     vertex -3.168348e+00 -9.484807e+00  2.000000e+01
     vertex -3.168348e+00 -9.484807e+00  2.106050e-15
   endloop
 endfacet
 facet normal -2.775416e-01 -9.607136e-01  2.562383e-16
   outer loop
     vertex -2.643362e+00 -9.644306e+00  2.000000e+01
     vertex -2.906949e+00 -9.568158e+00  2.000000e+01
     vertex -2.906949e+00 -9.568158e+00  2.124558e-15
   endloop
 endfacet
 facet normal -2.775416e-01 -9.607136e-01  2.559855e-16
   outer loop
     vertex -2.643362e+00 -9.644306e+00  2.000000e+01
     vertex -2.906949e+00 -9.568158e+00  2.124558e-15
     vertex -2.643362e+00 -9.644306e+00  2.141466e-15
   endloop
 endfacet
 facet normal -2.510809e-01 -9.679661e-01  2.577632e-16
   outer loop
     vertex -2.377784e+00 -9.713194e+00  2.000000e+01
     vertex -2.643362e+00 -9.644306e+00  2.000000e+01
     vertex -2.643362e+00 -9.644306e+00  2.141466e-15
   endloop
 endfacet
 facet normal -2.510809e-01 -9.679661e-01  2.579180e-16
   outer loop
     vertex -2.377784e+00 -9.713194e+00  2.000000e+01
     vertex -2.643362e+00 -9.644306e+00  2.141466e-15
     vertex -2.377784e+00 -9.713194e+00  2.156762e-15
   endloop
 endfacet
 facet normal -2.244312e-01 -9.744899e-01  2.599183e-16
   outer loop
     vertex -2.110417e+00 -9.774771e+00  2.000000e+01
     vertex -2.377784e+00 -9.713194e+00  2.000000e+01
     vertex -2.377784e+00 -9.713194e+00  2.156762e-15
   endloop
 endfacet
 facet normal -2.244312e-01 -9.744899e-01  2.596563e-16
   outer loop
     vertex -2.110417e+00 -9.774771e+00  2.000000e+01
     vertex -2.377784e+00 -9.713194e+00  2.156762e-15
     vertex -2.110417e+00 -9.774771e+00  2.170435e-15
   endloop
 endfacet
 facet normal -1.976125e-01 -9.802802e-01  2.612560e-16
   outer loop
     vertex -1.841461e+00 -9.828989e+00  2.000000e+01
     vertex -2.110417e+00 -9.774771e+00  2.000000e+01
     vertex -2.110417e+00 -9.774771e+00  2.170435e-15
   endloop
 endfacet
 facet normal -1.976125e-01 -9.802802e-01  2.611991e-16
   outer loop
     vertex -1.841461e+00 -9.828989e+00  2.000000e+01
     vertex -2.110417e+00 -9.774771e+00  2.170435e-15
     vertex -1.841461e+00 -9.828989e+00  2.182474e-15
   endloop
 endfacet
 facet normal -1.706451e-01 -9.853326e-01  2.626597e-16
   outer loop
     vertex -1.571119e+00 -9.875808e+00  2.000000e+01
     vertex -1.841461e+00 -9.828989e+00  2.000000e+01
     vertex -1.841461e+00 -9.828989e+00  2.182474e-15
   endloop
 endfacet
 facet normal -1.706451e-01 -9.853326e-01  2.625453e-16
   outer loop
     vertex -1.571119e+00 -9.875808e+00  2.000000e+01
     vertex -1.841461e+00 -9.828989e+00  2.182474e-15
     vertex -1.571119e+00 -9.875808e+00  2.192870e-15
   endloop
 endfacet
 facet normal -1.435492e-01 -9.896432e-01  2.636939e-16
   outer loop
     vertex -1.571119e+00 -9.875808e+00  2.000000e+01
     vertex -1.571119e+00 -9.875808e+00  2.192870e-15
     vertex -1.299594e+00 -9.915193e+00  2.201615e-15
   endloop
 endfacet
 facet normal -1.435492e-01 -9.896432e-01  2.636939e-16
   outer loop
     vertex -1.299594e+00 -9.915193e+00  2.000000e+01
     vertex -1.571119e+00 -9.875808e+00  2.000000e+01
     vertex -1.299594e+00 -9.915193e+00  2.201615e-15
   endloop
 endfacet
 facet normal -1.163452e-01 -9.932088e-01  2.647933e-16
   outer loop
     vertex -1.027091e+00 -9.947114e+00  2.000000e+01
     vertex -1.299594e+00 -9.915193e+00  2.000000e+01
     vertex -1.299594e+00 -9.915193e+00  2.201615e-15
   endloop
 endfacet
 facet normal -1.163452e-01 -9.932088e-01  2.646440e-16
   outer loop
     vertex -1.027091e+00 -9.947114e+00  2.000000e+01
     vertex -1.299594e+00 -9.915193e+00  2.201615e-15
     vertex -1.027091e+00 -9.947114e+00  2.208703e-15
   endloop
 endfacet
 facet normal -8.905371e-02 -9.960268e-01  2.653468e-16
   outer loop
     vertex -7.538152e-01 -9.971548e+00  2.000000e+01
     vertex -1.027091e+00 -9.947114e+00  2.000000e+01
     vertex -1.027091e+00 -9.947114e+00  2.208703e-15
   endloop
 endfacet
 facet normal -8.905371e-02 -9.960268e-01  2.653949e-16
   outer loop
     vertex -7.538152e-01 -9.971548e+00  2.000000e+01
     vertex -1.027091e+00 -9.947114e+00  2.208703e-15
     vertex -7.538152e-01 -9.971548e+00  2.214128e-15
   endloop
 endfacet
 facet normal -6.169515e-02 -9.980950e-01  2.659189e-16
   outer loop
     vertex -4.799716e-01 -9.988475e+00  2.000000e+01
     vertex -7.538152e-01 -9.971548e+00  2.000000e+01
     vertex -7.538152e-01 -9.971548e+00  2.214128e-15
   endloop
 endfacet
 facet normal -6.169515e-02 -9.980950e-01  2.659459e-16
   outer loop
     vertex -4.799716e-01 -9.988475e+00  2.000000e+01
     vertex -7.538152e-01 -9.971548e+00  2.214128e-15
     vertex -4.799716e-01 -9.988475e+00  2.217887e-15
   endloop
 endfacet
 facet normal -3.429014e-02 -9.994119e-01  2.662638e-16
   outer loop
     vertex -2.057667e-01 -9.997883e+00  2.000000e+01
     vertex -4.799716e-01 -9.988475e+00  2.000000e+01
     vertex -4.799716e-01 -9.988475e+00  2.217887e-15
   endloop
 endfacet
 facet normal -3.429014e-02 -9.994119e-01  2.662968e-16
   outer loop
     vertex -2.057667e-01 -9.997883e+00  2.000000e+01
     vertex -4.799716e-01 -9.988475e+00  2.217887e-15
     vertex -2.057667e-01 -9.997883e+00  2.219976e-15
   endloop
 endfacet
 facet normal -6.859319e-03 -9.999765e-01  2.664473e-16
   outer loop
     vertex -2.057667e-01 -9.997883e+00  2.000000e+01
     vertex -2.057667e-01 -9.997883e+00  2.219976e-15
     vertex  6.859319e-02 -9.999765e+00  2.220394e-15
   endloop
 endfacet
 facet normal -6.859319e-03 -9.999765e-01  2.664473e-16
   outer loop
     vertex  6.859319e-02 -9.999765e+00  2.000000e+01
     vertex -2.057667e-01 -9.997883e+00  2.000000e+01
     vertex  6.859319e-02 -9.999765e+00  2.220394e-15
   endloop
 endfacet
 facet normal  2.057667e-02 -9.997883e-01  2.664045e-16
   outer loop
     vertex  3.429014e-01 -9.994119e+00  2.000000e+01
     vertex  6.859319e-02 -9.999765e+00  2.000000e+01
     vertex  6.859319e-02 -9.999765e+00  2.220394e-15
   endloop
 endfacet
 facet normal  2.057667e-02 -9.997883e-01  2.663971e-16
   outer loop
     vertex  3.429014e-01 -9.994119e+00  2.000000e+01
     vertex  6.859319e-02 -9.999765e+00  2.220394e-15
     vertex  3.429014e-01 -9.994119e+00  2.219140e-15
   endloop
 endfacet
 facet normal  4.799716e-02 -9.988475e-01  2.661316e-16
   outer loop
     vertex  6.169515e-01 -9.980950e+00  2.000000e+01
     vertex  3.429014e-01 -9.994119e+00  2.000000e+01
     vertex  3.429014e-01 -9.994119e+00  2.219140e-15
   endloop
 endfacet
 facet normal  4.799716e-02 -9.988475e-01  2.661464e-16
   outer loop
     vertex  6.169515e-01 -9.980950e+00  2.000000e+01
     vertex  3.429014e-01 -9.994119e+00  2.219140e-15
     vertex  6.169515e-01 -9.980950e+00  2.216216e-15
   endloop
 endfacet
 facet normal  7.538152e-02 -9.971548e-01  2.656336e-16
   outer loop
     vertex  8.905371e-01 -9.960268e+00  2.000000e+01
     vertex  6.169515e-01 -9.980950e+00  2.000000e+01
     vertex  6.169515e-01 -9.980950e+00  2.216216e-15
   endloop
 endfacet
 facet normal  7.538152e-02 -9.971548e-01  2.656954e-16
   outer loop
     vertex  8.905371e-01 -9.960268e+00  2.000000e+01
     vertex  6.169515e-01 -9.980950e+00  2.216216e-15
     vertex  8.905371e-01 -9.960268e+00  2.211624e-15
   endloop
 endfacet
 facet normal  1.027091e-01 -9.947114e-01  2.650434e-16
   outer loop
     vertex  1.163452e+00 -9.932088e+00  2.000000e+01
     vertex  8.905371e-01 -9.960268e+00  2.000000e+01
     vertex  8.905371e-01 -9.960268e+00  2.211624e-15
   endloop
 endfacet
 facet normal  1.027091e-01 -9.947114e-01  2.650444e-16
   outer loop
     vertex  1.163452e+00 -9.932088e+00  2.000000e+01
     vertex  8.905371e-01 -9.960268e+00  2.211624e-15
     vertex  1.163452e+00 -9.932088e+00  2.205367e-15
   endloop
 endfacet
 facet normal  1.299594e-01 -9.915193e-01  2.642593e-16
   outer loop
     vertex  1.435492e+00 -9.896432e+00  2.000000e+01
     vertex  1.163452e+00 -9.932088e+00  2.000000e+01
     vertex  1.163452e+00 -9.932088e+00  2.205367e-15
   endloop
 endfacet
 facet normal  1.299594e-01 -9.915193e-01  2.641938e-16
   outer loop
     vertex  1.435492e+00 -9.896432e+00  2.000000e+01
     vertex  1.163452e+00 -9.932088e+00  2.205367e-15
     vertex  1.435492e+00 -9.896432e+00  2.197449e-15
   endloop
 endfacet
 facet normal  1.571119e-01 -9.875808e-01  2.630729e-16
   outer loop
     vertex  1.706451e+00 -9.853326e+00  2.000000e+01
     vertex  1.435492e+00 -9.896432e+00  2.000000e+01
     vertex  1.435492e+00 -9.896432e+00  2.197449e-15
   endloop
 endfacet
 facet normal  1.571119e-01 -9.875808e-01  2.631444e-16
   outer loop
     vertex  1.706451e+00 -9.853326e+00  2.000000e+01
     vertex  1.435492e+00 -9.896432e+00  2.197449e-15
     vertex  1.706451e+00 -9.853326e+00  2.187878e-15
   endloop
 endfacet
 facet normal  1.841461e-01 -9.828989e-01  2.617566e-16
   outer loop
     vertex  1.976125e+00 -9.802802e+00  2.000000e+01
     vertex  1.706451e+00 -9.853326e+00  2.000000e+01
     vertex  1.706451e+00 -9.853326e+00  2.187878e-15
   endloop
 endfacet
 facet normal  1.841461e-01 -9.828989e-01  2.618969e-16
   outer loop
     vertex  1.976125e+00 -9.802802e+00  2.000000e+01
     vertex  1.706451e+00 -9.853326e+00  2.187878e-15
     vertex  1.976125e+00 -9.802802e+00  2.176659e-15
   endloop
 endfacet
 facet normal  2.110417e-01 -9.774771e-01  2.604522e-16
   outer loop
     vertex  1.976125e+00 -9.802802e+00  2.000000e+01
     vertex  1.976125e+00 -9.802802e+00  2.176659e-15
     vertex  2.244312e+00 -9.744899e+00  2.163802e-15
   endloop
 endfacet
 facet normal  2.110417e-01 -9.774771e-01  2.604522e-16
   outer loop
     vertex  2.244312e+00 -9.744899e+00  2.000000e+01
     vertex  1.976125e+00 -9.802802e+00  2.000000e+01
     vertex  2.244312e+00 -9.744899e+00  2.163802e-15
   endloop
 endfacet
 facet normal  2.377784e-01 -9.713194e-01  2.588115e-16
   outer loop
     vertex  2.510809e+00 -9.679661e+00  2.000000e+01
     vertex  2.244312e+00 -9.744899e+00  2.163802e-15
     vertex  2.510809e+00 -9.679661e+00  2.149317e-15
   endloop
 endfacet
 facet normal  2.377784e-01 -9.713194e-01  2.585025e-16
   outer loop
     vertex  2.510809e+00 -9.679661e+00  2.000000e+01
     vertex  2.244312e+00 -9.744899e+00  2.000000e+01
     vertex  2.244312e+00 -9.744899e+00  2.163802e-15
   endloop
 endfacet
 facet normal  2.643362e-01 -9.644306e-01  2.569759e-16
   outer loop
     vertex  2.775416e+00 -9.607136e+00  2.000000e+01
     vertex  2.510809e+00 -9.679661e+00  2.149317e-15
     vertex  2.775416e+00 -9.607136e+00  2.133213e-15
   endloop
 endfacet
 facet normal  2.643362e-01 -9.644306e-01  2.571375e-16
   outer loop
     vertex  2.775416e+00 -9.607136e+00  2.000000e+01
     vertex  2.510809e+00 -9.679661e+00  2.000000e+01
     vertex  2.510809e+00 -9.679661e+00  2.149317e-15
   endloop
 endfacet
 facet normal  2.906949e-01 -9.568158e-01  2.549469e-16
   outer loop
     vertex  3.037934e+00 -9.527379e+00  2.000000e+01
     vertex  2.775416e+00 -9.607136e+00  2.133213e-15
     vertex  3.037934e+00 -9.527379e+00  2.115503e-15
   endloop
 endfacet
 facet normal  3.168348e-01 -9.484807e-01  2.527260e-16
   outer loop
     vertex  3.037934e+00 -9.527379e+00  2.000000e+01
     vertex  3.037934e+00 -9.527379e+00  2.115503e-15
     vertex  3.298166e+00 -9.440450e+00  2.096201e-15
   endloop
 endfacet
 facet normal  2.906949e-01 -9.568158e-01  2.548381e-16
   outer loop
     vertex  3.037934e+00 -9.527379e+00  2.000000e+01
     vertex  2.775416e+00 -9.607136e+00  2.000000e+01
     vertex  2.775416e+00 -9.607136e+00  2.133213e-15
   endloop
 endfacet
 facet normal  3.168348e-01 -9.484807e-01  2.527260e-16
   outer loop
     vertex  3.298166e+00 -9.440450e+00  2.000000e+01
     vertex  3.037934e+00 -9.527379e+00  2.000000e+01
     vertex  3.298166e+00 -9.440450e+00  2.096201e-15
   endloop
 endfacet
 facet normal  3.427362e-01 -9.394317e-01  2.503149e-16
   outer loop
     vertex  3.555914e+00 -9.346415e+00  2.000000e+01
     vertex  3.298166e+00 -9.440450e+00  2.096201e-15
     vertex  3.555914e+00 -9.346415e+00  2.075321e-15
   endloop
 endfacet
 facet normal  3.427362e-01 -9.394317e-01  2.500665e-16
   outer loop
     vertex  3.555914e+00 -9.346415e+00  2.000000e+01
     vertex  3.298166e+00 -9.440450e+00  2.000000e+01
     vertex  3.298166e+00 -9.440450e+00  2.096201e-15
   endloop
 endfacet
 facet normal  3.683796e-01 -9.296754e-01  2.477153e-16
   outer loop
     vertex  3.810986e+00 -9.245344e+00  2.000000e+01
     vertex  3.555914e+00 -9.346415e+00  2.075321e-15
     vertex  3.810986e+00 -9.245344e+00  2.052879e-15
   endloop
 endfacet
 facet normal  3.683796e-01 -9.296754e-01  2.477997e-16
   outer loop
     vertex  3.810986e+00 -9.245344e+00  2.000000e+01
     vertex  3.555914e+00 -9.346415e+00  2.000000e+01
     vertex  3.555914e+00 -9.346415e+00  2.075321e-15
   endloop
 endfacet
 facet normal  3.937458e-01 -9.192194e-01  2.446323e-16
   outer loop
     vertex  4.063188e+00 -9.137314e+00  2.000000e+01
     vertex  3.810986e+00 -9.245344e+00  2.000000e+01
     vertex  3.810986e+00 -9.245344e+00  2.052879e-15
   endloop
 endfacet
 facet normal  3.937458e-01 -9.192194e-01  2.449292e-16
   outer loop
     vertex  4.063188e+00 -9.137314e+00  2.000000e+01
     vertex  3.810986e+00 -9.245344e+00  2.052879e-15
     vertex  4.063188e+00 -9.137314e+00  2.028891e-15
   endloop
 endfacet
 facet normal  4.188155e-01 -9.080714e-01  2.417135e-16
   outer loop
     vertex  4.312333e+00 -9.022405e+00  2.000000e+01
     vertex  4.063188e+00 -9.137314e+00  2.000000e+01
     vertex  4.063188e+00 -9.137314e+00  2.028891e-15
   endloop
 endfacet
 facet normal  4.188155e-01 -9.080714e-01  2.419588e-16
   outer loop
     vertex  4.312333e+00 -9.022405e+00  2.000000e+01
     vertex  4.063188e+00 -9.137314e+00  2.028891e-15
     vertex  4.312333e+00 -9.022405e+00  2.003376e-15
   endloop
 endfacet
 facet normal  4.435699e-01 -8.962398e-01  2.391016e-16
   outer loop
     vertex  4.558231e+00 -8.900704e+00  2.000000e+01
     vertex  4.312333e+00 -9.022405e+00  2.000000e+01
     vertex  4.312333e+00 -9.022405e+00  2.003376e-15
   endloop
 endfacet
 facet normal  4.435699e-01 -8.962398e-01  2.388062e-16
   outer loop
     vertex  4.558231e+00 -8.900704e+00  2.000000e+01
     vertex  4.312333e+00 -9.022405e+00  2.003376e-15
     vertex  4.558231e+00 -8.900704e+00  1.976353e-15
   endloop
 endfacet
 facet normal  4.679904e-01 -8.837335e-01  2.354341e-16
   outer loop
     vertex  4.800697e+00 -8.772303e+00  2.000000e+01
     vertex  4.558231e+00 -8.900704e+00  2.000000e+01
     vertex  4.558231e+00 -8.900704e+00  1.976353e-15
   endloop
 endfacet
 facet normal  4.679904e-01 -8.837335e-01  2.354739e-16
   outer loop
     vertex  4.800697e+00 -8.772303e+00  2.000000e+01
     vertex  4.558231e+00 -8.900704e+00  1.976353e-15
     vertex  4.800697e+00 -8.772303e+00  1.947843e-15
   endloop
 endfacet
 facet normal  4.920587e-01 -8.705620e-01  2.314228e-16
   outer loop
     vertex  5.039550e+00 -8.637299e+00  2.000000e+01
     vertex  4.800697e+00 -8.772303e+00  2.000000e+01
     vertex  4.800697e+00 -8.772303e+00  1.947843e-15
   endloop
 endfacet
 facet normal  4.920587e-01 -8.705620e-01  2.319643e-16
   outer loop
     vertex  5.039550e+00 -8.637299e+00  2.000000e+01
     vertex  4.800697e+00 -8.772303e+00  1.947843e-15
     vertex  5.039550e+00 -8.637299e+00  1.917866e-15
   endloop
 endfacet
 facet normal  5.157565e-01 -8.567352e-01  2.278740e-16
   outer loop
     vertex  5.274609e+00 -8.495793e+00  2.000000e+01
     vertex  5.039550e+00 -8.637299e+00  2.000000e+01
     vertex  5.039550e+00 -8.637299e+00  1.917866e-15
   endloop
 endfacet
 facet normal  5.157565e-01 -8.567352e-01  2.282801e-16
   outer loop
     vertex  5.274609e+00 -8.495793e+00  2.000000e+01
     vertex  5.039550e+00 -8.637299e+00  1.917866e-15
     vertex  5.274609e+00 -8.495793e+00  1.886445e-15
   endloop
 endfacet
 facet normal  5.390661e-01 -8.422635e-01  2.240987e-16
   outer loop
     vertex  5.505698e+00 -8.347891e+00  2.000000e+01
     vertex  5.274609e+00 -8.495793e+00  2.000000e+01
     vertex  5.274609e+00 -8.495793e+00  1.886445e-15
   endloop
 endfacet
 facet normal  5.390661e-01 -8.422635e-01  2.244241e-16
   outer loop
     vertex  5.505698e+00 -8.347891e+00  2.000000e+01
     vertex  5.274609e+00 -8.495793e+00  1.886445e-15
     vertex  5.505698e+00 -8.347891e+00  1.853604e-15
   endloop
 endfacet
 facet normal  5.619699e-01 -8.271577e-01  2.203991e-16
   outer loop
     vertex  5.505698e+00 -8.347891e+00  2.000000e+01
     vertex  5.505698e+00 -8.347891e+00  1.853604e-15
     vertex  5.732642e+00 -8.193706e+00  1.819368e-15
   endloop
 endfacet
 facet normal  5.619699e-01 -8.271577e-01  2.203991e-16
   outer loop
     vertex  5.732642e+00 -8.193706e+00  2.000000e+01
     vertex  5.505698e+00 -8.347891e+00  2.000000e+01
     vertex  5.732642e+00 -8.193706e+00  1.819368e-15
   endloop
 endfacet
 facet normal  5.844507e-01 -8.114292e-01  2.161002e-16
   outer loop
     vertex  5.955271e+00 -8.033352e+00  2.000000e+01
     vertex  5.732642e+00 -8.193706e+00  2.000000e+01
     vertex  5.732642e+00 -8.193706e+00  1.819368e-15
   endloop
 endfacet
 facet normal  5.844507e-01 -8.114292e-01  2.162082e-16
   outer loop
     vertex  5.955271e+00 -8.033352e+00  2.000000e+01
     vertex  5.732642e+00 -8.193706e+00  1.819368e-15
     vertex  5.955271e+00 -8.033352e+00  1.783762e-15
   endloop
 endfacet
 facet normal  6.064915e-01 -7.950900e-01  2.118545e-16
   outer loop
     vertex  5.955271e+00 -8.033352e+00  2.000000e+01
     vertex  5.955271e+00 -8.033352e+00  1.783762e-15
     vertex  6.173417e+00 -7.866951e+00  1.746814e-15
   endloop
 endfacet
 facet normal  6.064915e-01 -7.950900e-01  1.765454e-16
   outer loop
     vertex  6.173417e+00 -7.866951e+00  2.000000e+01
     vertex  5.955271e+00 -8.033352e+00  2.000000e+01
     vertex  6.173417e+00 -7.866951e+00  1.746814e-15
   endloop
 endfacet
 facet normal  6.280757e-01 -7.781522e-01  1.728686e-16
   outer loop
     vertex  6.386916e+00 -7.694628e+00  2.000000e+01
     vertex  6.173417e+00 -7.866951e+00  2.000000e+01
     vertex  6.173417e+00 -7.866951e+00  1.746814e-15
   endloop
 endfacet
 facet normal  6.280757e-01 -7.781522e-01  1.727845e-16
   outer loop
     vertex  6.386916e+00 -7.694628e+00  2.000000e+01
     vertex  6.173417e+00 -7.866951e+00  1.746814e-15
     vertex  6.386916e+00 -7.694628e+00  1.708551e-15
   endloop
 endfacet
 facet normal  6.491872e-01 -7.606287e-01  1.688935e-16
   outer loop
     vertex  6.386916e+00 -7.694628e+00  2.000000e+01
     vertex  6.386916e+00 -7.694628e+00  1.708551e-15
     vertex  6.595607e+00 -7.516513e+00  1.669001e-15
   endloop
 endfacet
 facet normal  6.491872e-01 -7.606287e-01  1.688935e-16
   outer loop
     vertex  6.595607e+00 -7.516513e+00  2.000000e+01
     vertex  6.386916e+00 -7.694628e+00  2.000000e+01
     vertex  6.595607e+00 -7.516513e+00  1.669001e-15
   endloop
 endfacet
 facet normal  6.698100e-01 -7.425325e-01  1.648753e-16
   outer loop
     vertex  6.595607e+00 -7.516513e+00  2.000000e+01
     vertex  6.595607e+00 -7.516513e+00  1.669001e-15
     vertex  6.799333e+00 -7.332740e+00  1.628195e-15
   endloop
 endfacet
 facet normal  6.698100e-01 -7.425325e-01  1.648753e-16
   outer loop
     vertex  6.799333e+00 -7.332740e+00  2.000000e+01
     vertex  6.595607e+00 -7.516513e+00  2.000000e+01
     vertex  6.799333e+00 -7.332740e+00  1.628195e-15
   endloop
 endfacet
 facet normal  6.899286e-01 -7.238775e-01  1.607331e-16
   outer loop
     vertex  6.799333e+00 -7.332740e+00  2.000000e+01
     vertex  6.799333e+00 -7.332740e+00  1.628195e-15
     vertex  6.997940e+00 -7.143447e+00  1.586164e-15
   endloop
 endfacet
 facet normal  6.899286e-01 -7.238775e-01  1.607331e-16
   outer loop
     vertex  6.997940e+00 -7.143447e+00  2.000000e+01
     vertex  6.799333e+00 -7.332740e+00  2.000000e+01
     vertex  6.997940e+00 -7.143447e+00  1.586164e-15
   endloop
 endfacet
 facet normal  7.095278e-01 -7.046775e-01  1.565661e-16
   outer loop
     vertex  7.191280e+00 -6.948776e+00  2.000000e+01
     vertex  6.997940e+00 -7.143447e+00  2.000000e+01
     vertex  6.997940e+00 -7.143447e+00  1.586164e-15
   endloop
 endfacet
 facet normal  7.095278e-01 -7.046775e-01  1.564698e-16
   outer loop
     vertex  7.191280e+00 -6.948776e+00  2.000000e+01
     vertex  6.997940e+00 -7.143447e+00  1.586164e-15
     vertex  7.191280e+00 -6.948776e+00  1.542938e-15
   endloop
 endfacet
 facet normal  7.285929e-01 -6.849470e-01  1.520888e-16
   outer loop
     vertex  7.379206e+00 -6.748875e+00  2.000000e+01
     vertex  7.191280e+00 -6.948776e+00  1.542938e-15
     vertex  7.379206e+00 -6.748875e+00  1.498551e-15
   endloop
 endfacet
 facet normal  7.285929e-01 -6.849470e-01  1.520445e-16
   outer loop
     vertex  7.379206e+00 -6.748875e+00  2.000000e+01
     vertex  7.191280e+00 -6.948776e+00  2.000000e+01
     vertex  7.191280e+00 -6.948776e+00  1.542938e-15
   endloop
 endfacet
 facet normal  7.471095e-01 -6.647010e-01  1.475933e-16
   outer loop
     vertex  7.561578e+00 -6.543893e+00  2.000000e+01
     vertex  7.379206e+00 -6.748875e+00  1.498551e-15
     vertex  7.561578e+00 -6.543893e+00  1.453036e-15
   endloop
 endfacet
 facet normal  7.650637e-01 -6.439545e-01  1.429866e-16
   outer loop
     vertex  7.561578e+00 -6.543893e+00  2.000000e+01
     vertex  7.561578e+00 -6.543893e+00  1.453036e-15
     vertex  7.738257e+00 -6.333986e+00  1.406427e-15
   endloop
 endfacet
 facet normal  7.471095e-01 -6.647010e-01  1.472300e-16
   outer loop
     vertex  7.561578e+00 -6.543893e+00  2.000000e+01
     vertex  7.379206e+00 -6.748875e+00  2.000000e+01
     vertex  7.379206e+00 -6.748875e+00  1.498551e-15
   endloop
 endfacet
 facet normal  7.824421e-01 -6.227234e-01  1.382724e-16
   outer loop
     vertex  7.738257e+00 -6.333986e+00  2.000000e+01
     vertex  7.738257e+00 -6.333986e+00  1.406427e-15
     vertex  7.909112e+00 -6.119310e+00  1.358760e-15
   endloop
 endfacet
 facet normal  7.650637e-01 -6.439545e-01  1.429866e-16
   outer loop
     vertex  7.738257e+00 -6.333986e+00  2.000000e+01
     vertex  7.561578e+00 -6.543893e+00  2.000000e+01
     vertex  7.738257e+00 -6.333986e+00  1.406427e-15
   endloop
 endfacet
 facet normal  7.824421e-01 -6.227234e-01  1.382724e-16
   outer loop
     vertex  7.909112e+00 -6.119310e+00  2.000000e+01
     vertex  7.738257e+00 -6.333986e+00  2.000000e+01
     vertex  7.909112e+00 -6.119310e+00  1.358760e-15
   endloop
 endfacet
 facet normal  7.992314e-01 -6.010234e-01  1.334540e-16
   outer loop
     vertex  8.074012e+00 -5.900028e+00  2.000000e+01
     vertex  7.909112e+00 -6.119310e+00  1.358760e-15
     vertex  8.074012e+00 -5.900028e+00  1.310069e-15
   endloop
 endfacet
 facet normal  7.992314e-01 -6.010234e-01  1.334512e-16
   outer loop
     vertex  8.074012e+00 -5.900028e+00  2.000000e+01
     vertex  7.909112e+00 -6.119310e+00  2.000000e+01
     vertex  7.909112e+00 -6.119310e+00  1.358760e-15
   endloop
 endfacet
 facet normal  8.154191e-01 -5.788711e-01  1.285352e-16
   outer loop
     vertex  8.232835e+00 -5.676304e+00  2.000000e+01
     vertex  8.074012e+00 -5.900028e+00  1.310069e-15
     vertex  8.232835e+00 -5.676304e+00  1.260393e-15
   endloop
 endfacet
 facet normal  8.154191e-01 -5.788711e-01  1.290826e-16
   outer loop
     vertex  8.232835e+00 -5.676304e+00  2.000000e+01
     vertex  8.074012e+00 -5.900028e+00  2.000000e+01
     vertex  8.074012e+00 -5.900028e+00  1.310069e-15
   endloop
 endfacet
 facet normal  8.309929e-01 -5.562829e-01  1.235196e-16
   outer loop
     vertex  8.385460e+00 -5.448308e+00  2.000000e+01
     vertex  8.232835e+00 -5.676304e+00  1.260393e-15
     vertex  8.385460e+00 -5.448308e+00  1.209767e-15
   endloop
 endfacet
 facet normal  8.309929e-01 -5.562829e-01  1.233620e-16
   outer loop
     vertex  8.385460e+00 -5.448308e+00  2.000000e+01
     vertex  8.232835e+00 -5.676304e+00  2.000000e+01
     vertex  8.232835e+00 -5.676304e+00  1.260393e-15
   endloop
 endfacet
 facet normal  8.459413e-01 -5.332761e-01  1.184111e-16
   outer loop
     vertex  8.531773e+00 -5.216210e+00  2.000000e+01
     vertex  8.385460e+00 -5.448308e+00  1.209767e-15
     vertex  8.531773e+00 -5.216210e+00  1.158231e-15
   endloop
 endfacet
 facet normal  8.459413e-01 -5.332761e-01  1.183022e-16
   outer loop
     vertex  8.531773e+00 -5.216210e+00  2.000000e+01
     vertex  8.385460e+00 -5.448308e+00  2.000000e+01
     vertex  8.385460e+00 -5.448308e+00  1.209767e-15
   endloop
 endfacet
 facet normal  8.602528e-01 -5.098678e-01  1.132134e-16
   outer loop
     vertex  8.671664e+00 -4.980186e+00  2.000000e+01
     vertex  8.531773e+00 -5.216210e+00  1.158231e-15
     vertex  8.671664e+00 -4.980186e+00  1.105823e-15
   endloop
 endfacet
 facet normal  8.602528e-01 -5.098678e-01  1.137118e-16
   outer loop
     vertex  8.671664e+00 -4.980186e+00  2.000000e+01
     vertex  8.531773e+00 -5.216210e+00  2.000000e+01
     vertex  8.531773e+00 -5.216210e+00  1.158231e-15
   endloop
 endfacet
 facet normal  8.739167e-01 -4.860756e-01  1.079305e-16
   outer loop
     vertex  8.805026e+00 -4.740412e+00  2.000000e+01
     vertex  8.671664e+00 -4.980186e+00  1.105823e-15
     vertex  8.805026e+00 -4.740412e+00  1.052583e-15
   endloop
 endfacet
 facet normal  8.869228e-01 -4.619176e-01  1.025663e-16
   outer loop
     vertex  8.805026e+00 -4.740412e+00  2.000000e+01
     vertex  8.805026e+00 -4.740412e+00  1.052583e-15
     vertex  8.931761e+00 -4.497071e+00  9.985503e-16
   endloop
 endfacet
 facet normal  8.739167e-01 -4.860756e-01  1.079264e-16
   outer loop
     vertex  8.805026e+00 -4.740412e+00  2.000000e+01
     vertex  8.671664e+00 -4.980186e+00  2.000000e+01
     vertex  8.671664e+00 -4.980186e+00  1.105823e-15
   endloop
 endfacet
 facet normal  8.869228e-01 -4.619176e-01  1.025663e-16
   outer loop
     vertex  8.931761e+00 -4.497071e+00  2.000000e+01
     vertex  8.805026e+00 -4.740412e+00  2.000000e+01
     vertex  8.931761e+00 -4.497071e+00  9.985503e-16
   endloop
 endfacet
 facet normal  8.992613e-01 -4.374119e-01  9.700855e-17
   outer loop
     vertex  9.051772e+00 -4.250344e+00  2.000000e+01
     vertex  8.931761e+00 -4.497071e+00  2.000000e+01
     vertex  8.931761e+00 -4.497071e+00  9.985503e-16
   endloop
 endfacet
 facet normal  8.992613e-01 -4.374119e-01  9.712495e-17
   outer loop
     vertex  9.051772e+00 -4.250344e+00  2.000000e+01
     vertex  8.931761e+00 -4.497071e+00  9.985503e-16
     vertex  9.051772e+00 -4.250344e+00  9.437659e-16
   endloop
 endfacet
 facet normal  9.109228e-01 -4.125769e-01  9.142246e-17
   outer loop
     vertex  9.164969e+00 -4.000417e+00  2.000000e+01
     vertex  9.051772e+00 -4.250344e+00  2.000000e+01
     vertex  9.051772e+00 -4.250344e+00  9.437659e-16
   endloop
 endfacet
 facet normal  9.109228e-01 -4.125769e-01  9.161047e-17
   outer loop
     vertex  9.164969e+00 -4.000417e+00  2.000000e+01
     vertex  9.051772e+00 -4.250344e+00  9.437659e-16
     vertex  9.164969e+00 -4.000417e+00  8.882710e-16
   endloop
 endfacet
 facet normal  9.218986e-01 -3.874313e-01  8.596124e-17
   outer loop
     vertex  9.271267e+00 -3.747479e+00  2.000000e+01
     vertex  9.164969e+00 -4.000417e+00  2.000000e+01
     vertex  9.164969e+00 -4.000417e+00  8.882710e-16
   endloop
 endfacet
 facet normal  9.218986e-01 -3.874313e-01  8.602702e-17
   outer loop
     vertex  9.271267e+00 -3.747479e+00  2.000000e+01
     vertex  9.164969e+00 -4.000417e+00  8.882710e-16
     vertex  9.271267e+00 -3.747479e+00  8.321075e-16
   endloop
 endfacet
 facet normal  9.321804e-01 -3.619940e-01  8.037882e-17
   outer loop
     vertex  9.271267e+00 -3.747479e+00  2.000000e+01
     vertex  9.271267e+00 -3.747479e+00  8.321075e-16
     vertex  9.370586e+00 -3.491720e+00  7.753177e-16
   endloop
 endfacet
 facet normal  9.321804e-01 -3.619940e-01  8.037882e-17
   outer loop
     vertex  9.370586e+00 -3.491720e+00  2.000000e+01
     vertex  9.271267e+00 -3.747479e+00  2.000000e+01
     vertex  9.370586e+00 -3.491720e+00  7.753177e-16
   endloop
 endfacet
 facet normal  9.417605e-01 -3.362843e-01  7.467012e-17
   outer loop
     vertex  9.370586e+00 -3.491720e+00  2.000000e+01
     vertex  9.370586e+00 -3.491720e+00  7.753177e-16
     vertex  9.462851e+00 -3.233333e+00  7.179441e-16
   endloop
 endfacet
 facet normal  9.417605e-01 -3.362843e-01  7.467012e-17
   outer loop
     vertex  9.462851e+00 -3.233333e+00  2.000000e+01
     vertex  9.370586e+00 -3.491720e+00  2.000000e+01
     vertex  9.462851e+00 -3.233333e+00  7.179441e-16
   endloop
 endfacet
 facet normal  9.506317e-01 -3.103214e-01  6.890520e-17
   outer loop
     vertex  9.547993e+00 -2.972512e+00  2.000000e+01
     vertex  9.462851e+00 -3.233333e+00  7.179441e-16
     vertex  9.547993e+00 -2.972512e+00  6.600302e-16
   endloop
 endfacet
 facet normal  9.506317e-01 -3.103214e-01  6.886193e-17
   outer loop
     vertex  9.547993e+00 -2.972512e+00  2.000000e+01
     vertex  9.462851e+00 -3.233333e+00  2.000000e+01
     vertex  9.462851e+00 -3.233333e+00  7.179441e-16
   endloop
 endfacet
 facet normal  9.587873e-01 -2.841250e-01  6.308841e-17
   outer loop
     vertex  9.625948e+00 -2.709453e+00  2.000000e+01
     vertex  9.547993e+00 -2.972512e+00  6.600302e-16
     vertex  9.625948e+00 -2.709453e+00  6.016194e-16
   endloop
 endfacet
 facet normal  9.587873e-01 -2.841250e-01  6.333621e-17
   outer loop
     vertex  9.625948e+00 -2.709453e+00  2.000000e+01
     vertex  9.547993e+00 -2.972512e+00  2.000000e+01
     vertex  9.547993e+00 -2.972512e+00  6.600302e-16
   endloop
 endfacet
 facet normal  9.662211e-01 -2.577146e-01  5.722414e-17
   outer loop
     vertex  9.696656e+00 -2.444354e+00  2.000000e+01
     vertex  9.625948e+00 -2.709453e+00  6.016194e-16
     vertex  9.696656e+00 -2.444354e+00  5.427557e-16
   endloop
 endfacet
 facet normal  9.662211e-01 -2.577146e-01  5.720245e-17
   outer loop
     vertex  9.696656e+00 -2.444354e+00  2.000000e+01
     vertex  9.625948e+00 -2.709453e+00  2.000000e+01
     vertex  9.625948e+00 -2.709453e+00  6.016194e-16
   endloop
 endfacet
 facet normal  9.729276e-01 -2.311102e-01  5.131678e-17
   outer loop
     vertex  9.760065e+00 -2.177416e+00  2.000000e+01
     vertex  9.696656e+00 -2.444354e+00  5.427557e-16
     vertex  9.760065e+00 -2.177416e+00  4.834834e-16
   endloop
 endfacet
 facet normal  9.789017e-01 -2.043319e-01  4.537080e-17
   outer loop
     vertex  9.760065e+00 -2.177416e+00  2.000000e+01
     vertex  9.760065e+00 -2.177416e+00  4.834834e-16
     vertex  9.816126e+00 -1.908838e+00  4.238472e-16
   endloop
 endfacet
 facet normal  9.729276e-01 -2.311102e-01  5.135693e-17
   outer loop
     vertex  9.760065e+00 -2.177416e+00  2.000000e+01
     vertex  9.696656e+00 -2.444354e+00  2.000000e+01
     vertex  9.696656e+00 -2.444354e+00  5.427557e-16
   endloop
 endfacet
 facet normal  9.789017e-01 -2.043319e-01  4.537080e-17
   outer loop
     vertex  9.816126e+00 -1.908838e+00  2.000000e+01
     vertex  9.760065e+00 -2.177416e+00  2.000000e+01
     vertex  9.816126e+00 -1.908838e+00  4.238472e-16
   endloop
 endfacet
 facet normal  9.841389e-01 -1.773998e-01  3.939066e-17
   outer loop
     vertex  9.864799e+00 -1.638824e+00  2.000000e+01
     vertex  9.816126e+00 -1.908838e+00  4.238472e-16
     vertex  9.864799e+00 -1.638824e+00  3.638919e-16
   endloop
 endfacet
 facet normal  9.841389e-01 -1.773998e-01  3.935376e-17
   outer loop
     vertex  9.864799e+00 -1.638824e+00  2.000000e+01
     vertex  9.816126e+00 -1.908838e+00  2.000000e+01
     vertex  9.816126e+00 -1.908838e+00  4.238472e-16
   endloop
 endfacet
 facet normal  9.886353e-01 -1.503341e-01  3.338087e-17
   outer loop
     vertex  9.906046e+00 -1.367575e+00  2.000000e+01
     vertex  9.864799e+00 -1.638824e+00  3.638919e-16
     vertex  9.906046e+00 -1.367575e+00  3.036627e-16
   endloop
 endfacet
 facet normal  9.886353e-01 -1.503341e-01  3.337589e-17
   outer loop
     vertex  9.906046e+00 -1.367575e+00  2.000000e+01
     vertex  9.864799e+00 -1.638824e+00  2.000000e+01
     vertex  9.864799e+00 -1.638824e+00  3.638919e-16
   endloop
 endfacet
 facet normal  9.923874e-01 -1.231552e-01  2.734596e-17
   outer loop
     vertex  9.939835e+00 -1.095298e+00  2.000000e+01
     vertex  9.906046e+00 -1.367575e+00  3.036627e-16
     vertex  9.939835e+00 -1.095298e+00  2.432049e-16
   endloop
 endfacet
 facet normal  9.923874e-01 -1.231552e-01  2.748742e-17
   outer loop
     vertex  9.939835e+00 -1.095298e+00  2.000000e+01
     vertex  9.906046e+00 -1.367575e+00  2.000000e+01
     vertex  9.906046e+00 -1.367575e+00  3.036627e-16
   endloop
 endfacet
 facet normal  9.953925e-01 -9.588368e-02  2.129045e-17
   outer loop
     vertex  9.966142e+00 -8.221955e-01  2.000000e+01
     vertex  9.939835e+00 -1.095298e+00  2.432049e-16
     vertex  9.966142e+00 -8.221955e-01  1.825641e-16
   endloop
 endfacet
 facet normal  9.953925e-01 -9.588368e-02  2.129494e-17
   outer loop
     vertex  9.966142e+00 -8.221955e-01  2.000000e+01
     vertex  9.939835e+00 -1.095298e+00  2.000000e+01
     vertex  9.939835e+00 -1.095298e+00  2.432049e-16
   endloop
 endfacet
 facet normal  9.976484e-01 -6.853995e-02  1.521893e-17
   outer loop
     vertex  9.984947e+00 -5.484744e-01  2.000000e+01
     vertex  9.966142e+00 -8.221955e-01  1.825641e-16
     vertex  9.984947e+00 -5.484744e-01  1.217858e-16
   endloop
 endfacet
 facet normal  9.976484e-01 -6.853995e-02  1.519599e-17
   outer loop
     vertex  9.984947e+00 -5.484744e-01  2.000000e+01
     vertex  9.966142e+00 -8.221955e-01  2.000000e+01
     vertex  9.966142e+00 -8.221955e-01  1.825641e-16
   endloop
 endfacet
 facet normal  9.991532e-01 -4.114462e-02  9.135940e-18
   outer loop
     vertex  9.996236e+00 -2.743405e-01  2.000000e+01
     vertex  9.984947e+00 -5.484744e-01  1.217858e-16
     vertex  9.996236e+00 -2.743405e-01  6.091582e-17
   endloop
 endfacet
 facet normal  9.991532e-01 -4.114462e-02  9.162669e-18
   outer loop
     vertex  9.996236e+00 -2.743405e-01  2.000000e+01
     vertex  9.984947e+00 -5.484744e-01  2.000000e+01
     vertex  9.984947e+00 -5.484744e-01  1.217858e-16
   endloop
 endfacet
 facet normal  9.999059e-01 -1.371831e-02  3.046078e-18
   outer loop
     vertex  1.000000e+01  4.440892e-15  2.000000e+01
     vertex  9.996236e+00 -2.743405e-01  6.091582e-17
     vertex  1.000000e+01  0.000000e+00  0.000000e+00
   endloop
 endfacet
 facet normal  9.999059e-01 -1.371831e-02  3.045123e-18
   outer loop
     vertex  1.000000e+01  4.440892e-15  2.000000e+01
     vertex  9.996236e+00 -2.743405e-01  2.000000e+01
     vertex  9.996236e+00 -2.743405e-01  6.091582e-17
   endloop
 endfacet
 facet normal  0.000000e+00  0.000000e+00  1.000000e+00
   outer loop
     vertex -4.139571e+00 -4.343265e+00  2.000000e+01
     vertex -4.257167e+00 -4.228065e+00  2.000000e+01
     vertex -7.095278e+00 -7.046775e+00  2.000000e+01
   endloop
 endfacet
 facet normal  0.000000e+00  0.000000e+00  1.000000e+00
   outer loop
     vertex -4.139571e+00 -4.343265e+00  2.000000e+01
     vertex -7.095278e+00 -7.046775e+00  2.000000e+01
     vertex -6.899286e+00 -7.238775e+00  2.000000e+01
   endloop
 endfacet
 facet normal  0.000000e+00  0.000000e+00  1.000000e+00
   outer loop
     vertex -4.371557e+00 -4.109682e+00  2.000000e+01
     vertex -7.095278e+00 -7.046775e+00  2.000000e+01
     vertex -4.257167e+00 -4.228065e+00  2.000000e+01
   endloop
 endfacet
 facet normal  0.000000e+00  0.000000e+00  1.000000e+00
   outer loop
     vertex -4.371557e+00 -4.109682e+00  2.000000e+01
     vertex -7.285929e+00 -6.849470e+00  2.000000e+01
     vertex -7.095278e+00 -7.046775e+00  2.000000e+01
   endloop
 endfacet
 facet normal  0.000000e+00  0.000000e+00  1.000000e+00
   outer loop
     vertex -4.018860e+00 -4.455195e+00  2.000000e+01
     vertex -6.899286e+00 -7.238775e+00  2.000000e+01
     vertex -6.698100e+00 -7.425325e+00  2.000000e+01
   endloop
 endfacet
 facet normal  0.000000e+00  0.000000e+00  1.000000e+00
   outer loop
     vertex -4.018860e+00 -4.455195e+00  2.000000e+01
     vertex -4.139571e+00 -4.343265e+00  2.000000e+01
     vertex -6.899286e+00 -7.238775e+00  2.000000e+01
   endloop
 endfacet
 facet normal  0.000000e+00  0.000000e+00  1.000000e+00
   outer loop
     vertex -4.482657e+00 -3.988206e+00  2.000000e+01
     vertex -7.285929e+00 -6.849470e+00  2.000000e+01
     vertex -4.371557e+00 -4.109682e+00  2.000000e+01
   endloop
 endfacet
 facet normal  0.000000e+00  0.000000e+00  1.000000e+00
   outer loop
     vertex -4.482657e+00 -3.988206e+00  2.000000e+01
     vertex -7.471095e+00 -6.647010e+00  2.000000e+01
     vertex -7.285929e+00 -6.849470e+00  2.000000e+01
   endloop
 endfacet
 facet normal  0.000000e+00  0.000000e+00  1.000000e+00
   outer loop
     vertex -3.895123e+00 -4.563772e+00  2.000000e+01
     vertex -6.698100e+00 -7.425325e+00  2.000000e+01
     vertex -6.491872e+00 -7.606287e+00  2.000000e+01
   endloop
 endfacet
 facet normal  0.000000e+00  0.000000e+00  1.000000e+00
   outer loop
     vertex -3.895123e+00 -4.563772e+00  2.000000e+01
     vertex -4.018860e+00 -4.455195e+00  2.000000e+01
     vertex -6.698100e+00 -7.425325e+00  2.000000e+01
   endloop
 endfacet
 facet normal  0.000000e+00  0.000000e+00  1.000000e+00
   outer loop
     vertex -4.590382e+00 -3.863727e+00  2.000000e+01
     vertex -7.471095e+00 -6.647010e+00  2.000000e+01
     vertex -4.482657e+00 -3.988206e+00  2.000000e+01
   endloop
 endfacet
 facet normal  0.000000e+00  0.000000e+00  1.000000e+00
   outer loop
     vertex -4.590382e+00 -3.863727e+00  2.000000e+01
     vertex -7.650637e+00 -6.439545e+00  2.000000e+01
     vertex -7.471095e+00 -6.647010e+00  2.000000e+01
   endloop
 endfacet
 facet normal  0.000000e+00  0.000000e+00  1.000000e+00
   outer loop
     vertex -3.768454e+00 -4.668913e+00  2.000000e+01
     vertex -6.491872e+00 -7.606287e+00  2.000000e+01
     vertex -6.280757e+00 -7.781522e+00  2.000000e+01
   endloop
 endfacet
 facet normal  0.000000e+00  0.000000e+00  1.000000e+00
   outer loop
     vertex -3.768454e+00 -4.668913e+00  2.000000e+01
     vertex -3.895123e+00 -4.563772e+00  2.000000e+01
     vertex -6.491872e+00 -7.606287e+00  2.000000e+01
   endloop
 endfacet
 facet normal  0.000000e+00  0.000000e+00  1.000000e+00
   outer loop
     vertex -4.694652e+00 -3.736340e+00  2.000000e+01
     vertex -7.650637e+00 -6.439545e+00  2.000000e+01
     vertex -4.590382e+00 -3.863727e+00  2.000000e+01
   endloop
 endfacet
 facet normal  0.000000e+00  0.000000e+00  1.000000e+00
   outer loop
     vertex -4.694652e+00 -3.736340e+00  2.000000e+01
     vertex -7.824421e+00 -6.227234e+00  2.000000e+01
     vertex -7.650637e+00 -6.439545e+00  2.000000e+01
   endloop
 endfacet
 facet normal  0.000000e+00  0.000000e+00  1.000000e+00
   outer loop
     vertex -3.638949e+00 -4.770540e+00  2.000000e+01
     vertex -3.768454e+00 -4.668913e+00  2.000000e+01
     vertex -6.280757e+00 -7.781522e+00  2.000000e+01
   endloop
 endfacet
 facet normal  0.000000e+00  0.000000e+00  1.000000e+00
   outer loop
     vertex -3.638949e+00 -4.770540e+00  2.000000e+01
     vertex -6.280757e+00 -7.781522e+00  2.000000e+01
     vertex -6.064915e+00 -7.950900e+00  2.000000e+01
   endloop
 endfacet
 facet normal  0.000000e+00  0.000000e+00  1.000000e+00
   outer loop
     vertex -4.795388e+00 -3.606141e+00  2.000000e+01
     vertex -7.992314e+00 -6.010234e+00  2.000000e+01
     vertex -7.824421e+00 -6.227234e+00  2.000000e+01
   endloop
 endfacet
 facet normal  0.000000e+00  0.000000e+00  1.000000e+00
   outer loop
     vertex -4.795388e+00 -3.606141e+00  2.000000e+01
     vertex -7.824421e+00 -6.227234e+00  2.000000e+01
     vertex -4.694652e+00 -3.736340e+00  2.000000e+01
   endloop
 endfacet
 facet normal -9.979038e-15  8.282218e-15  1.000000e+00
   outer loop
     vertex -3.506704e+00 -4.868575e+00  2.000000e+01
     vertex -6.064915e+00 -7.950900e+00  2.000000e+01
     vertex -5.844507e+00 -8.114292e+00  2.000000e+01
   endloop
 endfacet
 facet normal  0.000000e+00  0.000000e+00  1.000000e+00
   outer loop
     vertex -3.506704e+00 -4.868575e+00  2.000000e+01
     vertex -3.638949e+00 -4.770540e+00  2.000000e+01
     vertex -6.064915e+00 -7.950900e+00  2.000000e+01
   endloop
 endfacet
 facet normal  0.000000e+00  0.000000e+00  1.000000e+00
   outer loop
     vertex -4.892514e+00 -3.473226e+00  2.000000e+01
     vertex -8.154191e+00 -5.788711e+00  2.000000e+01
     vertex -7.992314e+00 -6.010234e+00  2.000000e+01
   endloop
 endfacet
 facet normal  0.000000e+00  0.000000e+00  1.000000e+00
   outer loop
     vertex -4.892514e+00 -3.473226e+00  2.000000e+01
     vertex -7.992314e+00 -6.010234e+00  2.000000e+01
     vertex -4.795388e+00 -3.606141e+00  2.000000e+01
   endloop
 endfacet
 facet normal  5.092088e-16  7.278157e-16  1.000000e+00
   outer loop
     vertex -3.371819e+00 -4.962946e+00  2.000000e+01
     vertex -5.844507e+00 -8.114292e+00  2.000000e+01
     vertex -5.619699e+00 -8.271577e+00  2.000000e+01
   endloop
 endfacet
 facet normal  4.890502e-16  7.415115e-16  1.000000e+00
   outer loop
     vertex -3.371819e+00 -4.962946e+00  2.000000e+01
     vertex -5.619699e+00 -8.271577e+00  2.000000e+01
     vertex -5.390661e+00 -8.422635e+00  2.000000e+01
   endloop
 endfacet
 facet normal  5.092088e-16  7.278157e-16  1.000000e+00
   outer loop
     vertex -3.371819e+00 -4.962946e+00  2.000000e+01
     vertex -3.506704e+00 -4.868575e+00  2.000000e+01
     vertex -5.844507e+00 -8.114292e+00  2.000000e+01
   endloop
 endfacet
 facet normal  0.000000e+00  0.000000e+00  1.000000e+00
   outer loop
     vertex -4.985958e+00 -3.337698e+00  2.000000e+01
     vertex -8.309929e+00 -5.562829e+00  2.000000e+01
     vertex -8.154191e+00 -5.788711e+00  2.000000e+01
   endloop
 endfacet
 facet normal  0.000000e+00  0.000000e+00  1.000000e+00
   outer loop
     vertex -4.985958e+00 -3.337698e+00  2.000000e+01
     vertex -8.154191e+00 -5.788711e+00  2.000000e+01
     vertex -4.892514e+00 -3.473226e+00  2.000000e+01
   endloop
 endfacet
 facet normal  4.890502e-16  7.415115e-16  1.000000e+00
   outer loop
     vertex -3.234397e+00 -5.053581e+00  2.000000e+01
     vertex -3.371819e+00 -4.962946e+00  2.000000e+01
     vertex -5.390661e+00 -8.422635e+00  2.000000e+01
   endloop
 endfacet
 facet normal  0.000000e+00  0.000000e+00  1.000000e+00
   outer loop
     vertex -5.075648e+00 -3.199656e+00  2.000000e+01
     vertex -8.309929e+00 -5.562829e+00  2.000000e+01
     vertex -4.985958e+00 -3.337698e+00  2.000000e+01
   endloop
 endfacet
 facet normal  0.000000e+00  0.000000e+00  1.000000e+00
   outer loop
     vertex -5.075648e+00 -3.199656e+00  2.000000e+01
     vertex -8.459413e+00 -5.332761e+00  2.000000e+01
     vertex -8.309929e+00 -5.562829e+00  2.000000e+01
   endloop
 endfacet
 facet normal  4.685235e-16  7.546490e-16  1.000000e+00
   outer loop
     vertex -3.094539e+00 -5.140411e+00  2.000000e+01
     vertex -3.234397e+00 -5.053581e+00  2.000000e+01
     vertex -5.390661e+00 -8.422635e+00  2.000000e+01
   endloop
 endfacet
 facet normal  4.685235e-16  7.546490e-16  1.000000e+00
   outer loop
     vertex -3.094539e+00 -5.140411e+00  2.000000e+01
     vertex -5.390661e+00 -8.422635e+00  2.000000e+01
     vertex -5.157565e+00 -8.567352e+00  2.000000e+01
   endloop
 endfacet
 facet normal  0.000000e+00  0.000000e+00  1.000000e+00
   outer loop
     vertex -5.161517e+00 -3.059207e+00  2.000000e+01
     vertex -8.602528e+00 -5.098678e+00  2.000000e+01
     vertex -8.459413e+00 -5.332761e+00  2.000000e+01
   endloop
 endfacet
 facet normal  0.000000e+00  0.000000e+00  1.000000e+00
   outer loop
     vertex -5.161517e+00 -3.059207e+00  2.000000e+01
     vertex -8.459413e+00 -5.332761e+00  2.000000e+01
     vertex -5.075648e+00 -3.199656e+00  2.000000e+01
   endloop
 endfacet
 facet normal  4.476441e-16  7.672185e-16  1.000000e+00
   outer loop
     vertex -2.952352e+00 -5.223372e+00  2.000000e+01
     vertex -5.157565e+00 -8.567352e+00  2.000000e+01
     vertex -4.920587e+00 -8.705620e+00  2.000000e+01
   endloop
 endfacet
 facet normal  4.476441e-16  7.672185e-16  1.000000e+00
   outer loop
     vertex -2.952352e+00 -5.223372e+00  2.000000e+01
     vertex -3.094539e+00 -5.140411e+00  2.000000e+01
     vertex -5.157565e+00 -8.567352e+00  2.000000e+01
   endloop
 endfacet
 facet normal  0.000000e+00  0.000000e+00  1.000000e+00
   outer loop
     vertex -5.243500e+00 -2.916454e+00  2.000000e+01
     vertex -8.739167e+00 -4.860756e+00  2.000000e+01
     vertex -8.602528e+00 -5.098678e+00  2.000000e+01
   endloop
 endfacet
 facet normal  0.000000e+00  0.000000e+00  1.000000e+00
   outer loop
     vertex -5.243500e+00 -2.916454e+00  2.000000e+01
     vertex -8.602528e+00 -5.098678e+00  2.000000e+01
     vertex -5.161517e+00 -3.059207e+00  2.000000e+01
   endloop
 endfacet
 facet normal  4.264277e-16  7.792104e-16  1.000000e+00
   outer loop
     vertex -2.807943e+00 -5.302401e+00  2.000000e+01
     vertex -2.952352e+00 -5.223372e+00  2.000000e+01
     vertex -4.920587e+00 -8.705620e+00  2.000000e+01
   endloop
 endfacet
 facet normal  4.264277e-16  7.792104e-16  1.000000e+00
   outer loop
     vertex -2.807943e+00 -5.302401e+00  2.000000e+01
     vertex -4.920587e+00 -8.705620e+00  2.000000e+01
     vertex -4.679904e+00 -8.837335e+00  2.000000e+01
   endloop
 endfacet
 facet normal  4.048903e-16  7.906157e-16  1.000000e+00
   outer loop
     vertex -2.807943e+00 -5.302401e+00  2.000000e+01
     vertex -4.679904e+00 -8.837335e+00  2.000000e+01
     vertex -4.435699e+00 -8.962398e+00  2.000000e+01
   endloop
 endfacet
 facet normal  0.000000e+00  0.000000e+00  1.000000e+00
   outer loop
     vertex -5.321537e+00 -2.771506e+00  2.000000e+01
     vertex -8.869228e+00 -4.619176e+00  2.000000e+01
     vertex -8.739167e+00 -4.860756e+00  2.000000e+01
   endloop
 endfacet
 facet normal  0.000000e+00  0.000000e+00  1.000000e+00
   outer loop
     vertex -5.321537e+00 -2.771506e+00  2.000000e+01
     vertex -8.739167e+00 -4.860756e+00  2.000000e+01
     vertex -5.243500e+00 -2.916454e+00  2.000000e+01
   endloop
 endfacet
 facet normal  4.048903e-16  7.906157e-16  1.000000e+00
   outer loop
     vertex -2.661419e+00 -5.377439e+00  2.000000e+01
     vertex -2.807943e+00 -5.302401e+00  2.000000e+01
     vertex -4.435699e+00 -8.962398e+00  2.000000e+01
   endloop
 endfacet
 facet normal  0.000000e+00  0.000000e+00  1.000000e+00
   outer loop
     vertex -5.395568e+00 -2.624471e+00  2.000000e+01
     vertex -8.992613e+00 -4.374119e+00  2.000000e+01
     vertex -8.869228e+00 -4.619176e+00  2.000000e+01
   endloop
 endfacet
 facet normal  0.000000e+00  0.000000e+00  1.000000e+00
   outer loop
     vertex -5.395568e+00 -2.624471e+00  2.000000e+01
     vertex -8.869228e+00 -4.619176e+00  2.000000e+01
     vertex -5.321537e+00 -2.771506e+00  2.000000e+01
   endloop
 endfacet
 facet normal  3.830481e-16  8.014259e-16  1.000000e+00
   outer loop
     vertex -2.512893e+00 -5.448428e+00  2.000000e+01
     vertex -2.661419e+00 -5.377439e+00  2.000000e+01
     vertex -4.435699e+00 -8.962398e+00  2.000000e+01
   endloop
 endfacet
 facet normal  3.830481e-16  8.014259e-16  1.000000e+00
   outer loop
     vertex -2.512893e+00 -5.448428e+00  2.000000e+01
     vertex -4.435699e+00 -8.962398e+00  2.000000e+01
     vertex -4.188155e+00 -9.080714e+00  2.000000e+01
   endloop
 endfacet
 facet normal  0.000000e+00  0.000000e+00  1.000000e+00
   outer loop
     vertex -5.465537e+00 -2.475461e+00  2.000000e+01
     vertex -9.109228e+00 -4.125769e+00  2.000000e+01
     vertex -8.992613e+00 -4.374119e+00  2.000000e+01
   endloop
 endfacet
 facet normal  0.000000e+00  0.000000e+00  1.000000e+00
   outer loop
     vertex -5.465537e+00 -2.475461e+00  2.000000e+01
     vertex -8.992613e+00 -4.374119e+00  2.000000e+01
     vertex -5.395568e+00 -2.624471e+00  2.000000e+01
   endloop
 endfacet
 facet normal  3.609176e-16  8.116328e-16  1.000000e+00
   outer loop
     vertex -2.362475e+00 -5.515316e+00  2.000000e+01
     vertex -2.512893e+00 -5.448428e+00  2.000000e+01
     vertex -4.188155e+00 -9.080714e+00  2.000000e+01
   endloop
 endfacet
 facet normal  3.609176e-16  8.116328e-16  1.000000e+00
   outer loop
     vertex -2.362475e+00 -5.515316e+00  2.000000e+01
     vertex -4.188155e+00 -9.080714e+00  2.000000e+01
     vertex -3.937458e+00 -9.192194e+00  2.000000e+01
   endloop
 endfacet
 facet normal  0.000000e+00  0.000000e+00  1.000000e+00
   outer loop
     vertex -5.531392e+00 -2.324588e+00  2.000000e+01
     vertex -9.109228e+00 -4.125769e+00  2.000000e+01
     vertex -5.465537e+00 -2.475461e+00  2.000000e+01
   endloop
 endfacet
 facet normal  0.000000e+00  0.000000e+00  1.000000e+00
   outer loop
     vertex -5.531392e+00 -2.324588e+00  2.000000e+01
     vertex -9.218986e+00 -3.874313e+00  2.000000e+01
     vertex -9.109228e+00 -4.125769e+00  2.000000e+01
   endloop
 endfacet
 facet normal  3.385154e-16  8.212288e-16  1.000000e+00
   outer loop
     vertex -2.210278e+00 -5.578053e+00  2.000000e+01
     vertex -2.362475e+00 -5.515316e+00  2.000000e+01
     vertex -3.937458e+00 -9.192194e+00  2.000000e+01
   endloop
 endfacet
 facet normal  3.385154e-16  8.212288e-16  1.000000e+00
   outer loop
     vertex -2.210278e+00 -5.578053e+00  2.000000e+01
     vertex -3.937458e+00 -9.192194e+00  2.000000e+01
     vertex -3.683796e+00 -9.296754e+00  2.000000e+01
   endloop
 endfacet
 facet normal  3.158583e-16  8.302065e-16  1.000000e+00
   outer loop
     vertex -2.210278e+00 -5.578053e+00  2.000000e+01
     vertex -3.683796e+00 -9.296754e+00  2.000000e+01
     vertex -3.427362e+00 -9.394317e+00  2.000000e+01
   endloop
 endfacet
 facet normal  0.000000e+00  0.000000e+00  1.000000e+00
   outer loop
     vertex -5.593082e+00 -2.171964e+00  2.000000e+01
     vertex -9.321804e+00 -3.619940e+00  2.000000e+01
     vertex -9.218986e+00 -3.874313e+00  2.000000e+01
   endloop
 endfacet
 facet normal  0.000000e+00  0.000000e+00  1.000000e+00
   outer loop
     vertex -5.593082e+00 -2.171964e+00  2.000000e+01
     vertex -9.218986e+00 -3.874313e+00  2.000000e+01
     vertex -5.531392e+00 -2.324588e+00  2.000000e+01
   endloop
 endfacet
 facet normal  3.158583e-16  8.302065e-16  1.000000e+00
   outer loop
     vertex -2.056417e+00 -5.636590e+00  2.000000e+01
     vertex -2.210278e+00 -5.578053e+00  2.000000e+01
     vertex -3.427362e+00 -9.394317e+00  2.000000e+01
   endloop
 endfacet
 facet normal  0.000000e+00  0.000000e+00  1.000000e+00
   outer loop
     vertex -5.650563e+00 -2.017706e+00  2.000000e+01
     vertex -9.506317e+00 -3.103214e+00  2.000000e+01
     vertex -9.417605e+00 -3.362843e+00  2.000000e+01
   endloop
 endfacet
 facet normal  0.000000e+00  0.000000e+00  1.000000e+00
   outer loop
     vertex -5.650563e+00 -2.017706e+00  2.000000e+01
     vertex -9.417605e+00 -3.362843e+00  2.000000e+01
     vertex -9.321804e+00 -3.619940e+00  2.000000e+01
   endloop
 endfacet
 facet normal  0.000000e+00  0.000000e+00  1.000000e+00
   outer loop
     vertex -5.650563e+00 -2.017706e+00  2.000000e+01
     vertex -9.321804e+00 -3.619940e+00  2.000000e+01
     vertex -5.593082e+00 -2.171964e+00  2.000000e+01
   endloop
 endfacet
 facet normal  2.929635e-16  8.385593e-16  1.000000e+00
   outer loop
     vertex -1.901009e+00 -5.690884e+00  2.000000e+01
     vertex -3.427362e+00 -9.394317e+00  2.000000e+01
     vertex -3.168348e+00 -9.484807e+00  2.000000e+01
   endloop
 endfacet
 facet normal  2.929635e-16  8.385593e-16  1.000000e+00
   outer loop
     vertex -1.901009e+00 -5.690884e+00  2.000000e+01
     vertex -2.056417e+00 -5.636590e+00  2.000000e+01
     vertex -3.427362e+00 -9.394317e+00  2.000000e+01
   endloop
 endfacet
 facet normal  0.000000e+00  0.000000e+00  1.000000e+00
   outer loop
     vertex -5.703790e+00 -1.861929e+00  2.000000e+01
     vertex -9.587873e+00 -2.841250e+00  2.000000e+01
     vertex -9.506317e+00 -3.103214e+00  2.000000e+01
   endloop
 endfacet
 facet normal  0.000000e+00  0.000000e+00  1.000000e+00
   outer loop
     vertex -5.703790e+00 -1.861929e+00  2.000000e+01
     vertex -9.506317e+00 -3.103214e+00  2.000000e+01
     vertex -5.650563e+00 -2.017706e+00  2.000000e+01
   endloop
 endfacet
 facet normal  2.698482e-16  8.462809e-16  1.000000e+00
   outer loop
     vertex -1.744169e+00 -5.740895e+00  2.000000e+01
     vertex -1.901009e+00 -5.690884e+00  2.000000e+01
     vertex -3.168348e+00 -9.484807e+00  2.000000e+01
   endloop
 endfacet
 facet normal  2.698482e-16  8.462809e-16  1.000000e+00
   outer loop
     vertex -1.744169e+00 -5.740895e+00  2.000000e+01
     vertex -3.168348e+00 -9.484807e+00  2.000000e+01
     vertex -2.906949e+00 -9.568158e+00  2.000000e+01
   endloop
 endfacet
 facet normal  0.000000e+00  0.000000e+00  1.000000e+00
   outer loop
     vertex -5.752724e+00 -1.704750e+00  2.000000e+01
     vertex -9.587873e+00 -2.841250e+00  2.000000e+01
     vertex -5.703790e+00 -1.861929e+00  2.000000e+01
   endloop
 endfacet
 facet normal  2.465297e-16  8.533654e-16  1.000000e+00
   outer loop
     vertex -1.586017e+00 -5.786584e+00  2.000000e+01
     vertex -2.906949e+00 -9.568158e+00  2.000000e+01
     vertex -2.643362e+00 -9.644306e+00  2.000000e+01
   endloop
 endfacet
 facet normal  2.230256e-16  8.598075e-16  1.000000e+00
   outer loop
     vertex -1.586017e+00 -5.786584e+00  2.000000e+01
     vertex -2.643362e+00 -9.644306e+00  2.000000e+01
     vertex -2.377784e+00 -9.713194e+00  2.000000e+01
   endloop
 endfacet
 facet normal  2.465297e-16  8.533654e-16  1.000000e+00
   outer loop
     vertex -1.586017e+00 -5.786584e+00  2.000000e+01
     vertex -1.744169e+00 -5.740895e+00  2.000000e+01
     vertex -2.906949e+00 -9.568158e+00  2.000000e+01
   endloop
 endfacet
 facet normal  0.000000e+00  0.000000e+00  1.000000e+00
   outer loop
     vertex -5.797327e+00 -1.546288e+00  2.000000e+01
     vertex -9.729276e+00 -2.311102e+00  2.000000e+01
     vertex -9.662211e+00 -2.577146e+00  2.000000e+01
   endloop
 endfacet
 facet normal  0.000000e+00  0.000000e+00  1.000000e+00
   outer loop
     vertex -5.797327e+00 -1.546288e+00  2.000000e+01
     vertex -9.662211e+00 -2.577146e+00  2.000000e+01
     vertex -9.587873e+00 -2.841250e+00  2.000000e+01
   endloop
 endfacet
 facet normal  0.000000e+00  0.000000e+00  1.000000e+00
   outer loop
     vertex -5.797327e+00 -1.546288e+00  2.000000e+01
     vertex -9.587873e+00 -2.841250e+00  2.000000e+01
     vertex -5.752724e+00 -1.704750e+00  2.000000e+01
   endloop
 endfacet
 facet normal  2.230256e-16  8.598075e-16  1.000000e+00
   outer loop
     vertex -1.426671e+00 -5.827917e+00  2.000000e+01
     vertex -1.586017e+00 -5.786584e+00  2.000000e+01
     vertex -2.377784e+00 -9.713194e+00  2.000000e+01
   endloop
 endfacet
 facet normal  0.000000e+00  0.000000e+00  1.000000e+00
   outer loop
     vertex -5.837565e+00 -1.386661e+00  2.000000e+01
     vertex -9.729276e+00 -2.311102e+00  2.000000e+01
     vertex -5.797327e+00 -1.546288e+00  2.000000e+01
   endloop
 endfacet
 facet normal  1.993537e-16  8.656024e-16  1.000000e+00
   outer loop
     vertex -1.266250e+00 -5.864862e+00  2.000000e+01
     vertex -2.377784e+00 -9.713194e+00  2.000000e+01
     vertex -2.110417e+00 -9.774771e+00  2.000000e+01
   endloop
 endfacet
 facet normal  1.993537e-16  8.656024e-16  1.000000e+00
   outer loop
     vertex -1.266250e+00 -5.864862e+00  2.000000e+01
     vertex -1.426671e+00 -5.827917e+00  2.000000e+01
     vertex -2.377784e+00 -9.713194e+00  2.000000e+01
   endloop
 endfacet
 facet normal  0.000000e+00  0.000000e+00  1.000000e+00
   outer loop
     vertex -5.873410e+00 -1.225992e+00  2.000000e+01
     vertex -9.841389e+00 -1.773998e+00  2.000000e+01
     vertex -9.789017e+00 -2.043319e+00  2.000000e+01
   endloop
 endfacet
 facet normal  0.000000e+00  0.000000e+00  1.000000e+00
   outer loop
     vertex -5.873410e+00 -1.225992e+00  2.000000e+01
     vertex -9.789017e+00 -2.043319e+00  2.000000e+01
     vertex -9.729276e+00 -2.311102e+00  2.000000e+01
   endloop
 endfacet
 facet normal  0.000000e+00  0.000000e+00  1.000000e+00
   outer loop
     vertex -5.873410e+00 -1.225992e+00  2.000000e+01
     vertex -9.729276e+00 -2.311102e+00  2.000000e+01
     vertex -5.837565e+00 -1.386661e+00  2.000000e+01
   endloop
 endfacet
 facet normal  1.755317e-16  8.707457e-16  1.000000e+00
   outer loop
     vertex -1.104877e+00 -5.897393e+00  2.000000e+01
     vertex -2.110417e+00 -9.774771e+00  2.000000e+01
     vertex -1.841461e+00 -9.828989e+00  2.000000e+01
   endloop
 endfacet
 facet normal  1.755317e-16  8.707457e-16  1.000000e+00
   outer loop
     vertex -1.104877e+00 -5.897393e+00  2.000000e+01
     vertex -1.266250e+00 -5.864862e+00  2.000000e+01
     vertex -2.110417e+00 -9.774771e+00  2.000000e+01
   endloop
 endfacet
 facet normal  0.000000e+00  0.000000e+00  1.000000e+00
   outer loop
     vertex -5.904833e+00 -1.064399e+00  2.000000e+01
     vertex -9.841389e+00 -1.773998e+00  2.000000e+01
     vertex -5.873410e+00 -1.225992e+00  2.000000e+01
   endloop
 endfacet
 facet normal  1.515775e-16  8.752335e-16  1.000000e+00
   outer loop
     vertex -9.426715e-01 -5.925485e+00  2.000000e+01
     vertex -1.104877e+00 -5.897393e+00  2.000000e+01
     vertex -1.841461e+00 -9.828989e+00  2.000000e+01
   endloop
 endfacet
 facet normal  1.515775e-16  8.752335e-16  1.000000e+00
   outer loop
     vertex -9.426715e-01 -5.925485e+00  2.000000e+01
     vertex -1.841461e+00 -9.828989e+00  2.000000e+01
     vertex -1.571119e+00 -9.875808e+00  2.000000e+01
   endloop
 endfacet
 facet normal  0.000000e+00  0.000000e+00  1.000000e+00
   outer loop
     vertex -5.931812e+00 -9.020046e-01  2.000000e+01
     vertex -9.886353e+00 -1.503341e+00  2.000000e+01
     vertex -9.841389e+00 -1.773998e+00  2.000000e+01
   endloop
 endfacet
 facet normal  0.000000e+00  0.000000e+00  1.000000e+00
   outer loop
     vertex -5.931812e+00 -9.020046e-01  2.000000e+01
     vertex -9.841389e+00 -1.773998e+00  2.000000e+01
     vertex -5.904833e+00 -1.064399e+00  2.000000e+01
   endloop
 endfacet
 facet normal  1.275093e-16  8.790624e-16  1.000000e+00
   outer loop
     vertex -7.797567e-01 -5.949116e+00  2.000000e+01
     vertex -9.426715e-01 -5.925485e+00  2.000000e+01
     vertex -1.571119e+00 -9.875808e+00  2.000000e+01
   endloop
 endfacet
 facet normal  1.275093e-16  8.790624e-16  1.000000e+00
   outer loop
     vertex -7.797567e-01 -5.949116e+00  2.000000e+01
     vertex -1.571119e+00 -9.875808e+00  2.000000e+01
     vertex -1.299594e+00 -9.915193e+00  2.000000e+01
   endloop
 endfacet
 facet normal  1.033451e-16  8.822297e-16  1.000000e+00
   outer loop
     vertex -7.797567e-01 -5.949116e+00  2.000000e+01
     vertex -1.299594e+00 -9.915193e+00  2.000000e+01
     vertex -1.027091e+00 -9.947114e+00  2.000000e+01
   endloop
 endfacet
 facet normal  0.000000e+00  0.000000e+00  1.000000e+00
   outer loop
     vertex -5.954325e+00 -7.389315e-01  2.000000e+01
     vertex -9.886353e+00 -1.503341e+00  2.000000e+01
     vertex -5.931812e+00 -9.020046e-01  2.000000e+01
   endloop
 endfacet
 facet normal  0.000000e+00  0.000000e+00  1.000000e+00
   outer loop
     vertex -5.954325e+00 -7.389315e-01  2.000000e+01
     vertex -9.953925e+00 -9.588368e-01  2.000000e+01
     vertex -9.923874e+00 -1.231552e+00  2.000000e+01
   endloop
 endfacet
 facet normal  0.000000e+00  0.000000e+00  1.000000e+00
   outer loop
     vertex -5.954325e+00 -7.389315e-01  2.000000e+01
     vertex -9.923874e+00 -1.231552e+00  2.000000e+01
     vertex -9.886353e+00 -1.503341e+00  2.000000e+01
   endloop
 endfacet
 facet normal  1.033451e-16  8.822297e-16  1.000000e+00
   outer loop
     vertex -6.162549e-01 -5.968269e+00  2.000000e+01
     vertex -7.797567e-01 -5.949116e+00  2.000000e+01
     vertex -1.027091e+00 -9.947114e+00  2.000000e+01
   endloop
 endfacet
 facet normal  0.000000e+00  0.000000e+00  1.000000e+00
   outer loop
     vertex -5.972355e+00 -5.753021e-01  2.000000e+01
     vertex -9.953925e+00 -9.588368e-01  2.000000e+01
     vertex -5.954325e+00 -7.389315e-01  2.000000e+01
   endloop
 endfacet
 facet normal  7.910303e-17  8.847328e-16  1.000000e+00
   outer loop
     vertex -4.522891e-01 -5.982929e+00  2.000000e+01
     vertex -6.162549e-01 -5.968269e+00  2.000000e+01
     vertex -1.027091e+00 -9.947114e+00  2.000000e+01
   endloop
 endfacet
 facet normal  7.910303e-17  8.847328e-16  1.000000e+00
   outer loop
     vertex -4.522891e-01 -5.982929e+00  2.000000e+01
     vertex -1.027091e+00 -9.947114e+00  2.000000e+01
     vertex -7.538152e-01 -9.971548e+00  2.000000e+01
   endloop
 endfacet
 facet normal  5.480146e-17  8.865699e-16  1.000000e+00
   outer loop
     vertex -4.522891e-01 -5.982929e+00  2.000000e+01
     vertex -7.538152e-01 -9.971548e+00  2.000000e+01
     vertex -4.799716e-01 -9.988475e+00  2.000000e+01
   endloop
 endfacet
 facet normal  0.000000e+00  0.000000e+00  1.000000e+00
   outer loop
     vertex -5.985890e+00 -4.112397e-01  2.000000e+01
     vertex -9.976484e+00 -6.853995e-01  2.000000e+01
     vertex -9.953925e+00 -9.588368e-01  2.000000e+01
   endloop
 endfacet
 facet normal  0.000000e+00  0.000000e+00  1.000000e+00
   outer loop
     vertex -5.985890e+00 -4.112397e-01  2.000000e+01
     vertex -9.953925e+00 -9.588368e-01  2.000000e+01
     vertex -5.972355e+00 -5.753021e-01  2.000000e+01
   endloop
 endfacet
 facet normal  5.480146e-17  8.865699e-16  1.000000e+00
   outer loop
     vertex -2.879830e-01 -5.993085e+00  2.000000e+01
     vertex -4.522891e-01 -5.982929e+00  2.000000e+01
     vertex -4.799716e-01 -9.988475e+00  2.000000e+01
   endloop
 endfacet
 facet normal  0.000000e+00  0.000000e+00  1.000000e+00
   outer loop
     vertex -5.994919e+00 -2.468677e-01  2.000000e+01
     vertex -9.991532e+00 -4.114462e-01  2.000000e+01
     vertex -9.976484e+00 -6.853995e-01  2.000000e+01
   endloop
 endfacet
 facet normal  0.000000e+00  0.000000e+00  1.000000e+00
   outer loop
     vertex -5.994919e+00 -2.468677e-01  2.000000e+01
     vertex -9.976484e+00 -6.853995e-01  2.000000e+01
     vertex -5.985890e+00 -4.112397e-01  2.000000e+01
   endloop
 endfacet
 facet normal  3.045863e-17  8.877396e-16  1.000000e+00
   outer loop
     vertex -1.234600e-01 -5.998730e+00  2.000000e+01
     vertex -4.799716e-01 -9.988475e+00  2.000000e+01
     vertex -2.057667e-01 -9.997883e+00  2.000000e+01
   endloop
 endfacet
 facet normal  3.045863e-17  8.877396e-16  1.000000e+00
   outer loop
     vertex -1.234600e-01 -5.998730e+00  2.000000e+01
     vertex -2.879830e-01 -5.993085e+00  2.000000e+01
     vertex -4.799716e-01 -9.988475e+00  2.000000e+01
   endloop
 endfacet
 facet normal  0.000000e+00  0.000000e+00  1.000000e+00
   outer loop
     vertex -5.999435e+00 -8.230989e-02  2.000000e+01
     vertex -9.999059e+00 -1.371831e-01  2.000000e+01
     vertex -9.991532e+00 -4.114462e-01  2.000000e+01
   endloop
 endfacet
 facet normal  0.000000e+00  0.000000e+00  1.000000e+00
   outer loop
     vertex -5.999435e+00 -8.230989e-02  2.000000e+01
     vertex -9.991532e+00 -4.114462e-01  2.000000e+01
     vertex -5.994919e+00 -2.468677e-01  2.000000e+01
   endloop
 endfacet
 facet normal  6.092872e-18  8.882411e-16  1.000000e+00
   outer loop
     vertex  4.115591e-02 -5.999859e+00  2.000000e+01
     vertex -1.234600e-01 -5.998730e+00  2.000000e+01
     vertex -2.057667e-01 -9.997883e+00  2.000000e+01
   endloop
 endfacet
 facet normal  6.092872e-18  8.882411e-16  1.000000e+00
   outer loop
     vertex  4.115591e-02 -5.999859e+00  2.000000e+01
     vertex -2.057667e-01 -9.997883e+00  2.000000e+01
     vertex  6.859319e-02 -9.999765e+00  2.000000e+01
   endloop
 endfacet
 facet normal  0.000000e+00  0.000000e+00  1.000000e+00
   outer loop
     vertex -5.999435e+00  8.230989e-02  2.000000e+01
     vertex -9.999059e+00  1.371831e-01  2.000000e+01
     vertex -9.999059e+00 -1.371831e-01  2.000000e+01
   endloop
 endfacet
 facet normal  0.000000e+00  0.000000e+00  1.000000e+00
   outer loop
     vertex -5.999435e+00  8.230989e-02  2.000000e+01
     vertex -9.999059e+00 -1.371831e-01  2.000000e+01
     vertex -5.999435e+00 -8.230989e-02  2.000000e+01
   endloop
 endfacet
 facet normal -1.827747e-17  8.880739e-16  1.000000e+00
   outer loop
     vertex  2.057408e-01 -5.996472e+00  2.000000e+01
     vertex  4.115591e-02 -5.999859e+00  2.000000e+01
     vertex  6.859319e-02 -9.999765e+00  2.000000e+01
   endloop
 endfacet
 facet normal -1.827747e-17  8.880739e-16  1.000000e+00
   outer loop
     vertex  2.057408e-01 -5.996472e+00  2.000000e+01
     vertex  6.859319e-02 -9.999765e+00  2.000000e+01
     vertex  3.429014e-01 -9.994119e+00  2.000000e+01
   endloop
 endfacet
 facet normal -4.263405e-17  8.872383e-16  1.000000e+00
   outer loop
     vertex  2.057408e-01 -5.996472e+00  2.000000e+01
     vertex  3.429014e-01 -9.994119e+00  2.000000e+01
     vertex  6.169515e-01 -9.980950e+00  2.000000e+01
   endloop
 endfacet
 facet normal  0.000000e+00  0.000000e+00  1.000000e+00
   outer loop
     vertex -5.994919e+00  2.468677e-01  2.000000e+01
     vertex -9.991532e+00  4.114462e-01  2.000000e+01
     vertex -9.999059e+00  1.371831e-01  2.000000e+01
   endloop
 endfacet
 facet normal  0.000000e+00  0.000000e+00  1.000000e+00
   outer loop
     vertex -5.994919e+00  2.468677e-01  2.000000e+01
     vertex -9.999059e+00  1.371831e-01  2.000000e+01
     vertex -5.999435e+00  8.230989e-02  2.000000e+01
   endloop
 endfacet
 facet normal -4.263405e-17  8.872383e-16  1.000000e+00
   outer loop
     vertex  3.701709e-01 -5.988570e+00  2.000000e+01
     vertex  2.057408e-01 -5.996472e+00  2.000000e+01
     vertex  6.169515e-01 -9.980950e+00  2.000000e+01
   endloop
 endfacet
 facet normal  0.000000e+00  0.000000e+00  1.000000e+00
   outer loop
     vertex -5.985890e+00  4.112397e-01  2.000000e+01
     vertex -9.976484e+00  6.853995e-01  2.000000e+01
     vertex -9.991532e+00  4.114462e-01  2.000000e+01
   endloop
 endfacet
 facet normal  0.000000e+00  0.000000e+00  1.000000e+00
   outer loop
     vertex -5.985890e+00  4.112397e-01  2.000000e+01
     vertex -9.991532e+00  4.114462e-01  2.000000e+01
     vertex -5.994919e+00  2.468677e-01  2.000000e+01
   endloop
 endfacet
 facet normal -6.695854e-17  8.857347e-16  1.000000e+00
   outer loop
     vertex  5.343223e-01 -5.976161e+00  2.000000e+01
     vertex  3.701709e-01 -5.988570e+00  2.000000e+01
     vertex  6.169515e-01 -9.980950e+00  2.000000e+01
   endloop
 endfacet
 facet normal -6.695854e-17  8.857347e-16  1.000000e+00
   outer loop
     vertex  5.343223e-01 -5.976161e+00  2.000000e+01
     vertex  6.169515e-01 -9.980950e+00  2.000000e+01
     vertex  8.905371e-01 -9.960268e+00  2.000000e+01
   endloop
 endfacet
 facet normal  0.000000e+00  0.000000e+00  1.000000e+00
   outer loop
     vertex -5.972355e+00  5.753021e-01  2.000000e+01
     vertex -9.953925e+00  9.588368e-01  2.000000e+01
     vertex -9.976484e+00  6.853995e-01  2.000000e+01
   endloop
 endfacet
 facet normal  0.000000e+00  0.000000e+00  1.000000e+00
   outer loop
     vertex -5.972355e+00  5.753021e-01  2.000000e+01
     vertex -9.976484e+00  6.853995e-01  2.000000e+01
     vertex -5.985890e+00  4.112397e-01  2.000000e+01
   endloop
 endfacet
 facet normal -9.123263e-17  8.835644e-16  1.000000e+00
   outer loop
     vertex  6.980715e-01 -5.959253e+00  2.000000e+01
     vertex  5.343223e-01 -5.976161e+00  2.000000e+01
     vertex  8.905371e-01 -9.960268e+00  2.000000e+01
   endloop
 endfacet
 facet normal -9.123263e-17  8.835644e-16  1.000000e+00
   outer loop
     vertex  6.980715e-01 -5.959253e+00  2.000000e+01
     vertex  8.905371e-01 -9.960268e+00  2.000000e+01
     vertex  1.163452e+00 -9.932088e+00  2.000000e+01
   endloop
 endfacet
 facet normal  0.000000e+00  0.000000e+00  1.000000e+00
   outer loop
     vertex -5.954325e+00  7.389315e-01  2.000000e+01
     vertex -9.923874e+00  1.231552e+00  2.000000e+01
     vertex -9.953925e+00  9.588368e-01  2.000000e+01
   endloop
 endfacet
 facet normal  0.000000e+00  0.000000e+00  1.000000e+00
   outer loop
     vertex -5.954325e+00  7.389315e-01  2.000000e+01
     vertex -9.953925e+00  9.588368e-01  2.000000e+01
     vertex -5.972355e+00  5.753021e-01  2.000000e+01
   endloop
 endfacet
 facet normal -1.154380e-16  8.807289e-16  1.000000e+00
   outer loop
     vertex  8.612951e-01 -5.937859e+00  2.000000e+01
     vertex  6.980715e-01 -5.959253e+00  2.000000e+01
     vertex  1.163452e+00 -9.932088e+00  2.000000e+01
   endloop
 endfacet
 facet normal -1.154380e-16  8.807289e-16  1.000000e+00
   outer loop
     vertex  8.612951e-01 -5.937859e+00  2.000000e+01
     vertex  1.163452e+00 -9.932088e+00  2.000000e+01
     vertex  1.435492e+00 -9.896432e+00  2.000000e+01
   endloop
 endfacet
 facet normal  0.000000e+00  0.000000e+00  1.000000e+00
   outer loop
     vertex -5.931812e+00  9.020046e-01  2.000000e+01
     vertex -9.886353e+00  1.503341e+00  2.000000e+01
     vertex -9.923874e+00  1.231552e+00  2.000000e+01
   endloop
 endfacet
 facet normal  0.000000e+00  0.000000e+00  1.000000e+00
   outer loop
     vertex -5.931812e+00  9.020046e-01  2.000000e+01
     vertex -9.923874e+00  1.231552e+00  2.000000e+01
     vertex -5.954325e+00  7.389315e-01  2.000000e+01
   endloop
 endfacet
 facet normal -1.395565e-16  8.772305e-16  1.000000e+00
   outer loop
     vertex  1.023870e+00 -5.911995e+00  2.000000e+01
     vertex  1.435492e+00 -9.896432e+00  2.000000e+01
     vertex  1.706451e+00 -9.853326e+00  2.000000e+01
   endloop
 endfacet
 facet normal -1.635700e-16  8.730717e-16  1.000000e+00
   outer loop
     vertex  1.023870e+00 -5.911995e+00  2.000000e+01
     vertex  1.706451e+00 -9.853326e+00  2.000000e+01
     vertex  1.976125e+00 -9.802802e+00  2.000000e+01
   endloop
 endfacet
 facet normal -1.395565e-16  8.772305e-16  1.000000e+00
   outer loop
     vertex  1.023870e+00 -5.911995e+00  2.000000e+01
     vertex  8.612951e-01 -5.937859e+00  2.000000e+01
     vertex  1.435492e+00 -9.896432e+00  2.000000e+01
   endloop
 endfacet
 facet normal  0.000000e+00  0.000000e+00  1.000000e+00
   outer loop
     vertex -5.904833e+00  1.064399e+00  2.000000e+01
     vertex -9.841389e+00  1.773998e+00  2.000000e+01
     vertex -9.886353e+00  1.503341e+00  2.000000e+01
   endloop
 endfacet
 facet normal  0.000000e+00  0.000000e+00  1.000000e+00
   outer loop
     vertex -5.904833e+00  1.064399e+00  2.000000e+01
     vertex -9.886353e+00  1.503341e+00  2.000000e+01
     vertex -5.931812e+00  9.020046e-01  2.000000e+01
   endloop
 endfacet
 facet normal -1.874603e-16  8.682557e-16  1.000000e+00
   outer loop
     vertex  1.185675e+00 -5.881681e+00  2.000000e+01
     vertex  1.976125e+00 -9.802802e+00  2.000000e+01
     vertex  2.244312e+00 -9.744899e+00  2.000000e+01
   endloop
 endfacet
 facet normal -1.635700e-16  8.730717e-16  1.000000e+00
   outer loop
     vertex  1.185675e+00 -5.881681e+00  2.000000e+01
     vertex  1.023870e+00 -5.911995e+00  2.000000e+01
     vertex  1.976125e+00 -9.802802e+00  2.000000e+01
   endloop
 endfacet
 facet normal  0.000000e+00  0.000000e+00  1.000000e+00
   outer loop
     vertex -5.873410e+00  1.225992e+00  2.000000e+01
     vertex -9.789017e+00  2.043319e+00  2.000000e+01
     vertex -9.841389e+00  1.773998e+00  2.000000e+01
   endloop
 endfacet
 facet normal  0.000000e+00  0.000000e+00  1.000000e+00
   outer loop
     vertex -5.873410e+00  1.225992e+00  2.000000e+01
     vertex -9.841389e+00  1.773998e+00  2.000000e+01
     vertex -5.904833e+00  1.064399e+00  2.000000e+01
   endloop
 endfacet
 facet normal -1.874603e-16  8.682557e-16  1.000000e+00
   outer loop
     vertex  1.346587e+00 -5.846940e+00  2.000000e+01
     vertex  1.185675e+00 -5.881681e+00  2.000000e+01
     vertex  2.244312e+00 -9.744899e+00  2.000000e+01
   endloop
 endfacet
 facet normal  0.000000e+00  0.000000e+00  1.000000e+00
   outer loop
     vertex -5.837565e+00  1.386661e+00  2.000000e+01
     vertex -9.662211e+00  2.577146e+00  2.000000e+01
     vertex -9.729276e+00  2.311102e+00  2.000000e+01
   endloop
 endfacet
 facet normal  0.000000e+00  0.000000e+00  1.000000e+00
   outer loop
     vertex -5.837565e+00  1.386661e+00  2.000000e+01
     vertex -9.729276e+00  2.311102e+00  2.000000e+01
     vertex -9.789017e+00  2.043319e+00  2.000000e+01
   endloop
 endfacet
 facet normal  0.000000e+00  0.000000e+00  1.000000e+00
   outer loop
     vertex -5.837565e+00  1.386661e+00  2.000000e+01
     vertex -9.789017e+00  2.043319e+00  2.000000e+01
     vertex -5.873410e+00  1.225992e+00  2.000000e+01
   endloop
 endfacet
 facet normal -2.112095e-16  8.627861e-16  1.000000e+00
   outer loop
     vertex  1.506486e+00 -5.807797e+00  2.000000e+01
     vertex  1.346587e+00 -5.846940e+00  2.000000e+01
     vertex  2.244312e+00 -9.744899e+00  2.000000e+01
   endloop
 endfacet
 facet normal -2.112095e-16  8.627861e-16  1.000000e+00
   outer loop
     vertex  1.506486e+00 -5.807797e+00  2.000000e+01
     vertex  2.244312e+00 -9.744899e+00  2.000000e+01
     vertex  2.510809e+00 -9.679661e+00  2.000000e+01
   endloop
 endfacet
 facet normal  0.000000e+00  0.000000e+00  1.000000e+00
   outer loop
     vertex -5.797327e+00  1.546288e+00  2.000000e+01
     vertex -9.662211e+00  2.577146e+00  2.000000e+01
     vertex -5.837565e+00  1.386661e+00  2.000000e+01
   endloop
 endfacet
 facet normal -2.347998e-16  8.566671e-16  1.000000e+00
   outer loop
     vertex  1.665250e+00 -5.764282e+00  2.000000e+01
     vertex  2.510809e+00 -9.679661e+00  2.000000e+01
     vertex  2.775416e+00 -9.607136e+00  2.000000e+01
   endloop
 endfacet
 facet normal -2.347998e-16  8.566671e-16  1.000000e+00
   outer loop
     vertex  1.665250e+00 -5.764282e+00  2.000000e+01
     vertex  1.506486e+00 -5.807797e+00  2.000000e+01
     vertex  2.510809e+00 -9.679661e+00  2.000000e+01
   endloop
 endfacet
 facet normal  0.000000e+00  0.000000e+00  1.000000e+00
   outer loop
     vertex -5.752724e+00  1.704750e+00  2.000000e+01
     vertex -9.587873e+00  2.841250e+00  2.000000e+01
     vertex -9.662211e+00  2.577146e+00  2.000000e+01
   endloop
 endfacet
 facet normal  0.000000e+00  0.000000e+00  1.000000e+00
   outer loop
     vertex -5.752724e+00  1.704750e+00  2.000000e+01
     vertex -9.662211e+00  2.577146e+00  2.000000e+01
     vertex -5.797327e+00  1.546288e+00  2.000000e+01
   endloop
 endfacet
 facet normal -2.582132e-16  8.499031e-16  1.000000e+00
   outer loop
     vertex  1.822761e+00 -5.716428e+00  2.000000e+01
     vertex  1.665250e+00 -5.764282e+00  2.000000e+01
     vertex  2.775416e+00 -9.607136e+00  2.000000e+01
   endloop
 endfacet
 facet normal -2.582132e-16  8.499031e-16  1.000000e+00
   outer loop
     vertex  1.822761e+00 -5.716428e+00  2.000000e+01
     vertex  2.775416e+00 -9.607136e+00  2.000000e+01
     vertex  3.037934e+00 -9.527379e+00  2.000000e+01
   endloop
 endfacet
 facet normal  0.000000e+00  0.000000e+00  1.000000e+00
   outer loop
     vertex -5.703790e+00  1.861929e+00  2.000000e+01
     vertex -9.506317e+00  3.103214e+00  2.000000e+01
     vertex -9.587873e+00  2.841250e+00  2.000000e+01
   endloop
 endfacet
 facet normal  0.000000e+00  0.000000e+00  1.000000e+00
   outer loop
     vertex -5.703790e+00  1.861929e+00  2.000000e+01
     vertex -9.587873e+00  2.841250e+00  2.000000e+01
     vertex -5.752724e+00  1.704750e+00  2.000000e+01
   endloop
 endfacet
 facet normal -2.814323e-16  8.424994e-16  1.000000e+00
   outer loop
     vertex  1.978899e+00 -5.664270e+00  2.000000e+01
     vertex  1.822761e+00 -5.716428e+00  2.000000e+01
     vertex  3.037934e+00 -9.527379e+00  2.000000e+01
   endloop
 endfacet
 facet normal -2.814323e-16  8.424994e-16  1.000000e+00
   outer loop
     vertex  1.978899e+00 -5.664270e+00  2.000000e+01
     vertex  3.037934e+00 -9.527379e+00  2.000000e+01
     vertex  3.298166e+00 -9.440450e+00  2.000000e+01
   endloop
 endfacet
 facet normal  0.000000e+00  0.000000e+00  1.000000e+00
   outer loop
     vertex -5.650563e+00  2.017706e+00  2.000000e+01
     vertex -9.417605e+00  3.362843e+00  2.000000e+01
     vertex -9.506317e+00  3.103214e+00  2.000000e+01
   endloop
 endfacet
 facet normal  0.000000e+00  0.000000e+00  1.000000e+00
   outer loop
     vertex -5.650563e+00  2.017706e+00  2.000000e+01
     vertex -9.506317e+00  3.103214e+00  2.000000e+01
     vertex -5.703790e+00  1.861929e+00  2.000000e+01
   endloop
 endfacet
 facet normal -3.044396e-16  8.344615e-16  1.000000e+00
   outer loop
     vertex  2.133548e+00 -5.607849e+00  2.000000e+01
     vertex  3.298166e+00 -9.440450e+00  2.000000e+01
     vertex  3.555914e+00 -9.346415e+00  2.000000e+01
   endloop
 endfacet
 facet normal -3.044396e-16  8.344615e-16  1.000000e+00
   outer loop
     vertex  2.133548e+00 -5.607849e+00  2.000000e+01
     vertex  1.978899e+00 -5.664270e+00  2.000000e+01
     vertex  3.298166e+00 -9.440450e+00  2.000000e+01
   endloop
 endfacet
 facet normal  0.000000e+00  0.000000e+00  1.000000e+00
   outer loop
     vertex -5.593082e+00  2.171964e+00  2.000000e+01
     vertex -9.321804e+00  3.619940e+00  2.000000e+01
     vertex -9.417605e+00  3.362843e+00  2.000000e+01
   endloop
 endfacet
 facet normal  0.000000e+00  0.000000e+00  1.000000e+00
   outer loop
     vertex -5.593082e+00  2.171964e+00  2.000000e+01
     vertex -9.417605e+00  3.362843e+00  2.000000e+01
     vertex -5.650563e+00  2.017706e+00  2.000000e+01
   endloop
 endfacet
 facet normal -3.272176e-16  8.257954e-16  1.000000e+00
   outer loop
     vertex  2.286591e+00 -5.547206e+00  2.000000e+01
     vertex  2.133548e+00 -5.607849e+00  2.000000e+01
     vertex  3.555914e+00 -9.346415e+00  2.000000e+01
   endloop
 endfacet
 facet normal -3.272176e-16  8.257954e-16  1.000000e+00
   outer loop
     vertex  2.286591e+00 -5.547206e+00  2.000000e+01
     vertex  3.555914e+00 -9.346415e+00  2.000000e+01
     vertex  3.810986e+00 -9.245344e+00  2.000000e+01
   endloop
 endfacet
 facet normal  0.000000e+00  0.000000e+00  1.000000e+00
   outer loop
     vertex -5.531392e+00  2.324588e+00  2.000000e+01
     vertex -9.218986e+00  3.874313e+00  2.000000e+01
     vertex -9.321804e+00  3.619940e+00  2.000000e+01
   endloop
 endfacet
 facet normal  0.000000e+00  0.000000e+00  1.000000e+00
   outer loop
     vertex -5.531392e+00  2.324588e+00  2.000000e+01
     vertex -9.321804e+00  3.619940e+00  2.000000e+01
     vertex -5.593082e+00  2.171964e+00  2.000000e+01
   endloop
 endfacet
 facet normal -3.497494e-16  8.165077e-16  1.000000e+00
   outer loop
     vertex  2.437913e+00 -5.482388e+00  2.000000e+01
     vertex  2.286591e+00 -5.547206e+00  2.000000e+01
     vertex  3.810986e+00 -9.245344e+00  2.000000e+01
   endloop
 endfacet
 facet normal -3.497494e-16  8.165077e-16  1.000000e+00
   outer loop
     vertex  2.437913e+00 -5.482388e+00  2.000000e+01
     vertex  3.810986e+00 -9.245344e+00  2.000000e+01
     vertex  4.063188e+00 -9.137314e+00  2.000000e+01
   endloop
 endfacet
 facet normal  0.000000e+00  0.000000e+00  1.000000e+00
   outer loop
     vertex -5.465537e+00  2.475461e+00  2.000000e+01
     vertex -9.218986e+00  3.874313e+00  2.000000e+01
     vertex -5.531392e+00  2.324588e+00  2.000000e+01
   endloop
 endfacet
 facet normal  0.000000e+00  0.000000e+00  1.000000e+00
   outer loop
     vertex -5.465537e+00  2.475461e+00  2.000000e+01
     vertex -9.109228e+00  4.125769e+00  2.000000e+01
     vertex -9.218986e+00  3.874313e+00  2.000000e+01
   endloop
 endfacet
 facet normal -3.720179e-16  8.066053e-16  1.000000e+00
   outer loop
     vertex  2.587400e+00 -5.413443e+00  2.000000e+01
     vertex  4.063188e+00 -9.137314e+00  2.000000e+01
     vertex  4.312333e+00 -9.022405e+00  2.000000e+01
   endloop
 endfacet
 facet normal -3.720179e-16  8.066053e-16  1.000000e+00
   outer loop
     vertex  2.587400e+00 -5.413443e+00  2.000000e+01
     vertex  2.437913e+00 -5.482388e+00  2.000000e+01
     vertex  4.063188e+00 -9.137314e+00  2.000000e+01
   endloop
 endfacet
 facet normal  0.000000e+00  0.000000e+00  1.000000e+00
   outer loop
     vertex -5.395568e+00  2.624471e+00  2.000000e+01
     vertex -9.109228e+00  4.125769e+00  2.000000e+01
     vertex -5.465537e+00  2.475461e+00  2.000000e+01
   endloop
 endfacet
 facet normal  0.000000e+00  0.000000e+00  1.000000e+00
   outer loop
     vertex -5.395568e+00  2.624471e+00  2.000000e+01
     vertex -8.992613e+00  4.374119e+00  2.000000e+01
     vertex -9.109228e+00  4.125769e+00  2.000000e+01
   endloop
 endfacet
 facet normal -3.940063e-16  7.960957e-16  1.000000e+00
   outer loop
     vertex  2.734938e+00 -5.340422e+00  2.000000e+01
     vertex  2.587400e+00 -5.413443e+00  2.000000e+01
     vertex  4.312333e+00 -9.022405e+00  2.000000e+01
   endloop
 endfacet
 facet normal -3.940063e-16  7.960957e-16  1.000000e+00
   outer loop
     vertex  2.734938e+00 -5.340422e+00  2.000000e+01
     vertex  4.312333e+00 -9.022405e+00  2.000000e+01
     vertex  4.558231e+00 -8.900704e+00  2.000000e+01
   endloop
 endfacet
 facet normal  0.000000e+00  0.000000e+00  1.000000e+00
   outer loop
     vertex -5.321537e+00  2.771506e+00  2.000000e+01
     vertex -8.992613e+00  4.374119e+00  2.000000e+01
     vertex -5.395568e+00  2.624471e+00  2.000000e+01
   endloop
 endfacet
 facet normal  0.000000e+00  0.000000e+00  1.000000e+00
   outer loop
     vertex -5.321537e+00  2.771506e+00  2.000000e+01
     vertex -8.869228e+00  4.619176e+00  2.000000e+01
     vertex -8.992613e+00  4.374119e+00  2.000000e+01
   endloop
 endfacet
 facet normal -4.156981e-16  7.849869e-16  1.000000e+00
   outer loop
     vertex  2.880418e+00 -5.263382e+00  2.000000e+01
     vertex  2.734938e+00 -5.340422e+00  2.000000e+01
     vertex  4.558231e+00 -8.900704e+00  2.000000e+01
   endloop
 endfacet
 facet normal -4.156981e-16  7.849869e-16  1.000000e+00
   outer loop
     vertex  2.880418e+00 -5.263382e+00  2.000000e+01
     vertex  4.558231e+00 -8.900704e+00  2.000000e+01
     vertex  4.800697e+00 -8.772303e+00  2.000000e+01
   endloop
 endfacet
 facet normal  0.000000e+00  0.000000e+00  1.000000e+00
   outer loop
     vertex -5.243500e+00  2.916454e+00  2.000000e+01
     vertex -8.869228e+00  4.619176e+00  2.000000e+01
     vertex -5.321537e+00  2.771506e+00  2.000000e+01
   endloop
 endfacet
 facet normal  0.000000e+00  0.000000e+00  1.000000e+00
   outer loop
     vertex -5.243500e+00  2.916454e+00  2.000000e+01
     vertex -8.739167e+00  4.860756e+00  2.000000e+01
     vertex -8.869228e+00  4.619176e+00  2.000000e+01
   endloop
 endfacet
 facet normal -4.370770e-16  7.732872e-16  1.000000e+00
   outer loop
     vertex  3.023730e+00 -5.182379e+00  2.000000e+01
     vertex  2.880418e+00 -5.263382e+00  2.000000e+01
     vertex  4.800697e+00 -8.772303e+00  2.000000e+01
   endloop
 endfacet
 facet normal -4.370770e-16  7.732872e-16  1.000000e+00
   outer loop
     vertex  3.023730e+00 -5.182379e+00  2.000000e+01
     vertex  4.800697e+00 -8.772303e+00  2.000000e+01
     vertex  5.039550e+00 -8.637299e+00  2.000000e+01
   endloop
 endfacet
 facet normal  0.000000e+00  0.000000e+00  1.000000e+00
   outer loop
     vertex -5.161517e+00  3.059207e+00  2.000000e+01
     vertex -8.739167e+00  4.860756e+00  2.000000e+01
     vertex -5.243500e+00  2.916454e+00  2.000000e+01
   endloop
 endfacet
 facet normal  0.000000e+00  0.000000e+00  1.000000e+00
   outer loop
     vertex -5.161517e+00  3.059207e+00  2.000000e+01
     vertex -8.459413e+00  5.332761e+00  2.000000e+01
     vertex -8.602528e+00  5.098678e+00  2.000000e+01
   endloop
 endfacet
 facet normal  0.000000e+00  0.000000e+00  1.000000e+00
   outer loop
     vertex -5.161517e+00  3.059207e+00  2.000000e+01
     vertex -8.602528e+00  5.098678e+00  2.000000e+01
     vertex -8.739167e+00  4.860756e+00  2.000000e+01
   endloop
 endfacet
 facet normal -4.581269e-16  7.610053e-16  1.000000e+00
   outer loop
     vertex  3.164766e+00 -5.097476e+00  2.000000e+01
     vertex  5.039550e+00 -8.637299e+00  2.000000e+01
     vertex  5.274609e+00 -8.495793e+00  2.000000e+01
   endloop
 endfacet
 facet normal -4.581269e-16  7.610053e-16  1.000000e+00
   outer loop
     vertex  3.164766e+00 -5.097476e+00  2.000000e+01
     vertex  3.023730e+00 -5.182379e+00  2.000000e+01
     vertex  5.039550e+00 -8.637299e+00  2.000000e+01
   endloop
 endfacet
 facet normal  0.000000e+00  0.000000e+00  1.000000e+00
   outer loop
     vertex -5.075648e+00  3.199656e+00  2.000000e+01
     vertex -8.459413e+00  5.332761e+00  2.000000e+01
     vertex -5.161517e+00  3.059207e+00  2.000000e+01
   endloop
 endfacet
 facet normal -4.788319e-16  7.481506e-16  1.000000e+00
   outer loop
     vertex  3.303419e+00 -5.008735e+00  2.000000e+01
     vertex  3.164766e+00 -5.097476e+00  2.000000e+01
     vertex  5.274609e+00 -8.495793e+00  2.000000e+01
   endloop
 endfacet
 facet normal -4.788319e-16  7.481506e-16  1.000000e+00
   outer loop
     vertex  3.303419e+00 -5.008735e+00  2.000000e+01
     vertex  5.274609e+00 -8.495793e+00  2.000000e+01
     vertex  5.505698e+00 -8.347891e+00  2.000000e+01
   endloop
 endfacet
 facet normal  0.000000e+00  0.000000e+00  1.000000e+00
   outer loop
     vertex -4.985958e+00  3.337698e+00  2.000000e+01
     vertex -8.459413e+00  5.332761e+00  2.000000e+01
     vertex -5.075648e+00  3.199656e+00  2.000000e+01
   endloop
 endfacet
 facet normal  0.000000e+00  0.000000e+00  1.000000e+00
   outer loop
     vertex -4.985958e+00  3.337698e+00  2.000000e+01
     vertex -8.309929e+00  5.562829e+00  2.000000e+01
     vertex -8.459413e+00  5.332761e+00  2.000000e+01
   endloop
 endfacet
 facet normal -4.991765e-16  7.347327e-16  1.000000e+00
   outer loop
     vertex  3.439585e+00 -4.916223e+00  2.000000e+01
     vertex  3.303419e+00 -5.008735e+00  2.000000e+01
     vertex  5.505698e+00 -8.347891e+00  2.000000e+01
   endloop
 endfacet
 facet normal -4.991765e-16  7.347327e-16  1.000000e+00
   outer loop
     vertex  3.439585e+00 -4.916223e+00  2.000000e+01
     vertex  5.505698e+00 -8.347891e+00  2.000000e+01
     vertex  5.732642e+00 -8.193706e+00  2.000000e+01
   endloop
 endfacet
 facet normal  0.000000e+00  0.000000e+00  1.000000e+00
   outer loop
     vertex -4.892514e+00  3.473226e+00  2.000000e+01
     vertex -8.309929e+00  5.562829e+00  2.000000e+01
     vertex -4.985958e+00  3.337698e+00  2.000000e+01
   endloop
 endfacet
 facet normal  0.000000e+00  0.000000e+00  1.000000e+00
   outer loop
     vertex -4.892514e+00  3.473226e+00  2.000000e+01
     vertex -8.154191e+00  5.788711e+00  2.000000e+01
     vertex -8.309929e+00  5.562829e+00  2.000000e+01
   endloop
 endfacet
 facet normal -5.191453e-16  7.207618e-16  1.000000e+00
   outer loop
     vertex  3.573163e+00 -4.820011e+00  2.000000e+01
     vertex  3.439585e+00 -4.916223e+00  2.000000e+01
     vertex  5.732642e+00 -8.193706e+00  2.000000e+01
   endloop
 endfacet
 facet normal -5.191453e-16  7.207618e-16  1.000000e+00
   outer loop
     vertex  3.573163e+00 -4.820011e+00  2.000000e+01
     vertex  5.732642e+00 -8.193706e+00  2.000000e+01
     vertex  5.955271e+00 -8.033352e+00  2.000000e+01
   endloop
 endfacet
 facet normal  0.000000e+00  0.000000e+00  1.000000e+00
   outer loop
     vertex -4.795388e+00  3.606141e+00  2.000000e+01
     vertex -8.154191e+00  5.788711e+00  2.000000e+01
     vertex -4.892514e+00  3.473226e+00  2.000000e+01
   endloop
 endfacet
 facet normal  0.000000e+00  0.000000e+00  1.000000e+00
   outer loop
     vertex -4.795388e+00  3.606141e+00  2.000000e+01
     vertex -7.992314e+00  6.010234e+00  2.000000e+01
     vertex -8.154191e+00  5.788711e+00  2.000000e+01
   endloop
 endfacet
 facet normal -5.387233e-16  7.062482e-16  1.000000e+00
   outer loop
     vertex  3.704050e+00 -4.720171e+00  2.000000e+01
     vertex  3.573163e+00 -4.820011e+00  2.000000e+01
     vertex  5.955271e+00 -8.033352e+00  2.000000e+01
   endloop
 endfacet
 facet normal  1.018771e-14  7.994585e-15  1.000000e+00
   outer loop
     vertex  3.704050e+00 -4.720171e+00  2.000000e+01
     vertex  5.955271e+00 -8.033352e+00  2.000000e+01
     vertex  6.173417e+00 -7.866951e+00  2.000000e+01
   endloop
 endfacet
 facet normal  0.000000e+00  0.000000e+00  1.000000e+00
   outer loop
     vertex -4.694652e+00  3.736340e+00  2.000000e+01
     vertex -7.992314e+00  6.010234e+00  2.000000e+01
     vertex -4.795388e+00  3.606141e+00  2.000000e+01
   endloop
 endfacet
 facet normal  0.000000e+00  0.000000e+00  1.000000e+00
   outer loop
     vertex -4.694652e+00  3.736340e+00  2.000000e+01
     vertex -7.650637e+00  6.439545e+00  2.000000e+01
     vertex -7.824421e+00  6.227234e+00  2.000000e+01
   endloop
 endfacet
 facet normal  0.000000e+00  0.000000e+00  1.000000e+00
   outer loop
     vertex -4.694652e+00  3.736340e+00  2.000000e+01
     vertex -7.824421e+00  6.227234e+00  2.000000e+01
     vertex -7.992314e+00  6.010234e+00  2.000000e+01
   endloop
 endfacet
 facet normal  0.000000e+00  0.000000e+00  1.000000e+00
   outer loop
     vertex  3.832149e+00 -4.616777e+00  2.000000e+01
     vertex  3.704050e+00 -4.720171e+00  2.000000e+01
     vertex  6.173417e+00 -7.866951e+00  2.000000e+01
   endloop
 endfacet
 facet normal  0.000000e+00  0.000000e+00  1.000000e+00
   outer loop
     vertex  3.832149e+00 -4.616777e+00  2.000000e+01
     vertex  6.173417e+00 -7.866951e+00  2.000000e+01
     vertex  6.386916e+00 -7.694628e+00  2.000000e+01
   endloop
 endfacet
 facet normal  0.000000e+00  0.000000e+00  1.000000e+00
   outer loop
     vertex -4.590382e+00  3.863727e+00  2.000000e+01
     vertex -7.650637e+00  6.439545e+00  2.000000e+01
     vertex -4.694652e+00  3.736340e+00  2.000000e+01
   endloop
 endfacet
 facet normal  0.000000e+00  0.000000e+00  1.000000e+00
   outer loop
     vertex  3.957364e+00 -4.509908e+00  2.000000e+01
     vertex  3.832149e+00 -4.616777e+00  2.000000e+01
     vertex  6.386916e+00 -7.694628e+00  2.000000e+01
   endloop
 endfacet
 facet normal  0.000000e+00  0.000000e+00  1.000000e+00
   outer loop
     vertex  3.957364e+00 -4.509908e+00  2.000000e+01
     vertex  6.386916e+00 -7.694628e+00  2.000000e+01
     vertex  6.595607e+00 -7.516513e+00  2.000000e+01
   endloop
 endfacet
 facet normal  0.000000e+00  0.000000e+00  1.000000e+00
   outer loop
     vertex  6.799333e+00 -7.332740e+00  2.000000e+01
     vertex  3.957364e+00 -4.509908e+00  2.000000e+01
     vertex  6.595607e+00 -7.516513e+00  2.000000e+01
   endloop
 endfacet
 facet normal  0.000000e+00  0.000000e+00  1.000000e+00
   outer loop
     vertex -4.482657e+00  3.988206e+00  2.000000e+01
     vertex -7.471095e+00  6.647010e+00  2.000000e+01
     vertex -7.650637e+00  6.439545e+00  2.000000e+01
   endloop
 endfacet
 facet normal  0.000000e+00  0.000000e+00  1.000000e+00
   outer loop
     vertex -4.482657e+00  3.988206e+00  2.000000e+01
     vertex -7.650637e+00  6.439545e+00  2.000000e+01
     vertex -4.590382e+00  3.863727e+00  2.000000e+01
   endloop
 endfacet
 facet normal  0.000000e+00  0.000000e+00  1.000000e+00
   outer loop
     vertex  4.079600e+00 -4.399644e+00  2.000000e+01
     vertex  3.957364e+00 -4.509908e+00  2.000000e+01
     vertex  6.799333e+00 -7.332740e+00  2.000000e+01
   endloop
 endfacet
 facet normal  0.000000e+00  0.000000e+00  1.000000e+00
   outer loop
     vertex -4.371557e+00  4.109682e+00  2.000000e+01
     vertex -7.285929e+00  6.849470e+00  2.000000e+01
     vertex -7.471095e+00  6.647010e+00  2.000000e+01
   endloop
 endfacet
 facet normal  0.000000e+00  0.000000e+00  1.000000e+00
   outer loop
     vertex -4.371557e+00  4.109682e+00  2.000000e+01
     vertex -7.471095e+00  6.647010e+00  2.000000e+01
     vertex -4.482657e+00  3.988206e+00  2.000000e+01
   endloop
 endfacet
 facet normal  0.000000e+00  0.000000e+00  1.000000e+00
   outer loop
     vertex  6.997940e+00 -7.143447e+00  2.000000e+01
     vertex  4.079600e+00 -4.399644e+00  2.000000e+01
     vertex  6.799333e+00 -7.332740e+00  2.000000e+01
   endloop
 endfacet
 facet normal  0.000000e+00  0.000000e+00  1.000000e+00
   outer loop
     vertex  4.198764e+00 -4.286068e+00  2.000000e+01
     vertex  4.079600e+00 -4.399644e+00  2.000000e+01
     vertex  6.997940e+00 -7.143447e+00  2.000000e+01
   endloop
 endfacet
 facet normal  0.000000e+00  0.000000e+00  1.000000e+00
   outer loop
     vertex -4.257167e+00  4.228065e+00  2.000000e+01
     vertex -7.285929e+00  6.849470e+00  2.000000e+01
     vertex -4.371557e+00  4.109682e+00  2.000000e+01
   endloop
 endfacet
 facet normal  0.000000e+00  0.000000e+00  1.000000e+00
   outer loop
     vertex -4.257167e+00  4.228065e+00  2.000000e+01
     vertex -7.095278e+00  7.046775e+00  2.000000e+01
     vertex -7.285929e+00  6.849470e+00  2.000000e+01
   endloop
 endfacet
 facet normal  0.000000e+00  0.000000e+00  1.000000e+00
   outer loop
     vertex  7.191280e+00 -6.948776e+00  2.000000e+01
     vertex  4.198764e+00 -4.286068e+00  2.000000e+01
     vertex  6.997940e+00 -7.143447e+00  2.000000e+01
   endloop
 endfacet
 facet normal  0.000000e+00  0.000000e+00  1.000000e+00
   outer loop
     vertex  7.191280e+00 -6.948776e+00  2.000000e+01
     vertex  4.314768e+00 -4.169266e+00  2.000000e+01
     vertex  4.198764e+00 -4.286068e+00  2.000000e+01
   endloop
 endfacet
 facet normal  0.000000e+00  0.000000e+00  1.000000e+00
   outer loop
     vertex -6.899286e+00  7.238775e+00  2.000000e+01
     vertex -4.257167e+00  4.228065e+00  2.000000e+01
     vertex -4.139571e+00  4.343265e+00  2.000000e+01
   endloop
 endfacet
 facet normal  0.000000e+00  0.000000e+00  1.000000e+00
   outer loop
     vertex -6.899286e+00  7.238775e+00  2.000000e+01
     vertex -7.095278e+00  7.046775e+00  2.000000e+01
     vertex -4.257167e+00  4.228065e+00  2.000000e+01
   endloop
 endfacet
 facet normal  0.000000e+00  0.000000e+00  1.000000e+00
   outer loop
     vertex  4.427524e+00 -4.049325e+00  2.000000e+01
     vertex  4.314768e+00 -4.169266e+00  2.000000e+01
     vertex  7.191280e+00 -6.948776e+00  2.000000e+01
   endloop
 endfacet
 facet normal  0.000000e+00  0.000000e+00  1.000000e+00
   outer loop
     vertex  7.379206e+00 -6.748875e+00  2.000000e+01
     vertex  4.427524e+00 -4.049325e+00  2.000000e+01
     vertex  7.191280e+00 -6.948776e+00  2.000000e+01
   endloop
 endfacet
 facet normal  0.000000e+00  0.000000e+00  1.000000e+00
   outer loop
     vertex  7.379206e+00 -6.748875e+00  2.000000e+01
     vertex  4.536947e+00 -3.926336e+00  2.000000e+01
     vertex  4.427524e+00 -4.049325e+00  2.000000e+01
   endloop
 endfacet
 facet normal  0.000000e+00  0.000000e+00  1.000000e+00
   outer loop
     vertex -6.698100e+00  7.425325e+00  2.000000e+01
     vertex -4.139571e+00  4.343265e+00  2.000000e+01
     vertex -4.018860e+00  4.455195e+00  2.000000e+01
   endloop
 endfacet
 facet normal  0.000000e+00  0.000000e+00  1.000000e+00
   outer loop
     vertex -6.698100e+00  7.425325e+00  2.000000e+01
     vertex -6.899286e+00  7.238775e+00  2.000000e+01
     vertex -4.139571e+00  4.343265e+00  2.000000e+01
   endloop
 endfacet
 facet normal  0.000000e+00  0.000000e+00  1.000000e+00
   outer loop
     vertex  7.561578e+00 -6.543893e+00  2.000000e+01
     vertex  4.536947e+00 -3.926336e+00  2.000000e+01
     vertex  7.379206e+00 -6.748875e+00  2.000000e+01
   endloop
 endfacet
 facet normal  0.000000e+00  0.000000e+00  1.000000e+00
   outer loop
     vertex -6.491872e+00  7.606287e+00  2.000000e+01
     vertex -3.895123e+00  4.563772e+00  2.000000e+01
     vertex -3.768454e+00  4.668913e+00  2.000000e+01
   endloop
 endfacet
 facet normal  0.000000e+00  0.000000e+00  1.000000e+00
   outer loop
     vertex -6.491872e+00  7.606287e+00  2.000000e+01
     vertex -4.018860e+00  4.455195e+00  2.000000e+01
     vertex -3.895123e+00  4.563772e+00  2.000000e+01
   endloop
 endfacet
 facet normal  0.000000e+00  0.000000e+00  1.000000e+00
   outer loop
     vertex -6.491872e+00  7.606287e+00  2.000000e+01
     vertex -6.698100e+00  7.425325e+00  2.000000e+01
     vertex -4.018860e+00  4.455195e+00  2.000000e+01
   endloop
 endfacet
 facet normal  0.000000e+00  0.000000e+00  1.000000e+00
   outer loop
     vertex  7.738257e+00 -6.333986e+00  2.000000e+01
     vertex  4.642954e+00 -3.800391e+00  2.000000e+01
     vertex  4.536947e+00 -3.926336e+00  2.000000e+01
   endloop
 endfacet
 facet normal  0.000000e+00  0.000000e+00  1.000000e+00
   outer loop
     vertex  7.738257e+00 -6.333986e+00  2.000000e+01
     vertex  4.536947e+00 -3.926336e+00  2.000000e+01
     vertex  7.561578e+00 -6.543893e+00  2.000000e+01
   endloop
 endfacet
 facet normal  0.000000e+00  0.000000e+00  1.000000e+00
   outer loop
     vertex -6.280757e+00  7.781522e+00  2.000000e+01
     vertex -6.491872e+00  7.606287e+00  2.000000e+01
     vertex -3.768454e+00  4.668913e+00  2.000000e+01
   endloop
 endfacet
 facet normal  0.000000e+00  0.000000e+00  1.000000e+00
   outer loop
     vertex  7.909112e+00 -6.119310e+00  2.000000e+01
     vertex  4.642954e+00 -3.800391e+00  2.000000e+01
     vertex  7.738257e+00 -6.333986e+00  2.000000e+01
   endloop
 endfacet
 facet normal  0.000000e+00  0.000000e+00  1.000000e+00
   outer loop
     vertex  7.909112e+00 -6.119310e+00  2.000000e+01
     vertex  4.745467e+00 -3.671586e+00  2.000000e+01
     vertex  4.642954e+00 -3.800391e+00  2.000000e+01
   endloop
 endfacet
 facet normal  0.000000e+00  0.000000e+00  1.000000e+00
   outer loop
     vertex -6.064915e+00  7.950900e+00  2.000000e+01
     vertex -3.768454e+00  4.668913e+00  2.000000e+01
     vertex -3.638949e+00  4.770540e+00  2.000000e+01
   endloop
 endfacet
 facet normal  0.000000e+00  0.000000e+00  1.000000e+00
   outer loop
     vertex -6.064915e+00  7.950900e+00  2.000000e+01
     vertex -6.280757e+00  7.781522e+00  2.000000e+01
     vertex -3.768454e+00  4.668913e+00  2.000000e+01
   endloop
 endfacet
 facet normal  0.000000e+00  0.000000e+00  1.000000e+00
   outer loop
     vertex  8.074012e+00 -5.900028e+00  2.000000e+01
     vertex  4.844407e+00 -3.540017e+00  2.000000e+01
     vertex  4.745467e+00 -3.671586e+00  2.000000e+01
   endloop
 endfacet
 facet normal  0.000000e+00  0.000000e+00  1.000000e+00
   outer loop
     vertex  8.074012e+00 -5.900028e+00  2.000000e+01
     vertex  4.745467e+00 -3.671586e+00  2.000000e+01
     vertex  7.909112e+00 -6.119310e+00  2.000000e+01
   endloop
 endfacet
 facet normal -5.092088e-16  7.278157e-16  1.000000e+00
   outer loop
     vertex -5.844507e+00  8.114292e+00  2.000000e+01
     vertex -3.506704e+00  4.868575e+00  2.000000e+01
     vertex -3.371819e+00  4.962946e+00  2.000000e+01
   endloop
 endfacet
 facet normal -5.289841e-16  7.135721e-16  1.000000e+00
   outer loop
     vertex -5.844507e+00  8.114292e+00  2.000000e+01
     vertex -3.638949e+00  4.770540e+00  2.000000e+01
     vertex -3.506704e+00  4.868575e+00  2.000000e+01
   endloop
 endfacet
 facet normal  1.029643e-14  7.854075e-15  1.000000e+00
   outer loop
     vertex -5.844507e+00  8.114292e+00  2.000000e+01
     vertex -6.064915e+00  7.950900e+00  2.000000e+01
     vertex -3.638949e+00  4.770540e+00  2.000000e+01
   endloop
 endfacet
 facet normal  0.000000e+00  0.000000e+00  1.000000e+00
   outer loop
     vertex  8.232835e+00 -5.676304e+00  2.000000e+01
     vertex  4.939701e+00 -3.405783e+00  2.000000e+01
     vertex  4.844407e+00 -3.540017e+00  2.000000e+01
   endloop
 endfacet
 facet normal  0.000000e+00  0.000000e+00  1.000000e+00
   outer loop
     vertex  8.232835e+00 -5.676304e+00  2.000000e+01
     vertex  4.844407e+00 -3.540017e+00  2.000000e+01
     vertex  8.074012e+00 -5.900028e+00  2.000000e+01
   endloop
 endfacet
 facet normal -5.092088e-16  7.278157e-16  1.000000e+00
   outer loop
     vertex -5.619699e+00  8.271577e+00  2.000000e+01
     vertex -5.844507e+00  8.114292e+00  2.000000e+01
     vertex -3.371819e+00  4.962946e+00  2.000000e+01
   endloop
 endfacet
 facet normal  0.000000e+00  0.000000e+00  1.000000e+00
   outer loop
     vertex  8.385460e+00 -5.448308e+00  2.000000e+01
     vertex  5.031276e+00 -3.268985e+00  2.000000e+01
     vertex  4.939701e+00 -3.405783e+00  2.000000e+01
   endloop
 endfacet
 facet normal  0.000000e+00  0.000000e+00  1.000000e+00
   outer loop
     vertex  8.385460e+00 -5.448308e+00  2.000000e+01
     vertex  4.939701e+00 -3.405783e+00  2.000000e+01
     vertex  8.232835e+00 -5.676304e+00  2.000000e+01
   endloop
 endfacet
 facet normal -4.890502e-16  7.415115e-16  1.000000e+00
   outer loop
     vertex -5.390661e+00  8.422635e+00  2.000000e+01
     vertex -3.371819e+00  4.962946e+00  2.000000e+01
     vertex -3.234397e+00  5.053581e+00  2.000000e+01
   endloop
 endfacet
 facet normal -4.890502e-16  7.415115e-16  1.000000e+00
   outer loop
     vertex -5.390661e+00  8.422635e+00  2.000000e+01
     vertex -5.619699e+00  8.271577e+00  2.000000e+01
     vertex -3.371819e+00  4.962946e+00  2.000000e+01
   endloop
 endfacet
 facet normal  0.000000e+00  0.000000e+00  1.000000e+00
   outer loop
     vertex  8.531773e+00 -5.216210e+00  2.000000e+01
     vertex  5.119064e+00 -3.129726e+00  2.000000e+01
     vertex  5.031276e+00 -3.268985e+00  2.000000e+01
   endloop
 endfacet
 facet normal  0.000000e+00  0.000000e+00  1.000000e+00
   outer loop
     vertex  8.531773e+00 -5.216210e+00  2.000000e+01
     vertex  5.202998e+00 -2.988111e+00  2.000000e+01
     vertex  5.119064e+00 -3.129726e+00  2.000000e+01
   endloop
 endfacet
 facet normal  0.000000e+00  0.000000e+00  1.000000e+00
   outer loop
     vertex  8.531773e+00 -5.216210e+00  2.000000e+01
     vertex  5.031276e+00 -3.268985e+00  2.000000e+01
     vertex  8.385460e+00 -5.448308e+00  2.000000e+01
   endloop
 endfacet
 facet normal -4.685235e-16  7.546490e-16  1.000000e+00
   outer loop
     vertex -5.157565e+00  8.567352e+00  2.000000e+01
     vertex -3.234397e+00  5.053581e+00  2.000000e+01
     vertex -3.094539e+00  5.140411e+00  2.000000e+01
   endloop
 endfacet
 facet normal -4.685235e-16  7.546490e-16  1.000000e+00
   outer loop
     vertex -5.157565e+00  8.567352e+00  2.000000e+01
     vertex -5.390661e+00  8.422635e+00  2.000000e+01
     vertex -3.234397e+00  5.053581e+00  2.000000e+01
   endloop
 endfacet
 facet normal  0.000000e+00  0.000000e+00  1.000000e+00
   outer loop
     vertex  8.671664e+00 -4.980186e+00  2.000000e+01
     vertex  5.202998e+00 -2.988111e+00  2.000000e+01
     vertex  8.531773e+00 -5.216210e+00  2.000000e+01
   endloop
 endfacet
 facet normal -4.264277e-16  7.792104e-16  1.000000e+00
   outer loop
     vertex -4.920587e+00  8.705620e+00  2.000000e+01
     vertex -2.952352e+00  5.223372e+00  2.000000e+01
     vertex -2.807943e+00  5.302401e+00  2.000000e+01
   endloop
 endfacet
 facet normal -4.476441e-16  7.672185e-16  1.000000e+00
   outer loop
     vertex -4.920587e+00  8.705620e+00  2.000000e+01
     vertex -3.094539e+00  5.140411e+00  2.000000e+01
     vertex -2.952352e+00  5.223372e+00  2.000000e+01
   endloop
 endfacet
 facet normal -4.476441e-16  7.672185e-16  1.000000e+00
   outer loop
     vertex -4.920587e+00  8.705620e+00  2.000000e+01
     vertex -5.157565e+00  8.567352e+00  2.000000e+01
     vertex -3.094539e+00  5.140411e+00  2.000000e+01
   endloop
 endfacet
 facet normal  0.000000e+00  0.000000e+00  1.000000e+00
   outer loop
     vertex  8.805026e+00 -4.740412e+00  2.000000e+01
     vertex  5.202998e+00 -2.988111e+00  2.000000e+01
     vertex  8.671664e+00 -4.980186e+00  2.000000e+01
   endloop
 endfacet
 facet normal  0.000000e+00  0.000000e+00  1.000000e+00
   outer loop
     vertex  8.805026e+00 -4.740412e+00  2.000000e+01
     vertex  5.283016e+00 -2.844247e+00  2.000000e+01
     vertex  5.202998e+00 -2.988111e+00  2.000000e+01
   endloop
 endfacet
 facet normal -4.264277e-16  7.792104e-16  1.000000e+00
   outer loop
     vertex -4.679904e+00  8.837335e+00  2.000000e+01
     vertex -4.920587e+00  8.705620e+00  2.000000e+01
     vertex -2.807943e+00  5.302401e+00  2.000000e+01
   endloop
 endfacet
 facet normal  0.000000e+00  0.000000e+00  1.000000e+00
   outer loop
     vertex  8.931761e+00 -4.497071e+00  2.000000e+01
     vertex  5.283016e+00 -2.844247e+00  2.000000e+01
     vertex  8.805026e+00 -4.740412e+00  2.000000e+01
   endloop
 endfacet
 facet normal  0.000000e+00  0.000000e+00  1.000000e+00
   outer loop
     vertex  8.931761e+00 -4.497071e+00  2.000000e+01
     vertex  5.359057e+00 -2.698242e+00  2.000000e+01
     vertex  5.283016e+00 -2.844247e+00  2.000000e+01
   endloop
 endfacet
 facet normal -4.048903e-16  7.906157e-16  1.000000e+00
   outer loop
     vertex -4.435699e+00  8.962398e+00  2.000000e+01
     vertex -2.807943e+00  5.302401e+00  2.000000e+01
     vertex -2.661419e+00  5.377439e+00  2.000000e+01
   endloop
 endfacet
 facet normal -4.048903e-16  7.906157e-16  1.000000e+00
   outer loop
     vertex -4.435699e+00  8.962398e+00  2.000000e+01
     vertex -4.679904e+00  8.837335e+00  2.000000e+01
     vertex -2.807943e+00  5.302401e+00  2.000000e+01
   endloop
 endfacet
 facet normal  0.000000e+00  0.000000e+00  1.000000e+00
   outer loop
     vertex  9.051772e+00 -4.250344e+00  2.000000e+01
     vertex  5.359057e+00 -2.698242e+00  2.000000e+01
     vertex  8.931761e+00 -4.497071e+00  2.000000e+01
   endloop
 endfacet
 facet normal  0.000000e+00  0.000000e+00  1.000000e+00
   outer loop
     vertex  9.051772e+00 -4.250344e+00  2.000000e+01
     vertex  5.431063e+00 -2.550206e+00  2.000000e+01
     vertex  5.359057e+00 -2.698242e+00  2.000000e+01
   endloop
 endfacet
 facet normal -3.830481e-16  8.014259e-16  1.000000e+00
   outer loop
     vertex -4.188155e+00  9.080714e+00  2.000000e+01
     vertex -2.661419e+00  5.377439e+00  2.000000e+01
     vertex -2.512893e+00  5.448428e+00  2.000000e+01
   endloop
 endfacet
 facet normal -3.830481e-16  8.014259e-16  1.000000e+00
   outer loop
     vertex -4.188155e+00  9.080714e+00  2.000000e+01
     vertex -4.435699e+00  8.962398e+00  2.000000e+01
     vertex -2.661419e+00  5.377439e+00  2.000000e+01
   endloop
 endfacet
 facet normal -3.609176e-16  8.116328e-16  1.000000e+00
   outer loop
     vertex -4.188155e+00  9.080714e+00  2.000000e+01
     vertex -2.512893e+00  5.448428e+00  2.000000e+01
     vertex -2.362475e+00  5.515316e+00  2.000000e+01
   endloop
 endfacet
 facet normal  0.000000e+00  0.000000e+00  1.000000e+00
   outer loop
     vertex  9.164969e+00 -4.000417e+00  2.000000e+01
     vertex  5.498982e+00 -2.400250e+00  2.000000e+01
     vertex  5.431063e+00 -2.550206e+00  2.000000e+01
   endloop
 endfacet
 facet normal  0.000000e+00  0.000000e+00  1.000000e+00
   outer loop
     vertex  9.164969e+00 -4.000417e+00  2.000000e+01
     vertex  5.431063e+00 -2.550206e+00  2.000000e+01
     vertex  9.051772e+00 -4.250344e+00  2.000000e+01
   endloop
 endfacet
 facet normal -3.609176e-16  8.116328e-16  1.000000e+00
   outer loop
     vertex -3.937458e+00  9.192194e+00  2.000000e+01
     vertex -4.188155e+00  9.080714e+00  2.000000e+01
     vertex -2.362475e+00  5.515316e+00  2.000000e+01
   endloop
 endfacet
 facet normal  0.000000e+00  0.000000e+00  1.000000e+00
   outer loop
     vertex  9.271267e+00 -3.747479e+00  2.000000e+01
     vertex  5.498982e+00 -2.400250e+00  2.000000e+01
     vertex  9.164969e+00 -4.000417e+00  2.000000e+01
   endloop
 endfacet
 facet normal  0.000000e+00  0.000000e+00  1.000000e+00
   outer loop
     vertex  9.271267e+00 -3.747479e+00  2.000000e+01
     vertex  5.562760e+00 -2.248488e+00  2.000000e+01
     vertex  5.498982e+00 -2.400250e+00  2.000000e+01
   endloop
 endfacet
 facet normal -3.385154e-16  8.212288e-16  1.000000e+00
   outer loop
     vertex -3.683796e+00  9.296754e+00  2.000000e+01
     vertex -3.937458e+00  9.192194e+00  2.000000e+01
     vertex -2.362475e+00  5.515316e+00  2.000000e+01
   endloop
 endfacet
 facet normal -3.385154e-16  8.212288e-16  1.000000e+00
   outer loop
     vertex -3.683796e+00  9.296754e+00  2.000000e+01
     vertex -2.362475e+00  5.515316e+00  2.000000e+01
     vertex -2.210278e+00  5.578053e+00  2.000000e+01
   endloop
 endfacet
 facet normal  0.000000e+00  0.000000e+00  1.000000e+00
   outer loop
     vertex  9.370586e+00 -3.491720e+00  2.000000e+01
     vertex  5.622352e+00 -2.095032e+00  2.000000e+01
     vertex  5.562760e+00 -2.248488e+00  2.000000e+01
   endloop
 endfacet
 facet normal  0.000000e+00  0.000000e+00  1.000000e+00
   outer loop
     vertex  9.370586e+00 -3.491720e+00  2.000000e+01
     vertex  5.562760e+00 -2.248488e+00  2.000000e+01
     vertex  9.271267e+00 -3.747479e+00  2.000000e+01
   endloop
 endfacet
 facet normal -3.158583e-16  8.302065e-16  1.000000e+00
   outer loop
     vertex -3.427362e+00  9.394317e+00  2.000000e+01
     vertex -3.683796e+00  9.296754e+00  2.000000e+01
     vertex -2.210278e+00  5.578053e+00  2.000000e+01
   endloop
 endfacet
 facet normal -3.158583e-16  8.302065e-16  1.000000e+00
   outer loop
     vertex -3.427362e+00  9.394317e+00  2.000000e+01
     vertex -2.210278e+00  5.578053e+00  2.000000e+01
     vertex -2.056417e+00  5.636590e+00  2.000000e+01
   endloop
 endfacet
 facet normal  0.000000e+00  0.000000e+00  1.000000e+00
   outer loop
     vertex  9.462851e+00 -3.233333e+00  2.000000e+01
     vertex  5.677711e+00 -1.940000e+00  2.000000e+01
     vertex  5.622352e+00 -2.095032e+00  2.000000e+01
   endloop
 endfacet
 facet normal  0.000000e+00  0.000000e+00  1.000000e+00
   outer loop
     vertex  9.462851e+00 -3.233333e+00  2.000000e+01
     vertex  5.622352e+00 -2.095032e+00  2.000000e+01
     vertex  9.370586e+00 -3.491720e+00  2.000000e+01
   endloop
 endfacet
 facet normal -2.929635e-16  8.385593e-16  1.000000e+00
   outer loop
     vertex -3.168348e+00  9.484807e+00  2.000000e+01
     vertex -3.427362e+00  9.394317e+00  2.000000e+01
     vertex -2.056417e+00  5.636590e+00  2.000000e+01
   endloop
 endfacet
 facet normal -2.929635e-16  8.385593e-16  1.000000e+00
   outer loop
     vertex -3.168348e+00  9.484807e+00  2.000000e+01
     vertex -2.056417e+00  5.636590e+00  2.000000e+01
     vertex -1.901009e+00  5.690884e+00  2.000000e+01
   endloop
 endfacet
 facet normal  0.000000e+00  0.000000e+00  1.000000e+00
   outer loop
     vertex  9.547993e+00 -2.972512e+00  2.000000e+01
     vertex  5.728796e+00 -1.783507e+00  2.000000e+01
     vertex  5.677711e+00 -1.940000e+00  2.000000e+01
   endloop
 endfacet
 facet normal  0.000000e+00  0.000000e+00  1.000000e+00
   outer loop
     vertex  9.547993e+00 -2.972512e+00  2.000000e+01
     vertex  5.775569e+00 -1.625672e+00  2.000000e+01
     vertex  5.728796e+00 -1.783507e+00  2.000000e+01
   endloop
 endfacet
 facet normal  0.000000e+00  0.000000e+00  1.000000e+00
   outer loop
     vertex  9.547993e+00 -2.972512e+00  2.000000e+01
     vertex  5.677711e+00 -1.940000e+00  2.000000e+01
     vertex  9.462851e+00 -3.233333e+00  2.000000e+01
   endloop
 endfacet
 facet normal -2.698482e-16  8.462809e-16  1.000000e+00
   outer loop
     vertex -2.906949e+00  9.568158e+00  2.000000e+01
     vertex -3.168348e+00  9.484807e+00  2.000000e+01
     vertex -1.901009e+00  5.690884e+00  2.000000e+01
   endloop
 endfacet
 facet normal -2.698482e-16  8.462809e-16  1.000000e+00
   outer loop
     vertex -2.906949e+00  9.568158e+00  2.000000e+01
     vertex -1.901009e+00  5.690884e+00  2.000000e+01
     vertex -1.744169e+00  5.740895e+00  2.000000e+01
   endloop
 endfacet
 facet normal  0.000000e+00  0.000000e+00  1.000000e+00
   outer loop
     vertex  9.625948e+00 -2.709453e+00  2.000000e+01
     vertex  5.775569e+00 -1.625672e+00  2.000000e+01
     vertex  9.547993e+00 -2.972512e+00  2.000000e+01
   endloop
 endfacet
 facet normal -2.465297e-16  8.533654e-16  1.000000e+00
   outer loop
     vertex -2.643362e+00  9.644306e+00  2.000000e+01
     vertex -2.906949e+00  9.568158e+00  2.000000e+01
     vertex -1.744169e+00  5.740895e+00  2.000000e+01
   endloop
 endfacet
 facet normal -2.465297e-16  8.533654e-16  1.000000e+00
   outer loop
     vertex -2.643362e+00  9.644306e+00  2.000000e+01
     vertex -1.744169e+00  5.740895e+00  2.000000e+01
     vertex -1.586017e+00  5.786584e+00  2.000000e+01
   endloop
 endfacet
 facet normal  0.000000e+00  0.000000e+00  1.000000e+00
   outer loop
     vertex  9.696656e+00 -2.444354e+00  2.000000e+01
     vertex  5.817993e+00 -1.466613e+00  2.000000e+01
     vertex  5.775569e+00 -1.625672e+00  2.000000e+01
   endloop
 endfacet
 facet normal  0.000000e+00  0.000000e+00  1.000000e+00
   outer loop
     vertex  9.696656e+00 -2.444354e+00  2.000000e+01
     vertex  5.775569e+00 -1.625672e+00  2.000000e+01
     vertex  9.625948e+00 -2.709453e+00  2.000000e+01
   endloop
 endfacet
 facet normal -2.230256e-16  8.598075e-16  1.000000e+00
   outer loop
     vertex -2.377784e+00  9.713194e+00  2.000000e+01
     vertex -2.643362e+00  9.644306e+00  2.000000e+01
     vertex -1.586017e+00  5.786584e+00  2.000000e+01
   endloop
 endfacet
 facet normal -2.230256e-16  8.598075e-16  1.000000e+00
   outer loop
     vertex -2.377784e+00  9.713194e+00  2.000000e+01
     vertex -1.586017e+00  5.786584e+00  2.000000e+01
     vertex -1.426671e+00  5.827917e+00  2.000000e+01
   endloop
 endfacet
 facet normal  0.000000e+00  0.000000e+00  1.000000e+00
   outer loop
     vertex  9.760065e+00 -2.177416e+00  2.000000e+01
     vertex  5.817993e+00 -1.466613e+00  2.000000e+01
     vertex  9.696656e+00 -2.444354e+00  2.000000e+01
   endloop
 endfacet
 facet normal  0.000000e+00  0.000000e+00  1.000000e+00
   outer loop
     vertex  9.760065e+00 -2.177416e+00  2.000000e+01
     vertex  5.856039e+00 -1.306449e+00  2.000000e+01
     vertex  5.817993e+00 -1.466613e+00  2.000000e+01
   endloop
 endfacet
 facet normal -1.993537e-16  8.656024e-16  1.000000e+00
   outer loop
     vertex -2.110417e+00  9.774771e+00  2.000000e+01
     vertex -2.377784e+00  9.713194e+00  2.000000e+01
     vertex -1.426671e+00  5.827917e+00  2.000000e+01
   endloop
 endfacet
 facet normal -1.993537e-16  8.656024e-16  1.000000e+00
   outer loop
     vertex -2.110417e+00  9.774771e+00  2.000000e+01
     vertex -1.426671e+00  5.827917e+00  2.000000e+01
     vertex -1.266250e+00  5.864862e+00  2.000000e+01
   endloop
 endfacet
 facet normal  0.000000e+00  0.000000e+00  1.000000e+00
   outer loop
     vertex  9.816126e+00 -1.908838e+00  2.000000e+01
     vertex  5.856039e+00 -1.306449e+00  2.000000e+01
     vertex  9.760065e+00 -2.177416e+00  2.000000e+01
   endloop
 endfacet
 facet normal  0.000000e+00  0.000000e+00  1.000000e+00
   outer loop
     vertex  9.816126e+00 -1.908838e+00  2.000000e+01
     vertex  5.889676e+00 -1.145303e+00  2.000000e+01
     vertex  5.856039e+00 -1.306449e+00  2.000000e+01
   endloop
 endfacet
 facet normal -1.755317e-16  8.707457e-16  1.000000e+00
   outer loop
     vertex -1.841461e+00  9.828989e+00  2.000000e+01
     vertex -2.110417e+00  9.774771e+00  2.000000e+01
     vertex -1.266250e+00  5.864862e+00  2.000000e+01
   endloop
 endfacet
 facet normal -1.755317e-16  8.707457e-16  1.000000e+00
   outer loop
     vertex -1.841461e+00  9.828989e+00  2.000000e+01
     vertex -1.266250e+00  5.864862e+00  2.000000e+01
     vertex -1.104877e+00  5.897393e+00  2.000000e+01
   endloop
 endfacet
 facet normal  0.000000e+00  0.000000e+00  1.000000e+00
   outer loop
     vertex  9.864799e+00 -1.638824e+00  2.000000e+01
     vertex  5.918879e+00 -9.832941e-01  2.000000e+01
     vertex  5.889676e+00 -1.145303e+00  2.000000e+01
   endloop
 endfacet
 facet normal  0.000000e+00  0.000000e+00  1.000000e+00
   outer loop
     vertex  9.864799e+00 -1.638824e+00  2.000000e+01
     vertex  5.889676e+00 -1.145303e+00  2.000000e+01
     vertex  9.816126e+00 -1.908838e+00  2.000000e+01
   endloop
 endfacet
 facet normal -1.515775e-16  8.752335e-16  1.000000e+00
   outer loop
     vertex -1.571119e+00  9.875808e+00  2.000000e+01
     vertex -1.841461e+00  9.828989e+00  2.000000e+01
     vertex -1.104877e+00  5.897393e+00  2.000000e+01
   endloop
 endfacet
 facet normal -1.515775e-16  8.752335e-16  1.000000e+00
   outer loop
     vertex -1.571119e+00  9.875808e+00  2.000000e+01
     vertex -1.104877e+00  5.897393e+00  2.000000e+01
     vertex -9.426715e-01  5.925485e+00  2.000000e+01
   endloop
 endfacet
 facet normal  0.000000e+00  0.000000e+00  1.000000e+00
   outer loop
     vertex  9.906046e+00 -1.367575e+00  2.000000e+01
     vertex  5.918879e+00 -9.832941e-01  2.000000e+01
     vertex  9.864799e+00 -1.638824e+00  2.000000e+01
   endloop
 endfacet
 facet normal  0.000000e+00  0.000000e+00  1.000000e+00
   outer loop
     vertex  9.906046e+00 -1.367575e+00  2.000000e+01
     vertex  5.943627e+00 -8.205452e-01  2.000000e+01
     vertex  5.918879e+00 -9.832941e-01  2.000000e+01
   endloop
 endfacet
 facet normal -1.275093e-16  8.790624e-16  1.000000e+00
   outer loop
     vertex -1.299594e+00  9.915193e+00  2.000000e+01
     vertex -1.571119e+00  9.875808e+00  2.000000e+01
     vertex -9.426715e-01  5.925485e+00  2.000000e+01
   endloop
 endfacet
 facet normal -1.275093e-16  8.790624e-16  1.000000e+00
   outer loop
     vertex -1.299594e+00  9.915193e+00  2.000000e+01
     vertex -9.426715e-01  5.925485e+00  2.000000e+01
     vertex -7.797567e-01  5.949116e+00  2.000000e+01
   endloop
 endfacet
 facet normal  0.000000e+00  0.000000e+00  1.000000e+00
   outer loop
     vertex  9.939835e+00 -1.095298e+00  2.000000e+01
     vertex  5.963901e+00 -6.571786e-01  2.000000e+01
     vertex  5.943627e+00 -8.205452e-01  2.000000e+01
   endloop
 endfacet
 facet normal  0.000000e+00  0.000000e+00  1.000000e+00
   outer loop
     vertex  9.939835e+00 -1.095298e+00  2.000000e+01
     vertex  5.943627e+00 -8.205452e-01  2.000000e+01
     vertex  9.906046e+00 -1.367575e+00  2.000000e+01
   endloop
 endfacet
 facet normal -1.033451e-16  8.822297e-16  1.000000e+00
   outer loop
     vertex -1.027091e+00  9.947114e+00  2.000000e+01
     vertex -1.299594e+00  9.915193e+00  2.000000e+01
     vertex -7.797567e-01  5.949116e+00  2.000000e+01
   endloop
 endfacet
 facet normal -1.033451e-16  8.822297e-16  1.000000e+00
   outer loop
     vertex -1.027091e+00  9.947114e+00  2.000000e+01
     vertex -7.797567e-01  5.949116e+00  2.000000e+01
     vertex -6.162549e-01  5.968269e+00  2.000000e+01
   endloop
 endfacet
 facet normal  0.000000e+00  0.000000e+00  1.000000e+00
   outer loop
     vertex  9.966142e+00 -8.221955e-01  2.000000e+01
     vertex  5.963901e+00 -6.571786e-01  2.000000e+01
     vertex  9.939835e+00 -1.095298e+00  2.000000e+01
   endloop
 endfacet
 facet normal  0.000000e+00  0.000000e+00  1.000000e+00
   outer loop
     vertex  9.966142e+00 -8.221955e-01  2.000000e+01
     vertex  5.979685e+00 -4.933173e-01  2.000000e+01
     vertex  5.963901e+00 -6.571786e-01  2.000000e+01
   endloop
 endfacet
 facet normal -7.910303e-17  8.847328e-16  1.000000e+00
   outer loop
     vertex -7.538152e-01  9.971548e+00  2.000000e+01
     vertex -1.027091e+00  9.947114e+00  2.000000e+01
     vertex -6.162549e-01  5.968269e+00  2.000000e+01
   endloop
 endfacet
 facet normal -7.910303e-17  8.847328e-16  1.000000e+00
   outer loop
     vertex -7.538152e-01  9.971548e+00  2.000000e+01
     vertex -6.162549e-01  5.968269e+00  2.000000e+01
     vertex -4.522891e-01  5.982929e+00  2.000000e+01
   endloop
 endfacet
 facet normal  0.000000e+00  0.000000e+00  1.000000e+00
   outer loop
     vertex  9.984947e+00 -5.484744e-01  2.000000e+01
     vertex  5.979685e+00 -4.933173e-01  2.000000e+01
     vertex  9.966142e+00 -8.221955e-01  2.000000e+01
   endloop
 endfacet
 facet normal  0.000000e+00  0.000000e+00  1.000000e+00
   outer loop
     vertex  9.984947e+00 -5.484744e-01  2.000000e+01
     vertex  5.990968e+00 -3.290847e-01  2.000000e+01
     vertex  5.979685e+00 -4.933173e-01  2.000000e+01
   endloop
 endfacet
 facet normal -5.480146e-17  8.865699e-16  1.000000e+00
   outer loop
     vertex -4.799716e-01  9.988475e+00  2.000000e+01
     vertex -7.538152e-01  9.971548e+00  2.000000e+01
     vertex -4.522891e-01  5.982929e+00  2.000000e+01
   endloop
 endfacet
 facet normal -3.045863e-17  8.877396e-16  1.000000e+00
   outer loop
     vertex -4.799716e-01  9.988475e+00  2.000000e+01
     vertex -2.879830e-01  5.993085e+00  2.000000e+01
     vertex -1.234600e-01  5.998730e+00  2.000000e+01
   endloop
 endfacet
 facet normal -5.480146e-17  8.865699e-16  1.000000e+00
   outer loop
     vertex -4.799716e-01  9.988475e+00  2.000000e+01
     vertex -4.522891e-01  5.982929e+00  2.000000e+01
     vertex -2.879830e-01  5.993085e+00  2.000000e+01
   endloop
 endfacet
 facet normal  0.000000e+00  0.000000e+00  1.000000e+00
   outer loop
     vertex  9.996236e+00 -2.743405e-01  2.000000e+01
     vertex  5.990968e+00 -3.290847e-01  2.000000e+01
     vertex  9.984947e+00 -5.484744e-01  2.000000e+01
   endloop
 endfacet
 facet normal  0.000000e+00  0.000000e+00  1.000000e+00
   outer loop
     vertex  9.996236e+00 -2.743405e-01  2.000000e+01
     vertex  5.997742e+00 -1.646043e-01  2.000000e+01
     vertex  5.990968e+00 -3.290847e-01  2.000000e+01
   endloop
 endfacet
 facet normal  0.000000e+00  0.000000e+00  1.000000e+00
   outer loop
     vertex  9.996236e+00 -2.743405e-01  2.000000e+01
     vertex  6.000000e+00  4.440892e-15  2.000000e+01
     vertex  5.997742e+00 -1.646043e-01  2.000000e+01
   endloop
 endfacet
 facet normal -3.045863e-17  8.877396e-16  1.000000e+00
   outer loop
     vertex -2.057667e-01  9.997883e+00  2.000000e+01
     vertex -4.799716e-01  9.988475e+00  2.000000e+01
     vertex -1.234600e-01  5.998730e+00  2.000000e+01
   endloop
 endfacet
 facet normal  0.000000e+00  0.000000e+00  1.000000e+00
   outer loop
     vertex  1.000000e+01  4.440892e-15  2.000000e+01
     vertex  6.000000e+00  4.440892e-15  2.000000e+01
     vertex  9.996236e+00 -2.743405e-01  2.000000e+01
   endloop
 endfacet
 facet normal -6.092872e-18  8.882411e-16  1.000000e+00
   outer loop
     vertex  6.859319e-02  9.999765e+00  2.000000e+01
     vertex -2.057667e-01  9.997883e+00  2.000000e+01
     vertex -1.234600e-01  5.998730e+00  2.000000e+01
   endloop
 endfacet
 facet normal  1.827747e-17  8.880739e-16  1.000000e+00
   outer loop
     vertex  6.859319e-02  9.999765e+00  2.000000e+01
     vertex  4.115591e-02  5.999859e+00  2.000000e+01
     vertex  2.057408e-01  5.996472e+00  2.000000e+01
   endloop
 endfacet
 facet normal -6.092872e-18  8.882411e-16  1.000000e+00
   outer loop
     vertex  6.859319e-02  9.999765e+00  2.000000e+01
     vertex -1.234600e-01  5.998730e+00  2.000000e+01
     vertex  4.115591e-02  5.999859e+00  2.000000e+01
   endloop
 endfacet
 facet normal  0.000000e+00  0.000000e+00  1.000000e+00
   outer loop
     vertex  9.996236e+00  2.743405e-01  2.000000e+01
     vertex  6.000000e+00  4.440892e-15  2.000000e+01
     vertex  1.000000e+01  4.440892e-15  2.000000e+01
   endloop
 endfacet
 facet normal  0.000000e+00  0.000000e+00  1.000000e+00
   outer loop
     vertex  9.996236e+00  2.743405e-01  2.000000e+01
     vertex  5.997742e+00  1.646043e-01  2.000000e+01
     vertex  6.000000e+00  4.440892e-15  2.000000e+01
   endloop
 endfacet
 facet normal  0.000000e+00  0.000000e+00  1.000000e+00
   outer loop
     vertex  9.996236e+00  2.743405e-01  2.000000e+01
     vertex  5.990968e+00  3.290847e-01  2.000000e+01
     vertex  5.997742e+00  1.646043e-01  2.000000e+01
   endloop
 endfacet
 facet normal  1.827747e-17  8.880739e-16  1.000000e+00
   outer loop
     vertex  3.429014e-01  9.994119e+00  2.000000e+01
     vertex  6.859319e-02  9.999765e+00  2.000000e+01
     vertex  2.057408e-01  5.996472e+00  2.000000e+01
   endloop
 endfacet
 facet normal  0.000000e+00  0.000000e+00  1.000000e+00
   outer loop
     vertex  9.984947e+00  5.484744e-01  2.000000e+01
     vertex  5.979685e+00  4.933173e-01  2.000000e+01
     vertex  5.990968e+00  3.290847e-01  2.000000e+01
   endloop
 endfacet
 facet normal  0.000000e+00  0.000000e+00  1.000000e+00
   outer loop
     vertex  9.984947e+00  5.484744e-01  2.000000e+01
     vertex  5.990968e+00  3.290847e-01  2.000000e+01
     vertex  9.996236e+00  2.743405e-01  2.000000e+01
   endloop
 endfacet
 facet normal  4.263405e-17  8.872383e-16  1.000000e+00
   outer loop
     vertex  6.169515e-01  9.980950e+00  2.000000e+01
     vertex  3.429014e-01  9.994119e+00  2.000000e+01
     vertex  2.057408e-01  5.996472e+00  2.000000e+01
   endloop
 endfacet
 facet normal  6.695854e-17  8.857347e-16  1.000000e+00
   outer loop
     vertex  6.169515e-01  9.980950e+00  2.000000e+01
     vertex  3.701709e-01  5.988570e+00  2.000000e+01
     vertex  5.343223e-01  5.976161e+00  2.000000e+01
   endloop
 endfacet
 facet normal  4.263405e-17  8.872383e-16  1.000000e+00
   outer loop
     vertex  6.169515e-01  9.980950e+00  2.000000e+01
     vertex  2.057408e-01  5.996472e+00  2.000000e+01
     vertex  3.701709e-01  5.988570e+00  2.000000e+01
   endloop
 endfacet
 facet normal  0.000000e+00  0.000000e+00  1.000000e+00
   outer loop
     vertex  9.966142e+00  8.221955e-01  2.000000e+01
     vertex  5.979685e+00  4.933173e-01  2.000000e+01
     vertex  9.984947e+00  5.484744e-01  2.000000e+01
   endloop
 endfacet
 facet normal  6.695854e-17  8.857347e-16  1.000000e+00
   outer loop
     vertex  8.905371e-01  9.960268e+00  2.000000e+01
     vertex  6.169515e-01  9.980950e+00  2.000000e+01
     vertex  5.343223e-01  5.976161e+00  2.000000e+01
   endloop
 endfacet
 facet normal  0.000000e+00  0.000000e+00  1.000000e+00
   outer loop
     vertex  9.939835e+00  1.095298e+00  2.000000e+01
     vertex  5.963901e+00  6.571786e-01  2.000000e+01
     vertex  5.979685e+00  4.933173e-01  2.000000e+01
   endloop
 endfacet
 facet normal  0.000000e+00  0.000000e+00  1.000000e+00
   outer loop
     vertex  9.939835e+00  1.095298e+00  2.000000e+01
     vertex  5.979685e+00  4.933173e-01  2.000000e+01
     vertex  9.966142e+00  8.221955e-01  2.000000e+01
   endloop
 endfacet
 facet normal  9.123263e-17  8.835644e-16  1.000000e+00
   outer loop
     vertex  1.163452e+00  9.932088e+00  2.000000e+01
     vertex  5.343223e-01  5.976161e+00  2.000000e+01
     vertex  6.980715e-01  5.959253e+00  2.000000e+01
   endloop
 endfacet
 facet normal  9.123263e-17  8.835644e-16  1.000000e+00
   outer loop
     vertex  1.163452e+00  9.932088e+00  2.000000e+01
     vertex  8.905371e-01  9.960268e+00  2.000000e+01
     vertex  5.343223e-01  5.976161e+00  2.000000e+01
   endloop
 endfacet
 facet normal  0.000000e+00  0.000000e+00  1.000000e+00
   outer loop
     vertex  9.906046e+00  1.367575e+00  2.000000e+01
     vertex  5.943627e+00  8.205452e-01  2.000000e+01
     vertex  5.963901e+00  6.571786e-01  2.000000e+01
   endloop
 endfacet
 facet normal  0.000000e+00  0.000000e+00  1.000000e+00
   outer loop
     vertex  9.906046e+00  1.367575e+00  2.000000e+01
     vertex  5.918879e+00  9.832941e-01  2.000000e+01
     vertex  5.943627e+00  8.205452e-01  2.000000e+01
   endloop
 endfacet
 facet normal  0.000000e+00  0.000000e+00  1.000000e+00
   outer loop
     vertex  9.906046e+00  1.367575e+00  2.000000e+01
     vertex  5.963901e+00  6.571786e-01  2.000000e+01
     vertex  9.939835e+00  1.095298e+00  2.000000e+01
   endloop
 endfacet
 facet normal  1.154380e-16  8.807289e-16  1.000000e+00
   outer loop
     vertex  1.435492e+00  9.896432e+00  2.000000e+01
     vertex  1.163452e+00  9.932088e+00  2.000000e+01
     vertex  6.980715e-01  5.959253e+00  2.000000e+01
   endloop
 endfacet
 facet normal  1.154380e-16  8.807289e-16  1.000000e+00
   outer loop
     vertex  1.435492e+00  9.896432e+00  2.000000e+01
     vertex  6.980715e-01  5.959253e+00  2.000000e+01
     vertex  8.612951e-01  5.937859e+00  2.000000e+01
   endloop
 endfacet
 facet normal  0.000000e+00  0.000000e+00  1.000000e+00
   outer loop
     vertex  9.864799e+00  1.638824e+00  2.000000e+01
     vertex  5.918879e+00  9.832941e-01  2.000000e+01
     vertex  9.906046e+00  1.367575e+00  2.000000e+01
   endloop
 endfacet
 facet normal  1.395565e-16  8.772305e-16  1.000000e+00
   outer loop
     vertex  1.706451e+00  9.853326e+00  2.000000e+01
     vertex  1.435492e+00  9.896432e+00  2.000000e+01
     vertex  8.612951e-01  5.937859e+00  2.000000e+01
   endloop
 endfacet
 facet normal  1.395565e-16  8.772305e-16  1.000000e+00
   outer loop
     vertex  1.706451e+00  9.853326e+00  2.000000e+01
     vertex  8.612951e-01  5.937859e+00  2.000000e+01
     vertex  1.023870e+00  5.911995e+00  2.000000e+01
   endloop
 endfacet
 facet normal  0.000000e+00  0.000000e+00  1.000000e+00
   outer loop
     vertex  9.816126e+00  1.908838e+00  2.000000e+01
     vertex  5.918879e+00  9.832941e-01  2.000000e+01
     vertex  9.864799e+00  1.638824e+00  2.000000e+01
   endloop
 endfacet
 facet normal  0.000000e+00  0.000000e+00  1.000000e+00
   outer loop
     vertex  9.816126e+00  1.908838e+00  2.000000e+01
     vertex  5.889676e+00  1.145303e+00  2.000000e+01
     vertex  5.918879e+00  9.832941e-01  2.000000e+01
   endloop
 endfacet
 facet normal  1.874603e-16  8.682557e-16  1.000000e+00
   outer loop
     vertex  1.976125e+00  9.802802e+00  2.000000e+01
     vertex  1.185675e+00  5.881681e+00  2.000000e+01
     vertex  1.346587e+00  5.846940e+00  2.000000e+01
   endloop
 endfacet
 facet normal  1.635700e-16  8.730717e-16  1.000000e+00
   outer loop
     vertex  1.976125e+00  9.802802e+00  2.000000e+01
     vertex  1.023870e+00  5.911995e+00  2.000000e+01
     vertex  1.185675e+00  5.881681e+00  2.000000e+01
   endloop
 endfacet
 facet normal  1.635700e-16  8.730717e-16  1.000000e+00
   outer loop
     vertex  1.976125e+00  9.802802e+00  2.000000e+01
     vertex  1.706451e+00  9.853326e+00  2.000000e+01
     vertex  1.023870e+00  5.911995e+00  2.000000e+01
   endloop
 endfacet
 facet normal  0.000000e+00  0.000000e+00  1.000000e+00
   outer loop
     vertex  9.760065e+00  2.177416e+00  2.000000e+01
     vertex  5.856039e+00  1.306449e+00  2.000000e+01
     vertex  5.889676e+00  1.145303e+00  2.000000e+01
   endloop
 endfacet
 facet normal  0.000000e+00  0.000000e+00  1.000000e+00
   outer loop
     vertex  9.760065e+00  2.177416e+00  2.000000e+01
     vertex  5.889676e+00  1.145303e+00  2.000000e+01
     vertex  9.816126e+00  1.908838e+00  2.000000e+01
   endloop
 endfacet
 facet normal  1.874603e-16  8.682557e-16  1.000000e+00
   outer loop
     vertex  2.244312e+00  9.744899e+00  2.000000e+01
     vertex  1.976125e+00  9.802802e+00  2.000000e+01
     vertex  1.346587e+00  5.846940e+00  2.000000e+01
   endloop
 endfacet
 facet normal  0.000000e+00  0.000000e+00  1.000000e+00
   outer loop
     vertex  9.696656e+00  2.444354e+00  2.000000e+01
     vertex  5.817993e+00  1.466613e+00  2.000000e+01
     vertex  5.856039e+00  1.306449e+00  2.000000e+01
   endloop
 endfacet
 facet normal  0.000000e+00  0.000000e+00  1.000000e+00
   outer loop
     vertex  9.696656e+00  2.444354e+00  2.000000e+01
     vertex  5.775569e+00  1.625672e+00  2.000000e+01
     vertex  5.817993e+00  1.466613e+00  2.000000e+01
   endloop
 endfacet
 facet normal  0.000000e+00  0.000000e+00  1.000000e+00
   outer loop
     vertex  9.696656e+00  2.444354e+00  2.000000e+01
     vertex  5.856039e+00  1.306449e+00  2.000000e+01
     vertex  9.760065e+00  2.177416e+00  2.000000e+01
   endloop
 endfacet
 facet normal  2.112095e-16  8.627861e-16  1.000000e+00
   outer loop
     vertex  2.510809e+00  9.679661e+00  2.000000e+01
     vertex  2.244312e+00  9.744899e+00  2.000000e+01
     vertex  1.346587e+00  5.846940e+00  2.000000e+01
   endloop
 endfacet
 facet normal  2.112095e-16  8.627861e-16  1.000000e+00
   outer loop
     vertex  2.510809e+00  9.679661e+00  2.000000e+01
     vertex  1.346587e+00  5.846940e+00  2.000000e+01
     vertex  1.506486e+00  5.807797e+00  2.000000e+01
   endloop
 endfacet
 facet normal  0.000000e+00  0.000000e+00  1.000000e+00
   outer loop
     vertex  9.625948e+00  2.709453e+00  2.000000e+01
     vertex  5.775569e+00  1.625672e+00  2.000000e+01
     vertex  9.696656e+00  2.444354e+00  2.000000e+01
   endloop
 endfacet
 facet normal  2.347998e-16  8.566671e-16  1.000000e+00
   outer loop
     vertex  2.775416e+00  9.607136e+00  2.000000e+01
     vertex  1.506486e+00  5.807797e+00  2.000000e+01
     vertex  1.665250e+00  5.764282e+00  2.000000e+01
   endloop
 endfacet
 facet normal  2.347998e-16  8.566671e-16  1.000000e+00
   outer loop
     vertex  2.775416e+00  9.607136e+00  2.000000e+01
     vertex  2.510809e+00  9.679661e+00  2.000000e+01
     vertex  1.506486e+00  5.807797e+00  2.000000e+01
   endloop
 endfacet
 facet normal  0.000000e+00  0.000000e+00  1.000000e+00
   outer loop
     vertex  9.547993e+00  2.972512e+00  2.000000e+01
     vertex  5.728796e+00  1.783507e+00  2.000000e+01
     vertex  5.775569e+00  1.625672e+00  2.000000e+01
   endloop
 endfacet
 facet normal  0.000000e+00  0.000000e+00  1.000000e+00
   outer loop
     vertex  9.547993e+00  2.972512e+00  2.000000e+01
     vertex  5.775569e+00  1.625672e+00  2.000000e+01
     vertex  9.625948e+00  2.709453e+00  2.000000e+01
   endloop
 endfacet
 facet normal  2.582132e-16  8.499031e-16  1.000000e+00
   outer loop
     vertex  3.037934e+00  9.527379e+00  2.000000e+01
     vertex  2.775416e+00  9.607136e+00  2.000000e+01
     vertex  1.665250e+00  5.764282e+00  2.000000e+01
   endloop
 endfacet
 facet normal  2.582132e-16  8.499031e-16  1.000000e+00
   outer loop
     vertex  3.037934e+00  9.527379e+00  2.000000e+01
     vertex  1.665250e+00  5.764282e+00  2.000000e+01
     vertex  1.822761e+00  5.716428e+00  2.000000e+01
   endloop
 endfacet
 facet normal  0.000000e+00  0.000000e+00  1.000000e+00
   outer loop
     vertex  9.462851e+00  3.233333e+00  2.000000e+01
     vertex  5.677711e+00  1.940000e+00  2.000000e+01
     vertex  5.728796e+00  1.783507e+00  2.000000e+01
   endloop
 endfacet
 facet normal  0.000000e+00  0.000000e+00  1.000000e+00
   outer loop
     vertex  9.462851e+00  3.233333e+00  2.000000e+01
     vertex  5.728796e+00  1.783507e+00  2.000000e+01
     vertex  9.547993e+00  2.972512e+00  2.000000e+01
   endloop
 endfacet
 facet normal  2.814323e-16  8.424994e-16  1.000000e+00
   outer loop
     vertex  3.298166e+00  9.440450e+00  2.000000e+01
     vertex  3.037934e+00  9.527379e+00  2.000000e+01
     vertex  1.822761e+00  5.716428e+00  2.000000e+01
   endloop
 endfacet
 facet normal  3.044396e-16  8.344615e-16  1.000000e+00
   outer loop
     vertex  3.298166e+00  9.440450e+00  2.000000e+01
     vertex  1.978899e+00  5.664270e+00  2.000000e+01
     vertex  2.133548e+00  5.607849e+00  2.000000e+01
   endloop
 endfacet
 facet normal  2.814323e-16  8.424994e-16  1.000000e+00
   outer loop
     vertex  3.298166e+00  9.440450e+00  2.000000e+01
     vertex  1.822761e+00  5.716428e+00  2.000000e+01
     vertex  1.978899e+00  5.664270e+00  2.000000e+01
   endloop
 endfacet
 facet normal  0.000000e+00  0.000000e+00  1.000000e+00
   outer loop
     vertex  9.370586e+00  3.491720e+00  2.000000e+01
     vertex  5.622352e+00  2.095032e+00  2.000000e+01
     vertex  5.677711e+00  1.940000e+00  2.000000e+01
   endloop
 endfacet
 facet normal  0.000000e+00  0.000000e+00  1.000000e+00
   outer loop
     vertex  9.370586e+00  3.491720e+00  2.000000e+01
     vertex  5.562760e+00  2.248488e+00  2.000000e+01
     vertex  5.622352e+00  2.095032e+00  2.000000e+01
   endloop
 endfacet
 facet normal  0.000000e+00  0.000000e+00  1.000000e+00
   outer loop
     vertex  9.370586e+00  3.491720e+00  2.000000e+01
     vertex  5.677711e+00  1.940000e+00  2.000000e+01
     vertex  9.462851e+00  3.233333e+00  2.000000e+01
   endloop
 endfacet
 facet normal  3.044396e-16  8.344615e-16  1.000000e+00
   outer loop
     vertex  3.555914e+00  9.346415e+00  2.000000e+01
     vertex  3.298166e+00  9.440450e+00  2.000000e+01
     vertex  2.133548e+00  5.607849e+00  2.000000e+01
   endloop
 endfacet
 facet normal  0.000000e+00  0.000000e+00  1.000000e+00
   outer loop
     vertex  9.271267e+00  3.747479e+00  2.000000e+01
     vertex  5.562760e+00  2.248488e+00  2.000000e+01
     vertex  9.370586e+00  3.491720e+00  2.000000e+01
   endloop
 endfacet
 facet normal  3.272176e-16  8.257954e-16  1.000000e+00
   outer loop
     vertex  3.810986e+00  9.245344e+00  2.000000e+01
     vertex  2.133548e+00  5.607849e+00  2.000000e+01
     vertex  2.286591e+00  5.547206e+00  2.000000e+01
   endloop
 endfacet
 facet normal  3.272176e-16  8.257954e-16  1.000000e+00
   outer loop
     vertex  3.810986e+00  9.245344e+00  2.000000e+01
     vertex  3.555914e+00  9.346415e+00  2.000000e+01
     vertex  2.133548e+00  5.607849e+00  2.000000e+01
   endloop
 endfacet
 facet normal  0.000000e+00  0.000000e+00  1.000000e+00
   outer loop
     vertex  9.164969e+00  4.000417e+00  2.000000e+01
     vertex  5.498982e+00  2.400250e+00  2.000000e+01
     vertex  5.562760e+00  2.248488e+00  2.000000e+01
   endloop
 endfacet
 facet normal  0.000000e+00  0.000000e+00  1.000000e+00
   outer loop
     vertex  9.164969e+00  4.000417e+00  2.000000e+01
     vertex  5.431063e+00  2.550206e+00  2.000000e+01
     vertex  5.498982e+00  2.400250e+00  2.000000e+01
   endloop
 endfacet
 facet normal  0.000000e+00  0.000000e+00  1.000000e+00
   outer loop
     vertex  9.164969e+00  4.000417e+00  2.000000e+01
     vertex  5.562760e+00  2.248488e+00  2.000000e+01
     vertex  9.271267e+00  3.747479e+00  2.000000e+01
   endloop
 endfacet
 facet normal  3.497494e-16  8.165077e-16  1.000000e+00
   outer loop
     vertex  4.063188e+00  9.137314e+00  2.000000e+01
     vertex  3.810986e+00  9.245344e+00  2.000000e+01
     vertex  2.286591e+00  5.547206e+00  2.000000e+01
   endloop
 endfacet
 facet normal  3.497494e-16  8.165077e-16  1.000000e+00
   outer loop
     vertex  4.063188e+00  9.137314e+00  2.000000e+01
     vertex  2.286591e+00  5.547206e+00  2.000000e+01
     vertex  2.437913e+00  5.482388e+00  2.000000e+01
   endloop
 endfacet
 facet normal  0.000000e+00  0.000000e+00  1.000000e+00
   outer loop
     vertex  9.051772e+00  4.250344e+00  2.000000e+01
     vertex  5.359057e+00  2.698242e+00  2.000000e+01
     vertex  5.431063e+00  2.550206e+00  2.000000e+01
   endloop
 endfacet
 facet normal  0.000000e+00  0.000000e+00  1.000000e+00
   outer loop
     vertex  9.051772e+00  4.250344e+00  2.000000e+01
     vertex  5.431063e+00  2.550206e+00  2.000000e+01
     vertex  9.164969e+00  4.000417e+00  2.000000e+01
   endloop
 endfacet
 facet normal  3.720179e-16  8.066053e-16  1.000000e+00
   outer loop
     vertex  4.312333e+00  9.022405e+00  2.000000e+01
     vertex  4.063188e+00  9.137314e+00  2.000000e+01
     vertex  2.437913e+00  5.482388e+00  2.000000e+01
   endloop
 endfacet
 facet normal  3.940063e-16  7.960957e-16  1.000000e+00
   outer loop
     vertex  4.312333e+00  9.022405e+00  2.000000e+01
     vertex  2.587400e+00  5.413443e+00  2.000000e+01
     vertex  2.734938e+00  5.340422e+00  2.000000e+01
   endloop
 endfacet
 facet normal  3.720179e-16  8.066053e-16  1.000000e+00
   outer loop
     vertex  4.312333e+00  9.022405e+00  2.000000e+01
     vertex  2.437913e+00  5.482388e+00  2.000000e+01
     vertex  2.587400e+00  5.413443e+00  2.000000e+01
   endloop
 endfacet
 facet normal  0.000000e+00  0.000000e+00  1.000000e+00
   outer loop
     vertex  8.931761e+00  4.497071e+00  2.000000e+01
     vertex  5.359057e+00  2.698242e+00  2.000000e+01
     vertex  9.051772e+00  4.250344e+00  2.000000e+01
   endloop
 endfacet
 facet normal  3.940063e-16  7.960957e-16  1.000000e+00
   outer loop
     vertex  4.558231e+00  8.900704e+00  2.000000e+01
     vertex  4.312333e+00  9.022405e+00  2.000000e+01
     vertex  2.734938e+00  5.340422e+00  2.000000e+01
   endloop
 endfacet
 facet normal  0.000000e+00  0.000000e+00  1.000000e+00
   outer loop
     vertex  8.805026e+00  4.740412e+00  2.000000e+01
     vertex  5.283016e+00  2.844247e+00  2.000000e+01
     vertex  5.359057e+00  2.698242e+00  2.000000e+01
   endloop
 endfacet
 facet normal  0.000000e+00  0.000000e+00  1.000000e+00
   outer loop
     vertex  8.805026e+00  4.740412e+00  2.000000e+01
     vertex  5.359057e+00  2.698242e+00  2.000000e+01
     vertex  8.931761e+00  4.497071e+00  2.000000e+01
   endloop
 endfacet
 facet normal  4.156981e-16  7.849869e-16  1.000000e+00
   outer loop
     vertex  4.800697e+00  8.772303e+00  2.000000e+01
     vertex  4.558231e+00  8.900704e+00  2.000000e+01
     vertex  2.734938e+00  5.340422e+00  2.000000e+01
   endloop
 endfacet
 facet normal  4.370770e-16  7.732872e-16  1.000000e+00
   outer loop
     vertex  4.800697e+00  8.772303e+00  2.000000e+01
     vertex  2.880418e+00  5.263382e+00  2.000000e+01
     vertex  3.023730e+00  5.182379e+00  2.000000e+01
   endloop
 endfacet
 facet normal  4.156981e-16  7.849869e-16  1.000000e+00
   outer loop
     vertex  4.800697e+00  8.772303e+00  2.000000e+01
     vertex  2.734938e+00  5.340422e+00  2.000000e+01
     vertex  2.880418e+00  5.263382e+00  2.000000e+01
   endloop
 endfacet
 facet normal  0.000000e+00  0.000000e+00  1.000000e+00
   outer loop
     vertex  8.671664e+00  4.980186e+00  2.000000e+01
     vertex  5.202998e+00  2.988111e+00  2.000000e+01
     vertex  5.283016e+00  2.844247e+00  2.000000e+01
   endloop
 endfacet
 facet normal  0.000000e+00  0.000000e+00  1.000000e+00
   outer loop
     vertex  8.671664e+00  4.980186e+00  2.000000e+01
     vertex  5.283016e+00  2.844247e+00  2.000000e+01
     vertex  8.805026e+00  4.740412e+00  2.000000e+01
   endloop
 endfacet
 facet normal  4.370770e-16  7.732872e-16  1.000000e+00
   outer loop
     vertex  5.039550e+00  8.637299e+00  2.000000e+01
     vertex  4.800697e+00  8.772303e+00  2.000000e+01
     vertex  3.023730e+00  5.182379e+00  2.000000e+01
   endloop
 endfacet
 facet normal  0.000000e+00  0.000000e+00  1.000000e+00
   outer loop
     vertex  8.531773e+00  5.216210e+00  2.000000e+01
     vertex  5.202998e+00  2.988111e+00  2.000000e+01
     vertex  8.671664e+00  4.980186e+00  2.000000e+01
   endloop
 endfacet
 facet normal  0.000000e+00  0.000000e+00  1.000000e+00
   outer loop
     vertex  8.531773e+00  5.216210e+00  2.000000e+01
     vertex  5.119064e+00  3.129726e+00  2.000000e+01
     vertex  5.202998e+00  2.988111e+00  2.000000e+01
   endloop
 endfacet
 facet normal  0.000000e+00  0.000000e+00  1.000000e+00
   outer loop
     vertex  8.531773e+00  5.216210e+00  2.000000e+01
     vertex  5.031276e+00  3.268985e+00  2.000000e+01
     vertex  5.119064e+00  3.129726e+00  2.000000e+01
   endloop
 endfacet
 facet normal  4.581269e-16  7.610053e-16  1.000000e+00
   outer loop
     vertex  5.274609e+00  8.495793e+00  2.000000e+01
     vertex  5.039550e+00  8.637299e+00  2.000000e+01
     vertex  3.023730e+00  5.182379e+00  2.000000e+01
   endloop
 endfacet
 facet normal  4.581269e-16  7.610053e-16  1.000000e+00
   outer loop
     vertex  5.274609e+00  8.495793e+00  2.000000e+01
     vertex  3.023730e+00  5.182379e+00  2.000000e+01
     vertex  3.164766e+00  5.097476e+00  2.000000e+01
   endloop
 endfacet
 facet normal  0.000000e+00  0.000000e+00  1.000000e+00
   outer loop
     vertex  8.385460e+00  5.448308e+00  2.000000e+01
     vertex  5.031276e+00  3.268985e+00  2.000000e+01
     vertex  8.531773e+00  5.216210e+00  2.000000e+01
   endloop
 endfacet
 facet normal  4.788319e-16  7.481506e-16  1.000000e+00
   outer loop
     vertex  5.505698e+00  8.347891e+00  2.000000e+01
     vertex  5.274609e+00  8.495793e+00  2.000000e+01
     vertex  3.164766e+00  5.097476e+00  2.000000e+01
   endloop
 endfacet
 facet normal  4.991765e-16  7.347327e-16  1.000000e+00
   outer loop
     vertex  5.505698e+00  8.347891e+00  2.000000e+01
     vertex  3.303419e+00  5.008735e+00  2.000000e+01
     vertex  3.439585e+00  4.916223e+00  2.000000e+01
   endloop
 endfacet
 facet normal  4.788319e-16  7.481506e-16  1.000000e+00
   outer loop
     vertex  5.505698e+00  8.347891e+00  2.000000e+01
     vertex  3.164766e+00  5.097476e+00  2.000000e+01
     vertex  3.303419e+00  5.008735e+00  2.000000e+01
   endloop
 endfacet
 facet normal  0.000000e+00  0.000000e+00  1.000000e+00
   outer loop
     vertex  8.232835e+00  5.676304e+00  2.000000e+01
     vertex  5.031276e+00  3.268985e+00  2.000000e+01
     vertex  8.385460e+00  5.448308e+00  2.000000e+01
   endloop
 endfacet
 facet normal  0.000000e+00  0.000000e+00  1.000000e+00
   outer loop
     vertex  8.232835e+00  5.676304e+00  2.000000e+01
     vertex  4.939701e+00  3.405783e+00  2.000000e+01
     vertex  5.031276e+00  3.268985e+00  2.000000e+01
   endloop
 endfacet
 facet normal  4.991765e-16  7.347327e-16  1.000000e+00
   outer loop
     vertex  5.732642e+00  8.193706e+00  2.000000e+01
     vertex  5.505698e+00  8.347891e+00  2.000000e+01
     vertex  3.439585e+00  4.916223e+00  2.000000e+01
   endloop
 endfacet
 facet normal  0.000000e+00  0.000000e+00  1.000000e+00
   outer loop
     vertex  8.074012e+00  5.900028e+00  2.000000e+01
     vertex  4.844407e+00  3.540017e+00  2.000000e+01
     vertex  4.939701e+00  3.405783e+00  2.000000e+01
   endloop
 endfacet
 facet normal  0.000000e+00  0.000000e+00  1.000000e+00
   outer loop
     vertex  8.074012e+00  5.900028e+00  2.000000e+01
     vertex  4.745467e+00  3.671586e+00  2.000000e+01
     vertex  4.844407e+00  3.540017e+00  2.000000e+01
   endloop
 endfacet
 facet normal  0.000000e+00  0.000000e+00  1.000000e+00
   outer loop
     vertex  8.074012e+00  5.900028e+00  2.000000e+01
     vertex  4.939701e+00  3.405783e+00  2.000000e+01
     vertex  8.232835e+00  5.676304e+00  2.000000e+01
   endloop
 endfacet
 facet normal  5.191453e-16  7.207618e-16  1.000000e+00
   outer loop
     vertex  5.955271e+00  8.033352e+00  2.000000e+01
     vertex  5.732642e+00  8.193706e+00  2.000000e+01
     vertex  3.439585e+00  4.916223e+00  2.000000e+01
   endloop
 endfacet
 facet normal  5.387233e-16  7.062482e-16  1.000000e+00
   outer loop
     vertex  5.955271e+00  8.033352e+00  2.000000e+01
     vertex  3.573163e+00  4.820011e+00  2.000000e+01
     vertex  3.704050e+00  4.720171e+00  2.000000e+01
   endloop
 endfacet
 facet normal  5.191453e-16  7.207618e-16  1.000000e+00
   outer loop
     vertex  5.955271e+00  8.033352e+00  2.000000e+01
     vertex  3.439585e+00  4.916223e+00  2.000000e+01
     vertex  3.573163e+00  4.820011e+00  2.000000e+01
   endloop
 endfacet
 facet normal  0.000000e+00  0.000000e+00  1.000000e+00
   outer loop
     vertex  7.909112e+00  6.119310e+00  2.000000e+01
     vertex  4.642954e+00  3.800391e+00  2.000000e+01
     vertex  4.745467e+00  3.671586e+00  2.000000e+01
   endloop
 endfacet
 facet normal  0.000000e+00  0.000000e+00  1.000000e+00
   outer loop
     vertex  7.909112e+00  6.119310e+00  2.000000e+01
     vertex  4.745467e+00  3.671586e+00  2.000000e+01
     vertex  8.074012e+00  5.900028e+00  2.000000e+01
   endloop
 endfacet
 facet normal -1.018771e-14  7.994585e-15  1.000000e+00
   outer loop
     vertex  6.173417e+00  7.866951e+00  2.000000e+01
     vertex  5.955271e+00  8.033352e+00  2.000000e+01
     vertex  3.704050e+00  4.720171e+00  2.000000e+01
   endloop
 endfacet
 facet normal  0.000000e+00  0.000000e+00  1.000000e+00
   outer loop
     vertex  7.738257e+00  6.333986e+00  2.000000e+01
     vertex  4.642954e+00  3.800391e+00  2.000000e+01
     vertex  7.909112e+00  6.119310e+00  2.000000e+01
   endloop
 endfacet
 facet normal  0.000000e+00  0.000000e+00  1.000000e+00
   outer loop
     vertex  6.386916e+00  7.694628e+00  2.000000e+01
     vertex  6.173417e+00  7.866951e+00  2.000000e+01
     vertex  3.704050e+00  4.720171e+00  2.000000e+01
   endloop
 endfacet
 facet normal  0.000000e+00  0.000000e+00  1.000000e+00
   outer loop
     vertex  6.386916e+00  7.694628e+00  2.000000e+01
     vertex  3.832149e+00  4.616777e+00  2.000000e+01
     vertex  3.957364e+00  4.509908e+00  2.000000e+01
   endloop
 endfacet
 facet normal  0.000000e+00  0.000000e+00  1.000000e+00
   outer loop
     vertex  6.386916e+00  7.694628e+00  2.000000e+01
     vertex  3.704050e+00  4.720171e+00  2.000000e+01
     vertex  3.832149e+00  4.616777e+00  2.000000e+01
   endloop
 endfacet
 facet normal  0.000000e+00  0.000000e+00  1.000000e+00
   outer loop
     vertex  7.561578e+00  6.543893e+00  2.000000e+01
     vertex  4.642954e+00  3.800391e+00  2.000000e+01
     vertex  7.738257e+00  6.333986e+00  2.000000e+01
   endloop
 endfacet
 facet normal  0.000000e+00  0.000000e+00  1.000000e+00
   outer loop
     vertex  7.561578e+00  6.543893e+00  2.000000e+01
     vertex  4.536947e+00  3.926336e+00  2.000000e+01
     vertex  4.642954e+00  3.800391e+00  2.000000e+01
   endloop
 endfacet
 facet normal  0.000000e+00  0.000000e+00  1.000000e+00
   outer loop
     vertex  6.595607e+00  7.516513e+00  2.000000e+01
     vertex  6.386916e+00  7.694628e+00  2.000000e+01
     vertex  3.957364e+00  4.509908e+00  2.000000e+01
   endloop
 endfacet
 facet normal  0.000000e+00  0.000000e+00  1.000000e+00
   outer loop
     vertex  6.595607e+00  7.516513e+00  2.000000e+01
     vertex  3.957364e+00  4.509908e+00  2.000000e+01
     vertex  4.079600e+00  4.399644e+00  2.000000e+01
   endloop
 endfacet
 facet normal  0.000000e+00  0.000000e+00  1.000000e+00
   outer loop
     vertex  7.379206e+00  6.748875e+00  2.000000e+01
     vertex  4.536947e+00  3.926336e+00  2.000000e+01
     vertex  7.561578e+00  6.543893e+00  2.000000e+01
   endloop
 endfacet
 facet normal  0.000000e+00  0.000000e+00  1.000000e+00
   outer loop
     vertex  7.379206e+00  6.748875e+00  2.000000e+01
     vertex  4.427524e+00  4.049325e+00  2.000000e+01
     vertex  4.536947e+00  3.926336e+00  2.000000e+01
   endloop
 endfacet
 facet normal  0.000000e+00  0.000000e+00  1.000000e+00
   outer loop
     vertex  6.799333e+00  7.332740e+00  2.000000e+01
     vertex  6.595607e+00  7.516513e+00  2.000000e+01
     vertex  4.079600e+00  4.399644e+00  2.000000e+01
   endloop
 endfacet
 facet normal  0.000000e+00  0.000000e+00  1.000000e+00
   outer loop
     vertex  7.191280e+00  6.948776e+00  2.000000e+01
     vertex  4.427524e+00  4.049325e+00  2.000000e+01
     vertex  7.379206e+00  6.748875e+00  2.000000e+01
   endloop
 endfacet
 facet normal  0.000000e+00  0.000000e+00  1.000000e+00
   outer loop
     vertex  7.191280e+00  6.948776e+00  2.000000e+01
     vertex  4.314768e+00  4.169266e+00  2.000000e+01
     vertex  4.427524e+00  4.049325e+00  2.000000e+01
   endloop
 endfacet
 facet normal  0.000000e+00  0.000000e+00  1.000000e+00
   outer loop
     vertex  7.191280e+00  6.948776e+00  2.000000e+01
     vertex  4.198764e+00  4.286068e+00  2.000000e+01
     vertex  4.314768e+00  4.169266e+00  2.000000e+01
   endloop
 endfacet
 facet normal  0.000000e+00  0.000000e+00  1.000000e+00
   outer loop
     vertex  6.997940e+00  7.143447e+00  2.000000e+01
     vertex  4.079600e+00  4.399644e+00  2.000000e+01
     vertex  4.198764e+00  4.286068e+00  2.000000e+01
   endloop
 endfacet
 facet normal  0.000000e+00  0.000000e+00  1.000000e+00
   outer loop
     vertex  6.997940e+00  7.143447e+00  2.000000e+01
     vertex  6.799333e+00  7.332740e+00  2.000000e+01
     vertex  4.079600e+00  4.399644e+00  2.000000e+01
   endloop
 endfacet
 facet normal  0.000000e+00  0.000000e+00  1.000000e+00
   outer loop
     vertex  6.997940e+00  7.143447e+00  2.000000e+01
     vertex  4.198764e+00  4.286068e+00  2.000000e+01
     vertex  7.191280e+00  6.948776e+00  2.000000e+01
   endloop
 endfacet
 facet normal  9.999059e-01  1.371831e-02 -3.046078e-18
   outer loop
     vertex  6.000000e+00  8.881784e-15  4.000000e+01
     vertex  6.000000e+00  4.440892e-15  2.000000e+01
     vertex  5.997742e+00  1.646043e-01  2.000000e+01
   endloop
 endfacet
 facet normal  9.991532e-01  4.114462e-02 -9.135940e-18
   outer loop
     vertex  5.997742e+00  1.646043e-01  4.000000e+01
     vertex  5.997742e+00  1.646043e-01  2.000000e+01
     vertex  5.990968e+00  3.290847e-01  2.000000e+01
   endloop
 endfacet
 facet normal  9.999059e-01  1.371831e-02 -3.046078e-18
   outer loop
     vertex  5.997742e+00  1.646043e-01  4.000000e+01
     vertex  6.000000e+00  8.881784e-15  4.000000e+01
     vertex  5.997742e+00  1.646043e-01  2.000000e+01
   endloop
 endfacet
 facet normal  9.991532e-01  4.114462e-02 -9.135940e-18
   outer loop
     vertex  5.990968e+00  3.290847e-01  4.000000e+01
     vertex  5.997742e+00  1.646043e-01  4.000000e+01
     vertex  5.990968e+00  3.290847e-01  2.000000e+01
   endloop
 endfacet
 facet normal  9.976484e-01  6.853995e-02 -1.521893e-17
   outer loop
     vertex  5.979685e+00  4.933173e-01  4.000000e+01
     vertex  5.990968e+00  3.290847e-01  2.000000e+01
     vertex  5.979685e+00  4.933173e-01  2.000000e+01
   endloop
 endfacet
 facet normal  9.976484e-01  6.853995e-02 -1.521873e-17
   outer loop
     vertex  5.979685e+00  4.933173e-01  4.000000e+01
     vertex  5.990968e+00  3.290847e-01  4.000000e+01
     vertex  5.990968e+00  3.290847e-01  2.000000e+01
   endloop
 endfacet
 facet normal  9.953925e-01  9.588368e-02 -2.129045e-17
   outer loop
     vertex  5.963901e+00  6.571786e-01  4.000000e+01
     vertex  5.979685e+00  4.933173e-01  2.000000e+01
     vertex  5.963901e+00  6.571786e-01  2.000000e+01
   endloop
 endfacet
 facet normal  9.923874e-01  1.231552e-01 -2.734596e-17
   outer loop
     vertex  5.963901e+00  6.571786e-01  4.000000e+01
     vertex  5.963901e+00  6.571786e-01  2.000000e+01
     vertex  5.943627e+00  8.205452e-01  2.000000e+01
   endloop
 endfacet
 facet normal  9.953925e-01  9.588368e-02 -2.124168e-17
   outer loop
     vertex  5.963901e+00  6.571786e-01  4.000000e+01
     vertex  5.979685e+00  4.933173e-01  4.000000e+01
     vertex  5.979685e+00  4.933173e-01  2.000000e+01
   endloop
 endfacet
 facet normal  9.886353e-01  1.503341e-01 -3.338087e-17
   outer loop
     vertex  5.943627e+00  8.205452e-01  4.000000e+01
     vertex  5.943627e+00  8.205452e-01  2.000000e+01
     vertex  5.918879e+00  9.832941e-01  2.000000e+01
   endloop
 endfacet
 facet normal  9.923874e-01  1.231552e-01 -2.734596e-17
   outer loop
     vertex  5.943627e+00  8.205452e-01  4.000000e+01
     vertex  5.963901e+00  6.571786e-01  4.000000e+01
     vertex  5.943627e+00  8.205452e-01  2.000000e+01
   endloop
 endfacet
 facet normal  9.886353e-01  1.503341e-01 -3.338087e-17
   outer loop
     vertex  5.918879e+00  9.832941e-01  4.000000e+01
     vertex  5.943627e+00  8.205452e-01  4.000000e+01
     vertex  5.918879e+00  9.832941e-01  2.000000e+01
   endloop
 endfacet
 facet normal  9.841389e-01  1.773998e-01 -3.939066e-17
   outer loop
     vertex  5.889676e+00  1.145303e+00  4.000000e+01
     vertex  5.918879e+00  9.832941e-01  2.000000e+01
     vertex  5.889676e+00  1.145303e+00  2.000000e+01
   endloop
 endfacet
 facet normal  9.841389e-01  1.773998e-01 -3.931336e-17
   outer loop
     vertex  5.889676e+00  1.145303e+00  4.000000e+01
     vertex  5.918879e+00  9.832941e-01  4.000000e+01
     vertex  5.918879e+00  9.832941e-01  2.000000e+01
   endloop
 endfacet
 facet normal  9.789017e-01  2.043319e-01 -4.537080e-17
   outer loop
     vertex  5.856039e+00  1.306449e+00  4.000000e+01
     vertex  5.889676e+00  1.145303e+00  2.000000e+01
     vertex  5.856039e+00  1.306449e+00  2.000000e+01
   endloop
 endfacet
 facet normal  9.729276e-01  2.311102e-01 -5.131678e-17
   outer loop
     vertex  5.856039e+00  1.306449e+00  4.000000e+01
     vertex  5.856039e+00  1.306449e+00  2.000000e+01
     vertex  5.817993e+00  1.466613e+00  2.000000e+01
   endloop
 endfacet
 facet normal  9.789017e-01  2.043319e-01 -4.527785e-17
   outer loop
     vertex  5.856039e+00  1.306449e+00  4.000000e+01
     vertex  5.889676e+00  1.145303e+00  4.000000e+01
     vertex  5.889676e+00  1.145303e+00  2.000000e+01
   endloop
 endfacet
 facet normal  9.729276e-01  2.311102e-01 -5.131678e-17
   outer loop
     vertex  5.817993e+00  1.466613e+00  4.000000e+01
     vertex  5.856039e+00  1.306449e+00  4.000000e+01
     vertex  5.817993e+00  1.466613e+00  2.000000e+01
   endloop
 endfacet
 facet normal  9.662211e-01  2.577146e-01 -5.733626e-17
   outer loop
     vertex  5.775569e+00  1.625672e+00  4.000000e+01
     vertex  5.817993e+00  1.466613e+00  4.000000e+01
     vertex  5.817993e+00  1.466613e+00  2.000000e+01
   endloop
 endfacet
 facet normal  9.662211e-01  2.577146e-01 -5.722414e-17
   outer loop
     vertex  5.775569e+00  1.625672e+00  4.000000e+01
     vertex  5.817993e+00  1.466613e+00  2.000000e+01
     vertex  5.775569e+00  1.625672e+00  2.000000e+01
   endloop
 endfacet
 facet normal  9.587873e-01  2.841250e-01 -6.308841e-17
   outer loop
     vertex  5.775569e+00  1.625672e+00  4.000000e+01
     vertex  5.775569e+00  1.625672e+00  2.000000e+01
     vertex  5.728796e+00  1.783507e+00  2.000000e+01
   endloop
 endfacet
 facet normal  9.587873e-01  2.841250e-01 -6.308841e-17
   outer loop
     vertex  5.728796e+00  1.783507e+00  4.000000e+01
     vertex  5.775569e+00  1.625672e+00  4.000000e+01
     vertex  5.728796e+00  1.783507e+00  2.000000e+01
   endloop
 endfacet
 facet normal  9.506317e-01  3.103214e-01 -6.890520e-17
   outer loop
     vertex  5.728796e+00  1.783507e+00  4.000000e+01
     vertex  5.728796e+00  1.783507e+00  2.000000e+01
     vertex  5.677711e+00  1.940000e+00  2.000000e+01
   endloop
 endfacet
 facet normal  9.506317e-01  3.103214e-01 -6.890520e-17
   outer loop
     vertex  5.677711e+00  1.940000e+00  4.000000e+01
     vertex  5.728796e+00  1.783507e+00  4.000000e+01
     vertex  5.677711e+00  1.940000e+00  2.000000e+01
   endloop
 endfacet
 facet normal  9.417605e-01  3.362843e-01 -7.467012e-17
   outer loop
     vertex  5.622352e+00  2.095032e+00  4.000000e+01
     vertex  5.677711e+00  1.940000e+00  2.000000e+01
     vertex  5.622352e+00  2.095032e+00  2.000000e+01
   endloop
 endfacet
 facet normal  9.417605e-01  3.362843e-01 -7.477693e-17
   outer loop
     vertex  5.622352e+00  2.095032e+00  4.000000e+01
     vertex  5.677711e+00  1.940000e+00  4.000000e+01
     vertex  5.677711e+00  1.940000e+00  2.000000e+01
   endloop
 endfacet
 facet normal  9.321804e-01  3.619940e-01 -8.037882e-17
   outer loop
     vertex  5.562760e+00  2.248488e+00  4.000000e+01
     vertex  5.622352e+00  2.095032e+00  2.000000e+01
     vertex  5.562760e+00  2.248488e+00  2.000000e+01
   endloop
 endfacet
 facet normal  9.321804e-01  3.619940e-01 -8.062819e-17
   outer loop
     vertex  5.562760e+00  2.248488e+00  4.000000e+01
     vertex  5.622352e+00  2.095032e+00  4.000000e+01
     vertex  5.622352e+00  2.095032e+00  2.000000e+01
   endloop
 endfacet
 facet normal  9.218986e-01  3.874313e-01 -8.602702e-17
   outer loop
     vertex  5.498982e+00  2.400250e+00  4.000000e+01
     vertex  5.562760e+00  2.248488e+00  2.000000e+01
     vertex  5.498982e+00  2.400250e+00  2.000000e+01
   endloop
 endfacet
 facet normal  9.218986e-01  3.874313e-01 -8.578886e-17
   outer loop
     vertex  5.498982e+00  2.400250e+00  4.000000e+01
     vertex  5.562760e+00  2.248488e+00  4.000000e+01
     vertex  5.562760e+00  2.248488e+00  2.000000e+01
   endloop
 endfacet
 facet normal  9.109228e-01  4.125769e-01 -9.161047e-17
   outer loop
     vertex  5.431063e+00  2.550206e+00  4.000000e+01
     vertex  5.498982e+00  2.400250e+00  2.000000e+01
     vertex  5.431063e+00  2.550206e+00  2.000000e+01
   endloop
 endfacet
 facet normal  9.109228e-01  4.125769e-01 -9.140827e-17
   outer loop
     vertex  5.431063e+00  2.550206e+00  4.000000e+01
     vertex  5.498982e+00  2.400250e+00  4.000000e+01
     vertex  5.498982e+00  2.400250e+00  2.000000e+01
   endloop
 endfacet
 facet normal  8.992613e-01  4.374119e-01 -9.712495e-17
   outer loop
     vertex  5.359057e+00  2.698242e+00  4.000000e+01
     vertex  5.431063e+00  2.550206e+00  2.000000e+01
     vertex  5.359057e+00  2.698242e+00  2.000000e+01
   endloop
 endfacet
 facet normal  8.992613e-01  4.374119e-01 -9.731772e-17
   outer loop
     vertex  5.359057e+00  2.698242e+00  4.000000e+01
     vertex  5.431063e+00  2.550206e+00  4.000000e+01
     vertex  5.431063e+00  2.550206e+00  2.000000e+01
   endloop
 endfacet
 facet normal  8.869228e-01  4.619176e-01 -1.025663e-16
   outer loop
     vertex  5.283016e+00  2.844247e+00  4.000000e+01
     vertex  5.359057e+00  2.698242e+00  2.000000e+01
     vertex  5.283016e+00  2.844247e+00  2.000000e+01
   endloop
 endfacet
 facet normal  8.869228e-01  4.619176e-01 -1.023659e-16
   outer loop
     vertex  5.283016e+00  2.844247e+00  4.000000e+01
     vertex  5.359057e+00  2.698242e+00  4.000000e+01
     vertex  5.359057e+00  2.698242e+00  2.000000e+01
   endloop
 endfacet
 facet normal  8.739167e-01  4.860756e-01 -1.079305e-16
   outer loop
     vertex  5.202998e+00  2.988111e+00  4.000000e+01
     vertex  5.283016e+00  2.844247e+00  2.000000e+01
     vertex  5.202998e+00  2.988111e+00  2.000000e+01
   endloop
 endfacet
 facet normal  8.739167e-01  4.860756e-01 -1.079297e-16
   outer loop
     vertex  5.202998e+00  2.988111e+00  4.000000e+01
     vertex  5.283016e+00  2.844247e+00  4.000000e+01
     vertex  5.283016e+00  2.844247e+00  2.000000e+01
   endloop
 endfacet
 facet normal  8.602528e-01  5.098678e-01 -1.132134e-16
   outer loop
     vertex  5.119064e+00  3.129726e+00  4.000000e+01
     vertex  5.202998e+00  2.988111e+00  2.000000e+01
     vertex  5.119064e+00  3.129726e+00  2.000000e+01
   endloop
 endfacet
 facet normal  8.602528e-01  5.098678e-01 -1.131155e-16
   outer loop
     vertex  5.119064e+00  3.129726e+00  4.000000e+01
     vertex  5.202998e+00  2.988111e+00  4.000000e+01
     vertex  5.202998e+00  2.988111e+00  2.000000e+01
   endloop
 endfacet
 facet normal  8.459413e-01  5.332761e-01 -1.184111e-16
   outer loop
     vertex  5.031276e+00  3.268985e+00  4.000000e+01
     vertex  5.119064e+00  3.129726e+00  2.000000e+01
     vertex  5.031276e+00  3.268985e+00  2.000000e+01
   endloop
 endfacet
 facet normal  8.459413e-01  5.332761e-01 -1.185729e-16
   outer loop
     vertex  5.031276e+00  3.268985e+00  4.000000e+01
     vertex  5.119064e+00  3.129726e+00  4.000000e+01
     vertex  5.119064e+00  3.129726e+00  2.000000e+01
   endloop
 endfacet
 facet normal  8.309929e-01  5.562829e-01 -1.235196e-16
   outer loop
     vertex  4.939701e+00  3.405783e+00  4.000000e+01
     vertex  5.031276e+00  3.268985e+00  2.000000e+01
     vertex  4.939701e+00  3.405783e+00  2.000000e+01
   endloop
 endfacet
 facet normal  8.309929e-01  5.562829e-01 -1.235712e-16
   outer loop
     vertex  4.939701e+00  3.405783e+00  4.000000e+01
     vertex  5.031276e+00  3.268985e+00  4.000000e+01
     vertex  5.031276e+00  3.268985e+00  2.000000e+01
   endloop
 endfacet
 facet normal  8.154191e-01  5.788711e-01 -1.285352e-16
   outer loop
     vertex  4.844407e+00  3.540017e+00  4.000000e+01
     vertex  4.939701e+00  3.405783e+00  2.000000e+01
     vertex  4.844407e+00  3.540017e+00  2.000000e+01
   endloop
 endfacet
 facet normal  8.154191e-01  5.788711e-01 -1.286206e-16
   outer loop
     vertex  4.844407e+00  3.540017e+00  4.000000e+01
     vertex  4.939701e+00  3.405783e+00  4.000000e+01
     vertex  4.939701e+00  3.405783e+00  2.000000e+01
   endloop
 endfacet
 facet normal  7.992314e-01  6.010234e-01 -1.334540e-16
   outer loop
     vertex  4.745467e+00  3.671586e+00  4.000000e+01
     vertex  4.844407e+00  3.540017e+00  2.000000e+01
     vertex  4.745467e+00  3.671586e+00  2.000000e+01
   endloop
 endfacet
 facet normal  7.992314e-01  6.010234e-01 -1.332374e-16
   outer loop
     vertex  4.745467e+00  3.671586e+00  4.000000e+01
     vertex  4.844407e+00  3.540017e+00  4.000000e+01
     vertex  4.844407e+00  3.540017e+00  2.000000e+01
   endloop
 endfacet
 facet normal  7.824421e-01  6.227234e-01 -1.382724e-16
   outer loop
     vertex  4.642954e+00  3.800391e+00  4.000000e+01
     vertex  4.745467e+00  3.671586e+00  2.000000e+01
     vertex  4.642954e+00  3.800391e+00  2.000000e+01
   endloop
 endfacet
 facet normal  7.650637e-01  6.439545e-01 -1.429866e-16
   outer loop
     vertex  4.642954e+00  3.800391e+00  4.000000e+01
     vertex  4.642954e+00  3.800391e+00  2.000000e+01
     vertex  4.536947e+00  3.926336e+00  2.000000e+01
   endloop
 endfacet
 facet normal  7.824421e-01  6.227234e-01 -1.381944e-16
   outer loop
     vertex  4.642954e+00  3.800391e+00  4.000000e+01
     vertex  4.745467e+00  3.671586e+00  4.000000e+01
     vertex  4.745467e+00  3.671586e+00  2.000000e+01
   endloop
 endfacet
 facet normal  7.650637e-01  6.439545e-01 -1.429866e-16
   outer loop
     vertex  4.536947e+00  3.926336e+00  4.000000e+01
     vertex  4.642954e+00  3.800391e+00  4.000000e+01
     vertex  4.536947e+00  3.926336e+00  2.000000e+01
   endloop
 endfacet
 facet normal  7.471095e-01  6.647010e-01 -1.475933e-16
   outer loop
     vertex  4.427524e+00  4.049325e+00  4.000000e+01
     vertex  4.536947e+00  3.926336e+00  2.000000e+01
     vertex  4.427524e+00  4.049325e+00  2.000000e+01
   endloop
 endfacet
 facet normal  7.471095e-01  6.647010e-01 -1.475838e-16
   outer loop
     vertex  4.427524e+00  4.049325e+00  4.000000e+01
     vertex  4.536947e+00  3.926336e+00  4.000000e+01
     vertex  4.536947e+00  3.926336e+00  2.000000e+01
   endloop
 endfacet
 facet normal  7.285929e-01  6.849470e-01 -1.520888e-16
   outer loop
     vertex  4.314768e+00  4.169266e+00  4.000000e+01
     vertex  4.427524e+00  4.049325e+00  2.000000e+01
     vertex  4.314768e+00  4.169266e+00  2.000000e+01
   endloop
 endfacet
 facet normal  7.095278e-01  7.046775e-01 -1.564698e-16
   outer loop
     vertex  4.314768e+00  4.169266e+00  4.000000e+01
     vertex  4.314768e+00  4.169266e+00  2.000000e+01
     vertex  4.198764e+00  4.286068e+00  2.000000e+01
   endloop
 endfacet
 facet normal  7.285929e-01  6.849470e-01 -1.520246e-16
   outer loop
     vertex  4.314768e+00  4.169266e+00  4.000000e+01
     vertex  4.427524e+00  4.049325e+00  4.000000e+01
     vertex  4.427524e+00  4.049325e+00  2.000000e+01
   endloop
 endfacet
 facet normal  7.095278e-01  7.046775e-01 -1.564698e-16
   outer loop
     vertex  4.198764e+00  4.286068e+00  4.000000e+01
     vertex  4.314768e+00  4.169266e+00  4.000000e+01
     vertex  4.198764e+00  4.286068e+00  2.000000e+01
   endloop
 endfacet
 facet normal  6.899286e-01  7.238775e-01 -1.607331e-16
   outer loop
     vertex  4.079600e+00  4.399644e+00  4.000000e+01
     vertex  4.198764e+00  4.286068e+00  2.000000e+01
     vertex  4.079600e+00  4.399644e+00  2.000000e+01
   endloop
 endfacet
 facet normal  6.698100e-01  7.425325e-01 -1.648753e-16
   outer loop
     vertex  4.079600e+00  4.399644e+00  4.000000e+01
     vertex  4.079600e+00  4.399644e+00  2.000000e+01
     vertex  3.957364e+00  4.509908e+00  2.000000e+01
   endloop
 endfacet
 facet normal  6.899286e-01  7.238775e-01 -1.606536e-16
   outer loop
     vertex  4.079600e+00  4.399644e+00  4.000000e+01
     vertex  4.198764e+00  4.286068e+00  4.000000e+01
     vertex  4.198764e+00  4.286068e+00  2.000000e+01
   endloop
 endfacet
 facet normal  6.698100e-01  7.425325e-01 -1.648753e-16
   outer loop
     vertex  3.957364e+00  4.509908e+00  4.000000e+01
     vertex  4.079600e+00  4.399644e+00  4.000000e+01
     vertex  3.957364e+00  4.509908e+00  2.000000e+01
   endloop
 endfacet
 facet normal  6.491872e-01  7.606287e-01 -1.688935e-16
   outer loop
     vertex  3.832149e+00  4.616777e+00  4.000000e+01
     vertex  3.957364e+00  4.509908e+00  2.000000e+01
     vertex  3.832149e+00  4.616777e+00  2.000000e+01
   endloop
 endfacet
 facet normal  6.491872e-01  7.606287e-01 -1.689726e-16
   outer loop
     vertex  3.832149e+00  4.616777e+00  4.000000e+01
     vertex  3.957364e+00  4.509908e+00  4.000000e+01
     vertex  3.957364e+00  4.509908e+00  2.000000e+01
   endloop
 endfacet
 facet normal  6.280757e-01  7.781522e-01 -1.727845e-16
   outer loop
     vertex  3.704050e+00  4.720171e+00  4.000000e+01
     vertex  3.832149e+00  4.616777e+00  2.000000e+01
     vertex  3.704050e+00  4.720171e+00  2.000000e+01
   endloop
 endfacet
 facet normal  6.280757e-01  7.781522e-01 -1.726950e-16
   outer loop
     vertex  3.704050e+00  4.720171e+00  4.000000e+01
     vertex  3.832149e+00  4.616777e+00  4.000000e+01
     vertex  3.832149e+00  4.616777e+00  2.000000e+01
   endloop
 endfacet
 facet normal  6.064915e-01  7.950900e-01 -1.765454e-16
   outer loop
     vertex  3.573163e+00  4.820011e+00  4.000000e+01
     vertex  3.704050e+00  4.720171e+00  2.000000e+01
     vertex  3.573163e+00  4.820011e+00  2.000000e+01
   endloop
 endfacet
 facet normal  6.064915e-01  7.950900e-01 -1.766953e-16
   outer loop
     vertex  3.573163e+00  4.820011e+00  4.000000e+01
     vertex  3.704050e+00  4.720171e+00  4.000000e+01
     vertex  3.704050e+00  4.720171e+00  2.000000e+01
   endloop
 endfacet
 facet normal  5.844507e-01  8.114292e-01 -1.801735e-16
   outer loop
     vertex  3.439585e+00  4.916223e+00  4.000000e+01
     vertex  3.573163e+00  4.820011e+00  2.000000e+01
     vertex  3.439585e+00  4.916223e+00  2.000000e+01
   endloop
 endfacet
 facet normal  5.844507e-01  8.114292e-01 -1.799591e-16
   outer loop
     vertex  3.439585e+00  4.916223e+00  4.000000e+01
     vertex  3.573163e+00  4.820011e+00  4.000000e+01
     vertex  3.573163e+00  4.820011e+00  2.000000e+01
   endloop
 endfacet
 facet normal  5.619699e-01  8.271577e-01 -1.836659e-16
   outer loop
     vertex  3.303419e+00  5.008735e+00  4.000000e+01
     vertex  3.439585e+00  4.916223e+00  2.000000e+01
     vertex  3.303419e+00  5.008735e+00  2.000000e+01
   endloop
 endfacet
 facet normal  5.390661e-01  8.422635e-01 -1.870201e-16
   outer loop
     vertex  3.303419e+00  5.008735e+00  4.000000e+01
     vertex  3.303419e+00  5.008735e+00  2.000000e+01
     vertex  3.164766e+00  5.097476e+00  2.000000e+01
   endloop
 endfacet
 facet normal  5.619699e-01  8.271577e-01 -1.835227e-16
   outer loop
     vertex  3.303419e+00  5.008735e+00  4.000000e+01
     vertex  3.439585e+00  4.916223e+00  4.000000e+01
     vertex  3.439585e+00  4.916223e+00  2.000000e+01
   endloop
 endfacet
 facet normal  5.390661e-01  8.422635e-01 -1.870201e-16
   outer loop
     vertex  3.164766e+00  5.097476e+00  4.000000e+01
     vertex  3.303419e+00  5.008735e+00  4.000000e+01
     vertex  3.164766e+00  5.097476e+00  2.000000e+01
   endloop
 endfacet
 facet normal  5.157565e-01  8.567352e-01 -1.904514e-16
   outer loop
     vertex  3.023730e+00  5.182379e+00  4.000000e+01
     vertex  3.164766e+00  5.097476e+00  4.000000e+01
     vertex  3.164766e+00  5.097476e+00  2.000000e+01
   endloop
 endfacet
 facet normal  5.157565e-01  8.567352e-01 -1.902334e-16
   outer loop
     vertex  3.023730e+00  5.182379e+00  4.000000e+01
     vertex  3.164766e+00  5.097476e+00  2.000000e+01
     vertex  3.023730e+00  5.182379e+00  2.000000e+01
   endloop
 endfacet
 facet normal  4.920587e-01  8.705620e-01 -1.935381e-16
   outer loop
     vertex  2.880418e+00  5.263382e+00  4.000000e+01
     vertex  3.023730e+00  5.182379e+00  4.000000e+01
     vertex  3.023730e+00  5.182379e+00  2.000000e+01
   endloop
 endfacet
 facet normal  4.920587e-01  8.705620e-01 -1.933036e-16
   outer loop
     vertex  2.880418e+00  5.263382e+00  4.000000e+01
     vertex  3.023730e+00  5.182379e+00  2.000000e+01
     vertex  2.880418e+00  5.263382e+00  2.000000e+01
   endloop
 endfacet
 facet normal  4.679904e-01  8.837335e-01 -1.961200e-16
   outer loop
     vertex  2.734938e+00  5.340422e+00  4.000000e+01
     vertex  2.880418e+00  5.263382e+00  4.000000e+01
     vertex  2.880418e+00  5.263382e+00  2.000000e+01
   endloop
 endfacet
 facet normal  4.679904e-01  8.837335e-01 -1.962283e-16
   outer loop
     vertex  2.734938e+00  5.340422e+00  4.000000e+01
     vertex  2.880418e+00  5.263382e+00  2.000000e+01
     vertex  2.734938e+00  5.340422e+00  2.000000e+01
   endloop
 endfacet
 facet normal  4.435699e-01  8.962398e-01 -1.989859e-16
   outer loop
     vertex  2.587400e+00  5.413443e+00  4.000000e+01
     vertex  2.734938e+00  5.340422e+00  4.000000e+01
     vertex  2.734938e+00  5.340422e+00  2.000000e+01
   endloop
 endfacet
 facet normal  4.435699e-01  8.962398e-01 -1.990052e-16
   outer loop
     vertex  2.587400e+00  5.413443e+00  4.000000e+01
     vertex  2.734938e+00  5.340422e+00  2.000000e+01
     vertex  2.587400e+00  5.413443e+00  2.000000e+01
   endloop
 endfacet
 facet normal  4.188155e-01  9.080714e-01 -2.017236e-16
   outer loop
     vertex  2.437913e+00  5.482388e+00  4.000000e+01
     vertex  2.587400e+00  5.413443e+00  4.000000e+01
     vertex  2.587400e+00  5.413443e+00  2.000000e+01
   endloop
 endfacet
 facet normal  4.188155e-01  9.080714e-01 -2.016323e-16
   outer loop
     vertex  2.437913e+00  5.482388e+00  4.000000e+01
     vertex  2.587400e+00  5.413443e+00  2.000000e+01
     vertex  2.437913e+00  5.482388e+00  2.000000e+01
   endloop
 endfacet
 facet normal  3.937458e-01  9.192194e-01 -2.041182e-16
   outer loop
     vertex  2.286591e+00  5.547206e+00  4.000000e+01
     vertex  2.437913e+00  5.482388e+00  4.000000e+01
     vertex  2.437913e+00  5.482388e+00  2.000000e+01
   endloop
 endfacet
 facet normal  3.937458e-01  9.192194e-01 -2.041077e-16
   outer loop
     vertex  2.286591e+00  5.547206e+00  4.000000e+01
     vertex  2.437913e+00  5.482388e+00  2.000000e+01
     vertex  2.286591e+00  5.547206e+00  2.000000e+01
   endloop
 endfacet
 facet normal  3.683796e-01  9.296754e-01 -2.064294e-16
   outer loop
     vertex  2.286591e+00  5.547206e+00  4.000000e+01
     vertex  2.286591e+00  5.547206e+00  2.000000e+01
     vertex  2.133548e+00  5.607849e+00  2.000000e+01
   endloop
 endfacet
 facet normal  3.683796e-01  9.296754e-01 -2.064294e-16
   outer loop
     vertex  2.133548e+00  5.607849e+00  4.000000e+01
     vertex  2.286591e+00  5.547206e+00  4.000000e+01
     vertex  2.133548e+00  5.607849e+00  2.000000e+01
   endloop
 endfacet
 facet normal  3.427362e-01  9.394317e-01 -2.086979e-16
   outer loop
     vertex  1.978899e+00  5.664270e+00  4.000000e+01
     vertex  2.133548e+00  5.607849e+00  4.000000e+01
     vertex  2.133548e+00  5.607849e+00  2.000000e+01
   endloop
 endfacet
 facet normal  3.427362e-01  9.394317e-01 -2.085957e-16
   outer loop
     vertex  1.978899e+00  5.664270e+00  4.000000e+01
     vertex  2.133548e+00  5.607849e+00  2.000000e+01
     vertex  1.978899e+00  5.664270e+00  2.000000e+01
   endloop
 endfacet
 facet normal  3.168348e-01  9.484807e-01 -2.106050e-16
   outer loop
     vertex  1.978899e+00  5.664270e+00  4.000000e+01
     vertex  1.978899e+00  5.664270e+00  2.000000e+01
     vertex  1.822761e+00  5.716428e+00  2.000000e+01
   endloop
 endfacet
 facet normal  3.168348e-01  9.484807e-01 -2.106050e-16
   outer loop
     vertex  1.822761e+00  5.716428e+00  4.000000e+01
     vertex  1.978899e+00  5.664270e+00  4.000000e+01
     vertex  1.822761e+00  5.716428e+00  2.000000e+01
   endloop
 endfacet
 facet normal  2.906949e-01  9.568158e-01 -2.124558e-16
   outer loop
     vertex  1.822761e+00  5.716428e+00  4.000000e+01
     vertex  1.822761e+00  5.716428e+00  2.000000e+01
     vertex  1.665250e+00  5.764282e+00  2.000000e+01
   endloop
 endfacet
 facet normal  2.643362e-01  9.644306e-01 -2.141466e-16
   outer loop
     vertex  1.665250e+00  5.764282e+00  4.000000e+01
     vertex  1.665250e+00  5.764282e+00  2.000000e+01
     vertex  1.506486e+00  5.807797e+00  2.000000e+01
   endloop
 endfacet
 facet normal  2.906949e-01  9.568158e-01 -2.124558e-16
   outer loop
     vertex  1.665250e+00  5.764282e+00  4.000000e+01
     vertex  1.822761e+00  5.716428e+00  4.000000e+01
     vertex  1.665250e+00  5.764282e+00  2.000000e+01
   endloop
 endfacet
 facet normal  2.377784e-01  9.713194e-01 -2.156762e-16
   outer loop
     vertex  1.506486e+00  5.807797e+00  4.000000e+01
     vertex  1.506486e+00  5.807797e+00  2.000000e+01
     vertex  1.346587e+00  5.846940e+00  2.000000e+01
   endloop
 endfacet
 facet normal  2.643362e-01  9.644306e-01 -2.141466e-16
   outer loop
     vertex  1.506486e+00  5.807797e+00  4.000000e+01
     vertex  1.665250e+00  5.764282e+00  4.000000e+01
     vertex  1.506486e+00  5.807797e+00  2.000000e+01
   endloop
 endfacet
 facet normal  2.377784e-01  9.713194e-01 -2.156762e-16
   outer loop
     vertex  1.346587e+00  5.846940e+00  4.000000e+01
     vertex  1.506486e+00  5.807797e+00  4.000000e+01
     vertex  1.346587e+00  5.846940e+00  2.000000e+01
   endloop
 endfacet
 facet normal  2.110417e-01  9.774771e-01 -2.170435e-16
   outer loop
     vertex  1.185675e+00  5.881681e+00  4.000000e+01
     vertex  1.346587e+00  5.846940e+00  2.000000e+01
     vertex  1.185675e+00  5.881681e+00  2.000000e+01
   endloop
 endfacet
 facet normal  1.841461e-01  9.828989e-01 -2.182474e-16
   outer loop
     vertex  1.185675e+00  5.881681e+00  4.000000e+01
     vertex  1.185675e+00  5.881681e+00  2.000000e+01
     vertex  1.023870e+00  5.911995e+00  2.000000e+01
   endloop
 endfacet
 facet normal  2.110417e-01  9.774771e-01 -2.170317e-16
   outer loop
     vertex  1.185675e+00  5.881681e+00  4.000000e+01
     vertex  1.346587e+00  5.846940e+00  4.000000e+01
     vertex  1.346587e+00  5.846940e+00  2.000000e+01
   endloop
 endfacet
 facet normal  1.841461e-01  9.828989e-01 -2.182474e-16
   outer loop
     vertex  1.023870e+00  5.911995e+00  4.000000e+01
     vertex  1.185675e+00  5.881681e+00  4.000000e+01
     vertex  1.023870e+00  5.911995e+00  2.000000e+01
   endloop
 endfacet
 facet normal  1.571119e-01  9.875808e-01 -2.192870e-16
   outer loop
     vertex  8.612951e-01  5.937859e+00  4.000000e+01
     vertex  1.023870e+00  5.911995e+00  2.000000e+01
     vertex  8.612951e-01  5.937859e+00  2.000000e+01
   endloop
 endfacet
 facet normal  1.571119e-01  9.875808e-01 -2.192613e-16
   outer loop
     vertex  8.612951e-01  5.937859e+00  4.000000e+01
     vertex  1.023870e+00  5.911995e+00  4.000000e+01
     vertex  1.023870e+00  5.911995e+00  2.000000e+01
   endloop
 endfacet
 facet normal  1.299594e-01  9.915193e-01 -2.201615e-16
   outer loop
     vertex  6.980715e-01  5.959253e+00  4.000000e+01
     vertex  8.612951e-01  5.937859e+00  2.000000e+01
     vertex  6.980715e-01  5.959253e+00  2.000000e+01
   endloop
 endfacet
 facet normal  1.027091e-01  9.947114e-01 -2.208703e-16
   outer loop
     vertex  6.980715e-01  5.959253e+00  4.000000e+01
     vertex  6.980715e-01  5.959253e+00  2.000000e+01
     vertex  5.343223e-01  5.976161e+00  2.000000e+01
   endloop
 endfacet
 facet normal  1.299594e-01  9.915193e-01 -2.201568e-16
   outer loop
     vertex  6.980715e-01  5.959253e+00  4.000000e+01
     vertex  8.612951e-01  5.937859e+00  4.000000e+01
     vertex  8.612951e-01  5.937859e+00  2.000000e+01
   endloop
 endfacet
 facet normal  1.027091e-01  9.947114e-01 -2.208703e-16
   outer loop
     vertex  5.343223e-01  5.976161e+00  4.000000e+01
     vertex  6.980715e-01  5.959253e+00  4.000000e+01
     vertex  5.343223e-01  5.976161e+00  2.000000e+01
   endloop
 endfacet
 facet normal  7.538152e-02  9.971548e-01 -2.214128e-16
   outer loop
     vertex  3.701709e-01  5.988570e+00  4.000000e+01
     vertex  5.343223e-01  5.976161e+00  2.000000e+01
     vertex  3.701709e-01  5.988570e+00  2.000000e+01
   endloop
 endfacet
 facet normal  4.799716e-02  9.988475e-01 -2.217887e-16
   outer loop
     vertex  3.701709e-01  5.988570e+00  4.000000e+01
     vertex  3.701709e-01  5.988570e+00  2.000000e+01
     vertex  2.057408e-01  5.996472e+00  2.000000e+01
   endloop
 endfacet
 facet normal  7.538152e-02  9.971548e-01 -2.213991e-16
   outer loop
     vertex  3.701709e-01  5.988570e+00  4.000000e+01
     vertex  5.343223e-01  5.976161e+00  4.000000e+01
     vertex  5.343223e-01  5.976161e+00  2.000000e+01
   endloop
 endfacet
 facet normal  4.799716e-02  9.988475e-01 -2.217887e-16
   outer loop
     vertex  2.057408e-01  5.996472e+00  4.000000e+01
     vertex  3.701709e-01  5.988570e+00  4.000000e+01
     vertex  2.057408e-01  5.996472e+00  2.000000e+01
   endloop
 endfacet
 facet normal  2.057667e-02  9.997883e-01 -2.219976e-16
   outer loop
     vertex  4.115591e-02  5.999859e+00  4.000000e+01
     vertex  2.057408e-01  5.996472e+00  2.000000e+01
     vertex  4.115591e-02  5.999859e+00  2.000000e+01
   endloop
 endfacet
 facet normal  2.057667e-02  9.997883e-01 -2.219852e-16
   outer loop
     vertex  4.115591e-02  5.999859e+00  4.000000e+01
     vertex  2.057408e-01  5.996472e+00  4.000000e+01
     vertex  2.057408e-01  5.996472e+00  2.000000e+01
   endloop
 endfacet
 facet normal -6.859319e-03  9.999765e-01 -2.220394e-16
   outer loop
     vertex -1.234600e-01  5.998730e+00  4.000000e+01
     vertex  4.115591e-02  5.999859e+00  2.000000e+01
     vertex -1.234600e-01  5.998730e+00  2.000000e+01
   endloop
 endfacet
 facet normal -6.859319e-03  9.999765e-01 -2.220413e-16
   outer loop
     vertex -1.234600e-01  5.998730e+00  4.000000e+01
     vertex  4.115591e-02  5.999859e+00  4.000000e+01
     vertex  4.115591e-02  5.999859e+00  2.000000e+01
   endloop
 endfacet
 facet normal -3.429014e-02  9.994119e-01 -2.219140e-16
   outer loop
     vertex -2.879830e-01  5.993085e+00  4.000000e+01
     vertex -1.234600e-01  5.998730e+00  2.000000e+01
     vertex -2.879830e-01  5.993085e+00  2.000000e+01
   endloop
 endfacet
 facet normal -3.429014e-02  9.994119e-01 -2.219268e-16
   outer loop
     vertex -2.879830e-01  5.993085e+00  4.000000e+01
     vertex -1.234600e-01  5.998730e+00  4.000000e+01
     vertex -1.234600e-01  5.998730e+00  2.000000e+01
   endloop
 endfacet
 facet normal -6.169515e-02  9.980950e-01 -2.216216e-16
   outer loop
     vertex -4.522891e-01  5.982929e+00  4.000000e+01
     vertex -2.879830e-01  5.993085e+00  2.000000e+01
     vertex -4.522891e-01  5.982929e+00  2.000000e+01
   endloop
 endfacet
 facet normal -6.169515e-02  9.980950e-01 -2.216529e-16
   outer loop
     vertex -4.522891e-01  5.982929e+00  4.000000e+01
     vertex -2.879830e-01  5.993085e+00  4.000000e+01
     vertex -2.879830e-01  5.993085e+00  2.000000e+01
   endloop
 endfacet
 facet normal -8.905371e-02  9.960268e-01 -2.211624e-16
   outer loop
     vertex -6.162549e-01  5.968269e+00  4.000000e+01
     vertex -4.522891e-01  5.982929e+00  2.000000e+01
     vertex -6.162549e-01  5.968269e+00  2.000000e+01
   endloop
 endfacet
 facet normal -8.905371e-02  9.960268e-01 -2.211920e-16
   outer loop
     vertex -6.162549e-01  5.968269e+00  4.000000e+01
     vertex -4.522891e-01  5.982929e+00  4.000000e+01
     vertex -4.522891e-01  5.982929e+00  2.000000e+01
   endloop
 endfacet
 facet normal -1.163452e-01  9.932088e-01 -2.205905e-16
   outer loop
     vertex -7.797567e-01  5.949116e+00  4.000000e+01
     vertex -6.162549e-01  5.968269e+00  4.000000e+01
     vertex -6.162549e-01  5.968269e+00  2.000000e+01
   endloop
 endfacet
 facet normal -1.163452e-01  9.932088e-01 -2.205367e-16
   outer loop
     vertex -7.797567e-01  5.949116e+00  4.000000e+01
     vertex -6.162549e-01  5.968269e+00  2.000000e+01
     vertex -7.797567e-01  5.949116e+00  2.000000e+01
   endloop
 endfacet
 facet normal -1.435492e-01  9.896432e-01 -2.197449e-16
   outer loop
     vertex -7.797567e-01  5.949116e+00  4.000000e+01
     vertex -7.797567e-01  5.949116e+00  2.000000e+01
     vertex -9.426715e-01  5.925485e+00  2.000000e+01
   endloop
 endfacet
 facet normal -1.435492e-01  9.896432e-01 -2.197449e-16
   outer loop
     vertex -9.426715e-01  5.925485e+00  4.000000e+01
     vertex -7.797567e-01  5.949116e+00  4.000000e+01
     vertex -9.426715e-01  5.925485e+00  2.000000e+01
   endloop
 endfacet
 facet normal -1.706451e-01  9.853326e-01 -2.186913e-16
   outer loop
     vertex -1.104877e+00  5.897393e+00  4.000000e+01
     vertex -9.426715e-01  5.925485e+00  4.000000e+01
     vertex -9.426715e-01  5.925485e+00  2.000000e+01
   endloop
 endfacet
 facet normal -1.706451e-01  9.853326e-01 -2.187878e-16
   outer loop
     vertex -1.104877e+00  5.897393e+00  4.000000e+01
     vertex -9.426715e-01  5.925485e+00  2.000000e+01
     vertex -1.104877e+00  5.897393e+00  2.000000e+01
   endloop
 endfacet
 facet normal -1.976125e-01  9.802802e-01 -2.175876e-16
   outer loop
     vertex -1.266250e+00  5.864862e+00  4.000000e+01
     vertex -1.104877e+00  5.897393e+00  4.000000e+01
     vertex -1.104877e+00  5.897393e+00  2.000000e+01
   endloop
 endfacet
 facet normal -1.976125e-01  9.802802e-01 -2.176659e-16
   outer loop
     vertex -1.266250e+00  5.864862e+00  4.000000e+01
     vertex -1.104877e+00  5.897393e+00  2.000000e+01
     vertex -1.266250e+00  5.864862e+00  2.000000e+01
   endloop
 endfacet
 facet normal -2.244312e-01  9.744899e-01 -2.163802e-16
   outer loop
     vertex -1.266250e+00  5.864862e+00  4.000000e+01
     vertex -1.266250e+00  5.864862e+00  2.000000e+01
     vertex -1.426671e+00  5.827917e+00  2.000000e+01
   endloop
 endfacet
 facet normal -2.244312e-01  9.744899e-01 -2.163802e-16
   outer loop
     vertex -1.426671e+00  5.827917e+00  4.000000e+01
     vertex -1.266250e+00  5.864862e+00  4.000000e+01
     vertex -1.426671e+00  5.827917e+00  2.000000e+01
   endloop
 endfacet
 facet normal -2.510809e-01  9.679661e-01 -2.149322e-16
   outer loop
     vertex -1.586017e+00  5.786584e+00  4.000000e+01
     vertex -1.426671e+00  5.827917e+00  4.000000e+01
     vertex -1.426671e+00  5.827917e+00  2.000000e+01
   endloop
 endfacet
 facet normal -2.510809e-01  9.679661e-01 -2.149317e-16
   outer loop
     vertex -1.586017e+00  5.786584e+00  4.000000e+01
     vertex -1.426671e+00  5.827917e+00  2.000000e+01
     vertex -1.586017e+00  5.786584e+00  2.000000e+01
   endloop
 endfacet
 facet normal -2.775416e-01  9.607136e-01 -2.134277e-16
   outer loop
     vertex -1.744169e+00  5.740895e+00  4.000000e+01
     vertex -1.586017e+00  5.786584e+00  4.000000e+01
     vertex -1.586017e+00  5.786584e+00  2.000000e+01
   endloop
 endfacet
 facet normal -2.775416e-01  9.607136e-01 -2.133213e-16
   outer loop
     vertex -1.744169e+00  5.740895e+00  4.000000e+01
     vertex -1.586017e+00  5.786584e+00  2.000000e+01
     vertex -1.744169e+00  5.740895e+00  2.000000e+01
   endloop
 endfacet
 facet normal -3.037934e-01  9.527379e-01 -2.116876e-16
   outer loop
     vertex -1.901009e+00  5.690884e+00  4.000000e+01
     vertex -1.744169e+00  5.740895e+00  4.000000e+01
     vertex -1.744169e+00  5.740895e+00  2.000000e+01
   endloop
 endfacet
 facet normal -3.037934e-01  9.527379e-01 -2.115503e-16
   outer loop
     vertex -1.901009e+00  5.690884e+00  4.000000e+01
     vertex -1.744169e+00  5.740895e+00  2.000000e+01
     vertex -1.901009e+00  5.690884e+00  2.000000e+01
   endloop
 endfacet
 facet normal -3.298166e-01  9.440450e-01 -2.096201e-16
   outer loop
     vertex -1.901009e+00  5.690884e+00  4.000000e+01
     vertex -1.901009e+00  5.690884e+00  2.000000e+01
     vertex -2.056417e+00  5.636590e+00  2.000000e+01
   endloop
 endfacet
 facet normal -3.298166e-01  9.440450e-01 -2.096201e-16
   outer loop
     vertex -2.056417e+00  5.636590e+00  4.000000e+01
     vertex -1.901009e+00  5.690884e+00  4.000000e+01
     vertex -2.056417e+00  5.636590e+00  2.000000e+01
   endloop
 endfacet
 facet normal -3.555914e-01  9.346415e-01 -2.077568e-16
   outer loop
     vertex -2.210278e+00  5.578053e+00  4.000000e+01
     vertex -2.056417e+00  5.636590e+00  4.000000e+01
     vertex -2.056417e+00  5.636590e+00  2.000000e+01
   endloop
 endfacet
 facet normal -3.555914e-01  9.346415e-01 -2.075321e-16
   outer loop
     vertex -2.210278e+00  5.578053e+00  4.000000e+01
     vertex -2.056417e+00  5.636590e+00  2.000000e+01
     vertex -2.210278e+00  5.578053e+00  2.000000e+01
   endloop
 endfacet
 facet normal -3.810986e-01  9.245344e-01 -2.054204e-16
   outer loop
     vertex -2.362475e+00  5.515316e+00  4.000000e+01
     vertex -2.210278e+00  5.578053e+00  4.000000e+01
     vertex -2.210278e+00  5.578053e+00  2.000000e+01
   endloop
 endfacet
 facet normal -3.810986e-01  9.245344e-01 -2.052879e-16
   outer loop
     vertex -2.362475e+00  5.515316e+00  4.000000e+01
     vertex -2.210278e+00  5.578053e+00  2.000000e+01
     vertex -2.362475e+00  5.515316e+00  2.000000e+01
   endloop
 endfacet
 facet normal -4.063188e-01  9.137314e-01 -2.028891e-16
   outer loop
     vertex -2.362475e+00  5.515316e+00  4.000000e+01
     vertex -2.362475e+00  5.515316e+00  2.000000e+01
     vertex -2.512893e+00  5.448428e+00  2.000000e+01
   endloop
 endfacet
 facet normal -4.063188e-01  9.137314e-01 -2.028891e-16
   outer loop
     vertex -2.512893e+00  5.448428e+00  4.000000e+01
     vertex -2.362475e+00  5.515316e+00  4.000000e+01
     vertex -2.512893e+00  5.448428e+00  2.000000e+01
   endloop
 endfacet
 facet normal -4.312333e-01  9.022405e-01 -2.001814e-16
   outer loop
     vertex -2.661419e+00  5.377439e+00  4.000000e+01
     vertex -2.512893e+00  5.448428e+00  4.000000e+01
     vertex -2.512893e+00  5.448428e+00  2.000000e+01
   endloop
 endfacet
 facet normal -4.312333e-01  9.022405e-01 -2.003376e-16
   outer loop
     vertex -2.661419e+00  5.377439e+00  4.000000e+01
     vertex -2.512893e+00  5.448428e+00  2.000000e+01
     vertex -2.661419e+00  5.377439e+00  2.000000e+01
   endloop
 endfacet
 facet normal -4.558231e-01  8.900704e-01 -1.974668e-16
   outer loop
     vertex -2.807943e+00  5.302401e+00  4.000000e+01
     vertex -2.661419e+00  5.377439e+00  4.000000e+01
     vertex -2.661419e+00  5.377439e+00  2.000000e+01
   endloop
 endfacet
 facet normal -4.558231e-01  8.900704e-01 -1.976353e-16
   outer loop
     vertex -2.807943e+00  5.302401e+00  4.000000e+01
     vertex -2.661419e+00  5.377439e+00  2.000000e+01
     vertex -2.807943e+00  5.302401e+00  2.000000e+01
   endloop
 endfacet
 facet normal -4.800697e-01  8.772303e-01 -1.947843e-16
   outer loop
     vertex -2.807943e+00  5.302401e+00  4.000000e+01
     vertex -2.807943e+00  5.302401e+00  2.000000e+01
     vertex -2.952352e+00  5.223372e+00  2.000000e+01
   endloop
 endfacet
 facet normal -4.800697e-01  8.772303e-01 -1.947843e-16
   outer loop
     vertex -2.952352e+00  5.223372e+00  4.000000e+01
     vertex -2.807943e+00  5.302401e+00  4.000000e+01
     vertex -2.952352e+00  5.223372e+00  2.000000e+01
   endloop
 endfacet
 facet normal -5.039550e-01  8.637299e-01 -1.917865e-16
   outer loop
     vertex -3.094539e+00  5.140411e+00  4.000000e+01
     vertex -2.952352e+00  5.223372e+00  4.000000e+01
     vertex -2.952352e+00  5.223372e+00  2.000000e+01
   endloop
 endfacet
 facet normal -5.039550e-01  8.637299e-01 -1.917866e-16
   outer loop
     vertex -3.094539e+00  5.140411e+00  4.000000e+01
     vertex -2.952352e+00  5.223372e+00  2.000000e+01
     vertex -3.094539e+00  5.140411e+00  2.000000e+01
   endloop
 endfacet
 facet normal -5.274609e-01  8.495793e-01 -1.888681e-16
   outer loop
     vertex -3.234397e+00  5.053581e+00  4.000000e+01
     vertex -3.094539e+00  5.140411e+00  4.000000e+01
     vertex -3.094539e+00  5.140411e+00  2.000000e+01
   endloop
 endfacet
 facet normal -5.274609e-01  8.495793e-01 -1.886445e-16
   outer loop
     vertex -3.234397e+00  5.053581e+00  4.000000e+01
     vertex -3.094539e+00  5.140411e+00  2.000000e+01
     vertex -3.234397e+00  5.053581e+00  2.000000e+01
   endloop
 endfacet
 facet normal -5.505698e-01  8.347891e-01 -1.853604e-16
   outer loop
     vertex -3.234397e+00  5.053581e+00  4.000000e+01
     vertex -3.234397e+00  5.053581e+00  2.000000e+01
     vertex -3.371819e+00  4.962946e+00  2.000000e+01
   endloop
 endfacet
 facet normal -5.505698e-01  8.347891e-01 -1.853604e-16
   outer loop
     vertex -3.371819e+00  4.962946e+00  4.000000e+01
     vertex -3.234397e+00  5.053581e+00  4.000000e+01
     vertex -3.371819e+00  4.962946e+00  2.000000e+01
   endloop
 endfacet
 facet normal -5.732642e-01  8.193706e-01 -1.817732e-16
   outer loop
     vertex -3.506704e+00  4.868575e+00  4.000000e+01
     vertex -3.371819e+00  4.962946e+00  4.000000e+01
     vertex -3.371819e+00  4.962946e+00  2.000000e+01
   endloop
 endfacet
 facet normal -5.732642e-01  8.193706e-01 -1.819368e-16
   outer loop
     vertex -3.506704e+00  4.868575e+00  4.000000e+01
     vertex -3.371819e+00  4.962946e+00  2.000000e+01
     vertex -3.506704e+00  4.868575e+00  2.000000e+01
   endloop
 endfacet
 facet normal -5.955271e-01  8.033352e-01 -1.783762e-16
   outer loop
     vertex -3.638949e+00  4.770540e+00  4.000000e+01
     vertex -3.506704e+00  4.868575e+00  2.000000e+01
     vertex -3.638949e+00  4.770540e+00  2.000000e+01
   endloop
 endfacet
 facet normal -5.955271e-01  8.033352e-01 -1.782504e-16
   outer loop
     vertex -3.638949e+00  4.770540e+00  4.000000e+01
     vertex -3.506704e+00  4.868575e+00  4.000000e+01
     vertex -3.506704e+00  4.868575e+00  2.000000e+01
   endloop
 endfacet
 facet normal -6.173417e-01  7.866951e-01 -1.746814e-16
   outer loop
     vertex -3.638949e+00  4.770540e+00  4.000000e+01
     vertex -3.638949e+00  4.770540e+00  2.000000e+01
     vertex -3.768454e+00  4.668913e+00  2.000000e+01
   endloop
 endfacet
 facet normal -6.173417e-01  7.866951e-01 -1.746814e-16
   outer loop
     vertex -3.768454e+00  4.668913e+00  4.000000e+01
     vertex -3.638949e+00  4.770540e+00  4.000000e+01
     vertex -3.768454e+00  4.668913e+00  2.000000e+01
   endloop
 endfacet
 facet normal -6.386916e-01  7.694628e-01 -1.708551e-16
   outer loop
     vertex -3.895123e+00  4.563772e+00  4.000000e+01
     vertex -3.768454e+00  4.668913e+00  2.000000e+01
     vertex -3.895123e+00  4.563772e+00  2.000000e+01
   endloop
 endfacet
 facet normal -6.386916e-01  7.694628e-01 -1.711034e-16
   outer loop
     vertex -3.895123e+00  4.563772e+00  4.000000e+01
     vertex -3.768454e+00  4.668913e+00  4.000000e+01
     vertex -3.768454e+00  4.668913e+00  2.000000e+01
   endloop
 endfacet
 facet normal -6.595607e-01  7.516513e-01 -1.669001e-16
   outer loop
     vertex -4.018860e+00  4.455195e+00  4.000000e+01
     vertex -3.895123e+00  4.563772e+00  2.000000e+01
     vertex -4.018860e+00  4.455195e+00  2.000000e+01
   endloop
 endfacet
 facet normal -6.595607e-01  7.516513e-01 -1.671399e-16
   outer loop
     vertex -4.018860e+00  4.455195e+00  4.000000e+01
     vertex -3.895123e+00  4.563772e+00  4.000000e+01
     vertex -3.895123e+00  4.563772e+00  2.000000e+01
   endloop
 endfacet
 facet normal -6.799333e-01  7.332740e-01 -1.628195e-16
   outer loop
     vertex -4.139571e+00  4.343265e+00  4.000000e+01
     vertex -4.018860e+00  4.455195e+00  2.000000e+01
     vertex -4.139571e+00  4.343265e+00  2.000000e+01
   endloop
 endfacet
 facet normal -6.997940e-01  7.143447e-01 -1.586164e-16
   outer loop
     vertex -4.139571e+00  4.343265e+00  4.000000e+01
     vertex -4.139571e+00  4.343265e+00  2.000000e+01
     vertex -4.257167e+00  4.228065e+00  2.000000e+01
   endloop
 endfacet
 facet normal -6.799333e-01  7.332740e-01 -1.626513e-16
   outer loop
     vertex -4.139571e+00  4.343265e+00  4.000000e+01
     vertex -4.018860e+00  4.455195e+00  4.000000e+01
     vertex -4.018860e+00  4.455195e+00  2.000000e+01
   endloop
 endfacet
 facet normal -6.997940e-01  7.143447e-01 -1.586164e-16
   outer loop
     vertex -4.257167e+00  4.228065e+00  4.000000e+01
     vertex -4.139571e+00  4.343265e+00  4.000000e+01
     vertex -4.257167e+00  4.228065e+00  2.000000e+01
   endloop
 endfacet
 facet normal -7.191280e-01  6.948776e-01 -1.542022e-16
   outer loop
     vertex -4.371557e+00  4.109682e+00  4.000000e+01
     vertex -4.257167e+00  4.228065e+00  4.000000e+01
     vertex -4.257167e+00  4.228065e+00  2.000000e+01
   endloop
 endfacet
 facet normal -7.191280e-01  6.948776e-01 -1.542938e-16
   outer loop
     vertex -4.371557e+00  4.109682e+00  4.000000e+01
     vertex -4.257167e+00  4.228065e+00  2.000000e+01
     vertex -4.371557e+00  4.109682e+00  2.000000e+01
   endloop
 endfacet
 facet normal -7.379206e-01  6.748875e-01 -1.498002e-16
   outer loop
     vertex -4.482657e+00  3.988206e+00  4.000000e+01
     vertex -4.371557e+00  4.109682e+00  4.000000e+01
     vertex -4.371557e+00  4.109682e+00  2.000000e+01
   endloop
 endfacet
 facet normal -7.379206e-01  6.748875e-01 -1.498551e-16
   outer loop
     vertex -4.482657e+00  3.988206e+00  4.000000e+01
     vertex -4.371557e+00  4.109682e+00  2.000000e+01
     vertex -4.482657e+00  3.988206e+00  2.000000e+01
   endloop
 endfacet
 facet normal -7.561578e-01  6.543893e-01 -1.453036e-16
   outer loop
     vertex -4.482657e+00  3.988206e+00  4.000000e+01
     vertex -4.482657e+00  3.988206e+00  2.000000e+01
     vertex -4.590382e+00  3.863727e+00  2.000000e+01
   endloop
 endfacet
 facet normal -7.561578e-01  6.543893e-01 -1.453036e-16
   outer loop
     vertex -4.590382e+00  3.863727e+00  4.000000e+01
     vertex -4.482657e+00  3.988206e+00  4.000000e+01
     vertex -4.590382e+00  3.863727e+00  2.000000e+01
   endloop
 endfacet
 facet normal -7.738257e-01  6.333986e-01 -1.404496e-16
   outer loop
     vertex -4.694652e+00  3.736340e+00  4.000000e+01
     vertex -4.590382e+00  3.863727e+00  4.000000e+01
     vertex -4.590382e+00  3.863727e+00  2.000000e+01
   endloop
 endfacet
 facet normal -7.738257e-01  6.333986e-01 -1.406427e-16
   outer loop
     vertex -4.694652e+00  3.736340e+00  4.000000e+01
     vertex -4.590382e+00  3.863727e+00  2.000000e+01
     vertex -4.694652e+00  3.736340e+00  2.000000e+01
   endloop
 endfacet
 facet normal -7.909112e-01  6.119310e-01 -1.359380e-16
   outer loop
     vertex -4.795388e+00  3.606141e+00  4.000000e+01
     vertex -4.694652e+00  3.736340e+00  4.000000e+01
     vertex -4.694652e+00  3.736340e+00  2.000000e+01
   endloop
 endfacet
 facet normal -7.909112e-01  6.119310e-01 -1.358760e-16
   outer loop
     vertex -4.795388e+00  3.606141e+00  4.000000e+01
     vertex -4.694652e+00  3.736340e+00  2.000000e+01
     vertex -4.795388e+00  3.606141e+00  2.000000e+01
   endloop
 endfacet
 facet normal -8.074012e-01  5.900028e-01 -1.311806e-16
   outer loop
     vertex -4.892514e+00  3.473226e+00  4.000000e+01
     vertex -4.795388e+00  3.606141e+00  4.000000e+01
     vertex -4.795388e+00  3.606141e+00  2.000000e+01
   endloop
 endfacet
 facet normal -8.074012e-01  5.900028e-01 -1.310069e-16
   outer loop
     vertex -4.892514e+00  3.473226e+00  4.000000e+01
     vertex -4.795388e+00  3.606141e+00  2.000000e+01
     vertex -4.892514e+00  3.473226e+00  2.000000e+01
   endloop
 endfacet
 facet normal -8.232835e-01  5.676304e-01 -1.260393e-16
   outer loop
     vertex -4.892514e+00  3.473226e+00  4.000000e+01
     vertex -4.892514e+00  3.473226e+00  2.000000e+01
     vertex -4.985958e+00  3.337698e+00  2.000000e+01
   endloop
 endfacet
 facet normal -8.232835e-01  5.676304e-01 -1.260393e-16
   outer loop
     vertex -4.985958e+00  3.337698e+00  4.000000e+01
     vertex -4.892514e+00  3.473226e+00  4.000000e+01
     vertex -4.985958e+00  3.337698e+00  2.000000e+01
   endloop
 endfacet
 facet normal -8.385460e-01  5.448308e-01 -1.209767e-16
   outer loop
     vertex -4.985958e+00  3.337698e+00  4.000000e+01
     vertex -4.985958e+00  3.337698e+00  2.000000e+01
     vertex -5.075648e+00  3.199656e+00  2.000000e+01
   endloop
 endfacet
 facet normal -8.385460e-01  5.448308e-01 -1.209767e-16
   outer loop
     vertex -5.075648e+00  3.199656e+00  4.000000e+01
     vertex -4.985958e+00  3.337698e+00  4.000000e+01
     vertex -5.075648e+00  3.199656e+00  2.000000e+01
   endloop
 endfacet
 facet normal -8.531773e-01  5.216210e-01 -1.158231e-16
   outer loop
     vertex -5.075648e+00  3.199656e+00  4.000000e+01
     vertex -5.075648e+00  3.199656e+00  2.000000e+01
     vertex -5.161517e+00  3.059207e+00  2.000000e+01
   endloop
 endfacet
 facet normal -8.531773e-01  5.216210e-01 -1.158231e-16
   outer loop
     vertex -5.161517e+00  3.059207e+00  4.000000e+01
     vertex -5.075648e+00  3.199656e+00  4.000000e+01
     vertex -5.161517e+00  3.059207e+00  2.000000e+01
   endloop
 endfacet
 facet normal -8.671664e-01  4.980186e-01 -1.103778e-16
   outer loop
     vertex -5.243500e+00  2.916454e+00  4.000000e+01
     vertex -5.161517e+00  3.059207e+00  4.000000e+01
     vertex -5.161517e+00  3.059207e+00  2.000000e+01
   endloop
 endfacet
 facet normal -8.671664e-01  4.980186e-01 -1.105823e-16
   outer loop
     vertex -5.243500e+00  2.916454e+00  4.000000e+01
     vertex -5.161517e+00  3.059207e+00  2.000000e+01
     vertex -5.243500e+00  2.916454e+00  2.000000e+01
   endloop
 endfacet
 facet normal -8.805026e-01  4.740412e-01 -1.050500e-16
   outer loop
     vertex -5.321537e+00  2.771506e+00  4.000000e+01
     vertex -5.243500e+00  2.916454e+00  4.000000e+01
     vertex -5.243500e+00  2.916454e+00  2.000000e+01
   endloop
 endfacet
 facet normal -8.805026e-01  4.740412e-01 -1.052583e-16
   outer loop
     vertex -5.321537e+00  2.771506e+00  4.000000e+01
     vertex -5.243500e+00  2.916454e+00  2.000000e+01
     vertex -5.321537e+00  2.771506e+00  2.000000e+01
   endloop
 endfacet
 facet normal -8.931761e-01  4.497071e-01 -9.984500e-17
   outer loop
     vertex -5.395568e+00  2.624471e+00  4.000000e+01
     vertex -5.321537e+00  2.771506e+00  4.000000e+01
     vertex -5.321537e+00  2.771506e+00  2.000000e+01
   endloop
 endfacet
 facet normal -8.931761e-01  4.497071e-01 -9.985503e-17
   outer loop
     vertex -5.395568e+00  2.624471e+00  4.000000e+01
     vertex -5.321537e+00  2.771506e+00  2.000000e+01
     vertex -5.395568e+00  2.624471e+00  2.000000e+01
   endloop
 endfacet
 facet normal -9.051772e-01  4.250344e-01 -9.441020e-17
   outer loop
     vertex -5.465537e+00  2.475461e+00  4.000000e+01
     vertex -5.395568e+00  2.624471e+00  4.000000e+01
     vertex -5.395568e+00  2.624471e+00  2.000000e+01
   endloop
 endfacet
 facet normal -9.051772e-01  4.250344e-01 -9.437659e-17
   outer loop
     vertex -5.465537e+00  2.475461e+00  4.000000e+01
     vertex -5.395568e+00  2.624471e+00  2.000000e+01
     vertex -5.465537e+00  2.475461e+00  2.000000e+01
   endloop
 endfacet
 facet normal -9.164969e-01  4.000417e-01 -8.882710e-17
   outer loop
     vertex -5.465537e+00  2.475461e+00  4.000000e+01
     vertex -5.465537e+00  2.475461e+00  2.000000e+01
     vertex -5.531392e+00  2.324588e+00  2.000000e+01
   endloop
 endfacet
 facet normal -9.164969e-01  4.000417e-01 -8.882710e-17
   outer loop
     vertex -5.531392e+00  2.324588e+00  4.000000e+01
     vertex -5.465537e+00  2.475461e+00  4.000000e+01
     vertex -5.531392e+00  2.324588e+00  2.000000e+01
   endloop
 endfacet
 facet normal -9.271267e-01  3.747479e-01 -8.321075e-17
   outer loop
     vertex -5.593082e+00  2.171964e+00  4.000000e+01
     vertex -5.531392e+00  2.324588e+00  2.000000e+01
     vertex -5.593082e+00  2.171964e+00  2.000000e+01
   endloop
 endfacet
 facet normal -9.271267e-01  3.747479e-01 -8.302968e-17
   outer loop
     vertex -5.593082e+00  2.171964e+00  4.000000e+01
     vertex -5.531392e+00  2.324588e+00  4.000000e+01
     vertex -5.531392e+00  2.324588e+00  2.000000e+01
   endloop
 endfacet
 facet normal -9.370586e-01  3.491720e-01 -7.753177e-17
   outer loop
     vertex -5.650563e+00  2.017706e+00  4.000000e+01
     vertex -5.593082e+00  2.171964e+00  2.000000e+01
     vertex -5.650563e+00  2.017706e+00  2.000000e+01
   endloop
 endfacet
 facet normal -9.462851e-01  3.233333e-01 -7.179441e-17
   outer loop
     vertex -5.650563e+00  2.017706e+00  4.000000e+01
     vertex -5.650563e+00  2.017706e+00  2.000000e+01
     vertex -5.703790e+00  1.861929e+00  2.000000e+01
   endloop
 endfacet
 facet normal -9.370586e-01  3.491720e-01 -7.751593e-17
   outer loop
     vertex -5.650563e+00  2.017706e+00  4.000000e+01
     vertex -5.593082e+00  2.171964e+00  4.000000e+01
     vertex -5.593082e+00  2.171964e+00  2.000000e+01
   endloop
 endfacet
 facet normal -9.462851e-01  3.233333e-01 -7.179441e-17
   outer loop
     vertex -5.703790e+00  1.861929e+00  4.000000e+01
     vertex -5.650563e+00  2.017706e+00  4.000000e+01
     vertex -5.703790e+00  1.861929e+00  2.000000e+01
   endloop
 endfacet
 facet normal -9.547993e-01  2.972512e-01 -6.600302e-17
   outer loop
     vertex -5.752724e+00  1.704750e+00  4.000000e+01
     vertex -5.703790e+00  1.861929e+00  2.000000e+01
     vertex -5.752724e+00  1.704750e+00  2.000000e+01
   endloop
 endfacet
 facet normal -9.547993e-01  2.972512e-01 -6.597040e-17
   outer loop
     vertex -5.752724e+00  1.704750e+00  4.000000e+01
     vertex -5.703790e+00  1.861929e+00  4.000000e+01
     vertex -5.703790e+00  1.861929e+00  2.000000e+01
   endloop
 endfacet
 facet normal -9.625948e-01  2.709453e-01 -6.016194e-17
   outer loop
     vertex -5.797327e+00  1.546288e+00  4.000000e+01
     vertex -5.752724e+00  1.704750e+00  2.000000e+01
     vertex -5.797327e+00  1.546288e+00  2.000000e+01
   endloop
 endfacet
 facet normal -9.696656e-01  2.444354e-01 -5.427557e-17
   outer loop
     vertex -5.797327e+00  1.546288e+00  4.000000e+01
     vertex -5.797327e+00  1.546288e+00  2.000000e+01
     vertex -5.837565e+00  1.386661e+00  2.000000e+01
   endloop
 endfacet
 facet normal -9.625948e-01  2.709453e-01 -6.027439e-17
   outer loop
     vertex -5.797327e+00  1.546288e+00  4.000000e+01
     vertex -5.752724e+00  1.704750e+00  4.000000e+01
     vertex -5.752724e+00  1.704750e+00  2.000000e+01
   endloop
 endfacet
 facet normal -9.696656e-01  2.444354e-01 -5.427557e-17
   outer loop
     vertex -5.837565e+00  1.386661e+00  4.000000e+01
     vertex -5.797327e+00  1.546288e+00  4.000000e+01
     vertex -5.837565e+00  1.386661e+00  2.000000e+01
   endloop
 endfacet
 facet normal -9.760065e-01  2.177416e-01 -4.834834e-17
   outer loop
     vertex -5.873410e+00  1.225992e+00  4.000000e+01
     vertex -5.837565e+00  1.386661e+00  2.000000e+01
     vertex -5.873410e+00  1.225992e+00  2.000000e+01
   endloop
 endfacet
 facet normal -9.816126e-01  1.908838e-01 -4.238472e-17
   outer loop
     vertex -5.873410e+00  1.225992e+00  4.000000e+01
     vertex -5.873410e+00  1.225992e+00  2.000000e+01
     vertex -5.904833e+00  1.064399e+00  2.000000e+01
   endloop
 endfacet
 facet normal -9.760065e-01  2.177416e-01 -4.844750e-17
   outer loop
     vertex -5.873410e+00  1.225992e+00  4.000000e+01
     vertex -5.837565e+00  1.386661e+00  4.000000e+01
     vertex -5.837565e+00  1.386661e+00  2.000000e+01
   endloop
 endfacet
 facet normal -9.816126e-01  1.908838e-01 -4.238472e-17
   outer loop
     vertex -5.904833e+00  1.064399e+00  4.000000e+01
     vertex -5.873410e+00  1.225992e+00  4.000000e+01
     vertex -5.904833e+00  1.064399e+00  2.000000e+01
   endloop
 endfacet
 facet normal -9.864799e-01  1.638824e-01 -3.638919e-17
   outer loop
     vertex -5.931812e+00  9.020046e-01  4.000000e+01
     vertex -5.904833e+00  1.064399e+00  2.000000e+01
     vertex -5.931812e+00  9.020046e-01  2.000000e+01
   endloop
 endfacet
 facet normal -9.864799e-01  1.638824e-01 -3.645338e-17
   outer loop
     vertex -5.931812e+00  9.020046e-01  4.000000e+01
     vertex -5.904833e+00  1.064399e+00  4.000000e+01
     vertex -5.904833e+00  1.064399e+00  2.000000e+01
   endloop
 endfacet
 facet normal -9.906046e-01  1.367575e-01 -3.036627e-17
   outer loop
     vertex -5.954325e+00  7.389315e-01  4.000000e+01
     vertex -5.931812e+00  9.020046e-01  2.000000e+01
     vertex -5.954325e+00  7.389315e-01  2.000000e+01
   endloop
 endfacet
 facet normal -9.939835e-01  1.095298e-01 -2.432049e-17
   outer loop
     vertex -5.954325e+00  7.389315e-01  4.000000e+01
     vertex -5.954325e+00  7.389315e-01  2.000000e+01
     vertex -5.972355e+00  5.753021e-01  2.000000e+01
   endloop
 endfacet
 facet normal -9.906046e-01  1.367575e-01 -3.036523e-17
   outer loop
     vertex -5.954325e+00  7.389315e-01  4.000000e+01
     vertex -5.931812e+00  9.020046e-01  4.000000e+01
     vertex -5.931812e+00  9.020046e-01  2.000000e+01
   endloop
 endfacet
 facet normal -9.939835e-01  1.095298e-01 -2.432049e-17
   outer loop
     vertex -5.972355e+00  5.753021e-01  4.000000e+01
     vertex -5.954325e+00  7.389315e-01  4.000000e+01
     vertex -5.972355e+00  5.753021e-01  2.000000e+01
   endloop
 endfacet
 facet normal -9.966142e-01  8.221955e-02 -1.821378e-17
   outer loop
     vertex -5.985890e+00  4.112397e-01  4.000000e+01
     vertex -5.972355e+00  5.753021e-01  4.000000e+01
     vertex -5.972355e+00  5.753021e-01  2.000000e+01
   endloop
 endfacet
 facet normal -9.966142e-01  8.221955e-02 -1.825641e-17
   outer loop
     vertex -5.985890e+00  4.112397e-01  4.000000e+01
     vertex -5.972355e+00  5.753021e-01  2.000000e+01
     vertex -5.985890e+00  4.112397e-01  2.000000e+01
   endloop
 endfacet
 facet normal -9.984947e-01  5.484744e-02 -1.219297e-17
   outer loop
     vertex -5.994919e+00  2.468677e-01  4.000000e+01
     vertex -5.985890e+00  4.112397e-01  4.000000e+01
     vertex -5.985890e+00  4.112397e-01  2.000000e+01
   endloop
 endfacet
 facet normal -9.984947e-01  5.484744e-02 -1.217858e-17
   outer loop
     vertex -5.994919e+00  2.468677e-01  4.000000e+01
     vertex -5.985890e+00  4.112397e-01  2.000000e+01
     vertex -5.994919e+00  2.468677e-01  2.000000e+01
   endloop
 endfacet
 facet normal -9.996236e-01  2.743405e-02 -6.091582e-18
   outer loop
     vertex -5.999435e+00  8.230989e-02  4.000000e+01
     vertex -5.994919e+00  2.468677e-01  2.000000e+01
     vertex -5.999435e+00  8.230989e-02  2.000000e+01
   endloop
 endfacet
 facet normal -9.996236e-01  2.743405e-02 -6.084535e-18
   outer loop
     vertex -5.999435e+00  8.230989e-02  4.000000e+01
     vertex -5.994919e+00  2.468677e-01  4.000000e+01
     vertex -5.994919e+00  2.468677e-01  2.000000e+01
   endloop
 endfacet
 facet normal -1.000000e+00  0.000000e+00 -0.000000e+00
   outer loop
     vertex -5.999435e+00 -8.230989e-02  4.000000e+01
     vertex -5.999435e+00  8.230989e-02  2.000000e+01
     vertex -5.999435e+00 -8.230989e-02  2.000000e+01
   endloop
 endfacet
 facet normal -1.000000e+00  0.000000e+00  0.000000e+00
   outer loop
     vertex -5.999435e+00 -8.230989e-02  4.000000e+01
     vertex -5.999435e+00  8.230989e-02  4.000000e+01
     vertex -5.999435e+00  8.230989e-02  2.000000e+01
   endloop
 endfacet
 facet normal -9.996236e-01 -2.743405e-02  6.091582e-18
   outer loop
     vertex -5.999435e+00 -8.230989e-02  4.000000e+01
     vertex -5.999435e+00 -8.230989e-02  2.000000e+01
     vertex -5.994919e+00 -2.468677e-01  2.000000e+01
   endloop
 endfacet
 facet normal -9.996236e-01 -2.743405e-02  6.091582e-18
   outer loop
     vertex -5.994919e+00 -2.468677e-01  4.000000e+01
     vertex -5.999435e+00 -8.230989e-02  4.000000e+01
     vertex -5.994919e+00 -2.468677e-01  2.000000e+01
   endloop
 endfacet
 facet normal -9.984947e-01 -5.484744e-02  1.217858e-17
   outer loop
     vertex -5.985890e+00 -4.112397e-01  4.000000e+01
     vertex -5.994919e+00 -2.468677e-01  2.000000e+01
     vertex -5.985890e+00 -4.112397e-01  2.000000e+01
   endloop
 endfacet
 facet normal -9.984947e-01 -5.484744e-02  1.215050e-17
   outer loop
     vertex -5.985890e+00 -4.112397e-01  4.000000e+01
     vertex -5.994919e+00 -2.468677e-01  4.000000e+01
     vertex -5.994919e+00 -2.468677e-01  2.000000e+01
   endloop
 endfacet
 facet normal -9.966142e-01 -8.221955e-02  1.825641e-17
   outer loop
     vertex -5.972355e+00 -5.753021e-01  4.000000e+01
     vertex -5.985890e+00 -4.112397e-01  2.000000e+01
     vertex -5.972355e+00 -5.753021e-01  2.000000e+01
   endloop
 endfacet
 facet normal -9.966142e-01 -8.221955e-02  1.831033e-17
   outer loop
     vertex -5.972355e+00 -5.753021e-01  4.000000e+01
     vertex -5.985890e+00 -4.112397e-01  4.000000e+01
     vertex -5.985890e+00 -4.112397e-01  2.000000e+01
   endloop
 endfacet
 facet normal -9.939835e-01 -1.095298e-01  2.432049e-17
   outer loop
     vertex -5.954325e+00 -7.389315e-01  4.000000e+01
     vertex -5.972355e+00 -5.753021e-01  2.000000e+01
     vertex -5.954325e+00 -7.389315e-01  2.000000e+01
   endloop
 endfacet
 facet normal -9.906046e-01 -1.367575e-01  3.036627e-17
   outer loop
     vertex -5.954325e+00 -7.389315e-01  4.000000e+01
     vertex -5.954325e+00 -7.389315e-01  2.000000e+01
     vertex -5.931812e+00 -9.020046e-01  2.000000e+01
   endloop
 endfacet
 facet normal -9.939835e-01 -1.095298e-01  2.437558e-17
   outer loop
     vertex -5.954325e+00 -7.389315e-01  4.000000e+01
     vertex -5.972355e+00 -5.753021e-01  4.000000e+01
     vertex -5.972355e+00 -5.753021e-01  2.000000e+01
   endloop
 endfacet
 facet normal -9.906046e-01 -1.367575e-01  3.036627e-17
   outer loop
     vertex -5.931812e+00 -9.020046e-01  4.000000e+01
     vertex -5.954325e+00 -7.389315e-01  4.000000e+01
     vertex -5.931812e+00 -9.020046e-01  2.000000e+01
   endloop
 endfacet
 facet normal -9.864799e-01 -1.638824e-01  3.638919e-17
   outer loop
     vertex -5.904833e+00 -1.064399e+00  4.000000e+01
     vertex -5.931812e+00 -9.020046e-01  2.000000e+01
     vertex -5.904833e+00 -1.064399e+00  2.000000e+01
   endloop
 endfacet
 facet normal -9.864799e-01 -1.638824e-01  3.627512e-17
   outer loop
     vertex -5.904833e+00 -1.064399e+00  4.000000e+01
     vertex -5.931812e+00 -9.020046e-01  4.000000e+01
     vertex -5.931812e+00 -9.020046e-01  2.000000e+01
   endloop
 endfacet
 facet normal -9.816126e-01 -1.908838e-01  4.238472e-17
   outer loop
     vertex -5.873410e+00 -1.225992e+00  4.000000e+01
     vertex -5.904833e+00 -1.064399e+00  2.000000e+01
     vertex -5.873410e+00 -1.225992e+00  2.000000e+01
   endloop
 endfacet
 facet normal -9.816126e-01 -1.908838e-01  4.228361e-17
   outer loop
     vertex -5.873410e+00 -1.225992e+00  4.000000e+01
     vertex -5.904833e+00 -1.064399e+00  4.000000e+01
     vertex -5.904833e+00 -1.064399e+00  2.000000e+01
   endloop
 endfacet
 facet normal -9.760065e-01 -2.177416e-01  4.834834e-17
   outer loop
     vertex -5.837565e+00 -1.386661e+00  4.000000e+01
     vertex -5.873410e+00 -1.225992e+00  2.000000e+01
     vertex -5.837565e+00 -1.386661e+00  2.000000e+01
   endloop
 endfacet
 facet normal -9.760065e-01 -2.177416e-01  4.840176e-17
   outer loop
     vertex -5.837565e+00 -1.386661e+00  4.000000e+01
     vertex -5.873410e+00 -1.225992e+00  4.000000e+01
     vertex -5.873410e+00 -1.225992e+00  2.000000e+01
   endloop
 endfacet
 facet normal -9.696656e-01 -2.444354e-01  5.427557e-17
   outer loop
     vertex -5.797327e+00 -1.546288e+00  4.000000e+01
     vertex -5.837565e+00 -1.386661e+00  2.000000e+01
     vertex -5.797327e+00 -1.546288e+00  2.000000e+01
   endloop
 endfacet
 facet normal -9.696656e-01 -2.444354e-01  5.434994e-17
   outer loop
     vertex -5.797327e+00 -1.546288e+00  4.000000e+01
     vertex -5.837565e+00 -1.386661e+00  4.000000e+01
     vertex -5.837565e+00 -1.386661e+00  2.000000e+01
   endloop
 endfacet
 facet normal -9.625948e-01 -2.709453e-01  6.016194e-17
   outer loop
     vertex -5.752724e+00 -1.704750e+00  4.000000e+01
     vertex -5.797327e+00 -1.546288e+00  2.000000e+01
     vertex -5.752724e+00 -1.704750e+00  2.000000e+01
   endloop
 endfacet
 facet normal -9.625948e-01 -2.709453e-01  6.009163e-17
   outer loop
     vertex -5.752724e+00 -1.704750e+00  4.000000e+01
     vertex -5.797327e+00 -1.546288e+00  4.000000e+01
     vertex -5.797327e+00 -1.546288e+00  2.000000e+01
   endloop
 endfacet
 facet normal -9.547993e-01 -2.972512e-01  6.600302e-17
   outer loop
     vertex -5.703790e+00 -1.861929e+00  4.000000e+01
     vertex -5.752724e+00 -1.704750e+00  2.000000e+01
     vertex -5.703790e+00 -1.861929e+00  2.000000e+01
   endloop
 endfacet
 facet normal -9.547993e-01 -2.972512e-01  6.599748e-17
   outer loop
     vertex -5.703790e+00 -1.861929e+00  4.000000e+01
     vertex -5.752724e+00 -1.704750e+00  4.000000e+01
     vertex -5.752724e+00 -1.704750e+00  2.000000e+01
   endloop
 endfacet
 facet normal -9.462851e-01 -3.233333e-01  7.179441e-17
   outer loop
     vertex -5.650563e+00 -2.017706e+00  4.000000e+01
     vertex -5.703790e+00 -1.861929e+00  2.000000e+01
     vertex -5.650563e+00 -2.017706e+00  2.000000e+01
   endloop
 endfacet
 facet normal -9.462851e-01 -3.233333e-01  7.154798e-17
   outer loop
     vertex -5.650563e+00 -2.017706e+00  4.000000e+01
     vertex -5.703790e+00 -1.861929e+00  4.000000e+01
     vertex -5.703790e+00 -1.861929e+00  2.000000e+01
   endloop
 endfacet
 facet normal -9.370586e-01 -3.491720e-01  7.753177e-17
   outer loop
     vertex -5.593082e+00 -2.171964e+00  4.000000e+01
     vertex -5.650563e+00 -2.017706e+00  2.000000e+01
     vertex -5.593082e+00 -2.171964e+00  2.000000e+01
   endloop
 endfacet
 facet normal -9.370586e-01 -3.491720e-01  7.753670e-17
   outer loop
     vertex -5.593082e+00 -2.171964e+00  4.000000e+01
     vertex -5.650563e+00 -2.017706e+00  4.000000e+01
     vertex -5.650563e+00 -2.017706e+00  2.000000e+01
   endloop
 endfacet
 facet normal -9.271267e-01 -3.747479e-01  8.321075e-17
   outer loop
     vertex -5.531392e+00 -2.324588e+00  4.000000e+01
     vertex -5.593082e+00 -2.171964e+00  2.000000e+01
     vertex -5.531392e+00 -2.324588e+00  2.000000e+01
   endloop
 endfacet
 facet normal -9.164969e-01 -4.000417e-01  8.882710e-17
   outer loop
     vertex -5.531392e+00 -2.324588e+00  4.000000e+01
     vertex -5.531392e+00 -2.324588e+00  2.000000e+01
     vertex -5.465537e+00 -2.475461e+00  2.000000e+01
   endloop
 endfacet
 facet normal -9.271267e-01 -3.747479e-01  8.318742e-17
   outer loop
     vertex -5.531392e+00 -2.324588e+00  4.000000e+01
     vertex -5.593082e+00 -2.171964e+00  4.000000e+01
     vertex -5.593082e+00 -2.171964e+00  2.000000e+01
   endloop
 endfacet
 facet normal -9.164969e-01 -4.000417e-01  8.882710e-17
   outer loop
     vertex -5.465537e+00 -2.475461e+00  4.000000e+01
     vertex -5.531392e+00 -2.324588e+00  4.000000e+01
     vertex -5.465537e+00 -2.475461e+00  2.000000e+01
   endloop
 endfacet
 facet normal -9.051772e-01 -4.250344e-01  9.437659e-17
   outer loop
     vertex -5.395568e+00 -2.624471e+00  4.000000e+01
     vertex -5.465537e+00 -2.475461e+00  2.000000e+01
     vertex -5.395568e+00 -2.624471e+00  2.000000e+01
   endloop
 endfacet
 facet normal -9.051772e-01 -4.250344e-01  9.420941e-17
   outer loop
     vertex -5.395568e+00 -2.624471e+00  4.000000e+01
     vertex -5.465537e+00 -2.475461e+00  4.000000e+01
     vertex -5.465537e+00 -2.475461e+00  2.000000e+01
   endloop
 endfacet
 facet normal -8.931761e-01 -4.497071e-01  9.985503e-17
   outer loop
     vertex -5.321537e+00 -2.771506e+00  4.000000e+01
     vertex -5.395568e+00 -2.624471e+00  2.000000e+01
     vertex -5.321537e+00 -2.771506e+00  2.000000e+01
   endloop
 endfacet
 facet normal -8.931761e-01 -4.497071e-01  9.964588e-17
   outer loop
     vertex -5.321537e+00 -2.771506e+00  4.000000e+01
     vertex -5.395568e+00 -2.624471e+00  4.000000e+01
     vertex -5.395568e+00 -2.624471e+00  2.000000e+01
   endloop
 endfacet
 facet normal -8.805026e-01 -4.740412e-01  1.052583e-16
   outer loop
     vertex -5.243500e+00 -2.916454e+00  4.000000e+01
     vertex -5.321537e+00 -2.771506e+00  2.000000e+01
     vertex -5.243500e+00 -2.916454e+00  2.000000e+01
   endloop
 endfacet
 facet normal -8.805026e-01 -4.740412e-01  1.053401e-16
   outer loop
     vertex -5.243500e+00 -2.916454e+00  4.000000e+01
     vertex -5.321537e+00 -2.771506e+00  4.000000e+01
     vertex -5.321537e+00 -2.771506e+00  2.000000e+01
   endloop
 endfacet
 facet normal -8.671664e-01 -4.980186e-01  1.105823e-16
   outer loop
     vertex -5.161517e+00 -3.059207e+00  4.000000e+01
     vertex -5.243500e+00 -2.916454e+00  2.000000e+01
     vertex -5.161517e+00 -3.059207e+00  2.000000e+01
   endloop
 endfacet
 facet normal -8.531773e-01 -5.216210e-01  1.158231e-16
   outer loop
     vertex -5.161517e+00 -3.059207e+00  4.000000e+01
     vertex -5.161517e+00 -3.059207e+00  2.000000e+01
     vertex -5.075648e+00 -3.199656e+00  2.000000e+01
   endloop
 endfacet
 facet normal -8.671664e-01 -4.980186e-01  1.103243e-16
   outer loop
     vertex -5.161517e+00 -3.059207e+00  4.000000e+01
     vertex -5.243500e+00 -2.916454e+00  4.000000e+01
     vertex -5.243500e+00 -2.916454e+00  2.000000e+01
   endloop
 endfacet
 facet normal -8.531773e-01 -5.216210e-01  1.158231e-16
   outer loop
     vertex -5.075648e+00 -3.199656e+00  4.000000e+01
     vertex -5.161517e+00 -3.059207e+00  4.000000e+01
     vertex -5.075648e+00 -3.199656e+00  2.000000e+01
   endloop
 endfacet
 facet normal -8.385460e-01 -5.448308e-01  1.207523e-16
   outer loop
     vertex -4.985958e+00 -3.337698e+00  4.000000e+01
     vertex -5.075648e+00 -3.199656e+00  4.000000e+01
     vertex -5.075648e+00 -3.199656e+00  2.000000e+01
   endloop
 endfacet
 facet normal -8.385460e-01 -5.448308e-01  1.209767e-16
   outer loop
     vertex -4.985958e+00 -3.337698e+00  4.000000e+01
     vertex -5.075648e+00 -3.199656e+00  2.000000e+01
     vertex -4.985958e+00 -3.337698e+00  2.000000e+01
   endloop
 endfacet
 facet normal -8.232835e-01 -5.676304e-01  1.260751e-16
   outer loop
     vertex -4.892514e+00 -3.473226e+00  4.000000e+01
     vertex -4.985958e+00 -3.337698e+00  4.000000e+01
     vertex -4.985958e+00 -3.337698e+00  2.000000e+01
   endloop
 endfacet
 facet normal -8.232835e-01 -5.676304e-01  1.260393e-16
   outer loop
     vertex -4.892514e+00 -3.473226e+00  4.000000e+01
     vertex -4.985958e+00 -3.337698e+00  2.000000e+01
     vertex -4.892514e+00 -3.473226e+00  2.000000e+01
   endloop
 endfacet
 facet normal -8.074012e-01 -5.900028e-01  1.310102e-16
   outer loop
     vertex -4.795388e+00 -3.606141e+00  4.000000e+01
     vertex -4.892514e+00 -3.473226e+00  4.000000e+01
     vertex -4.892514e+00 -3.473226e+00  2.000000e+01
   endloop
 endfacet
 facet normal -8.074012e-01 -5.900028e-01  1.310069e-16
   outer loop
     vertex -4.795388e+00 -3.606141e+00  4.000000e+01
     vertex -4.892514e+00 -3.473226e+00  2.000000e+01
     vertex -4.795388e+00 -3.606141e+00  2.000000e+01
   endloop
 endfacet
 facet normal -7.909112e-01 -6.119310e-01  1.360045e-16
   outer loop
     vertex -4.694652e+00 -3.736340e+00  4.000000e+01
     vertex -4.795388e+00 -3.606141e+00  4.000000e+01
     vertex -4.795388e+00 -3.606141e+00  2.000000e+01
   endloop
 endfacet
 facet normal -7.909112e-01 -6.119310e-01  1.358760e-16
   outer loop
     vertex -4.694652e+00 -3.736340e+00  4.000000e+01
     vertex -4.795388e+00 -3.606141e+00  2.000000e+01
     vertex -4.694652e+00 -3.736340e+00  2.000000e+01
   endloop
 endfacet
 facet normal -7.738257e-01 -6.333986e-01  1.406977e-16
   outer loop
     vertex -4.590382e+00 -3.863727e+00  4.000000e+01
     vertex -4.694652e+00 -3.736340e+00  4.000000e+01
     vertex -4.694652e+00 -3.736340e+00  2.000000e+01
   endloop
 endfacet
 facet normal -7.738257e-01 -6.333986e-01  1.406427e-16
   outer loop
     vertex -4.590382e+00 -3.863727e+00  4.000000e+01
     vertex -4.694652e+00 -3.736340e+00  2.000000e+01
     vertex -4.590382e+00 -3.863727e+00  2.000000e+01
   endloop
 endfacet
 facet normal -7.561578e-01 -6.543893e-01  1.455383e-16
   outer loop
     vertex -4.482657e+00 -3.988206e+00  4.000000e+01
     vertex -4.590382e+00 -3.863727e+00  4.000000e+01
     vertex -4.590382e+00 -3.863727e+00  2.000000e+01
   endloop
 endfacet
 facet normal -7.561578e-01 -6.543893e-01  1.453036e-16
   outer loop
     vertex -4.482657e+00 -3.988206e+00  4.000000e+01
     vertex -4.590382e+00 -3.863727e+00  2.000000e+01
     vertex -4.482657e+00 -3.988206e+00  2.000000e+01
   endloop
 endfacet
 facet normal -7.379206e-01 -6.748875e-01  1.498551e-16
   outer loop
     vertex -4.482657e+00 -3.988206e+00  4.000000e+01
     vertex -4.482657e+00 -3.988206e+00  2.000000e+01
     vertex -4.371557e+00 -4.109682e+00  2.000000e+01
   endloop
 endfacet
 facet normal -7.379206e-01 -6.748875e-01  1.498551e-16
   outer loop
     vertex -4.371557e+00 -4.109682e+00  4.000000e+01
     vertex -4.482657e+00 -3.988206e+00  4.000000e+01
     vertex -4.371557e+00 -4.109682e+00  2.000000e+01
   endloop
 endfacet
 facet normal -7.191280e-01 -6.948776e-01  1.541790e-16
   outer loop
     vertex -4.257167e+00 -4.228065e+00  4.000000e+01
     vertex -4.371557e+00 -4.109682e+00  4.000000e+01
     vertex -4.371557e+00 -4.109682e+00  2.000000e+01
   endloop
 endfacet
 facet normal -7.191280e-01 -6.948776e-01  1.542938e-16
   outer loop
     vertex -4.257167e+00 -4.228065e+00  4.000000e+01
     vertex -4.371557e+00 -4.109682e+00  2.000000e+01
     vertex -4.257167e+00 -4.228065e+00  2.000000e+01
   endloop
 endfacet
 facet normal -6.997940e-01 -7.143447e-01  1.586164e-16
   outer loop
     vertex -4.257167e+00 -4.228065e+00  4.000000e+01
     vertex -4.257167e+00 -4.228065e+00  2.000000e+01
     vertex -4.139571e+00 -4.343265e+00  2.000000e+01
   endloop
 endfacet
 facet normal -6.997940e-01 -7.143447e-01  1.586164e-16
   outer loop
     vertex -4.139571e+00 -4.343265e+00  4.000000e+01
     vertex -4.257167e+00 -4.228065e+00  4.000000e+01
     vertex -4.139571e+00 -4.343265e+00  2.000000e+01
   endloop
 endfacet
 facet normal -6.799333e-01 -7.332740e-01  1.628195e-16
   outer loop
     vertex -4.139571e+00 -4.343265e+00  4.000000e+01
     vertex -4.139571e+00 -4.343265e+00  2.000000e+01
     vertex -4.018860e+00 -4.455195e+00  2.000000e+01
   endloop
 endfacet
 facet normal -6.799333e-01 -7.332740e-01  1.628195e-16
   outer loop
     vertex -4.018860e+00 -4.455195e+00  4.000000e+01
     vertex -4.139571e+00 -4.343265e+00  4.000000e+01
     vertex -4.018860e+00 -4.455195e+00  2.000000e+01
   endloop
 endfacet
 facet normal -6.595607e-01 -7.516513e-01  1.669559e-16
   outer loop
     vertex -3.895123e+00 -4.563772e+00  4.000000e+01
     vertex -4.018860e+00 -4.455195e+00  4.000000e+01
     vertex -4.018860e+00 -4.455195e+00  2.000000e+01
   endloop
 endfacet
 facet normal -6.595607e-01 -7.516513e-01  1.669001e-16
   outer loop
     vertex -3.895123e+00 -4.563772e+00  4.000000e+01
     vertex -4.018860e+00 -4.455195e+00  2.000000e+01
     vertex -3.895123e+00 -4.563772e+00  2.000000e+01
   endloop
 endfacet
 facet normal -6.386916e-01 -7.694628e-01  1.710383e-16
   outer loop
     vertex -3.768454e+00 -4.668913e+00  4.000000e+01
     vertex -3.895123e+00 -4.563772e+00  4.000000e+01
     vertex -3.895123e+00 -4.563772e+00  2.000000e+01
   endloop
 endfacet
 facet normal -6.386916e-01 -7.694628e-01  1.708551e-16
   outer loop
     vertex -3.768454e+00 -4.668913e+00  4.000000e+01
     vertex -3.895123e+00 -4.563772e+00  2.000000e+01
     vertex -3.768454e+00 -4.668913e+00  2.000000e+01
   endloop
 endfacet
 facet normal -6.173417e-01 -7.866951e-01  1.746814e-16
   outer loop
     vertex -3.638949e+00 -4.770540e+00  4.000000e+01
     vertex -3.768454e+00 -4.668913e+00  2.000000e+01
     vertex -3.638949e+00 -4.770540e+00  2.000000e+01
   endloop
 endfacet
 facet normal -6.173417e-01 -7.866951e-01  1.748310e-16
   outer loop
     vertex -3.638949e+00 -4.770540e+00  4.000000e+01
     vertex -3.768454e+00 -4.668913e+00  4.000000e+01
     vertex -3.768454e+00 -4.668913e+00  2.000000e+01
   endloop
 endfacet
 facet normal -5.955271e-01 -8.033352e-01  1.783762e-16
   outer loop
     vertex -3.506704e+00 -4.868575e+00  4.000000e+01
     vertex -3.638949e+00 -4.770540e+00  2.000000e+01
     vertex -3.506704e+00 -4.868575e+00  2.000000e+01
   endloop
 endfacet
 facet normal -5.955271e-01 -8.033352e-01  1.784711e-16
   outer loop
     vertex -3.506704e+00 -4.868575e+00  4.000000e+01
     vertex -3.638949e+00 -4.770540e+00  4.000000e+01
     vertex -3.638949e+00 -4.770540e+00  2.000000e+01
   endloop
 endfacet
 facet normal -5.732642e-01 -8.193706e-01  1.819368e-16
   outer loop
     vertex -3.371819e+00 -4.962946e+00  4.000000e+01
     vertex -3.506704e+00 -4.868575e+00  2.000000e+01
     vertex -3.371819e+00 -4.962946e+00  2.000000e+01
   endloop
 endfacet
 facet normal -5.732642e-01 -8.193706e-01  1.816895e-16
   outer loop
     vertex -3.371819e+00 -4.962946e+00  4.000000e+01
     vertex -3.506704e+00 -4.868575e+00  4.000000e+01
     vertex -3.506704e+00 -4.868575e+00  2.000000e+01
   endloop
 endfacet
 facet normal -5.505698e-01 -8.347891e-01  1.853604e-16
   outer loop
     vertex -3.234397e+00 -5.053581e+00  4.000000e+01
     vertex -3.371819e+00 -4.962946e+00  2.000000e+01
     vertex -3.234397e+00 -5.053581e+00  2.000000e+01
   endloop
 endfacet
 facet normal -5.505698e-01 -8.347891e-01  1.854189e-16
   outer loop
     vertex -3.234397e+00 -5.053581e+00  4.000000e+01
     vertex -3.371819e+00 -4.962946e+00  4.000000e+01
     vertex -3.371819e+00 -4.962946e+00  2.000000e+01
   endloop
 endfacet
 facet normal -5.274609e-01 -8.495793e-01  1.886445e-16
   outer loop
     vertex -3.094539e+00 -5.140411e+00  4.000000e+01
     vertex -3.234397e+00 -5.053581e+00  2.000000e+01
     vertex -3.094539e+00 -5.140411e+00  2.000000e+01
   endloop
 endfacet
 facet normal -5.039550e-01 -8.637299e-01  1.917866e-16
   outer loop
     vertex -3.094539e+00 -5.140411e+00  4.000000e+01
     vertex -3.094539e+00 -5.140411e+00  2.000000e+01
     vertex -2.952352e+00 -5.223372e+00  2.000000e+01
   endloop
 endfacet
 facet normal -5.274609e-01 -8.495793e-01  1.885406e-16
   outer loop
     vertex -3.094539e+00 -5.140411e+00  4.000000e+01
     vertex -3.234397e+00 -5.053581e+00  4.000000e+01
     vertex -3.234397e+00 -5.053581e+00  2.000000e+01
   endloop
 endfacet
 facet normal -5.039550e-01 -8.637299e-01  1.917866e-16
   outer loop
     vertex -2.952352e+00 -5.223372e+00  4.000000e+01
     vertex -3.094539e+00 -5.140411e+00  4.000000e+01
     vertex -2.952352e+00 -5.223372e+00  2.000000e+01
   endloop
 endfacet
 facet normal -4.800697e-01 -8.772303e-01  1.947843e-16
   outer loop
     vertex -2.807943e+00 -5.302401e+00  4.000000e+01
     vertex -2.952352e+00 -5.223372e+00  2.000000e+01
     vertex -2.807943e+00 -5.302401e+00  2.000000e+01
   endloop
 endfacet
 facet normal -4.800697e-01 -8.772303e-01  1.949141e-16
   outer loop
     vertex -2.807943e+00 -5.302401e+00  4.000000e+01
     vertex -2.952352e+00 -5.223372e+00  4.000000e+01
     vertex -2.952352e+00 -5.223372e+00  2.000000e+01
   endloop
 endfacet
 facet normal -4.558231e-01 -8.900704e-01  1.976353e-16
   outer loop
     vertex -2.661419e+00 -5.377439e+00  4.000000e+01
     vertex -2.807943e+00 -5.302401e+00  2.000000e+01
     vertex -2.661419e+00 -5.377439e+00  2.000000e+01
   endloop
 endfacet
 facet normal -4.558231e-01 -8.900704e-01  1.974773e-16
   outer loop
     vertex -2.661419e+00 -5.377439e+00  4.000000e+01
     vertex -2.807943e+00 -5.302401e+00  4.000000e+01
     vertex -2.807943e+00 -5.302401e+00  2.000000e+01
   endloop
 endfacet
 facet normal -4.312333e-01 -9.022405e-01  2.003376e-16
   outer loop
     vertex -2.512893e+00 -5.448428e+00  4.000000e+01
     vertex -2.661419e+00 -5.377439e+00  2.000000e+01
     vertex -2.512893e+00 -5.448428e+00  2.000000e+01
   endloop
 endfacet
 facet normal -4.312333e-01 -9.022405e-01  2.005497e-16
   outer loop
     vertex -2.512893e+00 -5.448428e+00  4.000000e+01
     vertex -2.661419e+00 -5.377439e+00  4.000000e+01
     vertex -2.661419e+00 -5.377439e+00  2.000000e+01
   endloop
 endfacet
 facet normal -4.063188e-01 -9.137314e-01  2.028891e-16
   outer loop
     vertex -2.362475e+00 -5.515316e+00  4.000000e+01
     vertex -2.512893e+00 -5.448428e+00  2.000000e+01
     vertex -2.362475e+00 -5.515316e+00  2.000000e+01
   endloop
 endfacet
 facet normal -4.063188e-01 -9.137314e-01  2.031104e-16
   outer loop
     vertex -2.362475e+00 -5.515316e+00  4.000000e+01
     vertex -2.512893e+00 -5.448428e+00  4.000000e+01
     vertex -2.512893e+00 -5.448428e+00  2.000000e+01
   endloop
 endfacet
 facet normal -3.810986e-01 -9.245344e-01  2.052879e-16
   outer loop
     vertex -2.210278e+00 -5.578053e+00  4.000000e+01
     vertex -2.362475e+00 -5.515316e+00  2.000000e+01
     vertex -2.210278e+00 -5.578053e+00  2.000000e+01
   endloop
 endfacet
 facet normal -3.810986e-01 -9.245344e-01  2.053488e-16
   outer loop
     vertex -2.210278e+00 -5.578053e+00  4.000000e+01
     vertex -2.362475e+00 -5.515316e+00  4.000000e+01
     vertex -2.362475e+00 -5.515316e+00  2.000000e+01
   endloop
 endfacet
 facet normal -3.555914e-01 -9.346415e-01  2.075321e-16
   outer loop
     vertex -2.056417e+00 -5.636590e+00  4.000000e+01
     vertex -2.210278e+00 -5.578053e+00  2.000000e+01
     vertex -2.056417e+00 -5.636590e+00  2.000000e+01
   endloop
 endfacet
 facet normal -3.555914e-01 -9.346415e-01  2.076467e-16
   outer loop
     vertex -2.056417e+00 -5.636590e+00  4.000000e+01
     vertex -2.210278e+00 -5.578053e+00  4.000000e+01
     vertex -2.210278e+00 -5.578053e+00  2.000000e+01
   endloop
 endfacet
 facet normal -3.298166e-01 -9.440450e-01  2.096201e-16
   outer loop
     vertex -1.901009e+00 -5.690884e+00  4.000000e+01
     vertex -2.056417e+00 -5.636590e+00  2.000000e+01
     vertex -1.901009e+00 -5.690884e+00  2.000000e+01
   endloop
 endfacet
 facet normal -3.298166e-01 -9.440450e-01  2.094276e-16
   outer loop
     vertex -1.901009e+00 -5.690884e+00  4.000000e+01
     vertex -2.056417e+00 -5.636590e+00  4.000000e+01
     vertex -2.056417e+00 -5.636590e+00  2.000000e+01
   endloop
 endfacet
 facet normal -3.037934e-01 -9.527379e-01  2.115503e-16
   outer loop
     vertex -1.744169e+00 -5.740895e+00  4.000000e+01
     vertex -1.901009e+00 -5.690884e+00  2.000000e+01
     vertex -1.744169e+00 -5.740895e+00  2.000000e+01
   endloop
 endfacet
 facet normal -3.037934e-01 -9.527379e-01  2.114238e-16
   outer loop
     vertex -1.744169e+00 -5.740895e+00  4.000000e+01
     vertex -1.901009e+00 -5.690884e+00  4.000000e+01
     vertex -1.901009e+00 -5.690884e+00  2.000000e+01
   endloop
 endfacet
 facet normal -2.775416e-01 -9.607136e-01  2.133106e-16
   outer loop
     vertex -1.586017e+00 -5.786584e+00  4.000000e+01
     vertex -1.744169e+00 -5.740895e+00  4.000000e+01
     vertex -1.744169e+00 -5.740895e+00  2.000000e+01
   endloop
 endfacet
 facet normal -2.775416e-01 -9.607136e-01  2.133213e-16
   outer loop
     vertex -1.586017e+00 -5.786584e+00  4.000000e+01
     vertex -1.744169e+00 -5.740895e+00  2.000000e+01
     vertex -1.586017e+00 -5.786584e+00  2.000000e+01
   endloop
 endfacet
 facet normal -2.510809e-01 -9.679661e-01  2.149793e-16
   outer loop
     vertex -1.426671e+00 -5.827917e+00  4.000000e+01
     vertex -1.586017e+00 -5.786584e+00  4.000000e+01
     vertex -1.586017e+00 -5.786584e+00  2.000000e+01
   endloop
 endfacet
 facet normal -2.510809e-01 -9.679661e-01  2.149317e-16
   outer loop
     vertex -1.426671e+00 -5.827917e+00  4.000000e+01
     vertex -1.586017e+00 -5.786584e+00  2.000000e+01
     vertex -1.426671e+00 -5.827917e+00  2.000000e+01
   endloop
 endfacet
 facet normal -2.244312e-01 -9.744899e-01  2.164126e-16
   outer loop
     vertex -1.266250e+00 -5.864862e+00  4.000000e+01
     vertex -1.426671e+00 -5.827917e+00  4.000000e+01
     vertex -1.426671e+00 -5.827917e+00  2.000000e+01
   endloop
 endfacet
 facet normal -2.244312e-01 -9.744899e-01  2.163802e-16
   outer loop
     vertex -1.266250e+00 -5.864862e+00  4.000000e+01
     vertex -1.426671e+00 -5.827917e+00  2.000000e+01
     vertex -1.266250e+00 -5.864862e+00  2.000000e+01
   endloop
 endfacet
 facet normal -1.976125e-01 -9.802802e-01  2.175447e-16
   outer loop
     vertex -1.104877e+00 -5.897393e+00  4.000000e+01
     vertex -1.266250e+00 -5.864862e+00  4.000000e+01
     vertex -1.266250e+00 -5.864862e+00  2.000000e+01
   endloop
 endfacet
 facet normal -1.976125e-01 -9.802802e-01  2.176659e-16
   outer loop
     vertex -1.104877e+00 -5.897393e+00  4.000000e+01
     vertex -1.266250e+00 -5.864862e+00  2.000000e+01
     vertex -1.104877e+00 -5.897393e+00  2.000000e+01
   endloop
 endfacet
 facet normal -1.706451e-01 -9.853326e-01  2.186667e-16
   outer loop
     vertex -9.426715e-01 -5.925485e+00  4.000000e+01
     vertex -1.104877e+00 -5.897393e+00  4.000000e+01
     vertex -1.104877e+00 -5.897393e+00  2.000000e+01
   endloop
 endfacet
 facet normal -1.706451e-01 -9.853326e-01  2.187878e-16
   outer loop
     vertex -9.426715e-01 -5.925485e+00  4.000000e+01
     vertex -1.104877e+00 -5.897393e+00  2.000000e+01
     vertex -9.426715e-01 -5.925485e+00  2.000000e+01
   endloop
 endfacet
 facet normal -1.435492e-01 -9.896432e-01  2.197449e-16
   outer loop
     vertex -9.426715e-01 -5.925485e+00  4.000000e+01
     vertex -9.426715e-01 -5.925485e+00  2.000000e+01
     vertex -7.797567e-01 -5.949116e+00  2.000000e+01
   endloop
 endfacet
 facet normal -1.435492e-01 -9.896432e-01  2.197449e-16
   outer loop
     vertex -7.797567e-01 -5.949116e+00  4.000000e+01
     vertex -9.426715e-01 -5.925485e+00  4.000000e+01
     vertex -7.797567e-01 -5.949116e+00  2.000000e+01
   endloop
 endfacet
 facet normal -1.163452e-01 -9.932088e-01  2.205710e-16
   outer loop
     vertex -6.162549e-01 -5.968269e+00  4.000000e+01
     vertex -7.797567e-01 -5.949116e+00  4.000000e+01
     vertex -7.797567e-01 -5.949116e+00  2.000000e+01
   endloop
 endfacet
 facet normal -1.163452e-01 -9.932088e-01  2.205367e-16
   outer loop
     vertex -6.162549e-01 -5.968269e+00  4.000000e+01
     vertex -7.797567e-01 -5.949116e+00  2.000000e+01
     vertex -6.162549e-01 -5.968269e+00  2.000000e+01
   endloop
 endfacet
 facet normal -8.905371e-02 -9.960268e-01  2.210992e-16
   outer loop
     vertex -4.522891e-01 -5.982929e+00  4.000000e+01
     vertex -6.162549e-01 -5.968269e+00  4.000000e+01
     vertex -6.162549e-01 -5.968269e+00  2.000000e+01
   endloop
 endfacet
 facet normal -8.905371e-02 -9.960268e-01  2.211624e-16
   outer loop
     vertex -4.522891e-01 -5.982929e+00  4.000000e+01
     vertex -6.162549e-01 -5.968269e+00  2.000000e+01
     vertex -4.522891e-01 -5.982929e+00  2.000000e+01
   endloop
 endfacet
 facet normal -6.169515e-02 -9.980950e-01  2.216133e-16
   outer loop
     vertex -2.879830e-01 -5.993085e+00  4.000000e+01
     vertex -4.522891e-01 -5.982929e+00  4.000000e+01
     vertex -4.522891e-01 -5.982929e+00  2.000000e+01
   endloop
 endfacet
 facet normal -6.169515e-02 -9.980950e-01  2.216216e-16
   outer loop
     vertex -2.879830e-01 -5.993085e+00  4.000000e+01
     vertex -4.522891e-01 -5.982929e+00  2.000000e+01
     vertex -2.879830e-01 -5.993085e+00  2.000000e+01
   endloop
 endfacet
 facet normal -3.429014e-02 -9.994119e-01  2.219301e-16
   outer loop
     vertex -1.234600e-01 -5.998730e+00  4.000000e+01
     vertex -2.879830e-01 -5.993085e+00  4.000000e+01
     vertex -2.879830e-01 -5.993085e+00  2.000000e+01
   endloop
 endfacet
 facet normal -3.429014e-02 -9.994119e-01  2.219140e-16
   outer loop
     vertex -1.234600e-01 -5.998730e+00  4.000000e+01
     vertex -2.879830e-01 -5.993085e+00  2.000000e+01
     vertex -1.234600e-01 -5.998730e+00  2.000000e+01
   endloop
 endfacet
 facet normal -6.859319e-03 -9.999765e-01  2.220394e-16
   outer loop
     vertex -1.234600e-01 -5.998730e+00  4.000000e+01
     vertex -1.234600e-01 -5.998730e+00  2.000000e+01
     vertex  4.115591e-02 -5.999859e+00  2.000000e+01
   endloop
 endfacet
 facet normal -6.859319e-03 -9.999765e-01  2.220394e-16
   outer loop
     vertex  4.115591e-02 -5.999859e+00  4.000000e+01
     vertex -1.234600e-01 -5.998730e+00  4.000000e+01
     vertex  4.115591e-02 -5.999859e+00  2.000000e+01
   endloop
 endfacet
 facet normal  2.057667e-02 -9.997883e-01  2.219944e-16
   outer loop
     vertex  2.057408e-01 -5.996472e+00  4.000000e+01
     vertex  4.115591e-02 -5.999859e+00  4.000000e+01
     vertex  4.115591e-02 -5.999859e+00  2.000000e+01
   endloop
 endfacet
 facet normal  2.057667e-02 -9.997883e-01  2.219976e-16
   outer loop
     vertex  2.057408e-01 -5.996472e+00  4.000000e+01
     vertex  4.115591e-02 -5.999859e+00  2.000000e+01
     vertex  2.057408e-01 -5.996472e+00  2.000000e+01
   endloop
 endfacet
 facet normal  4.799716e-02 -9.988475e-01  2.218057e-16
   outer loop
     vertex  3.701709e-01 -5.988570e+00  4.000000e+01
     vertex  2.057408e-01 -5.996472e+00  4.000000e+01
     vertex  2.057408e-01 -5.996472e+00  2.000000e+01
   endloop
 endfacet
 facet normal  4.799716e-02 -9.988475e-01  2.217887e-16
   outer loop
     vertex  3.701709e-01 -5.988570e+00  4.000000e+01
     vertex  2.057408e-01 -5.996472e+00  2.000000e+01
     vertex  3.701709e-01 -5.988570e+00  2.000000e+01
   endloop
 endfacet
 facet normal  7.538152e-02 -9.971548e-01  2.214540e-16
   outer loop
     vertex  5.343223e-01 -5.976161e+00  4.000000e+01
     vertex  3.701709e-01 -5.988570e+00  4.000000e+01
     vertex  3.701709e-01 -5.988570e+00  2.000000e+01
   endloop
 endfacet
 facet normal  7.538152e-02 -9.971548e-01  2.214128e-16
   outer loop
     vertex  5.343223e-01 -5.976161e+00  4.000000e+01
     vertex  3.701709e-01 -5.988570e+00  2.000000e+01
     vertex  5.343223e-01 -5.976161e+00  2.000000e+01
   endloop
 endfacet
 facet normal  1.027091e-01 -9.947114e-01  2.209333e-16
   outer loop
     vertex  6.980715e-01 -5.959253e+00  4.000000e+01
     vertex  5.343223e-01 -5.976161e+00  4.000000e+01
     vertex  5.343223e-01 -5.976161e+00  2.000000e+01
   endloop
 endfacet
 facet normal  1.027091e-01 -9.947114e-01  2.208703e-16
   outer loop
     vertex  6.980715e-01 -5.959253e+00  4.000000e+01
     vertex  5.343223e-01 -5.976161e+00  2.000000e+01
     vertex  6.980715e-01 -5.959253e+00  2.000000e+01
   endloop
 endfacet
 facet normal  1.299594e-01 -9.915193e-01  2.201629e-16
   outer loop
     vertex  8.612951e-01 -5.937859e+00  4.000000e+01
     vertex  6.980715e-01 -5.959253e+00  4.000000e+01
     vertex  6.980715e-01 -5.959253e+00  2.000000e+01
   endloop
 endfacet
 facet normal  1.299594e-01 -9.915193e-01  2.201615e-16
   outer loop
     vertex  8.612951e-01 -5.937859e+00  4.000000e+01
     vertex  6.980715e-01 -5.959253e+00  2.000000e+01
     vertex  8.612951e-01 -5.937859e+00  2.000000e+01
   endloop
 endfacet
 facet normal  1.571119e-01 -9.875808e-01  2.193491e-16
   outer loop
     vertex  1.023870e+00 -5.911995e+00  4.000000e+01
     vertex  8.612951e-01 -5.937859e+00  4.000000e+01
     vertex  8.612951e-01 -5.937859e+00  2.000000e+01
   endloop
 endfacet
 facet normal  1.571119e-01 -9.875808e-01  2.192870e-16
   outer loop
     vertex  1.023870e+00 -5.911995e+00  4.000000e+01
     vertex  8.612951e-01 -5.937859e+00  2.000000e+01
     vertex  1.023870e+00 -5.911995e+00  2.000000e+01
   endloop
 endfacet
 facet normal  1.841461e-01 -9.828989e-01  2.183785e-16
   outer loop
     vertex  1.185675e+00 -5.881681e+00  4.000000e+01
     vertex  1.023870e+00 -5.911995e+00  4.000000e+01
     vertex  1.023870e+00 -5.911995e+00  2.000000e+01
   endloop
 endfacet
 facet normal  1.841461e-01 -9.828989e-01  2.182474e-16
   outer loop
     vertex  1.185675e+00 -5.881681e+00  4.000000e+01
     vertex  1.023870e+00 -5.911995e+00  2.000000e+01
     vertex  1.185675e+00 -5.881681e+00  2.000000e+01
   endloop
 endfacet
 facet normal  2.110417e-01 -9.774771e-01  2.170435e-16
   outer loop
     vertex  1.185675e+00 -5.881681e+00  4.000000e+01
     vertex  1.185675e+00 -5.881681e+00  2.000000e+01
     vertex  1.346587e+00 -5.846940e+00  2.000000e+01
   endloop
 endfacet
 facet normal  2.110417e-01 -9.774771e-01  2.170435e-16
   outer loop
     vertex  1.346587e+00 -5.846940e+00  4.000000e+01
     vertex  1.185675e+00 -5.881681e+00  4.000000e+01
     vertex  1.346587e+00 -5.846940e+00  2.000000e+01
   endloop
 endfacet
 facet normal  2.377784e-01 -9.713194e-01  2.156762e-16
   outer loop
     vertex  1.506486e+00 -5.807797e+00  4.000000e+01
     vertex  1.346587e+00 -5.846940e+00  2.000000e+01
     vertex  1.506486e+00 -5.807797e+00  2.000000e+01
   endloop
 endfacet
 facet normal  2.377784e-01 -9.713194e-01  2.156140e-16
   outer loop
     vertex  1.506486e+00 -5.807797e+00  4.000000e+01
     vertex  1.346587e+00 -5.846940e+00  4.000000e+01
     vertex  1.346587e+00 -5.846940e+00  2.000000e+01
   endloop
 endfacet
 facet normal  2.643362e-01 -9.644306e-01  2.141466e-16
   outer loop
     vertex  1.665250e+00 -5.764282e+00  4.000000e+01
     vertex  1.506486e+00 -5.807797e+00  2.000000e+01
     vertex  1.665250e+00 -5.764282e+00  2.000000e+01
   endloop
 endfacet
 facet normal  2.643362e-01 -9.644306e-01  2.140589e-16
   outer loop
     vertex  1.665250e+00 -5.764282e+00  4.000000e+01
     vertex  1.506486e+00 -5.807797e+00  4.000000e+01
     vertex  1.506486e+00 -5.807797e+00  2.000000e+01
   endloop
 endfacet
 facet normal  2.906949e-01 -9.568158e-01  2.124558e-16
   outer loop
     vertex  1.822761e+00 -5.716428e+00  4.000000e+01
     vertex  1.665250e+00 -5.764282e+00  2.000000e+01
     vertex  1.822761e+00 -5.716428e+00  2.000000e+01
   endloop
 endfacet
 facet normal  3.168348e-01 -9.484807e-01  2.106050e-16
   outer loop
     vertex  1.822761e+00 -5.716428e+00  4.000000e+01
     vertex  1.822761e+00 -5.716428e+00  2.000000e+01
     vertex  1.978899e+00 -5.664270e+00  2.000000e+01
   endloop
 endfacet
 facet normal  2.906949e-01 -9.568158e-01  2.123998e-16
   outer loop
     vertex  1.822761e+00 -5.716428e+00  4.000000e+01
     vertex  1.665250e+00 -5.764282e+00  4.000000e+01
     vertex  1.665250e+00 -5.764282e+00  2.000000e+01
   endloop
 endfacet
 facet normal  3.168348e-01 -9.484807e-01  2.106050e-16
   outer loop
     vertex  1.978899e+00 -5.664270e+00  4.000000e+01
     vertex  1.822761e+00 -5.716428e+00  4.000000e+01
     vertex  1.978899e+00 -5.664270e+00  2.000000e+01
   endloop
 endfacet
 facet normal  3.427362e-01 -9.394317e-01  2.085957e-16
   outer loop
     vertex  2.133548e+00 -5.607849e+00  4.000000e+01
     vertex  1.978899e+00 -5.664270e+00  2.000000e+01
     vertex  2.133548e+00 -5.607849e+00  2.000000e+01
   endloop
 endfacet
 facet normal  3.427362e-01 -9.394317e-01  2.085590e-16
   outer loop
     vertex  2.133548e+00 -5.607849e+00  4.000000e+01
     vertex  1.978899e+00 -5.664270e+00  4.000000e+01
     vertex  1.978899e+00 -5.664270e+00  2.000000e+01
   endloop
 endfacet
 facet normal  3.683796e-01 -9.296754e-01  2.064294e-16
   outer loop
     vertex  2.286591e+00 -5.547206e+00  4.000000e+01
     vertex  2.133548e+00 -5.607849e+00  2.000000e+01
     vertex  2.286591e+00 -5.547206e+00  2.000000e+01
   endloop
 endfacet
 facet normal  3.683796e-01 -9.296754e-01  2.065056e-16
   outer loop
     vertex  2.286591e+00 -5.547206e+00  4.000000e+01
     vertex  2.133548e+00 -5.607849e+00  4.000000e+01
     vertex  2.133548e+00 -5.607849e+00  2.000000e+01
   endloop
 endfacet
 facet normal  3.937458e-01 -9.192194e-01  2.043079e-16
   outer loop
     vertex  2.437913e+00 -5.482388e+00  4.000000e+01
     vertex  2.286591e+00 -5.547206e+00  4.000000e+01
     vertex  2.286591e+00 -5.547206e+00  2.000000e+01
   endloop
 endfacet
 facet normal  3.937458e-01 -9.192194e-01  2.041077e-16
   outer loop
     vertex  2.437913e+00 -5.482388e+00  4.000000e+01
     vertex  2.286591e+00 -5.547206e+00  2.000000e+01
     vertex  2.437913e+00 -5.482388e+00  2.000000e+01
   endloop
 endfacet
 facet normal  4.188155e-01 -9.080714e-01  2.015656e-16
   outer loop
     vertex  2.587400e+00 -5.413443e+00  4.000000e+01
     vertex  2.437913e+00 -5.482388e+00  4.000000e+01
     vertex  2.437913e+00 -5.482388e+00  2.000000e+01
   endloop
 endfacet
 facet normal  4.188155e-01 -9.080714e-01  2.016323e-16
   outer loop
     vertex  2.587400e+00 -5.413443e+00  4.000000e+01
     vertex  2.437913e+00 -5.482388e+00  2.000000e+01
     vertex  2.587400e+00 -5.413443e+00  2.000000e+01
   endloop
 endfacet
 facet normal  4.435699e-01 -8.962398e-01  1.987434e-16
   outer loop
     vertex  2.734938e+00 -5.340422e+00  4.000000e+01
     vertex  2.587400e+00 -5.413443e+00  4.000000e+01
     vertex  2.587400e+00 -5.413443e+00  2.000000e+01
   endloop
 endfacet
 facet normal  4.435699e-01 -8.962398e-01  1.990052e-16
   outer loop
     vertex  2.734938e+00 -5.340422e+00  4.000000e+01
     vertex  2.587400e+00 -5.413443e+00  2.000000e+01
     vertex  2.734938e+00 -5.340422e+00  2.000000e+01
   endloop
 endfacet
 facet normal  4.679904e-01 -8.837335e-01  1.961416e-16
   outer loop
     vertex  2.880418e+00 -5.263382e+00  4.000000e+01
     vertex  2.734938e+00 -5.340422e+00  4.000000e+01
     vertex  2.734938e+00 -5.340422e+00  2.000000e+01
   endloop
 endfacet
 facet normal  4.679904e-01 -8.837335e-01  1.962283e-16
   outer loop
     vertex  2.880418e+00 -5.263382e+00  4.000000e+01
     vertex  2.734938e+00 -5.340422e+00  2.000000e+01
     vertex  2.880418e+00 -5.263382e+00  2.000000e+01
   endloop
 endfacet
 facet normal  4.920587e-01 -8.705620e-01  1.931576e-16
   outer loop
     vertex  3.023730e+00 -5.182379e+00  4.000000e+01
     vertex  2.880418e+00 -5.263382e+00  4.000000e+01
     vertex  2.880418e+00 -5.263382e+00  2.000000e+01
   endloop
 endfacet
 facet normal  4.920587e-01 -8.705620e-01  1.933036e-16
   outer loop
     vertex  3.023730e+00 -5.182379e+00  4.000000e+01
     vertex  2.880418e+00 -5.263382e+00  2.000000e+01
     vertex  3.023730e+00 -5.182379e+00  2.000000e+01
   endloop
 endfacet
 facet normal  5.157565e-01 -8.567352e-01  1.903142e-16
   outer loop
     vertex  3.164766e+00 -5.097476e+00  4.000000e+01
     vertex  3.023730e+00 -5.182379e+00  4.000000e+01
     vertex  3.023730e+00 -5.182379e+00  2.000000e+01
   endloop
 endfacet
 facet normal  5.157565e-01 -8.567352e-01  1.902334e-16
   outer loop
     vertex  3.164766e+00 -5.097476e+00  4.000000e+01
     vertex  3.023730e+00 -5.182379e+00  2.000000e+01
     vertex  3.164766e+00 -5.097476e+00  2.000000e+01
   endloop
 endfacet
 facet normal  5.390661e-01 -8.422635e-01  1.871676e-16
   outer loop
     vertex  3.303419e+00 -5.008735e+00  4.000000e+01
     vertex  3.164766e+00 -5.097476e+00  4.000000e+01
     vertex  3.164766e+00 -5.097476e+00  2.000000e+01
   endloop
 endfacet
 facet normal  5.390661e-01 -8.422635e-01  1.870201e-16
   outer loop
     vertex  3.303419e+00 -5.008735e+00  4.000000e+01
     vertex  3.164766e+00 -5.097476e+00  2.000000e+01
     vertex  3.303419e+00 -5.008735e+00  2.000000e+01
   endloop
 endfacet
 facet normal  5.619699e-01 -8.271577e-01  1.836659e-16
   outer loop
     vertex  3.303419e+00 -5.008735e+00  4.000000e+01
     vertex  3.303419e+00 -5.008735e+00  2.000000e+01
     vertex  3.439585e+00 -4.916223e+00  2.000000e+01
   endloop
 endfacet
 facet normal  5.619699e-01 -8.271577e-01  1.836659e-16
   outer loop
     vertex  3.439585e+00 -4.916223e+00  4.000000e+01
     vertex  3.303419e+00 -5.008735e+00  4.000000e+01
     vertex  3.439585e+00 -4.916223e+00  2.000000e+01
   endloop
 endfacet
 facet normal  5.844507e-01 -8.114292e-01  1.802229e-16
   outer loop
     vertex  3.573163e+00 -4.820011e+00  4.000000e+01
     vertex  3.439585e+00 -4.916223e+00  4.000000e+01
     vertex  3.439585e+00 -4.916223e+00  2.000000e+01
   endloop
 endfacet
 facet normal  5.844507e-01 -8.114292e-01  1.801735e-16
   outer loop
     vertex  3.573163e+00 -4.820011e+00  4.000000e+01
     vertex  3.439585e+00 -4.916223e+00  2.000000e+01
     vertex  3.573163e+00 -4.820011e+00  2.000000e+01
   endloop
 endfacet
 facet normal  6.064915e-01 -7.950900e-01  1.765454e-16
   outer loop
     vertex  3.573163e+00 -4.820011e+00  4.000000e+01
     vertex  3.573163e+00 -4.820011e+00  2.000000e+01
     vertex  3.704050e+00 -4.720171e+00  2.000000e+01
   endloop
 endfacet
 facet normal  6.064915e-01 -7.950900e-01  1.765454e-16
   outer loop
     vertex  3.704050e+00 -4.720171e+00  4.000000e+01
     vertex  3.573163e+00 -4.820011e+00  4.000000e+01
     vertex  3.704050e+00 -4.720171e+00  2.000000e+01
   endloop
 endfacet
 facet normal  6.280757e-01 -7.781522e-01  1.730042e-16
   outer loop
     vertex  3.832149e+00 -4.616777e+00  4.000000e+01
     vertex  3.704050e+00 -4.720171e+00  4.000000e+01
     vertex  3.704050e+00 -4.720171e+00  2.000000e+01
   endloop
 endfacet
 facet normal  6.280757e-01 -7.781522e-01  1.727845e-16
   outer loop
     vertex  3.832149e+00 -4.616777e+00  4.000000e+01
     vertex  3.704050e+00 -4.720171e+00  2.000000e+01
     vertex  3.832149e+00 -4.616777e+00  2.000000e+01
   endloop
 endfacet
 facet normal  6.491872e-01 -7.606287e-01  1.688935e-16
   outer loop
     vertex  3.832149e+00 -4.616777e+00  4.000000e+01
     vertex  3.832149e+00 -4.616777e+00  2.000000e+01
     vertex  3.957364e+00 -4.509908e+00  2.000000e+01
   endloop
 endfacet
 facet normal  6.491872e-01 -7.606287e-01  1.688935e-16
   outer loop
     vertex  3.957364e+00 -4.509908e+00  4.000000e+01
     vertex  3.832149e+00 -4.616777e+00  4.000000e+01
     vertex  3.957364e+00 -4.509908e+00  2.000000e+01
   endloop
 endfacet
 facet normal  6.698100e-01 -7.425325e-01  1.648753e-16
   outer loop
     vertex  3.957364e+00 -4.509908e+00  4.000000e+01
     vertex  3.957364e+00 -4.509908e+00  2.000000e+01
     vertex  4.079600e+00 -4.399644e+00  2.000000e+01
   endloop
 endfacet
 facet normal  6.698100e-01 -7.425325e-01  1.648753e-16
   outer loop
     vertex  4.079600e+00 -4.399644e+00  4.000000e+01
     vertex  3.957364e+00 -4.509908e+00  4.000000e+01
     vertex  4.079600e+00 -4.399644e+00  2.000000e+01
   endloop
 endfacet
 facet normal  6.899286e-01 -7.238775e-01  1.607331e-16
   outer loop
     vertex  4.079600e+00 -4.399644e+00  4.000000e+01
     vertex  4.079600e+00 -4.399644e+00  2.000000e+01
     vertex  4.198764e+00 -4.286068e+00  2.000000e+01
   endloop
 endfacet
 facet normal  6.899286e-01 -7.238775e-01  1.607331e-16
   outer loop
     vertex  4.198764e+00 -4.286068e+00  4.000000e+01
     vertex  4.079600e+00 -4.399644e+00  4.000000e+01
     vertex  4.198764e+00 -4.286068e+00  2.000000e+01
   endloop
 endfacet
 facet normal  7.095278e-01 -7.046775e-01  1.565914e-16
   outer loop
     vertex  4.314768e+00 -4.169266e+00  4.000000e+01
     vertex  4.198764e+00 -4.286068e+00  4.000000e+01
     vertex  4.198764e+00 -4.286068e+00  2.000000e+01
   endloop
 endfacet
 facet normal  7.095278e-01 -7.046775e-01  1.564698e-16
   outer loop
     vertex  4.314768e+00 -4.169266e+00  4.000000e+01
     vertex  4.198764e+00 -4.286068e+00  2.000000e+01
     vertex  4.314768e+00 -4.169266e+00  2.000000e+01
   endloop
 endfacet
 facet normal  7.285929e-01 -6.849470e-01  1.520888e-16
   outer loop
     vertex  4.427524e+00 -4.049325e+00  4.000000e+01
     vertex  4.314768e+00 -4.169266e+00  2.000000e+01
     vertex  4.427524e+00 -4.049325e+00  2.000000e+01
   endloop
 endfacet
 facet normal  7.285929e-01 -6.849470e-01  1.520522e-16
   outer loop
     vertex  4.427524e+00 -4.049325e+00  4.000000e+01
     vertex  4.314768e+00 -4.169266e+00  4.000000e+01
     vertex  4.314768e+00 -4.169266e+00  2.000000e+01
   endloop
 endfacet
 facet normal  7.471095e-01 -6.647010e-01  1.475933e-16
   outer loop
     vertex  4.536947e+00 -3.926336e+00  4.000000e+01
     vertex  4.427524e+00 -4.049325e+00  2.000000e+01
     vertex  4.536947e+00 -3.926336e+00  2.000000e+01
   endloop
 endfacet
 facet normal  7.650637e-01 -6.439545e-01  1.429866e-16
   outer loop
     vertex  4.536947e+00 -3.926336e+00  4.000000e+01
     vertex  4.536947e+00 -3.926336e+00  2.000000e+01
     vertex  4.642954e+00 -3.800391e+00  2.000000e+01
   endloop
 endfacet
 facet normal  7.471095e-01 -6.647010e-01  1.476123e-16
   outer loop
     vertex  4.536947e+00 -3.926336e+00  4.000000e+01
     vertex  4.427524e+00 -4.049325e+00  4.000000e+01
     vertex  4.427524e+00 -4.049325e+00  2.000000e+01
   endloop
 endfacet
 facet normal  7.824421e-01 -6.227234e-01  1.382724e-16
   outer loop
     vertex  4.642954e+00 -3.800391e+00  4.000000e+01
     vertex  4.642954e+00 -3.800391e+00  2.000000e+01
     vertex  4.745467e+00 -3.671586e+00  2.000000e+01
   endloop
 endfacet
 facet normal  7.650637e-01 -6.439545e-01  1.429866e-16
   outer loop
     vertex  4.642954e+00 -3.800391e+00  4.000000e+01
     vertex  4.536947e+00 -3.926336e+00  4.000000e+01
     vertex  4.642954e+00 -3.800391e+00  2.000000e+01
   endloop
 endfacet
 facet normal  7.824421e-01 -6.227234e-01  1.382724e-16
   outer loop
     vertex  4.745467e+00 -3.671586e+00  4.000000e+01
     vertex  4.642954e+00 -3.800391e+00  4.000000e+01
     vertex  4.745467e+00 -3.671586e+00  2.000000e+01
   endloop
 endfacet
 facet normal  7.992314e-01 -6.010234e-01  1.334540e-16
   outer loop
     vertex  4.844407e+00 -3.540017e+00  4.000000e+01
     vertex  4.745467e+00 -3.671586e+00  2.000000e+01
     vertex  4.844407e+00 -3.540017e+00  2.000000e+01
   endloop
 endfacet
 facet normal  7.992314e-01 -6.010234e-01  1.332190e-16
   outer loop
     vertex  4.844407e+00 -3.540017e+00  4.000000e+01
     vertex  4.745467e+00 -3.671586e+00  4.000000e+01
     vertex  4.745467e+00 -3.671586e+00  2.000000e+01
   endloop
 endfacet
 facet normal  8.154191e-01 -5.788711e-01  1.285352e-16
   outer loop
     vertex  4.939701e+00 -3.405783e+00  4.000000e+01
     vertex  4.844407e+00 -3.540017e+00  2.000000e+01
     vertex  4.939701e+00 -3.405783e+00  2.000000e+01
   endloop
 endfacet
 facet normal  8.154191e-01 -5.788711e-01  1.284782e-16
   outer loop
     vertex  4.939701e+00 -3.405783e+00  4.000000e+01
     vertex  4.844407e+00 -3.540017e+00  4.000000e+01
     vertex  4.844407e+00 -3.540017e+00  2.000000e+01
   endloop
 endfacet
 facet normal  8.309929e-01 -5.562829e-01  1.235196e-16
   outer loop
     vertex  5.031276e+00 -3.268985e+00  4.000000e+01
     vertex  4.939701e+00 -3.405783e+00  2.000000e+01
     vertex  5.031276e+00 -3.268985e+00  2.000000e+01
   endloop
 endfacet
 facet normal  8.309929e-01 -5.562829e-01  1.235114e-16
   outer loop
     vertex  5.031276e+00 -3.268985e+00  4.000000e+01
     vertex  4.939701e+00 -3.405783e+00  4.000000e+01
     vertex  4.939701e+00 -3.405783e+00  2.000000e+01
   endloop
 endfacet
 facet normal  8.459413e-01 -5.332761e-01  1.184111e-16
   outer loop
     vertex  5.119064e+00 -3.129726e+00  4.000000e+01
     vertex  5.031276e+00 -3.268985e+00  2.000000e+01
     vertex  5.119064e+00 -3.129726e+00  2.000000e+01
   endloop
 endfacet
 facet normal  8.459413e-01 -5.332761e-01  1.181651e-16
   outer loop
     vertex  5.119064e+00 -3.129726e+00  4.000000e+01
     vertex  5.031276e+00 -3.268985e+00  4.000000e+01
     vertex  5.031276e+00 -3.268985e+00  2.000000e+01
   endloop
 endfacet
 facet normal  8.602528e-01 -5.098678e-01  1.132134e-16
   outer loop
     vertex  5.202998e+00 -2.988111e+00  4.000000e+01
     vertex  5.119064e+00 -3.129726e+00  2.000000e+01
     vertex  5.202998e+00 -2.988111e+00  2.000000e+01
   endloop
 endfacet
 facet normal  8.602528e-01 -5.098678e-01  1.133516e-16
   outer loop
     vertex  5.202998e+00 -2.988111e+00  4.000000e+01
     vertex  5.119064e+00 -3.129726e+00  4.000000e+01
     vertex  5.119064e+00 -3.129726e+00  2.000000e+01
   endloop
 endfacet
 facet normal  8.739167e-01 -4.860756e-01  1.079305e-16
   outer loop
     vertex  5.283016e+00 -2.844247e+00  4.000000e+01
     vertex  5.202998e+00 -2.988111e+00  2.000000e+01
     vertex  5.283016e+00 -2.844247e+00  2.000000e+01
   endloop
 endfacet
 facet normal  8.869228e-01 -4.619176e-01  1.025663e-16
   outer loop
     vertex  5.283016e+00 -2.844247e+00  4.000000e+01
     vertex  5.283016e+00 -2.844247e+00  2.000000e+01
     vertex  5.359057e+00 -2.698242e+00  2.000000e+01
   endloop
 endfacet
 facet normal  8.739167e-01 -4.860756e-01  1.078218e-16
   outer loop
     vertex  5.283016e+00 -2.844247e+00  4.000000e+01
     vertex  5.202998e+00 -2.988111e+00  4.000000e+01
     vertex  5.202998e+00 -2.988111e+00  2.000000e+01
   endloop
 endfacet
 facet normal  8.869228e-01 -4.619176e-01  1.025663e-16
   outer loop
     vertex  5.359057e+00 -2.698242e+00  4.000000e+01
     vertex  5.283016e+00 -2.844247e+00  4.000000e+01
     vertex  5.359057e+00 -2.698242e+00  2.000000e+01
   endloop
 endfacet
 facet normal  8.992613e-01 -4.374119e-01  9.735612e-17
   outer loop
     vertex  5.431063e+00 -2.550206e+00  4.000000e+01
     vertex  5.359057e+00 -2.698242e+00  4.000000e+01
     vertex  5.359057e+00 -2.698242e+00  2.000000e+01
   endloop
 endfacet
 facet normal  8.992613e-01 -4.374119e-01  9.712495e-17
   outer loop
     vertex  5.431063e+00 -2.550206e+00  4.000000e+01
     vertex  5.359057e+00 -2.698242e+00  2.000000e+01
     vertex  5.431063e+00 -2.550206e+00  2.000000e+01
   endloop
 endfacet
 facet normal  9.109228e-01 -4.125769e-01  9.184676e-17
   outer loop
     vertex  5.498982e+00 -2.400250e+00  4.000000e+01
     vertex  5.431063e+00 -2.550206e+00  4.000000e+01
     vertex  5.431063e+00 -2.550206e+00  2.000000e+01
   endloop
 endfacet
 facet normal  9.109228e-01 -4.125769e-01  9.161047e-17
   outer loop
     vertex  5.498982e+00 -2.400250e+00  4.000000e+01
     vertex  5.431063e+00 -2.550206e+00  2.000000e+01
     vertex  5.498982e+00 -2.400250e+00  2.000000e+01
   endloop
 endfacet
 facet normal  9.218986e-01 -3.874313e-01  8.593620e-17
   outer loop
     vertex  5.562760e+00 -2.248488e+00  4.000000e+01
     vertex  5.498982e+00 -2.400250e+00  4.000000e+01
     vertex  5.498982e+00 -2.400250e+00  2.000000e+01
   endloop
 endfacet
 facet normal  9.218986e-01 -3.874313e-01  8.602702e-17
   outer loop
     vertex  5.562760e+00 -2.248488e+00  4.000000e+01
     vertex  5.498982e+00 -2.400250e+00  2.000000e+01
     vertex  5.562760e+00 -2.248488e+00  2.000000e+01
   endloop
 endfacet
 facet normal  9.321804e-01 -3.619940e-01  8.037882e-17
   outer loop
     vertex  5.562760e+00 -2.248488e+00  4.000000e+01
     vertex  5.562760e+00 -2.248488e+00  2.000000e+01
     vertex  5.622352e+00 -2.095032e+00  2.000000e+01
   endloop
 endfacet
 facet normal  9.321804e-01 -3.619940e-01  8.037882e-17
   outer loop
     vertex  5.622352e+00 -2.095032e+00  4.000000e+01
     vertex  5.562760e+00 -2.248488e+00  4.000000e+01
     vertex  5.622352e+00 -2.095032e+00  2.000000e+01
   endloop
 endfacet
 facet normal  9.417605e-01 -3.362843e-01  7.467012e-17
   outer loop
     vertex  5.622352e+00 -2.095032e+00  4.000000e+01
     vertex  5.622352e+00 -2.095032e+00  2.000000e+01
     vertex  5.677711e+00 -1.940000e+00  2.000000e+01
   endloop
 endfacet
 facet normal  9.417605e-01 -3.362843e-01  7.467012e-17
   outer loop
     vertex  5.677711e+00 -1.940000e+00  4.000000e+01
     vertex  5.622352e+00 -2.095032e+00  4.000000e+01
     vertex  5.677711e+00 -1.940000e+00  2.000000e+01
   endloop
 endfacet
 facet normal  9.506317e-01 -3.103214e-01  6.890520e-17
   outer loop
     vertex  5.728796e+00 -1.783507e+00  4.000000e+01
     vertex  5.677711e+00 -1.940000e+00  2.000000e+01
     vertex  5.728796e+00 -1.783507e+00  2.000000e+01
   endloop
 endfacet
 facet normal  9.506317e-01 -3.103214e-01  6.913544e-17
   outer loop
     vertex  5.728796e+00 -1.783507e+00  4.000000e+01
     vertex  5.677711e+00 -1.940000e+00  4.000000e+01
     vertex  5.677711e+00 -1.940000e+00  2.000000e+01
   endloop
 endfacet
 facet normal  9.587873e-01 -2.841250e-01  6.308841e-17
   outer loop
     vertex  5.775569e+00 -1.625672e+00  4.000000e+01
     vertex  5.728796e+00 -1.783507e+00  2.000000e+01
     vertex  5.775569e+00 -1.625672e+00  2.000000e+01
   endloop
 endfacet
 facet normal  9.587873e-01 -2.841250e-01  6.306515e-17
   outer loop
     vertex  5.775569e+00 -1.625672e+00  4.000000e+01
     vertex  5.728796e+00 -1.783507e+00  4.000000e+01
     vertex  5.728796e+00 -1.783507e+00  2.000000e+01
   endloop
 endfacet
 facet normal  9.662211e-01 -2.577146e-01  5.722414e-17
   outer loop
     vertex  5.817993e+00 -1.466613e+00  4.000000e+01
     vertex  5.775569e+00 -1.625672e+00  2.000000e+01
     vertex  5.817993e+00 -1.466613e+00  2.000000e+01
   endloop
 endfacet
 facet normal  9.662211e-01 -2.577146e-01  5.722209e-17
   outer loop
     vertex  5.817993e+00 -1.466613e+00  4.000000e+01
     vertex  5.775569e+00 -1.625672e+00  4.000000e+01
     vertex  5.775569e+00 -1.625672e+00  2.000000e+01
   endloop
 endfacet
 facet normal  9.729276e-01 -2.311102e-01  5.131678e-17
   outer loop
     vertex  5.856039e+00 -1.306449e+00  4.000000e+01
     vertex  5.817993e+00 -1.466613e+00  2.000000e+01
     vertex  5.856039e+00 -1.306449e+00  2.000000e+01
   endloop
 endfacet
 facet normal  9.789017e-01 -2.043319e-01  4.537080e-17
   outer loop
     vertex  5.856039e+00 -1.306449e+00  4.000000e+01
     vertex  5.856039e+00 -1.306449e+00  2.000000e+01
     vertex  5.889676e+00 -1.145303e+00  2.000000e+01
   endloop
 endfacet
 facet normal  9.729276e-01 -2.311102e-01  5.142319e-17
   outer loop
     vertex  5.856039e+00 -1.306449e+00  4.000000e+01
     vertex  5.817993e+00 -1.466613e+00  4.000000e+01
     vertex  5.817993e+00 -1.466613e+00  2.000000e+01
   endloop
 endfacet
 facet normal  9.789017e-01 -2.043319e-01  4.537080e-17
   outer loop
     vertex  5.889676e+00 -1.145303e+00  4.000000e+01
     vertex  5.856039e+00 -1.306449e+00  4.000000e+01
     vertex  5.889676e+00 -1.145303e+00  2.000000e+01
   endloop
 endfacet
 facet normal  9.841389e-01 -1.773998e-01  3.939066e-17
   outer loop
     vertex  5.918879e+00 -9.832941e-01  4.000000e+01
     vertex  5.889676e+00 -1.145303e+00  2.000000e+01
     vertex  5.918879e+00 -9.832941e-01  2.000000e+01
   endloop
 endfacet
 facet normal  9.841389e-01 -1.773998e-01  3.935507e-17
   outer loop
     vertex  5.918879e+00 -9.832941e-01  4.000000e+01
     vertex  5.889676e+00 -1.145303e+00  4.000000e+01
     vertex  5.889676e+00 -1.145303e+00  2.000000e+01
   endloop
 endfacet
 facet normal  9.886353e-01 -1.503341e-01  3.338087e-17
   outer loop
     vertex  5.943627e+00 -8.205452e-01  4.000000e+01
     vertex  5.918879e+00 -9.832941e-01  2.000000e+01
     vertex  5.943627e+00 -8.205452e-01  2.000000e+01
   endloop
 endfacet
 facet normal  9.886353e-01 -1.503341e-01  3.341273e-17
   outer loop
     vertex  5.943627e+00 -8.205452e-01  4.000000e+01
     vertex  5.918879e+00 -9.832941e-01  4.000000e+01
     vertex  5.918879e+00 -9.832941e-01  2.000000e+01
   endloop
 endfacet
 facet normal  9.923874e-01 -1.231552e-01  2.734596e-17
   outer loop
     vertex  5.963901e+00 -6.571786e-01  4.000000e+01
     vertex  5.943627e+00 -8.205452e-01  2.000000e+01
     vertex  5.963901e+00 -6.571786e-01  2.000000e+01
   endloop
 endfacet
 facet normal  9.923874e-01 -1.231552e-01  2.731233e-17
   outer loop
     vertex  5.963901e+00 -6.571786e-01  4.000000e+01
     vertex  5.943627e+00 -8.205452e-01  4.000000e+01
     vertex  5.943627e+00 -8.205452e-01  2.000000e+01
   endloop
 endfacet
 facet normal  9.953925e-01 -9.588368e-02  2.129045e-17
   outer loop
     vertex  5.979685e+00 -4.933173e-01  4.000000e+01
     vertex  5.963901e+00 -6.571786e-01  2.000000e+01
     vertex  5.979685e+00 -4.933173e-01  2.000000e+01
   endloop
 endfacet
 facet normal  9.953925e-01 -9.588368e-02  2.131207e-17
   outer loop
     vertex  5.979685e+00 -4.933173e-01  4.000000e+01
     vertex  5.963901e+00 -6.571786e-01  4.000000e+01
     vertex  5.963901e+00 -6.571786e-01  2.000000e+01
   endloop
 endfacet
 facet normal  9.976484e-01 -6.853995e-02  1.521893e-17
   outer loop
     vertex  5.990968e+00 -3.290847e-01  4.000000e+01
     vertex  5.979685e+00 -4.933173e-01  2.000000e+01
     vertex  5.990968e+00 -3.290847e-01  2.000000e+01
   endloop
 endfacet
 facet normal  9.976484e-01 -6.853995e-02  1.521457e-17
   outer loop
     vertex  5.990968e+00 -3.290847e-01  4.000000e+01
     vertex  5.979685e+00 -4.933173e-01  4.000000e+01
     vertex  5.979685e+00 -4.933173e-01  2.000000e+01
   endloop
 endfacet
 facet normal  9.991532e-01 -4.114462e-02  9.135940e-18
   outer loop
     vertex  5.997742e+00 -1.646043e-01  4.000000e+01
     vertex  5.990968e+00 -3.290847e-01  2.000000e+01
     vertex  5.997742e+00 -1.646043e-01  2.000000e+01
   endloop
 endfacet
 facet normal  9.991532e-01 -4.114462e-02  9.154955e-18
   outer loop
     vertex  5.997742e+00 -1.646043e-01  4.000000e+01
     vertex  5.990968e+00 -3.290847e-01  4.000000e+01
     vertex  5.990968e+00 -3.290847e-01  2.000000e+01
   endloop
 endfacet
 facet normal  9.999059e-01 -1.371831e-02  3.046078e-18
   outer loop
     vertex  6.000000e+00  8.881784e-15  4.000000e+01
     vertex  5.997742e+00 -1.646043e-01  2.000000e+01
     vertex  6.000000e+00  4.440892e-15  2.000000e+01
   endloop
 endfacet
 facet normal  9.999059e-01 -1.371831e-02  3.037909e-18
   outer loop
     vertex  6.000000e+00  8.881784e-15  4.000000e+01
     vertex  5.997742e+00 -1.646043e-01  4.000000e+01
     vertex  5.997742e+00 -1.646043e-01  2.000000e+01
   endloop
 endfacet
 facet normal  0.000000e+00  0.000000e+00  1.000000e+00
   outer loop
     vertex -3.768454e+00 -4.668913e+00  4.000000e+01
     vertex -4.139571e+00 -4.343265e+00  4.000000e+01
     vertex -4.018860e+00 -4.455195e+00  4.000000e+01
   endloop
 endfacet
 facet normal  0.000000e+00  0.000000e+00  1.000000e+00
   outer loop
     vertex -3.768454e+00 -4.668913e+00  4.000000e+01
     vertex -4.018860e+00 -4.455195e+00  4.000000e+01
     vertex -3.895123e+00 -4.563772e+00  4.000000e+01
   endloop
 endfacet
 facet normal  0.000000e+00  0.000000e+00  1.000000e+00
   outer loop
     vertex -4.795388e+00 -3.606141e+00  4.000000e+01
     vertex -4.694652e+00 -3.736340e+00  4.000000e+01
     vertex -4.590382e+00 -3.863727e+00  4.000000e+01
   endloop
 endfacet
 facet normal  0.000000e+00  0.000000e+00  1.000000e+00
   outer loop
     vertex -4.795388e+00 -3.606141e+00  4.000000e+01
     vertex -4.590382e+00 -3.863727e+00  4.000000e+01
     vertex -4.482657e+00 -3.988206e+00  4.000000e+01
   endloop
 endfacet
 facet normal  0.000000e+00  0.000000e+00  1.000000e+00
   outer loop
     vertex -3.506704e+00 -4.868575e+00  4.000000e+01
     vertex -4.482657e+00 -3.988206e+00  4.000000e+01
     vertex -4.371557e+00 -4.109682e+00  4.000000e+01
   endloop
 endfacet
 facet normal  0.000000e+00  0.000000e+00  1.000000e+00
   outer loop
     vertex -3.506704e+00 -4.868575e+00  4.000000e+01
     vertex -4.371557e+00 -4.109682e+00  4.000000e+01
     vertex -4.257167e+00 -4.228065e+00  4.000000e+01
   endloop
 endfacet
 facet normal  0.000000e+00  0.000000e+00  1.000000e+00
   outer loop
     vertex -3.506704e+00 -4.868575e+00  4.000000e+01
     vertex -4.257167e+00 -4.228065e+00  4.000000e+01
     vertex -4.139571e+00 -4.343265e+00  4.000000e+01
   endloop
 endfacet
 facet normal  0.000000e+00  0.000000e+00  1.000000e+00
   outer loop
     vertex -3.506704e+00 -4.868575e+00  4.000000e+01
     vertex -4.139571e+00 -4.343265e+00  4.000000e+01
     vertex -3.768454e+00 -4.668913e+00  4.000000e+01
   endloop
 endfacet
 facet normal  0.000000e+00  0.000000e+00  1.000000e+00
   outer loop
     vertex -3.506704e+00 -4.868575e+00  4.000000e+01
     vertex -3.768454e+00 -4.668913e+00  4.000000e+01
     vertex -3.638949e+00 -4.770540e+00  4.000000e+01
   endloop
 endfacet
 facet normal  0.000000e+00  0.000000e+00  1.000000e+00
   outer loop
     vertex -3.234397e+00 -5.053581e+00  4.000000e+01
     vertex -3.506704e+00 -4.868575e+00  4.000000e+01
     vertex -3.371819e+00 -4.962946e+00  4.000000e+01
   endloop
 endfacet
 facet normal  0.000000e+00  0.000000e+00  1.000000e+00
   outer loop
     vertex -5.161517e+00 -3.059207e+00  4.000000e+01
     vertex -5.075648e+00 -3.199656e+00  4.000000e+01
     vertex -4.985958e+00 -3.337698e+00  4.000000e+01
   endloop
 endfacet
 facet normal  0.000000e+00  0.000000e+00  1.000000e+00
   outer loop
     vertex -2.952352e+00 -5.223372e+00  4.000000e+01
     vertex -3.234397e+00 -5.053581e+00  4.000000e+01
     vertex -3.094539e+00 -5.140411e+00  4.000000e+01
   endloop
 endfacet
 facet normal  0.000000e+00  0.000000e+00  1.000000e+00
   outer loop
     vertex -5.243500e+00 -2.916454e+00  4.000000e+01
     vertex -4.985958e+00 -3.337698e+00  4.000000e+01
     vertex -4.892514e+00 -3.473226e+00  4.000000e+01
   endloop
 endfacet
 facet normal  0.000000e+00  0.000000e+00  1.000000e+00
   outer loop
     vertex -5.243500e+00 -2.916454e+00  4.000000e+01
     vertex -4.892514e+00 -3.473226e+00  4.000000e+01
     vertex -4.795388e+00 -3.606141e+00  4.000000e+01
   endloop
 endfacet
 facet normal  0.000000e+00  0.000000e+00  1.000000e+00
   outer loop
     vertex -5.243500e+00 -2.916454e+00  4.000000e+01
     vertex -5.161517e+00 -3.059207e+00  4.000000e+01
     vertex -4.985958e+00 -3.337698e+00  4.000000e+01
   endloop
 endfacet
 facet normal  0.000000e+00  0.000000e+00  1.000000e+00
   outer loop
     vertex -2.661419e+00 -5.377439e+00  4.000000e+01
     vertex -2.952352e+00 -5.223372e+00  4.000000e+01
     vertex -2.807943e+00 -5.302401e+00  4.000000e+01
   endloop
 endfacet
 facet normal  0.000000e+00  0.000000e+00  1.000000e+00
   outer loop
     vertex -2.661419e+00 -5.377439e+00  4.000000e+01
     vertex -3.234397e+00 -5.053581e+00  4.000000e+01
     vertex -2.952352e+00 -5.223372e+00  4.000000e+01
   endloop
 endfacet
 facet normal  0.000000e+00  0.000000e+00  1.000000e+00
   outer loop
     vertex -2.362475e+00 -5.515316e+00  4.000000e+01
     vertex -2.661419e+00 -5.377439e+00  4.000000e+01
     vertex -2.512893e+00 -5.448428e+00  4.000000e+01
   endloop
 endfacet
 facet normal  0.000000e+00  0.000000e+00  1.000000e+00
   outer loop
     vertex -5.531392e+00 -2.324588e+00  4.000000e+01
     vertex -5.465537e+00 -2.475461e+00  4.000000e+01
     vertex -5.395568e+00 -2.624471e+00  4.000000e+01
   endloop
 endfacet
 facet normal  0.000000e+00  0.000000e+00  1.000000e+00
   outer loop
     vertex -5.531392e+00 -2.324588e+00  4.000000e+01
     vertex -5.395568e+00 -2.624471e+00  4.000000e+01
     vertex -5.321537e+00 -2.771506e+00  4.000000e+01
   endloop
 endfacet
 facet normal  0.000000e+00  0.000000e+00  1.000000e+00
   outer loop
     vertex -5.531392e+00 -2.324588e+00  4.000000e+01
     vertex -5.321537e+00 -2.771506e+00  4.000000e+01
     vertex -5.243500e+00 -2.916454e+00  4.000000e+01
   endloop
 endfacet
 facet normal  0.000000e+00  0.000000e+00  1.000000e+00
   outer loop
     vertex -2.056417e+00 -5.636590e+00  4.000000e+01
     vertex -2.362475e+00 -5.515316e+00  4.000000e+01
     vertex -2.210278e+00 -5.578053e+00  4.000000e+01
   endloop
 endfacet
 facet normal  0.000000e+00  0.000000e+00  1.000000e+00
   outer loop
     vertex -1.744169e+00 -5.740895e+00  4.000000e+01
     vertex -2.056417e+00 -5.636590e+00  4.000000e+01
     vertex -1.901009e+00 -5.690884e+00  4.000000e+01
   endloop
 endfacet
 facet normal  0.000000e+00  0.000000e+00  1.000000e+00
   outer loop
     vertex -1.744169e+00 -5.740895e+00  4.000000e+01
     vertex -2.362475e+00 -5.515316e+00  4.000000e+01
     vertex -2.056417e+00 -5.636590e+00  4.000000e+01
   endloop
 endfacet
 facet normal  0.000000e+00  0.000000e+00  1.000000e+00
   outer loop
     vertex -5.752724e+00 -1.704750e+00  4.000000e+01
     vertex -5.703790e+00 -1.861929e+00  4.000000e+01
     vertex -5.650563e+00 -2.017706e+00  4.000000e+01
   endloop
 endfacet
 facet normal  0.000000e+00  0.000000e+00  1.000000e+00
   outer loop
     vertex -5.752724e+00 -1.704750e+00  4.000000e+01
     vertex -5.650563e+00 -2.017706e+00  4.000000e+01
     vertex -5.593082e+00 -2.171964e+00  4.000000e+01
   endloop
 endfacet
 facet normal  0.000000e+00  0.000000e+00  1.000000e+00
   outer loop
     vertex -5.752724e+00 -1.704750e+00  4.000000e+01
     vertex -5.593082e+00 -2.171964e+00  4.000000e+01
     vertex -5.531392e+00 -2.324588e+00  4.000000e+01
   endloop
 endfacet
 facet normal  0.000000e+00  0.000000e+00  1.000000e+00
   outer loop
     vertex -5.752724e+00 -1.704750e+00  4.000000e+01
     vertex -4.795388e+00 -3.606141e+00  4.000000e+01
     vertex -4.482657e+00 -3.988206e+00  4.000000e+01
   endloop
 endfacet
 facet normal  0.000000e+00  0.000000e+00  1.000000e+00
   outer loop
     vertex -5.752724e+00 -1.704750e+00  4.000000e+01
     vertex -4.482657e+00 -3.988206e+00  4.000000e+01
     vertex -3.506704e+00 -4.868575e+00  4.000000e+01
   endloop
 endfacet
 facet normal  0.000000e+00  0.000000e+00  1.000000e+00
   outer loop
     vertex -5.752724e+00 -1.704750e+00  4.000000e+01
     vertex -5.243500e+00 -2.916454e+00  4.000000e+01
     vertex -4.795388e+00 -3.606141e+00  4.000000e+01
   endloop
 endfacet
 facet normal  0.000000e+00  0.000000e+00  1.000000e+00
   outer loop
     vertex -5.752724e+00 -1.704750e+00  4.000000e+01
     vertex -3.506704e+00 -4.868575e+00  4.000000e+01
     vertex -3.234397e+00 -5.053581e+00  4.000000e+01
   endloop
 endfacet
 facet normal  0.000000e+00  0.000000e+00  1.000000e+00
   outer loop
     vertex -5.752724e+00 -1.704750e+00  4.000000e+01
     vertex -5.531392e+00 -2.324588e+00  4.000000e+01
     vertex -5.243500e+00 -2.916454e+00  4.000000e+01
   endloop
 endfacet
 facet normal  0.000000e+00  0.000000e+00  1.000000e+00
   outer loop
     vertex -1.266250e+00 -5.864862e+00  4.000000e+01
     vertex -1.744169e+00 -5.740895e+00  4.000000e+01
     vertex -1.586017e+00 -5.786584e+00  4.000000e+01
   endloop
 endfacet
 facet normal  0.000000e+00  0.000000e+00  1.000000e+00
   outer loop
     vertex -1.266250e+00 -5.864862e+00  4.000000e+01
     vertex -1.586017e+00 -5.786584e+00  4.000000e+01
     vertex -1.426671e+00 -5.827917e+00  4.000000e+01
   endloop
 endfacet
 facet normal  0.000000e+00  0.000000e+00  1.000000e+00
   outer loop
     vertex -5.873410e+00 -1.225992e+00  4.000000e+01
     vertex -5.837565e+00 -1.386661e+00  4.000000e+01
     vertex -5.797327e+00 -1.546288e+00  4.000000e+01
   endloop
 endfacet
 facet normal  0.000000e+00  0.000000e+00  1.000000e+00
   outer loop
     vertex -5.873410e+00 -1.225992e+00  4.000000e+01
     vertex -5.797327e+00 -1.546288e+00  4.000000e+01
     vertex -5.752724e+00 -1.704750e+00  4.000000e+01
   endloop
 endfacet
 facet normal  0.000000e+00  0.000000e+00  1.000000e+00
   outer loop
     vertex -7.797567e-01 -5.949116e+00  4.000000e+01
     vertex -2.362475e+00 -5.515316e+00  4.000000e+01
     vertex -1.744169e+00 -5.740895e+00  4.000000e+01
   endloop
 endfacet
 facet normal  0.000000e+00  0.000000e+00  1.000000e+00
   outer loop
     vertex -7.797567e-01 -5.949116e+00  4.000000e+01
     vertex -1.744169e+00 -5.740895e+00  4.000000e+01
     vertex -1.266250e+00 -5.864862e+00  4.000000e+01
   endloop
 endfacet
 facet normal  0.000000e+00  0.000000e+00  1.000000e+00
   outer loop
     vertex -7.797567e-01 -5.949116e+00  4.000000e+01
     vertex -1.266250e+00 -5.864862e+00  4.000000e+01
     vertex -1.104877e+00 -5.897393e+00  4.000000e+01
   endloop
 endfacet
 facet normal  0.000000e+00  0.000000e+00  1.000000e+00
   outer loop
     vertex -7.797567e-01 -5.949116e+00  4.000000e+01
     vertex -1.104877e+00 -5.897393e+00  4.000000e+01
     vertex -9.426715e-01 -5.925485e+00  4.000000e+01
   endloop
 endfacet
 facet normal  0.000000e+00  0.000000e+00  1.000000e+00
   outer loop
     vertex -7.797567e-01 -5.949116e+00  4.000000e+01
     vertex -3.234397e+00 -5.053581e+00  4.000000e+01
     vertex -2.661419e+00 -5.377439e+00  4.000000e+01
   endloop
 endfacet
 facet normal  0.000000e+00  0.000000e+00  1.000000e+00
   outer loop
     vertex -7.797567e-01 -5.949116e+00  4.000000e+01
     vertex -2.661419e+00 -5.377439e+00  4.000000e+01
     vertex -2.362475e+00 -5.515316e+00  4.000000e+01
   endloop
 endfacet
 facet normal  0.000000e+00  0.000000e+00  1.000000e+00
   outer loop
     vertex -5.972355e+00 -5.753021e-01  4.000000e+01
     vertex -5.954325e+00 -7.389315e-01  4.000000e+01
     vertex -5.931812e+00 -9.020046e-01  4.000000e+01
   endloop
 endfacet
 facet normal  0.000000e+00  0.000000e+00  1.000000e+00
   outer loop
     vertex -5.972355e+00 -5.753021e-01  4.000000e+01
     vertex -5.931812e+00 -9.020046e-01  4.000000e+01
     vertex -5.904833e+00 -1.064399e+00  4.000000e+01
   endloop
 endfacet
 facet normal  0.000000e+00  0.000000e+00  1.000000e+00
   outer loop
     vertex -4.522891e-01 -5.982929e+00  4.000000e+01
     vertex -7.797567e-01 -5.949116e+00  4.000000e+01
     vertex -6.162549e-01 -5.968269e+00  4.000000e+01
   endloop
 endfacet
 facet normal  0.000000e+00  0.000000e+00  1.000000e+00
   outer loop
     vertex -5.999435e+00  8.230989e-02  4.000000e+01
     vertex -5.999435e+00 -8.230989e-02  4.000000e+01
     vertex -5.994919e+00 -2.468677e-01  4.000000e+01
   endloop
 endfacet
 facet normal  0.000000e+00  0.000000e+00  1.000000e+00
   outer loop
     vertex -5.999435e+00  8.230989e-02  4.000000e+01
     vertex -5.994919e+00 -2.468677e-01  4.000000e+01
     vertex -5.985890e+00 -4.112397e-01  4.000000e+01
   endloop
 endfacet
 facet normal  0.000000e+00  0.000000e+00  1.000000e+00
   outer loop
     vertex -5.999435e+00  8.230989e-02  4.000000e+01
     vertex -5.985890e+00 -4.112397e-01  4.000000e+01
     vertex -5.972355e+00 -5.753021e-01  4.000000e+01
   endloop
 endfacet
 facet normal  0.000000e+00  0.000000e+00  1.000000e+00
   outer loop
     vertex  3.701709e-01 -5.988570e+00  4.000000e+01
     vertex  4.115591e-02 -5.999859e+00  4.000000e+01
     vertex  2.057408e-01 -5.996472e+00  4.000000e+01
   endloop
 endfacet
 facet normal  0.000000e+00  0.000000e+00  1.000000e+00
   outer loop
     vertex -5.985890e+00  4.112397e-01  4.000000e+01
     vertex -5.994919e+00  2.468677e-01  4.000000e+01
     vertex -5.999435e+00  8.230989e-02  4.000000e+01
   endloop
 endfacet
 facet normal  0.000000e+00  0.000000e+00  1.000000e+00
   outer loop
     vertex -5.985890e+00  4.112397e-01  4.000000e+01
     vertex -5.904833e+00 -1.064399e+00  4.000000e+01
     vertex -5.873410e+00 -1.225992e+00  4.000000e+01
   endloop
 endfacet
 facet normal  0.000000e+00  0.000000e+00  1.000000e+00
   outer loop
     vertex -5.985890e+00  4.112397e-01  4.000000e+01
     vertex -5.972355e+00 -5.753021e-01  4.000000e+01
     vertex -5.904833e+00 -1.064399e+00  4.000000e+01
   endloop
 endfacet
 facet normal  0.000000e+00  0.000000e+00  1.000000e+00
   outer loop
     vertex -5.985890e+00  4.112397e-01  4.000000e+01
     vertex -5.999435e+00  8.230989e-02  4.000000e+01
     vertex -5.972355e+00 -5.753021e-01  4.000000e+01
   endloop
 endfacet
 facet normal  0.000000e+00  0.000000e+00  1.000000e+00
   outer loop
     vertex  5.343223e-01 -5.976161e+00  4.000000e+01
     vertex  4.115591e-02 -5.999859e+00  4.000000e+01
     vertex  3.701709e-01 -5.988570e+00  4.000000e+01
   endloop
 endfacet
 facet normal  0.000000e+00  0.000000e+00  1.000000e+00
   outer loop
     vertex  5.343223e-01 -5.976161e+00  4.000000e+01
     vertex -2.879830e-01 -5.993085e+00  4.000000e+01
     vertex -1.234600e-01 -5.998730e+00  4.000000e+01
   endloop
 endfacet
 facet normal  0.000000e+00  0.000000e+00  1.000000e+00
   outer loop
     vertex  5.343223e-01 -5.976161e+00  4.000000e+01
     vertex -1.234600e-01 -5.998730e+00  4.000000e+01
     vertex  4.115591e-02 -5.999859e+00  4.000000e+01
   endloop
 endfacet
 facet normal  0.000000e+00  0.000000e+00  1.000000e+00
   outer loop
     vertex  6.980715e-01 -5.959253e+00  4.000000e+01
     vertex -2.879830e-01 -5.993085e+00  4.000000e+01
     vertex  5.343223e-01 -5.976161e+00  4.000000e+01
   endloop
 endfacet
 facet normal  0.000000e+00  0.000000e+00  1.000000e+00
   outer loop
     vertex  6.980715e-01 -5.959253e+00  4.000000e+01
     vertex -4.522891e-01 -5.982929e+00  4.000000e+01
     vertex -2.879830e-01 -5.993085e+00  4.000000e+01
   endloop
 endfacet
 facet normal  0.000000e+00  0.000000e+00  1.000000e+00
   outer loop
     vertex -5.954325e+00  7.389315e-01  4.000000e+01
     vertex -5.972355e+00  5.753021e-01  4.000000e+01
     vertex -5.985890e+00  4.112397e-01  4.000000e+01
   endloop
 endfacet
 facet normal  0.000000e+00  0.000000e+00  1.000000e+00
   outer loop
     vertex -5.931812e+00  9.020046e-01  4.000000e+01
     vertex -5.954325e+00  7.389315e-01  4.000000e+01
     vertex -5.985890e+00  4.112397e-01  4.000000e+01
   endloop
 endfacet
 facet normal  0.000000e+00  0.000000e+00  1.000000e+00
   outer loop
     vertex  1.023870e+00 -5.911995e+00  4.000000e+01
     vertex -4.522891e-01 -5.982929e+00  4.000000e+01
     vertex  6.980715e-01 -5.959253e+00  4.000000e+01
   endloop
 endfacet
 facet normal  0.000000e+00  0.000000e+00  1.000000e+00
   outer loop
     vertex  1.023870e+00 -5.911995e+00  4.000000e+01
     vertex  6.980715e-01 -5.959253e+00  4.000000e+01
     vertex  8.612951e-01 -5.937859e+00  4.000000e+01
   endloop
 endfacet
 facet normal  0.000000e+00  0.000000e+00  1.000000e+00
   outer loop
     vertex -5.837565e+00  1.386661e+00  4.000000e+01
     vertex -5.873410e+00  1.225992e+00  4.000000e+01
     vertex -5.904833e+00  1.064399e+00  4.000000e+01
   endloop
 endfacet
 facet normal  0.000000e+00  0.000000e+00  1.000000e+00
   outer loop
     vertex  1.506486e+00 -5.807797e+00  4.000000e+01
     vertex  1.023870e+00 -5.911995e+00  4.000000e+01
     vertex  1.185675e+00 -5.881681e+00  4.000000e+01
   endloop
 endfacet
 facet normal  0.000000e+00  0.000000e+00  1.000000e+00
   outer loop
     vertex  1.506486e+00 -5.807797e+00  4.000000e+01
     vertex  1.185675e+00 -5.881681e+00  4.000000e+01
     vertex  1.346587e+00 -5.846940e+00  4.000000e+01
   endloop
 endfacet
 facet normal  0.000000e+00  0.000000e+00  1.000000e+00
   outer loop
     vertex -5.797327e+00  1.546288e+00  4.000000e+01
     vertex -5.904833e+00  1.064399e+00  4.000000e+01
     vertex -5.931812e+00  9.020046e-01  4.000000e+01
   endloop
 endfacet
 facet normal  0.000000e+00  0.000000e+00  1.000000e+00
   outer loop
     vertex -5.797327e+00  1.546288e+00  4.000000e+01
     vertex -5.931812e+00  9.020046e-01  4.000000e+01
     vertex -5.985890e+00  4.112397e-01  4.000000e+01
   endloop
 endfacet
 facet normal  0.000000e+00  0.000000e+00  1.000000e+00
   outer loop
     vertex -5.797327e+00  1.546288e+00  4.000000e+01
     vertex -5.837565e+00  1.386661e+00  4.000000e+01
     vertex -5.904833e+00  1.064399e+00  4.000000e+01
   endloop
 endfacet
 facet normal  0.000000e+00  0.000000e+00  1.000000e+00
   outer loop
     vertex  1.665250e+00 -5.764282e+00  4.000000e+01
     vertex  1.023870e+00 -5.911995e+00  4.000000e+01
     vertex  1.506486e+00 -5.807797e+00  4.000000e+01
   endloop
 endfacet
 facet normal  0.000000e+00  0.000000e+00  1.000000e+00
   outer loop
     vertex  1.822761e+00 -5.716428e+00  4.000000e+01
     vertex  1.023870e+00 -5.911995e+00  4.000000e+01
     vertex  1.665250e+00 -5.764282e+00  4.000000e+01
   endloop
 endfacet
 facet normal  0.000000e+00  0.000000e+00  1.000000e+00
   outer loop
     vertex -5.650563e+00  2.017706e+00  4.000000e+01
     vertex -5.703790e+00  1.861929e+00  4.000000e+01
     vertex -5.752724e+00  1.704750e+00  4.000000e+01
   endloop
 endfacet
 facet normal  0.000000e+00  0.000000e+00  1.000000e+00
   outer loop
     vertex -5.650563e+00  2.017706e+00  4.000000e+01
     vertex -5.752724e+00  1.704750e+00  4.000000e+01
     vertex -5.797327e+00  1.546288e+00  4.000000e+01
   endloop
 endfacet
 facet normal  0.000000e+00  0.000000e+00  1.000000e+00
   outer loop
     vertex -5.650563e+00  2.017706e+00  4.000000e+01
     vertex -5.797327e+00  1.546288e+00  4.000000e+01
     vertex -5.985890e+00  4.112397e-01  4.000000e+01
   endloop
 endfacet
 facet normal  0.000000e+00  0.000000e+00  1.000000e+00
   outer loop
     vertex  2.133548e+00 -5.607849e+00  4.000000e+01
     vertex  1.822761e+00 -5.716428e+00  4.000000e+01
     vertex  1.978899e+00 -5.664270e+00  4.000000e+01
   endloop
 endfacet
 facet normal  0.000000e+00  0.000000e+00  1.000000e+00
   outer loop
     vertex -5.531392e+00  2.324588e+00  4.000000e+01
     vertex -5.593082e+00  2.171964e+00  4.000000e+01
     vertex -5.650563e+00  2.017706e+00  4.000000e+01
   endloop
 endfacet
 facet normal  0.000000e+00  0.000000e+00  1.000000e+00
   outer loop
     vertex  2.437913e+00 -5.482388e+00  4.000000e+01
     vertex  2.133548e+00 -5.607849e+00  4.000000e+01
     vertex  2.286591e+00 -5.547206e+00  4.000000e+01
   endloop
 endfacet
 facet normal  0.000000e+00  0.000000e+00  1.000000e+00
   outer loop
     vertex -5.465537e+00  2.475461e+00  4.000000e+01
     vertex -5.531392e+00  2.324588e+00  4.000000e+01
     vertex -5.650563e+00  2.017706e+00  4.000000e+01
   endloop
 endfacet
 facet normal  0.000000e+00  0.000000e+00  1.000000e+00
   outer loop
     vertex -5.321537e+00  2.771506e+00  4.000000e+01
     vertex -5.465537e+00  2.475461e+00  4.000000e+01
     vertex -5.650563e+00  2.017706e+00  4.000000e+01
   endloop
 endfacet
 facet normal  0.000000e+00  0.000000e+00  1.000000e+00
   outer loop
     vertex -5.321537e+00  2.771506e+00  4.000000e+01
     vertex -5.395568e+00  2.624471e+00  4.000000e+01
     vertex -5.465537e+00  2.475461e+00  4.000000e+01
   endloop
 endfacet
 facet normal  0.000000e+00  0.000000e+00  1.000000e+00
   outer loop
     vertex  3.023730e+00 -5.182379e+00  4.000000e+01
     vertex  2.133548e+00 -5.607849e+00  4.000000e+01
     vertex  2.437913e+00 -5.482388e+00  4.000000e+01
   endloop
 endfacet
 facet normal  0.000000e+00  0.000000e+00  1.000000e+00
   outer loop
     vertex  3.023730e+00 -5.182379e+00  4.000000e+01
     vertex -7.797567e-01 -5.949116e+00  4.000000e+01
     vertex -4.522891e-01 -5.982929e+00  4.000000e+01
   endloop
 endfacet
 facet normal  0.000000e+00  0.000000e+00  1.000000e+00
   outer loop
     vertex  3.023730e+00 -5.182379e+00  4.000000e+01
     vertex -4.522891e-01 -5.982929e+00  4.000000e+01
     vertex  1.023870e+00 -5.911995e+00  4.000000e+01
   endloop
 endfacet
 facet normal  0.000000e+00  0.000000e+00  1.000000e+00
   outer loop
     vertex  3.023730e+00 -5.182379e+00  4.000000e+01
     vertex  2.437913e+00 -5.482388e+00  4.000000e+01
     vertex  2.587400e+00 -5.413443e+00  4.000000e+01
   endloop
 endfacet
 facet normal  0.000000e+00  0.000000e+00  1.000000e+00
   outer loop
     vertex  3.023730e+00 -5.182379e+00  4.000000e+01
     vertex  2.587400e+00 -5.413443e+00  4.000000e+01
     vertex  2.734938e+00 -5.340422e+00  4.000000e+01
   endloop
 endfacet
 facet normal  0.000000e+00  0.000000e+00  1.000000e+00
   outer loop
     vertex  3.023730e+00 -5.182379e+00  4.000000e+01
     vertex  1.023870e+00 -5.911995e+00  4.000000e+01
     vertex  1.822761e+00 -5.716428e+00  4.000000e+01
   endloop
 endfacet
 facet normal  0.000000e+00  0.000000e+00  1.000000e+00
   outer loop
     vertex  3.023730e+00 -5.182379e+00  4.000000e+01
     vertex  2.734938e+00 -5.340422e+00  4.000000e+01
     vertex  2.880418e+00 -5.263382e+00  4.000000e+01
   endloop
 endfacet
 facet normal  0.000000e+00  0.000000e+00  1.000000e+00
   outer loop
     vertex  3.023730e+00 -5.182379e+00  4.000000e+01
     vertex  1.822761e+00 -5.716428e+00  4.000000e+01
     vertex  2.133548e+00 -5.607849e+00  4.000000e+01
   endloop
 endfacet
 facet normal  0.000000e+00  0.000000e+00  1.000000e+00
   outer loop
     vertex -5.075648e+00  3.199656e+00  4.000000e+01
     vertex -5.161517e+00  3.059207e+00  4.000000e+01
     vertex -5.243500e+00  2.916454e+00  4.000000e+01
   endloop
 endfacet
 facet normal  0.000000e+00  0.000000e+00  1.000000e+00
   outer loop
     vertex -5.075648e+00  3.199656e+00  4.000000e+01
     vertex -5.243500e+00  2.916454e+00  4.000000e+01
     vertex -5.321537e+00  2.771506e+00  4.000000e+01
   endloop
 endfacet
 facet normal  0.000000e+00  0.000000e+00  1.000000e+00
   outer loop
     vertex  3.303419e+00 -5.008735e+00  4.000000e+01
     vertex  3.023730e+00 -5.182379e+00  4.000000e+01
     vertex  3.164766e+00 -5.097476e+00  4.000000e+01
   endloop
 endfacet
 facet normal  0.000000e+00  0.000000e+00  1.000000e+00
   outer loop
     vertex -4.985958e+00  3.337698e+00  4.000000e+01
     vertex -5.075648e+00  3.199656e+00  4.000000e+01
     vertex -5.321537e+00  2.771506e+00  4.000000e+01
   endloop
 endfacet
 facet normal  0.000000e+00  0.000000e+00  1.000000e+00
   outer loop
     vertex -4.892514e+00  3.473226e+00  4.000000e+01
     vertex -5.873410e+00 -1.225992e+00  4.000000e+01
     vertex -5.752724e+00 -1.704750e+00  4.000000e+01
   endloop
 endfacet
 facet normal  0.000000e+00  0.000000e+00  1.000000e+00
   outer loop
     vertex -4.892514e+00  3.473226e+00  4.000000e+01
     vertex -4.985958e+00  3.337698e+00  4.000000e+01
     vertex -5.321537e+00  2.771506e+00  4.000000e+01
   endloop
 endfacet
 facet normal  0.000000e+00  0.000000e+00  1.000000e+00
   outer loop
     vertex -4.892514e+00  3.473226e+00  4.000000e+01
     vertex -5.985890e+00  4.112397e-01  4.000000e+01
     vertex -5.873410e+00 -1.225992e+00  4.000000e+01
   endloop
 endfacet
 facet normal  0.000000e+00  0.000000e+00  1.000000e+00
   outer loop
     vertex -4.892514e+00  3.473226e+00  4.000000e+01
     vertex -5.650563e+00  2.017706e+00  4.000000e+01
     vertex -5.985890e+00  4.112397e-01  4.000000e+01
   endloop
 endfacet
 facet normal  0.000000e+00  0.000000e+00  1.000000e+00
   outer loop
     vertex -4.892514e+00  3.473226e+00  4.000000e+01
     vertex -5.321537e+00  2.771506e+00  4.000000e+01
     vertex -5.650563e+00  2.017706e+00  4.000000e+01
   endloop
 endfacet
 facet normal  0.000000e+00  0.000000e+00  1.000000e+00
   outer loop
     vertex  3.704050e+00 -4.720171e+00  4.000000e+01
     vertex  3.023730e+00 -5.182379e+00  4.000000e+01
     vertex  3.303419e+00 -5.008735e+00  4.000000e+01
   endloop
 endfacet
 facet normal  0.000000e+00  0.000000e+00  1.000000e+00
   outer loop
     vertex  3.704050e+00 -4.720171e+00  4.000000e+01
     vertex  3.303419e+00 -5.008735e+00  4.000000e+01
     vertex  3.439585e+00 -4.916223e+00  4.000000e+01
   endloop
 endfacet
 facet normal  0.000000e+00  0.000000e+00  1.000000e+00
   outer loop
     vertex  3.704050e+00 -4.720171e+00  4.000000e+01
     vertex  3.439585e+00 -4.916223e+00  4.000000e+01
     vertex  3.573163e+00 -4.820011e+00  4.000000e+01
   endloop
 endfacet
 facet normal  0.000000e+00  0.000000e+00  1.000000e+00
   outer loop
     vertex -4.694652e+00  3.736340e+00  4.000000e+01
     vertex -4.795388e+00  3.606141e+00  4.000000e+01
     vertex -4.892514e+00  3.473226e+00  4.000000e+01
   endloop
 endfacet
 facet normal  0.000000e+00  0.000000e+00  1.000000e+00
   outer loop
     vertex  3.832149e+00 -4.616777e+00  4.000000e+01
     vertex  3.023730e+00 -5.182379e+00  4.000000e+01
     vertex  3.704050e+00 -4.720171e+00  4.000000e+01
   endloop
 endfacet
 facet normal  0.000000e+00  0.000000e+00  1.000000e+00
   outer loop
     vertex  4.079600e+00 -4.399644e+00  4.000000e+01
     vertex  3.023730e+00 -5.182379e+00  4.000000e+01
     vertex  3.832149e+00 -4.616777e+00  4.000000e+01
   endloop
 endfacet
 facet normal  0.000000e+00  0.000000e+00  1.000000e+00
   outer loop
     vertex  4.079600e+00 -4.399644e+00  4.000000e+01
     vertex  3.832149e+00 -4.616777e+00  4.000000e+01
     vertex  3.957364e+00 -4.509908e+00  4.000000e+01
   endloop
 endfacet
 facet normal  0.000000e+00  0.000000e+00  1.000000e+00
   outer loop
     vertex -4.371557e+00  4.109682e+00  4.000000e+01
     vertex -4.482657e+00  3.988206e+00  4.000000e+01
     vertex -4.590382e+00  3.863727e+00  4.000000e+01
   endloop
 endfacet
 facet normal  0.000000e+00  0.000000e+00  1.000000e+00
   outer loop
     vertex -4.371557e+00  4.109682e+00  4.000000e+01
     vertex -4.590382e+00  3.863727e+00  4.000000e+01
     vertex -4.694652e+00  3.736340e+00  4.000000e+01
   endloop
 endfacet
 facet normal  0.000000e+00  0.000000e+00  1.000000e+00
   outer loop
     vertex -4.257167e+00  4.228065e+00  4.000000e+01
     vertex -4.371557e+00  4.109682e+00  4.000000e+01
     vertex -4.694652e+00  3.736340e+00  4.000000e+01
   endloop
 endfacet
 facet normal  0.000000e+00  0.000000e+00  1.000000e+00
   outer loop
     vertex  4.314768e+00 -4.169266e+00  4.000000e+01
     vertex  4.079600e+00 -4.399644e+00  4.000000e+01
     vertex  4.198764e+00 -4.286068e+00  4.000000e+01
   endloop
 endfacet
 facet normal  0.000000e+00  0.000000e+00  1.000000e+00
   outer loop
     vertex  4.536947e+00 -3.926336e+00  4.000000e+01
     vertex  4.314768e+00 -4.169266e+00  4.000000e+01
     vertex  4.427524e+00 -4.049325e+00  4.000000e+01
   endloop
 endfacet
 facet normal  0.000000e+00  0.000000e+00  1.000000e+00
   outer loop
     vertex  4.536947e+00 -3.926336e+00  4.000000e+01
     vertex -7.797567e-01 -5.949116e+00  4.000000e+01
     vertex  3.023730e+00 -5.182379e+00  4.000000e+01
   endloop
 endfacet
 facet normal  0.000000e+00  0.000000e+00  1.000000e+00
   outer loop
     vertex  4.536947e+00 -3.926336e+00  4.000000e+01
     vertex -3.234397e+00 -5.053581e+00  4.000000e+01
     vertex -7.797567e-01 -5.949116e+00  4.000000e+01
   endloop
 endfacet
 facet normal  0.000000e+00  0.000000e+00  1.000000e+00
   outer loop
     vertex  4.536947e+00 -3.926336e+00  4.000000e+01
     vertex  3.023730e+00 -5.182379e+00  4.000000e+01
     vertex  4.079600e+00 -4.399644e+00  4.000000e+01
   endloop
 endfacet
 facet normal  0.000000e+00  0.000000e+00  1.000000e+00
   outer loop
     vertex  4.536947e+00 -3.926336e+00  4.000000e+01
     vertex  4.079600e+00 -4.399644e+00  4.000000e+01
     vertex  4.314768e+00 -4.169266e+00  4.000000e+01
   endloop
 endfacet
 facet normal  0.000000e+00  0.000000e+00  1.000000e+00
   outer loop
     vertex -3.895123e+00  4.563772e+00  4.000000e+01
     vertex -4.018860e+00  4.455195e+00  4.000000e+01
     vertex -4.139571e+00  4.343265e+00  4.000000e+01
   endloop
 endfacet
 facet normal  0.000000e+00  0.000000e+00  1.000000e+00
   outer loop
     vertex -3.895123e+00  4.563772e+00  4.000000e+01
     vertex -4.139571e+00  4.343265e+00  4.000000e+01
     vertex -4.257167e+00  4.228065e+00  4.000000e+01
   endloop
 endfacet
 facet normal  0.000000e+00  0.000000e+00  1.000000e+00
   outer loop
     vertex  4.745467e+00 -3.671586e+00  4.000000e+01
     vertex  4.536947e+00 -3.926336e+00  4.000000e+01
     vertex  4.642954e+00 -3.800391e+00  4.000000e+01
   endloop
 endfacet
 facet normal  0.000000e+00  0.000000e+00  1.000000e+00
   outer loop
     vertex -3.506704e+00  4.868575e+00  4.000000e+01
     vertex -3.638949e+00  4.770540e+00  4.000000e+01
     vertex -3.768454e+00  4.668913e+00  4.000000e+01
   endloop
 endfacet
 facet normal  0.000000e+00  0.000000e+00  1.000000e+00
   outer loop
     vertex -3.371819e+00  4.962946e+00  4.000000e+01
     vertex -3.895123e+00  4.563772e+00  4.000000e+01
     vertex -4.257167e+00  4.228065e+00  4.000000e+01
   endloop
 endfacet
 facet normal  0.000000e+00  0.000000e+00  1.000000e+00
   outer loop
     vertex -3.371819e+00  4.962946e+00  4.000000e+01
     vertex -3.768454e+00  4.668913e+00  4.000000e+01
     vertex -3.895123e+00  4.563772e+00  4.000000e+01
   endloop
 endfacet
 facet normal  0.000000e+00  0.000000e+00  1.000000e+00
   outer loop
     vertex -3.371819e+00  4.962946e+00  4.000000e+01
     vertex -3.506704e+00  4.868575e+00  4.000000e+01
     vertex -3.768454e+00  4.668913e+00  4.000000e+01
   endloop
 endfacet
 facet normal  0.000000e+00  0.000000e+00  1.000000e+00
   outer loop
     vertex  5.031276e+00 -3.268985e+00  4.000000e+01
     vertex  4.745467e+00 -3.671586e+00  4.000000e+01
     vertex  4.844407e+00 -3.540017e+00  4.000000e+01
   endloop
 endfacet
 facet normal  0.000000e+00  0.000000e+00  1.000000e+00
   outer loop
     vertex  5.031276e+00 -3.268985e+00  4.000000e+01
     vertex  4.844407e+00 -3.540017e+00  4.000000e+01
     vertex  4.939701e+00 -3.405783e+00  4.000000e+01
   endloop
 endfacet
 facet normal  0.000000e+00  0.000000e+00  1.000000e+00
   outer loop
     vertex -3.234397e+00  5.053581e+00  4.000000e+01
     vertex -3.371819e+00  4.962946e+00  4.000000e+01
     vertex -4.257167e+00  4.228065e+00  4.000000e+01
   endloop
 endfacet
 facet normal  0.000000e+00  0.000000e+00  1.000000e+00
   outer loop
     vertex -3.094539e+00  5.140411e+00  4.000000e+01
     vertex -3.234397e+00  5.053581e+00  4.000000e+01
     vertex -4.257167e+00  4.228065e+00  4.000000e+01
   endloop
 endfacet
 facet normal  0.000000e+00  0.000000e+00  1.000000e+00
   outer loop
     vertex  5.202998e+00 -2.988111e+00  4.000000e+01
     vertex  5.031276e+00 -3.268985e+00  4.000000e+01
     vertex  5.119064e+00 -3.129726e+00  4.000000e+01
   endloop
 endfacet
 facet normal  0.000000e+00  0.000000e+00  1.000000e+00
   outer loop
     vertex  5.202998e+00 -2.988111e+00  4.000000e+01
     vertex  4.745467e+00 -3.671586e+00  4.000000e+01
     vertex  5.031276e+00 -3.268985e+00  4.000000e+01
   endloop
 endfacet
 facet normal  0.000000e+00  0.000000e+00  1.000000e+00
   outer loop
     vertex  5.283016e+00 -2.844247e+00  4.000000e+01
     vertex  4.745467e+00 -3.671586e+00  4.000000e+01
     vertex  5.202998e+00 -2.988111e+00  4.000000e+01
   endloop
 endfacet
 facet normal  0.000000e+00  0.000000e+00  1.000000e+00
   outer loop
     vertex  5.359057e+00 -2.698242e+00  4.000000e+01
     vertex  4.745467e+00 -3.671586e+00  4.000000e+01
     vertex  5.283016e+00 -2.844247e+00  4.000000e+01
   endloop
 endfacet
 facet normal  0.000000e+00  0.000000e+00  1.000000e+00
   outer loop
     vertex -2.661419e+00  5.377439e+00  4.000000e+01
     vertex -2.807943e+00  5.302401e+00  4.000000e+01
     vertex -2.952352e+00  5.223372e+00  4.000000e+01
   endloop
 endfacet
 facet normal  0.000000e+00  0.000000e+00  1.000000e+00
   outer loop
     vertex -2.661419e+00  5.377439e+00  4.000000e+01
     vertex -2.952352e+00  5.223372e+00  4.000000e+01
     vertex -3.094539e+00  5.140411e+00  4.000000e+01
   endloop
 endfacet
 facet normal  0.000000e+00  0.000000e+00  1.000000e+00
   outer loop
     vertex -2.512893e+00  5.448428e+00  4.000000e+01
     vertex -2.661419e+00  5.377439e+00  4.000000e+01
     vertex -3.094539e+00  5.140411e+00  4.000000e+01
   endloop
 endfacet
 facet normal  0.000000e+00  0.000000e+00  1.000000e+00
   outer loop
     vertex  5.498982e+00 -2.400250e+00  4.000000e+01
     vertex  5.359057e+00 -2.698242e+00  4.000000e+01
     vertex  5.431063e+00 -2.550206e+00  4.000000e+01
   endloop
 endfacet
 facet normal  0.000000e+00  0.000000e+00  1.000000e+00
   outer loop
     vertex  5.498982e+00 -2.400250e+00  4.000000e+01
     vertex  4.536947e+00 -3.926336e+00  4.000000e+01
     vertex  4.745467e+00 -3.671586e+00  4.000000e+01
   endloop
 endfacet
 facet normal  0.000000e+00  0.000000e+00  1.000000e+00
   outer loop
     vertex  5.498982e+00 -2.400250e+00  4.000000e+01
     vertex  4.745467e+00 -3.671586e+00  4.000000e+01
     vertex  5.359057e+00 -2.698242e+00  4.000000e+01
   endloop
 endfacet
 facet normal  0.000000e+00  0.000000e+00  1.000000e+00
   outer loop
     vertex -2.210278e+00  5.578053e+00  4.000000e+01
     vertex -2.362475e+00  5.515316e+00  4.000000e+01
     vertex -2.512893e+00  5.448428e+00  4.000000e+01
   endloop
 endfacet
 facet normal  0.000000e+00  0.000000e+00  1.000000e+00
   outer loop
     vertex  5.677711e+00 -1.940000e+00  4.000000e+01
     vertex  5.498982e+00 -2.400250e+00  4.000000e+01
     vertex  5.562760e+00 -2.248488e+00  4.000000e+01
   endloop
 endfacet
 facet normal  0.000000e+00  0.000000e+00  1.000000e+00
   outer loop
     vertex  5.677711e+00 -1.940000e+00  4.000000e+01
     vertex  5.562760e+00 -2.248488e+00  4.000000e+01
     vertex  5.622352e+00 -2.095032e+00  4.000000e+01
   endloop
 endfacet
 facet normal  0.000000e+00  0.000000e+00  1.000000e+00
   outer loop
     vertex  5.677711e+00 -1.940000e+00  4.000000e+01
     vertex -4.892514e+00  3.473226e+00  4.000000e+01
     vertex -5.752724e+00 -1.704750e+00  4.000000e+01
   endloop
 endfacet
 facet normal  0.000000e+00  0.000000e+00  1.000000e+00
   outer loop
     vertex  5.677711e+00 -1.940000e+00  4.000000e+01
     vertex -5.752724e+00 -1.704750e+00  4.000000e+01
     vertex -3.234397e+00 -5.053581e+00  4.000000e+01
   endloop
 endfacet
 facet normal  0.000000e+00  0.000000e+00  1.000000e+00
   outer loop
     vertex  5.677711e+00 -1.940000e+00  4.000000e+01
     vertex -4.694652e+00  3.736340e+00  4.000000e+01
     vertex -4.892514e+00  3.473226e+00  4.000000e+01
   endloop
 endfacet
 facet normal  0.000000e+00  0.000000e+00  1.000000e+00
   outer loop
     vertex  5.677711e+00 -1.940000e+00  4.000000e+01
     vertex -3.234397e+00 -5.053581e+00  4.000000e+01
     vertex  4.536947e+00 -3.926336e+00  4.000000e+01
   endloop
 endfacet
 facet normal  0.000000e+00  0.000000e+00  1.000000e+00
   outer loop
     vertex  5.677711e+00 -1.940000e+00  4.000000e+01
     vertex  4.536947e+00 -3.926336e+00  4.000000e+01
     vertex  5.498982e+00 -2.400250e+00  4.000000e+01
   endloop
 endfacet
 facet normal  0.000000e+00  0.000000e+00  1.000000e+00
   outer loop
     vertex -1.901009e+00  5.690884e+00  4.000000e+01
     vertex -2.210278e+00  5.578053e+00  4.000000e+01
     vertex -2.512893e+00  5.448428e+00  4.000000e+01
   endloop
 endfacet
 facet normal  0.000000e+00  0.000000e+00  1.000000e+00
   outer loop
     vertex -1.901009e+00  5.690884e+00  4.000000e+01
     vertex -2.056417e+00  5.636590e+00  4.000000e+01
     vertex -2.210278e+00  5.578053e+00  4.000000e+01
   endloop
 endfacet
 facet normal  0.000000e+00  0.000000e+00  1.000000e+00
   outer loop
     vertex -1.744169e+00  5.740895e+00  4.000000e+01
     vertex -1.901009e+00  5.690884e+00  4.000000e+01
     vertex -2.512893e+00  5.448428e+00  4.000000e+01
   endloop
 endfacet
 facet normal  0.000000e+00  0.000000e+00  1.000000e+00
   outer loop
     vertex -1.586017e+00  5.786584e+00  4.000000e+01
     vertex -2.512893e+00  5.448428e+00  4.000000e+01
     vertex -3.094539e+00  5.140411e+00  4.000000e+01
   endloop
 endfacet
 facet normal  0.000000e+00  0.000000e+00  1.000000e+00
   outer loop
     vertex -1.586017e+00  5.786584e+00  4.000000e+01
     vertex -4.257167e+00  4.228065e+00  4.000000e+01
     vertex -4.694652e+00  3.736340e+00  4.000000e+01
   endloop
 endfacet
 facet normal  0.000000e+00  0.000000e+00  1.000000e+00
   outer loop
     vertex -1.586017e+00  5.786584e+00  4.000000e+01
     vertex -1.744169e+00  5.740895e+00  4.000000e+01
     vertex -2.512893e+00  5.448428e+00  4.000000e+01
   endloop
 endfacet
 facet normal  0.000000e+00  0.000000e+00  1.000000e+00
   outer loop
     vertex -1.586017e+00  5.786584e+00  4.000000e+01
     vertex -3.094539e+00  5.140411e+00  4.000000e+01
     vertex -4.257167e+00  4.228065e+00  4.000000e+01
   endloop
 endfacet
 facet normal  0.000000e+00  0.000000e+00  1.000000e+00
   outer loop
     vertex -1.266250e+00  5.864862e+00  4.000000e+01
     vertex -1.426671e+00  5.827917e+00  4.000000e+01
     vertex -1.586017e+00  5.786584e+00  4.000000e+01
   endloop
 endfacet
 facet normal  0.000000e+00  0.000000e+00  1.000000e+00
   outer loop
     vertex  5.918879e+00 -9.832941e-01  4.000000e+01
     vertex  5.817993e+00 -1.466613e+00  4.000000e+01
     vertex  5.856039e+00 -1.306449e+00  4.000000e+01
   endloop
 endfacet
 facet normal  0.000000e+00  0.000000e+00  1.000000e+00
   outer loop
     vertex  5.918879e+00 -9.832941e-01  4.000000e+01
     vertex  5.856039e+00 -1.306449e+00  4.000000e+01
     vertex  5.889676e+00 -1.145303e+00  4.000000e+01
   endloop
 endfacet
 facet normal  0.000000e+00  0.000000e+00  1.000000e+00
   outer loop
     vertex -9.426715e-01  5.925485e+00  4.000000e+01
     vertex -1.104877e+00  5.897393e+00  4.000000e+01
     vertex -1.266250e+00  5.864862e+00  4.000000e+01
   endloop
 endfacet
 facet normal  0.000000e+00  0.000000e+00  1.000000e+00
   outer loop
     vertex -7.797567e-01  5.949116e+00  4.000000e+01
     vertex -9.426715e-01  5.925485e+00  4.000000e+01
     vertex -1.266250e+00  5.864862e+00  4.000000e+01
   endloop
 endfacet
 facet normal  0.000000e+00  0.000000e+00  1.000000e+00
   outer loop
     vertex  5.963901e+00 -6.571786e-01  4.000000e+01
     vertex  5.728796e+00 -1.783507e+00  4.000000e+01
     vertex  5.775569e+00 -1.625672e+00  4.000000e+01
   endloop
 endfacet
 facet normal  0.000000e+00  0.000000e+00  1.000000e+00
   outer loop
     vertex  5.963901e+00 -6.571786e-01  4.000000e+01
     vertex  5.775569e+00 -1.625672e+00  4.000000e+01
     vertex  5.817993e+00 -1.466613e+00  4.000000e+01
   endloop
 endfacet
 facet normal  0.000000e+00  0.000000e+00  1.000000e+00
   outer loop
     vertex  5.963901e+00 -6.571786e-01  4.000000e+01
     vertex  5.918879e+00 -9.832941e-01  4.000000e+01
     vertex  5.943627e+00 -8.205452e-01  4.000000e+01
   endloop
 endfacet
 facet normal  0.000000e+00  0.000000e+00  1.000000e+00
   outer loop
     vertex  5.963901e+00 -6.571786e-01  4.000000e+01
     vertex  5.817993e+00 -1.466613e+00  4.000000e+01
     vertex  5.918879e+00 -9.832941e-01  4.000000e+01
   endloop
 endfacet
 facet normal  0.000000e+00  0.000000e+00  1.000000e+00
   outer loop
     vertex -6.162549e-01  5.968269e+00  4.000000e+01
     vertex -7.797567e-01  5.949116e+00  4.000000e+01
     vertex -1.266250e+00  5.864862e+00  4.000000e+01
   endloop
 endfacet
 facet normal  0.000000e+00  0.000000e+00  1.000000e+00
   outer loop
     vertex  5.979685e+00 -4.933173e-01  4.000000e+01
     vertex  5.728796e+00 -1.783507e+00  4.000000e+01
     vertex  5.963901e+00 -6.571786e-01  4.000000e+01
   endloop
 endfacet
 facet normal  0.000000e+00  0.000000e+00  1.000000e+00
   outer loop
     vertex -4.522891e-01  5.982929e+00  4.000000e+01
     vertex -6.162549e-01  5.968269e+00  4.000000e+01
     vertex -1.266250e+00  5.864862e+00  4.000000e+01
   endloop
 endfacet
 facet normal  0.000000e+00  0.000000e+00  1.000000e+00
   outer loop
     vertex  5.997742e+00 -1.646043e-01  4.000000e+01
     vertex  5.979685e+00 -4.933173e-01  4.000000e+01
     vertex  5.990968e+00 -3.290847e-01  4.000000e+01
   endloop
 endfacet
 facet normal  0.000000e+00  0.000000e+00  1.000000e+00
   outer loop
     vertex  6.000000e+00  8.881784e-15  4.000000e+01
     vertex  5.979685e+00 -4.933173e-01  4.000000e+01
     vertex  5.997742e+00 -1.646043e-01  4.000000e+01
   endloop
 endfacet
 facet normal  0.000000e+00  0.000000e+00  1.000000e+00
   outer loop
     vertex  4.115591e-02  5.999859e+00  4.000000e+01
     vertex -1.234600e-01  5.998730e+00  4.000000e+01
     vertex -2.879830e-01  5.993085e+00  4.000000e+01
   endloop
 endfacet
 facet normal  0.000000e+00  0.000000e+00  1.000000e+00
   outer loop
     vertex  3.701709e-01  5.988570e+00  4.000000e+01
     vertex  2.057408e-01  5.996472e+00  4.000000e+01
     vertex  4.115591e-02  5.999859e+00  4.000000e+01
   endloop
 endfacet
 facet normal  0.000000e+00  0.000000e+00  1.000000e+00
   outer loop
     vertex  5.979685e+00  4.933173e-01  4.000000e+01
     vertex  5.997742e+00  1.646043e-01  4.000000e+01
     vertex  5.990968e+00  3.290847e-01  4.000000e+01
   endloop
 endfacet
 facet normal  0.000000e+00  0.000000e+00  1.000000e+00
   outer loop
     vertex  6.980715e-01  5.959253e+00  4.000000e+01
     vertex  5.343223e-01  5.976161e+00  4.000000e+01
     vertex  3.701709e-01  5.988570e+00  4.000000e+01
   endloop
 endfacet
 facet normal  0.000000e+00  0.000000e+00  1.000000e+00
   outer loop
     vertex  6.980715e-01  5.959253e+00  4.000000e+01
     vertex  3.701709e-01  5.988570e+00  4.000000e+01
     vertex  4.115591e-02  5.999859e+00  4.000000e+01
   endloop
 endfacet
 facet normal  0.000000e+00  0.000000e+00  1.000000e+00
   outer loop
     vertex  5.943627e+00  8.205452e-01  4.000000e+01
     vertex  6.000000e+00  8.881784e-15  4.000000e+01
     vertex  5.997742e+00  1.646043e-01  4.000000e+01
   endloop
 endfacet
 facet normal  0.000000e+00  0.000000e+00  1.000000e+00
   outer loop
     vertex  5.943627e+00  8.205452e-01  4.000000e+01
     vertex  5.979685e+00  4.933173e-01  4.000000e+01
     vertex  5.963901e+00  6.571786e-01  4.000000e+01
   endloop
 endfacet
 facet normal  0.000000e+00  0.000000e+00  1.000000e+00
   outer loop
     vertex  5.943627e+00  8.205452e-01  4.000000e+01
     vertex  5.997742e+00  1.646043e-01  4.000000e+01
     vertex  5.979685e+00  4.933173e-01  4.000000e+01
   endloop
 endfacet
 facet normal  0.000000e+00  0.000000e+00  1.000000e+00
   outer loop
     vertex  1.023870e+00  5.911995e+00  4.000000e+01
     vertex  6.980715e-01  5.959253e+00  4.000000e+01
     vertex  4.115591e-02  5.999859e+00  4.000000e+01
   endloop
 endfacet
 facet normal  0.000000e+00  0.000000e+00  1.000000e+00
   outer loop
     vertex  1.023870e+00  5.911995e+00  4.000000e+01
     vertex  4.115591e-02  5.999859e+00  4.000000e+01
     vertex -2.879830e-01  5.993085e+00  4.000000e+01
   endloop
 endfacet
 facet normal  0.000000e+00  0.000000e+00  1.000000e+00
   outer loop
     vertex  1.023870e+00  5.911995e+00  4.000000e+01
     vertex  8.612951e-01  5.937859e+00  4.000000e+01
     vertex  6.980715e-01  5.959253e+00  4.000000e+01
   endloop
 endfacet
 facet normal  0.000000e+00  0.000000e+00  1.000000e+00
   outer loop
     vertex  5.775569e+00  1.625672e+00  4.000000e+01
     vertex  5.889676e+00  1.145303e+00  4.000000e+01
     vertex  5.856039e+00  1.306449e+00  4.000000e+01
   endloop
 endfacet
 facet normal  0.000000e+00  0.000000e+00  1.000000e+00
   outer loop
     vertex  5.775569e+00  1.625672e+00  4.000000e+01
     vertex  5.856039e+00  1.306449e+00  4.000000e+01
     vertex  5.817993e+00  1.466613e+00  4.000000e+01
   endloop
 endfacet
 facet normal  0.000000e+00  0.000000e+00  1.000000e+00
   outer loop
     vertex  5.728796e+00  1.783507e+00  4.000000e+01
     vertex  5.943627e+00  8.205452e-01  4.000000e+01
     vertex  5.918879e+00  9.832941e-01  4.000000e+01
   endloop
 endfacet
 facet normal  0.000000e+00  0.000000e+00  1.000000e+00
   outer loop
     vertex  5.728796e+00  1.783507e+00  4.000000e+01
     vertex  5.918879e+00  9.832941e-01  4.000000e+01
     vertex  5.889676e+00  1.145303e+00  4.000000e+01
   endloop
 endfacet
 facet normal  0.000000e+00  0.000000e+00  1.000000e+00
   outer loop
     vertex  5.728796e+00  1.783507e+00  4.000000e+01
     vertex  5.889676e+00  1.145303e+00  4.000000e+01
     vertex  5.775569e+00  1.625672e+00  4.000000e+01
   endloop
 endfacet
 facet normal  0.000000e+00  0.000000e+00  1.000000e+00
   outer loop
     vertex  5.728796e+00  1.783507e+00  4.000000e+01
     vertex  5.677711e+00 -1.940000e+00  4.000000e+01
     vertex  5.728796e+00 -1.783507e+00  4.000000e+01
   endloop
 endfacet
 facet normal  0.000000e+00  0.000000e+00  1.000000e+00
   outer loop
     vertex  5.728796e+00  1.783507e+00  4.000000e+01
     vertex  5.728796e+00 -1.783507e+00  4.000000e+01
     vertex  5.979685e+00 -4.933173e-01  4.000000e+01
   endloop
 endfacet
 facet normal  0.000000e+00  0.000000e+00  1.000000e+00
   outer loop
     vertex  5.728796e+00  1.783507e+00  4.000000e+01
     vertex  5.979685e+00 -4.933173e-01  4.000000e+01
     vertex  6.000000e+00  8.881784e-15  4.000000e+01
   endloop
 endfacet
 facet normal  0.000000e+00  0.000000e+00  1.000000e+00
   outer loop
     vertex  5.728796e+00  1.783507e+00  4.000000e+01
     vertex  6.000000e+00  8.881784e-15  4.000000e+01
     vertex  5.943627e+00  8.205452e-01  4.000000e+01
   endloop
 endfacet
 facet normal  0.000000e+00  0.000000e+00  1.000000e+00
   outer loop
     vertex  1.822761e+00  5.716428e+00  4.000000e+01
     vertex  1.665250e+00  5.764282e+00  4.000000e+01
     vertex  1.506486e+00  5.807797e+00  4.000000e+01
   endloop
 endfacet
 facet normal  0.000000e+00  0.000000e+00  1.000000e+00
   outer loop
     vertex  1.822761e+00  5.716428e+00  4.000000e+01
     vertex  1.506486e+00  5.807797e+00  4.000000e+01
     vertex  1.346587e+00  5.846940e+00  4.000000e+01
   endloop
 endfacet
 facet normal  0.000000e+00  0.000000e+00  1.000000e+00
   outer loop
     vertex  1.822761e+00  5.716428e+00  4.000000e+01
     vertex  1.346587e+00  5.846940e+00  4.000000e+01
     vertex  1.185675e+00  5.881681e+00  4.000000e+01
   endloop
 endfacet
 facet normal  0.000000e+00  0.000000e+00  1.000000e+00
   outer loop
     vertex  1.822761e+00  5.716428e+00  4.000000e+01
     vertex  1.185675e+00  5.881681e+00  4.000000e+01
     vertex  1.023870e+00  5.911995e+00  4.000000e+01
   endloop
 endfacet
 facet normal  0.000000e+00  0.000000e+00  1.000000e+00
   outer loop
     vertex  1.978899e+00  5.664270e+00  4.000000e+01
     vertex  1.822761e+00  5.716428e+00  4.000000e+01
     vertex  1.023870e+00  5.911995e+00  4.000000e+01
   endloop
 endfacet
 facet normal  0.000000e+00  0.000000e+00  1.000000e+00
   outer loop
     vertex  1.978899e+00  5.664270e+00  4.000000e+01
     vertex  1.023870e+00  5.911995e+00  4.000000e+01
     vertex -2.879830e-01  5.993085e+00  4.000000e+01
   endloop
 endfacet
 facet normal  0.000000e+00  0.000000e+00  1.000000e+00
   outer loop
     vertex  5.622352e+00  2.095032e+00  4.000000e+01
     vertex  5.728796e+00  1.783507e+00  4.000000e+01
     vertex  5.677711e+00  1.940000e+00  4.000000e+01
   endloop
 endfacet
 facet normal  0.000000e+00  0.000000e+00  1.000000e+00
   outer loop
     vertex  5.622352e+00  2.095032e+00  4.000000e+01
     vertex  5.677711e+00 -1.940000e+00  4.000000e+01
     vertex  5.728796e+00  1.783507e+00  4.000000e+01
   endloop
 endfacet
 facet normal  0.000000e+00  0.000000e+00  1.000000e+00
   outer loop
     vertex  2.286591e+00  5.547206e+00  4.000000e+01
     vertex  1.978899e+00  5.664270e+00  4.000000e+01
     vertex -2.879830e-01  5.993085e+00  4.000000e+01
   endloop
 endfacet
 facet normal  0.000000e+00  0.000000e+00  1.000000e+00
   outer loop
     vertex  2.286591e+00  5.547206e+00  4.000000e+01
     vertex  2.133548e+00  5.607849e+00  4.000000e+01
     vertex  1.978899e+00  5.664270e+00  4.000000e+01
   endloop
 endfacet
 facet normal  0.000000e+00  0.000000e+00  1.000000e+00
   outer loop
     vertex  2.286591e+00  5.547206e+00  4.000000e+01
     vertex -2.879830e-01  5.993085e+00  4.000000e+01
     vertex -4.522891e-01  5.982929e+00  4.000000e+01
   endloop
 endfacet
 facet normal  0.000000e+00  0.000000e+00  1.000000e+00
   outer loop
     vertex  5.498982e+00  2.400250e+00  4.000000e+01
     vertex  5.622352e+00  2.095032e+00  4.000000e+01
     vertex  5.562760e+00  2.248488e+00  4.000000e+01
   endloop
 endfacet
 facet normal  0.000000e+00  0.000000e+00  1.000000e+00
   outer loop
     vertex  5.431063e+00  2.550206e+00  4.000000e+01
     vertex  5.622352e+00  2.095032e+00  4.000000e+01
     vertex  5.498982e+00  2.400250e+00  4.000000e+01
   endloop
 endfacet
 facet normal  0.000000e+00  0.000000e+00  1.000000e+00
   outer loop
     vertex  2.587400e+00  5.413443e+00  4.000000e+01
     vertex  2.437913e+00  5.482388e+00  4.000000e+01
     vertex  2.286591e+00  5.547206e+00  4.000000e+01
   endloop
 endfacet
 facet normal  0.000000e+00  0.000000e+00  1.000000e+00
   outer loop
     vertex  5.359057e+00  2.698242e+00  4.000000e+01
     vertex  5.622352e+00  2.095032e+00  4.000000e+01
     vertex  5.431063e+00  2.550206e+00  4.000000e+01
   endloop
 endfacet
 facet normal  0.000000e+00  0.000000e+00  1.000000e+00
   outer loop
     vertex  2.734938e+00  5.340422e+00  4.000000e+01
     vertex  2.587400e+00  5.413443e+00  4.000000e+01
     vertex  2.286591e+00  5.547206e+00  4.000000e+01
   endloop
 endfacet
 facet normal  0.000000e+00  0.000000e+00  1.000000e+00
   outer loop
     vertex  5.283016e+00  2.844247e+00  4.000000e+01
     vertex  5.622352e+00  2.095032e+00  4.000000e+01
     vertex  5.359057e+00  2.698242e+00  4.000000e+01
   endloop
 endfacet
 facet normal  0.000000e+00  0.000000e+00  1.000000e+00
   outer loop
     vertex  3.023730e+00  5.182379e+00  4.000000e+01
     vertex  2.880418e+00  5.263382e+00  4.000000e+01
     vertex  2.734938e+00  5.340422e+00  4.000000e+01
   endloop
 endfacet
 facet normal  0.000000e+00  0.000000e+00  1.000000e+00
   outer loop
     vertex  5.119064e+00  3.129726e+00  4.000000e+01
     vertex  5.283016e+00  2.844247e+00  4.000000e+01
     vertex  5.202998e+00  2.988111e+00  4.000000e+01
   endloop
 endfacet
 facet normal  0.000000e+00  0.000000e+00  1.000000e+00
   outer loop
     vertex  5.119064e+00  3.129726e+00  4.000000e+01
     vertex  5.677711e+00 -1.940000e+00  4.000000e+01
     vertex  5.622352e+00  2.095032e+00  4.000000e+01
   endloop
 endfacet
 facet normal  0.000000e+00  0.000000e+00  1.000000e+00
   outer loop
     vertex  5.119064e+00  3.129726e+00  4.000000e+01
     vertex  5.622352e+00  2.095032e+00  4.000000e+01
     vertex  5.283016e+00  2.844247e+00  4.000000e+01
   endloop
 endfacet
 facet normal  0.000000e+00  0.000000e+00  1.000000e+00
   outer loop
     vertex  3.164766e+00  5.097476e+00  4.000000e+01
     vertex  3.023730e+00  5.182379e+00  4.000000e+01
     vertex  2.734938e+00  5.340422e+00  4.000000e+01
   endloop
 endfacet
 facet normal  0.000000e+00  0.000000e+00  1.000000e+00
   outer loop
     vertex  3.439585e+00  4.916223e+00  4.000000e+01
     vertex  2.734938e+00  5.340422e+00  4.000000e+01
     vertex  2.286591e+00  5.547206e+00  4.000000e+01
   endloop
 endfacet
 facet normal  0.000000e+00  0.000000e+00  1.000000e+00
   outer loop
     vertex  3.439585e+00  4.916223e+00  4.000000e+01
     vertex  3.303419e+00  5.008735e+00  4.000000e+01
     vertex  3.164766e+00  5.097476e+00  4.000000e+01
   endloop
 endfacet
 facet normal  0.000000e+00  0.000000e+00  1.000000e+00
   outer loop
     vertex  3.439585e+00  4.916223e+00  4.000000e+01
     vertex  3.164766e+00  5.097476e+00  4.000000e+01
     vertex  2.734938e+00  5.340422e+00  4.000000e+01
   endloop
 endfacet
 facet normal  0.000000e+00  0.000000e+00  1.000000e+00
   outer loop
     vertex  4.844407e+00  3.540017e+00  4.000000e+01
     vertex  5.031276e+00  3.268985e+00  4.000000e+01
     vertex  4.939701e+00  3.405783e+00  4.000000e+01
   endloop
 endfacet
 facet normal  0.000000e+00  0.000000e+00  1.000000e+00
   outer loop
     vertex  4.745467e+00  3.671586e+00  4.000000e+01
     vertex  5.119064e+00  3.129726e+00  4.000000e+01
     vertex  5.031276e+00  3.268985e+00  4.000000e+01
   endloop
 endfacet
 facet normal  0.000000e+00  0.000000e+00  1.000000e+00
   outer loop
     vertex  4.745467e+00  3.671586e+00  4.000000e+01
     vertex  5.031276e+00  3.268985e+00  4.000000e+01
     vertex  4.844407e+00  3.540017e+00  4.000000e+01
   endloop
 endfacet
 facet normal  0.000000e+00  0.000000e+00  1.000000e+00
   outer loop
     vertex  3.704050e+00  4.720171e+00  4.000000e+01
     vertex  3.439585e+00  4.916223e+00  4.000000e+01
     vertex  2.286591e+00  5.547206e+00  4.000000e+01
   endloop
 endfacet
 facet normal  0.000000e+00  0.000000e+00  1.000000e+00
   outer loop
     vertex  3.704050e+00  4.720171e+00  4.000000e+01
     vertex  2.286591e+00  5.547206e+00  4.000000e+01
     vertex -4.522891e-01  5.982929e+00  4.000000e+01
   endloop
 endfacet
 facet normal  0.000000e+00  0.000000e+00  1.000000e+00
   outer loop
     vertex  3.704050e+00  4.720171e+00  4.000000e+01
     vertex  3.573163e+00  4.820011e+00  4.000000e+01
     vertex  3.439585e+00  4.916223e+00  4.000000e+01
   endloop
 endfacet
 facet normal  0.000000e+00  0.000000e+00  1.000000e+00
   outer loop
     vertex  4.536947e+00  3.926336e+00  4.000000e+01
     vertex  4.745467e+00  3.671586e+00  4.000000e+01
     vertex  4.642954e+00  3.800391e+00  4.000000e+01
   endloop
 endfacet
 facet normal  0.000000e+00  0.000000e+00  1.000000e+00
   outer loop
     vertex  4.198764e+00  4.286068e+00  4.000000e+01
     vertex  4.536947e+00  3.926336e+00  4.000000e+01
     vertex  4.427524e+00  4.049325e+00  4.000000e+01
   endloop
 endfacet
 facet normal  0.000000e+00  0.000000e+00  1.000000e+00
   outer loop
     vertex  4.198764e+00  4.286068e+00  4.000000e+01
     vertex  5.677711e+00 -1.940000e+00  4.000000e+01
     vertex  5.119064e+00  3.129726e+00  4.000000e+01
   endloop
 endfacet
 facet normal  0.000000e+00  0.000000e+00  1.000000e+00
   outer loop
     vertex  4.198764e+00  4.286068e+00  4.000000e+01
     vertex  4.427524e+00  4.049325e+00  4.000000e+01
     vertex  4.314768e+00  4.169266e+00  4.000000e+01
   endloop
 endfacet
 facet normal  0.000000e+00  0.000000e+00  1.000000e+00
   outer loop
     vertex  4.198764e+00  4.286068e+00  4.000000e+01
     vertex  4.079600e+00  4.399644e+00  4.000000e+01
     vertex  3.957364e+00  4.509908e+00  4.000000e+01
   endloop
 endfacet
 facet normal  0.000000e+00  0.000000e+00  1.000000e+00
   outer loop
     vertex  4.198764e+00  4.286068e+00  4.000000e+01
     vertex  3.957364e+00  4.509908e+00  4.000000e+01
     vertex  3.832149e+00  4.616777e+00  4.000000e+01
   endloop
 endfacet
 facet normal  0.000000e+00  0.000000e+00  1.000000e+00
   outer loop
     vertex  4.198764e+00  4.286068e+00  4.000000e+01
     vertex  3.832149e+00  4.616777e+00  4.000000e+01
     vertex  3.704050e+00  4.720171e+00  4.000000e+01
   endloop
 endfacet
 facet normal  0.000000e+00  0.000000e+00  1.000000e+00
   outer loop
     vertex  4.198764e+00  4.286068e+00  4.000000e+01
     vertex -1.586017e+00  5.786584e+00  4.000000e+01
     vertex -4.694652e+00  3.736340e+00  4.000000e+01
   endloop
 endfacet
 facet normal  0.000000e+00  0.000000e+00  1.000000e+00
   outer loop
     vertex  4.198764e+00  4.286068e+00  4.000000e+01
     vertex -1.266250e+00  5.864862e+00  4.000000e+01
     vertex -1.586017e+00  5.786584e+00  4.000000e+01
   endloop
 endfacet
 facet normal  0.000000e+00  0.000000e+00  1.000000e+00
   outer loop
     vertex  4.198764e+00  4.286068e+00  4.000000e+01
     vertex  3.704050e+00  4.720171e+00  4.000000e+01
     vertex -4.522891e-01  5.982929e+00  4.000000e+01
   endloop
 endfacet
 facet normal  0.000000e+00  0.000000e+00  1.000000e+00
   outer loop
     vertex  4.198764e+00  4.286068e+00  4.000000e+01
     vertex -4.522891e-01  5.982929e+00  4.000000e+01
     vertex -1.266250e+00  5.864862e+00  4.000000e+01
   endloop
 endfacet
 facet normal  0.000000e+00  0.000000e+00  1.000000e+00
   outer loop
     vertex  4.198764e+00  4.286068e+00  4.000000e+01
     vertex  5.119064e+00  3.129726e+00  4.000000e+01
     vertex  4.745467e+00  3.671586e+00  4.000000e+01
   endloop
 endfacet
 facet normal  0.000000e+00  0.000000e+00  1.000000e+00
   outer loop
     vertex  4.198764e+00  4.286068e+00  4.000000e+01
     vertex  4.745467e+00  3.671586e+00  4.000000e+01
     vertex  4.536947e+00  3.926336e+00  4.000000e+01
   endloop
 endfacet
 facet normal  0.000000e+00  0.000000e+00  1.000000e+00
   outer loop
     vertex  4.198764e+00  4.286068e+00  4.000000e+01
     vertex -4.694652e+00  3.736340e+00  4.000000e+01
     vertex  5.677711e+00 -1.940000e+00  4.000000e+01
   endloop
 endfacet
endsolid
