solid 
 facet normal  1.949330e-31 -2.220446e-16 -1.000000e+00
   outer loop
     vertex  9.940357e+00  1.090555e+00 -2.421518e-16
     vertex  9.996269e+00  2.731480e-01 -6.065104e-17
     vertex  1.000000e+01  0.000000e+00  0.000000e+00
   endloop
 endfacet
 facet normal -6.065969e-31 -2.220446e-16 -1.000000e+00
   outer loop
     vertex  9.940357e+00  1.090555e+00 -2.421518e-16
     vertex  9.985078e+00  5.460922e-01 -1.212568e-16
     vertex  9.996269e+00  2.731480e-01 -6.065104e-17
   endloop
 endfacet
 facet normal -3.089438e-30 -2.220446e-16 -1.000000e+00
   outer loop
     vertex  9.940357e+00  1.090555e+00 -2.421518e-16
     vertex  9.966436e+00  8.186288e-01 -1.817721e-16
     vertex  9.985078e+00  5.460922e-01 -1.212568e-16
   endloop
 endfacet
 facet normal -5.757232e-30 -2.220446e-16 -1.000000e+00
   outer loop
     vertex  9.817717e+00  1.900640e+00 -4.220270e-16
     vertex  9.865969e+00  1.631762e+00 -3.623240e-16
     vertex  9.906859e+00  1.361666e+00 -3.023507e-16
   endloop
 endfacet
 facet normal -2.394308e-30 -2.220446e-16 -1.000000e+00
   outer loop
     vertex  9.762138e+00  2.168100e+00 -4.814150e-16
     vertex  9.817717e+00  1.900640e+00 -4.220270e-16
     vertex  9.906859e+00  1.361666e+00 -3.023507e-16
   endloop
 endfacet
 facet normal  3.239843e-31 -2.220446e-16 -1.000000e+00
   outer loop
     vertex  9.551886e+00  2.959980e+00 -6.572476e-16
     vertex  9.906859e+00  1.361666e+00 -3.023507e-16
     vertex  9.940357e+00  1.090555e+00 -2.421518e-16
   endloop
 endfacet
 facet normal  9.147281e-32 -2.220446e-16 -1.000000e+00
   outer loop
     vertex  9.551886e+00  2.959980e+00 -6.572476e-16
     vertex  9.699274e+00  2.433942e+00 -5.404437e-16
     vertex  9.762138e+00  2.168100e+00 -4.814150e-16
   endloop
 endfacet
 facet normal  5.814031e-31 -2.220446e-16 -1.000000e+00
   outer loop
     vertex  9.551886e+00  2.959980e+00 -6.572476e-16
     vertex  9.629173e+00  2.697968e+00 -5.990692e-16
     vertex  9.699274e+00  2.433942e+00 -5.404437e-16
   endloop
 endfacet
 facet normal -6.383866e-31 -2.220446e-16 -1.000000e+00
   outer loop
     vertex  9.551886e+00  2.959980e+00 -6.572476e-16
     vertex  9.762138e+00  2.168100e+00 -4.814150e-16
     vertex  9.906859e+00  1.361666e+00 -3.023507e-16
   endloop
 endfacet
 facet normal -1.185352e-29 -2.220446e-16 -1.000000e+00
   outer loop
     vertex  9.375990e+00  3.477184e+00 -7.720900e-16
     vertex  9.467470e+00  3.219783e+00 -7.149355e-16
     vertex  9.551886e+00  2.959980e+00 -6.572476e-16
   endloop
 endfacet
 facet normal -2.762288e-31 -2.220446e-16 -1.000000e+00
   outer loop
     vertex  8.815185e+00  4.721495e+00 -1.048382e-15
     vertex  9.172113e+00  3.984011e+00 -8.846281e-16
     vertex  9.277513e+00  3.731990e+00 -8.286682e-16
   endloop
 endfacet
 facet normal  9.026105e-31 -2.220446e-16 -1.000000e+00
   outer loop
     vertex  8.815185e+00  4.721495e+00 -1.048382e-15
     vertex  9.059868e+00  4.233059e+00 -9.399279e-16
     vertex  9.172113e+00  3.984011e+00 -8.846281e-16
   endloop
 endfacet
 facet normal  3.014430e-31 -2.220446e-16 -1.000000e+00
   outer loop
     vertex  8.815185e+00  4.721495e+00 -1.048382e-15
     vertex  8.940863e+00  4.478948e+00 -9.945262e-16
     vertex  9.059868e+00  4.233059e+00 -9.399279e-16
   endloop
 endfacet
 facet normal -1.091749e-32 -2.220446e-16 -1.000000e+00
   outer loop
     vertex  8.682929e+00  4.960518e+00 -1.101456e-15
     vertex  8.815185e+00  4.721495e+00 -1.048382e-15
     vertex  9.277513e+00  3.731990e+00 -8.286682e-16
   endloop
 endfacet
 facet normal  1.552081e-31 -2.220446e-16 -1.000000e+00
   outer loop
     vertex  8.399083e+00  5.427284e+00 -1.205099e-15
     vertex  8.544194e+00  5.195840e+00 -1.153708e-15
     vertex  8.682929e+00  4.960518e+00 -1.101456e-15
   endloop
 endfacet
 facet normal  7.161913e-30 -2.220446e-16 -1.000000e+00
   outer loop
     vertex  7.926599e+00  6.096641e+00 -1.353726e-15
     vertex  8.247704e+00  5.654678e+00 -1.255591e-15
     vertex  8.399083e+00  5.427284e+00 -1.205099e-15
   endloop
 endfacet
 facet normal  2.174524e-29 -2.220446e-16 -1.000000e+00
   outer loop
     vertex  7.926599e+00  6.096641e+00 -1.353726e-15
     vertex  8.090170e+00  5.877853e+00 -1.305145e-15
     vertex  8.247704e+00  5.654678e+00 -1.255591e-15
   endloop
 endfacet
 facet normal  3.071655e-30 -2.220446e-16 -1.000000e+00
   outer loop
     vertex  7.926599e+00  6.096641e+00 -1.353726e-15
     vertex  8.399083e+00  5.427284e+00 -1.205099e-15
     vertex  8.682929e+00  4.960518e+00 -1.101456e-15
   endloop
 endfacet
 facet normal  1.504378e-30 -2.220446e-16 -1.000000e+00
   outer loop
     vertex  7.581838e+00  6.520409e+00 -1.447822e-15
     vertex  9.277513e+00  3.731990e+00 -8.286682e-16
     vertex  9.375990e+00  3.477184e+00 -7.720900e-16
   endloop
 endfacet
 facet normal -3.334380e-31 -2.220446e-16 -1.000000e+00
   outer loop
     vertex  7.581838e+00  6.520409e+00 -1.447822e-15
     vertex  7.757113e+00  6.310879e+00 -1.401297e-15
     vertex  7.926599e+00  6.096641e+00 -1.353726e-15
   endloop
 endfacet
 facet normal -2.067467e-31 -2.220446e-16 -1.000000e+00
   outer loop
     vertex  7.581838e+00  6.520409e+00 -1.447822e-15
     vertex  9.375990e+00  3.477184e+00 -7.720900e-16
     vertex  9.551886e+00  2.959980e+00 -6.572476e-16
   endloop
 endfacet
 facet normal  3.979283e-31 -2.220446e-16 -1.000000e+00
   outer loop
     vertex  7.581838e+00  6.520409e+00 -1.447822e-15
     vertex  8.682929e+00  4.960518e+00 -1.101456e-15
     vertex  9.277513e+00  3.731990e+00 -8.286682e-16
   endloop
 endfacet
 facet normal -1.050157e-30 -2.220446e-16 -1.000000e+00
   outer loop
     vertex  7.581838e+00  6.520409e+00 -1.447822e-15
     vertex  7.926599e+00  6.096641e+00 -1.353726e-15
     vertex  8.682929e+00  4.960518e+00 -1.101456e-15
   endloop
 endfacet
 facet normal -3.247959e-31 -2.220446e-16 -1.000000e+00
   outer loop
     vertex  7.214450e+00  6.924717e+00 -1.537596e-15
     vertex  7.400906e+00  6.725072e+00 -1.493266e-15
     vertex  7.581838e+00  6.520409e+00 -1.447822e-15
   endloop
 endfacet
 facet normal  1.693611e-31 -2.220446e-16 -1.000000e+00
   outer loop
     vertex  7.022611e+00  7.119195e+00 -1.580779e-15
     vertex  7.214450e+00  6.924717e+00 -1.537596e-15
     vertex  7.581838e+00  6.520409e+00 -1.447822e-15
   endloop
 endfacet
 facet normal  1.106210e-31 -2.220446e-16 -1.000000e+00
   outer loop
     vertex  6.825531e+00  7.308360e+00 -1.622782e-15
     vertex  7.022611e+00  7.119195e+00 -1.580779e-15
     vertex  7.581838e+00  6.520409e+00 -1.447822e-15
   endloop
 endfacet
 facet normal -4.016790e-32 -2.220446e-16 -1.000000e+00
   outer loop
     vertex  6.623358e+00  7.492071e+00 -1.663574e-15
     vertex  6.825531e+00  7.308360e+00 -1.622782e-15
     vertex  7.581838e+00  6.520409e+00 -1.447822e-15
   endloop
 endfacet
 facet normal  3.694570e-31 -2.220446e-16 -1.000000e+00
   outer loop
     vertex  6.204339e+00  7.842588e+00 -1.741404e-15
     vertex  6.416243e+00  7.670191e+00 -1.703125e-15
     vertex  6.623358e+00  7.492071e+00 -1.663574e-15
   endloop
 endfacet
 facet normal  7.264494e-33 -2.220446e-16 -1.000000e+00
   outer loop
     vertex  6.204339e+00  7.842588e+00 -1.741404e-15
     vertex  6.623358e+00  7.492071e+00 -1.663574e-15
     vertex  7.581838e+00  6.520409e+00 -1.447822e-15
   endloop
 endfacet
 facet normal -1.490394e-31 -2.220446e-16 -1.000000e+00
   outer loop
     vertex  5.078652e+00  8.614365e+00 -1.912773e-15
     vertex  5.312057e+00  8.472429e+00 -1.881257e-15
     vertex  5.541498e+00  8.324170e+00 -1.848337e-15
   endloop
 endfacet
 facet normal -2.529301e-31 -2.220446e-16 -1.000000e+00
   outer loop
     vertex  4.600650e+00  8.878852e+00 -1.971501e-15
     vertex  4.841458e+00  8.749873e+00 -1.942862e-15
     vertex  5.078652e+00  8.614365e+00 -1.912773e-15
   endloop
 endfacet
 facet normal  1.151633e-31 -2.220446e-16 -1.000000e+00
   outer loop
     vertex  4.356410e+00  9.001205e+00 -1.998669e-15
     vertex  4.600650e+00  8.878852e+00 -1.971501e-15
     vertex  5.078652e+00  8.614365e+00 -1.912773e-15
   endloop
 endfacet
 facet normal  7.291130e-32 -2.220446e-16 -1.000000e+00
   outer loop
     vertex  3.858360e+00  9.225674e+00 -2.048511e-15
     vertex  5.541498e+00  8.324170e+00 -1.848337e-15
     vertex  5.766803e+00  8.169699e+00 -1.814038e-15
   endloop
 endfacet
 facet normal  1.638429e-31 -2.220446e-16 -1.000000e+00
   outer loop
     vertex  3.858360e+00  9.225674e+00 -2.048511e-15
     vertex  4.108918e+00  9.116841e+00 -2.024345e-15
     vertex  4.356410e+00  9.001205e+00 -1.998669e-15
   endloop
 endfacet
 facet normal -6.782472e-32 -2.220446e-16 -1.000000e+00
   outer loop
     vertex  3.858360e+00  9.225674e+00 -2.048511e-15
     vertex  4.356410e+00  9.001205e+00 -1.998669e-15
     vertex  5.078652e+00  8.614365e+00 -1.912773e-15
   endloop
 endfacet
 facet normal  9.748434e-32 -2.220446e-16 -1.000000e+00
   outer loop
     vertex  3.858360e+00  9.225674e+00 -2.048511e-15
     vertex  5.078652e+00  8.614365e+00 -1.912773e-15
     vertex  5.541498e+00  8.324170e+00 -1.848337e-15
   endloop
 endfacet
 facet normal -2.549568e-33 -2.220446e-16 -1.000000e+00
   outer loop
     vertex  3.348796e+00  9.422609e+00 -2.092240e-15
     vertex  3.858360e+00  9.225674e+00 -2.048511e-15
     vertex  5.766803e+00  8.169699e+00 -1.814038e-15
   endloop
 endfacet
 facet normal -1.051690e-31 -2.220446e-16 -1.000000e+00
   outer loop
     vertex  3.348796e+00  9.422609e+00 -2.092240e-15
     vertex  3.604923e+00  9.327622e+00 -2.071148e-15
     vertex  3.858360e+00  9.225674e+00 -2.048511e-15
   endloop
 endfacet
 facet normal  9.364219e-33 -2.220446e-16 -1.000000e+00
   outer loop
     vertex  2.566194e+00  9.665125e+00 -2.146089e-15
     vertex  3.348796e+00  9.422609e+00 -2.092240e-15
     vertex  5.766803e+00  8.169699e+00 -1.814038e-15
   endloop
 endfacet
 facet normal  2.923951e-32 -2.220446e-16 -1.000000e+00
   outer loop
     vertex  2.566194e+00  9.665125e+00 -2.146089e-15
     vertex  3.090170e+00  9.510565e+00 -2.111770e-15
     vertex  3.348796e+00  9.422609e+00 -2.092240e-15
   endloop
 endfacet
 facet normal  4.770121e-32 -2.220446e-16 -1.000000e+00
   outer loop
     vertex  2.566194e+00  9.665125e+00 -2.146089e-15
     vertex  2.829238e+00  9.591424e+00 -2.129724e-15
     vertex  3.090170e+00  9.510565e+00 -2.111770e-15
   endloop
 endfacet
 facet normal  1.682155e-32 -2.220446e-16 -1.000000e+00
   outer loop
     vertex  1.496854e+00  9.887337e+00 -2.195430e-15
     vertex  2.301236e+00  9.731614e+00 -2.160852e-15
     vertex  2.566194e+00  9.665125e+00 -2.146089e-15
   endloop
 endfacet
 facet normal  6.773952e-33 -2.220446e-16 -1.000000e+00
   outer loop
     vertex  1.496854e+00  9.887337e+00 -2.195430e-15
     vertex  2.034560e+00  9.790841e+00 -2.174003e-15
     vertex  2.301236e+00  9.731614e+00 -2.160852e-15
   endloop
 endfacet
 facet normal  3.501156e-32 -2.220446e-16 -1.000000e+00
   outer loop
     vertex  1.496854e+00  9.887337e+00 -2.195430e-15
     vertex  1.766366e+00  9.842761e+00 -2.185532e-15
     vertex  2.034560e+00  9.790841e+00 -2.174003e-15
   endloop
 endfacet
 facet normal  4.766144e-33 -2.220446e-16 -1.000000e+00
   outer loop
     vertex  4.096583e-01  9.991605e+00 -2.218582e-15
     vertex  9.546807e-01  9.954325e+00 -2.210304e-15
     vertex  1.226225e+00  9.924534e+00 -2.203689e-15
   endloop
 endfacet
 facet normal  3.168108e-33 -2.220446e-16 -1.000000e+00
   outer loop
     vertex  4.096583e-01  9.991605e+00 -2.218582e-15
     vertex  6.824241e-01  9.976688e+00 -2.215270e-15
     vertex  9.546807e-01  9.954325e+00 -2.210304e-15
   endloop
 endfacet
 facet normal -1.517467e-34 -2.220446e-16 -1.000000e+00
   outer loop
     vertex -1.365867e-01  9.999067e+00 -2.220239e-15
     vertex  4.096583e-01  9.991605e+00 -2.218582e-15
     vertex  1.226225e+00  9.924534e+00 -2.203689e-15
   endloop
 endfacet
 facet normal -9.884635e-34 -2.220446e-16 -1.000000e+00
   outer loop
     vertex -1.365867e-01  9.999067e+00 -2.220239e-15
     vertex  1.226225e+00  9.924534e+00 -2.203689e-15
     vertex  1.496854e+00  9.887337e+00 -2.195430e-15
   endloop
 endfacet
 facet normal  0.000000e+00 -2.220446e-16 -1.000000e+00
   outer loop
     vertex -1.365867e-01  9.999067e+00 -2.220239e-15
     vertex  1.365867e-01  9.999067e+00 -2.220239e-15
     vertex  4.096583e-01  9.991605e+00 -2.218582e-15
   endloop
 endfacet
 facet normal  2.515138e-33 -2.220446e-16 -1.000000e+00
   outer loop
     vertex -4.096583e-01  9.991605e+00 -2.218582e-15
     vertex  2.566194e+00  9.665125e+00 -2.146089e-15
     vertex  5.766803e+00  8.169699e+00 -1.814038e-15
   endloop
 endfacet
 facet normal -8.124632e-34 -2.220446e-16 -1.000000e+00
   outer loop
     vertex -4.096583e-01  9.991605e+00 -2.218582e-15
     vertex  1.496854e+00  9.887337e+00 -2.195430e-15
     vertex  2.566194e+00  9.665125e+00 -2.146089e-15
   endloop
 endfacet
 facet normal  3.745312e-32 -2.220446e-16 -1.000000e+00
   outer loop
     vertex -4.096583e-01  9.991605e+00 -2.218582e-15
     vertex  5.987805e+00  8.009132e+00 -1.778384e-15
     vertex  6.204339e+00  7.842588e+00 -1.741404e-15
   endloop
 endfacet
 facet normal  2.172195e-32 -2.220446e-16 -1.000000e+00
   outer loop
     vertex -4.096583e-01  9.991605e+00 -2.218582e-15
     vertex  5.766803e+00  8.169699e+00 -1.814038e-15
     vertex  5.987805e+00  8.009132e+00 -1.778384e-15
   endloop
 endfacet
 facet normal  1.446018e-34 -2.220446e-16 -1.000000e+00
   outer loop
     vertex -4.096583e-01  9.991605e+00 -2.218582e-15
     vertex -1.365867e-01  9.999067e+00 -2.220239e-15
     vertex  1.496854e+00  9.887337e+00 -2.195430e-15
   endloop
 endfacet
 facet normal -7.055803e-33 -2.220446e-16 -1.000000e+00
   outer loop
     vertex -4.096583e-01  9.991605e+00 -2.218582e-15
     vertex  6.204339e+00  7.842588e+00 -1.741404e-15
     vertex  7.581838e+00  6.520409e+00 -1.447822e-15
   endloop
 endfacet
 facet normal -4.290604e-30 -2.220446e-16 -1.000000e+00
   outer loop
     vertex -9.966436e+00  8.186288e-01 -1.817721e-16
     vertex -9.996269e+00  2.731480e-01 -6.065104e-17
     vertex -9.985078e+00  5.460922e-01 -1.212568e-16
   endloop
 endfacet
 facet normal  1.281559e-30 -2.220446e-16 -1.000000e+00
   outer loop
     vertex -9.966436e+00  8.186288e-01 -1.817721e-16
     vertex -1.000000e+01  1.224647e-15 -2.719262e-31
     vertex -9.996269e+00  2.731480e-01 -6.065104e-17
   endloop
 endfacet
 facet normal -9.437066e-35 -2.220446e-16 -1.000000e+00
   outer loop
     vertex -9.966436e+00  8.186288e-01 -1.817721e-16
     vertex  1.000000e+01  0.000000e+00  0.000000e+00
     vertex -1.000000e+01  1.224647e-15 -2.719262e-31
   endloop
 endfacet
 facet normal  6.339696e-34 -2.220446e-16 -1.000000e+00
   outer loop
     vertex -9.966436e+00  8.186288e-01 -1.817721e-16
     vertex  9.940357e+00  1.090555e+00 -2.421518e-16
     vertex  1.000000e+01  0.000000e+00  0.000000e+00
   endloop
 endfacet
 facet normal  7.800443e-34 -2.220446e-16 -1.000000e+00
   outer loop
     vertex -9.966436e+00  8.186288e-01 -1.817721e-16
     vertex  9.551886e+00  2.959980e+00 -6.572476e-16
     vertex  9.940357e+00  1.090555e+00 -2.421518e-16
   endloop
 endfacet
 facet normal  1.419590e-32 -2.220446e-16 -1.000000e+00
   outer loop
     vertex -1.496854e+00  9.887337e+00 -2.195430e-15
     vertex -1.226225e+00  9.924534e+00 -2.203689e-15
     vertex -9.546807e-01  9.954325e+00 -2.210304e-15
   endloop
 endfacet
 facet normal -1.061200e-32 -2.220446e-16 -1.000000e+00
   outer loop
     vertex -1.766366e+00  9.842761e+00 -2.185532e-15
     vertex -1.496854e+00  9.887337e+00 -2.195430e-15
     vertex -9.546807e-01  9.954325e+00 -2.210304e-15
   endloop
 endfacet
 facet normal -4.344935e-33 -2.220446e-16 -1.000000e+00
   outer loop
     vertex -1.766366e+00  9.842761e+00 -2.185532e-15
     vertex -6.824241e-01  9.976688e+00 -2.215270e-15
     vertex -4.096583e-01  9.991605e+00 -2.218582e-15
   endloop
 endfacet
 facet normal -1.011599e-32 -2.220446e-16 -1.000000e+00
   outer loop
     vertex -1.766366e+00  9.842761e+00 -2.185532e-15
     vertex -9.546807e-01  9.954325e+00 -2.210304e-15
     vertex -6.824241e-01  9.976688e+00 -2.215270e-15
   endloop
 endfacet
 facet normal  7.040925e-30 -2.220446e-16 -1.000000e+00
   outer loop
     vertex -9.817717e+00  1.900640e+00 -4.220270e-16
     vertex -9.906859e+00  1.361666e+00 -3.023507e-16
     vertex -9.865969e+00  1.631762e+00 -3.623240e-16
   endloop
 endfacet
 facet normal  2.572414e-30 -2.220446e-16 -1.000000e+00
   outer loop
     vertex -9.762138e+00  2.168100e+00 -4.814150e-16
     vertex -9.906859e+00  1.361666e+00 -3.023507e-16
     vertex -9.817717e+00  1.900640e+00 -4.220270e-16
   endloop
 endfacet
 facet normal  4.081980e-33 -2.220446e-16 -1.000000e+00
   outer loop
     vertex -2.566194e+00  9.665125e+00 -2.146089e-15
     vertex -1.766366e+00  9.842761e+00 -2.185532e-15
     vertex -4.096583e-01  9.991605e+00 -2.218582e-15
   endloop
 endfacet
 facet normal -2.821960e-32 -2.220446e-16 -1.000000e+00
   outer loop
     vertex -2.566194e+00  9.665125e+00 -2.146089e-15
     vertex -2.034560e+00  9.790841e+00 -2.174003e-15
     vertex -1.766366e+00  9.842761e+00 -2.185532e-15
   endloop
 endfacet
 facet normal  7.506180e-32 -2.220446e-16 -1.000000e+00
   outer loop
     vertex -2.566194e+00  9.665125e+00 -2.146089e-15
     vertex -2.301236e+00  9.731614e+00 -2.160852e-15
     vertex -2.034560e+00  9.790841e+00 -2.174003e-15
   endloop
 endfacet
 facet normal  1.183093e-30 -2.220446e-16 -1.000000e+00
   outer loop
     vertex -9.551886e+00  2.959980e+00 -6.572476e-16
     vertex -9.699274e+00  2.433942e+00 -5.404437e-16
     vertex -9.629173e+00  2.697968e+00 -5.990692e-16
   endloop
 endfacet
 facet normal -9.232508e-31 -2.220446e-16 -1.000000e+00
   outer loop
     vertex -9.551886e+00  2.959980e+00 -6.572476e-16
     vertex -9.762138e+00  2.168100e+00 -4.814150e-16
     vertex -9.699274e+00  2.433942e+00 -5.404437e-16
   endloop
 endfacet
 facet normal -3.144865e-31 -2.220446e-16 -1.000000e+00
   outer loop
     vertex -9.551886e+00  2.959980e+00 -6.572476e-16
     vertex -9.940357e+00  1.090555e+00 -2.421518e-16
     vertex -9.906859e+00  1.361666e+00 -3.023507e-16
   endloop
 endfacet
 facet normal  1.855611e-30 -2.220446e-16 -1.000000e+00
   outer loop
     vertex -9.551886e+00  2.959980e+00 -6.572476e-16
     vertex -9.966436e+00  8.186288e-01 -1.817721e-16
     vertex -9.940357e+00  1.090555e+00 -2.421518e-16
   endloop
 endfacet
 facet normal  1.370199e-46 -2.220446e-16 -1.000000e+00
   outer loop
     vertex -9.551886e+00  2.959980e+00 -6.572476e-16
     vertex  9.551886e+00  2.959980e+00 -6.572476e-16
     vertex -9.966436e+00  8.186288e-01 -1.817721e-16
   endloop
 endfacet
 facet normal  7.827963e-31 -2.220446e-16 -1.000000e+00
   outer loop
     vertex -9.551886e+00  2.959980e+00 -6.572476e-16
     vertex -9.906859e+00  1.361666e+00 -3.023507e-16
     vertex -9.762138e+00  2.168100e+00 -4.814150e-16
   endloop
 endfacet
 facet normal -1.073501e-32 -2.220446e-16 -1.000000e+00
   outer loop
     vertex -3.090170e+00  9.510565e+00 -2.111770e-15
     vertex -2.829238e+00  9.591424e+00 -2.129724e-15
     vertex -2.566194e+00  9.665125e+00 -2.146089e-15
   endloop
 endfacet
 facet normal -5.957159e-31 -2.220446e-16 -1.000000e+00
   outer loop
     vertex -9.277513e+00  3.731990e+00 -8.286682e-16
     vertex -9.467470e+00  3.219783e+00 -7.149355e-16
     vertex -9.375990e+00  3.477184e+00 -7.720900e-16
   endloop
 endfacet
 facet normal  7.289299e-30 -2.220446e-16 -1.000000e+00
   outer loop
     vertex -9.277513e+00  3.731990e+00 -8.286682e-16
     vertex -9.551886e+00  2.959980e+00 -6.572476e-16
     vertex -9.467470e+00  3.219783e+00 -7.149355e-16
   endloop
 endfacet
 facet normal -2.361829e-35 -2.220446e-16 -1.000000e+00
   outer loop
     vertex -9.277513e+00  3.731990e+00 -8.286682e-16
     vertex  9.551886e+00  2.959980e+00 -6.572476e-16
     vertex -9.551886e+00  2.959980e+00 -6.572476e-16
   endloop
 endfacet
 facet normal -2.134316e-33 -2.220446e-16 -1.000000e+00
   outer loop
     vertex -4.108918e+00  9.116841e+00 -2.024345e-15
     vertex -2.566194e+00  9.665125e+00 -2.146089e-15
     vertex -4.096583e-01  9.991605e+00 -2.218582e-15
   endloop
 endfacet
 facet normal  6.714410e-32 -2.220446e-16 -1.000000e+00
   outer loop
     vertex -4.108918e+00  9.116841e+00 -2.024345e-15
     vertex -3.348796e+00  9.422609e+00 -2.092240e-15
     vertex -3.090170e+00  9.510565e+00 -2.111770e-15
   endloop
 endfacet
 facet normal  2.500049e-31 -2.220446e-16 -1.000000e+00
   outer loop
     vertex -4.108918e+00  9.116841e+00 -2.024345e-15
     vertex -3.604923e+00  9.327622e+00 -2.071148e-15
     vertex -3.348796e+00  9.422609e+00 -2.092240e-15
   endloop
 endfacet
 facet normal -1.145541e-31 -2.220446e-16 -1.000000e+00
   outer loop
     vertex -4.108918e+00  9.116841e+00 -2.024345e-15
     vertex -3.858360e+00  9.225674e+00 -2.048511e-15
     vertex -3.604923e+00  9.327622e+00 -2.071148e-15
   endloop
 endfacet
 facet normal -3.196988e-33 -2.220446e-16 -1.000000e+00
   outer loop
     vertex -4.108918e+00  9.116841e+00 -2.024345e-15
     vertex -3.090170e+00  9.510565e+00 -2.111770e-15
     vertex -2.566194e+00  9.665125e+00 -2.146089e-15
   endloop
 endfacet
 facet normal -6.880909e-31 -2.220446e-16 -1.000000e+00
   outer loop
     vertex -9.059868e+00  4.233059e+00 -9.399279e-16
     vertex -9.277513e+00  3.731990e+00 -8.286682e-16
     vertex -9.172113e+00  3.984011e+00 -8.846281e-16
   endloop
 endfacet
 facet normal -3.551177e-33 -2.220446e-16 -1.000000e+00
   outer loop
     vertex -4.356410e+00  9.001205e+00 -1.998669e-15
     vertex -4.108918e+00  9.116841e+00 -2.024345e-15
     vertex -4.096583e-01  9.991605e+00 -2.218582e-15
   endloop
 endfacet
 facet normal  4.245190e-31 -2.220446e-16 -1.000000e+00
   outer loop
     vertex -8.940863e+00  4.478948e+00 -9.945262e-16
     vertex -9.277513e+00  3.731990e+00 -8.286682e-16
     vertex -9.059868e+00  4.233059e+00 -9.399279e-16
   endloop
 endfacet
 facet normal -2.057163e-31 -2.220446e-16 -1.000000e+00
   outer loop
     vertex -8.815185e+00  4.721495e+00 -1.048382e-15
     vertex -9.277513e+00  3.731990e+00 -8.286682e-16
     vertex -8.940863e+00  4.478948e+00 -9.945262e-16
   endloop
 endfacet
 facet normal -1.606362e-32 -2.220446e-16 -1.000000e+00
   outer loop
     vertex -4.841458e+00  8.749873e+00 -1.942862e-15
     vertex -4.600650e+00  8.878852e+00 -1.971501e-15
     vertex -4.356410e+00  9.001205e+00 -1.998669e-15
   endloop
 endfacet
 facet normal  2.464734e-31 -2.220446e-16 -1.000000e+00
   outer loop
     vertex -8.544194e+00  5.195840e+00 -1.153708e-15
     vertex -9.277513e+00  3.731990e+00 -8.286682e-16
     vertex -8.815185e+00  4.721495e+00 -1.048382e-15
   endloop
 endfacet
 facet normal  6.062203e-32 -2.220446e-16 -1.000000e+00
   outer loop
     vertex -8.544194e+00  5.195840e+00 -1.153708e-15
     vertex -8.815185e+00  4.721495e+00 -1.048382e-15
     vertex -8.682929e+00  4.960518e+00 -1.101456e-15
   endloop
 endfacet
 facet normal  2.453231e-31 -2.220446e-16 -1.000000e+00
   outer loop
     vertex -5.312057e+00  8.472429e+00 -1.881257e-15
     vertex -5.078652e+00  8.614365e+00 -1.912773e-15
     vertex -4.841458e+00  8.749873e+00 -1.942862e-15
   endloop
 endfacet
 facet normal  7.239326e-31 -2.220446e-16 -1.000000e+00
   outer loop
     vertex -8.247704e+00  5.654678e+00 -1.255591e-15
     vertex -8.544194e+00  5.195840e+00 -1.153708e-15
     vertex -8.399083e+00  5.427284e+00 -1.205099e-15
   endloop
 endfacet
 facet normal -9.535917e-32 -2.220446e-16 -1.000000e+00
   outer loop
     vertex -5.766803e+00  8.169699e+00 -1.814038e-15
     vertex -5.541498e+00  8.324170e+00 -1.848337e-15
     vertex -5.312057e+00  8.472429e+00 -1.881257e-15
   endloop
 endfacet
 facet normal -2.232622e-29 -2.220446e-16 -1.000000e+00
   outer loop
     vertex -7.926599e+00  6.096641e+00 -1.353726e-15
     vertex -8.247704e+00  5.654678e+00 -1.255591e-15
     vertex -8.090170e+00  5.877853e+00 -1.305145e-15
   endloop
 endfacet
 facet normal -1.915017e-32 -2.220446e-16 -1.000000e+00
   outer loop
     vertex -6.204339e+00  7.842588e+00 -1.741404e-15
     vertex -5.312057e+00  8.472429e+00 -1.881257e-15
     vertex -4.841458e+00  8.749873e+00 -1.942862e-15
   endloop
 endfacet
 facet normal -3.939084e-32 -2.220446e-16 -1.000000e+00
   outer loop
     vertex -6.204339e+00  7.842588e+00 -1.741404e-15
     vertex -5.766803e+00  8.169699e+00 -1.814038e-15
     vertex -5.312057e+00  8.472429e+00 -1.881257e-15
   endloop
 endfacet
 facet normal -1.414771e-31 -2.220446e-16 -1.000000e+00
   outer loop
     vertex -6.204339e+00  7.842588e+00 -1.741404e-15
     vertex -5.987805e+00  8.009132e+00 -1.778384e-15
     vertex -5.766803e+00  8.169699e+00 -1.814038e-15
   endloop
 endfacet
 facet normal -9.840594e-31 -2.220446e-16 -1.000000e+00
   outer loop
     vertex -7.757113e+00  6.310879e+00 -1.401297e-15
     vertex -9.277513e+00  3.731990e+00 -8.286682e-16
     vertex -8.544194e+00  5.195840e+00 -1.153708e-15
   endloop
 endfacet
 facet normal -2.738628e-30 -2.220446e-16 -1.000000e+00
   outer loop
     vertex -7.757113e+00  6.310879e+00 -1.401297e-15
     vertex -8.544194e+00  5.195840e+00 -1.153708e-15
     vertex -8.247704e+00  5.654678e+00 -1.255591e-15
   endloop
 endfacet
 facet normal  7.263977e-30 -2.220446e-16 -1.000000e+00
   outer loop
     vertex -7.757113e+00  6.310879e+00 -1.401297e-15
     vertex -8.247704e+00  5.654678e+00 -1.255591e-15
     vertex -7.926599e+00  6.096641e+00 -1.353726e-15
   endloop
 endfacet
 facet normal  3.680093e-32 -2.220446e-16 -1.000000e+00
   outer loop
     vertex -6.416243e+00  7.670191e+00 -1.703125e-15
     vertex -4.841458e+00  8.749873e+00 -1.942862e-15
     vertex -4.356410e+00  9.001205e+00 -1.998669e-15
   endloop
 endfacet
 facet normal  2.181267e-32 -2.220446e-16 -1.000000e+00
   outer loop
     vertex -6.416243e+00  7.670191e+00 -1.703125e-15
     vertex -6.204339e+00  7.842588e+00 -1.741404e-15
     vertex -4.841458e+00  8.749873e+00 -1.942862e-15
   endloop
 endfacet
 facet normal  5.144179e-34 -2.220446e-16 -1.000000e+00
   outer loop
     vertex -6.416243e+00  7.670191e+00 -1.703125e-15
     vertex -4.096583e-01  9.991605e+00 -2.218582e-15
     vertex  7.581838e+00  6.520409e+00 -1.447822e-15
   endloop
 endfacet
 facet normal  7.319156e-33 -2.220446e-16 -1.000000e+00
   outer loop
     vertex -6.416243e+00  7.670191e+00 -1.703125e-15
     vertex  9.551886e+00  2.959980e+00 -6.572476e-16
     vertex -9.277513e+00  3.731990e+00 -8.286682e-16
   endloop
 endfacet
 facet normal -9.273086e-33 -2.220446e-16 -1.000000e+00
   outer loop
     vertex -6.416243e+00  7.670191e+00 -1.703125e-15
     vertex  7.581838e+00  6.520409e+00 -1.447822e-15
     vertex  9.551886e+00  2.959980e+00 -6.572476e-16
   endloop
 endfacet
 facet normal -4.876350e-33 -2.220446e-16 -1.000000e+00
   outer loop
     vertex -6.416243e+00  7.670191e+00 -1.703125e-15
     vertex -4.356410e+00  9.001205e+00 -1.998669e-15
     vertex -4.096583e-01  9.991605e+00 -2.218582e-15
   endloop
 endfacet
 facet normal  2.857019e-31 -2.220446e-16 -1.000000e+00
   outer loop
     vertex -7.400906e+00  6.725072e+00 -1.493266e-15
     vertex -9.277513e+00  3.731990e+00 -8.286682e-16
     vertex -7.757113e+00  6.310879e+00 -1.401297e-15
   endloop
 endfacet
 facet normal -6.650430e-31 -2.220446e-16 -1.000000e+00
   outer loop
     vertex -7.400906e+00  6.725072e+00 -1.493266e-15
     vertex -7.757113e+00  6.310879e+00 -1.401297e-15
     vertex -7.581838e+00  6.520409e+00 -1.447822e-15
   endloop
 endfacet
 facet normal  1.252751e-31 -2.220446e-16 -1.000000e+00
   outer loop
     vertex -7.022611e+00  7.119195e+00 -1.580779e-15
     vertex -6.416243e+00  7.670191e+00 -1.703125e-15
     vertex -9.277513e+00  3.731990e+00 -8.286682e-16
   endloop
 endfacet
 facet normal  2.322056e-31 -2.220446e-16 -1.000000e+00
   outer loop
     vertex -7.022611e+00  7.119195e+00 -1.580779e-15
     vertex -9.277513e+00  3.731990e+00 -8.286682e-16
     vertex -7.400906e+00  6.725072e+00 -1.493266e-15
   endloop
 endfacet
 facet normal  3.881830e-31 -2.220446e-16 -1.000000e+00
   outer loop
     vertex -7.022611e+00  7.119195e+00 -1.580779e-15
     vertex -6.623358e+00  7.492071e+00 -1.663574e-15
     vertex -6.416243e+00  7.670191e+00 -1.703125e-15
   endloop
 endfacet
 facet normal -2.303446e-31 -2.220446e-16 -1.000000e+00
   outer loop
     vertex -7.022611e+00  7.119195e+00 -1.580779e-15
     vertex -6.825531e+00  7.308360e+00 -1.622782e-15
     vertex -6.623358e+00  7.492071e+00 -1.663574e-15
   endloop
 endfacet
 facet normal  3.498154e-31 -2.220446e-16 -1.000000e+00
   outer loop
     vertex -7.022611e+00  7.119195e+00 -1.580779e-15
     vertex -7.400906e+00  6.725072e+00 -1.493266e-15
     vertex -7.214450e+00  6.924717e+00 -1.537596e-15
   endloop
 endfacet
 facet normal  9.999067e-01  1.365867e-02 -3.032835e-18
   outer loop
     vertex  9.996269e+00  2.731480e-01  2.000000e+01
     vertex  1.000000e+01  0.000000e+00  0.000000e+00
     vertex  9.996269e+00  2.731480e-01 -6.065104e-17
   endloop
 endfacet
 facet normal  9.999067e-01  1.365867e-02 -3.035704e-18
   outer loop
     vertex  9.996269e+00  2.731480e-01  2.000000e+01
     vertex  1.000000e+01  4.440892e-15  2.000000e+01
     vertex  1.000000e+01  0.000000e+00  0.000000e+00
   endloop
 endfacet
 facet normal  9.991605e-01  4.096583e-02 -9.096241e-18
   outer loop
     vertex  9.985078e+00  5.460922e-01  2.000000e+01
     vertex  9.996269e+00  2.731480e-01 -6.065104e-17
     vertex  9.985078e+00  5.460922e-01 -1.212568e-16
   endloop
 endfacet
 facet normal  9.991605e-01  4.096583e-02 -9.065751e-18
   outer loop
     vertex  9.985078e+00  5.460922e-01  2.000000e+01
     vertex  9.996269e+00  2.731480e-01  2.000000e+01
     vertex  9.996269e+00  2.731480e-01 -6.065104e-17
   endloop
 endfacet
 facet normal  9.976688e-01  6.824241e-02 -1.515286e-17
   outer loop
     vertex  9.966436e+00  8.186288e-01  2.000000e+01
     vertex  9.985078e+00  5.460922e-01 -1.212568e-16
     vertex  9.966436e+00  8.186288e-01 -1.817721e-16
   endloop
 endfacet
 facet normal  9.954325e-01  9.546807e-02 -2.119817e-17
   outer loop
     vertex  9.966436e+00  8.186288e-01  2.000000e+01
     vertex  9.966436e+00  8.186288e-01 -1.817721e-16
     vertex  9.940357e+00  1.090555e+00 -2.421518e-16
   endloop
 endfacet
 facet normal  9.976688e-01  6.824241e-02 -1.513491e-17
   outer loop
     vertex  9.966436e+00  8.186288e-01  2.000000e+01
     vertex  9.985078e+00  5.460922e-01  2.000000e+01
     vertex  9.985078e+00  5.460922e-01 -1.212568e-16
   endloop
 endfacet
 facet normal  9.924534e-01  1.226225e-01 -2.722766e-17
   outer loop
     vertex  9.940357e+00  1.090555e+00  2.000000e+01
     vertex  9.940357e+00  1.090555e+00 -2.421518e-16
     vertex  9.906859e+00  1.361666e+00 -3.023507e-16
   endloop
 endfacet
 facet normal  9.954325e-01  9.546807e-02 -2.119817e-17
   outer loop
     vertex  9.940357e+00  1.090555e+00  2.000000e+01
     vertex  9.966436e+00  8.186288e-01  2.000000e+01
     vertex  9.940357e+00  1.090555e+00 -2.421518e-16
   endloop
 endfacet
 facet normal  9.924534e-01  1.226225e-01 -2.722766e-17
   outer loop
     vertex  9.906859e+00  1.361666e+00  2.000000e+01
     vertex  9.940357e+00  1.090555e+00  2.000000e+01
     vertex  9.906859e+00  1.361666e+00 -3.023507e-16
   endloop
 endfacet
 facet normal  9.887337e-01  1.496854e-01 -3.323684e-17
   outer loop
     vertex  9.865969e+00  1.631762e+00  2.000000e+01
     vertex  9.906859e+00  1.361666e+00 -3.023507e-16
     vertex  9.865969e+00  1.631762e+00 -3.623240e-16
   endloop
 endfacet
 facet normal  9.842761e-01  1.766366e-01 -3.922121e-17
   outer loop
     vertex  9.865969e+00  1.631762e+00  2.000000e+01
     vertex  9.865969e+00  1.631762e+00 -3.623240e-16
     vertex  9.817717e+00  1.900640e+00 -4.220270e-16
   endloop
 endfacet
 facet normal  9.887337e-01  1.496854e-01 -3.335029e-17
   outer loop
     vertex  9.865969e+00  1.631762e+00  2.000000e+01
     vertex  9.906859e+00  1.361666e+00  2.000000e+01
     vertex  9.906859e+00  1.361666e+00 -3.023507e-16
   endloop
 endfacet
 facet normal  9.842761e-01  1.766366e-01 -3.922121e-17
   outer loop
     vertex  9.817717e+00  1.900640e+00  2.000000e+01
     vertex  9.865969e+00  1.631762e+00  2.000000e+01
     vertex  9.817717e+00  1.900640e+00 -4.220270e-16
   endloop
 endfacet
 facet normal  9.790841e-01  2.034560e-01 -4.517631e-17
   outer loop
     vertex  9.762138e+00  2.168100e+00  2.000000e+01
     vertex  9.817717e+00  1.900640e+00 -4.220270e-16
     vertex  9.762138e+00  2.168100e+00 -4.814150e-16
   endloop
 endfacet
 facet normal  9.790841e-01  2.034560e-01 -4.517185e-17
   outer loop
     vertex  9.762138e+00  2.168100e+00  2.000000e+01
     vertex  9.817717e+00  1.900640e+00  2.000000e+01
     vertex  9.817717e+00  1.900640e+00 -4.220270e-16
   endloop
 endfacet
 facet normal  9.731614e-01  2.301236e-01 -5.109770e-17
   outer loop
     vertex  9.699274e+00  2.433942e+00  2.000000e+01
     vertex  9.762138e+00  2.168100e+00 -4.814150e-16
     vertex  9.699274e+00  2.433942e+00 -5.404437e-16
   endloop
 endfacet
 facet normal  9.665125e-01  2.566194e-01 -5.698096e-17
   outer loop
     vertex  9.699274e+00  2.433942e+00  2.000000e+01
     vertex  9.699274e+00  2.433942e+00 -5.404437e-16
     vertex  9.629173e+00  2.697968e+00 -5.990692e-16
   endloop
 endfacet
 facet normal  9.731614e-01  2.301236e-01 -5.134856e-17
   outer loop
     vertex  9.699274e+00  2.433942e+00  2.000000e+01
     vertex  9.762138e+00  2.168100e+00  2.000000e+01
     vertex  9.762138e+00  2.168100e+00 -4.814150e-16
   endloop
 endfacet
 facet normal  9.665125e-01  2.566194e-01 -5.698096e-17
   outer loop
     vertex  9.629173e+00  2.697968e+00  2.000000e+01
     vertex  9.699274e+00  2.433942e+00  2.000000e+01
     vertex  9.629173e+00  2.697968e+00 -5.990692e-16
   endloop
 endfacet
 facet normal  9.591424e-01  2.829238e-01 -6.282170e-17
   outer loop
     vertex  9.551886e+00  2.959980e+00  2.000000e+01
     vertex  9.629173e+00  2.697968e+00 -5.990692e-16
     vertex  9.551886e+00  2.959980e+00 -6.572476e-16
   endloop
 endfacet
 facet normal  9.591424e-01  2.829238e-01 -6.289303e-17
   outer loop
     vertex  9.551886e+00  2.959980e+00  2.000000e+01
     vertex  9.629173e+00  2.697968e+00  2.000000e+01
     vertex  9.629173e+00  2.697968e+00 -5.990692e-16
   endloop
 endfacet
 facet normal  9.510565e-01  3.090170e-01 -6.861556e-17
   outer loop
     vertex  9.467470e+00  3.219783e+00  2.000000e+01
     vertex  9.551886e+00  2.959980e+00 -6.572476e-16
     vertex  9.467470e+00  3.219783e+00 -7.149355e-16
   endloop
 endfacet
 facet normal  9.510565e-01  3.090170e-01 -6.841551e-17
   outer loop
     vertex  9.467470e+00  3.219783e+00  2.000000e+01
     vertex  9.551886e+00  2.959980e+00  2.000000e+01
     vertex  9.551886e+00  2.959980e+00 -6.572476e-16
   endloop
 endfacet
 facet normal  9.422609e-01  3.348796e-01 -7.435821e-17
   outer loop
     vertex  9.375990e+00  3.477184e+00  2.000000e+01
     vertex  9.467470e+00  3.219783e+00 -7.149355e-16
     vertex  9.375990e+00  3.477184e+00 -7.720900e-16
   endloop
 endfacet
 facet normal  9.422609e-01  3.348796e-01 -7.426319e-17
   outer loop
     vertex  9.375990e+00  3.477184e+00  2.000000e+01
     vertex  9.467470e+00  3.219783e+00  2.000000e+01
     vertex  9.467470e+00  3.219783e+00 -7.149355e-16
   endloop
 endfacet
 facet normal  9.327622e-01  3.604923e-01 -8.004538e-17
   outer loop
     vertex  9.277513e+00  3.731990e+00  2.000000e+01
     vertex  9.375990e+00  3.477184e+00 -7.720900e-16
     vertex  9.277513e+00  3.731990e+00 -8.286682e-16
   endloop
 endfacet
 facet normal  9.327622e-01  3.604923e-01 -7.979921e-17
   outer loop
     vertex  9.277513e+00  3.731990e+00  2.000000e+01
     vertex  9.375990e+00  3.477184e+00  2.000000e+01
     vertex  9.375990e+00  3.477184e+00 -7.720900e-16
   endloop
 endfacet
 facet normal  9.225674e-01  3.858360e-01 -8.567281e-17
   outer loop
     vertex  9.172113e+00  3.984011e+00  2.000000e+01
     vertex  9.277513e+00  3.731990e+00 -8.286682e-16
     vertex  9.172113e+00  3.984011e+00 -8.846281e-16
   endloop
 endfacet
 facet normal  9.116841e-01  4.108918e-01 -9.123631e-17
   outer loop
     vertex  9.172113e+00  3.984011e+00  2.000000e+01
     vertex  9.172113e+00  3.984011e+00 -8.846281e-16
     vertex  9.059868e+00  4.233059e+00 -9.399279e-16
   endloop
 endfacet
 facet normal  9.225674e-01  3.858360e-01 -8.565458e-17
   outer loop
     vertex  9.172113e+00  3.984011e+00  2.000000e+01
     vertex  9.277513e+00  3.731990e+00  2.000000e+01
     vertex  9.277513e+00  3.731990e+00 -8.286682e-16
   endloop
 endfacet
 facet normal  9.116841e-01  4.108918e-01 -9.123631e-17
   outer loop
     vertex  9.059868e+00  4.233059e+00  2.000000e+01
     vertex  9.172113e+00  3.984011e+00  2.000000e+01
     vertex  9.059868e+00  4.233059e+00 -9.399279e-16
   endloop
 endfacet
 facet normal  9.001205e-01  4.356410e-01 -9.673779e-17
   outer loop
     vertex  8.940863e+00  4.478948e+00  2.000000e+01
     vertex  9.059868e+00  4.233059e+00  2.000000e+01
     vertex  9.059868e+00  4.233059e+00 -9.399279e-16
   endloop
 endfacet
 facet normal  9.001205e-01  4.356410e-01 -9.673173e-17
   outer loop
     vertex  8.940863e+00  4.478948e+00  2.000000e+01
     vertex  9.059868e+00  4.233059e+00 -9.399279e-16
     vertex  8.940863e+00  4.478948e+00 -9.945262e-16
   endloop
 endfacet
 facet normal  8.878852e-01  4.600650e-01 -1.020257e-16
   outer loop
     vertex  8.815185e+00  4.721495e+00  2.000000e+01
     vertex  8.940863e+00  4.478948e+00  2.000000e+01
     vertex  8.940863e+00  4.478948e+00 -9.945262e-16
   endloop
 endfacet
 facet normal  8.878852e-01  4.600650e-01 -1.021550e-16
   outer loop
     vertex  8.815185e+00  4.721495e+00  2.000000e+01
     vertex  8.940863e+00  4.478948e+00 -9.945262e-16
     vertex  8.815185e+00  4.721495e+00 -1.048382e-15
   endloop
 endfacet
 facet normal  8.749873e-01  4.841458e-01 -1.074305e-16
   outer loop
     vertex  8.682929e+00  4.960518e+00  2.000000e+01
     vertex  8.815185e+00  4.721495e+00  2.000000e+01
     vertex  8.815185e+00  4.721495e+00 -1.048382e-15
   endloop
 endfacet
 facet normal  8.749873e-01  4.841458e-01 -1.075020e-16
   outer loop
     vertex  8.682929e+00  4.960518e+00  2.000000e+01
     vertex  8.815185e+00  4.721495e+00 -1.048382e-15
     vertex  8.682929e+00  4.960518e+00 -1.101456e-15
   endloop
 endfacet
 facet normal  8.614365e-01  5.078652e-01 -1.127668e-16
   outer loop
     vertex  8.544194e+00  5.195840e+00  2.000000e+01
     vertex  8.682929e+00  4.960518e+00  2.000000e+01
     vertex  8.682929e+00  4.960518e+00 -1.101456e-15
   endloop
 endfacet
 facet normal  8.614365e-01  5.078652e-01 -1.127687e-16
   outer loop
     vertex  8.544194e+00  5.195840e+00  2.000000e+01
     vertex  8.682929e+00  4.960518e+00 -1.101456e-15
     vertex  8.544194e+00  5.195840e+00 -1.153708e-15
   endloop
 endfacet
 facet normal  8.472429e-01  5.312057e-01 -1.174756e-16
   outer loop
     vertex  8.399083e+00  5.427284e+00  2.000000e+01
     vertex  8.544194e+00  5.195840e+00  2.000000e+01
     vertex  8.544194e+00  5.195840e+00 -1.153708e-15
   endloop
 endfacet
 facet normal  8.472429e-01  5.312057e-01 -1.179514e-16
   outer loop
     vertex  8.399083e+00  5.427284e+00  2.000000e+01
     vertex  8.544194e+00  5.195840e+00 -1.153708e-15
     vertex  8.399083e+00  5.427284e+00 -1.205099e-15
   endloop
 endfacet
 facet normal  8.324170e-01  5.541498e-01 -1.230460e-16
   outer loop
     vertex  8.247704e+00  5.654678e+00  2.000000e+01
     vertex  8.399083e+00  5.427284e+00 -1.205099e-15
     vertex  8.247704e+00  5.654678e+00 -1.255591e-15
   endloop
 endfacet
 facet normal  8.169699e-01  5.766803e-01 -1.280488e-16
   outer loop
     vertex  8.247704e+00  5.654678e+00  2.000000e+01
     vertex  8.247704e+00  5.654678e+00 -1.255591e-15
     vertex  8.090170e+00  5.877853e+00 -1.305145e-15
   endloop
 endfacet
 facet normal  8.324170e-01  5.541498e-01 -1.224912e-16
   outer loop
     vertex  8.247704e+00  5.654678e+00  2.000000e+01
     vertex  8.399083e+00  5.427284e+00  2.000000e+01
     vertex  8.399083e+00  5.427284e+00 -1.205099e-15
   endloop
 endfacet
 facet normal  8.169699e-01  5.766803e-01 -1.280488e-16
   outer loop
     vertex  8.090170e+00  5.877853e+00  2.000000e+01
     vertex  8.247704e+00  5.654678e+00  2.000000e+01
     vertex  8.090170e+00  5.877853e+00 -1.305145e-15
   endloop
 endfacet
 facet normal  8.009132e-01  5.987805e-01 -1.329560e-16
   outer loop
     vertex  7.926599e+00  6.096641e+00  2.000000e+01
     vertex  8.090170e+00  5.877853e+00 -1.305145e-15
     vertex  7.926599e+00  6.096641e+00 -1.353726e-15
   endloop
 endfacet
 facet normal  7.842588e-01  6.204339e-01 -1.377640e-16
   outer loop
     vertex  7.926599e+00  6.096641e+00  2.000000e+01
     vertex  7.926599e+00  6.096641e+00 -1.353726e-15
     vertex  7.757113e+00  6.310879e+00 -1.401297e-15
   endloop
 endfacet
 facet normal  8.009132e-01  5.987805e-01 -1.335560e-16
   outer loop
     vertex  7.926599e+00  6.096641e+00  2.000000e+01
     vertex  8.090170e+00  5.877853e+00  2.000000e+01
     vertex  8.090170e+00  5.877853e+00 -1.305145e-15
   endloop
 endfacet
 facet normal  7.670191e-01  6.416243e-01 -1.424692e-16
   outer loop
     vertex  7.757113e+00  6.310879e+00  2.000000e+01
     vertex  7.757113e+00  6.310879e+00 -1.401297e-15
     vertex  7.581838e+00  6.520409e+00 -1.447822e-15
   endloop
 endfacet
 facet normal  7.842588e-01  6.204339e-01 -1.377640e-16
   outer loop
     vertex  7.757113e+00  6.310879e+00  2.000000e+01
     vertex  7.926599e+00  6.096641e+00  2.000000e+01
     vertex  7.757113e+00  6.310879e+00 -1.401297e-15
   endloop
 endfacet
 facet normal  7.670191e-01  6.416243e-01 -1.424692e-16
   outer loop
     vertex  7.581838e+00  6.520409e+00  2.000000e+01
     vertex  7.757113e+00  6.310879e+00  2.000000e+01
     vertex  7.581838e+00  6.520409e+00 -1.447822e-15
   endloop
 endfacet
 facet normal  7.492071e-01  6.623358e-01 -1.470681e-16
   outer loop
     vertex  7.400906e+00  6.725072e+00  2.000000e+01
     vertex  7.581838e+00  6.520409e+00 -1.447822e-15
     vertex  7.400906e+00  6.725072e+00 -1.493266e-15
   endloop
 endfacet
 facet normal  7.492071e-01  6.623358e-01 -1.469853e-16
   outer loop
     vertex  7.400906e+00  6.725072e+00  2.000000e+01
     vertex  7.581838e+00  6.520409e+00  2.000000e+01
     vertex  7.581838e+00  6.520409e+00 -1.447822e-15
   endloop
 endfacet
 facet normal  7.308360e-01  6.825531e-01 -1.515572e-16
   outer loop
     vertex  7.214450e+00  6.924717e+00  2.000000e+01
     vertex  7.400906e+00  6.725072e+00 -1.493266e-15
     vertex  7.214450e+00  6.924717e+00 -1.537596e-15
   endloop
 endfacet
 facet normal  7.308360e-01  6.825531e-01 -1.515937e-16
   outer loop
     vertex  7.214450e+00  6.924717e+00  2.000000e+01
     vertex  7.400906e+00  6.725072e+00  2.000000e+01
     vertex  7.400906e+00  6.725072e+00 -1.493266e-15
   endloop
 endfacet
 facet normal  7.119195e-01  7.022611e-01 -1.559333e-16
   outer loop
     vertex  7.022611e+00  7.119195e+00  2.000000e+01
     vertex  7.214450e+00  6.924717e+00 -1.537596e-15
     vertex  7.022611e+00  7.119195e+00 -1.580779e-15
   endloop
 endfacet
 facet normal  7.119195e-01  7.022611e-01 -1.564499e-16
   outer loop
     vertex  7.022611e+00  7.119195e+00  2.000000e+01
     vertex  7.214450e+00  6.924717e+00  2.000000e+01
     vertex  7.214450e+00  6.924717e+00 -1.537596e-15
   endloop
 endfacet
 facet normal  6.924717e-01  7.214450e-01 -1.601930e-16
   outer loop
     vertex  6.825531e+00  7.308360e+00  2.000000e+01
     vertex  7.022611e+00  7.119195e+00 -1.580779e-15
     vertex  6.825531e+00  7.308360e+00 -1.622782e-15
   endloop
 endfacet
 facet normal  6.924717e-01  7.214450e-01 -1.604016e-16
   outer loop
     vertex  6.825531e+00  7.308360e+00  2.000000e+01
     vertex  7.022611e+00  7.119195e+00  2.000000e+01
     vertex  7.022611e+00  7.119195e+00 -1.580779e-15
   endloop
 endfacet
 facet normal  6.725072e-01  7.400906e-01 -1.643331e-16
   outer loop
     vertex  6.623358e+00  7.492071e+00  2.000000e+01
     vertex  6.825531e+00  7.308360e+00 -1.622782e-15
     vertex  6.623358e+00  7.492071e+00 -1.663574e-15
   endloop
 endfacet
 facet normal  6.725072e-01  7.400906e-01 -1.639488e-16
   outer loop
     vertex  6.623358e+00  7.492071e+00  2.000000e+01
     vertex  6.825531e+00  7.308360e+00  2.000000e+01
     vertex  6.825531e+00  7.308360e+00 -1.622782e-15
   endloop
 endfacet
 facet normal  6.520409e-01  7.581838e-01 -1.683506e-16
   outer loop
     vertex  6.416243e+00  7.670191e+00  2.000000e+01
     vertex  6.623358e+00  7.492071e+00 -1.663574e-15
     vertex  6.416243e+00  7.670191e+00 -1.703125e-15
   endloop
 endfacet
 facet normal  6.520409e-01  7.581838e-01 -1.688706e-16
   outer loop
     vertex  6.416243e+00  7.670191e+00  2.000000e+01
     vertex  6.623358e+00  7.492071e+00  2.000000e+01
     vertex  6.623358e+00  7.492071e+00 -1.663574e-15
   endloop
 endfacet
 facet normal  6.310879e-01  7.757113e-01 -1.722425e-16
   outer loop
     vertex  6.204339e+00  7.842588e+00  2.000000e+01
     vertex  6.416243e+00  7.670191e+00 -1.703125e-15
     vertex  6.204339e+00  7.842588e+00 -1.741404e-15
   endloop
 endfacet
 facet normal  6.310879e-01  7.757113e-01 -1.719328e-16
   outer loop
     vertex  6.204339e+00  7.842588e+00  2.000000e+01
     vertex  6.416243e+00  7.670191e+00  2.000000e+01
     vertex  6.416243e+00  7.670191e+00 -1.703125e-15
   endloop
 endfacet
 facet normal  6.096641e-01  7.926599e-01 -2.112070e-16
   outer loop
     vertex  5.987805e+00  8.009132e+00  2.000000e+01
     vertex  6.204339e+00  7.842588e+00 -1.741404e-15
     vertex  5.987805e+00  8.009132e+00 -1.778384e-15
   endloop
 endfacet
 facet normal  6.096641e-01  7.926599e-01 -1.764077e-16
   outer loop
     vertex  5.987805e+00  8.009132e+00  2.000000e+01
     vertex  6.204339e+00  7.842588e+00  2.000000e+01
     vertex  6.204339e+00  7.842588e+00 -1.741404e-15
   endloop
 endfacet
 facet normal  5.877853e-01  8.090170e-01 -2.155654e-16
   outer loop
     vertex  5.766803e+00  8.169699e+00  2.000000e+01
     vertex  5.987805e+00  8.009132e+00 -1.778384e-15
     vertex  5.766803e+00  8.169699e+00 -1.814038e-15
   endloop
 endfacet
 facet normal  5.654678e-01  8.247704e-01 -2.197630e-16
   outer loop
     vertex  5.766803e+00  8.169699e+00  2.000000e+01
     vertex  5.766803e+00  8.169699e+00 -1.814038e-15
     vertex  5.541498e+00  8.324170e+00 -1.848337e-15
   endloop
 endfacet
 facet normal  5.877853e-01  8.090170e-01 -2.152138e-16
   outer loop
     vertex  5.766803e+00  8.169699e+00  2.000000e+01
     vertex  5.987805e+00  8.009132e+00  2.000000e+01
     vertex  5.987805e+00  8.009132e+00 -1.778384e-15
   endloop
 endfacet
 facet normal  5.654678e-01  8.247704e-01 -2.197630e-16
   outer loop
     vertex  5.541498e+00  8.324170e+00  2.000000e+01
     vertex  5.766803e+00  8.169699e+00  2.000000e+01
     vertex  5.541498e+00  8.324170e+00 -1.848337e-15
   endloop
 endfacet
 facet normal  5.427284e-01  8.399083e-01 -2.237965e-16
   outer loop
     vertex  5.312057e+00  8.472429e+00  2.000000e+01
     vertex  5.541498e+00  8.324170e+00 -1.848337e-15
     vertex  5.312057e+00  8.472429e+00 -1.881257e-15
   endloop
 endfacet
 facet normal  5.195840e-01  8.544194e-01 -2.276631e-16
   outer loop
     vertex  5.312057e+00  8.472429e+00  2.000000e+01
     vertex  5.312057e+00  8.472429e+00 -1.881257e-15
     vertex  5.078652e+00  8.614365e+00 -1.912773e-15
   endloop
 endfacet
 facet normal  5.427284e-01  8.399083e-01 -2.239585e-16
   outer loop
     vertex  5.312057e+00  8.472429e+00  2.000000e+01
     vertex  5.541498e+00  8.324170e+00  2.000000e+01
     vertex  5.541498e+00  8.324170e+00 -1.848337e-15
   endloop
 endfacet
 facet normal  5.195840e-01  8.544194e-01 -2.276631e-16
   outer loop
     vertex  5.078652e+00  8.614365e+00  2.000000e+01
     vertex  5.312057e+00  8.472429e+00  2.000000e+01
     vertex  5.078652e+00  8.614365e+00 -1.912773e-15
   endloop
 endfacet
 facet normal  4.960518e-01  8.682929e-01 -2.313597e-16
   outer loop
     vertex  4.841458e+00  8.749873e+00  2.000000e+01
     vertex  5.078652e+00  8.614365e+00 -1.912773e-15
     vertex  4.841458e+00  8.749873e+00 -1.942862e-15
   endloop
 endfacet
 facet normal  4.960518e-01  8.682929e-01 -2.318514e-16
   outer loop
     vertex  4.841458e+00  8.749873e+00  2.000000e+01
     vertex  5.078652e+00  8.614365e+00  2.000000e+01
     vertex  5.078652e+00  8.614365e+00 -1.912773e-15
   endloop
 endfacet
 facet normal  4.721495e-01  8.815185e-01 -2.348837e-16
   outer loop
     vertex  4.600650e+00  8.878852e+00  2.000000e+01
     vertex  4.841458e+00  8.749873e+00 -1.942862e-15
     vertex  4.600650e+00  8.878852e+00 -1.971501e-15
   endloop
 endfacet
 facet normal  4.478948e-01  8.940863e-01 -2.382324e-16
   outer loop
     vertex  4.600650e+00  8.878852e+00  2.000000e+01
     vertex  4.600650e+00  8.878852e+00 -1.971501e-15
     vertex  4.356410e+00  9.001205e+00 -1.998669e-15
   endloop
 endfacet
 facet normal  4.721495e-01  8.815185e-01 -2.348257e-16
   outer loop
     vertex  4.600650e+00  8.878852e+00  2.000000e+01
     vertex  4.841458e+00  8.749873e+00  2.000000e+01
     vertex  4.841458e+00  8.749873e+00 -1.942862e-15
   endloop
 endfacet
 facet normal  4.478948e-01  8.940863e-01 -2.382324e-16
   outer loop
     vertex  4.356410e+00  9.001205e+00  2.000000e+01
     vertex  4.600650e+00  8.878852e+00  2.000000e+01
     vertex  4.356410e+00  9.001205e+00 -1.998669e-15
   endloop
 endfacet
 facet normal  4.233059e-01  9.059868e-01 -2.414034e-16
   outer loop
     vertex  4.108918e+00  9.116841e+00  2.000000e+01
     vertex  4.356410e+00  9.001205e+00 -1.998669e-15
     vertex  4.108918e+00  9.116841e+00 -2.024345e-15
   endloop
 endfacet
 facet normal  3.984011e-01  9.172113e-01 -2.443942e-16
   outer loop
     vertex  4.108918e+00  9.116841e+00  2.000000e+01
     vertex  4.108918e+00  9.116841e+00 -2.024345e-15
     vertex  3.858360e+00  9.225674e+00 -2.048511e-15
   endloop
 endfacet
 facet normal  4.233059e-01  9.059868e-01 -2.413910e-16
   outer loop
     vertex  4.108918e+00  9.116841e+00  2.000000e+01
     vertex  4.356410e+00  9.001205e+00  2.000000e+01
     vertex  4.356410e+00  9.001205e+00 -1.998669e-15
   endloop
 endfacet
 facet normal  3.984011e-01  9.172113e-01 -2.443942e-16
   outer loop
     vertex  3.858360e+00  9.225674e+00  2.000000e+01
     vertex  4.108918e+00  9.116841e+00  2.000000e+01
     vertex  3.858360e+00  9.225674e+00 -2.048511e-15
   endloop
 endfacet
 facet normal  3.731990e-01  9.277513e-01 -2.472026e-16
   outer loop
     vertex  3.858360e+00  9.225674e+00  2.000000e+01
     vertex  3.858360e+00  9.225674e+00 -2.048511e-15
     vertex  3.604923e+00  9.327622e+00 -2.071148e-15
   endloop
 endfacet
 facet normal  3.731990e-01  9.277513e-01 -2.472026e-16
   outer loop
     vertex  3.604923e+00  9.327622e+00  2.000000e+01
     vertex  3.858360e+00  9.225674e+00  2.000000e+01
     vertex  3.604923e+00  9.327622e+00 -2.071148e-15
   endloop
 endfacet
 facet normal  3.477184e-01  9.375990e-01 -2.498266e-16
   outer loop
     vertex  3.604923e+00  9.327622e+00  2.000000e+01
     vertex  3.604923e+00  9.327622e+00 -2.071148e-15
     vertex  3.348796e+00  9.422609e+00 -2.092240e-15
   endloop
 endfacet
 facet normal  3.477184e-01  9.375990e-01 -2.498266e-16
   outer loop
     vertex  3.348796e+00  9.422609e+00  2.000000e+01
     vertex  3.604923e+00  9.327622e+00  2.000000e+01
     vertex  3.348796e+00  9.422609e+00 -2.092240e-15
   endloop
 endfacet
 facet normal  3.219783e-01  9.467470e-01 -2.522641e-16
   outer loop
     vertex  3.348796e+00  9.422609e+00  2.000000e+01
     vertex  3.348796e+00  9.422609e+00 -2.092240e-15
     vertex  3.090170e+00  9.510565e+00 -2.111770e-15
   endloop
 endfacet
 facet normal  3.219783e-01  9.467470e-01 -2.522641e-16
   outer loop
     vertex  3.090170e+00  9.510565e+00  2.000000e+01
     vertex  3.348796e+00  9.422609e+00  2.000000e+01
     vertex  3.090170e+00  9.510565e+00 -2.111770e-15
   endloop
 endfacet
 facet normal  2.959980e-01  9.551886e-01 -2.545134e-16
   outer loop
     vertex  3.090170e+00  9.510565e+00  2.000000e+01
     vertex  3.090170e+00  9.510565e+00 -2.111770e-15
     vertex  2.829238e+00  9.591424e+00 -2.129724e-15
   endloop
 endfacet
 facet normal  2.959980e-01  9.551886e-01 -2.545134e-16
   outer loop
     vertex  2.829238e+00  9.591424e+00  2.000000e+01
     vertex  3.090170e+00  9.510565e+00  2.000000e+01
     vertex  2.829238e+00  9.591424e+00 -2.129724e-15
   endloop
 endfacet
 facet normal  2.697968e-01  9.629173e-01 -2.564061e-16
   outer loop
     vertex  2.566194e+00  9.665125e+00  2.000000e+01
     vertex  2.829238e+00  9.591424e+00  2.000000e+01
     vertex  2.829238e+00  9.591424e+00 -2.129724e-15
   endloop
 endfacet
 facet normal  2.697968e-01  9.629173e-01 -2.565727e-16
   outer loop
     vertex  2.566194e+00  9.665125e+00  2.000000e+01
     vertex  2.829238e+00  9.591424e+00 -2.129724e-15
     vertex  2.566194e+00  9.665125e+00 -2.146089e-15
   endloop
 endfacet
 facet normal  2.433942e-01  9.699274e-01 -2.582893e-16
   outer loop
     vertex  2.301236e+00  9.731614e+00  2.000000e+01
     vertex  2.566194e+00  9.665125e+00  2.000000e+01
     vertex  2.566194e+00  9.665125e+00 -2.146089e-15
   endloop
 endfacet
 facet normal  2.433942e-01  9.699274e-01 -2.584406e-16
   outer loop
     vertex  2.301236e+00  9.731614e+00  2.000000e+01
     vertex  2.566194e+00  9.665125e+00 -2.146089e-15
     vertex  2.301236e+00  9.731614e+00 -2.160852e-15
   endloop
 endfacet
 facet normal  2.168100e-01  9.762138e-01 -2.601156e-16
   outer loop
     vertex  2.301236e+00  9.731614e+00  2.000000e+01
     vertex  2.301236e+00  9.731614e+00 -2.160852e-15
     vertex  2.034560e+00  9.790841e+00 -2.174003e-15
   endloop
 endfacet
 facet normal  2.168100e-01  9.762138e-01 -2.601156e-16
   outer loop
     vertex  2.034560e+00  9.790841e+00  2.000000e+01
     vertex  2.301236e+00  9.731614e+00  2.000000e+01
     vertex  2.034560e+00  9.790841e+00 -2.174003e-15
   endloop
 endfacet
 facet normal  1.900640e-01  9.817717e-01 -2.615965e-16
   outer loop
     vertex  2.034560e+00  9.790841e+00  2.000000e+01
     vertex  2.034560e+00  9.790841e+00 -2.174003e-15
     vertex  1.766366e+00  9.842761e+00 -2.185532e-15
   endloop
 endfacet
 facet normal  1.900640e-01  9.817717e-01 -2.615965e-16
   outer loop
     vertex  1.766366e+00  9.842761e+00  2.000000e+01
     vertex  2.034560e+00  9.790841e+00  2.000000e+01
     vertex  1.766366e+00  9.842761e+00 -2.185532e-15
   endloop
 endfacet
 facet normal  1.631762e-01  9.865969e-01 -2.628822e-16
   outer loop
     vertex  1.766366e+00  9.842761e+00  2.000000e+01
     vertex  1.766366e+00  9.842761e+00 -2.185532e-15
     vertex  1.496854e+00  9.887337e+00 -2.195430e-15
   endloop
 endfacet
 facet normal  1.631762e-01  9.865969e-01 -2.628822e-16
   outer loop
     vertex  1.496854e+00  9.887337e+00  2.000000e+01
     vertex  1.766366e+00  9.842761e+00  2.000000e+01
     vertex  1.496854e+00  9.887337e+00 -2.195430e-15
   endloop
 endfacet
 facet normal  1.361666e-01  9.906859e-01 -2.638293e-16
   outer loop
     vertex  1.226225e+00  9.924534e+00  2.000000e+01
     vertex  1.496854e+00  9.887337e+00  2.000000e+01
     vertex  1.496854e+00  9.887337e+00 -2.195430e-15
   endloop
 endfacet
 facet normal  1.361666e-01  9.906859e-01 -2.639718e-16
   outer loop
     vertex  1.226225e+00  9.924534e+00  2.000000e+01
     vertex  1.496854e+00  9.887337e+00 -2.195430e-15
     vertex  1.226225e+00  9.924534e+00 -2.203689e-15
   endloop
 endfacet
 facet normal  1.090555e-01  9.940357e-01 -2.649695e-16
   outer loop
     vertex  9.546807e-01  9.954325e+00  2.000000e+01
     vertex  1.226225e+00  9.924534e+00  2.000000e+01
     vertex  1.226225e+00  9.924534e+00 -2.203689e-15
   endloop
 endfacet
 facet normal  1.090555e-01  9.940357e-01 -2.648643e-16
   outer loop
     vertex  9.546807e-01  9.954325e+00  2.000000e+01
     vertex  1.226225e+00  9.924534e+00 -2.203689e-15
     vertex  9.546807e-01  9.954325e+00 -2.210304e-15
   endloop
 endfacet
 facet normal  8.186288e-02  9.966436e-01 -2.655592e-16
   outer loop
     vertex  6.824241e-01  9.976688e+00  2.000000e+01
     vertex  9.546807e-01  9.954325e+00 -2.210304e-15
     vertex  6.824241e-01  9.976688e+00 -2.215270e-15
   endloop
 endfacet
 facet normal  8.186288e-02  9.966436e-01 -2.655536e-16
   outer loop
     vertex  6.824241e-01  9.976688e+00  2.000000e+01
     vertex  9.546807e-01  9.954325e+00  2.000000e+01
     vertex  9.546807e-01  9.954325e+00 -2.210304e-15
   endloop
 endfacet
 facet normal  5.460922e-02  9.985078e-01 -2.660559e-16
   outer loop
     vertex  4.096583e-01  9.991605e+00  2.000000e+01
     vertex  6.824241e-01  9.976688e+00 -2.215270e-15
     vertex  4.096583e-01  9.991605e+00 -2.218582e-15
   endloop
 endfacet
 facet normal  5.460922e-02  9.985078e-01 -2.660689e-16
   outer loop
     vertex  4.096583e-01  9.991605e+00  2.000000e+01
     vertex  6.824241e-01  9.976688e+00  2.000000e+01
     vertex  6.824241e-01  9.976688e+00 -2.215270e-15
   endloop
 endfacet
 facet normal  2.731480e-02  9.996269e-01 -2.663541e-16
   outer loop
     vertex  1.365867e-01  9.999067e+00  2.000000e+01
     vertex  4.096583e-01  9.991605e+00 -2.218582e-15
     vertex  1.365867e-01  9.999067e+00 -2.220239e-15
   endloop
 endfacet
 facet normal  2.731480e-02  9.996269e-01 -2.663415e-16
   outer loop
     vertex  1.365867e-01  9.999067e+00  2.000000e+01
     vertex  4.096583e-01  9.991605e+00  2.000000e+01
     vertex  4.096583e-01  9.991605e+00 -2.218582e-15
   endloop
 endfacet
 facet normal -6.502670e-15  1.000000e+00 -2.664535e-16
   outer loop
     vertex -1.365867e-01  9.999067e+00  2.000000e+01
     vertex  1.365867e-01  9.999067e+00 -2.220239e-15
     vertex -1.365867e-01  9.999067e+00 -2.220239e-15
   endloop
 endfacet
 facet normal -6.502670e-15  1.000000e+00 -2.664535e-16
   outer loop
     vertex -1.365867e-01  9.999067e+00  2.000000e+01
     vertex  1.365867e-01  9.999067e+00  2.000000e+01
     vertex  1.365867e-01  9.999067e+00 -2.220239e-15
   endloop
 endfacet
 facet normal -2.731480e-02  9.996269e-01 -2.663541e-16
   outer loop
     vertex -4.096583e-01  9.991605e+00  2.000000e+01
     vertex -1.365867e-01  9.999067e+00 -2.220239e-15
     vertex -4.096583e-01  9.991605e+00 -2.218582e-15
   endloop
 endfacet
 facet normal -2.731480e-02  9.996269e-01 -2.663667e-16
   outer loop
     vertex -4.096583e-01  9.991605e+00  2.000000e+01
     vertex -1.365867e-01  9.999067e+00  2.000000e+01
     vertex -1.365867e-01  9.999067e+00 -2.220239e-15
   endloop
 endfacet
 facet normal -5.460922e-02  9.985078e-01 -2.660559e-16
   outer loop
     vertex -6.824241e-01  9.976688e+00  2.000000e+01
     vertex -4.096583e-01  9.991605e+00 -2.218582e-15
     vertex -6.824241e-01  9.976688e+00 -2.215270e-15
   endloop
 endfacet
 facet normal -5.460922e-02  9.985078e-01 -2.660285e-16
   outer loop
     vertex -6.824241e-01  9.976688e+00  2.000000e+01
     vertex -4.096583e-01  9.991605e+00  2.000000e+01
     vertex -4.096583e-01  9.991605e+00 -2.218582e-15
   endloop
 endfacet
 facet normal -8.186288e-02  9.966436e-01 -2.655592e-16
   outer loop
     vertex -9.546807e-01  9.954325e+00  2.000000e+01
     vertex -6.824241e-01  9.976688e+00 -2.215270e-15
     vertex -9.546807e-01  9.954325e+00 -2.210304e-15
   endloop
 endfacet
 facet normal -1.090555e-01  9.940357e-01 -2.648643e-16
   outer loop
     vertex -9.546807e-01  9.954325e+00  2.000000e+01
     vertex -9.546807e-01  9.954325e+00 -2.210304e-15
     vertex -1.226225e+00  9.924534e+00 -2.203689e-15
   endloop
 endfacet
 facet normal -8.186288e-02  9.966436e-01 -2.655867e-16
   outer loop
     vertex -9.546807e-01  9.954325e+00  2.000000e+01
     vertex -6.824241e-01  9.976688e+00  2.000000e+01
     vertex -6.824241e-01  9.976688e+00 -2.215270e-15
   endloop
 endfacet
 facet normal -1.090555e-01  9.940357e-01 -2.648643e-16
   outer loop
     vertex -1.226225e+00  9.924534e+00  2.000000e+01
     vertex -9.546807e-01  9.954325e+00  2.000000e+01
     vertex -1.226225e+00  9.924534e+00 -2.203689e-15
   endloop
 endfacet
 facet normal -1.361666e-01  9.906859e-01 -2.639718e-16
   outer loop
     vertex -1.496854e+00  9.887337e+00  2.000000e+01
     vertex -1.226225e+00  9.924534e+00 -2.203689e-15
     vertex -1.496854e+00  9.887337e+00 -2.195430e-15
   endloop
 endfacet
 facet normal -1.631762e-01  9.865969e-01 -2.628822e-16
   outer loop
     vertex -1.496854e+00  9.887337e+00  2.000000e+01
     vertex -1.496854e+00  9.887337e+00 -2.195430e-15
     vertex -1.766366e+00  9.842761e+00 -2.185532e-15
   endloop
 endfacet
 facet normal -1.361666e-01  9.906859e-01 -2.641143e-16
   outer loop
     vertex -1.496854e+00  9.887337e+00  2.000000e+01
     vertex -1.226225e+00  9.924534e+00  2.000000e+01
     vertex -1.226225e+00  9.924534e+00 -2.203689e-15
   endloop
 endfacet
 facet normal -1.631762e-01  9.865969e-01 -2.628822e-16
   outer loop
     vertex -1.766366e+00  9.842761e+00  2.000000e+01
     vertex -1.496854e+00  9.887337e+00  2.000000e+01
     vertex -1.766366e+00  9.842761e+00 -2.185532e-15
   endloop
 endfacet
 facet normal -1.900640e-01  9.817717e-01 -2.615965e-16
   outer loop
     vertex -2.034560e+00  9.790841e+00  2.000000e+01
     vertex -1.766366e+00  9.842761e+00 -2.185532e-15
     vertex -2.034560e+00  9.790841e+00 -2.174003e-15
   endloop
 endfacet
 facet normal -1.900640e-01  9.817717e-01 -2.617493e-16
   outer loop
     vertex -2.034560e+00  9.790841e+00  2.000000e+01
     vertex -1.766366e+00  9.842761e+00  2.000000e+01
     vertex -1.766366e+00  9.842761e+00 -2.185532e-15
   endloop
 endfacet
 facet normal -2.168100e-01  9.762138e-01 -2.601156e-16
   outer loop
     vertex -2.301236e+00  9.731614e+00  2.000000e+01
     vertex -2.034560e+00  9.790841e+00 -2.174003e-15
     vertex -2.301236e+00  9.731614e+00 -2.160852e-15
   endloop
 endfacet
 facet normal -2.433942e-01  9.699274e-01 -2.584406e-16
   outer loop
     vertex -2.301236e+00  9.731614e+00  2.000000e+01
     vertex -2.301236e+00  9.731614e+00 -2.160852e-15
     vertex -2.566194e+00  9.665125e+00 -2.146089e-15
   endloop
 endfacet
 facet normal -2.168100e-01  9.762138e-01 -2.604148e-16
   outer loop
     vertex -2.301236e+00  9.731614e+00  2.000000e+01
     vertex -2.034560e+00  9.790841e+00  2.000000e+01
     vertex -2.034560e+00  9.790841e+00 -2.174003e-15
   endloop
 endfacet
 facet normal -2.433942e-01  9.699274e-01 -2.584406e-16
   outer loop
     vertex -2.566194e+00  9.665125e+00  2.000000e+01
     vertex -2.301236e+00  9.731614e+00  2.000000e+01
     vertex -2.566194e+00  9.665125e+00 -2.146089e-15
   endloop
 endfacet
 facet normal -2.697968e-01  9.629173e-01 -2.563927e-16
   outer loop
     vertex -2.829238e+00  9.591424e+00  2.000000e+01
     vertex -2.566194e+00  9.665125e+00  2.000000e+01
     vertex -2.566194e+00  9.665125e+00 -2.146089e-15
   endloop
 endfacet
 facet normal -2.697968e-01  9.629173e-01 -2.565727e-16
   outer loop
     vertex -2.829238e+00  9.591424e+00  2.000000e+01
     vertex -2.566194e+00  9.665125e+00 -2.146089e-15
     vertex -2.829238e+00  9.591424e+00 -2.129724e-15
   endloop
 endfacet
 facet normal -2.959980e-01  9.551886e-01 -2.546857e-16
   outer loop
     vertex -3.090170e+00  9.510565e+00  2.000000e+01
     vertex -2.829238e+00  9.591424e+00  2.000000e+01
     vertex -2.829238e+00  9.591424e+00 -2.129724e-15
   endloop
 endfacet
 facet normal -2.959980e-01  9.551886e-01 -2.545134e-16
   outer loop
     vertex -3.090170e+00  9.510565e+00  2.000000e+01
     vertex -2.829238e+00  9.591424e+00 -2.129724e-15
     vertex -3.090170e+00  9.510565e+00 -2.111770e-15
   endloop
 endfacet
 facet normal -3.219783e-01  9.467470e-01 -2.522641e-16
   outer loop
     vertex -3.090170e+00  9.510565e+00  2.000000e+01
     vertex -3.090170e+00  9.510565e+00 -2.111770e-15
     vertex -3.348796e+00  9.422609e+00 -2.092240e-15
   endloop
 endfacet
 facet normal -3.219783e-01  9.467470e-01 -2.522641e-16
   outer loop
     vertex -3.348796e+00  9.422609e+00  2.000000e+01
     vertex -3.090170e+00  9.510565e+00  2.000000e+01
     vertex -3.348796e+00  9.422609e+00 -2.092240e-15
   endloop
 endfacet
 facet normal -3.477184e-01  9.375990e-01 -2.498266e-16
   outer loop
     vertex -3.348796e+00  9.422609e+00  2.000000e+01
     vertex -3.348796e+00  9.422609e+00 -2.092240e-15
     vertex -3.604923e+00  9.327622e+00 -2.071148e-15
   endloop
 endfacet
 facet normal -3.477184e-01  9.375990e-01 -2.498266e-16
   outer loop
     vertex -3.604923e+00  9.327622e+00  2.000000e+01
     vertex -3.348796e+00  9.422609e+00  2.000000e+01
     vertex -3.604923e+00  9.327622e+00 -2.071148e-15
   endloop
 endfacet
 facet normal -3.731990e-01  9.277513e-01 -2.472424e-16
   outer loop
     vertex -3.858360e+00  9.225674e+00  2.000000e+01
     vertex -3.604923e+00  9.327622e+00  2.000000e+01
     vertex -3.604923e+00  9.327622e+00 -2.071148e-15
   endloop
 endfacet
 facet normal -3.731990e-01  9.277513e-01 -2.472026e-16
   outer loop
     vertex -3.858360e+00  9.225674e+00  2.000000e+01
     vertex -3.604923e+00  9.327622e+00 -2.071148e-15
     vertex -3.858360e+00  9.225674e+00 -2.048511e-15
   endloop
 endfacet
 facet normal -3.984011e-01  9.172113e-01 -2.445677e-16
   outer loop
     vertex -4.108918e+00  9.116841e+00  2.000000e+01
     vertex -3.858360e+00  9.225674e+00  2.000000e+01
     vertex -3.858360e+00  9.225674e+00 -2.048511e-15
   endloop
 endfacet
 facet normal -3.984011e-01  9.172113e-01 -2.443942e-16
   outer loop
     vertex -4.108918e+00  9.116841e+00  2.000000e+01
     vertex -3.858360e+00  9.225674e+00 -2.048511e-15
     vertex -4.108918e+00  9.116841e+00 -2.024345e-15
   endloop
 endfacet
 facet normal -4.233059e-01  9.059868e-01 -2.414034e-16
   outer loop
     vertex -4.108918e+00  9.116841e+00  2.000000e+01
     vertex -4.108918e+00  9.116841e+00 -2.024345e-15
     vertex -4.356410e+00  9.001205e+00 -1.998669e-15
   endloop
 endfacet
 facet normal -4.233059e-01  9.059868e-01 -2.414034e-16
   outer loop
     vertex -4.356410e+00  9.001205e+00  2.000000e+01
     vertex -4.108918e+00  9.116841e+00  2.000000e+01
     vertex -4.356410e+00  9.001205e+00 -1.998669e-15
   endloop
 endfacet
 facet normal -4.478948e-01  8.940863e-01 -2.382186e-16
   outer loop
     vertex -4.600650e+00  8.878852e+00  2.000000e+01
     vertex -4.356410e+00  9.001205e+00  2.000000e+01
     vertex -4.356410e+00  9.001205e+00 -1.998669e-15
   endloop
 endfacet
 facet normal -4.478948e-01  8.940863e-01 -2.382324e-16
   outer loop
     vertex -4.600650e+00  8.878852e+00  2.000000e+01
     vertex -4.356410e+00  9.001205e+00 -1.998669e-15
     vertex -4.600650e+00  8.878852e+00 -1.971501e-15
   endloop
 endfacet
 facet normal -4.721495e-01  8.815185e-01 -2.349300e-16
   outer loop
     vertex -4.841458e+00  8.749873e+00  2.000000e+01
     vertex -4.600650e+00  8.878852e+00  2.000000e+01
     vertex -4.600650e+00  8.878852e+00 -1.971501e-15
   endloop
 endfacet
 facet normal -4.721495e-01  8.815185e-01 -2.348837e-16
   outer loop
     vertex -4.841458e+00  8.749873e+00  2.000000e+01
     vertex -4.600650e+00  8.878852e+00 -1.971501e-15
     vertex -4.841458e+00  8.749873e+00 -1.942862e-15
   endloop
 endfacet
 facet normal -4.960518e-01  8.682929e-01 -2.312213e-16
   outer loop
     vertex -5.078652e+00  8.614365e+00  2.000000e+01
     vertex -4.841458e+00  8.749873e+00  2.000000e+01
     vertex -4.841458e+00  8.749873e+00 -1.942862e-15
   endloop
 endfacet
 facet normal -4.960518e-01  8.682929e-01 -2.313597e-16
   outer loop
     vertex -5.078652e+00  8.614365e+00  2.000000e+01
     vertex -4.841458e+00  8.749873e+00 -1.942862e-15
     vertex -5.078652e+00  8.614365e+00 -1.912773e-15
   endloop
 endfacet
 facet normal -5.195840e-01  8.544194e-01 -2.279820e-16
   outer loop
     vertex -5.312057e+00  8.472429e+00  2.000000e+01
     vertex -5.078652e+00  8.614365e+00  2.000000e+01
     vertex -5.078652e+00  8.614365e+00 -1.912773e-15
   endloop
 endfacet
 facet normal -5.195840e-01  8.544194e-01 -2.276631e-16
   outer loop
     vertex -5.312057e+00  8.472429e+00  2.000000e+01
     vertex -5.078652e+00  8.614365e+00 -1.912773e-15
     vertex -5.312057e+00  8.472429e+00 -1.881257e-15
   endloop
 endfacet
 facet normal -5.427284e-01  8.399083e-01 -2.236345e-16
   outer loop
     vertex -5.541498e+00  8.324170e+00  2.000000e+01
     vertex -5.312057e+00  8.472429e+00  2.000000e+01
     vertex -5.312057e+00  8.472429e+00 -1.881257e-15
   endloop
 endfacet
 facet normal -5.427284e-01  8.399083e-01 -2.237965e-16
   outer loop
     vertex -5.541498e+00  8.324170e+00  2.000000e+01
     vertex -5.312057e+00  8.472429e+00 -1.881257e-15
     vertex -5.541498e+00  8.324170e+00 -1.848337e-15
   endloop
 endfacet
 facet normal -5.654678e-01  8.247704e-01 -2.196222e-16
   outer loop
     vertex -5.766803e+00  8.169699e+00  2.000000e+01
     vertex -5.541498e+00  8.324170e+00  2.000000e+01
     vertex -5.541498e+00  8.324170e+00 -1.848337e-15
   endloop
 endfacet
 facet normal -5.654678e-01  8.247704e-01 -2.197630e-16
   outer loop
     vertex -5.766803e+00  8.169699e+00  2.000000e+01
     vertex -5.541498e+00  8.324170e+00 -1.848337e-15
     vertex -5.766803e+00  8.169699e+00 -1.814038e-15
   endloop
 endfacet
 facet normal -5.877853e-01  8.090170e-01 -2.150512e-16
   outer loop
     vertex -5.987805e+00  8.009132e+00  2.000000e+01
     vertex -5.766803e+00  8.169699e+00  2.000000e+01
     vertex -5.766803e+00  8.169699e+00 -1.814038e-15
   endloop
 endfacet
 facet normal -5.877853e-01  8.090170e-01 -2.155654e-16
   outer loop
     vertex -5.987805e+00  8.009132e+00  2.000000e+01
     vertex -5.766803e+00  8.169699e+00 -1.814038e-15
     vertex -5.987805e+00  8.009132e+00 -1.778384e-15
   endloop
 endfacet
 facet normal -6.096641e-01  7.926599e-01 -2.112070e-16
   outer loop
     vertex -5.987805e+00  8.009132e+00  2.000000e+01
     vertex -5.987805e+00  8.009132e+00 -1.778384e-15
     vertex -6.204339e+00  7.842588e+00 -1.741404e-15
   endloop
 endfacet
 facet normal -6.096641e-01  7.926599e-01 -1.760059e-16
   outer loop
     vertex -6.204339e+00  7.842588e+00  2.000000e+01
     vertex -5.987805e+00  8.009132e+00  2.000000e+01
     vertex -6.204339e+00  7.842588e+00 -1.741404e-15
   endloop
 endfacet
 facet normal -6.310879e-01  7.757113e-01 -1.722425e-16
   outer loop
     vertex -6.204339e+00  7.842588e+00  2.000000e+01
     vertex -6.204339e+00  7.842588e+00 -1.741404e-15
     vertex -6.416243e+00  7.670191e+00 -1.703125e-15
   endloop
 endfacet
 facet normal -6.310879e-01  7.757113e-01 -1.722425e-16
   outer loop
     vertex -6.416243e+00  7.670191e+00  2.000000e+01
     vertex -6.204339e+00  7.842588e+00  2.000000e+01
     vertex -6.416243e+00  7.670191e+00 -1.703125e-15
   endloop
 endfacet
 facet normal -6.520409e-01  7.581838e-01 -1.684520e-16
   outer loop
     vertex -6.623358e+00  7.492071e+00  2.000000e+01
     vertex -6.416243e+00  7.670191e+00  2.000000e+01
     vertex -6.416243e+00  7.670191e+00 -1.703125e-15
   endloop
 endfacet
 facet normal -6.520409e-01  7.581838e-01 -1.683506e-16
   outer loop
     vertex -6.623358e+00  7.492071e+00  2.000000e+01
     vertex -6.416243e+00  7.670191e+00 -1.703125e-15
     vertex -6.623358e+00  7.492071e+00 -1.663574e-15
   endloop
 endfacet
 facet normal -6.725072e-01  7.400906e-01 -1.643331e-16
   outer loop
     vertex -6.623358e+00  7.492071e+00  2.000000e+01
     vertex -6.623358e+00  7.492071e+00 -1.663574e-15
     vertex -6.825531e+00  7.308360e+00 -1.622782e-15
   endloop
 endfacet
 facet normal -6.725072e-01  7.400906e-01 -1.643331e-16
   outer loop
     vertex -6.825531e+00  7.308360e+00  2.000000e+01
     vertex -6.623358e+00  7.492071e+00  2.000000e+01
     vertex -6.825531e+00  7.308360e+00 -1.622782e-15
   endloop
 endfacet
 facet normal -6.924717e-01  7.214450e-01 -1.604092e-16
   outer loop
     vertex -7.022611e+00  7.119195e+00  2.000000e+01
     vertex -6.825531e+00  7.308360e+00  2.000000e+01
     vertex -6.825531e+00  7.308360e+00 -1.622782e-15
   endloop
 endfacet
 facet normal -6.924717e-01  7.214450e-01 -1.601930e-16
   outer loop
     vertex -7.022611e+00  7.119195e+00  2.000000e+01
     vertex -6.825531e+00  7.308360e+00 -1.622782e-15
     vertex -7.022611e+00  7.119195e+00 -1.580779e-15
   endloop
 endfacet
 facet normal -7.119195e-01  7.022611e-01 -1.561170e-16
   outer loop
     vertex -7.214450e+00  6.924717e+00  2.000000e+01
     vertex -7.022611e+00  7.119195e+00  2.000000e+01
     vertex -7.022611e+00  7.119195e+00 -1.580779e-15
   endloop
 endfacet
 facet normal -7.119195e-01  7.022611e-01 -1.559333e-16
   outer loop
     vertex -7.214450e+00  6.924717e+00  2.000000e+01
     vertex -7.022611e+00  7.119195e+00 -1.580779e-15
     vertex -7.214450e+00  6.924717e+00 -1.537596e-15
   endloop
 endfacet
 facet normal -7.308360e-01  6.825531e-01 -1.512947e-16
   outer loop
     vertex -7.400906e+00  6.725072e+00  2.000000e+01
     vertex -7.214450e+00  6.924717e+00  2.000000e+01
     vertex -7.214450e+00  6.924717e+00 -1.537596e-15
   endloop
 endfacet
 facet normal -7.308360e-01  6.825531e-01 -1.515572e-16
   outer loop
     vertex -7.400906e+00  6.725072e+00  2.000000e+01
     vertex -7.214450e+00  6.924717e+00 -1.537596e-15
     vertex -7.400906e+00  6.725072e+00 -1.493266e-15
   endloop
 endfacet
 facet normal -7.492071e-01  6.623358e-01 -1.470681e-16
   outer loop
     vertex -7.581838e+00  6.520409e+00  2.000000e+01
     vertex -7.400906e+00  6.725072e+00 -1.493266e-15
     vertex -7.581838e+00  6.520409e+00 -1.447822e-15
   endloop
 endfacet
 facet normal -7.492071e-01  6.623358e-01 -1.466984e-16
   outer loop
     vertex -7.581838e+00  6.520409e+00  2.000000e+01
     vertex -7.400906e+00  6.725072e+00  2.000000e+01
     vertex -7.400906e+00  6.725072e+00 -1.493266e-15
   endloop
 endfacet
 facet normal -7.670191e-01  6.416243e-01 -1.424692e-16
   outer loop
     vertex -7.757113e+00  6.310879e+00  2.000000e+01
     vertex -7.581838e+00  6.520409e+00 -1.447822e-15
     vertex -7.757113e+00  6.310879e+00 -1.401297e-15
   endloop
 endfacet
 facet normal -7.670191e-01  6.416243e-01 -1.422784e-16
   outer loop
     vertex -7.757113e+00  6.310879e+00  2.000000e+01
     vertex -7.581838e+00  6.520409e+00  2.000000e+01
     vertex -7.581838e+00  6.520409e+00 -1.447822e-15
   endloop
 endfacet
 facet normal -7.842588e-01  6.204339e-01 -1.377640e-16
   outer loop
     vertex -7.926599e+00  6.096641e+00  2.000000e+01
     vertex -7.757113e+00  6.310879e+00 -1.401297e-15
     vertex -7.926599e+00  6.096641e+00 -1.353726e-15
   endloop
 endfacet
 facet normal -7.842588e-01  6.204339e-01 -1.379497e-16
   outer loop
     vertex -7.926599e+00  6.096641e+00  2.000000e+01
     vertex -7.757113e+00  6.310879e+00  2.000000e+01
     vertex -7.757113e+00  6.310879e+00 -1.401297e-15
   endloop
 endfacet
 facet normal -8.009132e-01  5.987805e-01 -1.329560e-16
   outer loop
     vertex -8.090170e+00  5.877853e+00  2.000000e+01
     vertex -7.926599e+00  6.096641e+00 -1.353726e-15
     vertex -8.090170e+00  5.877853e+00 -1.305145e-15
   endloop
 endfacet
 facet normal -8.009132e-01  5.987805e-01 -1.326019e-16
   outer loop
     vertex -8.090170e+00  5.877853e+00  2.000000e+01
     vertex -7.926599e+00  6.096641e+00  2.000000e+01
     vertex -7.926599e+00  6.096641e+00 -1.353726e-15
   endloop
 endfacet
 facet normal -8.169699e-01  5.766803e-01 -1.278139e-16
   outer loop
     vertex -8.247704e+00  5.654678e+00  2.000000e+01
     vertex -8.090170e+00  5.877853e+00  2.000000e+01
     vertex -8.090170e+00  5.877853e+00 -1.305145e-15
   endloop
 endfacet
 facet normal -8.169699e-01  5.766803e-01 -1.280488e-16
   outer loop
     vertex -8.247704e+00  5.654678e+00  2.000000e+01
     vertex -8.090170e+00  5.877853e+00 -1.305145e-15
     vertex -8.247704e+00  5.654678e+00 -1.255591e-15
   endloop
 endfacet
 facet normal -8.324170e-01  5.541498e-01 -1.231226e-16
   outer loop
     vertex -8.399083e+00  5.427284e+00  2.000000e+01
     vertex -8.247704e+00  5.654678e+00  2.000000e+01
     vertex -8.247704e+00  5.654678e+00 -1.255591e-15
   endloop
 endfacet
 facet normal -8.324170e-01  5.541498e-01 -1.230460e-16
   outer loop
     vertex -8.399083e+00  5.427284e+00  2.000000e+01
     vertex -8.247704e+00  5.654678e+00 -1.255591e-15
     vertex -8.399083e+00  5.427284e+00 -1.205099e-15
   endloop
 endfacet
 facet normal -8.472429e-01  5.312057e-01 -1.180150e-16
   outer loop
     vertex -8.544194e+00  5.195840e+00  2.000000e+01
     vertex -8.399083e+00  5.427284e+00  2.000000e+01
     vertex -8.399083e+00  5.427284e+00 -1.205099e-15
   endloop
 endfacet
 facet normal -8.472429e-01  5.312057e-01 -1.179514e-16
   outer loop
     vertex -8.544194e+00  5.195840e+00  2.000000e+01
     vertex -8.399083e+00  5.427284e+00 -1.205099e-15
     vertex -8.544194e+00  5.195840e+00 -1.153708e-15
   endloop
 endfacet
 facet normal -8.614365e-01  5.078652e-01 -1.130773e-16
   outer loop
     vertex -8.682929e+00  4.960518e+00  2.000000e+01
     vertex -8.544194e+00  5.195840e+00  2.000000e+01
     vertex -8.544194e+00  5.195840e+00 -1.153708e-15
   endloop
 endfacet
 facet normal -8.614365e-01  5.078652e-01 -1.127687e-16
   outer loop
     vertex -8.682929e+00  4.960518e+00  2.000000e+01
     vertex -8.544194e+00  5.195840e+00 -1.153708e-15
     vertex -8.682929e+00  4.960518e+00 -1.101456e-15
   endloop
 endfacet
 facet normal -8.749873e-01  4.841458e-01 -1.076639e-16
   outer loop
     vertex -8.815185e+00  4.721495e+00  2.000000e+01
     vertex -8.682929e+00  4.960518e+00  2.000000e+01
     vertex -8.682929e+00  4.960518e+00 -1.101456e-15
   endloop
 endfacet
 facet normal -8.749873e-01  4.841458e-01 -1.075020e-16
   outer loop
     vertex -8.815185e+00  4.721495e+00  2.000000e+01
     vertex -8.682929e+00  4.960518e+00 -1.101456e-15
     vertex -8.815185e+00  4.721495e+00 -1.048382e-15
   endloop
 endfacet
 facet normal -8.878852e-01  4.600650e-01 -1.021807e-16
   outer loop
     vertex -8.940863e+00  4.478948e+00  2.000000e+01
     vertex -8.815185e+00  4.721495e+00  2.000000e+01
     vertex -8.815185e+00  4.721495e+00 -1.048382e-15
   endloop
 endfacet
 facet normal -8.878852e-01  4.600650e-01 -1.021550e-16
   outer loop
     vertex -8.940863e+00  4.478948e+00  2.000000e+01
     vertex -8.815185e+00  4.721495e+00 -1.048382e-15
     vertex -8.940863e+00  4.478948e+00 -9.945262e-16
   endloop
 endfacet
 facet normal -9.001205e-01  4.356410e-01 -9.672567e-17
   outer loop
     vertex -9.059868e+00  4.233059e+00  2.000000e+01
     vertex -8.940863e+00  4.478948e+00  2.000000e+01
     vertex -8.940863e+00  4.478948e+00 -9.945262e-16
   endloop
 endfacet
 facet normal -9.001205e-01  4.356410e-01 -9.673173e-17
   outer loop
     vertex -9.059868e+00  4.233059e+00  2.000000e+01
     vertex -8.940863e+00  4.478948e+00 -9.945262e-16
     vertex -9.059868e+00  4.233059e+00 -9.399279e-16
   endloop
 endfacet
 facet normal -9.116841e-01  4.108918e-01 -9.147064e-17
   outer loop
     vertex -9.172113e+00  3.984011e+00  2.000000e+01
     vertex -9.059868e+00  4.233059e+00  2.000000e+01
     vertex -9.059868e+00  4.233059e+00 -9.399279e-16
   endloop
 endfacet
 facet normal -9.116841e-01  4.108918e-01 -9.123631e-17
   outer loop
     vertex -9.172113e+00  3.984011e+00  2.000000e+01
     vertex -9.059868e+00  4.233059e+00 -9.399279e-16
     vertex -9.172113e+00  3.984011e+00 -8.846281e-16
   endloop
 endfacet
 facet normal -9.225674e-01  3.858360e-01 -8.567281e-17
   outer loop
     vertex -9.277513e+00  3.731990e+00  2.000000e+01
     vertex -9.172113e+00  3.984011e+00 -8.846281e-16
     vertex -9.277513e+00  3.731990e+00 -8.286682e-16
   endloop
 endfacet
 facet normal -9.225674e-01  3.858360e-01 -8.537910e-17
   outer loop
     vertex -9.277513e+00  3.731990e+00  2.000000e+01
     vertex -9.172113e+00  3.984011e+00  2.000000e+01
     vertex -9.172113e+00  3.984011e+00 -8.846281e-16
   endloop
 endfacet
 facet normal -9.327622e-01  3.604923e-01 -8.004538e-17
   outer loop
     vertex -9.375990e+00  3.477184e+00  2.000000e+01
     vertex -9.277513e+00  3.731990e+00 -8.286682e-16
     vertex -9.375990e+00  3.477184e+00 -7.720900e-16
   endloop
 endfacet
 facet normal -9.327622e-01  3.604923e-01 -7.977391e-17
   outer loop
     vertex -9.375990e+00  3.477184e+00  2.000000e+01
     vertex -9.277513e+00  3.731990e+00  2.000000e+01
     vertex -9.277513e+00  3.731990e+00 -8.286682e-16
   endloop
 endfacet
 facet normal -9.422609e-01  3.348796e-01 -7.435821e-17
   outer loop
     vertex -9.467470e+00  3.219783e+00  2.000000e+01
     vertex -9.375990e+00  3.477184e+00 -7.720900e-16
     vertex -9.467470e+00  3.219783e+00 -7.149355e-16
   endloop
 endfacet
 facet normal -9.422609e-01  3.348796e-01 -7.405330e-17
   outer loop
     vertex -9.467470e+00  3.219783e+00  2.000000e+01
     vertex -9.375990e+00  3.477184e+00  2.000000e+01
     vertex -9.375990e+00  3.477184e+00 -7.720900e-16
   endloop
 endfacet
 facet normal -9.510565e-01  3.090170e-01 -6.861556e-17
   outer loop
     vertex -9.551886e+00  2.959980e+00  2.000000e+01
     vertex -9.467470e+00  3.219783e+00 -7.149355e-16
     vertex -9.551886e+00  2.959980e+00 -6.572476e-16
   endloop
 endfacet
 facet normal -9.510565e-01  3.090170e-01 -6.867551e-17
   outer loop
     vertex -9.551886e+00  2.959980e+00  2.000000e+01
     vertex -9.467470e+00  3.219783e+00  2.000000e+01
     vertex -9.467470e+00  3.219783e+00 -7.149355e-16
   endloop
 endfacet
 facet normal -9.591424e-01  2.829238e-01 -6.282170e-17
   outer loop
     vertex -9.629173e+00  2.697968e+00  2.000000e+01
     vertex -9.551886e+00  2.959980e+00 -6.572476e-16
     vertex -9.629173e+00  2.697968e+00 -5.990692e-16
   endloop
 endfacet
 facet normal -9.591424e-01  2.829238e-01 -6.300932e-17
   outer loop
     vertex -9.629173e+00  2.697968e+00  2.000000e+01
     vertex -9.551886e+00  2.959980e+00  2.000000e+01
     vertex -9.551886e+00  2.959980e+00 -6.572476e-16
   endloop
 endfacet
 facet normal -9.665125e-01  2.566194e-01 -5.698096e-17
   outer loop
     vertex -9.699274e+00  2.433942e+00  2.000000e+01
     vertex -9.629173e+00  2.697968e+00 -5.990692e-16
     vertex -9.699274e+00  2.433942e+00 -5.404437e-16
   endloop
 endfacet
 facet normal -9.731614e-01  2.301236e-01 -5.109770e-17
   outer loop
     vertex -9.699274e+00  2.433942e+00  2.000000e+01
     vertex -9.699274e+00  2.433942e+00 -5.404437e-16
     vertex -9.762138e+00  2.168100e+00 -4.814150e-16
   endloop
 endfacet
 facet normal -9.665125e-01  2.566194e-01 -5.666631e-17
   outer loop
     vertex -9.699274e+00  2.433942e+00  2.000000e+01
     vertex -9.629173e+00  2.697968e+00  2.000000e+01
     vertex -9.629173e+00  2.697968e+00 -5.990692e-16
   endloop
 endfacet
 facet normal -9.731614e-01  2.301236e-01 -5.109770e-17
   outer loop
     vertex -9.762138e+00  2.168100e+00  2.000000e+01
     vertex -9.699274e+00  2.433942e+00  2.000000e+01
     vertex -9.762138e+00  2.168100e+00 -4.814150e-16
   endloop
 endfacet
 facet normal -9.790841e-01  2.034560e-01 -4.517631e-17
   outer loop
     vertex -9.817717e+00  1.900640e+00  2.000000e+01
     vertex -9.762138e+00  2.168100e+00 -4.814150e-16
     vertex -9.817717e+00  1.900640e+00 -4.220270e-16
   endloop
 endfacet
 facet normal -9.842761e-01  1.766366e-01 -3.922121e-17
   outer loop
     vertex -9.817717e+00  1.900640e+00  2.000000e+01
     vertex -9.817717e+00  1.900640e+00 -4.220270e-16
     vertex -9.865969e+00  1.631762e+00 -3.623240e-16
   endloop
 endfacet
 facet normal -9.790841e-01  2.034560e-01 -4.531717e-17
   outer loop
     vertex -9.817717e+00  1.900640e+00  2.000000e+01
     vertex -9.762138e+00  2.168100e+00  2.000000e+01
     vertex -9.762138e+00  2.168100e+00 -4.814150e-16
   endloop
 endfacet
 facet normal -9.842761e-01  1.766366e-01 -3.922121e-17
   outer loop
     vertex -9.865969e+00  1.631762e+00  2.000000e+01
     vertex -9.817717e+00  1.900640e+00  2.000000e+01
     vertex -9.865969e+00  1.631762e+00 -3.623240e-16
   endloop
 endfacet
 facet normal -9.887337e-01  1.496854e-01 -3.323684e-17
   outer loop
     vertex -9.906859e+00  1.361666e+00  2.000000e+01
     vertex -9.865969e+00  1.631762e+00 -3.623240e-16
     vertex -9.906859e+00  1.361666e+00 -3.023507e-16
   endloop
 endfacet
 facet normal -9.887337e-01  1.496854e-01 -3.314379e-17
   outer loop
     vertex -9.906859e+00  1.361666e+00  2.000000e+01
     vertex -9.865969e+00  1.631762e+00  2.000000e+01
     vertex -9.865969e+00  1.631762e+00 -3.623240e-16
   endloop
 endfacet
 facet normal -9.924534e-01  1.226225e-01 -2.722766e-17
   outer loop
     vertex -9.940357e+00  1.090555e+00  2.000000e+01
     vertex -9.906859e+00  1.361666e+00 -3.023507e-16
     vertex -9.940357e+00  1.090555e+00 -2.421518e-16
   endloop
 endfacet
 facet normal -9.924534e-01  1.226225e-01 -2.714931e-17
   outer loop
     vertex -9.940357e+00  1.090555e+00  2.000000e+01
     vertex -9.906859e+00  1.361666e+00  2.000000e+01
     vertex -9.906859e+00  1.361666e+00 -3.023507e-16
   endloop
 endfacet
 facet normal -9.954325e-01  9.546807e-02 -2.119817e-17
   outer loop
     vertex -9.966436e+00  8.186288e-01  2.000000e+01
     vertex -9.940357e+00  1.090555e+00 -2.421518e-16
     vertex -9.966436e+00  8.186288e-01 -1.817721e-16
   endloop
 endfacet
 facet normal -9.954325e-01  9.546807e-02 -2.124191e-17
   outer loop
     vertex -9.966436e+00  8.186288e-01  2.000000e+01
     vertex -9.940357e+00  1.090555e+00  2.000000e+01
     vertex -9.940357e+00  1.090555e+00 -2.421518e-16
   endloop
 endfacet
 facet normal -9.976688e-01  6.824241e-02 -1.515286e-17
   outer loop
     vertex -9.985078e+00  5.460922e-01  2.000000e+01
     vertex -9.966436e+00  8.186288e-01 -1.817721e-16
     vertex -9.985078e+00  5.460922e-01 -1.212568e-16
   endloop
 endfacet
 facet normal -9.991605e-01  4.096583e-02 -9.096241e-18
   outer loop
     vertex -9.985078e+00  5.460922e-01  2.000000e+01
     vertex -9.985078e+00  5.460922e-01 -1.212568e-16
     vertex -9.996269e+00  2.731480e-01 -6.065104e-17
   endloop
 endfacet
 facet normal -9.976688e-01  6.824241e-02 -1.519331e-17
   outer loop
     vertex -9.985078e+00  5.460922e-01  2.000000e+01
     vertex -9.966436e+00  8.186288e-01  2.000000e+01
     vertex -9.966436e+00  8.186288e-01 -1.817721e-16
   endloop
 endfacet
 facet normal -9.999067e-01  1.365867e-02 -3.032835e-18
   outer loop
     vertex -9.996269e+00  2.731480e-01  2.000000e+01
     vertex -9.996269e+00  2.731480e-01 -6.065104e-17
     vertex -1.000000e+01  1.224647e-15 -2.719262e-31
   endloop
 endfacet
 facet normal -9.991605e-01  4.096583e-02 -9.096241e-18
   outer loop
     vertex -9.996269e+00  2.731480e-01  2.000000e+01
     vertex -9.985078e+00  5.460922e-01  2.000000e+01
     vertex -9.996269e+00  2.731480e-01 -6.065104e-17
   endloop
 endfacet
 facet normal -9.999067e-01  1.365867e-02 -3.032835e-18
   outer loop
     vertex -1.000000e+01  5.665539e-15  2.000000e+01
     vertex -9.996269e+00  2.731480e-01  2.000000e+01
     vertex -1.000000e+01  1.224647e-15 -2.719262e-31
   endloop
 endfacet
 facet normal  0.000000e+00  0.000000e+00  1.000000e+00
   outer loop
     vertex -5.997761e+00  1.638888e-01  2.000000e+01
     vertex -9.996269e+00  2.731480e-01  2.000000e+01
     vertex -1.000000e+01  5.665539e-15  2.000000e+01
   endloop
 endfacet
 facet normal  0.000000e+00  0.000000e+00  1.000000e+00
   outer loop
     vertex -5.997761e+00  1.638888e-01  2.000000e+01
     vertex -1.000000e+01  5.665539e-15  2.000000e+01
     vertex -6.000000e+00  5.175680e-15  2.000000e+01
   endloop
 endfacet
 facet normal  0.000000e+00  0.000000e+00  1.000000e+00
   outer loop
     vertex -5.991047e+00  3.276553e-01  2.000000e+01
     vertex -9.966436e+00  8.186288e-01  2.000000e+01
     vertex -9.985078e+00  5.460922e-01  2.000000e+01
   endloop
 endfacet
 facet normal  0.000000e+00  0.000000e+00  1.000000e+00
   outer loop
     vertex -5.991047e+00  3.276553e-01  2.000000e+01
     vertex -9.985078e+00  5.460922e-01  2.000000e+01
     vertex -9.996269e+00  2.731480e-01  2.000000e+01
   endloop
 endfacet
 facet normal  0.000000e+00  0.000000e+00  1.000000e+00
   outer loop
     vertex -5.991047e+00  3.276553e-01  2.000000e+01
     vertex -9.996269e+00  2.731480e-01  2.000000e+01
     vertex -5.997761e+00  1.638888e-01  2.000000e+01
   endloop
 endfacet
 facet normal  0.000000e+00  0.000000e+00  1.000000e+00
   outer loop
     vertex -5.979862e+00  4.911773e-01  2.000000e+01
     vertex -9.966436e+00  8.186288e-01  2.000000e+01
     vertex -5.991047e+00  3.276553e-01  2.000000e+01
   endloop
 endfacet
 facet normal  0.000000e+00  0.000000e+00  1.000000e+00
   outer loop
     vertex -5.964214e+00  6.543327e-01  2.000000e+01
     vertex -9.940357e+00  1.090555e+00  2.000000e+01
     vertex -9.966436e+00  8.186288e-01  2.000000e+01
   endloop
 endfacet
 facet normal  0.000000e+00  0.000000e+00  1.000000e+00
   outer loop
     vertex -5.964214e+00  6.543327e-01  2.000000e+01
     vertex -9.966436e+00  8.186288e-01  2.000000e+01
     vertex -5.979862e+00  4.911773e-01  2.000000e+01
   endloop
 endfacet
 facet normal  0.000000e+00  0.000000e+00  1.000000e+00
   outer loop
     vertex -5.944116e+00  8.169999e-01  2.000000e+01
     vertex -9.906859e+00  1.361666e+00  2.000000e+01
     vertex -9.940357e+00  1.090555e+00  2.000000e+01
   endloop
 endfacet
 facet normal  0.000000e+00  0.000000e+00  1.000000e+00
   outer loop
     vertex -5.944116e+00  8.169999e-01  2.000000e+01
     vertex -9.940357e+00  1.090555e+00  2.000000e+01
     vertex -5.964214e+00  6.543327e-01  2.000000e+01
   endloop
 endfacet
 facet normal  0.000000e+00  0.000000e+00  1.000000e+00
   outer loop
     vertex -5.919582e+00  9.790574e-01  2.000000e+01
     vertex -9.865969e+00  1.631762e+00  2.000000e+01
     vertex -9.906859e+00  1.361666e+00  2.000000e+01
   endloop
 endfacet
 facet normal  0.000000e+00  0.000000e+00  1.000000e+00
   outer loop
     vertex -5.919582e+00  9.790574e-01  2.000000e+01
     vertex -9.906859e+00  1.361666e+00  2.000000e+01
     vertex -5.944116e+00  8.169999e-01  2.000000e+01
   endloop
 endfacet
 facet normal  0.000000e+00  0.000000e+00  1.000000e+00
   outer loop
     vertex -5.890630e+00  1.140384e+00  2.000000e+01
     vertex -9.762138e+00  2.168100e+00  2.000000e+01
     vertex -9.817717e+00  1.900640e+00  2.000000e+01
   endloop
 endfacet
 facet normal  0.000000e+00  0.000000e+00  1.000000e+00
   outer loop
     vertex -5.890630e+00  1.140384e+00  2.000000e+01
     vertex -9.817717e+00  1.900640e+00  2.000000e+01
     vertex -9.865969e+00  1.631762e+00  2.000000e+01
   endloop
 endfacet
 facet normal  0.000000e+00  0.000000e+00  1.000000e+00
   outer loop
     vertex -5.890630e+00  1.140384e+00  2.000000e+01
     vertex -9.865969e+00  1.631762e+00  2.000000e+01
     vertex -5.919582e+00  9.790574e-01  2.000000e+01
   endloop
 endfacet
 facet normal  0.000000e+00  0.000000e+00  1.000000e+00
   outer loop
     vertex -5.857283e+00  1.300860e+00  2.000000e+01
     vertex -9.762138e+00  2.168100e+00  2.000000e+01
     vertex -5.890630e+00  1.140384e+00  2.000000e+01
   endloop
 endfacet
 facet normal  0.000000e+00  0.000000e+00  1.000000e+00
   outer loop
     vertex -5.819565e+00  1.460365e+00  2.000000e+01
     vertex -9.629173e+00  2.697968e+00  2.000000e+01
     vertex -9.699274e+00  2.433942e+00  2.000000e+01
   endloop
 endfacet
 facet normal  0.000000e+00  0.000000e+00  1.000000e+00
   outer loop
     vertex -5.819565e+00  1.460365e+00  2.000000e+01
     vertex -9.699274e+00  2.433942e+00  2.000000e+01
     vertex -9.762138e+00  2.168100e+00  2.000000e+01
   endloop
 endfacet
 facet normal  0.000000e+00  0.000000e+00  1.000000e+00
   outer loop
     vertex -5.819565e+00  1.460365e+00  2.000000e+01
     vertex -9.762138e+00  2.168100e+00  2.000000e+01
     vertex -5.857283e+00  1.300860e+00  2.000000e+01
   endloop
 endfacet
 facet normal  0.000000e+00  0.000000e+00  1.000000e+00
   outer loop
     vertex -5.777504e+00  1.618781e+00  2.000000e+01
     vertex -9.629173e+00  2.697968e+00  2.000000e+01
     vertex -5.819565e+00  1.460365e+00  2.000000e+01
   endloop
 endfacet
 facet normal  0.000000e+00  0.000000e+00  1.000000e+00
   outer loop
     vertex -5.731131e+00  1.775988e+00  2.000000e+01
     vertex -9.551886e+00  2.959980e+00  2.000000e+01
     vertex -9.629173e+00  2.697968e+00  2.000000e+01
   endloop
 endfacet
 facet normal  0.000000e+00  0.000000e+00  1.000000e+00
   outer loop
     vertex -5.731131e+00  1.775988e+00  2.000000e+01
     vertex -9.629173e+00  2.697968e+00  2.000000e+01
     vertex -5.777504e+00  1.618781e+00  2.000000e+01
   endloop
 endfacet
 facet normal  0.000000e+00  0.000000e+00  1.000000e+00
   outer loop
     vertex -5.680482e+00  1.931870e+00  2.000000e+01
     vertex -9.467470e+00  3.219783e+00  2.000000e+01
     vertex -9.551886e+00  2.959980e+00  2.000000e+01
   endloop
 endfacet
 facet normal  0.000000e+00  0.000000e+00  1.000000e+00
   outer loop
     vertex -5.680482e+00  1.931870e+00  2.000000e+01
     vertex -9.551886e+00  2.959980e+00  2.000000e+01
     vertex -5.731131e+00  1.775988e+00  2.000000e+01
   endloop
 endfacet
 facet normal  0.000000e+00  0.000000e+00  1.000000e+00
   outer loop
     vertex -5.625594e+00  2.086310e+00  2.000000e+01
     vertex -9.375990e+00  3.477184e+00  2.000000e+01
     vertex -9.467470e+00  3.219783e+00  2.000000e+01
   endloop
 endfacet
 facet normal  0.000000e+00  0.000000e+00  1.000000e+00
   outer loop
     vertex -5.625594e+00  2.086310e+00  2.000000e+01
     vertex -9.467470e+00  3.219783e+00  2.000000e+01
     vertex -5.680482e+00  1.931870e+00  2.000000e+01
   endloop
 endfacet
 facet normal  0.000000e+00  0.000000e+00  1.000000e+00
   outer loop
     vertex -5.566508e+00  2.239194e+00  2.000000e+01
     vertex -9.277513e+00  3.731990e+00  2.000000e+01
     vertex -9.375990e+00  3.477184e+00  2.000000e+01
   endloop
 endfacet
 facet normal  0.000000e+00  0.000000e+00  1.000000e+00
   outer loop
     vertex -5.566508e+00  2.239194e+00  2.000000e+01
     vertex -9.375990e+00  3.477184e+00  2.000000e+01
     vertex -5.625594e+00  2.086310e+00  2.000000e+01
   endloop
 endfacet
 facet normal  0.000000e+00  0.000000e+00  1.000000e+00
   outer loop
     vertex -5.503268e+00  2.390407e+00  2.000000e+01
     vertex -9.172113e+00  3.984011e+00  2.000000e+01
     vertex -9.277513e+00  3.731990e+00  2.000000e+01
   endloop
 endfacet
 facet normal  0.000000e+00  0.000000e+00  1.000000e+00
   outer loop
     vertex -5.503268e+00  2.390407e+00  2.000000e+01
     vertex -9.277513e+00  3.731990e+00  2.000000e+01
     vertex -5.566508e+00  2.239194e+00  2.000000e+01
   endloop
 endfacet
 facet normal  0.000000e+00  0.000000e+00  1.000000e+00
   outer loop
     vertex -5.435921e+00  2.539835e+00  2.000000e+01
     vertex -9.172113e+00  3.984011e+00  2.000000e+01
     vertex -5.503268e+00  2.390407e+00  2.000000e+01
   endloop
 endfacet
 facet normal  0.000000e+00  0.000000e+00  1.000000e+00
   outer loop
     vertex -5.435921e+00  2.539835e+00  2.000000e+01
     vertex -9.059868e+00  4.233059e+00  2.000000e+01
     vertex -9.172113e+00  3.984011e+00  2.000000e+01
   endloop
 endfacet
 facet normal  0.000000e+00  0.000000e+00  1.000000e+00
   outer loop
     vertex -5.364518e+00  2.687369e+00  2.000000e+01
     vertex -9.059868e+00  4.233059e+00  2.000000e+01
     vertex -5.435921e+00  2.539835e+00  2.000000e+01
   endloop
 endfacet
 facet normal  0.000000e+00  0.000000e+00  1.000000e+00
   outer loop
     vertex -5.364518e+00  2.687369e+00  2.000000e+01
     vertex -8.940863e+00  4.478948e+00  2.000000e+01
     vertex -9.059868e+00  4.233059e+00  2.000000e+01
   endloop
 endfacet
 facet normal  0.000000e+00  0.000000e+00  1.000000e+00
   outer loop
     vertex -5.289111e+00  2.832897e+00  2.000000e+01
     vertex -8.940863e+00  4.478948e+00  2.000000e+01
     vertex -5.364518e+00  2.687369e+00  2.000000e+01
   endloop
 endfacet
 facet normal  0.000000e+00  0.000000e+00  1.000000e+00
   outer loop
     vertex -5.289111e+00  2.832897e+00  2.000000e+01
     vertex -8.815185e+00  4.721495e+00  2.000000e+01
     vertex -8.940863e+00  4.478948e+00  2.000000e+01
   endloop
 endfacet
 facet normal  0.000000e+00  0.000000e+00  1.000000e+00
   outer loop
     vertex -5.209758e+00  2.976311e+00  2.000000e+01
     vertex -8.815185e+00  4.721495e+00  2.000000e+01
     vertex -5.289111e+00  2.832897e+00  2.000000e+01
   endloop
 endfacet
 facet normal  0.000000e+00  0.000000e+00  1.000000e+00
   outer loop
     vertex -5.209758e+00  2.976311e+00  2.000000e+01
     vertex -8.544194e+00  5.195840e+00  2.000000e+01
     vertex -8.682929e+00  4.960518e+00  2.000000e+01
   endloop
 endfacet
 facet normal  0.000000e+00  0.000000e+00  1.000000e+00
   outer loop
     vertex -5.209758e+00  2.976311e+00  2.000000e+01
     vertex -8.682929e+00  4.960518e+00  2.000000e+01
     vertex -8.815185e+00  4.721495e+00  2.000000e+01
   endloop
 endfacet
 facet normal  0.000000e+00  0.000000e+00  1.000000e+00
   outer loop
     vertex -5.126516e+00  3.117504e+00  2.000000e+01
     vertex -8.544194e+00  5.195840e+00  2.000000e+01
     vertex -5.209758e+00  2.976311e+00  2.000000e+01
   endloop
 endfacet
 facet normal  0.000000e+00  0.000000e+00  1.000000e+00
   outer loop
     vertex -5.039450e+00  3.256370e+00  2.000000e+01
     vertex -8.544194e+00  5.195840e+00  2.000000e+01
     vertex -5.126516e+00  3.117504e+00  2.000000e+01
   endloop
 endfacet
 facet normal  0.000000e+00  0.000000e+00  1.000000e+00
   outer loop
     vertex -5.039450e+00  3.256370e+00  2.000000e+01
     vertex -8.247704e+00  5.654678e+00  2.000000e+01
     vertex -8.399083e+00  5.427284e+00  2.000000e+01
   endloop
 endfacet
 facet normal  0.000000e+00  0.000000e+00  1.000000e+00
   outer loop
     vertex -5.039450e+00  3.256370e+00  2.000000e+01
     vertex -8.399083e+00  5.427284e+00  2.000000e+01
     vertex -8.544194e+00  5.195840e+00  2.000000e+01
   endloop
 endfacet
 facet normal  0.000000e+00  0.000000e+00  1.000000e+00
   outer loop
     vertex -4.948622e+00  3.392807e+00  2.000000e+01
     vertex -8.247704e+00  5.654678e+00  2.000000e+01
     vertex -5.039450e+00  3.256370e+00  2.000000e+01
   endloop
 endfacet
 facet normal  0.000000e+00  0.000000e+00  1.000000e+00
   outer loop
     vertex -4.854102e+00  3.526712e+00  2.000000e+01
     vertex -8.247704e+00  5.654678e+00  2.000000e+01
     vertex -4.948622e+00  3.392807e+00  2.000000e+01
   endloop
 endfacet
 facet normal  0.000000e+00  0.000000e+00  1.000000e+00
   outer loop
     vertex -4.854102e+00  3.526712e+00  2.000000e+01
     vertex -8.090170e+00  5.877853e+00  2.000000e+01
     vertex -8.247704e+00  5.654678e+00  2.000000e+01
   endloop
 endfacet
 facet normal  0.000000e+00  0.000000e+00  1.000000e+00
   outer loop
     vertex -4.755959e+00  3.657984e+00  2.000000e+01
     vertex -8.090170e+00  5.877853e+00  2.000000e+01
     vertex -4.854102e+00  3.526712e+00  2.000000e+01
   endloop
 endfacet
 facet normal  0.000000e+00  0.000000e+00  1.000000e+00
   outer loop
     vertex -4.755959e+00  3.657984e+00  2.000000e+01
     vertex -7.926599e+00  6.096641e+00  2.000000e+01
     vertex -8.090170e+00  5.877853e+00  2.000000e+01
   endloop
 endfacet
 facet normal  0.000000e+00  0.000000e+00  1.000000e+00
   outer loop
     vertex -4.654268e+00  3.786528e+00  2.000000e+01
     vertex -7.926599e+00  6.096641e+00  2.000000e+01
     vertex -4.755959e+00  3.657984e+00  2.000000e+01
   endloop
 endfacet
 facet normal  0.000000e+00  0.000000e+00  1.000000e+00
   outer loop
     vertex -4.654268e+00  3.786528e+00  2.000000e+01
     vertex -7.757113e+00  6.310879e+00  2.000000e+01
     vertex -7.926599e+00  6.096641e+00  2.000000e+01
   endloop
 endfacet
 facet normal  0.000000e+00  0.000000e+00  1.000000e+00
   outer loop
     vertex -4.549103e+00  3.912245e+00  2.000000e+01
     vertex -7.757113e+00  6.310879e+00  2.000000e+01
     vertex -4.654268e+00  3.786528e+00  2.000000e+01
   endloop
 endfacet
 facet normal  0.000000e+00  0.000000e+00  1.000000e+00
   outer loop
     vertex -4.549103e+00  3.912245e+00  2.000000e+01
     vertex -7.581838e+00  6.520409e+00  2.000000e+01
     vertex -7.757113e+00  6.310879e+00  2.000000e+01
   endloop
 endfacet
 facet normal  0.000000e+00  0.000000e+00  1.000000e+00
   outer loop
     vertex -4.440543e+00  4.035043e+00  2.000000e+01
     vertex -7.581838e+00  6.520409e+00  2.000000e+01
     vertex -4.549103e+00  3.912245e+00  2.000000e+01
   endloop
 endfacet
 facet normal  0.000000e+00  0.000000e+00  1.000000e+00
   outer loop
     vertex -4.440543e+00  4.035043e+00  2.000000e+01
     vertex -7.400906e+00  6.725072e+00  2.000000e+01
     vertex -7.581838e+00  6.520409e+00  2.000000e+01
   endloop
 endfacet
 facet normal  0.000000e+00  0.000000e+00  1.000000e+00
   outer loop
     vertex -4.328670e+00  4.154830e+00  2.000000e+01
     vertex -7.400906e+00  6.725072e+00  2.000000e+01
     vertex -4.440543e+00  4.035043e+00  2.000000e+01
   endloop
 endfacet
 facet normal  0.000000e+00  0.000000e+00  1.000000e+00
   outer loop
     vertex -4.328670e+00  4.154830e+00  2.000000e+01
     vertex -7.214450e+00  6.924717e+00  2.000000e+01
     vertex -7.400906e+00  6.725072e+00  2.000000e+01
   endloop
 endfacet
 facet normal  0.000000e+00  0.000000e+00  1.000000e+00
   outer loop
     vertex -7.022611e+00  7.119195e+00  2.000000e+01
     vertex -4.328670e+00  4.154830e+00  2.000000e+01
     vertex -4.213567e+00  4.271517e+00  2.000000e+01
   endloop
 endfacet
 facet normal  0.000000e+00  0.000000e+00  1.000000e+00
   outer loop
     vertex -7.022611e+00  7.119195e+00  2.000000e+01
     vertex -7.214450e+00  6.924717e+00  2.000000e+01
     vertex -4.328670e+00  4.154830e+00  2.000000e+01
   endloop
 endfacet
 facet normal  0.000000e+00  0.000000e+00  1.000000e+00
   outer loop
     vertex -4.095319e+00  4.385016e+00  2.000000e+01
     vertex -7.022611e+00  7.119195e+00  2.000000e+01
     vertex -4.213567e+00  4.271517e+00  2.000000e+01
   endloop
 endfacet
 facet normal  0.000000e+00  0.000000e+00  1.000000e+00
   outer loop
     vertex -6.825531e+00  7.308360e+00  2.000000e+01
     vertex -7.022611e+00  7.119195e+00  2.000000e+01
     vertex -4.095319e+00  4.385016e+00  2.000000e+01
   endloop
 endfacet
 facet normal  0.000000e+00  0.000000e+00  1.000000e+00
   outer loop
     vertex -6.623358e+00  7.492071e+00  2.000000e+01
     vertex -6.825531e+00  7.308360e+00  2.000000e+01
     vertex -4.095319e+00  4.385016e+00  2.000000e+01
   endloop
 endfacet
 facet normal  0.000000e+00  0.000000e+00  1.000000e+00
   outer loop
     vertex -6.623358e+00  7.492071e+00  2.000000e+01
     vertex -4.095319e+00  4.385016e+00  2.000000e+01
     vertex -3.974015e+00  4.495242e+00  2.000000e+01
   endloop
 endfacet
 facet normal  0.000000e+00  0.000000e+00  1.000000e+00
   outer loop
     vertex -6.416243e+00  7.670191e+00  2.000000e+01
     vertex -6.623358e+00  7.492071e+00  2.000000e+01
     vertex -3.974015e+00  4.495242e+00  2.000000e+01
   endloop
 endfacet
 facet normal  0.000000e+00  0.000000e+00  1.000000e+00
   outer loop
     vertex -6.416243e+00  7.670191e+00  2.000000e+01
     vertex -3.974015e+00  4.495242e+00  2.000000e+01
     vertex -3.849746e+00  4.602115e+00  2.000000e+01
   endloop
 endfacet
 facet normal  0.000000e+00  0.000000e+00  1.000000e+00
   outer loop
     vertex -6.204339e+00  7.842588e+00  2.000000e+01
     vertex -6.416243e+00  7.670191e+00  2.000000e+01
     vertex -3.849746e+00  4.602115e+00  2.000000e+01
   endloop
 endfacet
 facet normal  0.000000e+00  0.000000e+00  1.000000e+00
   outer loop
     vertex -6.204339e+00  7.842588e+00  2.000000e+01
     vertex -3.849746e+00  4.602115e+00  2.000000e+01
     vertex -3.722603e+00  4.705553e+00  2.000000e+01
   endloop
 endfacet
 facet normal  1.020050e-14  8.069706e-15  1.000000e+00
   outer loop
     vertex -5.987805e+00  8.009132e+00  2.000000e+01
     vertex -6.204339e+00  7.842588e+00  2.000000e+01
     vertex -3.722603e+00  4.705553e+00  2.000000e+01
   endloop
 endfacet
 facet normal -5.415410e-16  7.040891e-16  1.000000e+00
   outer loop
     vertex -5.987805e+00  8.009132e+00  2.000000e+01
     vertex -3.722603e+00  4.705553e+00  2.000000e+01
     vertex -3.592683e+00  4.805479e+00  2.000000e+01
   endloop
 endfacet
 facet normal -5.221069e-16  7.186185e-16  1.000000e+00
   outer loop
     vertex -5.766803e+00  8.169699e+00  2.000000e+01
     vertex -5.987805e+00  8.009132e+00  2.000000e+01
     vertex -3.592683e+00  4.805479e+00  2.000000e+01
   endloop
 endfacet
 facet normal -5.022832e-16  7.326116e-16  1.000000e+00
   outer loop
     vertex -5.766803e+00  8.169699e+00  2.000000e+01
     vertex -3.460082e+00  4.901819e+00  2.000000e+01
     vertex -3.324899e+00  4.994502e+00  2.000000e+01
   endloop
 endfacet
 facet normal -5.221069e-16  7.186185e-16  1.000000e+00
   outer loop
     vertex -5.766803e+00  8.169699e+00  2.000000e+01
     vertex -3.592683e+00  4.805479e+00  2.000000e+01
     vertex -3.460082e+00  4.901819e+00  2.000000e+01
   endloop
 endfacet
 facet normal -5.022832e-16  7.326116e-16  1.000000e+00
   outer loop
     vertex -5.541498e+00  8.324170e+00  2.000000e+01
     vertex -5.766803e+00  8.169699e+00  2.000000e+01
     vertex -3.324899e+00  4.994502e+00  2.000000e+01
   endloop
 endfacet
 facet normal -4.820846e-16  7.460580e-16  1.000000e+00
   outer loop
     vertex -5.312057e+00  8.472429e+00  2.000000e+01
     vertex -5.541498e+00  8.324170e+00  2.000000e+01
     vertex -3.324899e+00  4.994502e+00  2.000000e+01
   endloop
 endfacet
 facet normal -4.615263e-16  7.589477e-16  1.000000e+00
   outer loop
     vertex -5.312057e+00  8.472429e+00  2.000000e+01
     vertex -3.187234e+00  5.083457e+00  2.000000e+01
     vertex -3.047191e+00  5.168619e+00  2.000000e+01
   endloop
 endfacet
 facet normal -4.820846e-16  7.460580e-16  1.000000e+00
   outer loop
     vertex -5.312057e+00  8.472429e+00  2.000000e+01
     vertex -3.324899e+00  4.994502e+00  2.000000e+01
     vertex -3.187234e+00  5.083457e+00  2.000000e+01
   endloop
 endfacet
 facet normal -4.615263e-16  7.589477e-16  1.000000e+00
   outer loop
     vertex -5.078652e+00  8.614365e+00  2.000000e+01
     vertex -5.312057e+00  8.472429e+00  2.000000e+01
     vertex -3.047191e+00  5.168619e+00  2.000000e+01
   endloop
 endfacet
 facet normal -4.406236e-16  7.712710e-16  1.000000e+00
   outer loop
     vertex -4.841458e+00  8.749873e+00  2.000000e+01
     vertex -5.078652e+00  8.614365e+00  2.000000e+01
     vertex -3.047191e+00  5.168619e+00  2.000000e+01
   endloop
 endfacet
 facet normal -4.193921e-16  7.830188e-16  1.000000e+00
   outer loop
     vertex -4.841458e+00  8.749873e+00  2.000000e+01
     vertex -2.904875e+00  5.249924e+00  2.000000e+01
     vertex -2.760390e+00  5.327311e+00  2.000000e+01
   endloop
 endfacet
 facet normal -4.406236e-16  7.712710e-16  1.000000e+00
   outer loop
     vertex -4.841458e+00  8.749873e+00  2.000000e+01
     vertex -3.047191e+00  5.168619e+00  2.000000e+01
     vertex -2.904875e+00  5.249924e+00  2.000000e+01
   endloop
 endfacet
 facet normal -4.193921e-16  7.830188e-16  1.000000e+00
   outer loop
     vertex -4.600650e+00  8.878852e+00  2.000000e+01
     vertex -4.841458e+00  8.749873e+00  2.000000e+01
     vertex -2.760390e+00  5.327311e+00  2.000000e+01
   endloop
 endfacet
 facet normal -3.978476e-16  7.941822e-16  1.000000e+00
   outer loop
     vertex -4.356410e+00  9.001205e+00  2.000000e+01
     vertex -2.760390e+00  5.327311e+00  2.000000e+01
     vertex -2.613846e+00  5.400723e+00  2.000000e+01
   endloop
 endfacet
 facet normal -3.978476e-16  7.941822e-16  1.000000e+00
   outer loop
     vertex -4.356410e+00  9.001205e+00  2.000000e+01
     vertex -4.600650e+00  8.878852e+00  2.000000e+01
     vertex -2.760390e+00  5.327311e+00  2.000000e+01
   endloop
 endfacet
 facet normal -3.760062e-16  8.047530e-16  1.000000e+00
   outer loop
     vertex -4.108918e+00  9.116841e+00  2.000000e+01
     vertex -4.356410e+00  9.001205e+00  2.000000e+01
     vertex -2.613846e+00  5.400723e+00  2.000000e+01
   endloop
 endfacet
 facet normal -3.538843e-16  8.147233e-16  1.000000e+00
   outer loop
     vertex -4.108918e+00  9.116841e+00  2.000000e+01
     vertex -2.465351e+00  5.470105e+00  2.000000e+01
     vertex -2.315016e+00  5.535404e+00  2.000000e+01
   endloop
 endfacet
 facet normal -3.760062e-16  8.047530e-16  1.000000e+00
   outer loop
     vertex -4.108918e+00  9.116841e+00  2.000000e+01
     vertex -2.613846e+00  5.400723e+00  2.000000e+01
     vertex -2.465351e+00  5.470105e+00  2.000000e+01
   endloop
 endfacet
 facet normal -3.538843e-16  8.147233e-16  1.000000e+00
   outer loop
     vertex -3.858360e+00  9.225674e+00  2.000000e+01
     vertex -4.108918e+00  9.116841e+00  2.000000e+01
     vertex -2.315016e+00  5.535404e+00  2.000000e+01
   endloop
 endfacet
 facet normal -3.314982e-16  8.240856e-16  1.000000e+00
   outer loop
     vertex -3.604923e+00  9.327622e+00  2.000000e+01
     vertex -2.315016e+00  5.535404e+00  2.000000e+01
     vertex -2.162954e+00  5.596573e+00  2.000000e+01
   endloop
 endfacet
 facet normal -3.314982e-16  8.240856e-16  1.000000e+00
   outer loop
     vertex -3.604923e+00  9.327622e+00  2.000000e+01
     vertex -3.858360e+00  9.225674e+00  2.000000e+01
     vertex -2.315016e+00  5.535404e+00  2.000000e+01
   endloop
 endfacet
 facet normal -3.088648e-16  8.328329e-16  1.000000e+00
   outer loop
     vertex -3.348796e+00  9.422609e+00  2.000000e+01
     vertex -3.604923e+00  9.327622e+00  2.000000e+01
     vertex -2.162954e+00  5.596573e+00  2.000000e+01
   endloop
 endfacet
 facet normal -3.088648e-16  8.328329e-16  1.000000e+00
   outer loop
     vertex -3.348796e+00  9.422609e+00  2.000000e+01
     vertex -2.162954e+00  5.596573e+00  2.000000e+01
     vertex -2.009278e+00  5.653566e+00  2.000000e+01
   endloop
 endfacet
 facet normal -2.860009e-16  8.409587e-16  1.000000e+00
   outer loop
     vertex -3.090170e+00  9.510565e+00  2.000000e+01
     vertex -3.348796e+00  9.422609e+00  2.000000e+01
     vertex -2.009278e+00  5.653566e+00  2.000000e+01
   endloop
 endfacet
 facet normal -2.860009e-16  8.409587e-16  1.000000e+00
   outer loop
     vertex -3.090170e+00  9.510565e+00  2.000000e+01
     vertex -2.009278e+00  5.653566e+00  2.000000e+01
     vertex -1.854102e+00  5.706339e+00  2.000000e+01
   endloop
 endfacet
 facet normal -2.629236e-16  8.484570e-16  1.000000e+00
   outer loop
     vertex -2.829238e+00  9.591424e+00  2.000000e+01
     vertex -3.090170e+00  9.510565e+00  2.000000e+01
     vertex -1.854102e+00  5.706339e+00  2.000000e+01
   endloop
 endfacet
 facet normal -2.396500e-16  8.553221e-16  1.000000e+00
   outer loop
     vertex -2.829238e+00  9.591424e+00  2.000000e+01
     vertex -1.697543e+00  5.754854e+00  2.000000e+01
     vertex -1.539717e+00  5.799075e+00  2.000000e+01
   endloop
 endfacet
 facet normal -2.629236e-16  8.484570e-16  1.000000e+00
   outer loop
     vertex -2.829238e+00  9.591424e+00  2.000000e+01
     vertex -1.854102e+00  5.706339e+00  2.000000e+01
     vertex -1.697543e+00  5.754854e+00  2.000000e+01
   endloop
 endfacet
 facet normal -2.396500e-16  8.553221e-16  1.000000e+00
   outer loop
     vertex -2.566194e+00  9.665125e+00  2.000000e+01
     vertex -2.829238e+00  9.591424e+00  2.000000e+01
     vertex -1.539717e+00  5.799075e+00  2.000000e+01
   endloop
 endfacet
 facet normal -2.161977e-16  8.615490e-16  1.000000e+00
   outer loop
     vertex -2.566194e+00  9.665125e+00  2.000000e+01
     vertex -1.539717e+00  5.799075e+00  2.000000e+01
     vertex -1.380742e+00  5.838968e+00  2.000000e+01
   endloop
 endfacet
 facet normal -2.161977e-16  8.615490e-16  1.000000e+00
   outer loop
     vertex -2.301236e+00  9.731614e+00  2.000000e+01
     vertex -2.566194e+00  9.665125e+00  2.000000e+01
     vertex -1.380742e+00  5.838968e+00  2.000000e+01
   endloop
 endfacet
 facet normal -1.925839e-16  8.671329e-16  1.000000e+00
   outer loop
     vertex -2.034560e+00  9.790841e+00  2.000000e+01
     vertex -2.301236e+00  9.731614e+00  2.000000e+01
     vertex -1.380742e+00  5.838968e+00  2.000000e+01
   endloop
 endfacet
 facet normal -1.925839e-16  8.671329e-16  1.000000e+00
   outer loop
     vertex -2.034560e+00  9.790841e+00  2.000000e+01
     vertex -1.380742e+00  5.838968e+00  2.000000e+01
     vertex -1.220736e+00  5.874505e+00  2.000000e+01
   endloop
 endfacet
 facet normal -1.688265e-16  8.720698e-16  1.000000e+00
   outer loop
     vertex -1.766366e+00  9.842761e+00  2.000000e+01
     vertex -2.034560e+00  9.790841e+00  2.000000e+01
     vertex -1.220736e+00  5.874505e+00  2.000000e+01
   endloop
 endfacet
 facet normal -1.688265e-16  8.720698e-16  1.000000e+00
   outer loop
     vertex -1.766366e+00  9.842761e+00  2.000000e+01
     vertex -1.220736e+00  5.874505e+00  2.000000e+01
     vertex -1.059820e+00  5.905657e+00  2.000000e+01
   endloop
 endfacet
 facet normal -1.449431e-16  8.763559e-16  1.000000e+00
   outer loop
     vertex -1.496854e+00  9.887337e+00  2.000000e+01
     vertex -1.766366e+00  9.842761e+00  2.000000e+01
     vertex -1.059820e+00  5.905657e+00  2.000000e+01
   endloop
 endfacet
 facet normal -1.449431e-16  8.763559e-16  1.000000e+00
   outer loop
     vertex -1.496854e+00  9.887337e+00  2.000000e+01
     vertex -1.059820e+00  5.905657e+00  2.000000e+01
     vertex -8.981124e-01  5.932402e+00  2.000000e+01
   endloop
 endfacet
 facet normal -1.209516e-16  8.799880e-16  1.000000e+00
   outer loop
     vertex -1.226225e+00  9.924534e+00  2.000000e+01
     vertex -1.496854e+00  9.887337e+00  2.000000e+01
     vertex -8.981124e-01  5.932402e+00  2.000000e+01
   endloop
 endfacet
 facet normal -1.209516e-16  8.799880e-16  1.000000e+00
   outer loop
     vertex -1.226225e+00  9.924534e+00  2.000000e+01
     vertex -8.981124e-01  5.932402e+00  2.000000e+01
     vertex -7.357349e-01  5.954720e+00  2.000000e+01
   endloop
 endfacet
 facet normal -9.686974e-17  8.829634e-16  1.000000e+00
   outer loop
     vertex -9.546807e-01  9.954325e+00  2.000000e+01
     vertex -1.226225e+00  9.924534e+00  2.000000e+01
     vertex -7.357349e-01  5.954720e+00  2.000000e+01
   endloop
 endfacet
 facet normal -9.686974e-17  8.829634e-16  1.000000e+00
   outer loop
     vertex -9.546807e-01  9.954325e+00  2.000000e+01
     vertex -7.357349e-01  5.954720e+00  2.000000e+01
     vertex -5.728084e-01  5.972595e+00  2.000000e+01
   endloop
 endfacet
 facet normal -7.271563e-17  8.852799e-16  1.000000e+00
   outer loop
     vertex -6.824241e-01  9.976688e+00  2.000000e+01
     vertex -9.546807e-01  9.954325e+00  2.000000e+01
     vertex -5.728084e-01  5.972595e+00  2.000000e+01
   endloop
 endfacet
 facet normal -7.271563e-17  8.852799e-16  1.000000e+00
   outer loop
     vertex -6.824241e-01  9.976688e+00  2.000000e+01
     vertex -5.728084e-01  5.972595e+00  2.000000e+01
     vertex -4.094545e-01  5.986013e+00  2.000000e+01
   endloop
 endfacet
 facet normal -4.850725e-17  8.869358e-16  1.000000e+00
   outer loop
     vertex -4.096583e-01  9.991605e+00  2.000000e+01
     vertex -4.094545e-01  5.986013e+00  2.000000e+01
     vertex -2.457950e-01  5.994963e+00  2.000000e+01
   endloop
 endfacet
 facet normal -4.850725e-17  8.869358e-16  1.000000e+00
   outer loop
     vertex -4.096583e-01  9.991605e+00  2.000000e+01
     vertex -6.824241e-01  9.976688e+00  2.000000e+01
     vertex -4.094545e-01  5.986013e+00  2.000000e+01
   endloop
 endfacet
 facet normal -4.813391e-30  8.882613e-16  1.000000e+00
   outer loop
     vertex -1.365867e-01  9.999067e+00  2.000000e+01
     vertex -8.195204e-02  5.999440e+00  2.000000e+01
     vertex  8.195204e-02  5.999440e+00  2.000000e+01
   endloop
 endfacet
 facet normal -2.426268e-17  8.879299e-16  1.000000e+00
   outer loop
     vertex -1.365867e-01  9.999067e+00  2.000000e+01
     vertex -2.457950e-01  5.994963e+00  2.000000e+01
     vertex -8.195204e-02  5.999440e+00  2.000000e+01
   endloop
 endfacet
 facet normal -2.426268e-17  8.879299e-16  1.000000e+00
   outer loop
     vertex -1.365867e-01  9.999067e+00  2.000000e+01
     vertex -4.096583e-01  9.991605e+00  2.000000e+01
     vertex -2.457950e-01  5.994963e+00  2.000000e+01
   endloop
 endfacet
 facet normal -5.776070e-30  8.882613e-16  1.000000e+00
   outer loop
     vertex  1.365867e-01  9.999067e+00  2.000000e+01
     vertex -1.365867e-01  9.999067e+00  2.000000e+01
     vertex  8.195204e-02  5.999440e+00  2.000000e+01
   endloop
 endfacet
 facet normal  0.000000e+00  0.000000e+00  1.000000e+00
   outer loop
     vertex  9.996269e+00  2.731480e-01  2.000000e+01
     vertex  5.997761e+00  1.638888e-01  2.000000e+01
     vertex  6.000000e+00  4.440892e-15  2.000000e+01
   endloop
 endfacet
 facet normal  0.000000e+00  0.000000e+00  1.000000e+00
   outer loop
     vertex  9.996269e+00  2.731480e-01  2.000000e+01
     vertex  5.991047e+00  3.276553e-01  2.000000e+01
     vertex  5.997761e+00  1.638888e-01  2.000000e+01
   endloop
 endfacet
 facet normal  0.000000e+00  0.000000e+00  1.000000e+00
   outer loop
     vertex  9.996269e+00  2.731480e-01  2.000000e+01
     vertex  6.000000e+00  4.440892e-15  2.000000e+01
     vertex  1.000000e+01  4.440892e-15  2.000000e+01
   endloop
 endfacet
 facet normal  2.426268e-17  8.879299e-16  1.000000e+00
   outer loop
     vertex  4.096583e-01  9.991605e+00  2.000000e+01
     vertex  1.365867e-01  9.999067e+00  2.000000e+01
     vertex  8.195204e-02  5.999440e+00  2.000000e+01
   endloop
 endfacet
 facet normal  2.426268e-17  8.879299e-16  1.000000e+00
   outer loop
     vertex  4.096583e-01  9.991605e+00  2.000000e+01
     vertex  8.195204e-02  5.999440e+00  2.000000e+01
     vertex  2.457950e-01  5.994963e+00  2.000000e+01
   endloop
 endfacet
 facet normal  0.000000e+00  0.000000e+00  1.000000e+00
   outer loop
     vertex  9.985078e+00  5.460922e-01  2.000000e+01
     vertex  5.991047e+00  3.276553e-01  2.000000e+01
     vertex  9.996269e+00  2.731480e-01  2.000000e+01
   endloop
 endfacet
 facet normal  4.850725e-17  8.869358e-16  1.000000e+00
   outer loop
     vertex  6.824241e-01  9.976688e+00  2.000000e+01
     vertex  2.457950e-01  5.994963e+00  2.000000e+01
     vertex  4.094545e-01  5.986013e+00  2.000000e+01
   endloop
 endfacet
 facet normal  4.850725e-17  8.869358e-16  1.000000e+00
   outer loop
     vertex  6.824241e-01  9.976688e+00  2.000000e+01
     vertex  4.096583e-01  9.991605e+00  2.000000e+01
     vertex  2.457950e-01  5.994963e+00  2.000000e+01
   endloop
 endfacet
 facet normal  0.000000e+00  0.000000e+00  1.000000e+00
   outer loop
     vertex  9.966436e+00  8.186288e-01  2.000000e+01
     vertex  5.979862e+00  4.911773e-01  2.000000e+01
     vertex  5.991047e+00  3.276553e-01  2.000000e+01
   endloop
 endfacet
 facet normal  0.000000e+00  0.000000e+00  1.000000e+00
   outer loop
     vertex  9.966436e+00  8.186288e-01  2.000000e+01
     vertex  5.991047e+00  3.276553e-01  2.000000e+01
     vertex  9.985078e+00  5.460922e-01  2.000000e+01
   endloop
 endfacet
 facet normal  7.271563e-17  8.852799e-16  1.000000e+00
   outer loop
     vertex  9.546807e-01  9.954325e+00  2.000000e+01
     vertex  4.094545e-01  5.986013e+00  2.000000e+01
     vertex  5.728084e-01  5.972595e+00  2.000000e+01
   endloop
 endfacet
 facet normal  7.271563e-17  8.852799e-16  1.000000e+00
   outer loop
     vertex  9.546807e-01  9.954325e+00  2.000000e+01
     vertex  6.824241e-01  9.976688e+00  2.000000e+01
     vertex  4.094545e-01  5.986013e+00  2.000000e+01
   endloop
 endfacet
 facet normal  0.000000e+00  0.000000e+00  1.000000e+00
   outer loop
     vertex  9.940357e+00  1.090555e+00  2.000000e+01
     vertex  5.964214e+00  6.543327e-01  2.000000e+01
     vertex  5.979862e+00  4.911773e-01  2.000000e+01
   endloop
 endfacet
 facet normal  0.000000e+00  0.000000e+00  1.000000e+00
   outer loop
     vertex  9.940357e+00  1.090555e+00  2.000000e+01
     vertex  5.979862e+00  4.911773e-01  2.000000e+01
     vertex  9.966436e+00  8.186288e-01  2.000000e+01
   endloop
 endfacet
 facet normal  9.686974e-17  8.829634e-16  1.000000e+00
   outer loop
     vertex  1.226225e+00  9.924534e+00  2.000000e+01
     vertex  5.728084e-01  5.972595e+00  2.000000e+01
     vertex  7.357349e-01  5.954720e+00  2.000000e+01
   endloop
 endfacet
 facet normal  9.686974e-17  8.829634e-16  1.000000e+00
   outer loop
     vertex  1.226225e+00  9.924534e+00  2.000000e+01
     vertex  9.546807e-01  9.954325e+00  2.000000e+01
     vertex  5.728084e-01  5.972595e+00  2.000000e+01
   endloop
 endfacet
 facet normal  0.000000e+00  0.000000e+00  1.000000e+00
   outer loop
     vertex  9.906859e+00  1.361666e+00  2.000000e+01
     vertex  5.964214e+00  6.543327e-01  2.000000e+01
     vertex  9.940357e+00  1.090555e+00  2.000000e+01
   endloop
 endfacet
 facet normal  0.000000e+00  0.000000e+00  1.000000e+00
   outer loop
     vertex  9.906859e+00  1.361666e+00  2.000000e+01
     vertex  5.944116e+00  8.169999e-01  2.000000e+01
     vertex  5.964214e+00  6.543327e-01  2.000000e+01
   endloop
 endfacet
 facet normal  0.000000e+00  0.000000e+00  1.000000e+00
   outer loop
     vertex  9.906859e+00  1.361666e+00  2.000000e+01
     vertex  5.919582e+00  9.790574e-01  2.000000e+01
     vertex  5.944116e+00  8.169999e-01  2.000000e+01
   endloop
 endfacet
 facet normal  1.209516e-16  8.799880e-16  1.000000e+00
   outer loop
     vertex  1.496854e+00  9.887337e+00  2.000000e+01
     vertex  7.357349e-01  5.954720e+00  2.000000e+01
     vertex  8.981124e-01  5.932402e+00  2.000000e+01
   endloop
 endfacet
 facet normal  1.209516e-16  8.799880e-16  1.000000e+00
   outer loop
     vertex  1.496854e+00  9.887337e+00  2.000000e+01
     vertex  1.226225e+00  9.924534e+00  2.000000e+01
     vertex  7.357349e-01  5.954720e+00  2.000000e+01
   endloop
 endfacet
 facet normal  0.000000e+00  0.000000e+00  1.000000e+00
   outer loop
     vertex  9.865969e+00  1.631762e+00  2.000000e+01
     vertex  5.919582e+00  9.790574e-01  2.000000e+01
     vertex  9.906859e+00  1.361666e+00  2.000000e+01
   endloop
 endfacet
 facet normal  1.449431e-16  8.763559e-16  1.000000e+00
   outer loop
     vertex  1.766366e+00  9.842761e+00  2.000000e+01
     vertex  1.496854e+00  9.887337e+00  2.000000e+01
     vertex  8.981124e-01  5.932402e+00  2.000000e+01
   endloop
 endfacet
 facet normal  1.688265e-16  8.720698e-16  1.000000e+00
   outer loop
     vertex  1.766366e+00  9.842761e+00  2.000000e+01
     vertex  1.059820e+00  5.905657e+00  2.000000e+01
     vertex  1.220736e+00  5.874505e+00  2.000000e+01
   endloop
 endfacet
 facet normal  1.449431e-16  8.763559e-16  1.000000e+00
   outer loop
     vertex  1.766366e+00  9.842761e+00  2.000000e+01
     vertex  8.981124e-01  5.932402e+00  2.000000e+01
     vertex  1.059820e+00  5.905657e+00  2.000000e+01
   endloop
 endfacet
 facet normal  0.000000e+00  0.000000e+00  1.000000e+00
   outer loop
     vertex  9.817717e+00  1.900640e+00  2.000000e+01
     vertex  5.890630e+00  1.140384e+00  2.000000e+01
     vertex  5.919582e+00  9.790574e-01  2.000000e+01
   endloop
 endfacet
 facet normal  0.000000e+00  0.000000e+00  1.000000e+00
   outer loop
     vertex  9.817717e+00  1.900640e+00  2.000000e+01
     vertex  5.919582e+00  9.790574e-01  2.000000e+01
     vertex  9.865969e+00  1.631762e+00  2.000000e+01
   endloop
 endfacet
 facet normal  1.688265e-16  8.720698e-16  1.000000e+00
   outer loop
     vertex  2.034560e+00  9.790841e+00  2.000000e+01
     vertex  1.766366e+00  9.842761e+00  2.000000e+01
     vertex  1.220736e+00  5.874505e+00  2.000000e+01
   endloop
 endfacet
 facet normal  0.000000e+00  0.000000e+00  1.000000e+00
   outer loop
     vertex  9.762138e+00  2.168100e+00  2.000000e+01
     vertex  5.857283e+00  1.300860e+00  2.000000e+01
     vertex  5.890630e+00  1.140384e+00  2.000000e+01
   endloop
 endfacet
 facet normal  0.000000e+00  0.000000e+00  1.000000e+00
   outer loop
     vertex  9.762138e+00  2.168100e+00  2.000000e+01
     vertex  5.890630e+00  1.140384e+00  2.000000e+01
     vertex  9.817717e+00  1.900640e+00  2.000000e+01
   endloop
 endfacet
 facet normal  1.925839e-16  8.671329e-16  1.000000e+00
   outer loop
     vertex  2.301236e+00  9.731614e+00  2.000000e+01
     vertex  2.034560e+00  9.790841e+00  2.000000e+01
     vertex  1.220736e+00  5.874505e+00  2.000000e+01
   endloop
 endfacet
 facet normal  1.925839e-16  8.671329e-16  1.000000e+00
   outer loop
     vertex  2.301236e+00  9.731614e+00  2.000000e+01
     vertex  1.220736e+00  5.874505e+00  2.000000e+01
     vertex  1.380742e+00  5.838968e+00  2.000000e+01
   endloop
 endfacet
 facet normal  0.000000e+00  0.000000e+00  1.000000e+00
   outer loop
     vertex  9.699274e+00  2.433942e+00  2.000000e+01
     vertex  5.857283e+00  1.300860e+00  2.000000e+01
     vertex  9.762138e+00  2.168100e+00  2.000000e+01
   endloop
 endfacet
 facet normal  0.000000e+00  0.000000e+00  1.000000e+00
   outer loop
     vertex  9.699274e+00  2.433942e+00  2.000000e+01
     vertex  5.819565e+00  1.460365e+00  2.000000e+01
     vertex  5.857283e+00  1.300860e+00  2.000000e+01
   endloop
 endfacet
 facet normal  0.000000e+00  0.000000e+00  1.000000e+00
   outer loop
     vertex  9.699274e+00  2.433942e+00  2.000000e+01
     vertex  5.777504e+00  1.618781e+00  2.000000e+01
     vertex  5.819565e+00  1.460365e+00  2.000000e+01
   endloop
 endfacet
 facet normal  2.161977e-16  8.615490e-16  1.000000e+00
   outer loop
     vertex  2.566194e+00  9.665125e+00  2.000000e+01
     vertex  2.301236e+00  9.731614e+00  2.000000e+01
     vertex  1.380742e+00  5.838968e+00  2.000000e+01
   endloop
 endfacet
 facet normal  2.161977e-16  8.615490e-16  1.000000e+00
   outer loop
     vertex  2.566194e+00  9.665125e+00  2.000000e+01
     vertex  1.380742e+00  5.838968e+00  2.000000e+01
     vertex  1.539717e+00  5.799075e+00  2.000000e+01
   endloop
 endfacet
 facet normal  0.000000e+00  0.000000e+00  1.000000e+00
   outer loop
     vertex  9.629173e+00  2.697968e+00  2.000000e+01
     vertex  5.777504e+00  1.618781e+00  2.000000e+01
     vertex  9.699274e+00  2.433942e+00  2.000000e+01
   endloop
 endfacet
 facet normal  2.396500e-16  8.553221e-16  1.000000e+00
   outer loop
     vertex  2.829238e+00  9.591424e+00  2.000000e+01
     vertex  2.566194e+00  9.665125e+00  2.000000e+01
     vertex  1.539717e+00  5.799075e+00  2.000000e+01
   endloop
 endfacet
 facet normal  2.629236e-16  8.484570e-16  1.000000e+00
   outer loop
     vertex  2.829238e+00  9.591424e+00  2.000000e+01
     vertex  1.697543e+00  5.754854e+00  2.000000e+01
     vertex  1.854102e+00  5.706339e+00  2.000000e+01
   endloop
 endfacet
 facet normal  2.396500e-16  8.553221e-16  1.000000e+00
   outer loop
     vertex  2.829238e+00  9.591424e+00  2.000000e+01
     vertex  1.539717e+00  5.799075e+00  2.000000e+01
     vertex  1.697543e+00  5.754854e+00  2.000000e+01
   endloop
 endfacet
 facet normal  0.000000e+00  0.000000e+00  1.000000e+00
   outer loop
     vertex  9.551886e+00  2.959980e+00  2.000000e+01
     vertex  5.731131e+00  1.775988e+00  2.000000e+01
     vertex  5.777504e+00  1.618781e+00  2.000000e+01
   endloop
 endfacet
 facet normal  0.000000e+00  0.000000e+00  1.000000e+00
   outer loop
     vertex  9.551886e+00  2.959980e+00  2.000000e+01
     vertex  5.777504e+00  1.618781e+00  2.000000e+01
     vertex  9.629173e+00  2.697968e+00  2.000000e+01
   endloop
 endfacet
 facet normal  2.629236e-16  8.484570e-16  1.000000e+00
   outer loop
     vertex  3.090170e+00  9.510565e+00  2.000000e+01
     vertex  2.829238e+00  9.591424e+00  2.000000e+01
     vertex  1.854102e+00  5.706339e+00  2.000000e+01
   endloop
 endfacet
 facet normal  2.860009e-16  8.409587e-16  1.000000e+00
   outer loop
     vertex  3.090170e+00  9.510565e+00  2.000000e+01
     vertex  1.854102e+00  5.706339e+00  2.000000e+01
     vertex  2.009278e+00  5.653566e+00  2.000000e+01
   endloop
 endfacet
 facet normal  0.000000e+00  0.000000e+00  1.000000e+00
   outer loop
     vertex  9.467470e+00  3.219783e+00  2.000000e+01
     vertex  5.731131e+00  1.775988e+00  2.000000e+01
     vertex  9.551886e+00  2.959980e+00  2.000000e+01
   endloop
 endfacet
 facet normal  0.000000e+00  0.000000e+00  1.000000e+00
   outer loop
     vertex  9.467470e+00  3.219783e+00  2.000000e+01
     vertex  5.680482e+00  1.931870e+00  2.000000e+01
     vertex  5.731131e+00  1.775988e+00  2.000000e+01
   endloop
 endfacet
 facet normal  2.860009e-16  8.409587e-16  1.000000e+00
   outer loop
     vertex  3.348796e+00  9.422609e+00  2.000000e+01
     vertex  3.090170e+00  9.510565e+00  2.000000e+01
     vertex  2.009278e+00  5.653566e+00  2.000000e+01
   endloop
 endfacet
 facet normal  0.000000e+00  0.000000e+00  1.000000e+00
   outer loop
     vertex  9.375990e+00  3.477184e+00  2.000000e+01
     vertex  5.625594e+00  2.086310e+00  2.000000e+01
     vertex  5.680482e+00  1.931870e+00  2.000000e+01
   endloop
 endfacet
 facet normal  0.000000e+00  0.000000e+00  1.000000e+00
   outer loop
     vertex  9.375990e+00  3.477184e+00  2.000000e+01
     vertex  5.680482e+00  1.931870e+00  2.000000e+01
     vertex  9.467470e+00  3.219783e+00  2.000000e+01
   endloop
 endfacet
 facet normal  3.088648e-16  8.328329e-16  1.000000e+00
   outer loop
     vertex  3.604923e+00  9.327622e+00  2.000000e+01
     vertex  3.348796e+00  9.422609e+00  2.000000e+01
     vertex  2.009278e+00  5.653566e+00  2.000000e+01
   endloop
 endfacet
 facet normal  3.314982e-16  8.240856e-16  1.000000e+00
   outer loop
     vertex  3.604923e+00  9.327622e+00  2.000000e+01
     vertex  2.162954e+00  5.596573e+00  2.000000e+01
     vertex  2.315016e+00  5.535404e+00  2.000000e+01
   endloop
 endfacet
 facet normal  3.088648e-16  8.328329e-16  1.000000e+00
   outer loop
     vertex  3.604923e+00  9.327622e+00  2.000000e+01
     vertex  2.009278e+00  5.653566e+00  2.000000e+01
     vertex  2.162954e+00  5.596573e+00  2.000000e+01
   endloop
 endfacet
 facet normal  0.000000e+00  0.000000e+00  1.000000e+00
   outer loop
     vertex  9.277513e+00  3.731990e+00  2.000000e+01
     vertex  5.625594e+00  2.086310e+00  2.000000e+01
     vertex  9.375990e+00  3.477184e+00  2.000000e+01
   endloop
 endfacet
 facet normal  0.000000e+00  0.000000e+00  1.000000e+00
   outer loop
     vertex  9.277513e+00  3.731990e+00  2.000000e+01
     vertex  5.566508e+00  2.239194e+00  2.000000e+01
     vertex  5.625594e+00  2.086310e+00  2.000000e+01
   endloop
 endfacet
 facet normal  3.314982e-16  8.240856e-16  1.000000e+00
   outer loop
     vertex  3.858360e+00  9.225674e+00  2.000000e+01
     vertex  3.604923e+00  9.327622e+00  2.000000e+01
     vertex  2.315016e+00  5.535404e+00  2.000000e+01
   endloop
 endfacet
 facet normal  0.000000e+00  0.000000e+00  1.000000e+00
   outer loop
     vertex  9.172113e+00  3.984011e+00  2.000000e+01
     vertex  5.503268e+00  2.390407e+00  2.000000e+01
     vertex  5.566508e+00  2.239194e+00  2.000000e+01
   endloop
 endfacet
 facet normal  0.000000e+00  0.000000e+00  1.000000e+00
   outer loop
     vertex  9.172113e+00  3.984011e+00  2.000000e+01
     vertex  5.566508e+00  2.239194e+00  2.000000e+01
     vertex  9.277513e+00  3.731990e+00  2.000000e+01
   endloop
 endfacet
 facet normal  3.538843e-16  8.147233e-16  1.000000e+00
   outer loop
     vertex  4.108918e+00  9.116841e+00  2.000000e+01
     vertex  3.858360e+00  9.225674e+00  2.000000e+01
     vertex  2.315016e+00  5.535404e+00  2.000000e+01
   endloop
 endfacet
 facet normal  3.538843e-16  8.147233e-16  1.000000e+00
   outer loop
     vertex  4.108918e+00  9.116841e+00  2.000000e+01
     vertex  2.315016e+00  5.535404e+00  2.000000e+01
     vertex  2.465351e+00  5.470105e+00  2.000000e+01
   endloop
 endfacet
 facet normal  0.000000e+00  0.000000e+00  1.000000e+00
   outer loop
     vertex  9.059868e+00  4.233059e+00  2.000000e+01
     vertex  5.435921e+00  2.539835e+00  2.000000e+01
     vertex  5.503268e+00  2.390407e+00  2.000000e+01
   endloop
 endfacet
 facet normal  0.000000e+00  0.000000e+00  1.000000e+00
   outer loop
     vertex  9.059868e+00  4.233059e+00  2.000000e+01
     vertex  5.503268e+00  2.390407e+00  2.000000e+01
     vertex  9.172113e+00  3.984011e+00  2.000000e+01
   endloop
 endfacet
 facet normal  3.760062e-16  8.047530e-16  1.000000e+00
   outer loop
     vertex  4.356410e+00  9.001205e+00  2.000000e+01
     vertex  4.108918e+00  9.116841e+00  2.000000e+01
     vertex  2.465351e+00  5.470105e+00  2.000000e+01
   endloop
 endfacet
 facet normal  3.978476e-16  7.941822e-16  1.000000e+00
   outer loop
     vertex  4.356410e+00  9.001205e+00  2.000000e+01
     vertex  2.613846e+00  5.400723e+00  2.000000e+01
     vertex  2.760390e+00  5.327311e+00  2.000000e+01
   endloop
 endfacet
 facet normal  3.760062e-16  8.047530e-16  1.000000e+00
   outer loop
     vertex  4.356410e+00  9.001205e+00  2.000000e+01
     vertex  2.465351e+00  5.470105e+00  2.000000e+01
     vertex  2.613846e+00  5.400723e+00  2.000000e+01
   endloop
 endfacet
 facet normal  0.000000e+00  0.000000e+00  1.000000e+00
   outer loop
     vertex  8.940863e+00  4.478948e+00  2.000000e+01
     vertex  5.364518e+00  2.687369e+00  2.000000e+01
     vertex  5.435921e+00  2.539835e+00  2.000000e+01
   endloop
 endfacet
 facet normal  0.000000e+00  0.000000e+00  1.000000e+00
   outer loop
     vertex  8.940863e+00  4.478948e+00  2.000000e+01
     vertex  5.435921e+00  2.539835e+00  2.000000e+01
     vertex  9.059868e+00  4.233059e+00  2.000000e+01
   endloop
 endfacet
 facet normal  3.978476e-16  7.941822e-16  1.000000e+00
   outer loop
     vertex  4.600650e+00  8.878852e+00  2.000000e+01
     vertex  4.356410e+00  9.001205e+00  2.000000e+01
     vertex  2.760390e+00  5.327311e+00  2.000000e+01
   endloop
 endfacet
 facet normal  0.000000e+00  0.000000e+00  1.000000e+00
   outer loop
     vertex  8.815185e+00  4.721495e+00  2.000000e+01
     vertex  5.289111e+00  2.832897e+00  2.000000e+01
     vertex  5.364518e+00  2.687369e+00  2.000000e+01
   endloop
 endfacet
 facet normal  0.000000e+00  0.000000e+00  1.000000e+00
   outer loop
     vertex  8.815185e+00  4.721495e+00  2.000000e+01
     vertex  5.364518e+00  2.687369e+00  2.000000e+01
     vertex  8.940863e+00  4.478948e+00  2.000000e+01
   endloop
 endfacet
 facet normal  4.193921e-16  7.830188e-16  1.000000e+00
   outer loop
     vertex  4.841458e+00  8.749873e+00  2.000000e+01
     vertex  2.760390e+00  5.327311e+00  2.000000e+01
     vertex  2.904875e+00  5.249924e+00  2.000000e+01
   endloop
 endfacet
 facet normal  4.193921e-16  7.830188e-16  1.000000e+00
   outer loop
     vertex  4.841458e+00  8.749873e+00  2.000000e+01
     vertex  4.600650e+00  8.878852e+00  2.000000e+01
     vertex  2.760390e+00  5.327311e+00  2.000000e+01
   endloop
 endfacet
 facet normal  0.000000e+00  0.000000e+00  1.000000e+00
   outer loop
     vertex  8.682929e+00  4.960518e+00  2.000000e+01
     vertex  5.209758e+00  2.976311e+00  2.000000e+01
     vertex  5.289111e+00  2.832897e+00  2.000000e+01
   endloop
 endfacet
 facet normal  0.000000e+00  0.000000e+00  1.000000e+00
   outer loop
     vertex  8.682929e+00  4.960518e+00  2.000000e+01
     vertex  5.289111e+00  2.832897e+00  2.000000e+01
     vertex  8.815185e+00  4.721495e+00  2.000000e+01
   endloop
 endfacet
 facet normal  4.406236e-16  7.712710e-16  1.000000e+00
   outer loop
     vertex  5.078652e+00  8.614365e+00  2.000000e+01
     vertex  4.841458e+00  8.749873e+00  2.000000e+01
     vertex  2.904875e+00  5.249924e+00  2.000000e+01
   endloop
 endfacet
 facet normal  4.406236e-16  7.712710e-16  1.000000e+00
   outer loop
     vertex  5.078652e+00  8.614365e+00  2.000000e+01
     vertex  2.904875e+00  5.249924e+00  2.000000e+01
     vertex  3.047191e+00  5.168619e+00  2.000000e+01
   endloop
 endfacet
 facet normal  0.000000e+00  0.000000e+00  1.000000e+00
   outer loop
     vertex  8.544194e+00  5.195840e+00  2.000000e+01
     vertex  5.126516e+00  3.117504e+00  2.000000e+01
     vertex  5.209758e+00  2.976311e+00  2.000000e+01
   endloop
 endfacet
 facet normal  0.000000e+00  0.000000e+00  1.000000e+00
   outer loop
     vertex  8.544194e+00  5.195840e+00  2.000000e+01
     vertex  5.209758e+00  2.976311e+00  2.000000e+01
     vertex  8.682929e+00  4.960518e+00  2.000000e+01
   endloop
 endfacet
 facet normal  4.820846e-16  7.460580e-16  1.000000e+00
   outer loop
     vertex  5.312057e+00  8.472429e+00  2.000000e+01
     vertex  3.187234e+00  5.083457e+00  2.000000e+01
     vertex  3.324899e+00  4.994502e+00  2.000000e+01
   endloop
 endfacet
 facet normal  4.615263e-16  7.589477e-16  1.000000e+00
   outer loop
     vertex  5.312057e+00  8.472429e+00  2.000000e+01
     vertex  3.047191e+00  5.168619e+00  2.000000e+01
     vertex  3.187234e+00  5.083457e+00  2.000000e+01
   endloop
 endfacet
 facet normal  4.615263e-16  7.589477e-16  1.000000e+00
   outer loop
     vertex  5.312057e+00  8.472429e+00  2.000000e+01
     vertex  5.078652e+00  8.614365e+00  2.000000e+01
     vertex  3.047191e+00  5.168619e+00  2.000000e+01
   endloop
 endfacet
 facet normal  0.000000e+00  0.000000e+00  1.000000e+00
   outer loop
     vertex  8.399083e+00  5.427284e+00  2.000000e+01
     vertex  5.126516e+00  3.117504e+00  2.000000e+01
     vertex  8.544194e+00  5.195840e+00  2.000000e+01
   endloop
 endfacet
 facet normal  0.000000e+00  0.000000e+00  1.000000e+00
   outer loop
     vertex  8.399083e+00  5.427284e+00  2.000000e+01
     vertex  5.039450e+00  3.256370e+00  2.000000e+01
     vertex  5.126516e+00  3.117504e+00  2.000000e+01
   endloop
 endfacet
 facet normal  4.820846e-16  7.460580e-16  1.000000e+00
   outer loop
     vertex  5.541498e+00  8.324170e+00  2.000000e+01
     vertex  5.312057e+00  8.472429e+00  2.000000e+01
     vertex  3.324899e+00  4.994502e+00  2.000000e+01
   endloop
 endfacet
 facet normal  0.000000e+00  0.000000e+00  1.000000e+00
   outer loop
     vertex  8.247704e+00  5.654678e+00  2.000000e+01
     vertex  4.948622e+00  3.392807e+00  2.000000e+01
     vertex  5.039450e+00  3.256370e+00  2.000000e+01
   endloop
 endfacet
 facet normal  0.000000e+00  0.000000e+00  1.000000e+00
   outer loop
     vertex  8.247704e+00  5.654678e+00  2.000000e+01
     vertex  4.854102e+00  3.526712e+00  2.000000e+01
     vertex  4.948622e+00  3.392807e+00  2.000000e+01
   endloop
 endfacet
 facet normal  0.000000e+00  0.000000e+00  1.000000e+00
   outer loop
     vertex  8.247704e+00  5.654678e+00  2.000000e+01
     vertex  5.039450e+00  3.256370e+00  2.000000e+01
     vertex  8.399083e+00  5.427284e+00  2.000000e+01
   endloop
 endfacet
 facet normal  5.022832e-16  7.326116e-16  1.000000e+00
   outer loop
     vertex  5.766803e+00  8.169699e+00  2.000000e+01
     vertex  5.541498e+00  8.324170e+00  2.000000e+01
     vertex  3.324899e+00  4.994502e+00  2.000000e+01
   endloop
 endfacet
 facet normal  5.022832e-16  7.326116e-16  1.000000e+00
   outer loop
     vertex  5.766803e+00  8.169699e+00  2.000000e+01
     vertex  3.324899e+00  4.994502e+00  2.000000e+01
     vertex  3.460082e+00  4.901819e+00  2.000000e+01
   endloop
 endfacet
 facet normal  0.000000e+00  0.000000e+00  1.000000e+00
   outer loop
     vertex  8.090170e+00  5.877853e+00  2.000000e+01
     vertex  4.854102e+00  3.526712e+00  2.000000e+01
     vertex  8.247704e+00  5.654678e+00  2.000000e+01
   endloop
 endfacet
 facet normal  5.415410e-16  7.040891e-16  1.000000e+00
   outer loop
     vertex  5.987805e+00  8.009132e+00  2.000000e+01
     vertex  3.592683e+00  4.805479e+00  2.000000e+01
     vertex  3.722603e+00  4.705553e+00  2.000000e+01
   endloop
 endfacet
 facet normal  5.221069e-16  7.186185e-16  1.000000e+00
   outer loop
     vertex  5.987805e+00  8.009132e+00  2.000000e+01
     vertex  3.460082e+00  4.901819e+00  2.000000e+01
     vertex  3.592683e+00  4.805479e+00  2.000000e+01
   endloop
 endfacet
 facet normal  5.221069e-16  7.186185e-16  1.000000e+00
   outer loop
     vertex  5.987805e+00  8.009132e+00  2.000000e+01
     vertex  5.766803e+00  8.169699e+00  2.000000e+01
     vertex  3.460082e+00  4.901819e+00  2.000000e+01
   endloop
 endfacet
 facet normal  0.000000e+00  0.000000e+00  1.000000e+00
   outer loop
     vertex  7.926599e+00  6.096641e+00  2.000000e+01
     vertex  4.755959e+00  3.657984e+00  2.000000e+01
     vertex  4.854102e+00  3.526712e+00  2.000000e+01
   endloop
 endfacet
 facet normal  0.000000e+00  0.000000e+00  1.000000e+00
   outer loop
     vertex  7.926599e+00  6.096641e+00  2.000000e+01
     vertex  4.854102e+00  3.526712e+00  2.000000e+01
     vertex  8.090170e+00  5.877853e+00  2.000000e+01
   endloop
 endfacet
 facet normal -1.020050e-14  8.069706e-15  1.000000e+00
   outer loop
     vertex  6.204339e+00  7.842588e+00  2.000000e+01
     vertex  5.987805e+00  8.009132e+00  2.000000e+01
     vertex  3.722603e+00  4.705553e+00  2.000000e+01
   endloop
 endfacet
 facet normal  0.000000e+00  0.000000e+00  1.000000e+00
   outer loop
     vertex  7.757113e+00  6.310879e+00  2.000000e+01
     vertex  4.755959e+00  3.657984e+00  2.000000e+01
     vertex  7.926599e+00  6.096641e+00  2.000000e+01
   endloop
 endfacet
 facet normal  0.000000e+00  0.000000e+00  1.000000e+00
   outer loop
     vertex  7.757113e+00  6.310879e+00  2.000000e+01
     vertex  4.654268e+00  3.786528e+00  2.000000e+01
     vertex  4.755959e+00  3.657984e+00  2.000000e+01
   endloop
 endfacet
 facet normal  0.000000e+00  0.000000e+00  1.000000e+00
   outer loop
     vertex  7.757113e+00  6.310879e+00  2.000000e+01
     vertex  4.549103e+00  3.912245e+00  2.000000e+01
     vertex  4.654268e+00  3.786528e+00  2.000000e+01
   endloop
 endfacet
 facet normal  0.000000e+00  0.000000e+00  1.000000e+00
   outer loop
     vertex  6.416243e+00  7.670191e+00  2.000000e+01
     vertex  3.722603e+00  4.705553e+00  2.000000e+01
     vertex  3.849746e+00  4.602115e+00  2.000000e+01
   endloop
 endfacet
 facet normal  0.000000e+00  0.000000e+00  1.000000e+00
   outer loop
     vertex  6.416243e+00  7.670191e+00  2.000000e+01
     vertex  6.204339e+00  7.842588e+00  2.000000e+01
     vertex  3.722603e+00  4.705553e+00  2.000000e+01
   endloop
 endfacet
 facet normal  0.000000e+00  0.000000e+00  1.000000e+00
   outer loop
     vertex  7.581838e+00  6.520409e+00  2.000000e+01
     vertex  4.549103e+00  3.912245e+00  2.000000e+01
     vertex  7.757113e+00  6.310879e+00  2.000000e+01
   endloop
 endfacet
 facet normal  0.000000e+00  0.000000e+00  1.000000e+00
   outer loop
     vertex  6.623358e+00  7.492071e+00  2.000000e+01
     vertex  6.416243e+00  7.670191e+00  2.000000e+01
     vertex  3.849746e+00  4.602115e+00  2.000000e+01
   endloop
 endfacet
 facet normal  0.000000e+00  0.000000e+00  1.000000e+00
   outer loop
     vertex  6.623358e+00  7.492071e+00  2.000000e+01
     vertex  3.849746e+00  4.602115e+00  2.000000e+01
     vertex  3.974015e+00  4.495242e+00  2.000000e+01
   endloop
 endfacet
 facet normal  0.000000e+00  0.000000e+00  1.000000e+00
   outer loop
     vertex  7.400906e+00  6.725072e+00  2.000000e+01
     vertex  4.440543e+00  4.035043e+00  2.000000e+01
     vertex  4.549103e+00  3.912245e+00  2.000000e+01
   endloop
 endfacet
 facet normal  0.000000e+00  0.000000e+00  1.000000e+00
   outer loop
     vertex  7.400906e+00  6.725072e+00  2.000000e+01
     vertex  4.549103e+00  3.912245e+00  2.000000e+01
     vertex  7.581838e+00  6.520409e+00  2.000000e+01
   endloop
 endfacet
 facet normal  0.000000e+00  0.000000e+00  1.000000e+00
   outer loop
     vertex  6.825531e+00  7.308360e+00  2.000000e+01
     vertex  6.623358e+00  7.492071e+00  2.000000e+01
     vertex  3.974015e+00  4.495242e+00  2.000000e+01
   endloop
 endfacet
 facet normal  0.000000e+00  0.000000e+00  1.000000e+00
   outer loop
     vertex  6.825531e+00  7.308360e+00  2.000000e+01
     vertex  3.974015e+00  4.495242e+00  2.000000e+01
     vertex  4.095319e+00  4.385016e+00  2.000000e+01
   endloop
 endfacet
 facet normal  0.000000e+00  0.000000e+00  1.000000e+00
   outer loop
     vertex  7.214450e+00  6.924717e+00  2.000000e+01
     vertex  4.328670e+00  4.154830e+00  2.000000e+01
     vertex  4.440543e+00  4.035043e+00  2.000000e+01
   endloop
 endfacet
 facet normal  0.000000e+00  0.000000e+00  1.000000e+00
   outer loop
     vertex  7.214450e+00  6.924717e+00  2.000000e+01
     vertex  4.213567e+00  4.271517e+00  2.000000e+01
     vertex  4.328670e+00  4.154830e+00  2.000000e+01
   endloop
 endfacet
 facet normal  0.000000e+00  0.000000e+00  1.000000e+00
   outer loop
     vertex  7.214450e+00  6.924717e+00  2.000000e+01
     vertex  4.440543e+00  4.035043e+00  2.000000e+01
     vertex  7.400906e+00  6.725072e+00  2.000000e+01
   endloop
 endfacet
 facet normal  0.000000e+00  0.000000e+00  1.000000e+00
   outer loop
     vertex  7.022611e+00  7.119195e+00  2.000000e+01
     vertex  4.095319e+00  4.385016e+00  2.000000e+01
     vertex  4.213567e+00  4.271517e+00  2.000000e+01
   endloop
 endfacet
 facet normal  0.000000e+00  0.000000e+00  1.000000e+00
   outer loop
     vertex  7.022611e+00  7.119195e+00  2.000000e+01
     vertex  6.825531e+00  7.308360e+00  2.000000e+01
     vertex  4.095319e+00  4.385016e+00  2.000000e+01
   endloop
 endfacet
 facet normal  0.000000e+00  0.000000e+00  1.000000e+00
   outer loop
     vertex  7.022611e+00  7.119195e+00  2.000000e+01
     vertex  4.213567e+00  4.271517e+00  2.000000e+01
     vertex  7.214450e+00  6.924717e+00  2.000000e+01
   endloop
 endfacet
 facet normal  9.999067e-01  1.365867e-02 -3.032835e-18
   outer loop
     vertex  5.997761e+00  1.638888e-01  4.000000e+01
     vertex  6.000000e+00  4.440892e-15  2.000000e+01
     vertex  5.997761e+00  1.638888e-01  2.000000e+01
   endloop
 endfacet
 facet normal  9.999067e-01  1.365867e-02 -3.025117e-18
   outer loop
     vertex  5.997761e+00  1.638888e-01  4.000000e+01
     vertex  6.000000e+00  8.881784e-15  4.000000e+01
     vertex  6.000000e+00  4.440892e-15  2.000000e+01
   endloop
 endfacet
 facet normal  9.991605e-01  4.096583e-02 -9.096241e-18
   outer loop
     vertex  5.991047e+00  3.276553e-01  4.000000e+01
     vertex  5.997761e+00  1.638888e-01  2.000000e+01
     vertex  5.991047e+00  3.276553e-01  2.000000e+01
   endloop
 endfacet
 facet normal  9.991605e-01  4.096583e-02 -9.090726e-18
   outer loop
     vertex  5.991047e+00  3.276553e-01  4.000000e+01
     vertex  5.997761e+00  1.638888e-01  4.000000e+01
     vertex  5.997761e+00  1.638888e-01  2.000000e+01
   endloop
 endfacet
 facet normal  9.976688e-01  6.824241e-02 -1.515286e-17
   outer loop
     vertex  5.979862e+00  4.911773e-01  4.000000e+01
     vertex  5.991047e+00  3.276553e-01  2.000000e+01
     vertex  5.979862e+00  4.911773e-01  2.000000e+01
   endloop
 endfacet
 facet normal  9.954325e-01  9.546807e-02 -2.119817e-17
   outer loop
     vertex  5.979862e+00  4.911773e-01  4.000000e+01
     vertex  5.979862e+00  4.911773e-01  2.000000e+01
     vertex  5.964214e+00  6.543327e-01  2.000000e+01
   endloop
 endfacet
 facet normal  9.976688e-01  6.824241e-02 -1.512488e-17
   outer loop
     vertex  5.979862e+00  4.911773e-01  4.000000e+01
     vertex  5.991047e+00  3.276553e-01  4.000000e+01
     vertex  5.991047e+00  3.276553e-01  2.000000e+01
   endloop
 endfacet
 facet normal  9.924534e-01  1.226225e-01 -2.722766e-17
   outer loop
     vertex  5.964214e+00  6.543327e-01  4.000000e+01
     vertex  5.964214e+00  6.543327e-01  2.000000e+01
     vertex  5.944116e+00  8.169999e-01  2.000000e+01
   endloop
 endfacet
 facet normal  9.954325e-01  9.546807e-02 -2.119817e-17
   outer loop
     vertex  5.964214e+00  6.543327e-01  4.000000e+01
     vertex  5.979862e+00  4.911773e-01  4.000000e+01
     vertex  5.964214e+00  6.543327e-01  2.000000e+01
   endloop
 endfacet
 facet normal  9.924534e-01  1.226225e-01 -2.722766e-17
   outer loop
     vertex  5.944116e+00  8.169999e-01  4.000000e+01
     vertex  5.964214e+00  6.543327e-01  4.000000e+01
     vertex  5.944116e+00  8.169999e-01  2.000000e+01
   endloop
 endfacet
 facet normal  9.887337e-01  1.496854e-01 -3.323684e-17
   outer loop
     vertex  5.919582e+00  9.790574e-01  4.000000e+01
     vertex  5.944116e+00  8.169999e-01  2.000000e+01
     vertex  5.919582e+00  9.790574e-01  2.000000e+01
   endloop
 endfacet
 facet normal  9.842761e-01  1.766366e-01 -3.922121e-17
   outer loop
     vertex  5.919582e+00  9.790574e-01  4.000000e+01
     vertex  5.919582e+00  9.790574e-01  2.000000e+01
     vertex  5.890630e+00  1.140384e+00  2.000000e+01
   endloop
 endfacet
 facet normal  9.887337e-01  1.496854e-01 -3.321079e-17
   outer loop
     vertex  5.919582e+00  9.790574e-01  4.000000e+01
     vertex  5.944116e+00  8.169999e-01  4.000000e+01
     vertex  5.944116e+00  8.169999e-01  2.000000e+01
   endloop
 endfacet
 facet normal  9.842761e-01  1.766366e-01 -3.922121e-17
   outer loop
     vertex  5.890630e+00  1.140384e+00  4.000000e+01
     vertex  5.919582e+00  9.790574e-01  4.000000e+01
     vertex  5.890630e+00  1.140384e+00  2.000000e+01
   endloop
 endfacet
 facet normal  9.790841e-01  2.034560e-01 -4.517631e-17
   outer loop
     vertex  5.857283e+00  1.300860e+00  4.000000e+01
     vertex  5.890630e+00  1.140384e+00  2.000000e+01
     vertex  5.857283e+00  1.300860e+00  2.000000e+01
   endloop
 endfacet
 facet normal  9.790841e-01  2.034560e-01 -4.524303e-17
   outer loop
     vertex  5.857283e+00  1.300860e+00  4.000000e+01
     vertex  5.890630e+00  1.140384e+00  4.000000e+01
     vertex  5.890630e+00  1.140384e+00  2.000000e+01
   endloop
 endfacet
 facet normal  9.731614e-01  2.301236e-01 -5.109770e-17
   outer loop
     vertex  5.819565e+00  1.460365e+00  4.000000e+01
     vertex  5.857283e+00  1.300860e+00  2.000000e+01
     vertex  5.819565e+00  1.460365e+00  2.000000e+01
   endloop
 endfacet
 facet normal  9.665125e-01  2.566194e-01 -5.698096e-17
   outer loop
     vertex  5.819565e+00  1.460365e+00  4.000000e+01
     vertex  5.819565e+00  1.460365e+00  2.000000e+01
     vertex  5.777504e+00  1.618781e+00  2.000000e+01
   endloop
 endfacet
 facet normal  9.731614e-01  2.301236e-01 -5.110176e-17
   outer loop
     vertex  5.819565e+00  1.460365e+00  4.000000e+01
     vertex  5.857283e+00  1.300860e+00  4.000000e+01
     vertex  5.857283e+00  1.300860e+00  2.000000e+01
   endloop
 endfacet
 facet normal  9.665125e-01  2.566194e-01 -5.698096e-17
   outer loop
     vertex  5.777504e+00  1.618781e+00  4.000000e+01
     vertex  5.819565e+00  1.460365e+00  4.000000e+01
     vertex  5.777504e+00  1.618781e+00  2.000000e+01
   endloop
 endfacet
 facet normal  9.591424e-01  2.829238e-01 -6.282170e-17
   outer loop
     vertex  5.731131e+00  1.775988e+00  4.000000e+01
     vertex  5.777504e+00  1.618781e+00  2.000000e+01
     vertex  5.731131e+00  1.775988e+00  2.000000e+01
   endloop
 endfacet
 facet normal  9.591424e-01  2.829238e-01 -6.291100e-17
   outer loop
     vertex  5.731131e+00  1.775988e+00  4.000000e+01
     vertex  5.777504e+00  1.618781e+00  4.000000e+01
     vertex  5.777504e+00  1.618781e+00  2.000000e+01
   endloop
 endfacet
 facet normal  9.510565e-01  3.090170e-01 -6.861556e-17
   outer loop
     vertex  5.680482e+00  1.931870e+00  4.000000e+01
     vertex  5.731131e+00  1.775988e+00  2.000000e+01
     vertex  5.680482e+00  1.931870e+00  2.000000e+01
   endloop
 endfacet
 facet normal  9.510565e-01  3.090170e-01 -6.855586e-17
   outer loop
     vertex  5.680482e+00  1.931870e+00  4.000000e+01
     vertex  5.731131e+00  1.775988e+00  4.000000e+01
     vertex  5.731131e+00  1.775988e+00  2.000000e+01
   endloop
 endfacet
 facet normal  9.422609e-01  3.348796e-01 -7.435821e-17
   outer loop
     vertex  5.625594e+00  2.086310e+00  4.000000e+01
     vertex  5.680482e+00  1.931870e+00  2.000000e+01
     vertex  5.625594e+00  2.086310e+00  2.000000e+01
   endloop
 endfacet
 facet normal  9.422609e-01  3.348796e-01 -7.460784e-17
   outer loop
     vertex  5.625594e+00  2.086310e+00  4.000000e+01
     vertex  5.680482e+00  1.931870e+00  4.000000e+01
     vertex  5.680482e+00  1.931870e+00  2.000000e+01
   endloop
 endfacet
 facet normal  9.327622e-01  3.604923e-01 -8.004538e-17
   outer loop
     vertex  5.566508e+00  2.239194e+00  4.000000e+01
     vertex  5.625594e+00  2.086310e+00  2.000000e+01
     vertex  5.566508e+00  2.239194e+00  2.000000e+01
   endloop
 endfacet
 facet normal  9.327622e-01  3.604923e-01 -7.993744e-17
   outer loop
     vertex  5.566508e+00  2.239194e+00  4.000000e+01
     vertex  5.625594e+00  2.086310e+00  4.000000e+01
     vertex  5.625594e+00  2.086310e+00  2.000000e+01
   endloop
 endfacet
 facet normal  9.225674e-01  3.858360e-01 -8.567281e-17
   outer loop
     vertex  5.503268e+00  2.390407e+00  4.000000e+01
     vertex  5.566508e+00  2.239194e+00  2.000000e+01
     vertex  5.503268e+00  2.390407e+00  2.000000e+01
   endloop
 endfacet
 facet normal  9.116841e-01  4.108918e-01 -9.123631e-17
   outer loop
     vertex  5.503268e+00  2.390407e+00  4.000000e+01
     vertex  5.503268e+00  2.390407e+00  2.000000e+01
     vertex  5.435921e+00  2.539835e+00  2.000000e+01
   endloop
 endfacet
 facet normal  9.225674e-01  3.858360e-01 -8.556929e-17
   outer loop
     vertex  5.503268e+00  2.390407e+00  4.000000e+01
     vertex  5.566508e+00  2.239194e+00  4.000000e+01
     vertex  5.566508e+00  2.239194e+00  2.000000e+01
   endloop
 endfacet
 facet normal  9.116841e-01  4.108918e-01 -9.123631e-17
   outer loop
     vertex  5.435921e+00  2.539835e+00  4.000000e+01
     vertex  5.503268e+00  2.390407e+00  4.000000e+01
     vertex  5.435921e+00  2.539835e+00  2.000000e+01
   endloop
 endfacet
 facet normal  9.001205e-01  4.356410e-01 -9.670008e-17
   outer loop
     vertex  5.364518e+00  2.687369e+00  4.000000e+01
     vertex  5.435921e+00  2.539835e+00  4.000000e+01
     vertex  5.435921e+00  2.539835e+00  2.000000e+01
   endloop
 endfacet
 facet normal  9.001205e-01  4.356410e-01 -9.673173e-17
   outer loop
     vertex  5.364518e+00  2.687369e+00  4.000000e+01
     vertex  5.435921e+00  2.539835e+00  2.000000e+01
     vertex  5.364518e+00  2.687369e+00  2.000000e+01
   endloop
 endfacet
 facet normal  8.878852e-01  4.600650e-01 -1.021592e-16
   outer loop
     vertex  5.289111e+00  2.832897e+00  4.000000e+01
     vertex  5.364518e+00  2.687369e+00  4.000000e+01
     vertex  5.364518e+00  2.687369e+00  2.000000e+01
   endloop
 endfacet
 facet normal  8.878852e-01  4.600650e-01 -1.021550e-16
   outer loop
     vertex  5.289111e+00  2.832897e+00  4.000000e+01
     vertex  5.364518e+00  2.687369e+00  2.000000e+01
     vertex  5.289111e+00  2.832897e+00  2.000000e+01
   endloop
 endfacet
 facet normal  8.749873e-01  4.841458e-01 -1.073471e-16
   outer loop
     vertex  5.209758e+00  2.976311e+00  4.000000e+01
     vertex  5.289111e+00  2.832897e+00  4.000000e+01
     vertex  5.289111e+00  2.832897e+00  2.000000e+01
   endloop
 endfacet
 facet normal  8.749873e-01  4.841458e-01 -1.075020e-16
   outer loop
     vertex  5.209758e+00  2.976311e+00  4.000000e+01
     vertex  5.289111e+00  2.832897e+00  2.000000e+01
     vertex  5.209758e+00  2.976311e+00  2.000000e+01
   endloop
 endfacet
 facet normal  8.614365e-01  5.078652e-01 -1.125308e-16
   outer loop
     vertex  5.126516e+00  3.117504e+00  4.000000e+01
     vertex  5.209758e+00  2.976311e+00  4.000000e+01
     vertex  5.209758e+00  2.976311e+00  2.000000e+01
   endloop
 endfacet
 facet normal  8.614365e-01  5.078652e-01 -1.127687e-16
   outer loop
     vertex  5.126516e+00  3.117504e+00  4.000000e+01
     vertex  5.209758e+00  2.976311e+00  2.000000e+01
     vertex  5.126516e+00  3.117504e+00  2.000000e+01
   endloop
 endfacet
 facet normal  8.472429e-01  5.312057e-01 -1.177248e-16
   outer loop
     vertex  5.039450e+00  3.256370e+00  4.000000e+01
     vertex  5.126516e+00  3.117504e+00  4.000000e+01
     vertex  5.126516e+00  3.117504e+00  2.000000e+01
   endloop
 endfacet
 facet normal  8.472429e-01  5.312057e-01 -1.179514e-16
   outer loop
     vertex  5.039450e+00  3.256370e+00  4.000000e+01
     vertex  5.126516e+00  3.117504e+00  2.000000e+01
     vertex  5.039450e+00  3.256370e+00  2.000000e+01
   endloop
 endfacet
 facet normal  8.324170e-01  5.541498e-01 -1.230460e-16
   outer loop
     vertex  4.948622e+00  3.392807e+00  4.000000e+01
     vertex  5.039450e+00  3.256370e+00  2.000000e+01
     vertex  4.948622e+00  3.392807e+00  2.000000e+01
   endloop
 endfacet
 facet normal  8.169699e-01  5.766803e-01 -1.280488e-16
   outer loop
     vertex  4.948622e+00  3.392807e+00  4.000000e+01
     vertex  4.948622e+00  3.392807e+00  2.000000e+01
     vertex  4.854102e+00  3.526712e+00  2.000000e+01
   endloop
 endfacet
 facet normal  8.324170e-01  5.541498e-01 -1.229064e-16
   outer loop
     vertex  4.948622e+00  3.392807e+00  4.000000e+01
     vertex  5.039450e+00  3.256370e+00  4.000000e+01
     vertex  5.039450e+00  3.256370e+00  2.000000e+01
   endloop
 endfacet
 facet normal  8.169699e-01  5.766803e-01 -1.280488e-16
   outer loop
     vertex  4.854102e+00  3.526712e+00  4.000000e+01
     vertex  4.948622e+00  3.392807e+00  4.000000e+01
     vertex  4.854102e+00  3.526712e+00  2.000000e+01
   endloop
 endfacet
 facet normal  8.009132e-01  5.987805e-01 -1.329560e-16
   outer loop
     vertex  4.755959e+00  3.657984e+00  4.000000e+01
     vertex  4.854102e+00  3.526712e+00  2.000000e+01
     vertex  4.755959e+00  3.657984e+00  2.000000e+01
   endloop
 endfacet
 facet normal  7.842588e-01  6.204339e-01 -1.377640e-16
   outer loop
     vertex  4.755959e+00  3.657984e+00  4.000000e+01
     vertex  4.755959e+00  3.657984e+00  2.000000e+01
     vertex  4.654268e+00  3.786528e+00  2.000000e+01
   endloop
 endfacet
 facet normal  8.009132e-01  5.987805e-01 -1.329085e-16
   outer loop
     vertex  4.755959e+00  3.657984e+00  4.000000e+01
     vertex  4.854102e+00  3.526712e+00  4.000000e+01
     vertex  4.854102e+00  3.526712e+00  2.000000e+01
   endloop
 endfacet
 facet normal  7.670191e-01  6.416243e-01 -1.424692e-16
   outer loop
     vertex  4.654268e+00  3.786528e+00  4.000000e+01
     vertex  4.654268e+00  3.786528e+00  2.000000e+01
     vertex  4.549103e+00  3.912245e+00  2.000000e+01
   endloop
 endfacet
 facet normal  7.842588e-01  6.204339e-01 -1.377640e-16
   outer loop
     vertex  4.654268e+00  3.786528e+00  4.000000e+01
     vertex  4.755959e+00  3.657984e+00  4.000000e+01
     vertex  4.654268e+00  3.786528e+00  2.000000e+01
   endloop
 endfacet
 facet normal  7.670191e-01  6.416243e-01 -1.424692e-16
   outer loop
     vertex  4.549103e+00  3.912245e+00  4.000000e+01
     vertex  4.654268e+00  3.786528e+00  4.000000e+01
     vertex  4.549103e+00  3.912245e+00  2.000000e+01
   endloop
 endfacet
 facet normal  7.492071e-01  6.623358e-01 -1.470681e-16
   outer loop
     vertex  4.440543e+00  4.035043e+00  4.000000e+01
     vertex  4.549103e+00  3.912245e+00  2.000000e+01
     vertex  4.440543e+00  4.035043e+00  2.000000e+01
   endloop
 endfacet
 facet normal  7.492071e-01  6.623358e-01 -1.472126e-16
   outer loop
     vertex  4.440543e+00  4.035043e+00  4.000000e+01
     vertex  4.549103e+00  3.912245e+00  4.000000e+01
     vertex  4.549103e+00  3.912245e+00  2.000000e+01
   endloop
 endfacet
 facet normal  7.308360e-01  6.825531e-01 -1.515572e-16
   outer loop
     vertex  4.328670e+00  4.154830e+00  4.000000e+01
     vertex  4.440543e+00  4.035043e+00  2.000000e+01
     vertex  4.328670e+00  4.154830e+00  2.000000e+01
   endloop
 endfacet
 facet normal  7.308360e-01  6.825531e-01 -1.513863e-16
   outer loop
     vertex  4.328670e+00  4.154830e+00  4.000000e+01
     vertex  4.440543e+00  4.035043e+00  4.000000e+01
     vertex  4.440543e+00  4.035043e+00  2.000000e+01
   endloop
 endfacet
 facet normal  7.119195e-01  7.022611e-01 -1.559333e-16
   outer loop
     vertex  4.213567e+00  4.271517e+00  4.000000e+01
     vertex  4.328670e+00  4.154830e+00  2.000000e+01
     vertex  4.213567e+00  4.271517e+00  2.000000e+01
   endloop
 endfacet
 facet normal  7.119195e-01  7.022611e-01 -1.561305e-16
   outer loop
     vertex  4.213567e+00  4.271517e+00  4.000000e+01
     vertex  4.328670e+00  4.154830e+00  4.000000e+01
     vertex  4.328670e+00  4.154830e+00  2.000000e+01
   endloop
 endfacet
 facet normal  6.924717e-01  7.214450e-01 -1.601930e-16
   outer loop
     vertex  4.095319e+00  4.385016e+00  4.000000e+01
     vertex  4.213567e+00  4.271517e+00  2.000000e+01
     vertex  4.095319e+00  4.385016e+00  2.000000e+01
   endloop
 endfacet
 facet normal  6.924717e-01  7.214450e-01 -1.600974e-16
   outer loop
     vertex  4.095319e+00  4.385016e+00  4.000000e+01
     vertex  4.213567e+00  4.271517e+00  4.000000e+01
     vertex  4.213567e+00  4.271517e+00  2.000000e+01
   endloop
 endfacet
 facet normal  6.725072e-01  7.400906e-01 -1.643331e-16
   outer loop
     vertex  3.974015e+00  4.495242e+00  4.000000e+01
     vertex  4.095319e+00  4.385016e+00  2.000000e+01
     vertex  3.974015e+00  4.495242e+00  2.000000e+01
   endloop
 endfacet
 facet normal  6.725072e-01  7.400906e-01 -1.641644e-16
   outer loop
     vertex  3.974015e+00  4.495242e+00  4.000000e+01
     vertex  4.095319e+00  4.385016e+00  4.000000e+01
     vertex  4.095319e+00  4.385016e+00  2.000000e+01
   endloop
 endfacet
 facet normal  6.520409e-01  7.581838e-01 -1.683506e-16
   outer loop
     vertex  3.849746e+00  4.602115e+00  4.000000e+01
     vertex  3.974015e+00  4.495242e+00  2.000000e+01
     vertex  3.849746e+00  4.602115e+00  2.000000e+01
   endloop
 endfacet
 facet normal  6.520409e-01  7.581838e-01 -1.683913e-16
   outer loop
     vertex  3.849746e+00  4.602115e+00  4.000000e+01
     vertex  3.974015e+00  4.495242e+00  4.000000e+01
     vertex  3.974015e+00  4.495242e+00  2.000000e+01
   endloop
 endfacet
 facet normal  6.310879e-01  7.757113e-01 -1.722425e-16
   outer loop
     vertex  3.722603e+00  4.705553e+00  4.000000e+01
     vertex  3.849746e+00  4.602115e+00  2.000000e+01
     vertex  3.722603e+00  4.705553e+00  2.000000e+01
   endloop
 endfacet
 facet normal  6.310879e-01  7.757113e-01 -1.722846e-16
   outer loop
     vertex  3.722603e+00  4.705553e+00  4.000000e+01
     vertex  3.849746e+00  4.602115e+00  4.000000e+01
     vertex  3.849746e+00  4.602115e+00  2.000000e+01
   endloop
 endfacet
 facet normal  6.096641e-01  7.926599e-01 -1.760059e-16
   outer loop
     vertex  3.592683e+00  4.805479e+00  4.000000e+01
     vertex  3.722603e+00  4.705553e+00  2.000000e+01
     vertex  3.592683e+00  4.805479e+00  2.000000e+01
   endloop
 endfacet
 facet normal  6.096641e-01  7.926599e-01 -1.758831e-16
   outer loop
     vertex  3.592683e+00  4.805479e+00  4.000000e+01
     vertex  3.722603e+00  4.705553e+00  4.000000e+01
     vertex  3.722603e+00  4.705553e+00  2.000000e+01
   endloop
 endfacet
 facet normal  5.877853e-01  8.090170e-01 -1.796379e-16
   outer loop
     vertex  3.460082e+00  4.901819e+00  4.000000e+01
     vertex  3.592683e+00  4.805479e+00  2.000000e+01
     vertex  3.460082e+00  4.901819e+00  2.000000e+01
   endloop
 endfacet
 facet normal  5.654678e-01  8.247704e-01 -1.831358e-16
   outer loop
     vertex  3.460082e+00  4.901819e+00  4.000000e+01
     vertex  3.460082e+00  4.901819e+00  2.000000e+01
     vertex  3.324899e+00  4.994502e+00  2.000000e+01
   endloop
 endfacet
 facet normal  5.877853e-01  8.090170e-01 -1.793890e-16
   outer loop
     vertex  3.460082e+00  4.901819e+00  4.000000e+01
     vertex  3.592683e+00  4.805479e+00  4.000000e+01
     vertex  3.592683e+00  4.805479e+00  2.000000e+01
   endloop
 endfacet
 facet normal  5.654678e-01  8.247704e-01 -1.831358e-16
   outer loop
     vertex  3.324899e+00  4.994502e+00  4.000000e+01
     vertex  3.460082e+00  4.901819e+00  4.000000e+01
     vertex  3.324899e+00  4.994502e+00  2.000000e+01
   endloop
 endfacet
 facet normal  5.427284e-01  8.399083e-01 -1.864971e-16
   outer loop
     vertex  3.187234e+00  5.083457e+00  4.000000e+01
     vertex  3.324899e+00  4.994502e+00  2.000000e+01
     vertex  3.187234e+00  5.083457e+00  2.000000e+01
   endloop
 endfacet
 facet normal  5.195840e-01  8.544194e-01 -1.897192e-16
   outer loop
     vertex  3.187234e+00  5.083457e+00  4.000000e+01
     vertex  3.187234e+00  5.083457e+00  2.000000e+01
     vertex  3.047191e+00  5.168619e+00  2.000000e+01
   endloop
 endfacet
 facet normal  5.427284e-01  8.399083e-01 -1.864288e-16
   outer loop
     vertex  3.187234e+00  5.083457e+00  4.000000e+01
     vertex  3.324899e+00  4.994502e+00  4.000000e+01
     vertex  3.324899e+00  4.994502e+00  2.000000e+01
   endloop
 endfacet
 facet normal  5.195840e-01  8.544194e-01 -1.897192e-16
   outer loop
     vertex  3.047191e+00  5.168619e+00  4.000000e+01
     vertex  3.187234e+00  5.083457e+00  4.000000e+01
     vertex  3.047191e+00  5.168619e+00  2.000000e+01
   endloop
 endfacet
 facet normal  4.960518e-01  8.682929e-01 -1.927998e-16
   outer loop
     vertex  2.904875e+00  5.249924e+00  4.000000e+01
     vertex  3.047191e+00  5.168619e+00  2.000000e+01
     vertex  2.904875e+00  5.249924e+00  2.000000e+01
   endloop
 endfacet
 facet normal  4.960518e-01  8.682929e-01 -1.929283e-16
   outer loop
     vertex  2.904875e+00  5.249924e+00  4.000000e+01
     vertex  3.047191e+00  5.168619e+00  4.000000e+01
     vertex  3.047191e+00  5.168619e+00  2.000000e+01
   endloop
 endfacet
 facet normal  4.721495e-01  8.815185e-01 -1.957364e-16
   outer loop
     vertex  2.760390e+00  5.327311e+00  4.000000e+01
     vertex  2.904875e+00  5.249924e+00  2.000000e+01
     vertex  2.760390e+00  5.327311e+00  2.000000e+01
   endloop
 endfacet
 facet normal  4.478948e-01  8.940863e-01 -1.985270e-16
   outer loop
     vertex  2.760390e+00  5.327311e+00  4.000000e+01
     vertex  2.760390e+00  5.327311e+00  2.000000e+01
     vertex  2.613846e+00  5.400723e+00  2.000000e+01
   endloop
 endfacet
 facet normal  4.721495e-01  8.815185e-01 -1.958743e-16
   outer loop
     vertex  2.760390e+00  5.327311e+00  4.000000e+01
     vertex  2.904875e+00  5.249924e+00  4.000000e+01
     vertex  2.904875e+00  5.249924e+00  2.000000e+01
   endloop
 endfacet
 facet normal  4.478948e-01  8.940863e-01 -1.985270e-16
   outer loop
     vertex  2.613846e+00  5.400723e+00  4.000000e+01
     vertex  2.760390e+00  5.327311e+00  4.000000e+01
     vertex  2.613846e+00  5.400723e+00  2.000000e+01
   endloop
 endfacet
 facet normal  4.233059e-01  9.059868e-01 -2.011695e-16
   outer loop
     vertex  2.465351e+00  5.470105e+00  4.000000e+01
     vertex  2.613846e+00  5.400723e+00  2.000000e+01
     vertex  2.465351e+00  5.470105e+00  2.000000e+01
   endloop
 endfacet
 facet normal  3.984011e-01  9.172113e-01 -2.036618e-16
   outer loop
     vertex  2.465351e+00  5.470105e+00  4.000000e+01
     vertex  2.465351e+00  5.470105e+00  2.000000e+01
     vertex  2.315016e+00  5.535404e+00  2.000000e+01
   endloop
 endfacet
 facet normal  4.233059e-01  9.059868e-01 -2.009591e-16
   outer loop
     vertex  2.465351e+00  5.470105e+00  4.000000e+01
     vertex  2.613846e+00  5.400723e+00  4.000000e+01
     vertex  2.613846e+00  5.400723e+00  2.000000e+01
   endloop
 endfacet
 facet normal  3.984011e-01  9.172113e-01 -2.036618e-16
   outer loop
     vertex  2.315016e+00  5.535404e+00  4.000000e+01
     vertex  2.465351e+00  5.470105e+00  4.000000e+01
     vertex  2.315016e+00  5.535404e+00  2.000000e+01
   endloop
 endfacet
 facet normal  3.731990e-01  9.277513e-01 -2.060022e-16
   outer loop
     vertex  2.315016e+00  5.535404e+00  4.000000e+01
     vertex  2.315016e+00  5.535404e+00  2.000000e+01
     vertex  2.162954e+00  5.596573e+00  2.000000e+01
   endloop
 endfacet
 facet normal  3.731990e-01  9.277513e-01 -2.060022e-16
   outer loop
     vertex  2.162954e+00  5.596573e+00  4.000000e+01
     vertex  2.315016e+00  5.535404e+00  4.000000e+01
     vertex  2.162954e+00  5.596573e+00  2.000000e+01
   endloop
 endfacet
 facet normal  3.477184e-01  9.375990e-01 -2.081888e-16
   outer loop
     vertex  2.162954e+00  5.596573e+00  4.000000e+01
     vertex  2.162954e+00  5.596573e+00  2.000000e+01
     vertex  2.009278e+00  5.653566e+00  2.000000e+01
   endloop
 endfacet
 facet normal  3.477184e-01  9.375990e-01 -2.081888e-16
   outer loop
     vertex  2.009278e+00  5.653566e+00  4.000000e+01
     vertex  2.162954e+00  5.596573e+00  4.000000e+01
     vertex  2.009278e+00  5.653566e+00  2.000000e+01
   endloop
 endfacet
 facet normal  3.219783e-01  9.467470e-01 -2.102201e-16
   outer loop
     vertex  2.009278e+00  5.653566e+00  4.000000e+01
     vertex  2.009278e+00  5.653566e+00  2.000000e+01
     vertex  1.854102e+00  5.706339e+00  2.000000e+01
   endloop
 endfacet
 facet normal  3.219783e-01  9.467470e-01 -2.102201e-16
   outer loop
     vertex  1.854102e+00  5.706339e+00  4.000000e+01
     vertex  2.009278e+00  5.653566e+00  4.000000e+01
     vertex  1.854102e+00  5.706339e+00  2.000000e+01
   endloop
 endfacet
 facet normal  2.959980e-01  9.551886e-01 -2.120945e-16
   outer loop
     vertex  1.854102e+00  5.706339e+00  4.000000e+01
     vertex  1.854102e+00  5.706339e+00  2.000000e+01
     vertex  1.697543e+00  5.754854e+00  2.000000e+01
   endloop
 endfacet
 facet normal  2.959980e-01  9.551886e-01 -2.120945e-16
   outer loop
     vertex  1.697543e+00  5.754854e+00  4.000000e+01
     vertex  1.854102e+00  5.706339e+00  4.000000e+01
     vertex  1.697543e+00  5.754854e+00  2.000000e+01
   endloop
 endfacet
 facet normal  2.697968e-01  9.629173e-01 -2.139366e-16
   outer loop
     vertex  1.539717e+00  5.799075e+00  4.000000e+01
     vertex  1.697543e+00  5.754854e+00  4.000000e+01
     vertex  1.697543e+00  5.754854e+00  2.000000e+01
   endloop
 endfacet
 facet normal  2.697968e-01  9.629173e-01 -2.138106e-16
   outer loop
     vertex  1.539717e+00  5.799075e+00  4.000000e+01
     vertex  1.697543e+00  5.754854e+00  2.000000e+01
     vertex  1.539717e+00  5.799075e+00  2.000000e+01
   endloop
 endfacet
 facet normal  2.433942e-01  9.699274e-01 -2.153533e-16
   outer loop
     vertex  1.380742e+00  5.838968e+00  4.000000e+01
     vertex  1.539717e+00  5.799075e+00  4.000000e+01
     vertex  1.539717e+00  5.799075e+00  2.000000e+01
   endloop
 endfacet
 facet normal  2.433942e-01  9.699274e-01 -2.153672e-16
   outer loop
     vertex  1.380742e+00  5.838968e+00  4.000000e+01
     vertex  1.539717e+00  5.799075e+00  2.000000e+01
     vertex  1.380742e+00  5.838968e+00  2.000000e+01
   endloop
 endfacet
 facet normal  2.168100e-01  9.762138e-01 -2.167630e-16
   outer loop
     vertex  1.380742e+00  5.838968e+00  4.000000e+01
     vertex  1.380742e+00  5.838968e+00  2.000000e+01
     vertex  1.220736e+00  5.874505e+00  2.000000e+01
   endloop
 endfacet
 facet normal  2.168100e-01  9.762138e-01 -2.167630e-16
   outer loop
     vertex  1.220736e+00  5.874505e+00  4.000000e+01
     vertex  1.380742e+00  5.838968e+00  4.000000e+01
     vertex  1.220736e+00  5.874505e+00  2.000000e+01
   endloop
 endfacet
 facet normal  1.900640e-01  9.817717e-01 -2.179971e-16
   outer loop
     vertex  1.220736e+00  5.874505e+00  4.000000e+01
     vertex  1.220736e+00  5.874505e+00  2.000000e+01
     vertex  1.059820e+00  5.905657e+00  2.000000e+01
   endloop
 endfacet
 facet normal  1.900640e-01  9.817717e-01 -2.179971e-16
   outer loop
     vertex  1.059820e+00  5.905657e+00  4.000000e+01
     vertex  1.220736e+00  5.874505e+00  4.000000e+01
     vertex  1.059820e+00  5.905657e+00  2.000000e+01
   endloop
 endfacet
 facet normal  1.631762e-01  9.865969e-01 -2.190685e-16
   outer loop
     vertex  1.059820e+00  5.905657e+00  4.000000e+01
     vertex  1.059820e+00  5.905657e+00  2.000000e+01
     vertex  8.981124e-01  5.932402e+00  2.000000e+01
   endloop
 endfacet
 facet normal  1.631762e-01  9.865969e-01 -2.190685e-16
   outer loop
     vertex  8.981124e-01  5.932402e+00  4.000000e+01
     vertex  1.059820e+00  5.905657e+00  4.000000e+01
     vertex  8.981124e-01  5.932402e+00  2.000000e+01
   endloop
 endfacet
 facet normal  1.361666e-01  9.906859e-01 -2.199813e-16
   outer loop
     vertex  7.357349e-01  5.954720e+00  4.000000e+01
     vertex  8.981124e-01  5.932402e+00  4.000000e+01
     vertex  8.981124e-01  5.932402e+00  2.000000e+01
   endloop
 endfacet
 facet normal  1.361666e-01  9.906859e-01 -2.199765e-16
   outer loop
     vertex  7.357349e-01  5.954720e+00  4.000000e+01
     vertex  8.981124e-01  5.932402e+00  2.000000e+01
     vertex  7.357349e-01  5.954720e+00  2.000000e+01
   endloop
 endfacet
 facet normal  1.090555e-01  9.940357e-01 -2.207614e-16
   outer loop
     vertex  5.728084e-01  5.972595e+00  4.000000e+01
     vertex  7.357349e-01  5.954720e+00  4.000000e+01
     vertex  7.357349e-01  5.954720e+00  2.000000e+01
   endloop
 endfacet
 facet normal  1.090555e-01  9.940357e-01 -2.207203e-16
   outer loop
     vertex  5.728084e-01  5.972595e+00  4.000000e+01
     vertex  7.357349e-01  5.954720e+00  2.000000e+01
     vertex  5.728084e-01  5.972595e+00  2.000000e+01
   endloop
 endfacet
 facet normal  8.186288e-02  9.966436e-01 -2.212993e-16
   outer loop
     vertex  4.094545e-01  5.986013e+00  4.000000e+01
     vertex  5.728084e-01  5.972595e+00  2.000000e+01
     vertex  4.094545e-01  5.986013e+00  2.000000e+01
   endloop
 endfacet
 facet normal  8.186288e-02  9.966436e-01 -2.213480e-16
   outer loop
     vertex  4.094545e-01  5.986013e+00  4.000000e+01
     vertex  5.728084e-01  5.972595e+00  4.000000e+01
     vertex  5.728084e-01  5.972595e+00  2.000000e+01
   endloop
 endfacet
 facet normal  5.460922e-02  9.985078e-01 -2.217133e-16
   outer loop
     vertex  2.457950e-01  5.994963e+00  4.000000e+01
     vertex  4.094545e-01  5.986013e+00  2.000000e+01
     vertex  2.457950e-01  5.994963e+00  2.000000e+01
   endloop
 endfacet
 facet normal  5.460922e-02  9.985078e-01 -2.217052e-16
   outer loop
     vertex  2.457950e-01  5.994963e+00  4.000000e+01
     vertex  4.094545e-01  5.986013e+00  4.000000e+01
     vertex  4.094545e-01  5.986013e+00  2.000000e+01
   endloop
 endfacet
 facet normal  2.731480e-02  9.996269e-01 -2.219618e-16
   outer loop
     vertex  8.195204e-02  5.999440e+00  4.000000e+01
     vertex  2.457950e-01  5.994963e+00  2.000000e+01
     vertex  8.195204e-02  5.999440e+00  2.000000e+01
   endloop
 endfacet
 facet normal  2.731480e-02  9.996269e-01 -2.219475e-16
   outer loop
     vertex  8.195204e-02  5.999440e+00  4.000000e+01
     vertex  2.457950e-01  5.994963e+00  4.000000e+01
     vertex  2.457950e-01  5.994963e+00  2.000000e+01
   endloop
 endfacet
 facet normal -5.418891e-15  1.000000e+00 -2.220446e-16
   outer loop
     vertex -8.195204e-02  5.999440e+00  4.000000e+01
     vertex  8.195204e-02  5.999440e+00  2.000000e+01
     vertex -8.195204e-02  5.999440e+00  2.000000e+01
   endloop
 endfacet
 facet normal -5.418891e-15  1.000000e+00 -2.220446e-16
   outer loop
     vertex -8.195204e-02  5.999440e+00  4.000000e+01
     vertex  8.195204e-02  5.999440e+00  4.000000e+01
     vertex  8.195204e-02  5.999440e+00  2.000000e+01
   endloop
 endfacet
 facet normal -2.731480e-02  9.996269e-01 -2.219618e-16
   outer loop
     vertex -2.457950e-01  5.994963e+00  4.000000e+01
     vertex -8.195204e-02  5.999440e+00  2.000000e+01
     vertex -2.457950e-01  5.994963e+00  2.000000e+01
   endloop
 endfacet
 facet normal -2.731480e-02  9.996269e-01 -2.219593e-16
   outer loop
     vertex -2.457950e-01  5.994963e+00  4.000000e+01
     vertex -8.195204e-02  5.999440e+00  4.000000e+01
     vertex -8.195204e-02  5.999440e+00  2.000000e+01
   endloop
 endfacet
 facet normal -5.460922e-02  9.985078e-01 -2.217133e-16
   outer loop
     vertex -4.094545e-01  5.986013e+00  4.000000e+01
     vertex -2.457950e-01  5.994963e+00  2.000000e+01
     vertex -4.094545e-01  5.986013e+00  2.000000e+01
   endloop
 endfacet
 facet normal -5.460922e-02  9.985078e-01 -2.217451e-16
   outer loop
     vertex -4.094545e-01  5.986013e+00  4.000000e+01
     vertex -2.457950e-01  5.994963e+00  4.000000e+01
     vertex -2.457950e-01  5.994963e+00  2.000000e+01
   endloop
 endfacet
 facet normal -8.186288e-02  9.966436e-01 -2.212993e-16
   outer loop
     vertex -5.728084e-01  5.972595e+00  4.000000e+01
     vertex -4.094545e-01  5.986013e+00  2.000000e+01
     vertex -5.728084e-01  5.972595e+00  2.000000e+01
   endloop
 endfacet
 facet normal -1.090555e-01  9.940357e-01 -2.207203e-16
   outer loop
     vertex -5.728084e-01  5.972595e+00  4.000000e+01
     vertex -5.728084e-01  5.972595e+00  2.000000e+01
     vertex -7.357349e-01  5.954720e+00  2.000000e+01
   endloop
 endfacet
 facet normal -8.186288e-02  9.966436e-01 -2.212730e-16
   outer loop
     vertex -5.728084e-01  5.972595e+00  4.000000e+01
     vertex -4.094545e-01  5.986013e+00  4.000000e+01
     vertex -4.094545e-01  5.986013e+00  2.000000e+01
   endloop
 endfacet
 facet normal -1.090555e-01  9.940357e-01 -2.207203e-16
   outer loop
     vertex -7.357349e-01  5.954720e+00  4.000000e+01
     vertex -5.728084e-01  5.972595e+00  4.000000e+01
     vertex -7.357349e-01  5.954720e+00  2.000000e+01
   endloop
 endfacet
 facet normal -1.361666e-01  9.906859e-01 -2.199765e-16
   outer loop
     vertex -8.981124e-01  5.932402e+00  4.000000e+01
     vertex -7.357349e-01  5.954720e+00  2.000000e+01
     vertex -8.981124e-01  5.932402e+00  2.000000e+01
   endloop
 endfacet
 facet normal -1.631762e-01  9.865969e-01 -2.190685e-16
   outer loop
     vertex -8.981124e-01  5.932402e+00  4.000000e+01
     vertex -8.981124e-01  5.932402e+00  2.000000e+01
     vertex -1.059820e+00  5.905657e+00  2.000000e+01
   endloop
 endfacet
 facet normal -1.361666e-01  9.906859e-01 -2.199337e-16
   outer loop
     vertex -8.981124e-01  5.932402e+00  4.000000e+01
     vertex -7.357349e-01  5.954720e+00  4.000000e+01
     vertex -7.357349e-01  5.954720e+00  2.000000e+01
   endloop
 endfacet
 facet normal -1.631762e-01  9.865969e-01 -2.190685e-16
   outer loop
     vertex -1.059820e+00  5.905657e+00  4.000000e+01
     vertex -8.981124e-01  5.932402e+00  4.000000e+01
     vertex -1.059820e+00  5.905657e+00  2.000000e+01
   endloop
 endfacet
 facet normal -1.900640e-01  9.817717e-01 -2.179971e-16
   outer loop
     vertex -1.220736e+00  5.874505e+00  4.000000e+01
     vertex -1.059820e+00  5.905657e+00  2.000000e+01
     vertex -1.220736e+00  5.874505e+00  2.000000e+01
   endloop
 endfacet
 facet normal -1.900640e-01  9.817717e-01 -2.180013e-16
   outer loop
     vertex -1.220736e+00  5.874505e+00  4.000000e+01
     vertex -1.059820e+00  5.905657e+00  4.000000e+01
     vertex -1.059820e+00  5.905657e+00  2.000000e+01
   endloop
 endfacet
 facet normal -2.168100e-01  9.762138e-01 -2.167630e-16
   outer loop
     vertex -1.380742e+00  5.838968e+00  4.000000e+01
     vertex -1.220736e+00  5.874505e+00  2.000000e+01
     vertex -1.380742e+00  5.838968e+00  2.000000e+01
   endloop
 endfacet
 facet normal -2.433942e-01  9.699274e-01 -2.153672e-16
   outer loop
     vertex -1.380742e+00  5.838968e+00  4.000000e+01
     vertex -1.380742e+00  5.838968e+00  2.000000e+01
     vertex -1.539717e+00  5.799075e+00  2.000000e+01
   endloop
 endfacet
 facet normal -2.168100e-01  9.762138e-01 -2.167584e-16
   outer loop
     vertex -1.380742e+00  5.838968e+00  4.000000e+01
     vertex -1.220736e+00  5.874505e+00  4.000000e+01
     vertex -1.220736e+00  5.874505e+00  2.000000e+01
   endloop
 endfacet
 facet normal -2.433942e-01  9.699274e-01 -2.153672e-16
   outer loop
     vertex -1.539717e+00  5.799075e+00  4.000000e+01
     vertex -1.380742e+00  5.838968e+00  4.000000e+01
     vertex -1.539717e+00  5.799075e+00  2.000000e+01
   endloop
 endfacet
 facet normal -2.697968e-01  9.629173e-01 -2.137020e-16
   outer loop
     vertex -1.697543e+00  5.754854e+00  4.000000e+01
     vertex -1.539717e+00  5.799075e+00  4.000000e+01
     vertex -1.539717e+00  5.799075e+00  2.000000e+01
   endloop
 endfacet
 facet normal -2.697968e-01  9.629173e-01 -2.138106e-16
   outer loop
     vertex -1.697543e+00  5.754854e+00  4.000000e+01
     vertex -1.539717e+00  5.799075e+00  2.000000e+01
     vertex -1.697543e+00  5.754854e+00  2.000000e+01
   endloop
 endfacet
 facet normal -2.959980e-01  9.551886e-01 -2.121877e-16
   outer loop
     vertex -1.854102e+00  5.706339e+00  4.000000e+01
     vertex -1.697543e+00  5.754854e+00  4.000000e+01
     vertex -1.697543e+00  5.754854e+00  2.000000e+01
   endloop
 endfacet
 facet normal -2.959980e-01  9.551886e-01 -2.120945e-16
   outer loop
     vertex -1.854102e+00  5.706339e+00  4.000000e+01
     vertex -1.697543e+00  5.754854e+00  2.000000e+01
     vertex -1.854102e+00  5.706339e+00  2.000000e+01
   endloop
 endfacet
 facet normal -3.219783e-01  9.467470e-01 -2.102201e-16
   outer loop
     vertex -1.854102e+00  5.706339e+00  4.000000e+01
     vertex -1.854102e+00  5.706339e+00  2.000000e+01
     vertex -2.009278e+00  5.653566e+00  2.000000e+01
   endloop
 endfacet
 facet normal -3.219783e-01  9.467470e-01 -2.102201e-16
   outer loop
     vertex -2.009278e+00  5.653566e+00  4.000000e+01
     vertex -1.854102e+00  5.706339e+00  4.000000e+01
     vertex -2.009278e+00  5.653566e+00  2.000000e+01
   endloop
 endfacet
 facet normal -3.477184e-01  9.375990e-01 -2.081888e-16
   outer loop
     vertex -2.009278e+00  5.653566e+00  4.000000e+01
     vertex -2.009278e+00  5.653566e+00  2.000000e+01
     vertex -2.162954e+00  5.596573e+00  2.000000e+01
   endloop
 endfacet
 facet normal -3.477184e-01  9.375990e-01 -2.081888e-16
   outer loop
     vertex -2.162954e+00  5.596573e+00  4.000000e+01
     vertex -2.009278e+00  5.653566e+00  4.000000e+01
     vertex -2.162954e+00  5.596573e+00  2.000000e+01
   endloop
 endfacet
 facet normal -3.731990e-01  9.277513e-01 -2.058203e-16
   outer loop
     vertex -2.315016e+00  5.535404e+00  4.000000e+01
     vertex -2.162954e+00  5.596573e+00  4.000000e+01
     vertex -2.162954e+00  5.596573e+00  2.000000e+01
   endloop
 endfacet
 facet normal -3.731990e-01  9.277513e-01 -2.060022e-16
   outer loop
     vertex -2.315016e+00  5.535404e+00  4.000000e+01
     vertex -2.162954e+00  5.596573e+00  2.000000e+01
     vertex -2.315016e+00  5.535404e+00  2.000000e+01
   endloop
 endfacet
 facet normal -3.984011e-01  9.172113e-01 -2.037934e-16
   outer loop
     vertex -2.465351e+00  5.470105e+00  4.000000e+01
     vertex -2.315016e+00  5.535404e+00  4.000000e+01
     vertex -2.315016e+00  5.535404e+00  2.000000e+01
   endloop
 endfacet
 facet normal -3.984011e-01  9.172113e-01 -2.036618e-16
   outer loop
     vertex -2.465351e+00  5.470105e+00  4.000000e+01
     vertex -2.315016e+00  5.535404e+00  2.000000e+01
     vertex -2.465351e+00  5.470105e+00  2.000000e+01
   endloop
 endfacet
 facet normal -4.233059e-01  9.059868e-01 -2.011695e-16
   outer loop
     vertex -2.465351e+00  5.470105e+00  4.000000e+01
     vertex -2.465351e+00  5.470105e+00  2.000000e+01
     vertex -2.613846e+00  5.400723e+00  2.000000e+01
   endloop
 endfacet
 facet normal -4.233059e-01  9.059868e-01 -2.011695e-16
   outer loop
     vertex -2.613846e+00  5.400723e+00  4.000000e+01
     vertex -2.465351e+00  5.470105e+00  4.000000e+01
     vertex -2.613846e+00  5.400723e+00  2.000000e+01
   endloop
 endfacet
 facet normal -4.478948e-01  8.940863e-01 -1.985550e-16
   outer loop
     vertex -2.760390e+00  5.327311e+00  4.000000e+01
     vertex -2.613846e+00  5.400723e+00  4.000000e+01
     vertex -2.613846e+00  5.400723e+00  2.000000e+01
   endloop
 endfacet
 facet normal -4.478948e-01  8.940863e-01 -1.985270e-16
   outer loop
     vertex -2.760390e+00  5.327311e+00  4.000000e+01
     vertex -2.613846e+00  5.400723e+00  2.000000e+01
     vertex -2.760390e+00  5.327311e+00  2.000000e+01
   endloop
 endfacet
 facet normal -4.721495e-01  8.815185e-01 -1.954986e-16
   outer loop
     vertex -2.904875e+00  5.249924e+00  4.000000e+01
     vertex -2.760390e+00  5.327311e+00  4.000000e+01
     vertex -2.760390e+00  5.327311e+00  2.000000e+01
   endloop
 endfacet
 facet normal -4.721495e-01  8.815185e-01 -1.957364e-16
   outer loop
     vertex -2.904875e+00  5.249924e+00  4.000000e+01
     vertex -2.760390e+00  5.327311e+00  2.000000e+01
     vertex -2.904875e+00  5.249924e+00  2.000000e+01
   endloop
 endfacet
 facet normal -4.960518e-01  8.682929e-01 -1.926713e-16
   outer loop
     vertex -3.047191e+00  5.168619e+00  4.000000e+01
     vertex -2.904875e+00  5.249924e+00  4.000000e+01
     vertex -2.904875e+00  5.249924e+00  2.000000e+01
   endloop
 endfacet
 facet normal -4.960518e-01  8.682929e-01 -1.927998e-16
   outer loop
     vertex -3.047191e+00  5.168619e+00  4.000000e+01
     vertex -2.904875e+00  5.249924e+00  2.000000e+01
     vertex -3.047191e+00  5.168619e+00  2.000000e+01
   endloop
 endfacet
 facet normal -5.195840e-01  8.544194e-01 -1.897205e-16
   outer loop
     vertex -3.187234e+00  5.083457e+00  4.000000e+01
     vertex -3.047191e+00  5.168619e+00  4.000000e+01
     vertex -3.047191e+00  5.168619e+00  2.000000e+01
   endloop
 endfacet
 facet normal -5.195840e-01  8.544194e-01 -1.897192e-16
   outer loop
     vertex -3.187234e+00  5.083457e+00  4.000000e+01
     vertex -3.047191e+00  5.168619e+00  2.000000e+01
     vertex -3.187234e+00  5.083457e+00  2.000000e+01
   endloop
 endfacet
 facet normal -5.427284e-01  8.399083e-01 -1.862937e-16
   outer loop
     vertex -3.324899e+00  4.994502e+00  4.000000e+01
     vertex -3.187234e+00  5.083457e+00  4.000000e+01
     vertex -3.187234e+00  5.083457e+00  2.000000e+01
   endloop
 endfacet
 facet normal -5.427284e-01  8.399083e-01 -1.864971e-16
   outer loop
     vertex -3.324899e+00  4.994502e+00  4.000000e+01
     vertex -3.187234e+00  5.083457e+00  2.000000e+01
     vertex -3.324899e+00  4.994502e+00  2.000000e+01
   endloop
 endfacet
 facet normal -5.654678e-01  8.247704e-01 -1.831394e-16
   outer loop
     vertex -3.460082e+00  4.901819e+00  4.000000e+01
     vertex -3.324899e+00  4.994502e+00  4.000000e+01
     vertex -3.324899e+00  4.994502e+00  2.000000e+01
   endloop
 endfacet
 facet normal -5.654678e-01  8.247704e-01 -1.831358e-16
   outer loop
     vertex -3.460082e+00  4.901819e+00  4.000000e+01
     vertex -3.324899e+00  4.994502e+00  2.000000e+01
     vertex -3.460082e+00  4.901819e+00  2.000000e+01
   endloop
 endfacet
 facet normal -5.877853e-01  8.090170e-01 -1.795930e-16
   outer loop
     vertex -3.592683e+00  4.805479e+00  4.000000e+01
     vertex -3.460082e+00  4.901819e+00  4.000000e+01
     vertex -3.460082e+00  4.901819e+00  2.000000e+01
   endloop
 endfacet
 facet normal -5.877853e-01  8.090170e-01 -1.796379e-16
   outer loop
     vertex -3.592683e+00  4.805479e+00  4.000000e+01
     vertex -3.460082e+00  4.901819e+00  2.000000e+01
     vertex -3.592683e+00  4.805479e+00  2.000000e+01
   endloop
 endfacet
 facet normal -6.096641e-01  7.926599e-01 -1.760059e-16
   outer loop
     vertex -3.592683e+00  4.805479e+00  4.000000e+01
     vertex -3.592683e+00  4.805479e+00  2.000000e+01
     vertex -3.722603e+00  4.705553e+00  2.000000e+01
   endloop
 endfacet
 facet normal -6.096641e-01  7.926599e-01 -1.760059e-16
   outer loop
     vertex -3.722603e+00  4.705553e+00  4.000000e+01
     vertex -3.592683e+00  4.805479e+00  4.000000e+01
     vertex -3.722603e+00  4.705553e+00  2.000000e+01
   endloop
 endfacet
 facet normal -6.310879e-01  7.757113e-01 -1.722425e-16
   outer loop
     vertex -3.722603e+00  4.705553e+00  4.000000e+01
     vertex -3.722603e+00  4.705553e+00  2.000000e+01
     vertex -3.849746e+00  4.602115e+00  2.000000e+01
   endloop
 endfacet
 facet normal -6.310879e-01  7.757113e-01 -1.722425e-16
   outer loop
     vertex -3.849746e+00  4.602115e+00  4.000000e+01
     vertex -3.722603e+00  4.705553e+00  4.000000e+01
     vertex -3.849746e+00  4.602115e+00  2.000000e+01
   endloop
 endfacet
 facet normal -6.520409e-01  7.581838e-01 -1.685079e-16
   outer loop
     vertex -3.974015e+00  4.495242e+00  4.000000e+01
     vertex -3.849746e+00  4.602115e+00  4.000000e+01
     vertex -3.849746e+00  4.602115e+00  2.000000e+01
   endloop
 endfacet
 facet normal -6.520409e-01  7.581838e-01 -1.683506e-16
   outer loop
     vertex -3.974015e+00  4.495242e+00  4.000000e+01
     vertex -3.849746e+00  4.602115e+00  2.000000e+01
     vertex -3.974015e+00  4.495242e+00  2.000000e+01
   endloop
 endfacet
 facet normal -6.725072e-01  7.400906e-01 -1.643331e-16
   outer loop
     vertex -3.974015e+00  4.495242e+00  4.000000e+01
     vertex -3.974015e+00  4.495242e+00  2.000000e+01
     vertex -4.095319e+00  4.385016e+00  2.000000e+01
   endloop
 endfacet
 facet normal -6.725072e-01  7.400906e-01 -1.643331e-16
   outer loop
     vertex -4.095319e+00  4.385016e+00  4.000000e+01
     vertex -3.974015e+00  4.495242e+00  4.000000e+01
     vertex -4.095319e+00  4.385016e+00  2.000000e+01
   endloop
 endfacet
 facet normal -6.924717e-01  7.214450e-01 -1.603022e-16
   outer loop
     vertex -4.213567e+00  4.271517e+00  4.000000e+01
     vertex -4.095319e+00  4.385016e+00  4.000000e+01
     vertex -4.095319e+00  4.385016e+00  2.000000e+01
   endloop
 endfacet
 facet normal -6.924717e-01  7.214450e-01 -1.601930e-16
   outer loop
     vertex -4.213567e+00  4.271517e+00  4.000000e+01
     vertex -4.095319e+00  4.385016e+00  2.000000e+01
     vertex -4.213567e+00  4.271517e+00  2.000000e+01
   endloop
 endfacet
 facet normal -7.119195e-01  7.022611e-01 -1.559073e-16
   outer loop
     vertex -4.328670e+00  4.154830e+00  4.000000e+01
     vertex -4.213567e+00  4.271517e+00  4.000000e+01
     vertex -4.213567e+00  4.271517e+00  2.000000e+01
   endloop
 endfacet
 facet normal -7.119195e-01  7.022611e-01 -1.559333e-16
   outer loop
     vertex -4.328670e+00  4.154830e+00  4.000000e+01
     vertex -4.213567e+00  4.271517e+00  2.000000e+01
     vertex -4.328670e+00  4.154830e+00  2.000000e+01
   endloop
 endfacet
 facet normal -7.308360e-01  6.825531e-01 -1.513741e-16
   outer loop
     vertex -4.440543e+00  4.035043e+00  4.000000e+01
     vertex -4.328670e+00  4.154830e+00  4.000000e+01
     vertex -4.328670e+00  4.154830e+00  2.000000e+01
   endloop
 endfacet
 facet normal -7.308360e-01  6.825531e-01 -1.515572e-16
   outer loop
     vertex -4.440543e+00  4.035043e+00  4.000000e+01
     vertex -4.328670e+00  4.154830e+00  2.000000e+01
     vertex -4.440543e+00  4.035043e+00  2.000000e+01
   endloop
 endfacet
 facet normal -7.492071e-01  6.623358e-01 -1.470681e-16
   outer loop
     vertex -4.549103e+00  3.912245e+00  4.000000e+01
     vertex -4.440543e+00  4.035043e+00  2.000000e+01
     vertex -4.549103e+00  3.912245e+00  2.000000e+01
   endloop
 endfacet
 facet normal -7.492071e-01  6.623358e-01 -1.472119e-16
   outer loop
     vertex -4.549103e+00  3.912245e+00  4.000000e+01
     vertex -4.440543e+00  4.035043e+00  4.000000e+01
     vertex -4.440543e+00  4.035043e+00  2.000000e+01
   endloop
 endfacet
 facet normal -7.670191e-01  6.416243e-01 -1.424692e-16
   outer loop
     vertex -4.654268e+00  3.786528e+00  4.000000e+01
     vertex -4.549103e+00  3.912245e+00  2.000000e+01
     vertex -4.654268e+00  3.786528e+00  2.000000e+01
   endloop
 endfacet
 facet normal -7.670191e-01  6.416243e-01 -1.426225e-16
   outer loop
     vertex -4.654268e+00  3.786528e+00  4.000000e+01
     vertex -4.549103e+00  3.912245e+00  4.000000e+01
     vertex -4.549103e+00  3.912245e+00  2.000000e+01
   endloop
 endfacet
 facet normal -7.842588e-01  6.204339e-01 -1.377640e-16
   outer loop
     vertex -4.755959e+00  3.657984e+00  4.000000e+01
     vertex -4.654268e+00  3.786528e+00  2.000000e+01
     vertex -4.755959e+00  3.657984e+00  2.000000e+01
   endloop
 endfacet
 facet normal -7.842588e-01  6.204339e-01 -1.378772e-16
   outer loop
     vertex -4.755959e+00  3.657984e+00  4.000000e+01
     vertex -4.654268e+00  3.786528e+00  4.000000e+01
     vertex -4.654268e+00  3.786528e+00  2.000000e+01
   endloop
 endfacet
 facet normal -8.009132e-01  5.987805e-01 -1.329560e-16
   outer loop
     vertex -4.854102e+00  3.526712e+00  4.000000e+01
     vertex -4.755959e+00  3.657984e+00  2.000000e+01
     vertex -4.854102e+00  3.526712e+00  2.000000e+01
   endloop
 endfacet
 facet normal -8.009132e-01  5.987805e-01 -1.326937e-16
   outer loop
     vertex -4.854102e+00  3.526712e+00  4.000000e+01
     vertex -4.755959e+00  3.657984e+00  4.000000e+01
     vertex -4.755959e+00  3.657984e+00  2.000000e+01
   endloop
 endfacet
 facet normal -8.169699e-01  5.766803e-01 -1.281583e-16
   outer loop
     vertex -4.948622e+00  3.392807e+00  4.000000e+01
     vertex -4.854102e+00  3.526712e+00  4.000000e+01
     vertex -4.854102e+00  3.526712e+00  2.000000e+01
   endloop
 endfacet
 facet normal -8.169699e-01  5.766803e-01 -1.280488e-16
   outer loop
     vertex -4.948622e+00  3.392807e+00  4.000000e+01
     vertex -4.854102e+00  3.526712e+00  2.000000e+01
     vertex -4.948622e+00  3.392807e+00  2.000000e+01
   endloop
 endfacet
 facet normal -8.324170e-01  5.541498e-01 -1.229955e-16
   outer loop
     vertex -5.039450e+00  3.256370e+00  4.000000e+01
     vertex -4.948622e+00  3.392807e+00  4.000000e+01
     vertex -4.948622e+00  3.392807e+00  2.000000e+01
   endloop
 endfacet
 facet normal -8.324170e-01  5.541498e-01 -1.230460e-16
   outer loop
     vertex -5.039450e+00  3.256370e+00  4.000000e+01
     vertex -4.948622e+00  3.392807e+00  2.000000e+01
     vertex -5.039450e+00  3.256370e+00  2.000000e+01
   endloop
 endfacet
 facet normal -8.472429e-01  5.312057e-01 -1.180777e-16
   outer loop
     vertex -5.126516e+00  3.117504e+00  4.000000e+01
     vertex -5.039450e+00  3.256370e+00  4.000000e+01
     vertex -5.039450e+00  3.256370e+00  2.000000e+01
   endloop
 endfacet
 facet normal -8.472429e-01  5.312057e-01 -1.179514e-16
   outer loop
     vertex -5.126516e+00  3.117504e+00  4.000000e+01
     vertex -5.039450e+00  3.256370e+00  2.000000e+01
     vertex -5.126516e+00  3.117504e+00  2.000000e+01
   endloop
 endfacet
 facet normal -8.614365e-01  5.078652e-01 -1.126788e-16
   outer loop
     vertex -5.209758e+00  2.976311e+00  4.000000e+01
     vertex -5.126516e+00  3.117504e+00  4.000000e+01
     vertex -5.126516e+00  3.117504e+00  2.000000e+01
   endloop
 endfacet
 facet normal -8.614365e-01  5.078652e-01 -1.127687e-16
   outer loop
     vertex -5.209758e+00  2.976311e+00  4.000000e+01
     vertex -5.126516e+00  3.117504e+00  2.000000e+01
     vertex -5.209758e+00  2.976311e+00  2.000000e+01
   endloop
 endfacet
 facet normal -8.749873e-01  4.841458e-01 -1.073240e-16
   outer loop
     vertex -5.289111e+00  2.832897e+00  4.000000e+01
     vertex -5.209758e+00  2.976311e+00  4.000000e+01
     vertex -5.209758e+00  2.976311e+00  2.000000e+01
   endloop
 endfacet
 facet normal -8.749873e-01  4.841458e-01 -1.075020e-16
   outer loop
     vertex -5.289111e+00  2.832897e+00  4.000000e+01
     vertex -5.209758e+00  2.976311e+00  2.000000e+01
     vertex -5.289111e+00  2.832897e+00  2.000000e+01
   endloop
 endfacet
 facet normal -8.878852e-01  4.600650e-01 -1.020989e-16
   outer loop
     vertex -5.364518e+00  2.687369e+00  4.000000e+01
     vertex -5.289111e+00  2.832897e+00  4.000000e+01
     vertex -5.289111e+00  2.832897e+00  2.000000e+01
   endloop
 endfacet
 facet normal -8.878852e-01  4.600650e-01 -1.021550e-16
   outer loop
     vertex -5.364518e+00  2.687369e+00  4.000000e+01
     vertex -5.289111e+00  2.832897e+00  2.000000e+01
     vertex -5.364518e+00  2.687369e+00  2.000000e+01
   endloop
 endfacet
 facet normal -9.001205e-01  4.356410e-01 -9.661560e-17
   outer loop
     vertex -5.435921e+00  2.539835e+00  4.000000e+01
     vertex -5.364518e+00  2.687369e+00  4.000000e+01
     vertex -5.364518e+00  2.687369e+00  2.000000e+01
   endloop
 endfacet
 facet normal -9.001205e-01  4.356410e-01 -9.673173e-17
   outer loop
     vertex -5.435921e+00  2.539835e+00  4.000000e+01
     vertex -5.364518e+00  2.687369e+00  2.000000e+01
     vertex -5.435921e+00  2.539835e+00  2.000000e+01
   endloop
 endfacet
 facet normal -9.116841e-01  4.108918e-01 -9.129840e-17
   outer loop
     vertex -5.503268e+00  2.390407e+00  4.000000e+01
     vertex -5.435921e+00  2.539835e+00  4.000000e+01
     vertex -5.435921e+00  2.539835e+00  2.000000e+01
   endloop
 endfacet
 facet normal -9.116841e-01  4.108918e-01 -9.123631e-17
   outer loop
     vertex -5.503268e+00  2.390407e+00  4.000000e+01
     vertex -5.435921e+00  2.539835e+00  2.000000e+01
     vertex -5.503268e+00  2.390407e+00  2.000000e+01
   endloop
 endfacet
 facet normal -9.225674e-01  3.858360e-01 -8.567281e-17
   outer loop
     vertex -5.566508e+00  2.239194e+00  4.000000e+01
     vertex -5.503268e+00  2.390407e+00  2.000000e+01
     vertex -5.566508e+00  2.239194e+00  2.000000e+01
   endloop
 endfacet
 facet normal -9.225674e-01  3.858360e-01 -8.589877e-17
   outer loop
     vertex -5.566508e+00  2.239194e+00  4.000000e+01
     vertex -5.503268e+00  2.390407e+00  4.000000e+01
     vertex -5.503268e+00  2.390407e+00  2.000000e+01
   endloop
 endfacet
 facet normal -9.327622e-01  3.604923e-01 -8.004538e-17
   outer loop
     vertex -5.625594e+00  2.086310e+00  4.000000e+01
     vertex -5.566508e+00  2.239194e+00  2.000000e+01
     vertex -5.625594e+00  2.086310e+00  2.000000e+01
   endloop
 endfacet
 facet normal -9.327622e-01  3.604923e-01 -8.023285e-17
   outer loop
     vertex -5.625594e+00  2.086310e+00  4.000000e+01
     vertex -5.566508e+00  2.239194e+00  4.000000e+01
     vertex -5.566508e+00  2.239194e+00  2.000000e+01
   endloop
 endfacet
 facet normal -9.422609e-01  3.348796e-01 -7.435821e-17
   outer loop
     vertex -5.680482e+00  1.931870e+00  4.000000e+01
     vertex -5.625594e+00  2.086310e+00  2.000000e+01
     vertex -5.680482e+00  1.931870e+00  2.000000e+01
   endloop
 endfacet
 facet normal -9.422609e-01  3.348796e-01 -7.462230e-17
   outer loop
     vertex -5.680482e+00  1.931870e+00  4.000000e+01
     vertex -5.625594e+00  2.086310e+00  4.000000e+01
     vertex -5.625594e+00  2.086310e+00  2.000000e+01
   endloop
 endfacet
 facet normal -9.510565e-01  3.090170e-01 -6.861556e-17
   outer loop
     vertex -5.731131e+00  1.775988e+00  4.000000e+01
     vertex -5.680482e+00  1.931870e+00  2.000000e+01
     vertex -5.731131e+00  1.775988e+00  2.000000e+01
   endloop
 endfacet
 facet normal -9.510565e-01  3.090170e-01 -6.869315e-17
   outer loop
     vertex -5.731131e+00  1.775988e+00  4.000000e+01
     vertex -5.680482e+00  1.931870e+00  4.000000e+01
     vertex -5.680482e+00  1.931870e+00  2.000000e+01
   endloop
 endfacet
 facet normal -9.591424e-01  2.829238e-01 -6.282170e-17
   outer loop
     vertex -5.777504e+00  1.618781e+00  4.000000e+01
     vertex -5.731131e+00  1.775988e+00  2.000000e+01
     vertex -5.777504e+00  1.618781e+00  2.000000e+01
   endloop
 endfacet
 facet normal -9.591424e-01  2.829238e-01 -6.275604e-17
   outer loop
     vertex -5.777504e+00  1.618781e+00  4.000000e+01
     vertex -5.731131e+00  1.775988e+00  4.000000e+01
     vertex -5.731131e+00  1.775988e+00  2.000000e+01
   endloop
 endfacet
 facet normal -9.665125e-01  2.566194e-01 -5.698096e-17
   outer loop
     vertex -5.819565e+00  1.460365e+00  4.000000e+01
     vertex -5.777504e+00  1.618781e+00  2.000000e+01
     vertex -5.819565e+00  1.460365e+00  2.000000e+01
   endloop
 endfacet
 facet normal -9.731614e-01  2.301236e-01 -5.109770e-17
   outer loop
     vertex -5.819565e+00  1.460365e+00  4.000000e+01
     vertex -5.819565e+00  1.460365e+00  2.000000e+01
     vertex -5.857283e+00  1.300860e+00  2.000000e+01
   endloop
 endfacet
 facet normal -9.665125e-01  2.566194e-01 -5.689434e-17
   outer loop
     vertex -5.819565e+00  1.460365e+00  4.000000e+01
     vertex -5.777504e+00  1.618781e+00  4.000000e+01
     vertex -5.777504e+00  1.618781e+00  2.000000e+01
   endloop
 endfacet
 facet normal -9.731614e-01  2.301236e-01 -5.109770e-17
   outer loop
     vertex -5.857283e+00  1.300860e+00  4.000000e+01
     vertex -5.819565e+00  1.460365e+00  4.000000e+01
     vertex -5.857283e+00  1.300860e+00  2.000000e+01
   endloop
 endfacet
 facet normal -9.790841e-01  2.034560e-01 -4.517631e-17
   outer loop
     vertex -5.890630e+00  1.140384e+00  4.000000e+01
     vertex -5.857283e+00  1.300860e+00  2.000000e+01
     vertex -5.890630e+00  1.140384e+00  2.000000e+01
   endloop
 endfacet
 facet normal -9.842761e-01  1.766366e-01 -3.922121e-17
   outer loop
     vertex -5.890630e+00  1.140384e+00  4.000000e+01
     vertex -5.890630e+00  1.140384e+00  2.000000e+01
     vertex -5.919582e+00  9.790574e-01  2.000000e+01
   endloop
 endfacet
 facet normal -9.790841e-01  2.034560e-01 -4.529920e-17
   outer loop
     vertex -5.890630e+00  1.140384e+00  4.000000e+01
     vertex -5.857283e+00  1.300860e+00  4.000000e+01
     vertex -5.857283e+00  1.300860e+00  2.000000e+01
   endloop
 endfacet
 facet normal -9.842761e-01  1.766366e-01 -3.922121e-17
   outer loop
     vertex -5.919582e+00  9.790574e-01  4.000000e+01
     vertex -5.890630e+00  1.140384e+00  4.000000e+01
     vertex -5.919582e+00  9.790574e-01  2.000000e+01
   endloop
 endfacet
 facet normal -9.887337e-01  1.496854e-01 -3.323684e-17
   outer loop
     vertex -5.944116e+00  8.169999e-01  4.000000e+01
     vertex -5.919582e+00  9.790574e-01  2.000000e+01
     vertex -5.944116e+00  8.169999e-01  2.000000e+01
   endloop
 endfacet
 facet normal -9.887337e-01  1.496854e-01 -3.327653e-17
   outer loop
     vertex -5.944116e+00  8.169999e-01  4.000000e+01
     vertex -5.919582e+00  9.790574e-01  4.000000e+01
     vertex -5.919582e+00  9.790574e-01  2.000000e+01
   endloop
 endfacet
 facet normal -9.924534e-01  1.226225e-01 -2.722766e-17
   outer loop
     vertex -5.964214e+00  6.543327e-01  4.000000e+01
     vertex -5.944116e+00  8.169999e-01  2.000000e+01
     vertex -5.964214e+00  6.543327e-01  2.000000e+01
   endloop
 endfacet
 facet normal -9.924534e-01  1.226225e-01 -2.720423e-17
   outer loop
     vertex -5.964214e+00  6.543327e-01  4.000000e+01
     vertex -5.944116e+00  8.169999e-01  4.000000e+01
     vertex -5.944116e+00  8.169999e-01  2.000000e+01
   endloop
 endfacet
 facet normal -9.954325e-01  9.546807e-02 -2.119817e-17
   outer loop
     vertex -5.979862e+00  4.911773e-01  4.000000e+01
     vertex -5.964214e+00  6.543327e-01  2.000000e+01
     vertex -5.979862e+00  4.911773e-01  2.000000e+01
   endloop
 endfacet
 facet normal -9.954325e-01  9.546807e-02 -2.114046e-17
   outer loop
     vertex -5.979862e+00  4.911773e-01  4.000000e+01
     vertex -5.964214e+00  6.543327e-01  4.000000e+01
     vertex -5.964214e+00  6.543327e-01  2.000000e+01
   endloop
 endfacet
 facet normal -9.976688e-01  6.824241e-02 -1.515286e-17
   outer loop
     vertex -5.991047e+00  3.276553e-01  4.000000e+01
     vertex -5.979862e+00  4.911773e-01  2.000000e+01
     vertex -5.991047e+00  3.276553e-01  2.000000e+01
   endloop
 endfacet
 facet normal -9.991605e-01  4.096583e-02 -9.096241e-18
   outer loop
     vertex -5.991047e+00  3.276553e-01  4.000000e+01
     vertex -5.991047e+00  3.276553e-01  2.000000e+01
     vertex -5.997761e+00  1.638888e-01  2.000000e+01
   endloop
 endfacet
 facet normal -9.976688e-01  6.824241e-02 -1.512082e-17
   outer loop
     vertex -5.991047e+00  3.276553e-01  4.000000e+01
     vertex -5.979862e+00  4.911773e-01  4.000000e+01
     vertex -5.979862e+00  4.911773e-01  2.000000e+01
   endloop
 endfacet
 facet normal -9.999067e-01  1.365867e-02 -3.032835e-18
   outer loop
     vertex -5.997761e+00  1.638888e-01  4.000000e+01
     vertex -5.997761e+00  1.638888e-01  2.000000e+01
     vertex -6.000000e+00  5.175680e-15  2.000000e+01
   endloop
 endfacet
 facet normal -9.991605e-01  4.096583e-02 -9.096241e-18
   outer loop
     vertex -5.997761e+00  1.638888e-01  4.000000e+01
     vertex -5.991047e+00  3.276553e-01  4.000000e+01
     vertex -5.997761e+00  1.638888e-01  2.000000e+01
   endloop
 endfacet
 facet normal -9.999067e-01  1.365867e-02 -3.032835e-18
   outer loop
     vertex -6.000000e+00  9.616572e-15  4.000000e+01
     vertex -5.997761e+00  1.638888e-01  4.000000e+01
     vertex -6.000000e+00  5.175680e-15  2.000000e+01
   endloop
 endfacet
 facet normal  0.000000e+00  0.000000e+00  1.000000e+00
   outer loop
     vertex -5.979862e+00  4.911773e-01  4.000000e+01
     vertex -5.991047e+00  3.276553e-01  4.000000e+01
     vertex -5.997761e+00  1.638888e-01  4.000000e+01
   endloop
 endfacet
 facet normal  0.000000e+00  0.000000e+00  1.000000e+00
   outer loop
     vertex -5.979862e+00  4.911773e-01  4.000000e+01
     vertex -5.997761e+00  1.638888e-01  4.000000e+01
     vertex -6.000000e+00  9.616572e-15  4.000000e+01
   endloop
 endfacet
 facet normal  0.000000e+00  0.000000e+00  1.000000e+00
   outer loop
     vertex -5.944116e+00  8.169999e-01  4.000000e+01
     vertex -5.964214e+00  6.543327e-01  4.000000e+01
     vertex -5.979862e+00  4.911773e-01  4.000000e+01
   endloop
 endfacet
 facet normal  0.000000e+00  0.000000e+00  1.000000e+00
   outer loop
     vertex -5.857283e+00  1.300860e+00  4.000000e+01
     vertex -5.890630e+00  1.140384e+00  4.000000e+01
     vertex -5.919582e+00  9.790574e-01  4.000000e+01
   endloop
 endfacet
 facet normal  0.000000e+00  0.000000e+00  1.000000e+00
   outer loop
     vertex -5.857283e+00  1.300860e+00  4.000000e+01
     vertex -5.919582e+00  9.790574e-01  4.000000e+01
     vertex -5.944116e+00  8.169999e-01  4.000000e+01
   endloop
 endfacet
 facet normal  0.000000e+00  0.000000e+00  1.000000e+00
   outer loop
     vertex -5.777504e+00  1.618781e+00  4.000000e+01
     vertex -5.819565e+00  1.460365e+00  4.000000e+01
     vertex -5.857283e+00  1.300860e+00  4.000000e+01
   endloop
 endfacet
 facet normal  0.000000e+00  0.000000e+00  1.000000e+00
   outer loop
     vertex -5.625594e+00  2.086310e+00  4.000000e+01
     vertex -5.680482e+00  1.931870e+00  4.000000e+01
     vertex -5.731131e+00  1.775988e+00  4.000000e+01
   endloop
 endfacet
 facet normal  0.000000e+00  0.000000e+00  1.000000e+00
   outer loop
     vertex -5.625594e+00  2.086310e+00  4.000000e+01
     vertex -5.731131e+00  1.775988e+00  4.000000e+01
     vertex -5.777504e+00  1.618781e+00  4.000000e+01
   endloop
 endfacet
 facet normal  0.000000e+00  0.000000e+00  1.000000e+00
   outer loop
     vertex -5.625594e+00  2.086310e+00  4.000000e+01
     vertex -5.944116e+00  8.169999e-01  4.000000e+01
     vertex -5.979862e+00  4.911773e-01  4.000000e+01
   endloop
 endfacet
 facet normal  0.000000e+00  0.000000e+00  1.000000e+00
   outer loop
     vertex -5.625594e+00  2.086310e+00  4.000000e+01
     vertex -5.857283e+00  1.300860e+00  4.000000e+01
     vertex -5.944116e+00  8.169999e-01  4.000000e+01
   endloop
 endfacet
 facet normal  0.000000e+00  0.000000e+00  1.000000e+00
   outer loop
     vertex -5.625594e+00  2.086310e+00  4.000000e+01
     vertex -5.777504e+00  1.618781e+00  4.000000e+01
     vertex -5.857283e+00  1.300860e+00  4.000000e+01
   endloop
 endfacet
 facet normal  0.000000e+00  0.000000e+00  1.000000e+00
   outer loop
     vertex -5.435921e+00  2.539835e+00  4.000000e+01
     vertex -5.503268e+00  2.390407e+00  4.000000e+01
     vertex -5.566508e+00  2.239194e+00  4.000000e+01
   endloop
 endfacet
 facet normal  0.000000e+00  0.000000e+00  1.000000e+00
   outer loop
     vertex -5.435921e+00  2.539835e+00  4.000000e+01
     vertex -5.566508e+00  2.239194e+00  4.000000e+01
     vertex -5.625594e+00  2.086310e+00  4.000000e+01
   endloop
 endfacet
 facet normal  0.000000e+00  0.000000e+00  1.000000e+00
   outer loop
     vertex -5.209758e+00  2.976311e+00  4.000000e+01
     vertex -5.289111e+00  2.832897e+00  4.000000e+01
     vertex -5.364518e+00  2.687369e+00  4.000000e+01
   endloop
 endfacet
 facet normal  0.000000e+00  0.000000e+00  1.000000e+00
   outer loop
     vertex -5.126516e+00  3.117504e+00  4.000000e+01
     vertex -5.209758e+00  2.976311e+00  4.000000e+01
     vertex -5.364518e+00  2.687369e+00  4.000000e+01
   endloop
 endfacet
 facet normal  0.000000e+00  0.000000e+00  1.000000e+00
   outer loop
     vertex -4.755959e+00  3.657984e+00  4.000000e+01
     vertex -5.126516e+00  3.117504e+00  4.000000e+01
     vertex -5.364518e+00  2.687369e+00  4.000000e+01
   endloop
 endfacet
 facet normal  0.000000e+00  0.000000e+00  1.000000e+00
   outer loop
     vertex -4.755959e+00  3.657984e+00  4.000000e+01
     vertex -4.854102e+00  3.526712e+00  4.000000e+01
     vertex -4.948622e+00  3.392807e+00  4.000000e+01
   endloop
 endfacet
 facet normal  0.000000e+00  0.000000e+00  1.000000e+00
   outer loop
     vertex -4.755959e+00  3.657984e+00  4.000000e+01
     vertex -4.948622e+00  3.392807e+00  4.000000e+01
     vertex -5.039450e+00  3.256370e+00  4.000000e+01
   endloop
 endfacet
 facet normal  0.000000e+00  0.000000e+00  1.000000e+00
   outer loop
     vertex -4.755959e+00  3.657984e+00  4.000000e+01
     vertex -5.039450e+00  3.256370e+00  4.000000e+01
     vertex -5.126516e+00  3.117504e+00  4.000000e+01
   endloop
 endfacet
 facet normal  0.000000e+00  0.000000e+00  1.000000e+00
   outer loop
     vertex -4.755959e+00  3.657984e+00  4.000000e+01
     vertex -5.364518e+00  2.687369e+00  4.000000e+01
     vertex -5.435921e+00  2.539835e+00  4.000000e+01
   endloop
 endfacet
 facet normal  0.000000e+00  0.000000e+00  1.000000e+00
   outer loop
     vertex -4.328670e+00  4.154830e+00  4.000000e+01
     vertex -4.440543e+00  4.035043e+00  4.000000e+01
     vertex -4.549103e+00  3.912245e+00  4.000000e+01
   endloop
 endfacet
 facet normal  0.000000e+00  0.000000e+00  1.000000e+00
   outer loop
     vertex -4.213567e+00  4.271517e+00  4.000000e+01
     vertex -4.755959e+00  3.657984e+00  4.000000e+01
     vertex -5.435921e+00  2.539835e+00  4.000000e+01
   endloop
 endfacet
 facet normal  0.000000e+00  0.000000e+00  1.000000e+00
   outer loop
     vertex -4.213567e+00  4.271517e+00  4.000000e+01
     vertex -4.328670e+00  4.154830e+00  4.000000e+01
     vertex -4.549103e+00  3.912245e+00  4.000000e+01
   endloop
 endfacet
 facet normal  0.000000e+00  0.000000e+00  1.000000e+00
   outer loop
     vertex -4.213567e+00  4.271517e+00  4.000000e+01
     vertex -4.549103e+00  3.912245e+00  4.000000e+01
     vertex -4.654268e+00  3.786528e+00  4.000000e+01
   endloop
 endfacet
 facet normal  0.000000e+00  0.000000e+00  1.000000e+00
   outer loop
     vertex -4.213567e+00  4.271517e+00  4.000000e+01
     vertex -4.654268e+00  3.786528e+00  4.000000e+01
     vertex -4.755959e+00  3.657984e+00  4.000000e+01
   endloop
 endfacet
 facet normal  0.000000e+00  0.000000e+00  1.000000e+00
   outer loop
     vertex -3.974015e+00  4.495242e+00  4.000000e+01
     vertex -4.095319e+00  4.385016e+00  4.000000e+01
     vertex -4.213567e+00  4.271517e+00  4.000000e+01
   endloop
 endfacet
 facet normal  0.000000e+00  0.000000e+00  1.000000e+00
   outer loop
     vertex -3.849746e+00  4.602115e+00  4.000000e+01
     vertex -3.974015e+00  4.495242e+00  4.000000e+01
     vertex -4.213567e+00  4.271517e+00  4.000000e+01
   endloop
 endfacet
 facet normal  0.000000e+00  0.000000e+00  1.000000e+00
   outer loop
     vertex -3.592683e+00  4.805479e+00  4.000000e+01
     vertex -3.722603e+00  4.705553e+00  4.000000e+01
     vertex -3.849746e+00  4.602115e+00  4.000000e+01
   endloop
 endfacet
 facet normal  0.000000e+00  0.000000e+00  1.000000e+00
   outer loop
     vertex -3.460082e+00  4.901819e+00  4.000000e+01
     vertex -3.849746e+00  4.602115e+00  4.000000e+01
     vertex -4.213567e+00  4.271517e+00  4.000000e+01
   endloop
 endfacet
 facet normal  0.000000e+00  0.000000e+00  1.000000e+00
   outer loop
     vertex -3.460082e+00  4.901819e+00  4.000000e+01
     vertex -3.592683e+00  4.805479e+00  4.000000e+01
     vertex -3.849746e+00  4.602115e+00  4.000000e+01
   endloop
 endfacet
 facet normal  0.000000e+00  0.000000e+00  1.000000e+00
   outer loop
     vertex -2.613846e+00  5.400723e+00  4.000000e+01
     vertex -2.760390e+00  5.327311e+00  4.000000e+01
     vertex -2.904875e+00  5.249924e+00  4.000000e+01
   endloop
 endfacet
 facet normal  0.000000e+00  0.000000e+00  1.000000e+00
   outer loop
     vertex -2.613846e+00  5.400723e+00  4.000000e+01
     vertex -2.904875e+00  5.249924e+00  4.000000e+01
     vertex -3.047191e+00  5.168619e+00  4.000000e+01
   endloop
 endfacet
 facet normal  0.000000e+00  0.000000e+00  1.000000e+00
   outer loop
     vertex -2.613846e+00  5.400723e+00  4.000000e+01
     vertex -3.047191e+00  5.168619e+00  4.000000e+01
     vertex -3.187234e+00  5.083457e+00  4.000000e+01
   endloop
 endfacet
 facet normal  0.000000e+00  0.000000e+00  1.000000e+00
   outer loop
     vertex -2.613846e+00  5.400723e+00  4.000000e+01
     vertex -3.187234e+00  5.083457e+00  4.000000e+01
     vertex -3.324899e+00  4.994502e+00  4.000000e+01
   endloop
 endfacet
 facet normal  0.000000e+00  0.000000e+00  1.000000e+00
   outer loop
     vertex -2.613846e+00  5.400723e+00  4.000000e+01
     vertex -3.324899e+00  4.994502e+00  4.000000e+01
     vertex -3.460082e+00  4.901819e+00  4.000000e+01
   endloop
 endfacet
 facet normal  0.000000e+00  0.000000e+00  1.000000e+00
   outer loop
     vertex -2.315016e+00  5.535404e+00  4.000000e+01
     vertex -2.465351e+00  5.470105e+00  4.000000e+01
     vertex -2.613846e+00  5.400723e+00  4.000000e+01
   endloop
 endfacet
 facet normal  0.000000e+00  0.000000e+00  1.000000e+00
   outer loop
     vertex -2.162954e+00  5.596573e+00  4.000000e+01
     vertex -2.613846e+00  5.400723e+00  4.000000e+01
     vertex -3.460082e+00  4.901819e+00  4.000000e+01
   endloop
 endfacet
 facet normal  0.000000e+00  0.000000e+00  1.000000e+00
   outer loop
     vertex -2.162954e+00  5.596573e+00  4.000000e+01
     vertex -2.315016e+00  5.535404e+00  4.000000e+01
     vertex -2.613846e+00  5.400723e+00  4.000000e+01
   endloop
 endfacet
 facet normal  0.000000e+00  0.000000e+00  1.000000e+00
   outer loop
     vertex -2.162954e+00  5.596573e+00  4.000000e+01
     vertex -5.625594e+00  2.086310e+00  4.000000e+01
     vertex -5.979862e+00  4.911773e-01  4.000000e+01
   endloop
 endfacet
 facet normal  0.000000e+00  0.000000e+00  1.000000e+00
   outer loop
     vertex -2.162954e+00  5.596573e+00  4.000000e+01
     vertex -5.435921e+00  2.539835e+00  4.000000e+01
     vertex -5.625594e+00  2.086310e+00  4.000000e+01
   endloop
 endfacet
 facet normal  0.000000e+00  0.000000e+00  1.000000e+00
   outer loop
     vertex -2.162954e+00  5.596573e+00  4.000000e+01
     vertex -4.213567e+00  4.271517e+00  4.000000e+01
     vertex -5.435921e+00  2.539835e+00  4.000000e+01
   endloop
 endfacet
 facet normal  0.000000e+00  0.000000e+00  1.000000e+00
   outer loop
     vertex -2.162954e+00  5.596573e+00  4.000000e+01
     vertex -3.460082e+00  4.901819e+00  4.000000e+01
     vertex -4.213567e+00  4.271517e+00  4.000000e+01
   endloop
 endfacet
 facet normal  0.000000e+00  0.000000e+00  1.000000e+00
   outer loop
     vertex -1.854102e+00  5.706339e+00  4.000000e+01
     vertex -2.009278e+00  5.653566e+00  4.000000e+01
     vertex -2.162954e+00  5.596573e+00  4.000000e+01
   endloop
 endfacet
 facet normal  0.000000e+00  0.000000e+00  1.000000e+00
   outer loop
     vertex -1.697543e+00  5.754854e+00  4.000000e+01
     vertex -1.854102e+00  5.706339e+00  4.000000e+01
     vertex -2.162954e+00  5.596573e+00  4.000000e+01
   endloop
 endfacet
 facet normal  0.000000e+00  0.000000e+00  1.000000e+00
   outer loop
     vertex -7.357349e-01  5.954720e+00  4.000000e+01
     vertex -8.981124e-01  5.932402e+00  4.000000e+01
     vertex -1.059820e+00  5.905657e+00  4.000000e+01
   endloop
 endfacet
 facet normal  0.000000e+00  0.000000e+00  1.000000e+00
   outer loop
     vertex -7.357349e-01  5.954720e+00  4.000000e+01
     vertex -1.059820e+00  5.905657e+00  4.000000e+01
     vertex -1.220736e+00  5.874505e+00  4.000000e+01
   endloop
 endfacet
 facet normal  0.000000e+00  0.000000e+00  1.000000e+00
   outer loop
     vertex -7.357349e-01  5.954720e+00  4.000000e+01
     vertex -1.220736e+00  5.874505e+00  4.000000e+01
     vertex -1.380742e+00  5.838968e+00  4.000000e+01
   endloop
 endfacet
 facet normal  0.000000e+00  0.000000e+00  1.000000e+00
   outer loop
     vertex -7.357349e-01  5.954720e+00  4.000000e+01
     vertex -1.380742e+00  5.838968e+00  4.000000e+01
     vertex -1.539717e+00  5.799075e+00  4.000000e+01
   endloop
 endfacet
 facet normal  0.000000e+00  0.000000e+00  1.000000e+00
   outer loop
     vertex -7.357349e-01  5.954720e+00  4.000000e+01
     vertex -1.539717e+00  5.799075e+00  4.000000e+01
     vertex -1.697543e+00  5.754854e+00  4.000000e+01
   endloop
 endfacet
 facet normal  0.000000e+00  0.000000e+00  1.000000e+00
   outer loop
     vertex -8.195204e-02  5.999440e+00  4.000000e+01
     vertex -7.357349e-01  5.954720e+00  4.000000e+01
     vertex -1.697543e+00  5.754854e+00  4.000000e+01
   endloop
 endfacet
 facet normal  0.000000e+00  0.000000e+00  1.000000e+00
   outer loop
     vertex -8.195204e-02  5.999440e+00  4.000000e+01
     vertex -2.457950e-01  5.994963e+00  4.000000e+01
     vertex -4.094545e-01  5.986013e+00  4.000000e+01
   endloop
 endfacet
 facet normal  0.000000e+00  0.000000e+00  1.000000e+00
   outer loop
     vertex -8.195204e-02  5.999440e+00  4.000000e+01
     vertex -4.094545e-01  5.986013e+00  4.000000e+01
     vertex -5.728084e-01  5.972595e+00  4.000000e+01
   endloop
 endfacet
 facet normal  0.000000e+00  0.000000e+00  1.000000e+00
   outer loop
     vertex -8.195204e-02  5.999440e+00  4.000000e+01
     vertex -5.728084e-01  5.972595e+00  4.000000e+01
     vertex -7.357349e-01  5.954720e+00  4.000000e+01
   endloop
 endfacet
 facet normal  0.000000e+00  0.000000e+00  1.000000e+00
   outer loop
     vertex  2.457950e-01  5.994963e+00  4.000000e+01
     vertex  8.195204e-02  5.999440e+00  4.000000e+01
     vertex -8.195204e-02  5.999440e+00  4.000000e+01
   endloop
 endfacet
 facet normal  0.000000e+00  0.000000e+00  1.000000e+00
   outer loop
     vertex  4.094545e-01  5.986013e+00  4.000000e+01
     vertex -1.697543e+00  5.754854e+00  4.000000e+01
     vertex -2.162954e+00  5.596573e+00  4.000000e+01
   endloop
 endfacet
 facet normal  0.000000e+00  0.000000e+00  1.000000e+00
   outer loop
     vertex  4.094545e-01  5.986013e+00  4.000000e+01
     vertex -8.195204e-02  5.999440e+00  4.000000e+01
     vertex -1.697543e+00  5.754854e+00  4.000000e+01
   endloop
 endfacet
 facet normal  0.000000e+00  0.000000e+00  1.000000e+00
   outer loop
     vertex  4.094545e-01  5.986013e+00  4.000000e+01
     vertex  2.457950e-01  5.994963e+00  4.000000e+01
     vertex -8.195204e-02  5.999440e+00  4.000000e+01
   endloop
 endfacet
 facet normal  0.000000e+00  0.000000e+00  1.000000e+00
   outer loop
     vertex  5.979862e+00  4.911773e-01  4.000000e+01
     vertex  5.997761e+00  1.638888e-01  4.000000e+01
     vertex  5.991047e+00  3.276553e-01  4.000000e+01
   endloop
 endfacet
 facet normal  0.000000e+00  0.000000e+00  1.000000e+00
   outer loop
     vertex  5.964214e+00  6.543327e-01  4.000000e+01
     vertex  6.000000e+00  8.881784e-15  4.000000e+01
     vertex  5.997761e+00  1.638888e-01  4.000000e+01
   endloop
 endfacet
 facet normal  0.000000e+00  0.000000e+00  1.000000e+00
   outer loop
     vertex  5.964214e+00  6.543327e-01  4.000000e+01
     vertex  5.997761e+00  1.638888e-01  4.000000e+01
     vertex  5.979862e+00  4.911773e-01  4.000000e+01
   endloop
 endfacet
 facet normal  0.000000e+00  0.000000e+00  1.000000e+00
   outer loop
     vertex  7.357349e-01  5.954720e+00  4.000000e+01
     vertex  5.728084e-01  5.972595e+00  4.000000e+01
     vertex  4.094545e-01  5.986013e+00  4.000000e+01
   endloop
 endfacet
 facet normal  0.000000e+00  0.000000e+00  1.000000e+00
   outer loop
     vertex  5.919582e+00  9.790574e-01  4.000000e+01
     vertex  5.964214e+00  6.543327e-01  4.000000e+01
     vertex  5.944116e+00  8.169999e-01  4.000000e+01
   endloop
 endfacet
 facet normal  0.000000e+00  0.000000e+00  1.000000e+00
   outer loop
     vertex  5.919582e+00  9.790574e-01  4.000000e+01
     vertex  6.000000e+00  8.881784e-15  4.000000e+01
     vertex  5.964214e+00  6.543327e-01  4.000000e+01
   endloop
 endfacet
 facet normal  0.000000e+00  0.000000e+00  1.000000e+00
   outer loop
     vertex  5.857283e+00  1.300860e+00  4.000000e+01
     vertex  5.919582e+00  9.790574e-01  4.000000e+01
     vertex  5.890630e+00  1.140384e+00  4.000000e+01
   endloop
 endfacet
 facet normal  0.000000e+00  0.000000e+00  1.000000e+00
   outer loop
     vertex  5.857283e+00  1.300860e+00  4.000000e+01
     vertex  6.000000e+00  8.881784e-15  4.000000e+01
     vertex  5.919582e+00  9.790574e-01  4.000000e+01
   endloop
 endfacet
 facet normal  0.000000e+00  0.000000e+00  1.000000e+00
   outer loop
     vertex  1.380742e+00  5.838968e+00  4.000000e+01
     vertex  1.220736e+00  5.874505e+00  4.000000e+01
     vertex  1.059820e+00  5.905657e+00  4.000000e+01
   endloop
 endfacet
 facet normal  0.000000e+00  0.000000e+00  1.000000e+00
   outer loop
     vertex  1.380742e+00  5.838968e+00  4.000000e+01
     vertex  1.059820e+00  5.905657e+00  4.000000e+01
     vertex  8.981124e-01  5.932402e+00  4.000000e+01
   endloop
 endfacet
 facet normal  0.000000e+00  0.000000e+00  1.000000e+00
   outer loop
     vertex  1.380742e+00  5.838968e+00  4.000000e+01
     vertex  8.981124e-01  5.932402e+00  4.000000e+01
     vertex  7.357349e-01  5.954720e+00  4.000000e+01
   endloop
 endfacet
 facet normal  0.000000e+00  0.000000e+00  1.000000e+00
   outer loop
     vertex  1.380742e+00  5.838968e+00  4.000000e+01
     vertex  7.357349e-01  5.954720e+00  4.000000e+01
     vertex  4.094545e-01  5.986013e+00  4.000000e+01
   endloop
 endfacet
 facet normal  0.000000e+00  0.000000e+00  1.000000e+00
   outer loop
     vertex  1.697543e+00  5.754854e+00  4.000000e+01
     vertex  1.539717e+00  5.799075e+00  4.000000e+01
     vertex  1.380742e+00  5.838968e+00  4.000000e+01
   endloop
 endfacet
 facet normal  0.000000e+00  0.000000e+00  1.000000e+00
   outer loop
     vertex  1.697543e+00  5.754854e+00  4.000000e+01
     vertex  1.380742e+00  5.838968e+00  4.000000e+01
     vertex  4.094545e-01  5.986013e+00  4.000000e+01
   endloop
 endfacet
 facet normal  0.000000e+00  0.000000e+00  1.000000e+00
   outer loop
     vertex  5.731131e+00  1.775988e+00  4.000000e+01
     vertex  5.857283e+00  1.300860e+00  4.000000e+01
     vertex  5.819565e+00  1.460365e+00  4.000000e+01
   endloop
 endfacet
 facet normal  0.000000e+00  0.000000e+00  1.000000e+00
   outer loop
     vertex  5.731131e+00  1.775988e+00  4.000000e+01
     vertex  5.819565e+00  1.460365e+00  4.000000e+01
     vertex  5.777504e+00  1.618781e+00  4.000000e+01
   endloop
 endfacet
 facet normal  0.000000e+00  0.000000e+00  1.000000e+00
   outer loop
     vertex  5.680482e+00  1.931870e+00  4.000000e+01
     vertex  5.857283e+00  1.300860e+00  4.000000e+01
     vertex  5.731131e+00  1.775988e+00  4.000000e+01
   endloop
 endfacet
 facet normal  0.000000e+00  0.000000e+00  1.000000e+00
   outer loop
     vertex  5.680482e+00  1.931870e+00  4.000000e+01
     vertex  6.000000e+00  8.881784e-15  4.000000e+01
     vertex  5.857283e+00  1.300860e+00  4.000000e+01
   endloop
 endfacet
 facet normal  0.000000e+00  0.000000e+00  1.000000e+00
   outer loop
     vertex  2.162954e+00  5.596573e+00  4.000000e+01
     vertex  2.009278e+00  5.653566e+00  4.000000e+01
     vertex  1.854102e+00  5.706339e+00  4.000000e+01
   endloop
 endfacet
 facet normal  0.000000e+00  0.000000e+00  1.000000e+00
   outer loop
     vertex  2.162954e+00  5.596573e+00  4.000000e+01
     vertex  1.854102e+00  5.706339e+00  4.000000e+01
     vertex  1.697543e+00  5.754854e+00  4.000000e+01
   endloop
 endfacet
 facet normal  0.000000e+00  0.000000e+00  1.000000e+00
   outer loop
     vertex  2.162954e+00  5.596573e+00  4.000000e+01
     vertex  1.697543e+00  5.754854e+00  4.000000e+01
     vertex  4.094545e-01  5.986013e+00  4.000000e+01
   endloop
 endfacet
 facet normal  0.000000e+00  0.000000e+00  1.000000e+00
   outer loop
     vertex  5.503268e+00  2.390407e+00  4.000000e+01
     vertex  5.625594e+00  2.086310e+00  4.000000e+01
     vertex  5.566508e+00  2.239194e+00  4.000000e+01
   endloop
 endfacet
 facet normal  0.000000e+00  0.000000e+00  1.000000e+00
   outer loop
     vertex  2.465351e+00  5.470105e+00  4.000000e+01
     vertex  2.315016e+00  5.535404e+00  4.000000e+01
     vertex  2.162954e+00  5.596573e+00  4.000000e+01
   endloop
 endfacet
 facet normal  0.000000e+00  0.000000e+00  1.000000e+00
   outer loop
     vertex  5.435921e+00  2.539835e+00  4.000000e+01
     vertex  5.680482e+00  1.931870e+00  4.000000e+01
     vertex  5.625594e+00  2.086310e+00  4.000000e+01
   endloop
 endfacet
 facet normal  0.000000e+00  0.000000e+00  1.000000e+00
   outer loop
     vertex  5.435921e+00  2.539835e+00  4.000000e+01
     vertex  5.625594e+00  2.086310e+00  4.000000e+01
     vertex  5.503268e+00  2.390407e+00  4.000000e+01
   endloop
 endfacet
 facet normal  0.000000e+00  0.000000e+00  1.000000e+00
   outer loop
     vertex  2.613846e+00  5.400723e+00  4.000000e+01
     vertex  2.465351e+00  5.470105e+00  4.000000e+01
     vertex  2.162954e+00  5.596573e+00  4.000000e+01
   endloop
 endfacet
 facet normal  0.000000e+00  0.000000e+00  1.000000e+00
   outer loop
     vertex  5.364518e+00  2.687369e+00  4.000000e+01
     vertex -6.000000e+00  9.616572e-15  4.000000e+01
     vertex  6.000000e+00  8.881784e-15  4.000000e+01
   endloop
 endfacet
 facet normal  0.000000e+00  0.000000e+00  1.000000e+00
   outer loop
     vertex  5.364518e+00  2.687369e+00  4.000000e+01
     vertex -5.979862e+00  4.911773e-01  4.000000e+01
     vertex -6.000000e+00  9.616572e-15  4.000000e+01
   endloop
 endfacet
 facet normal  0.000000e+00  0.000000e+00  1.000000e+00
   outer loop
     vertex  5.364518e+00  2.687369e+00  4.000000e+01
     vertex  6.000000e+00  8.881784e-15  4.000000e+01
     vertex  5.680482e+00  1.931870e+00  4.000000e+01
   endloop
 endfacet
 facet normal  0.000000e+00  0.000000e+00  1.000000e+00
   outer loop
     vertex  5.364518e+00  2.687369e+00  4.000000e+01
     vertex  5.680482e+00  1.931870e+00  4.000000e+01
     vertex  5.435921e+00  2.539835e+00  4.000000e+01
   endloop
 endfacet
 facet normal  0.000000e+00  0.000000e+00  1.000000e+00
   outer loop
     vertex  5.289111e+00  2.832897e+00  4.000000e+01
     vertex -5.979862e+00  4.911773e-01  4.000000e+01
     vertex  5.364518e+00  2.687369e+00  4.000000e+01
   endloop
 endfacet
 facet normal  0.000000e+00  0.000000e+00  1.000000e+00
   outer loop
     vertex  3.047191e+00  5.168619e+00  4.000000e+01
     vertex  2.904875e+00  5.249924e+00  4.000000e+01
     vertex  2.760390e+00  5.327311e+00  4.000000e+01
   endloop
 endfacet
 facet normal  0.000000e+00  0.000000e+00  1.000000e+00
   outer loop
     vertex  3.047191e+00  5.168619e+00  4.000000e+01
     vertex  2.760390e+00  5.327311e+00  4.000000e+01
     vertex  2.613846e+00  5.400723e+00  4.000000e+01
   endloop
 endfacet
 facet normal  0.000000e+00  0.000000e+00  1.000000e+00
   outer loop
     vertex  5.126516e+00  3.117504e+00  4.000000e+01
     vertex  5.289111e+00  2.832897e+00  4.000000e+01
     vertex  5.209758e+00  2.976311e+00  4.000000e+01
   endloop
 endfacet
 facet normal  0.000000e+00  0.000000e+00  1.000000e+00
   outer loop
     vertex  5.039450e+00  3.256370e+00  4.000000e+01
     vertex  5.289111e+00  2.832897e+00  4.000000e+01
     vertex  5.126516e+00  3.117504e+00  4.000000e+01
   endloop
 endfacet
 facet normal  0.000000e+00  0.000000e+00  1.000000e+00
   outer loop
     vertex  3.324899e+00  4.994502e+00  4.000000e+01
     vertex  3.047191e+00  5.168619e+00  4.000000e+01
     vertex  2.613846e+00  5.400723e+00  4.000000e+01
   endloop
 endfacet
 facet normal  0.000000e+00  0.000000e+00  1.000000e+00
   outer loop
     vertex  3.324899e+00  4.994502e+00  4.000000e+01
     vertex  3.187234e+00  5.083457e+00  4.000000e+01
     vertex  3.047191e+00  5.168619e+00  4.000000e+01
   endloop
 endfacet
 facet normal  0.000000e+00  0.000000e+00  1.000000e+00
   outer loop
     vertex  3.460082e+00  4.901819e+00  4.000000e+01
     vertex  3.324899e+00  4.994502e+00  4.000000e+01
     vertex  2.613846e+00  5.400723e+00  4.000000e+01
   endloop
 endfacet
 facet normal  0.000000e+00  0.000000e+00  1.000000e+00
   outer loop
     vertex  3.460082e+00  4.901819e+00  4.000000e+01
     vertex  2.613846e+00  5.400723e+00  4.000000e+01
     vertex  2.162954e+00  5.596573e+00  4.000000e+01
   endloop
 endfacet
 facet normal  0.000000e+00  0.000000e+00  1.000000e+00
   outer loop
     vertex  3.592683e+00  4.805479e+00  4.000000e+01
     vertex  3.460082e+00  4.901819e+00  4.000000e+01
     vertex  2.162954e+00  5.596573e+00  4.000000e+01
   endloop
 endfacet
 facet normal  0.000000e+00  0.000000e+00  1.000000e+00
   outer loop
     vertex  4.755959e+00  3.657984e+00  4.000000e+01
     vertex  5.289111e+00  2.832897e+00  4.000000e+01
     vertex  5.039450e+00  3.256370e+00  4.000000e+01
   endloop
 endfacet
 facet normal  0.000000e+00  0.000000e+00  1.000000e+00
   outer loop
     vertex  4.755959e+00  3.657984e+00  4.000000e+01
     vertex  5.039450e+00  3.256370e+00  4.000000e+01
     vertex  4.948622e+00  3.392807e+00  4.000000e+01
   endloop
 endfacet
 facet normal  0.000000e+00  0.000000e+00  1.000000e+00
   outer loop
     vertex  4.755959e+00  3.657984e+00  4.000000e+01
     vertex  4.948622e+00  3.392807e+00  4.000000e+01
     vertex  4.854102e+00  3.526712e+00  4.000000e+01
   endloop
 endfacet
 facet normal  0.000000e+00  0.000000e+00  1.000000e+00
   outer loop
     vertex  3.722603e+00  4.705553e+00  4.000000e+01
     vertex  3.592683e+00  4.805479e+00  4.000000e+01
     vertex  2.162954e+00  5.596573e+00  4.000000e+01
   endloop
 endfacet
 facet normal  0.000000e+00  0.000000e+00  1.000000e+00
   outer loop
     vertex  3.849746e+00  4.602115e+00  4.000000e+01
     vertex  3.722603e+00  4.705553e+00  4.000000e+01
     vertex  2.162954e+00  5.596573e+00  4.000000e+01
   endloop
 endfacet
 facet normal  0.000000e+00  0.000000e+00  1.000000e+00
   outer loop
     vertex  3.974015e+00  4.495242e+00  4.000000e+01
     vertex  3.849746e+00  4.602115e+00  4.000000e+01
     vertex  2.162954e+00  5.596573e+00  4.000000e+01
   endloop
 endfacet
 facet normal  0.000000e+00  0.000000e+00  1.000000e+00
   outer loop
     vertex  4.440543e+00  4.035043e+00  4.000000e+01
     vertex  4.755959e+00  3.657984e+00  4.000000e+01
     vertex  4.654268e+00  3.786528e+00  4.000000e+01
   endloop
 endfacet
 facet normal  0.000000e+00  0.000000e+00  1.000000e+00
   outer loop
     vertex  4.440543e+00  4.035043e+00  4.000000e+01
     vertex  4.654268e+00  3.786528e+00  4.000000e+01
     vertex  4.549103e+00  3.912245e+00  4.000000e+01
   endloop
 endfacet
 facet normal  0.000000e+00  0.000000e+00  1.000000e+00
   outer loop
     vertex  4.328670e+00  4.154830e+00  4.000000e+01
     vertex -5.979862e+00  4.911773e-01  4.000000e+01
     vertex  5.289111e+00  2.832897e+00  4.000000e+01
   endloop
 endfacet
 facet normal  0.000000e+00  0.000000e+00  1.000000e+00
   outer loop
     vertex  4.328670e+00  4.154830e+00  4.000000e+01
     vertex  5.289111e+00  2.832897e+00  4.000000e+01
     vertex  4.755959e+00  3.657984e+00  4.000000e+01
   endloop
 endfacet
 facet normal  0.000000e+00  0.000000e+00  1.000000e+00
   outer loop
     vertex  4.328670e+00  4.154830e+00  4.000000e+01
     vertex  4.755959e+00  3.657984e+00  4.000000e+01
     vertex  4.440543e+00  4.035043e+00  4.000000e+01
   endloop
 endfacet
 facet normal  0.000000e+00  0.000000e+00  1.000000e+00
   outer loop
     vertex  4.328670e+00  4.154830e+00  4.000000e+01
     vertex  4.094545e-01  5.986013e+00  4.000000e+01
     vertex -2.162954e+00  5.596573e+00  4.000000e+01
   endloop
 endfacet
 facet normal  0.000000e+00  0.000000e+00  1.000000e+00
   outer loop
     vertex  4.328670e+00  4.154830e+00  4.000000e+01
     vertex  2.162954e+00  5.596573e+00  4.000000e+01
     vertex  4.094545e-01  5.986013e+00  4.000000e+01
   endloop
 endfacet
 facet normal  0.000000e+00  0.000000e+00  1.000000e+00
   outer loop
     vertex  4.328670e+00  4.154830e+00  4.000000e+01
     vertex -2.162954e+00  5.596573e+00  4.000000e+01
     vertex -5.979862e+00  4.911773e-01  4.000000e+01
   endloop
 endfacet
 facet normal  0.000000e+00  0.000000e+00  1.000000e+00
   outer loop
     vertex  4.213567e+00  4.271517e+00  4.000000e+01
     vertex  4.095319e+00  4.385016e+00  4.000000e+01
     vertex  3.974015e+00  4.495242e+00  4.000000e+01
   endloop
 endfacet
 facet normal  0.000000e+00  0.000000e+00  1.000000e+00
   outer loop
     vertex  4.213567e+00  4.271517e+00  4.000000e+01
     vertex  3.974015e+00  4.495242e+00  4.000000e+01
     vertex  2.162954e+00  5.596573e+00  4.000000e+01
   endloop
 endfacet
 facet normal  0.000000e+00  0.000000e+00  1.000000e+00
   outer loop
     vertex  4.213567e+00  4.271517e+00  4.000000e+01
     vertex  2.162954e+00  5.596573e+00  4.000000e+01
     vertex  4.328670e+00  4.154830e+00  4.000000e+01
   endloop
 endfacet
 facet normal -6.123234e-17 -1.000000e+00  2.097981e-16
   outer loop
     vertex  6.000000e+00  4.440892e-15  2.000000e+01
     vertex -1.000000e+01  1.224647e-15 -2.719262e-31
     vertex  1.000000e+01  0.000000e+00  0.000000e+00
   endloop
 endfacet
 facet normal  0.000000e+00 -1.000000e+00  2.220446e-16
   outer loop
     vertex  6.000000e+00  4.440892e-15  2.000000e+01
     vertex  1.000000e+01  0.000000e+00  0.000000e+00
     vertex  1.000000e+01  4.440892e-15  2.000000e+01
   endloop
 endfacet
 facet normal -6.123234e-17 -1.000000e+00  2.097981e-16
   outer loop
     vertex -6.000000e+00  5.175680e-15  2.000000e+01
     vertex -1.000000e+01  1.224647e-15 -2.719262e-31
     vertex  6.000000e+00  4.440892e-15  2.000000e+01
   endloop
 endfacet
 facet normal -1.224647e-16 -1.000000e+00  2.220446e-16
   outer loop
     vertex -1.000000e+01  5.665539e-15  2.000000e+01
     vertex -1.000000e+01  1.224647e-15 -2.719262e-31
     vertex -6.000000e+00  5.175680e-15  2.000000e+01
   endloop
 endfacet
 facet normal -6.123234e-17 -1.000000e+00  2.220446e-16
   outer loop
     vertex -6.000000e+00  9.616572e-15  4.000000e+01
     vertex  6.000000e+00  4.440892e-15  2.000000e+01
     vertex  6.000000e+00  8.881784e-15  4.000000e+01
   endloop
 endfacet
 facet normal -6.123234e-17 -1.000000e+00  2.220446e-16
   outer loop
     vertex -6.000000e+00  9.616572e-15  4.000000e+01
     vertex -6.000000e+00  5.175680e-15  2.000000e+01
     vertex  6.000000e+00  4.440892e-15  2.000000e+01
   endloop
 endfacet
endsolid
