solid 
 facet normal  0.000000e+00 -1.000000e+00  0.000000e+00
   outer loop
     vertex  4.000000e+01  0.000000e+00  0.000000e+00
     vertex  0.000000e+00  0.000000e+00  6.000000e+00
     vertex  0.000000e+00  0.000000e+00  0.000000e+00
   endloop
 endfacet
 facet normal  0.000000e+00 -1.000000e+00  0.000000e+00
   outer loop
     vertex  4.000000e+01  0.000000e+00  0.000000e+00
     vertex  4.000000e+01  0.000000e+00  6.000000e+00
     vertex  0.000000e+00  0.000000e+00  6.000000e+00
   endloop
 endfacet
 facet normal -1.000000e+00  0.000000e+00  0.000000e+00
   outer loop
     vertex  0.000000e+00  0.000000e+00  0.000000e+00
     vertex  0.000000e+00  3.000000e+01  6.000000e+00
     vertex  0.000000e+00  3.000000e+01  0.000000e+00
   endloop
 endfacet
 facet normal -1.000000e+00  0.000000e+00  0.000000e+00
   outer loop
     vertex  0.000000e+00  0.000000e+00  0.000000e+00
     vertex  0.000000e+00  0.000000e+00  6.000000e+00
     vertex  0.000000e+00  3.000000e+01  6.000000e+00
   endloop
 endfacet
 facet normal  1.000000e+00  0.000000e+00  0.000000e+00
   outer loop
     vertex  4.000000e+01  3.000000e+01  0.000000e+00
     vertex  4.000000e+01  0.000000e+00  6.000000e+00
     vertex  4.000000e+01  0.000000e+00  0.000000e+00
   endloop
 endfacet
 facet normal  1.000000e+00  0.000000e+00 -0.000000e+00
   outer loop
     vertex  4.000000e+01  3.000000e+01  0.000000e+00
     vertex  4.000000e+01  3.000000e+01  6.000000e+00
     vertex  4.000000e+01  0.000000e+00  6.000000e+00
   endloop
 endfacet
 facet normal -0.000000e+00  0.000000e+00 -1.000000e+00
   outer loop
     vertex  1.724029e+01  1.210449e+01  0.000000e+00
     vertex  0.000000e+00  0.000000e+00  0.000000e+00
     vertex  1.716189e+01  1.218129e+01  0.000000e+00
   endloop
 endfacet
 facet normal  0.000000e+00 -0.000000e+00 -1.000000e+00
   outer loop
     vertex  1.708563e+01  1.226021e+01  0.000000e+00
     vertex  1.716189e+01  1.218129e+01  0.000000e+00
     vertex  0.000000e+00  0.000000e+00  0.000000e+00
   endloop
 endfacet
 facet normal -0.000000e+00  0.000000e+00 -1.000000e+00
   outer loop
     vertex  1.732076e+01  1.202987e+01  0.000000e+00
     vertex  0.000000e+00  0.000000e+00  0.000000e+00
     vertex  1.724029e+01  1.210449e+01  0.000000e+00
   endloop
 endfacet
 facet normal  0.000000e+00 -0.000000e+00 -1.000000e+00
   outer loop
     vertex  1.701156e+01  1.234120e+01  0.000000e+00
     vertex  1.708563e+01  1.226021e+01  0.000000e+00
     vertex  0.000000e+00  0.000000e+00  0.000000e+00
   endloop
 endfacet
 facet normal -0.000000e+00  0.000000e+00 -1.000000e+00
   outer loop
     vertex  1.740325e+01  1.195749e+01  0.000000e+00
     vertex  0.000000e+00  0.000000e+00  0.000000e+00
     vertex  1.732076e+01  1.202987e+01  0.000000e+00
   endloop
 endfacet
 facet normal  0.000000e+00 -0.000000e+00 -1.000000e+00
   outer loop
     vertex  1.693975e+01  1.242418e+01  0.000000e+00
     vertex  1.701156e+01  1.234120e+01  0.000000e+00
     vertex  0.000000e+00  0.000000e+00  0.000000e+00
   endloop
 endfacet
 facet normal -0.000000e+00  0.000000e+00 -1.000000e+00
   outer loop
     vertex  1.748770e+01  1.188739e+01  0.000000e+00
     vertex  0.000000e+00  0.000000e+00  0.000000e+00
     vertex  1.740325e+01  1.195749e+01  0.000000e+00
   endloop
 endfacet
 facet normal  0.000000e+00 -0.000000e+00 -1.000000e+00
   outer loop
     vertex  1.687023e+01  1.250911e+01  0.000000e+00
     vertex  1.693975e+01  1.242418e+01  0.000000e+00
     vertex  0.000000e+00  0.000000e+00  0.000000e+00
   endloop
 endfacet
 facet normal -0.000000e+00  0.000000e+00 -1.000000e+00
   outer loop
     vertex  1.757403e+01  1.181964e+01  0.000000e+00
     vertex  0.000000e+00  0.000000e+00  0.000000e+00
     vertex  1.748770e+01  1.188739e+01  0.000000e+00
   endloop
 endfacet
 facet normal  0.000000e+00 -0.000000e+00 -1.000000e+00
   outer loop
     vertex  1.680307e+01  1.259591e+01  0.000000e+00
     vertex  1.687023e+01  1.250911e+01  0.000000e+00
     vertex  0.000000e+00  0.000000e+00  0.000000e+00
   endloop
 endfacet
 facet normal -0.000000e+00  0.000000e+00 -1.000000e+00
   outer loop
     vertex  1.766220e+01  1.175428e+01  0.000000e+00
     vertex  0.000000e+00  0.000000e+00  0.000000e+00
     vertex  1.757403e+01  1.181964e+01  0.000000e+00
   endloop
 endfacet
 facet normal  0.000000e+00 -0.000000e+00 -1.000000e+00
   outer loop
     vertex  1.673832e+01  1.268452e+01  0.000000e+00
     vertex  1.680307e+01  1.259591e+01  0.000000e+00
     vertex  0.000000e+00  0.000000e+00  0.000000e+00
   endloop
 endfacet
 facet normal -0.000000e+00  0.000000e+00 -1.000000e+00
   outer loop
     vertex  1.775212e+01  1.169137e+01  0.000000e+00
     vertex  0.000000e+00  0.000000e+00  0.000000e+00
     vertex  1.766220e+01  1.175428e+01  0.000000e+00
   endloop
 endfacet
 facet normal  0.000000e+00 -0.000000e+00 -1.000000e+00
   outer loop
     vertex  1.667603e+01  1.277487e+01  0.000000e+00
     vertex  1.673832e+01  1.268452e+01  0.000000e+00
     vertex  0.000000e+00  0.000000e+00  0.000000e+00
   endloop
 endfacet
 facet normal -0.000000e+00  0.000000e+00 -1.000000e+00
   outer loop
     vertex  1.784374e+01  1.163095e+01  0.000000e+00
     vertex  0.000000e+00  0.000000e+00  0.000000e+00
     vertex  1.775212e+01  1.169137e+01  0.000000e+00
   endloop
 endfacet
 facet normal  0.000000e+00 -0.000000e+00 -1.000000e+00
   outer loop
     vertex  1.661623e+01  1.286690e+01  0.000000e+00
     vertex  1.667603e+01  1.277487e+01  0.000000e+00
     vertex  0.000000e+00  0.000000e+00  0.000000e+00
   endloop
 endfacet
 facet normal -0.000000e+00  0.000000e+00 -1.000000e+00
   outer loop
     vertex  1.793697e+01  1.157306e+01  0.000000e+00
     vertex  0.000000e+00  0.000000e+00  0.000000e+00
     vertex  1.784374e+01  1.163095e+01  0.000000e+00
   endloop
 endfacet
 facet normal  0.000000e+00 -0.000000e+00 -1.000000e+00
   outer loop
     vertex  1.655899e+01  1.296053e+01  0.000000e+00
     vertex  1.661623e+01  1.286690e+01  0.000000e+00
     vertex  0.000000e+00  0.000000e+00  0.000000e+00
   endloop
 endfacet
 facet normal -0.000000e+00  0.000000e+00 -1.000000e+00
   outer loop
     vertex  1.803177e+01  1.151775e+01  0.000000e+00
     vertex  0.000000e+00  0.000000e+00  0.000000e+00
     vertex  1.793697e+01  1.157306e+01  0.000000e+00
   endloop
 endfacet
 facet normal  0.000000e+00 -0.000000e+00 -1.000000e+00
   outer loop
     vertex  1.650433e+01  1.305570e+01  0.000000e+00
     vertex  1.655899e+01  1.296053e+01  0.000000e+00
     vertex  0.000000e+00  0.000000e+00  0.000000e+00
   endloop
 endfacet
 facet normal -0.000000e+00  0.000000e+00 -1.000000e+00
   outer loop
     vertex  1.812804e+01  1.146507e+01  0.000000e+00
     vertex  0.000000e+00  0.000000e+00  0.000000e+00
     vertex  1.803177e+01  1.151775e+01  0.000000e+00
   endloop
 endfacet
 facet normal  0.000000e+00 -0.000000e+00 -1.000000e+00
   outer loop
     vertex  1.645231e+01  1.315233e+01  0.000000e+00
     vertex  1.650433e+01  1.305570e+01  0.000000e+00
     vertex  0.000000e+00  0.000000e+00  0.000000e+00
   endloop
 endfacet
 facet normal -0.000000e+00  0.000000e+00 -1.000000e+00
   outer loop
     vertex  1.822572e+01  1.141504e+01  0.000000e+00
     vertex  0.000000e+00  0.000000e+00  0.000000e+00
     vertex  1.812804e+01  1.146507e+01  0.000000e+00
   endloop
 endfacet
 facet normal  0.000000e+00 -0.000000e+00 -1.000000e+00
   outer loop
     vertex  1.640295e+01  1.325035e+01  0.000000e+00
     vertex  1.645231e+01  1.315233e+01  0.000000e+00
     vertex  0.000000e+00  0.000000e+00  0.000000e+00
   endloop
 endfacet
 facet normal -0.000000e+00  0.000000e+00 -1.000000e+00
   outer loop
     vertex  1.832474e+01  1.136771e+01  0.000000e+00
     vertex  0.000000e+00  0.000000e+00  0.000000e+00
     vertex  1.822572e+01  1.141504e+01  0.000000e+00
   endloop
 endfacet
 facet normal  0.000000e+00 -0.000000e+00 -1.000000e+00
   outer loop
     vertex  1.635631e+01  1.334969e+01  0.000000e+00
     vertex  1.640295e+01  1.325035e+01  0.000000e+00
     vertex  0.000000e+00  0.000000e+00  0.000000e+00
   endloop
 endfacet
 facet normal -0.000000e+00  0.000000e+00 -1.000000e+00
   outer loop
     vertex  1.842502e+01  1.132312e+01  0.000000e+00
     vertex  0.000000e+00  0.000000e+00  0.000000e+00
     vertex  1.832474e+01  1.136771e+01  0.000000e+00
   endloop
 endfacet
 facet normal  0.000000e+00 -0.000000e+00 -1.000000e+00
   outer loop
     vertex  1.631241e+01  1.345027e+01  0.000000e+00
     vertex  1.635631e+01  1.334969e+01  0.000000e+00
     vertex  0.000000e+00  0.000000e+00  0.000000e+00
   endloop
 endfacet
 facet normal -0.000000e+00  0.000000e+00 -1.000000e+00
   outer loop
     vertex  1.852648e+01  1.128130e+01  0.000000e+00
     vertex  0.000000e+00  0.000000e+00  0.000000e+00
     vertex  1.842502e+01  1.132312e+01  0.000000e+00
   endloop
 endfacet
 facet normal  0.000000e+00 -0.000000e+00 -1.000000e+00
   outer loop
     vertex  1.627128e+01  1.355202e+01  0.000000e+00
     vertex  1.631241e+01  1.345027e+01  0.000000e+00
     vertex  0.000000e+00  0.000000e+00  0.000000e+00
   endloop
 endfacet
 facet normal -0.000000e+00  0.000000e+00 -1.000000e+00
   outer loop
     vertex  1.862906e+01  1.124227e+01  0.000000e+00
     vertex  0.000000e+00  0.000000e+00  0.000000e+00
     vertex  1.852648e+01  1.128130e+01  0.000000e+00
   endloop
 endfacet
 facet normal  0.000000e+00 -0.000000e+00 -1.000000e+00
   outer loop
     vertex  1.623296e+01  1.365486e+01  0.000000e+00
     vertex  1.627128e+01  1.355202e+01  0.000000e+00
     vertex  0.000000e+00  0.000000e+00  0.000000e+00
   endloop
 endfacet
 facet normal -0.000000e+00  0.000000e+00 -1.000000e+00
   outer loop
     vertex  1.873266e+01  1.120608e+01  0.000000e+00
     vertex  0.000000e+00  0.000000e+00  0.000000e+00
     vertex  1.862906e+01  1.124227e+01  0.000000e+00
   endloop
 endfacet
 facet normal  0.000000e+00 -0.000000e+00 -1.000000e+00
   outer loop
     vertex  1.619747e+01  1.375871e+01  0.000000e+00
     vertex  1.623296e+01  1.365486e+01  0.000000e+00
     vertex  0.000000e+00  0.000000e+00  0.000000e+00
   endloop
 endfacet
 facet normal -0.000000e+00  0.000000e+00 -1.000000e+00
   outer loop
     vertex  1.883722e+01  1.117274e+01  0.000000e+00
     vertex  0.000000e+00  0.000000e+00  0.000000e+00
     vertex  1.873266e+01  1.120608e+01  0.000000e+00
   endloop
 endfacet
 facet normal  0.000000e+00 -0.000000e+00 -1.000000e+00
   outer loop
     vertex  1.616485e+01  1.386350e+01  0.000000e+00
     vertex  1.619747e+01  1.375871e+01  0.000000e+00
     vertex  0.000000e+00  0.000000e+00  0.000000e+00
   endloop
 endfacet
 facet normal -0.000000e+00  0.000000e+00 -1.000000e+00
   outer loop
     vertex  1.894266e+01  1.114228e+01  0.000000e+00
     vertex  0.000000e+00  0.000000e+00  0.000000e+00
     vertex  1.883722e+01  1.117274e+01  0.000000e+00
   endloop
 endfacet
 facet normal  0.000000e+00 -0.000000e+00 -1.000000e+00
   outer loop
     vertex  1.613512e+01  1.396914e+01  0.000000e+00
     vertex  1.616485e+01  1.386350e+01  0.000000e+00
     vertex  0.000000e+00  0.000000e+00  0.000000e+00
   endloop
 endfacet
 facet normal -0.000000e+00  0.000000e+00 -1.000000e+00
   outer loop
     vertex  1.904889e+01  1.111472e+01  0.000000e+00
     vertex  0.000000e+00  0.000000e+00  0.000000e+00
     vertex  1.894266e+01  1.114228e+01  0.000000e+00
   endloop
 endfacet
 facet normal  0.000000e+00 -0.000000e+00 -1.000000e+00
   outer loop
     vertex  1.610829e+01  1.407556e+01  0.000000e+00
     vertex  1.613512e+01  1.396914e+01  0.000000e+00
     vertex  0.000000e+00  0.000000e+00  0.000000e+00
   endloop
 endfacet
 facet normal -0.000000e+00  0.000000e+00 -1.000000e+00
   outer loop
     vertex  1.915583e+01  1.109009e+01  0.000000e+00
     vertex  0.000000e+00  0.000000e+00  0.000000e+00
     vertex  1.904889e+01  1.111472e+01  0.000000e+00
   endloop
 endfacet
 facet normal  0.000000e+00 -0.000000e+00 -1.000000e+00
   outer loop
     vertex  1.608439e+01  1.418267e+01  0.000000e+00
     vertex  1.610829e+01  1.407556e+01  0.000000e+00
     vertex  0.000000e+00  0.000000e+00  0.000000e+00
   endloop
 endfacet
 facet normal -0.000000e+00  0.000000e+00 -1.000000e+00
   outer loop
     vertex  1.926342e+01  1.106840e+01  0.000000e+00
     vertex  0.000000e+00  0.000000e+00  0.000000e+00
     vertex  1.915583e+01  1.109009e+01  0.000000e+00
   endloop
 endfacet
 facet normal  0.000000e+00 -0.000000e+00 -1.000000e+00
   outer loop
     vertex  1.606344e+01  1.429040e+01  0.000000e+00
     vertex  1.608439e+01  1.418267e+01  0.000000e+00
     vertex  0.000000e+00  0.000000e+00  0.000000e+00
   endloop
 endfacet
 facet normal -0.000000e+00  0.000000e+00 -1.000000e+00
   outer loop
     vertex  1.937155e+01  1.104968e+01  0.000000e+00
     vertex  0.000000e+00  0.000000e+00  0.000000e+00
     vertex  1.926342e+01  1.106840e+01  0.000000e+00
   endloop
 endfacet
 facet normal  0.000000e+00 -0.000000e+00 -1.000000e+00
   outer loop
     vertex  1.604546e+01  1.439866e+01  0.000000e+00
     vertex  1.606344e+01  1.429040e+01  0.000000e+00
     vertex  0.000000e+00  0.000000e+00  0.000000e+00
   endloop
 endfacet
 facet normal -0.000000e+00  0.000000e+00 -1.000000e+00
   outer loop
     vertex  1.948016e+01  1.103392e+01  0.000000e+00
     vertex  0.000000e+00  0.000000e+00  0.000000e+00
     vertex  1.937155e+01  1.104968e+01  0.000000e+00
   endloop
 endfacet
 facet normal  0.000000e+00 -0.000000e+00 -1.000000e+00
   outer loop
     vertex  1.603045e+01  1.450738e+01  0.000000e+00
     vertex  1.604546e+01  1.439866e+01  0.000000e+00
     vertex  0.000000e+00  0.000000e+00  0.000000e+00
   endloop
 endfacet
 facet normal -0.000000e+00  0.000000e+00 -1.000000e+00
   outer loop
     vertex  1.958916e+01  1.102115e+01  0.000000e+00
     vertex  0.000000e+00  0.000000e+00  0.000000e+00
     vertex  1.948016e+01  1.103392e+01  0.000000e+00
   endloop
 endfacet
 facet normal  0.000000e+00 -0.000000e+00 -1.000000e+00
   outer loop
     vertex  1.601843e+01  1.461647e+01  0.000000e+00
     vertex  1.603045e+01  1.450738e+01  0.000000e+00
     vertex  0.000000e+00  0.000000e+00  0.000000e+00
   endloop
 endfacet
 facet normal -0.000000e+00  0.000000e+00 -1.000000e+00
   outer loop
     vertex  1.969847e+01  1.101138e+01  0.000000e+00
     vertex  0.000000e+00  0.000000e+00  0.000000e+00
     vertex  1.958916e+01  1.102115e+01  0.000000e+00
   endloop
 endfacet
 facet normal  0.000000e+00 -0.000000e+00 -1.000000e+00
   outer loop
     vertex  1.600941e+01  1.472584e+01  0.000000e+00
     vertex  1.601843e+01  1.461647e+01  0.000000e+00
     vertex  0.000000e+00  0.000000e+00  0.000000e+00
   endloop
 endfacet
 facet normal -0.000000e+00  0.000000e+00 -1.000000e+00
   outer loop
     vertex  1.980801e+01  1.100461e+01  0.000000e+00
     vertex  0.000000e+00  0.000000e+00  0.000000e+00
     vertex  1.969847e+01  1.101138e+01  0.000000e+00
   endloop
 endfacet
 facet normal  0.000000e+00 -0.000000e+00 -1.000000e+00
   outer loop
     vertex  1.600339e+01  1.483542e+01  0.000000e+00
     vertex  1.600941e+01  1.472584e+01  0.000000e+00
     vertex  0.000000e+00  0.000000e+00  0.000000e+00
   endloop
 endfacet
 facet normal -0.000000e+00  0.000000e+00 -1.000000e+00
   outer loop
     vertex  1.991769e+01  1.100085e+01  0.000000e+00
     vertex  0.000000e+00  0.000000e+00  0.000000e+00
     vertex  1.980801e+01  1.100461e+01  0.000000e+00
   endloop
 endfacet
 facet normal  0.000000e+00 -0.000000e+00 -1.000000e+00
   outer loop
     vertex  1.600038e+01  1.494513e+01  0.000000e+00
     vertex  1.600339e+01  1.483542e+01  0.000000e+00
     vertex  0.000000e+00  0.000000e+00  0.000000e+00
   endloop
 endfacet
 facet normal -0.000000e+00  0.000000e+00 -1.000000e+00
   outer loop
     vertex  2.002744e+01  1.100009e+01  0.000000e+00
     vertex  0.000000e+00  0.000000e+00  0.000000e+00
     vertex  1.991769e+01  1.100085e+01  0.000000e+00
   endloop
 endfacet
 facet normal -0.000000e+00  0.000000e+00 -1.000000e+00
   outer loop
     vertex  1.600038e+01  1.505487e+01  0.000000e+00
     vertex  0.000000e+00  0.000000e+00  0.000000e+00
     vertex  0.000000e+00  3.000000e+01  0.000000e+00
   endloop
 endfacet
 facet normal  0.000000e+00 -0.000000e+00 -1.000000e+00
   outer loop
     vertex  1.600038e+01  1.505487e+01  0.000000e+00
     vertex  1.600038e+01  1.494513e+01  0.000000e+00
     vertex  0.000000e+00  0.000000e+00  0.000000e+00
   endloop
 endfacet
 facet normal -0.000000e+00  0.000000e+00 -1.000000e+00
   outer loop
     vertex  1.600339e+01  1.516458e+01  0.000000e+00
     vertex  1.600038e+01  1.505487e+01  0.000000e+00
     vertex  0.000000e+00  3.000000e+01  0.000000e+00
   endloop
 endfacet
 facet normal -0.000000e+00  0.000000e+00 -1.000000e+00
   outer loop
     vertex  1.600941e+01  1.527416e+01  0.000000e+00
     vertex  1.600339e+01  1.516458e+01  0.000000e+00
     vertex  0.000000e+00  3.000000e+01  0.000000e+00
   endloop
 endfacet
 facet normal -0.000000e+00  0.000000e+00 -1.000000e+00
   outer loop
     vertex  1.601843e+01  1.538353e+01  0.000000e+00
     vertex  1.600941e+01  1.527416e+01  0.000000e+00
     vertex  0.000000e+00  3.000000e+01  0.000000e+00
   endloop
 endfacet
 facet normal -0.000000e+00  0.000000e+00 -1.000000e+00
   outer loop
     vertex  1.603045e+01  1.549262e+01  0.000000e+00
     vertex  1.601843e+01  1.538353e+01  0.000000e+00
     vertex  0.000000e+00  3.000000e+01  0.000000e+00
   endloop
 endfacet
 facet normal -0.000000e+00  0.000000e+00 -1.000000e+00
   outer loop
     vertex  1.604546e+01  1.560134e+01  0.000000e+00
     vertex  1.603045e+01  1.549262e+01  0.000000e+00
     vertex  0.000000e+00  3.000000e+01  0.000000e+00
   endloop
 endfacet
 facet normal -0.000000e+00  0.000000e+00 -1.000000e+00
   outer loop
     vertex  1.606344e+01  1.570960e+01  0.000000e+00
     vertex  1.604546e+01  1.560134e+01  0.000000e+00
     vertex  0.000000e+00  3.000000e+01  0.000000e+00
   endloop
 endfacet
 facet normal -0.000000e+00  0.000000e+00 -1.000000e+00
   outer loop
     vertex  1.608439e+01  1.581733e+01  0.000000e+00
     vertex  1.606344e+01  1.570960e+01  0.000000e+00
     vertex  0.000000e+00  3.000000e+01  0.000000e+00
   endloop
 endfacet
 facet normal -0.000000e+00  0.000000e+00 -1.000000e+00
   outer loop
     vertex  1.610829e+01  1.592444e+01  0.000000e+00
     vertex  1.608439e+01  1.581733e+01  0.000000e+00
     vertex  0.000000e+00  3.000000e+01  0.000000e+00
   endloop
 endfacet
 facet normal -0.000000e+00  0.000000e+00 -1.000000e+00
   outer loop
     vertex  1.613512e+01  1.603086e+01  0.000000e+00
     vertex  1.610829e+01  1.592444e+01  0.000000e+00
     vertex  0.000000e+00  3.000000e+01  0.000000e+00
   endloop
 endfacet
 facet normal -0.000000e+00  0.000000e+00 -1.000000e+00
   outer loop
     vertex  1.616485e+01  1.613650e+01  0.000000e+00
     vertex  1.613512e+01  1.603086e+01  0.000000e+00
     vertex  0.000000e+00  3.000000e+01  0.000000e+00
   endloop
 endfacet
 facet normal -0.000000e+00  0.000000e+00 -1.000000e+00
   outer loop
     vertex  1.619747e+01  1.624129e+01  0.000000e+00
     vertex  1.616485e+01  1.613650e+01  0.000000e+00
     vertex  0.000000e+00  3.000000e+01  0.000000e+00
   endloop
 endfacet
 facet normal -0.000000e+00  0.000000e+00 -1.000000e+00
   outer loop
     vertex  1.623296e+01  1.634514e+01  0.000000e+00
     vertex  1.619747e+01  1.624129e+01  0.000000e+00
     vertex  0.000000e+00  3.000000e+01  0.000000e+00
   endloop
 endfacet
 facet normal -0.000000e+00  0.000000e+00 -1.000000e+00
   outer loop
     vertex  1.627128e+01  1.644798e+01  0.000000e+00
     vertex  1.623296e+01  1.634514e+01  0.000000e+00
     vertex  0.000000e+00  3.000000e+01  0.000000e+00
   endloop
 endfacet
 facet normal -0.000000e+00  0.000000e+00 -1.000000e+00
   outer loop
     vertex  1.631241e+01  1.654973e+01  0.000000e+00
     vertex  1.627128e+01  1.644798e+01  0.000000e+00
     vertex  0.000000e+00  3.000000e+01  0.000000e+00
   endloop
 endfacet
 facet normal -0.000000e+00  0.000000e+00 -1.000000e+00
   outer loop
     vertex  1.635631e+01  1.665031e+01  0.000000e+00
     vertex  1.631241e+01  1.654973e+01  0.000000e+00
     vertex  0.000000e+00  3.000000e+01  0.000000e+00
   endloop
 endfacet
 facet normal -0.000000e+00  0.000000e+00 -1.000000e+00
   outer loop
     vertex  1.640295e+01  1.674965e+01  0.000000e+00
     vertex  1.635631e+01  1.665031e+01  0.000000e+00
     vertex  0.000000e+00  3.000000e+01  0.000000e+00
   endloop
 endfacet
 facet normal -0.000000e+00  0.000000e+00 -1.000000e+00
   outer loop
     vertex  1.645231e+01  1.684767e+01  0.000000e+00
     vertex  1.640295e+01  1.674965e+01  0.000000e+00
     vertex  0.000000e+00  3.000000e+01  0.000000e+00
   endloop
 endfacet
 facet normal -0.000000e+00  0.000000e+00 -1.000000e+00
   outer loop
     vertex  1.650433e+01  1.694430e+01  0.000000e+00
     vertex  1.645231e+01  1.684767e+01  0.000000e+00
     vertex  0.000000e+00  3.000000e+01  0.000000e+00
   endloop
 endfacet
 facet normal -0.000000e+00  0.000000e+00 -1.000000e+00
   outer loop
     vertex  1.655899e+01  1.703947e+01  0.000000e+00
     vertex  1.650433e+01  1.694430e+01  0.000000e+00
     vertex  0.000000e+00  3.000000e+01  0.000000e+00
   endloop
 endfacet
 facet normal -0.000000e+00  0.000000e+00 -1.000000e+00
   outer loop
     vertex  1.661623e+01  1.713310e+01  0.000000e+00
     vertex  1.655899e+01  1.703947e+01  0.000000e+00
     vertex  0.000000e+00  3.000000e+01  0.000000e+00
   endloop
 endfacet
 facet normal -0.000000e+00  0.000000e+00 -1.000000e+00
   outer loop
     vertex  1.667603e+01  1.722513e+01  0.000000e+00
     vertex  1.661623e+01  1.713310e+01  0.000000e+00
     vertex  0.000000e+00  3.000000e+01  0.000000e+00
   endloop
 endfacet
 facet normal -0.000000e+00  0.000000e+00 -1.000000e+00
   outer loop
     vertex  1.673832e+01  1.731548e+01  0.000000e+00
     vertex  1.667603e+01  1.722513e+01  0.000000e+00
     vertex  0.000000e+00  3.000000e+01  0.000000e+00
   endloop
 endfacet
 facet normal -0.000000e+00  0.000000e+00 -1.000000e+00
   outer loop
     vertex  1.680307e+01  1.740409e+01  0.000000e+00
     vertex  1.673832e+01  1.731548e+01  0.000000e+00
     vertex  0.000000e+00  3.000000e+01  0.000000e+00
   endloop
 endfacet
 facet normal -0.000000e+00  0.000000e+00 -1.000000e+00
   outer loop
     vertex  1.687023e+01  1.749089e+01  0.000000e+00
     vertex  1.680307e+01  1.740409e+01  0.000000e+00
     vertex  0.000000e+00  3.000000e+01  0.000000e+00
   endloop
 endfacet
 facet normal -0.000000e+00  0.000000e+00 -1.000000e+00
   outer loop
     vertex  1.693975e+01  1.757582e+01  0.000000e+00
     vertex  1.687023e+01  1.749089e+01  0.000000e+00
     vertex  0.000000e+00  3.000000e+01  0.000000e+00
   endloop
 endfacet
 facet normal -0.000000e+00  0.000000e+00 -1.000000e+00
   outer loop
     vertex  1.701156e+01  1.765880e+01  0.000000e+00
     vertex  1.693975e+01  1.757582e+01  0.000000e+00
     vertex  0.000000e+00  3.000000e+01  0.000000e+00
   endloop
 endfacet
 facet normal -0.000000e+00  0.000000e+00 -1.000000e+00
   outer loop
     vertex  1.708563e+01  1.773979e+01  0.000000e+00
     vertex  1.701156e+01  1.765880e+01  0.000000e+00
     vertex  0.000000e+00  3.000000e+01  0.000000e+00
   endloop
 endfacet
 facet normal -0.000000e+00  0.000000e+00 -1.000000e+00
   outer loop
     vertex  1.716189e+01  1.781871e+01  0.000000e+00
     vertex  1.708563e+01  1.773979e+01  0.000000e+00
     vertex  0.000000e+00  3.000000e+01  0.000000e+00
   endloop
 endfacet
 facet normal -0.000000e+00  0.000000e+00 -1.000000e+00
   outer loop
     vertex  1.724029e+01  1.789551e+01  0.000000e+00
     vertex  1.716189e+01  1.781871e+01  0.000000e+00
     vertex  0.000000e+00  3.000000e+01  0.000000e+00
   endloop
 endfacet
 facet normal -0.000000e+00  0.000000e+00 -1.000000e+00
   outer loop
     vertex  1.732076e+01  1.797013e+01  0.000000e+00
     vertex  1.724029e+01  1.789551e+01  0.000000e+00
     vertex  0.000000e+00  3.000000e+01  0.000000e+00
   endloop
 endfacet
 facet normal -0.000000e+00  0.000000e+00 -1.000000e+00
   outer loop
     vertex  1.740325e+01  1.804251e+01  0.000000e+00
     vertex  1.732076e+01  1.797013e+01  0.000000e+00
     vertex  0.000000e+00  3.000000e+01  0.000000e+00
   endloop
 endfacet
 facet normal -0.000000e+00  0.000000e+00 -1.000000e+00
   outer loop
     vertex  1.748770e+01  1.811261e+01  0.000000e+00
     vertex  1.740325e+01  1.804251e+01  0.000000e+00
     vertex  0.000000e+00  3.000000e+01  0.000000e+00
   endloop
 endfacet
 facet normal -0.000000e+00  0.000000e+00 -1.000000e+00
   outer loop
     vertex  1.757403e+01  1.818036e+01  0.000000e+00
     vertex  1.748770e+01  1.811261e+01  0.000000e+00
     vertex  0.000000e+00  3.000000e+01  0.000000e+00
   endloop
 endfacet
 facet normal -0.000000e+00  0.000000e+00 -1.000000e+00
   outer loop
     vertex  1.766220e+01  1.824572e+01  0.000000e+00
     vertex  1.757403e+01  1.818036e+01  0.000000e+00
     vertex  0.000000e+00  3.000000e+01  0.000000e+00
   endloop
 endfacet
 facet normal -0.000000e+00  0.000000e+00 -1.000000e+00
   outer loop
     vertex  1.775212e+01  1.830863e+01  0.000000e+00
     vertex  1.766220e+01  1.824572e+01  0.000000e+00
     vertex  0.000000e+00  3.000000e+01  0.000000e+00
   endloop
 endfacet
 facet normal -0.000000e+00  0.000000e+00 -1.000000e+00
   outer loop
     vertex  1.784374e+01  1.836905e+01  0.000000e+00
     vertex  1.775212e+01  1.830863e+01  0.000000e+00
     vertex  0.000000e+00  3.000000e+01  0.000000e+00
   endloop
 endfacet
 facet normal -0.000000e+00  0.000000e+00 -1.000000e+00
   outer loop
     vertex  1.793697e+01  1.842694e+01  0.000000e+00
     vertex  1.784374e+01  1.836905e+01  0.000000e+00
     vertex  0.000000e+00  3.000000e+01  0.000000e+00
   endloop
 endfacet
 facet normal -0.000000e+00  0.000000e+00 -1.000000e+00
   outer loop
     vertex  1.803177e+01  1.848225e+01  0.000000e+00
     vertex  1.793697e+01  1.842694e+01  0.000000e+00
     vertex  0.000000e+00  3.000000e+01  0.000000e+00
   endloop
 endfacet
 facet normal -0.000000e+00  0.000000e+00 -1.000000e+00
   outer loop
     vertex  1.812804e+01  1.853493e+01  0.000000e+00
     vertex  1.803177e+01  1.848225e+01  0.000000e+00
     vertex  0.000000e+00  3.000000e+01  0.000000e+00
   endloop
 endfacet
 facet normal -0.000000e+00  0.000000e+00 -1.000000e+00
   outer loop
     vertex  1.822572e+01  1.858496e+01  0.000000e+00
     vertex  1.812804e+01  1.853493e+01  0.000000e+00
     vertex  0.000000e+00  3.000000e+01  0.000000e+00
   endloop
 endfacet
 facet normal -0.000000e+00  0.000000e+00 -1.000000e+00
   outer loop
     vertex  1.832474e+01  1.863229e+01  0.000000e+00
     vertex  1.822572e+01  1.858496e+01  0.000000e+00
     vertex  0.000000e+00  3.000000e+01  0.000000e+00
   endloop
 endfacet
 facet normal -0.000000e+00  0.000000e+00 -1.000000e+00
   outer loop
     vertex  1.842502e+01  1.867688e+01  0.000000e+00
     vertex  1.832474e+01  1.863229e+01  0.000000e+00
     vertex  0.000000e+00  3.000000e+01  0.000000e+00
   endloop
 endfacet
 facet normal -0.000000e+00  0.000000e+00 -1.000000e+00
   outer loop
     vertex  1.852648e+01  1.871870e+01  0.000000e+00
     vertex  1.842502e+01  1.867688e+01  0.000000e+00
     vertex  0.000000e+00  3.000000e+01  0.000000e+00
   endloop
 endfacet
 facet normal -0.000000e+00  0.000000e+00 -1.000000e+00
   outer loop
     vertex  1.862906e+01  1.875773e+01  0.000000e+00
     vertex  1.852648e+01  1.871870e+01  0.000000e+00
     vertex  0.000000e+00  3.000000e+01  0.000000e+00
   endloop
 endfacet
 facet normal -0.000000e+00  0.000000e+00 -1.000000e+00
   outer loop
     vertex  1.873266e+01  1.879392e+01  0.000000e+00
     vertex  1.862906e+01  1.875773e+01  0.000000e+00
     vertex  0.000000e+00  3.000000e+01  0.000000e+00
   endloop
 endfacet
 facet normal -0.000000e+00  0.000000e+00 -1.000000e+00
   outer loop
     vertex  1.883722e+01  1.882726e+01  0.000000e+00
     vertex  1.873266e+01  1.879392e+01  0.000000e+00
     vertex  0.000000e+00  3.000000e+01  0.000000e+00
   endloop
 endfacet
 facet normal -0.000000e+00  0.000000e+00 -1.000000e+00
   outer loop
     vertex  1.894266e+01  1.885772e+01  0.000000e+00
     vertex  1.883722e+01  1.882726e+01  0.000000e+00
     vertex  0.000000e+00  3.000000e+01  0.000000e+00
   endloop
 endfacet
 facet normal -0.000000e+00  0.000000e+00 -1.000000e+00
   outer loop
     vertex  1.904889e+01  1.888528e+01  0.000000e+00
     vertex  1.894266e+01  1.885772e+01  0.000000e+00
     vertex  0.000000e+00  3.000000e+01  0.000000e+00
   endloop
 endfacet
 facet normal -0.000000e+00  0.000000e+00 -1.000000e+00
   outer loop
     vertex  1.915583e+01  1.890991e+01  0.000000e+00
     vertex  1.904889e+01  1.888528e+01  0.000000e+00
     vertex  0.000000e+00  3.000000e+01  0.000000e+00
   endloop
 endfacet
 facet normal -0.000000e+00  0.000000e+00 -1.000000e+00
   outer loop
     vertex  1.926342e+01  1.893160e+01  0.000000e+00
     vertex  1.915583e+01  1.890991e+01  0.000000e+00
     vertex  0.000000e+00  3.000000e+01  0.000000e+00
   endloop
 endfacet
 facet normal -0.000000e+00  0.000000e+00 -1.000000e+00
   outer loop
     vertex  1.937155e+01  1.895032e+01  0.000000e+00
     vertex  1.926342e+01  1.893160e+01  0.000000e+00
     vertex  0.000000e+00  3.000000e+01  0.000000e+00
   endloop
 endfacet
 facet normal -0.000000e+00  0.000000e+00 -1.000000e+00
   outer loop
     vertex  1.948016e+01  1.896608e+01  0.000000e+00
     vertex  1.937155e+01  1.895032e+01  0.000000e+00
     vertex  0.000000e+00  3.000000e+01  0.000000e+00
   endloop
 endfacet
 facet normal -0.000000e+00  0.000000e+00 -1.000000e+00
   outer loop
     vertex  1.958916e+01  1.897885e+01  0.000000e+00
     vertex  1.948016e+01  1.896608e+01  0.000000e+00
     vertex  0.000000e+00  3.000000e+01  0.000000e+00
   endloop
 endfacet
 facet normal -0.000000e+00  0.000000e+00 -1.000000e+00
   outer loop
     vertex  1.969847e+01  1.898862e+01  0.000000e+00
     vertex  1.958916e+01  1.897885e+01  0.000000e+00
     vertex  0.000000e+00  3.000000e+01  0.000000e+00
   endloop
 endfacet
 facet normal -0.000000e+00  0.000000e+00 -1.000000e+00
   outer loop
     vertex  1.980801e+01  1.899539e+01  0.000000e+00
     vertex  1.969847e+01  1.898862e+01  0.000000e+00
     vertex  0.000000e+00  3.000000e+01  0.000000e+00
   endloop
 endfacet
 facet normal -0.000000e+00  0.000000e+00 -1.000000e+00
   outer loop
     vertex  1.991769e+01  1.899915e+01  0.000000e+00
     vertex  1.980801e+01  1.899539e+01  0.000000e+00
     vertex  0.000000e+00  3.000000e+01  0.000000e+00
   endloop
 endfacet
 facet normal -0.000000e+00  0.000000e+00 -1.000000e+00
   outer loop
     vertex  2.002744e+01  1.899991e+01  0.000000e+00
     vertex  1.991769e+01  1.899915e+01  0.000000e+00
     vertex  0.000000e+00  3.000000e+01  0.000000e+00
   endloop
 endfacet
 facet normal  0.000000e+00  0.000000e+00 -1.000000e+00
   outer loop
     vertex  4.000000e+01  0.000000e+00  0.000000e+00
     vertex  2.255477e+01  1.192215e+01  0.000000e+00
     vertex  2.263824e+01  1.199339e+01  0.000000e+00
   endloop
 endfacet
 facet normal  0.000000e+00  0.000000e+00 -1.000000e+00
   outer loop
     vertex  4.000000e+01  0.000000e+00  0.000000e+00
     vertex  2.263824e+01  1.199339e+01  0.000000e+00
     vertex  2.271973e+01  1.206690e+01  0.000000e+00
   endloop
 endfacet
 facet normal  0.000000e+00  0.000000e+00 -1.000000e+00
   outer loop
     vertex  4.000000e+01  0.000000e+00  0.000000e+00
     vertex  2.271973e+01  1.206690e+01  0.000000e+00
     vertex  2.279918e+01  1.214262e+01  0.000000e+00
   endloop
 endfacet
 facet normal  0.000000e+00  0.000000e+00 -1.000000e+00
   outer loop
     vertex  4.000000e+01  0.000000e+00  0.000000e+00
     vertex  2.279918e+01  1.214262e+01  0.000000e+00
     vertex  2.287651e+01  1.222049e+01  0.000000e+00
   endloop
 endfacet
 facet normal  0.000000e+00  0.000000e+00 -1.000000e+00
   outer loop
     vertex  4.000000e+01  0.000000e+00  0.000000e+00
     vertex  2.287651e+01  1.222049e+01  0.000000e+00
     vertex  2.295168e+01  1.230045e+01  0.000000e+00
   endloop
 endfacet
 facet normal  0.000000e+00  0.000000e+00 -1.000000e+00
   outer loop
     vertex  4.000000e+01  0.000000e+00  0.000000e+00
     vertex  2.295168e+01  1.230045e+01  0.000000e+00
     vertex  2.302463e+01  1.238244e+01  0.000000e+00
   endloop
 endfacet
 facet normal  0.000000e+00  0.000000e+00 -1.000000e+00
   outer loop
     vertex  4.000000e+01  0.000000e+00  0.000000e+00
     vertex  2.302463e+01  1.238244e+01  0.000000e+00
     vertex  2.309530e+01  1.246641e+01  0.000000e+00
   endloop
 endfacet
 facet normal  0.000000e+00  0.000000e+00 -1.000000e+00
   outer loop
     vertex  4.000000e+01  0.000000e+00  0.000000e+00
     vertex  2.309530e+01  1.246641e+01  0.000000e+00
     vertex  2.316364e+01  1.255228e+01  0.000000e+00
   endloop
 endfacet
 facet normal  0.000000e+00  0.000000e+00 -1.000000e+00
   outer loop
     vertex  4.000000e+01  0.000000e+00  0.000000e+00
     vertex  2.316364e+01  1.255228e+01  0.000000e+00
     vertex  2.322960e+01  1.263999e+01  0.000000e+00
   endloop
 endfacet
 facet normal  0.000000e+00  0.000000e+00 -1.000000e+00
   outer loop
     vertex  4.000000e+01  0.000000e+00  0.000000e+00
     vertex  2.322960e+01  1.263999e+01  0.000000e+00
     vertex  2.329313e+01  1.272948e+01  0.000000e+00
   endloop
 endfacet
 facet normal  0.000000e+00  0.000000e+00 -1.000000e+00
   outer loop
     vertex  4.000000e+01  0.000000e+00  0.000000e+00
     vertex  2.329313e+01  1.272948e+01  0.000000e+00
     vertex  2.335418e+01  1.282068e+01  0.000000e+00
   endloop
 endfacet
 facet normal  0.000000e+00  0.000000e+00 -1.000000e+00
   outer loop
     vertex  4.000000e+01  0.000000e+00  0.000000e+00
     vertex  2.335418e+01  1.282068e+01  0.000000e+00
     vertex  2.341271e+01  1.291352e+01  0.000000e+00
   endloop
 endfacet
 facet normal  0.000000e+00  0.000000e+00 -1.000000e+00
   outer loop
     vertex  4.000000e+01  0.000000e+00  0.000000e+00
     vertex  2.341271e+01  1.291352e+01  0.000000e+00
     vertex  2.346867e+01  1.300793e+01  0.000000e+00
   endloop
 endfacet
 facet normal  0.000000e+00  0.000000e+00 -1.000000e+00
   outer loop
     vertex  4.000000e+01  0.000000e+00  0.000000e+00
     vertex  2.346867e+01  1.300793e+01  0.000000e+00
     vertex  2.352201e+01  1.310384e+01  0.000000e+00
   endloop
 endfacet
 facet normal  0.000000e+00  0.000000e+00 -1.000000e+00
   outer loop
     vertex  4.000000e+01  0.000000e+00  0.000000e+00
     vertex  2.352201e+01  1.310384e+01  0.000000e+00
     vertex  2.357270e+01  1.320117e+01  0.000000e+00
   endloop
 endfacet
 facet normal  0.000000e+00  0.000000e+00 -1.000000e+00
   outer loop
     vertex  4.000000e+01  0.000000e+00  0.000000e+00
     vertex  2.357270e+01  1.320117e+01  0.000000e+00
     vertex  2.362071e+01  1.329986e+01  0.000000e+00
   endloop
 endfacet
 facet normal  0.000000e+00  0.000000e+00 -1.000000e+00
   outer loop
     vertex  4.000000e+01  0.000000e+00  0.000000e+00
     vertex  2.362071e+01  1.329986e+01  0.000000e+00
     vertex  2.366599e+01  1.339983e+01  0.000000e+00
   endloop
 endfacet
 facet normal  0.000000e+00  0.000000e+00 -1.000000e+00
   outer loop
     vertex  4.000000e+01  0.000000e+00  0.000000e+00
     vertex  2.366599e+01  1.339983e+01  0.000000e+00
     vertex  2.370851e+01  1.350101e+01  0.000000e+00
   endloop
 endfacet
 facet normal  0.000000e+00  0.000000e+00 -1.000000e+00
   outer loop
     vertex  4.000000e+01  0.000000e+00  0.000000e+00
     vertex  2.370851e+01  1.350101e+01  0.000000e+00
     vertex  2.374823e+01  1.360331e+01  0.000000e+00
   endloop
 endfacet
 facet normal  0.000000e+00  0.000000e+00 -1.000000e+00
   outer loop
     vertex  4.000000e+01  0.000000e+00  0.000000e+00
     vertex  2.374823e+01  1.360331e+01  0.000000e+00
     vertex  2.378514e+01  1.370667e+01  0.000000e+00
   endloop
 endfacet
 facet normal  0.000000e+00  0.000000e+00 -1.000000e+00
   outer loop
     vertex  4.000000e+01  0.000000e+00  0.000000e+00
     vertex  2.378514e+01  1.370667e+01  0.000000e+00
     vertex  2.381920e+01  1.381100e+01  0.000000e+00
   endloop
 endfacet
 facet normal  0.000000e+00  0.000000e+00 -1.000000e+00
   outer loop
     vertex  4.000000e+01  0.000000e+00  0.000000e+00
     vertex  2.381920e+01  1.381100e+01  0.000000e+00
     vertex  2.385038e+01  1.391622e+01  0.000000e+00
   endloop
 endfacet
 facet normal  0.000000e+00  0.000000e+00 -1.000000e+00
   outer loop
     vertex  4.000000e+01  0.000000e+00  0.000000e+00
     vertex  2.385038e+01  1.391622e+01  0.000000e+00
     vertex  2.387866e+01  1.402226e+01  0.000000e+00
   endloop
 endfacet
 facet normal  0.000000e+00  0.000000e+00 -1.000000e+00
   outer loop
     vertex  4.000000e+01  0.000000e+00  0.000000e+00
     vertex  2.387866e+01  1.402226e+01  0.000000e+00
     vertex  2.390403e+01  1.412903e+01  0.000000e+00
   endloop
 endfacet
 facet normal  0.000000e+00  0.000000e+00 -1.000000e+00
   outer loop
     vertex  4.000000e+01  0.000000e+00  0.000000e+00
     vertex  2.390403e+01  1.412903e+01  0.000000e+00
     vertex  2.392645e+01  1.423646e+01  0.000000e+00
   endloop
 endfacet
 facet normal  0.000000e+00  0.000000e+00 -1.000000e+00
   outer loop
     vertex  4.000000e+01  0.000000e+00  0.000000e+00
     vertex  2.392645e+01  1.423646e+01  0.000000e+00
     vertex  2.394592e+01  1.434447e+01  0.000000e+00
   endloop
 endfacet
 facet normal  0.000000e+00  0.000000e+00 -1.000000e+00
   outer loop
     vertex  4.000000e+01  0.000000e+00  0.000000e+00
     vertex  2.394592e+01  1.434447e+01  0.000000e+00
     vertex  2.396242e+01  1.445297e+01  0.000000e+00
   endloop
 endfacet
 facet normal  0.000000e+00  0.000000e+00 -1.000000e+00
   outer loop
     vertex  4.000000e+01  0.000000e+00  0.000000e+00
     vertex  2.396242e+01  1.445297e+01  0.000000e+00
     vertex  2.397593e+01  1.456188e+01  0.000000e+00
   endloop
 endfacet
 facet normal  0.000000e+00  0.000000e+00 -1.000000e+00
   outer loop
     vertex  4.000000e+01  0.000000e+00  0.000000e+00
     vertex  2.397593e+01  1.456188e+01  0.000000e+00
     vertex  2.398646e+01  1.467112e+01  0.000000e+00
   endloop
 endfacet
 facet normal  0.000000e+00  0.000000e+00 -1.000000e+00
   outer loop
     vertex  4.000000e+01  0.000000e+00  0.000000e+00
     vertex  2.398646e+01  1.467112e+01  0.000000e+00
     vertex  2.399398e+01  1.478061e+01  0.000000e+00
   endloop
 endfacet
 facet normal  0.000000e+00  0.000000e+00 -1.000000e+00
   outer loop
     vertex  4.000000e+01  0.000000e+00  0.000000e+00
     vertex  2.399398e+01  1.478061e+01  0.000000e+00
     vertex  2.399849e+01  1.489026e+01  0.000000e+00
   endloop
 endfacet
 facet normal  0.000000e+00  0.000000e+00 -1.000000e+00
   outer loop
     vertex  4.000000e+01  0.000000e+00  0.000000e+00
     vertex  2.399849e+01  1.489026e+01  0.000000e+00
     vertex  2.400000e+01  1.500000e+01  0.000000e+00
   endloop
 endfacet
 facet normal  0.000000e+00  0.000000e+00 -1.000000e+00
   outer loop
     vertex  4.000000e+01  0.000000e+00  0.000000e+00
     vertex  0.000000e+00  0.000000e+00  0.000000e+00
     vertex  2.002744e+01  1.100009e+01  0.000000e+00
   endloop
 endfacet
 facet normal  0.000000e+00  0.000000e+00 -1.000000e+00
   outer loop
     vertex  4.000000e+01  0.000000e+00  0.000000e+00
     vertex  2.002744e+01  1.100009e+01  0.000000e+00
     vertex  2.013716e+01  1.100235e+01  0.000000e+00
   endloop
 endfacet
 facet normal  0.000000e+00  0.000000e+00 -1.000000e+00
   outer loop
     vertex  4.000000e+01  0.000000e+00  0.000000e+00
     vertex  2.013716e+01  1.100235e+01  0.000000e+00
     vertex  2.024678e+01  1.100762e+01  0.000000e+00
   endloop
 endfacet
 facet normal  0.000000e+00  0.000000e+00 -1.000000e+00
   outer loop
     vertex  4.000000e+01  0.000000e+00  0.000000e+00
     vertex  2.024678e+01  1.100762e+01  0.000000e+00
     vertex  2.035621e+01  1.101589e+01  0.000000e+00
   endloop
 endfacet
 facet normal  0.000000e+00  0.000000e+00 -1.000000e+00
   outer loop
     vertex  4.000000e+01  0.000000e+00  0.000000e+00
     vertex  2.035621e+01  1.101589e+01  0.000000e+00
     vertex  2.046538e+01  1.102716e+01  0.000000e+00
   endloop
 endfacet
 facet normal  0.000000e+00  0.000000e+00 -1.000000e+00
   outer loop
     vertex  4.000000e+01  0.000000e+00  0.000000e+00
     vertex  2.046538e+01  1.102716e+01  0.000000e+00
     vertex  2.057420e+01  1.104143e+01  0.000000e+00
   endloop
 endfacet
 facet normal  0.000000e+00  0.000000e+00 -1.000000e+00
   outer loop
     vertex  4.000000e+01  0.000000e+00  0.000000e+00
     vertex  2.057420e+01  1.104143e+01  0.000000e+00
     vertex  2.068258e+01  1.105867e+01  0.000000e+00
   endloop
 endfacet
 facet normal  0.000000e+00  0.000000e+00 -1.000000e+00
   outer loop
     vertex  4.000000e+01  0.000000e+00  0.000000e+00
     vertex  2.068258e+01  1.105867e+01  0.000000e+00
     vertex  2.079045e+01  1.107888e+01  0.000000e+00
   endloop
 endfacet
 facet normal  0.000000e+00  0.000000e+00 -1.000000e+00
   outer loop
     vertex  4.000000e+01  0.000000e+00  0.000000e+00
     vertex  2.079045e+01  1.107888e+01  0.000000e+00
     vertex  2.089772e+01  1.110204e+01  0.000000e+00
   endloop
 endfacet
 facet normal  0.000000e+00  0.000000e+00 -1.000000e+00
   outer loop
     vertex  4.000000e+01  0.000000e+00  0.000000e+00
     vertex  2.089772e+01  1.110204e+01  0.000000e+00
     vertex  2.100432e+01  1.112814e+01  0.000000e+00
   endloop
 endfacet
 facet normal  0.000000e+00  0.000000e+00 -1.000000e+00
   outer loop
     vertex  4.000000e+01  0.000000e+00  0.000000e+00
     vertex  2.100432e+01  1.112814e+01  0.000000e+00
     vertex  2.111017e+01  1.115715e+01  0.000000e+00
   endloop
 endfacet
 facet normal  0.000000e+00  0.000000e+00 -1.000000e+00
   outer loop
     vertex  4.000000e+01  0.000000e+00  0.000000e+00
     vertex  2.111017e+01  1.115715e+01  0.000000e+00
     vertex  2.121517e+01  1.118905e+01  0.000000e+00
   endloop
 endfacet
 facet normal  0.000000e+00  0.000000e+00 -1.000000e+00
   outer loop
     vertex  4.000000e+01  0.000000e+00  0.000000e+00
     vertex  2.121517e+01  1.118905e+01  0.000000e+00
     vertex  2.131927e+01  1.122382e+01  0.000000e+00
   endloop
 endfacet
 facet normal  0.000000e+00  0.000000e+00 -1.000000e+00
   outer loop
     vertex  4.000000e+01  0.000000e+00  0.000000e+00
     vertex  2.131927e+01  1.122382e+01  0.000000e+00
     vertex  2.142237e+01  1.126143e+01  0.000000e+00
   endloop
 endfacet
 facet normal  0.000000e+00  0.000000e+00 -1.000000e+00
   outer loop
     vertex  4.000000e+01  0.000000e+00  0.000000e+00
     vertex  2.142237e+01  1.126143e+01  0.000000e+00
     vertex  2.152439e+01  1.130186e+01  0.000000e+00
   endloop
 endfacet
 facet normal  0.000000e+00  0.000000e+00 -1.000000e+00
   outer loop
     vertex  4.000000e+01  0.000000e+00  0.000000e+00
     vertex  2.152439e+01  1.130186e+01  0.000000e+00
     vertex  2.162528e+01  1.134507e+01  0.000000e+00
   endloop
 endfacet
 facet normal  0.000000e+00  0.000000e+00 -1.000000e+00
   outer loop
     vertex  4.000000e+01  0.000000e+00  0.000000e+00
     vertex  2.162528e+01  1.134507e+01  0.000000e+00
     vertex  2.172493e+01  1.139104e+01  0.000000e+00
   endloop
 endfacet
 facet normal  0.000000e+00  0.000000e+00 -1.000000e+00
   outer loop
     vertex  4.000000e+01  0.000000e+00  0.000000e+00
     vertex  2.172493e+01  1.139104e+01  0.000000e+00
     vertex  2.182329e+01  1.143972e+01  0.000000e+00
   endloop
 endfacet
 facet normal  0.000000e+00  0.000000e+00 -1.000000e+00
   outer loop
     vertex  4.000000e+01  0.000000e+00  0.000000e+00
     vertex  2.182329e+01  1.143972e+01  0.000000e+00
     vertex  2.192028e+01  1.149108e+01  0.000000e+00
   endloop
 endfacet
 facet normal  0.000000e+00  0.000000e+00 -1.000000e+00
   outer loop
     vertex  4.000000e+01  0.000000e+00  0.000000e+00
     vertex  2.192028e+01  1.149108e+01  0.000000e+00
     vertex  2.201582e+01  1.154508e+01  0.000000e+00
   endloop
 endfacet
 facet normal  0.000000e+00  0.000000e+00 -1.000000e+00
   outer loop
     vertex  4.000000e+01  0.000000e+00  0.000000e+00
     vertex  2.201582e+01  1.154508e+01  0.000000e+00
     vertex  2.210984e+01  1.160168e+01  0.000000e+00
   endloop
 endfacet
 facet normal  0.000000e+00  0.000000e+00 -1.000000e+00
   outer loop
     vertex  4.000000e+01  0.000000e+00  0.000000e+00
     vertex  2.210984e+01  1.160168e+01  0.000000e+00
     vertex  2.220228e+01  1.166084e+01  0.000000e+00
   endloop
 endfacet
 facet normal  0.000000e+00  0.000000e+00 -1.000000e+00
   outer loop
     vertex  4.000000e+01  0.000000e+00  0.000000e+00
     vertex  2.220228e+01  1.166084e+01  0.000000e+00
     vertex  2.229306e+01  1.172252e+01  0.000000e+00
   endloop
 endfacet
 facet normal  0.000000e+00  0.000000e+00 -1.000000e+00
   outer loop
     vertex  4.000000e+01  0.000000e+00  0.000000e+00
     vertex  2.229306e+01  1.172252e+01  0.000000e+00
     vertex  2.238211e+01  1.178666e+01  0.000000e+00
   endloop
 endfacet
 facet normal  0.000000e+00  0.000000e+00 -1.000000e+00
   outer loop
     vertex  4.000000e+01  0.000000e+00  0.000000e+00
     vertex  2.238211e+01  1.178666e+01  0.000000e+00
     vertex  2.246937e+01  1.185322e+01  0.000000e+00
   endloop
 endfacet
 facet normal  0.000000e+00  0.000000e+00 -1.000000e+00
   outer loop
     vertex  4.000000e+01  0.000000e+00  0.000000e+00
     vertex  2.246937e+01  1.185322e+01  0.000000e+00
     vertex  2.255477e+01  1.192215e+01  0.000000e+00
   endloop
 endfacet
 facet normal  0.000000e+00  0.000000e+00 -1.000000e+00
   outer loop
     vertex  4.000000e+01  3.000000e+01  0.000000e+00
     vertex  2.400000e+01  1.500000e+01  0.000000e+00
     vertex  2.399849e+01  1.510974e+01  0.000000e+00
   endloop
 endfacet
 facet normal  0.000000e+00  0.000000e+00 -1.000000e+00
   outer loop
     vertex  4.000000e+01  3.000000e+01  0.000000e+00
     vertex  2.399849e+01  1.510974e+01  0.000000e+00
     vertex  2.399398e+01  1.521939e+01  0.000000e+00
   endloop
 endfacet
 facet normal  0.000000e+00  0.000000e+00 -1.000000e+00
   outer loop
     vertex  4.000000e+01  3.000000e+01  0.000000e+00
     vertex  2.399398e+01  1.521939e+01  0.000000e+00
     vertex  2.398646e+01  1.532888e+01  0.000000e+00
   endloop
 endfacet
 facet normal  0.000000e+00  0.000000e+00 -1.000000e+00
   outer loop
     vertex  4.000000e+01  3.000000e+01  0.000000e+00
     vertex  2.398646e+01  1.532888e+01  0.000000e+00
     vertex  2.397593e+01  1.543812e+01  0.000000e+00
   endloop
 endfacet
 facet normal  0.000000e+00  0.000000e+00 -1.000000e+00
   outer loop
     vertex  4.000000e+01  3.000000e+01  0.000000e+00
     vertex  2.397593e+01  1.543812e+01  0.000000e+00
     vertex  2.396242e+01  1.554703e+01  0.000000e+00
   endloop
 endfacet
 facet normal  0.000000e+00  0.000000e+00 -1.000000e+00
   outer loop
     vertex  4.000000e+01  3.000000e+01  0.000000e+00
     vertex  2.396242e+01  1.554703e+01  0.000000e+00
     vertex  2.394592e+01  1.565553e+01  0.000000e+00
   endloop
 endfacet
 facet normal  0.000000e+00  0.000000e+00 -1.000000e+00
   outer loop
     vertex  4.000000e+01  3.000000e+01  0.000000e+00
     vertex  2.394592e+01  1.565553e+01  0.000000e+00
     vertex  2.392645e+01  1.576354e+01  0.000000e+00
   endloop
 endfacet
 facet normal  0.000000e+00  0.000000e+00 -1.000000e+00
   outer loop
     vertex  4.000000e+01  3.000000e+01  0.000000e+00
     vertex  2.392645e+01  1.576354e+01  0.000000e+00
     vertex  2.390403e+01  1.587097e+01  0.000000e+00
   endloop
 endfacet
 facet normal  0.000000e+00  0.000000e+00 -1.000000e+00
   outer loop
     vertex  4.000000e+01  3.000000e+01  0.000000e+00
     vertex  2.390403e+01  1.587097e+01  0.000000e+00
     vertex  2.387866e+01  1.597774e+01  0.000000e+00
   endloop
 endfacet
 facet normal  0.000000e+00  0.000000e+00 -1.000000e+00
   outer loop
     vertex  4.000000e+01  3.000000e+01  0.000000e+00
     vertex  2.387866e+01  1.597774e+01  0.000000e+00
     vertex  2.385038e+01  1.608378e+01  0.000000e+00
   endloop
 endfacet
 facet normal  0.000000e+00  0.000000e+00 -1.000000e+00
   outer loop
     vertex  4.000000e+01  3.000000e+01  0.000000e+00
     vertex  2.385038e+01  1.608378e+01  0.000000e+00
     vertex  2.381920e+01  1.618900e+01  0.000000e+00
   endloop
 endfacet
 facet normal  0.000000e+00  0.000000e+00 -1.000000e+00
   outer loop
     vertex  4.000000e+01  3.000000e+01  0.000000e+00
     vertex  2.381920e+01  1.618900e+01  0.000000e+00
     vertex  2.378514e+01  1.629333e+01  0.000000e+00
   endloop
 endfacet
 facet normal  0.000000e+00  0.000000e+00 -1.000000e+00
   outer loop
     vertex  4.000000e+01  3.000000e+01  0.000000e+00
     vertex  2.378514e+01  1.629333e+01  0.000000e+00
     vertex  2.374823e+01  1.639669e+01  0.000000e+00
   endloop
 endfacet
 facet normal  0.000000e+00  0.000000e+00 -1.000000e+00
   outer loop
     vertex  4.000000e+01  3.000000e+01  0.000000e+00
     vertex  2.374823e+01  1.639669e+01  0.000000e+00
     vertex  2.370851e+01  1.649899e+01  0.000000e+00
   endloop
 endfacet
 facet normal  0.000000e+00  0.000000e+00 -1.000000e+00
   outer loop
     vertex  4.000000e+01  3.000000e+01  0.000000e+00
     vertex  2.370851e+01  1.649899e+01  0.000000e+00
     vertex  2.366599e+01  1.660017e+01  0.000000e+00
   endloop
 endfacet
 facet normal  0.000000e+00  0.000000e+00 -1.000000e+00
   outer loop
     vertex  4.000000e+01  3.000000e+01  0.000000e+00
     vertex  2.366599e+01  1.660017e+01  0.000000e+00
     vertex  2.362071e+01  1.670014e+01  0.000000e+00
   endloop
 endfacet
 facet normal  0.000000e+00  0.000000e+00 -1.000000e+00
   outer loop
     vertex  4.000000e+01  3.000000e+01  0.000000e+00
     vertex  2.362071e+01  1.670014e+01  0.000000e+00
     vertex  2.357270e+01  1.679883e+01  0.000000e+00
   endloop
 endfacet
 facet normal  0.000000e+00  0.000000e+00 -1.000000e+00
   outer loop
     vertex  4.000000e+01  3.000000e+01  0.000000e+00
     vertex  2.357270e+01  1.679883e+01  0.000000e+00
     vertex  2.352201e+01  1.689616e+01  0.000000e+00
   endloop
 endfacet
 facet normal  0.000000e+00  0.000000e+00 -1.000000e+00
   outer loop
     vertex  4.000000e+01  3.000000e+01  0.000000e+00
     vertex  2.352201e+01  1.689616e+01  0.000000e+00
     vertex  2.346867e+01  1.699207e+01  0.000000e+00
   endloop
 endfacet
 facet normal  0.000000e+00 -0.000000e+00 -1.000000e+00
   outer loop
     vertex  4.000000e+01  3.000000e+01  0.000000e+00
     vertex  4.000000e+01  0.000000e+00  0.000000e+00
     vertex  2.400000e+01  1.500000e+01  0.000000e+00
   endloop
 endfacet
 facet normal  0.000000e+00  0.000000e+00 -1.000000e+00
   outer loop
     vertex  4.000000e+01  3.000000e+01  0.000000e+00
     vertex  2.346867e+01  1.699207e+01  0.000000e+00
     vertex  2.341271e+01  1.708648e+01  0.000000e+00
   endloop
 endfacet
 facet normal  0.000000e+00  0.000000e+00 -1.000000e+00
   outer loop
     vertex  4.000000e+01  3.000000e+01  0.000000e+00
     vertex  2.341271e+01  1.708648e+01  0.000000e+00
     vertex  2.335418e+01  1.717932e+01  0.000000e+00
   endloop
 endfacet
 facet normal  0.000000e+00  0.000000e+00 -1.000000e+00
   outer loop
     vertex  4.000000e+01  3.000000e+01  0.000000e+00
     vertex  2.335418e+01  1.717932e+01  0.000000e+00
     vertex  2.329313e+01  1.727052e+01  0.000000e+00
   endloop
 endfacet
 facet normal  0.000000e+00  0.000000e+00 -1.000000e+00
   outer loop
     vertex  4.000000e+01  3.000000e+01  0.000000e+00
     vertex  2.329313e+01  1.727052e+01  0.000000e+00
     vertex  2.322960e+01  1.736001e+01  0.000000e+00
   endloop
 endfacet
 facet normal  0.000000e+00  0.000000e+00 -1.000000e+00
   outer loop
     vertex  4.000000e+01  3.000000e+01  0.000000e+00
     vertex  2.322960e+01  1.736001e+01  0.000000e+00
     vertex  2.316364e+01  1.744772e+01  0.000000e+00
   endloop
 endfacet
 facet normal  0.000000e+00  0.000000e+00 -1.000000e+00
   outer loop
     vertex  4.000000e+01  3.000000e+01  0.000000e+00
     vertex  2.316364e+01  1.744772e+01  0.000000e+00
     vertex  2.309530e+01  1.753359e+01  0.000000e+00
   endloop
 endfacet
 facet normal  0.000000e+00  0.000000e+00 -1.000000e+00
   outer loop
     vertex  4.000000e+01  3.000000e+01  0.000000e+00
     vertex  2.309530e+01  1.753359e+01  0.000000e+00
     vertex  2.302463e+01  1.761756e+01  0.000000e+00
   endloop
 endfacet
 facet normal  0.000000e+00  0.000000e+00 -1.000000e+00
   outer loop
     vertex  4.000000e+01  3.000000e+01  0.000000e+00
     vertex  2.302463e+01  1.761756e+01  0.000000e+00
     vertex  2.295168e+01  1.769955e+01  0.000000e+00
   endloop
 endfacet
 facet normal  0.000000e+00  0.000000e+00 -1.000000e+00
   outer loop
     vertex  4.000000e+01  3.000000e+01  0.000000e+00
     vertex  2.295168e+01  1.769955e+01  0.000000e+00
     vertex  2.287651e+01  1.777951e+01  0.000000e+00
   endloop
 endfacet
 facet normal  0.000000e+00  0.000000e+00 -1.000000e+00
   outer loop
     vertex  4.000000e+01  3.000000e+01  0.000000e+00
     vertex  2.287651e+01  1.777951e+01  0.000000e+00
     vertex  2.279918e+01  1.785738e+01  0.000000e+00
   endloop
 endfacet
 facet normal  0.000000e+00  0.000000e+00 -1.000000e+00
   outer loop
     vertex  4.000000e+01  3.000000e+01  0.000000e+00
     vertex  2.279918e+01  1.785738e+01  0.000000e+00
     vertex  2.271973e+01  1.793310e+01  0.000000e+00
   endloop
 endfacet
 facet normal  0.000000e+00  0.000000e+00 -1.000000e+00
   outer loop
     vertex  4.000000e+01  3.000000e+01  0.000000e+00
     vertex  2.271973e+01  1.793310e+01  0.000000e+00
     vertex  2.263824e+01  1.800661e+01  0.000000e+00
   endloop
 endfacet
 facet normal  0.000000e+00  0.000000e+00 -1.000000e+00
   outer loop
     vertex  4.000000e+01  3.000000e+01  0.000000e+00
     vertex  2.263824e+01  1.800661e+01  0.000000e+00
     vertex  2.255477e+01  1.807785e+01  0.000000e+00
   endloop
 endfacet
 facet normal  0.000000e+00  0.000000e+00 -1.000000e+00
   outer loop
     vertex  4.000000e+01  3.000000e+01  0.000000e+00
     vertex  2.255477e+01  1.807785e+01  0.000000e+00
     vertex  2.246937e+01  1.814678e+01  0.000000e+00
   endloop
 endfacet
 facet normal  0.000000e+00  0.000000e+00 -1.000000e+00
   outer loop
     vertex  4.000000e+01  3.000000e+01  0.000000e+00
     vertex  2.246937e+01  1.814678e+01  0.000000e+00
     vertex  2.238211e+01  1.821334e+01  0.000000e+00
   endloop
 endfacet
 facet normal  0.000000e+00  0.000000e+00 -1.000000e+00
   outer loop
     vertex  4.000000e+01  3.000000e+01  0.000000e+00
     vertex  2.238211e+01  1.821334e+01  0.000000e+00
     vertex  2.229306e+01  1.827748e+01  0.000000e+00
   endloop
 endfacet
 facet normal  0.000000e+00  0.000000e+00 -1.000000e+00
   outer loop
     vertex  4.000000e+01  3.000000e+01  0.000000e+00
     vertex  2.229306e+01  1.827748e+01  0.000000e+00
     vertex  2.220228e+01  1.833916e+01  0.000000e+00
   endloop
 endfacet
 facet normal  0.000000e+00  0.000000e+00 -1.000000e+00
   outer loop
     vertex  4.000000e+01  3.000000e+01  0.000000e+00
     vertex  2.220228e+01  1.833916e+01  0.000000e+00
     vertex  2.210984e+01  1.839832e+01  0.000000e+00
   endloop
 endfacet
 facet normal  0.000000e+00  0.000000e+00 -1.000000e+00
   outer loop
     vertex  4.000000e+01  3.000000e+01  0.000000e+00
     vertex  2.210984e+01  1.839832e+01  0.000000e+00
     vertex  2.201582e+01  1.845492e+01  0.000000e+00
   endloop
 endfacet
 facet normal  0.000000e+00  0.000000e+00 -1.000000e+00
   outer loop
     vertex  4.000000e+01  3.000000e+01  0.000000e+00
     vertex  2.201582e+01  1.845492e+01  0.000000e+00
     vertex  2.192028e+01  1.850892e+01  0.000000e+00
   endloop
 endfacet
 facet normal  0.000000e+00  0.000000e+00 -1.000000e+00
   outer loop
     vertex  4.000000e+01  3.000000e+01  0.000000e+00
     vertex  2.192028e+01  1.850892e+01  0.000000e+00
     vertex  2.182329e+01  1.856028e+01  0.000000e+00
   endloop
 endfacet
 facet normal  0.000000e+00  0.000000e+00 -1.000000e+00
   outer loop
     vertex  4.000000e+01  3.000000e+01  0.000000e+00
     vertex  2.182329e+01  1.856028e+01  0.000000e+00
     vertex  2.172493e+01  1.860896e+01  0.000000e+00
   endloop
 endfacet
 facet normal  0.000000e+00  0.000000e+00 -1.000000e+00
   outer loop
     vertex  4.000000e+01  3.000000e+01  0.000000e+00
     vertex  2.172493e+01  1.860896e+01  0.000000e+00
     vertex  2.162528e+01  1.865493e+01  0.000000e+00
   endloop
 endfacet
 facet normal  0.000000e+00  0.000000e+00 -1.000000e+00
   outer loop
     vertex  4.000000e+01  3.000000e+01  0.000000e+00
     vertex  2.162528e+01  1.865493e+01  0.000000e+00
     vertex  2.152439e+01  1.869814e+01  0.000000e+00
   endloop
 endfacet
 facet normal  0.000000e+00  0.000000e+00 -1.000000e+00
   outer loop
     vertex  4.000000e+01  3.000000e+01  0.000000e+00
     vertex  2.152439e+01  1.869814e+01  0.000000e+00
     vertex  2.142237e+01  1.873857e+01  0.000000e+00
   endloop
 endfacet
 facet normal  0.000000e+00  0.000000e+00 -1.000000e+00
   outer loop
     vertex  4.000000e+01  3.000000e+01  0.000000e+00
     vertex  2.142237e+01  1.873857e+01  0.000000e+00
     vertex  2.131927e+01  1.877618e+01  0.000000e+00
   endloop
 endfacet
 facet normal  0.000000e+00  0.000000e+00 -1.000000e+00
   outer loop
     vertex  4.000000e+01  3.000000e+01  0.000000e+00
     vertex  2.131927e+01  1.877618e+01  0.000000e+00
     vertex  2.121517e+01  1.881095e+01  0.000000e+00
   endloop
 endfacet
 facet normal  0.000000e+00  0.000000e+00 -1.000000e+00
   outer loop
     vertex  4.000000e+01  3.000000e+01  0.000000e+00
     vertex  2.121517e+01  1.881095e+01  0.000000e+00
     vertex  2.111017e+01  1.884285e+01  0.000000e+00
   endloop
 endfacet
 facet normal  0.000000e+00  0.000000e+00 -1.000000e+00
   outer loop
     vertex  4.000000e+01  3.000000e+01  0.000000e+00
     vertex  2.111017e+01  1.884285e+01  0.000000e+00
     vertex  2.100432e+01  1.887186e+01  0.000000e+00
   endloop
 endfacet
 facet normal  0.000000e+00  0.000000e+00 -1.000000e+00
   outer loop
     vertex  4.000000e+01  3.000000e+01  0.000000e+00
     vertex  2.100432e+01  1.887186e+01  0.000000e+00
     vertex  2.089772e+01  1.889796e+01  0.000000e+00
   endloop
 endfacet
 facet normal  0.000000e+00  0.000000e+00 -1.000000e+00
   outer loop
     vertex  4.000000e+01  3.000000e+01  0.000000e+00
     vertex  2.089772e+01  1.889796e+01  0.000000e+00
     vertex  2.079045e+01  1.892112e+01  0.000000e+00
   endloop
 endfacet
 facet normal  0.000000e+00  0.000000e+00 -1.000000e+00
   outer loop
     vertex  4.000000e+01  3.000000e+01  0.000000e+00
     vertex  2.079045e+01  1.892112e+01  0.000000e+00
     vertex  2.068258e+01  1.894133e+01  0.000000e+00
   endloop
 endfacet
 facet normal  0.000000e+00  0.000000e+00 -1.000000e+00
   outer loop
     vertex  4.000000e+01  3.000000e+01  0.000000e+00
     vertex  2.068258e+01  1.894133e+01  0.000000e+00
     vertex  2.057420e+01  1.895857e+01  0.000000e+00
   endloop
 endfacet
 facet normal  0.000000e+00  0.000000e+00 -1.000000e+00
   outer loop
     vertex  4.000000e+01  3.000000e+01  0.000000e+00
     vertex  2.057420e+01  1.895857e+01  0.000000e+00
     vertex  2.046538e+01  1.897284e+01  0.000000e+00
   endloop
 endfacet
 facet normal  0.000000e+00  0.000000e+00 -1.000000e+00
   outer loop
     vertex  4.000000e+01  3.000000e+01  0.000000e+00
     vertex  2.046538e+01  1.897284e+01  0.000000e+00
     vertex  2.035621e+01  1.898411e+01  0.000000e+00
   endloop
 endfacet
 facet normal  0.000000e+00  0.000000e+00 -1.000000e+00
   outer loop
     vertex  4.000000e+01  3.000000e+01  0.000000e+00
     vertex  2.035621e+01  1.898411e+01  0.000000e+00
     vertex  2.024678e+01  1.899238e+01  0.000000e+00
   endloop
 endfacet
 facet normal  0.000000e+00  0.000000e+00 -1.000000e+00
   outer loop
     vertex  4.000000e+01  3.000000e+01  0.000000e+00
     vertex  2.024678e+01  1.899238e+01  0.000000e+00
     vertex  2.013716e+01  1.899765e+01  0.000000e+00
   endloop
 endfacet
 facet normal  0.000000e+00  0.000000e+00 -1.000000e+00
   outer loop
     vertex  4.000000e+01  3.000000e+01  0.000000e+00
     vertex  2.013716e+01  1.899765e+01  0.000000e+00
     vertex  2.002744e+01  1.899991e+01  0.000000e+00
   endloop
 endfacet
 facet normal -0.000000e+00  0.000000e+00 -1.000000e+00
   outer loop
     vertex  4.000000e+01  3.000000e+01  0.000000e+00
     vertex  2.002744e+01  1.899991e+01  0.000000e+00
     vertex  0.000000e+00  3.000000e+01  0.000000e+00
   endloop
 endfacet
 facet normal  0.000000e+00  0.000000e+00  1.000000e+00
   outer loop
     vertex  1.724029e+01  1.210449e+01  6.000000e+00
     vertex  1.716189e+01  1.218129e+01  6.000000e+00
     vertex  0.000000e+00  0.000000e+00  6.000000e+00
   endloop
 endfacet
 facet normal  0.000000e+00  0.000000e+00  1.000000e+00
   outer loop
     vertex  1.708563e+01  1.226021e+01  6.000000e+00
     vertex  0.000000e+00  0.000000e+00  6.000000e+00
     vertex  1.716189e+01  1.218129e+01  6.000000e+00
   endloop
 endfacet
 facet normal  0.000000e+00  0.000000e+00  1.000000e+00
   outer loop
     vertex  1.732076e+01  1.202987e+01  6.000000e+00
     vertex  1.724029e+01  1.210449e+01  6.000000e+00
     vertex  0.000000e+00  0.000000e+00  6.000000e+00
   endloop
 endfacet
 facet normal  0.000000e+00  0.000000e+00  1.000000e+00
   outer loop
     vertex  1.701156e+01  1.234120e+01  6.000000e+00
     vertex  0.000000e+00  0.000000e+00  6.000000e+00
     vertex  1.708563e+01  1.226021e+01  6.000000e+00
   endloop
 endfacet
 facet normal  0.000000e+00  0.000000e+00  1.000000e+00
   outer loop
     vertex  1.740325e+01  1.195749e+01  6.000000e+00
     vertex  1.732076e+01  1.202987e+01  6.000000e+00
     vertex  0.000000e+00  0.000000e+00  6.000000e+00
   endloop
 endfacet
 facet normal  0.000000e+00  0.000000e+00  1.000000e+00
   outer loop
     vertex  1.693975e+01  1.242418e+01  6.000000e+00
     vertex  0.000000e+00  0.000000e+00  6.000000e+00
     vertex  1.701156e+01  1.234120e+01  6.000000e+00
   endloop
 endfacet
 facet normal  0.000000e+00  0.000000e+00  1.000000e+00
   outer loop
     vertex  1.748770e+01  1.188739e+01  6.000000e+00
     vertex  1.740325e+01  1.195749e+01  6.000000e+00
     vertex  0.000000e+00  0.000000e+00  6.000000e+00
   endloop
 endfacet
 facet normal  0.000000e+00  0.000000e+00  1.000000e+00
   outer loop
     vertex  1.687023e+01  1.250911e+01  6.000000e+00
     vertex  0.000000e+00  0.000000e+00  6.000000e+00
     vertex  1.693975e+01  1.242418e+01  6.000000e+00
   endloop
 endfacet
 facet normal  0.000000e+00  0.000000e+00  1.000000e+00
   outer loop
     vertex  1.757403e+01  1.181964e+01  6.000000e+00
     vertex  1.748770e+01  1.188739e+01  6.000000e+00
     vertex  0.000000e+00  0.000000e+00  6.000000e+00
   endloop
 endfacet
 facet normal  0.000000e+00  0.000000e+00  1.000000e+00
   outer loop
     vertex  1.680307e+01  1.259591e+01  6.000000e+00
     vertex  0.000000e+00  0.000000e+00  6.000000e+00
     vertex  1.687023e+01  1.250911e+01  6.000000e+00
   endloop
 endfacet
 facet normal  0.000000e+00  0.000000e+00  1.000000e+00
   outer loop
     vertex  1.766220e+01  1.175428e+01  6.000000e+00
     vertex  1.757403e+01  1.181964e+01  6.000000e+00
     vertex  0.000000e+00  0.000000e+00  6.000000e+00
   endloop
 endfacet
 facet normal  0.000000e+00  0.000000e+00  1.000000e+00
   outer loop
     vertex  1.673832e+01  1.268452e+01  6.000000e+00
     vertex  0.000000e+00  0.000000e+00  6.000000e+00
     vertex  1.680307e+01  1.259591e+01  6.000000e+00
   endloop
 endfacet
 facet normal  0.000000e+00  0.000000e+00  1.000000e+00
   outer loop
     vertex  1.775212e+01  1.169137e+01  6.000000e+00
     vertex  1.766220e+01  1.175428e+01  6.000000e+00
     vertex  0.000000e+00  0.000000e+00  6.000000e+00
   endloop
 endfacet
 facet normal  0.000000e+00  0.000000e+00  1.000000e+00
   outer loop
     vertex  1.667603e+01  1.277487e+01  6.000000e+00
     vertex  0.000000e+00  0.000000e+00  6.000000e+00
     vertex  1.673832e+01  1.268452e+01  6.000000e+00
   endloop
 endfacet
 facet normal  0.000000e+00  0.000000e+00  1.000000e+00
   outer loop
     vertex  1.784374e+01  1.163095e+01  6.000000e+00
     vertex  1.775212e+01  1.169137e+01  6.000000e+00
     vertex  0.000000e+00  0.000000e+00  6.000000e+00
   endloop
 endfacet
 facet normal  0.000000e+00  0.000000e+00  1.000000e+00
   outer loop
     vertex  1.661623e+01  1.286690e+01  6.000000e+00
     vertex  0.000000e+00  0.000000e+00  6.000000e+00
     vertex  1.667603e+01  1.277487e+01  6.000000e+00
   endloop
 endfacet
 facet normal  0.000000e+00  0.000000e+00  1.000000e+00
   outer loop
     vertex  1.793697e+01  1.157306e+01  6.000000e+00
     vertex  1.784374e+01  1.163095e+01  6.000000e+00
     vertex  0.000000e+00  0.000000e+00  6.000000e+00
   endloop
 endfacet
 facet normal  0.000000e+00  0.000000e+00  1.000000e+00
   outer loop
     vertex  1.655899e+01  1.296053e+01  6.000000e+00
     vertex  0.000000e+00  0.000000e+00  6.000000e+00
     vertex  1.661623e+01  1.286690e+01  6.000000e+00
   endloop
 endfacet
 facet normal  0.000000e+00  0.000000e+00  1.000000e+00
   outer loop
     vertex  1.803177e+01  1.151775e+01  6.000000e+00
     vertex  1.793697e+01  1.157306e+01  6.000000e+00
     vertex  0.000000e+00  0.000000e+00  6.000000e+00
   endloop
 endfacet
 facet normal  0.000000e+00  0.000000e+00  1.000000e+00
   outer loop
     vertex  1.650433e+01  1.305570e+01  6.000000e+00
     vertex  0.000000e+00  0.000000e+00  6.000000e+00
     vertex  1.655899e+01  1.296053e+01  6.000000e+00
   endloop
 endfacet
 facet normal  0.000000e+00  0.000000e+00  1.000000e+00
   outer loop
     vertex  1.812804e+01  1.146507e+01  6.000000e+00
     vertex  1.803177e+01  1.151775e+01  6.000000e+00
     vertex  0.000000e+00  0.000000e+00  6.000000e+00
   endloop
 endfacet
 facet normal  0.000000e+00  0.000000e+00  1.000000e+00
   outer loop
     vertex  1.645231e+01  1.315233e+01  6.000000e+00
     vertex  0.000000e+00  0.000000e+00  6.000000e+00
     vertex  1.650433e+01  1.305570e+01  6.000000e+00
   endloop
 endfacet
 facet normal  0.000000e+00  0.000000e+00  1.000000e+00
   outer loop
     vertex  1.822572e+01  1.141504e+01  6.000000e+00
     vertex  1.812804e+01  1.146507e+01  6.000000e+00
     vertex  0.000000e+00  0.000000e+00  6.000000e+00
   endloop
 endfacet
 facet normal  0.000000e+00  0.000000e+00  1.000000e+00
   outer loop
     vertex  1.640295e+01  1.325035e+01  6.000000e+00
     vertex  0.000000e+00  0.000000e+00  6.000000e+00
     vertex  1.645231e+01  1.315233e+01  6.000000e+00
   endloop
 endfacet
 facet normal  0.000000e+00  0.000000e+00  1.000000e+00
   outer loop
     vertex  1.832474e+01  1.136771e+01  6.000000e+00
     vertex  1.822572e+01  1.141504e+01  6.000000e+00
     vertex  0.000000e+00  0.000000e+00  6.000000e+00
   endloop
 endfacet
 facet normal  0.000000e+00  0.000000e+00  1.000000e+00
   outer loop
     vertex  1.635631e+01  1.334969e+01  6.000000e+00
     vertex  0.000000e+00  0.000000e+00  6.000000e+00
     vertex  1.640295e+01  1.325035e+01  6.000000e+00
   endloop
 endfacet
 facet normal  0.000000e+00  0.000000e+00  1.000000e+00
   outer loop
     vertex  1.842502e+01  1.132312e+01  6.000000e+00
     vertex  1.832474e+01  1.136771e+01  6.000000e+00
     vertex  0.000000e+00  0.000000e+00  6.000000e+00
   endloop
 endfacet
 facet normal  0.000000e+00  0.000000e+00  1.000000e+00
   outer loop
     vertex  1.631241e+01  1.345027e+01  6.000000e+00
     vertex  0.000000e+00  0.000000e+00  6.000000e+00
     vertex  1.635631e+01  1.334969e+01  6.000000e+00
   endloop
 endfacet
 facet normal  0.000000e+00  0.000000e+00  1.000000e+00
   outer loop
     vertex  1.852648e+01  1.128130e+01  6.000000e+00
     vertex  1.842502e+01  1.132312e+01  6.000000e+00
     vertex  0.000000e+00  0.000000e+00  6.000000e+00
   endloop
 endfacet
 facet normal  0.000000e+00  0.000000e+00  1.000000e+00
   outer loop
     vertex  1.627128e+01  1.355202e+01  6.000000e+00
     vertex  0.000000e+00  0.000000e+00  6.000000e+00
     vertex  1.631241e+01  1.345027e+01  6.000000e+00
   endloop
 endfacet
 facet normal  0.000000e+00  0.000000e+00  1.000000e+00
   outer loop
     vertex  1.862906e+01  1.124227e+01  6.000000e+00
     vertex  1.852648e+01  1.128130e+01  6.000000e+00
     vertex  0.000000e+00  0.000000e+00  6.000000e+00
   endloop
 endfacet
 facet normal  0.000000e+00  0.000000e+00  1.000000e+00
   outer loop
     vertex  1.623296e+01  1.365486e+01  6.000000e+00
     vertex  0.000000e+00  0.000000e+00  6.000000e+00
     vertex  1.627128e+01  1.355202e+01  6.000000e+00
   endloop
 endfacet
 facet normal  0.000000e+00  0.000000e+00  1.000000e+00
   outer loop
     vertex  1.873266e+01  1.120608e+01  6.000000e+00
     vertex  1.862906e+01  1.124227e+01  6.000000e+00
     vertex  0.000000e+00  0.000000e+00  6.000000e+00
   endloop
 endfacet
 facet normal  0.000000e+00  0.000000e+00  1.000000e+00
   outer loop
     vertex  1.619747e+01  1.375871e+01  6.000000e+00
     vertex  0.000000e+00  0.000000e+00  6.000000e+00
     vertex  1.623296e+01  1.365486e+01  6.000000e+00
   endloop
 endfacet
 facet normal  0.000000e+00  0.000000e+00  1.000000e+00
   outer loop
     vertex  1.883722e+01  1.117274e+01  6.000000e+00
     vertex  1.873266e+01  1.120608e+01  6.000000e+00
     vertex  0.000000e+00  0.000000e+00  6.000000e+00
   endloop
 endfacet
 facet normal  0.000000e+00  0.000000e+00  1.000000e+00
   outer loop
     vertex  1.616485e+01  1.386350e+01  6.000000e+00
     vertex  0.000000e+00  0.000000e+00  6.000000e+00
     vertex  1.619747e+01  1.375871e+01  6.000000e+00
   endloop
 endfacet
 facet normal  0.000000e+00  0.000000e+00  1.000000e+00
   outer loop
     vertex  1.894266e+01  1.114228e+01  6.000000e+00
     vertex  1.883722e+01  1.117274e+01  6.000000e+00
     vertex  0.000000e+00  0.000000e+00  6.000000e+00
   endloop
 endfacet
 facet normal  0.000000e+00  0.000000e+00  1.000000e+00
   outer loop
     vertex  1.613512e+01  1.396914e+01  6.000000e+00
     vertex  0.000000e+00  0.000000e+00  6.000000e+00
     vertex  1.616485e+01  1.386350e+01  6.000000e+00
   endloop
 endfacet
 facet normal  0.000000e+00  0.000000e+00  1.000000e+00
   outer loop
     vertex  1.904889e+01  1.111472e+01  6.000000e+00
     vertex  1.894266e+01  1.114228e+01  6.000000e+00
     vertex  0.000000e+00  0.000000e+00  6.000000e+00
   endloop
 endfacet
 facet normal  0.000000e+00  0.000000e+00  1.000000e+00
   outer loop
     vertex  1.610829e+01  1.407556e+01  6.000000e+00
     vertex  0.000000e+00  0.000000e+00  6.000000e+00
     vertex  1.613512e+01  1.396914e+01  6.000000e+00
   endloop
 endfacet
 facet normal  0.000000e+00  0.000000e+00  1.000000e+00
   outer loop
     vertex  1.915583e+01  1.109009e+01  6.000000e+00
     vertex  1.904889e+01  1.111472e+01  6.000000e+00
     vertex  0.000000e+00  0.000000e+00  6.000000e+00
   endloop
 endfacet
 facet normal  0.000000e+00  0.000000e+00  1.000000e+00
   outer loop
     vertex  1.608439e+01  1.418267e+01  6.000000e+00
     vertex  0.000000e+00  0.000000e+00  6.000000e+00
     vertex  1.610829e+01  1.407556e+01  6.000000e+00
   endloop
 endfacet
 facet normal  0.000000e+00  0.000000e+00  1.000000e+00
   outer loop
     vertex  1.926342e+01  1.106840e+01  6.000000e+00
     vertex  1.915583e+01  1.109009e+01  6.000000e+00
     vertex  0.000000e+00  0.000000e+00  6.000000e+00
   endloop
 endfacet
 facet normal  0.000000e+00  0.000000e+00  1.000000e+00
   outer loop
     vertex  1.606344e+01  1.429040e+01  6.000000e+00
     vertex  0.000000e+00  0.000000e+00  6.000000e+00
     vertex  1.608439e+01  1.418267e+01  6.000000e+00
   endloop
 endfacet
 facet normal  0.000000e+00  0.000000e+00  1.000000e+00
   outer loop
     vertex  1.937155e+01  1.104968e+01  6.000000e+00
     vertex  1.926342e+01  1.106840e+01  6.000000e+00
     vertex  0.000000e+00  0.000000e+00  6.000000e+00
   endloop
 endfacet
 facet normal  0.000000e+00  0.000000e+00  1.000000e+00
   outer loop
     vertex  1.604546e+01  1.439866e+01  6.000000e+00
     vertex  0.000000e+00  0.000000e+00  6.000000e+00
     vertex  1.606344e+01  1.429040e+01  6.000000e+00
   endloop
 endfacet
 facet normal  0.000000e+00  0.000000e+00  1.000000e+00
   outer loop
     vertex  1.948016e+01  1.103392e+01  6.000000e+00
     vertex  1.937155e+01  1.104968e+01  6.000000e+00
     vertex  0.000000e+00  0.000000e+00  6.000000e+00
   endloop
 endfacet
 facet normal  0.000000e+00  0.000000e+00  1.000000e+00
   outer loop
     vertex  1.603045e+01  1.450738e+01  6.000000e+00
     vertex  0.000000e+00  0.000000e+00  6.000000e+00
     vertex  1.604546e+01  1.439866e+01  6.000000e+00
   endloop
 endfacet
 facet normal  0.000000e+00  0.000000e+00  1.000000e+00
   outer loop
     vertex  1.958916e+01  1.102115e+01  6.000000e+00
     vertex  1.948016e+01  1.103392e+01  6.000000e+00
     vertex  0.000000e+00  0.000000e+00  6.000000e+00
   endloop
 endfacet
 facet normal  0.000000e+00  0.000000e+00  1.000000e+00
   outer loop
     vertex  1.601843e+01  1.461647e+01  6.000000e+00
     vertex  0.000000e+00  0.000000e+00  6.000000e+00
     vertex  1.603045e+01  1.450738e+01  6.000000e+00
   endloop
 endfacet
 facet normal  0.000000e+00  0.000000e+00  1.000000e+00
   outer loop
     vertex  1.969847e+01  1.101138e+01  6.000000e+00
     vertex  1.958916e+01  1.102115e+01  6.000000e+00
     vertex  0.000000e+00  0.000000e+00  6.000000e+00
   endloop
 endfacet
 facet normal  0.000000e+00  0.000000e+00  1.000000e+00
   outer loop
     vertex  1.600941e+01  1.472584e+01  6.000000e+00
     vertex  0.000000e+00  0.000000e+00  6.000000e+00
     vertex  1.601843e+01  1.461647e+01  6.000000e+00
   endloop
 endfacet
 facet normal  0.000000e+00  0.000000e+00  1.000000e+00
   outer loop
     vertex  1.980801e+01  1.100461e+01  6.000000e+00
     vertex  1.969847e+01  1.101138e+01  6.000000e+00
     vertex  0.000000e+00  0.000000e+00  6.000000e+00
   endloop
 endfacet
 facet normal  0.000000e+00  0.000000e+00  1.000000e+00
   outer loop
     vertex  1.600339e+01  1.483542e+01  6.000000e+00
     vertex  0.000000e+00  0.000000e+00  6.000000e+00
     vertex  1.600941e+01  1.472584e+01  6.000000e+00
   endloop
 endfacet
 facet normal  0.000000e+00  0.000000e+00  1.000000e+00
   outer loop
     vertex  1.991769e+01  1.100085e+01  6.000000e+00
     vertex  1.980801e+01  1.100461e+01  6.000000e+00
     vertex  0.000000e+00  0.000000e+00  6.000000e+00
   endloop
 endfacet
 facet normal  0.000000e+00  0.000000e+00  1.000000e+00
   outer loop
     vertex  1.600038e+01  1.494513e+01  6.000000e+00
     vertex  0.000000e+00  0.000000e+00  6.000000e+00
     vertex  1.600339e+01  1.483542e+01  6.000000e+00
   endloop
 endfacet
 facet normal  0.000000e+00  0.000000e+00  1.000000e+00
   outer loop
     vertex  2.002744e+01  1.100009e+01  6.000000e+00
     vertex  1.991769e+01  1.100085e+01  6.000000e+00
     vertex  0.000000e+00  0.000000e+00  6.000000e+00
   endloop
 endfacet
 facet normal  0.000000e+00  0.000000e+00  1.000000e+00
   outer loop
     vertex  1.600038e+01  1.505487e+01  6.000000e+00
     vertex  0.000000e+00  3.000000e+01  6.000000e+00
     vertex  0.000000e+00  0.000000e+00  6.000000e+00
   endloop
 endfacet
 facet normal  0.000000e+00  0.000000e+00  1.000000e+00
   outer loop
     vertex  1.600038e+01  1.505487e+01  6.000000e+00
     vertex  0.000000e+00  0.000000e+00  6.000000e+00
     vertex  1.600038e+01  1.494513e+01  6.000000e+00
   endloop
 endfacet
 facet normal  0.000000e+00  0.000000e+00  1.000000e+00
   outer loop
     vertex  1.600339e+01  1.516458e+01  6.000000e+00
     vertex  0.000000e+00  3.000000e+01  6.000000e+00
     vertex  1.600038e+01  1.505487e+01  6.000000e+00
   endloop
 endfacet
 facet normal  0.000000e+00  0.000000e+00  1.000000e+00
   outer loop
     vertex  1.600941e+01  1.527416e+01  6.000000e+00
     vertex  0.000000e+00  3.000000e+01  6.000000e+00
     vertex  1.600339e+01  1.516458e+01  6.000000e+00
   endloop
 endfacet
 facet normal  0.000000e+00  0.000000e+00  1.000000e+00
   outer loop
     vertex  1.601843e+01  1.538353e+01  6.000000e+00
     vertex  0.000000e+00  3.000000e+01  6.000000e+00
     vertex  1.600941e+01  1.527416e+01  6.000000e+00
   endloop
 endfacet
 facet normal  0.000000e+00  0.000000e+00  1.000000e+00
   outer loop
     vertex  1.603045e+01  1.549262e+01  6.000000e+00
     vertex  0.000000e+00  3.000000e+01  6.000000e+00
     vertex  1.601843e+01  1.538353e+01  6.000000e+00
   endloop
 endfacet
 facet normal  0.000000e+00  0.000000e+00  1.000000e+00
   outer loop
     vertex  1.604546e+01  1.560134e+01  6.000000e+00
     vertex  0.000000e+00  3.000000e+01  6.000000e+00
     vertex  1.603045e+01  1.549262e+01  6.000000e+00
   endloop
 endfacet
 facet normal  0.000000e+00  0.000000e+00  1.000000e+00
   outer loop
     vertex  1.606344e+01  1.570960e+01  6.000000e+00
     vertex  0.000000e+00  3.000000e+01  6.000000e+00
     vertex  1.604546e+01  1.560134e+01  6.000000e+00
   endloop
 endfacet
 facet normal  0.000000e+00  0.000000e+00  1.000000e+00
   outer loop
     vertex  1.608439e+01  1.581733e+01  6.000000e+00
     vertex  0.000000e+00  3.000000e+01  6.000000e+00
     vertex  1.606344e+01  1.570960e+01  6.000000e+00
   endloop
 endfacet
 facet normal  0.000000e+00  0.000000e+00  1.000000e+00
   outer loop
     vertex  1.610829e+01  1.592444e+01  6.000000e+00
     vertex  0.000000e+00  3.000000e+01  6.000000e+00
     vertex  1.608439e+01  1.581733e+01  6.000000e+00
   endloop
 endfacet
 facet normal  0.000000e+00  0.000000e+00  1.000000e+00
   outer loop
     vertex  1.613512e+01  1.603086e+01  6.000000e+00
     vertex  0.000000e+00  3.000000e+01  6.000000e+00
     vertex  1.610829e+01  1.592444e+01  6.000000e+00
   endloop
 endfacet
 facet normal  0.000000e+00  0.000000e+00  1.000000e+00
   outer loop
     vertex  1.616485e+01  1.613650e+01  6.000000e+00
     vertex  0.000000e+00  3.000000e+01  6.000000e+00
     vertex  1.613512e+01  1.603086e+01  6.000000e+00
   endloop
 endfacet
 facet normal  0.000000e+00  0.000000e+00  1.000000e+00
   outer loop
     vertex  1.619747e+01  1.624129e+01  6.000000e+00
     vertex  0.000000e+00  3.000000e+01  6.000000e+00
     vertex  1.616485e+01  1.613650e+01  6.000000e+00
   endloop
 endfacet
 facet normal  0.000000e+00  0.000000e+00  1.000000e+00
   outer loop
     vertex  1.623296e+01  1.634514e+01  6.000000e+00
     vertex  0.000000e+00  3.000000e+01  6.000000e+00
     vertex  1.619747e+01  1.624129e+01  6.000000e+00
   endloop
 endfacet
 facet normal  0.000000e+00  0.000000e+00  1.000000e+00
   outer loop
     vertex  1.627128e+01  1.644798e+01  6.000000e+00
     vertex  0.000000e+00  3.000000e+01  6.000000e+00
     vertex  1.623296e+01  1.634514e+01  6.000000e+00
   endloop
 endfacet
 facet normal  0.000000e+00  0.000000e+00  1.000000e+00
   outer loop
     vertex  1.631241e+01  1.654973e+01  6.000000e+00
     vertex  0.000000e+00  3.000000e+01  6.000000e+00
     vertex  1.627128e+01  1.644798e+01  6.000000e+00
   endloop
 endfacet
 facet normal  0.000000e+00  0.000000e+00  1.000000e+00
   outer loop
     vertex  1.635631e+01  1.665031e+01  6.000000e+00
     vertex  0.000000e+00  3.000000e+01  6.000000e+00
     vertex  1.631241e+01  1.654973e+01  6.000000e+00
   endloop
 endfacet
 facet normal  0.000000e+00  0.000000e+00  1.000000e+00
   outer loop
     vertex  1.640295e+01  1.674965e+01  6.000000e+00
     vertex  0.000000e+00  3.000000e+01  6.000000e+00
     vertex  1.635631e+01  1.665031e+01  6.000000e+00
   endloop
 endfacet
 facet normal  0.000000e+00  0.000000e+00  1.000000e+00
   outer loop
     vertex  1.645231e+01  1.684767e+01  6.000000e+00
     vertex  0.000000e+00  3.000000e+01  6.000000e+00
     vertex  1.640295e+01  1.674965e+01  6.000000e+00
   endloop
 endfacet
 facet normal  0.000000e+00  0.000000e+00  1.000000e+00
   outer loop
     vertex  1.650433e+01  1.694430e+01  6.000000e+00
     vertex  0.000000e+00  3.000000e+01  6.000000e+00
     vertex  1.645231e+01  1.684767e+01  6.000000e+00
   endloop
 endfacet
 facet normal  0.000000e+00  0.000000e+00  1.000000e+00
   outer loop
     vertex  1.655899e+01  1.703947e+01  6.000000e+00
     vertex  0.000000e+00  3.000000e+01  6.000000e+00
     vertex  1.650433e+01  1.694430e+01  6.000000e+00
   endloop
 endfacet
 facet normal  0.000000e+00  0.000000e+00  1.000000e+00
   outer loop
     vertex  1.661623e+01  1.713310e+01  6.000000e+00
     vertex  0.000000e+00  3.000000e+01  6.000000e+00
     vertex  1.655899e+01  1.703947e+01  6.000000e+00
   endloop
 endfacet
 facet normal  0.000000e+00  0.000000e+00  1.000000e+00
   outer loop
     vertex  1.667603e+01  1.722513e+01  6.000000e+00
     vertex  0.000000e+00  3.000000e+01  6.000000e+00
     vertex  1.661623e+01  1.713310e+01  6.000000e+00
   endloop
 endfacet
 facet normal  0.000000e+00  0.000000e+00  1.000000e+00
   outer loop
     vertex  1.673832e+01  1.731548e+01  6.000000e+00
     vertex  0.000000e+00  3.000000e+01  6.000000e+00
     vertex  1.667603e+01  1.722513e+01  6.000000e+00
   endloop
 endfacet
 facet normal  0.000000e+00  0.000000e+00  1.000000e+00
   outer loop
     vertex  1.680307e+01  1.740409e+01  6.000000e+00
     vertex  0.000000e+00  3.000000e+01  6.000000e+00
     vertex  1.673832e+01  1.731548e+01  6.000000e+00
   endloop
 endfacet
 facet normal  0.000000e+00  0.000000e+00  1.000000e+00
   outer loop
     vertex  1.687023e+01  1.749089e+01  6.000000e+00
     vertex  0.000000e+00  3.000000e+01  6.000000e+00
     vertex  1.680307e+01  1.740409e+01  6.000000e+00
   endloop
 endfacet
 facet normal  0.000000e+00  0.000000e+00  1.000000e+00
   outer loop
     vertex  1.693975e+01  1.757582e+01  6.000000e+00
     vertex  0.000000e+00  3.000000e+01  6.000000e+00
     vertex  1.687023e+01  1.749089e+01  6.000000e+00
   endloop
 endfacet
 facet normal  0.000000e+00  0.000000e+00  1.000000e+00
   outer loop
     vertex  1.701156e+01  1.765880e+01  6.000000e+00
     vertex  0.000000e+00  3.000000e+01  6.000000e+00
     vertex  1.693975e+01  1.757582e+01  6.000000e+00
   endloop
 endfacet
 facet normal  0.000000e+00  0.000000e+00  1.000000e+00
   outer loop
     vertex  1.708563e+01  1.773979e+01  6.000000e+00
     vertex  0.000000e+00  3.000000e+01  6.000000e+00
     vertex  1.701156e+01  1.765880e+01  6.000000e+00
   endloop
 endfacet
 facet normal  0.000000e+00  0.000000e+00  1.000000e+00
   outer loop
     vertex  1.716189e+01  1.781871e+01  6.000000e+00
     vertex  0.000000e+00  3.000000e+01  6.000000e+00
     vertex  1.708563e+01  1.773979e+01  6.000000e+00
   endloop
 endfacet
 facet normal  0.000000e+00  0.000000e+00  1.000000e+00
   outer loop
     vertex  1.724029e+01  1.789551e+01  6.000000e+00
     vertex  0.000000e+00  3.000000e+01  6.000000e+00
     vertex  1.716189e+01  1.781871e+01  6.000000e+00
   endloop
 endfacet
 facet normal  0.000000e+00  0.000000e+00  1.000000e+00
   outer loop
     vertex  1.732076e+01  1.797013e+01  6.000000e+00
     vertex  0.000000e+00  3.000000e+01  6.000000e+00
     vertex  1.724029e+01  1.789551e+01  6.000000e+00
   endloop
 endfacet
 facet normal  0.000000e+00  0.000000e+00  1.000000e+00
   outer loop
     vertex  1.740325e+01  1.804251e+01  6.000000e+00
     vertex  0.000000e+00  3.000000e+01  6.000000e+00
     vertex  1.732076e+01  1.797013e+01  6.000000e+00
   endloop
 endfacet
 facet normal  0.000000e+00  0.000000e+00  1.000000e+00
   outer loop
     vertex  1.748770e+01  1.811261e+01  6.000000e+00
     vertex  0.000000e+00  3.000000e+01  6.000000e+00
     vertex  1.740325e+01  1.804251e+01  6.000000e+00
   endloop
 endfacet
 facet normal  0.000000e+00  0.000000e+00  1.000000e+00
   outer loop
     vertex  1.757403e+01  1.818036e+01  6.000000e+00
     vertex  0.000000e+00  3.000000e+01  6.000000e+00
     vertex  1.748770e+01  1.811261e+01  6.000000e+00
   endloop
 endfacet
 facet normal  0.000000e+00  0.000000e+00  1.000000e+00
   outer loop
     vertex  1.766220e+01  1.824572e+01  6.000000e+00
     vertex  0.000000e+00  3.000000e+01  6.000000e+00
     vertex  1.757403e+01  1.818036e+01  6.000000e+00
   endloop
 endfacet
 facet normal  0.000000e+00  0.000000e+00  1.000000e+00
   outer loop
     vertex  1.775212e+01  1.830863e+01  6.000000e+00
     vertex  0.000000e+00  3.000000e+01  6.000000e+00
     vertex  1.766220e+01  1.824572e+01  6.000000e+00
   endloop
 endfacet
 facet normal  0.000000e+00  0.000000e+00  1.000000e+00
   outer loop
     vertex  1.784374e+01  1.836905e+01  6.000000e+00
     vertex  0.000000e+00  3.000000e+01  6.000000e+00
     vertex  1.775212e+01  1.830863e+01  6.000000e+00
   endloop
 endfacet
 facet normal  0.000000e+00  0.000000e+00  1.000000e+00
   outer loop
     vertex  1.793697e+01  1.842694e+01  6.000000e+00
     vertex  0.000000e+00  3.000000e+01  6.000000e+00
     vertex  1.784374e+01  1.836905e+01  6.000000e+00
   endloop
 endfacet
 facet normal  0.000000e+00  0.000000e+00  1.000000e+00
   outer loop
     vertex  1.803177e+01  1.848225e+01  6.000000e+00
     vertex  0.000000e+00  3.000000e+01  6.000000e+00
     vertex  1.793697e+01  1.842694e+01  6.000000e+00
   endloop
 endfacet
 facet normal  0.000000e+00  0.000000e+00  1.000000e+00
   outer loop
     vertex  1.812804e+01  1.853493e+01  6.000000e+00
     vertex  0.000000e+00  3.000000e+01  6.000000e+00
     vertex  1.803177e+01  1.848225e+01  6.000000e+00
   endloop
 endfacet
 facet normal  0.000000e+00  0.000000e+00  1.000000e+00
   outer loop
     vertex  1.822572e+01  1.858496e+01  6.000000e+00
     vertex  0.000000e+00  3.000000e+01  6.000000e+00
     vertex  1.812804e+01  1.853493e+01  6.000000e+00
   endloop
 endfacet
 facet normal  0.000000e+00  0.000000e+00  1.000000e+00
   outer loop
     vertex  1.832474e+01  1.863229e+01  6.000000e+00
     vertex  0.000000e+00  3.000000e+01  6.000000e+00
     vertex  1.822572e+01  1.858496e+01  6.000000e+00
   endloop
 endfacet
 facet normal  0.000000e+00  0.000000e+00  1.000000e+00
   outer loop
     vertex  1.842502e+01  1.867688e+01  6.000000e+00
     vertex  0.000000e+00  3.000000e+01  6.000000e+00
     vertex  1.832474e+01  1.863229e+01  6.000000e+00
   endloop
 endfacet
 facet normal  0.000000e+00  0.000000e+00  1.000000e+00
   outer loop
     vertex  1.852648e+01  1.871870e+01  6.000000e+00
     vertex  0.000000e+00  3.000000e+01  6.000000e+00
     vertex  1.842502e+01  1.867688e+01  6.000000e+00
   endloop
 endfacet
 facet normal  0.000000e+00  0.000000e+00  1.000000e+00
   outer loop
     vertex  1.862906e+01  1.875773e+01  6.000000e+00
     vertex  0.000000e+00  3.000000e+01  6.000000e+00
     vertex  1.852648e+01  1.871870e+01  6.000000e+00
   endloop
 endfacet
 facet normal  0.000000e+00  0.000000e+00  1.000000e+00
   outer loop
     vertex  1.873266e+01  1.879392e+01  6.000000e+00
     vertex  0.000000e+00  3.000000e+01  6.000000e+00
     vertex  1.862906e+01  1.875773e+01  6.000000e+00
   endloop
 endfacet
 facet normal  0.000000e+00  0.000000e+00  1.000000e+00
   outer loop
     vertex  1.883722e+01  1.882726e+01  6.000000e+00
     vertex  0.000000e+00  3.000000e+01  6.000000e+00
     vertex  1.873266e+01  1.879392e+01  6.000000e+00
   endloop
 endfacet
 facet normal  0.000000e+00  0.000000e+00  1.000000e+00
   outer loop
     vertex  1.894266e+01  1.885772e+01  6.000000e+00
     vertex  0.000000e+00  3.000000e+01  6.000000e+00
     vertex  1.883722e+01  1.882726e+01  6.000000e+00
   endloop
 endfacet
 facet normal  0.000000e+00  0.000000e+00  1.000000e+00
   outer loop
     vertex  1.904889e+01  1.888528e+01  6.000000e+00
     vertex  0.000000e+00  3.000000e+01  6.000000e+00
     vertex  1.894266e+01  1.885772e+01  6.000000e+00
   endloop
 endfacet
 facet normal  0.000000e+00  0.000000e+00  1.000000e+00
   outer loop
     vertex  1.915583e+01  1.890991e+01  6.000000e+00
     vertex  0.000000e+00  3.000000e+01  6.000000e+00
     vertex  1.904889e+01  1.888528e+01  6.000000e+00
   endloop
 endfacet
 facet normal  0.000000e+00  0.000000e+00  1.000000e+00
   outer loop
     vertex  1.926342e+01  1.893160e+01  6.000000e+00
     vertex  0.000000e+00  3.000000e+01  6.000000e+00
     vertex  1.915583e+01  1.890991e+01  6.000000e+00
   endloop
 endfacet
 facet normal  0.000000e+00  0.000000e+00  1.000000e+00
   outer loop
     vertex  1.937155e+01  1.895032e+01  6.000000e+00
     vertex  0.000000e+00  3.000000e+01  6.000000e+00
     vertex  1.926342e+01  1.893160e+01  6.000000e+00
   endloop
 endfacet
 facet normal  0.000000e+00  0.000000e+00  1.000000e+00
   outer loop
     vertex  1.948016e+01  1.896608e+01  6.000000e+00
     vertex  0.000000e+00  3.000000e+01  6.000000e+00
     vertex  1.937155e+01  1.895032e+01  6.000000e+00
   endloop
 endfacet
 facet normal  0.000000e+00  0.000000e+00  1.000000e+00
   outer loop
     vertex  1.958916e+01  1.897885e+01  6.000000e+00
     vertex  0.000000e+00  3.000000e+01  6.000000e+00
     vertex  1.948016e+01  1.896608e+01  6.000000e+00
   endloop
 endfacet
 facet normal  0.000000e+00  0.000000e+00  1.000000e+00
   outer loop
     vertex  1.969847e+01  1.898862e+01  6.000000e+00
     vertex  0.000000e+00  3.000000e+01  6.000000e+00
     vertex  1.958916e+01  1.897885e+01  6.000000e+00
   endloop
 endfacet
 facet normal  0.000000e+00  0.000000e+00  1.000000e+00
   outer loop
     vertex  1.980801e+01  1.899539e+01  6.000000e+00
     vertex  0.000000e+00  3.000000e+01  6.000000e+00
     vertex  1.969847e+01  1.898862e+01  6.000000e+00
   endloop
 endfacet
 facet normal  0.000000e+00  0.000000e+00  1.000000e+00
   outer loop
     vertex  1.991769e+01  1.899915e+01  6.000000e+00
     vertex  0.000000e+00  3.000000e+01  6.000000e+00
     vertex  1.980801e+01  1.899539e+01  6.000000e+00
   endloop
 endfacet
 facet normal  0.000000e+00  0.000000e+00  1.000000e+00
   outer loop
     vertex  2.002744e+01  1.899991e+01  6.000000e+00
     vertex  0.000000e+00  3.000000e+01  6.000000e+00
     vertex  1.991769e+01  1.899915e+01  6.000000e+00
   endloop
 endfacet
 facet normal  0.000000e+00  0.000000e+00  1.000000e+00
   outer loop
     vertex  4.000000e+01  0.000000e+00  6.000000e+00
     vertex  2.400000e+01  1.500000e+01  6.000000e+00
     vertex  2.399849e+01  1.489026e+01  6.000000e+00
   endloop
 endfacet
 facet normal  0.000000e+00  0.000000e+00  1.000000e+00
   outer loop
     vertex  4.000000e+01  0.000000e+00  6.000000e+00
     vertex  2.399849e+01  1.489026e+01  6.000000e+00
     vertex  2.399398e+01  1.478061e+01  6.000000e+00
   endloop
 endfacet
 facet normal  0.000000e+00  0.000000e+00  1.000000e+00
   outer loop
     vertex  4.000000e+01  0.000000e+00  6.000000e+00
     vertex  2.399398e+01  1.478061e+01  6.000000e+00
     vertex  2.398646e+01  1.467112e+01  6.000000e+00
   endloop
 endfacet
 facet normal  0.000000e+00  0.000000e+00  1.000000e+00
   outer loop
     vertex  4.000000e+01  0.000000e+00  6.000000e+00
     vertex  2.398646e+01  1.467112e+01  6.000000e+00
     vertex  2.397593e+01  1.456188e+01  6.000000e+00
   endloop
 endfacet
 facet normal  0.000000e+00  0.000000e+00  1.000000e+00
   outer loop
     vertex  4.000000e+01  0.000000e+00  6.000000e+00
     vertex  2.397593e+01  1.456188e+01  6.000000e+00
     vertex  2.396242e+01  1.445297e+01  6.000000e+00
   endloop
 endfacet
 facet normal  0.000000e+00  0.000000e+00  1.000000e+00
   outer loop
     vertex  4.000000e+01  0.000000e+00  6.000000e+00
     vertex  2.396242e+01  1.445297e+01  6.000000e+00
     vertex  2.394592e+01  1.434447e+01  6.000000e+00
   endloop
 endfacet
 facet normal  0.000000e+00  0.000000e+00  1.000000e+00
   outer loop
     vertex  4.000000e+01  0.000000e+00  6.000000e+00
     vertex  2.394592e+01  1.434447e+01  6.000000e+00
     vertex  2.392645e+01  1.423646e+01  6.000000e+00
   endloop
 endfacet
 facet normal  0.000000e+00  0.000000e+00  1.000000e+00
   outer loop
     vertex  4.000000e+01  0.000000e+00  6.000000e+00
     vertex  2.392645e+01  1.423646e+01  6.000000e+00
     vertex  2.390403e+01  1.412903e+01  6.000000e+00
   endloop
 endfacet
 facet normal  0.000000e+00  0.000000e+00  1.000000e+00
   outer loop
     vertex  4.000000e+01  0.000000e+00  6.000000e+00
     vertex  2.390403e+01  1.412903e+01  6.000000e+00
     vertex  2.387866e+01  1.402226e+01  6.000000e+00
   endloop
 endfacet
 facet normal  0.000000e+00  0.000000e+00  1.000000e+00
   outer loop
     vertex  4.000000e+01  0.000000e+00  6.000000e+00
     vertex  2.387866e+01  1.402226e+01  6.000000e+00
     vertex  2.385038e+01  1.391622e+01  6.000000e+00
   endloop
 endfacet
 facet normal  0.000000e+00  0.000000e+00  1.000000e+00
   outer loop
     vertex  4.000000e+01  0.000000e+00  6.000000e+00
     vertex  2.385038e+01  1.391622e+01  6.000000e+00
     vertex  2.381920e+01  1.381100e+01  6.000000e+00
   endloop
 endfacet
 facet normal  0.000000e+00  0.000000e+00  1.000000e+00
   outer loop
     vertex  4.000000e+01  0.000000e+00  6.000000e+00
     vertex  2.381920e+01  1.381100e+01  6.000000e+00
     vertex  2.378514e+01  1.370667e+01  6.000000e+00
   endloop
 endfacet
 facet normal  0.000000e+00  0.000000e+00  1.000000e+00
   outer loop
     vertex  4.000000e+01  0.000000e+00  6.000000e+00
     vertex  2.378514e+01  1.370667e+01  6.000000e+00
     vertex  2.374823e+01  1.360331e+01  6.000000e+00
   endloop
 endfacet
 facet normal  0.000000e+00  0.000000e+00  1.000000e+00
   outer loop
     vertex  4.000000e+01  0.000000e+00  6.000000e+00
     vertex  2.374823e+01  1.360331e+01  6.000000e+00
     vertex  2.370851e+01  1.350101e+01  6.000000e+00
   endloop
 endfacet
 facet normal  0.000000e+00  0.000000e+00  1.000000e+00
   outer loop
     vertex  4.000000e+01  0.000000e+00  6.000000e+00
     vertex  2.370851e+01  1.350101e+01  6.000000e+00
     vertex  2.366599e+01  1.339983e+01  6.000000e+00
   endloop
 endfacet
 facet normal  0.000000e+00  0.000000e+00  1.000000e+00
   outer loop
     vertex  4.000000e+01  0.000000e+00  6.000000e+00
     vertex  2.366599e+01  1.339983e+01  6.000000e+00
     vertex  2.362071e+01  1.329986e+01  6.000000e+00
   endloop
 endfacet
 facet normal  0.000000e+00  0.000000e+00  1.000000e+00
   outer loop
     vertex  4.000000e+01  0.000000e+00  6.000000e+00
     vertex  2.362071e+01  1.329986e+01  6.000000e+00
     vertex  2.357270e+01  1.320117e+01  6.000000e+00
   endloop
 endfacet
 facet normal  0.000000e+00  0.000000e+00  1.000000e+00
   outer loop
     vertex  4.000000e+01  0.000000e+00  6.000000e+00
     vertex  2.357270e+01  1.320117e+01  6.000000e+00
     vertex  2.352201e+01  1.310384e+01  6.000000e+00
   endloop
 endfacet
 facet normal  0.000000e+00  0.000000e+00  1.000000e+00
   outer loop
     vertex  4.000000e+01  0.000000e+00  6.000000e+00
     vertex  2.352201e+01  1.310384e+01  6.000000e+00
     vertex  2.346867e+01  1.300793e+01  6.000000e+00
   endloop
 endfacet
 facet normal  0.000000e+00  0.000000e+00  1.000000e+00
   outer loop
     vertex  4.000000e+01  0.000000e+00  6.000000e+00
     vertex  2.346867e+01  1.300793e+01  6.000000e+00
     vertex  2.341271e+01  1.291352e+01  6.000000e+00
   endloop
 endfacet
 facet normal  0.000000e+00  0.000000e+00  1.000000e+00
   outer loop
     vertex  4.000000e+01  0.000000e+00  6.000000e+00
     vertex  2.341271e+01  1.291352e+01  6.000000e+00
     vertex  2.335418e+01  1.282068e+01  6.000000e+00
   endloop
 endfacet
 facet normal  0.000000e+00  0.000000e+00  1.000000e+00
   outer loop
     vertex  4.000000e+01  0.000000e+00  6.000000e+00
     vertex  2.335418e+01  1.282068e+01  6.000000e+00
     vertex  2.329313e+01  1.272948e+01  6.000000e+00
   endloop
 endfacet
 facet normal  0.000000e+00  0.000000e+00  1.000000e+00
   outer loop
     vertex  4.000000e+01  0.000000e+00  6.000000e+00
     vertex  2.329313e+01  1.272948e+01  6.000000e+00
     vertex  2.322960e+01  1.263999e+01  6.000000e+00
   endloop
 endfacet
 facet normal  0.000000e+00  0.000000e+00  1.000000e+00
   outer loop
     vertex  4.000000e+01  0.000000e+00  6.000000e+00
     vertex  2.322960e+01  1.263999e+01  6.000000e+00
     vertex  2.316364e+01  1.255228e+01  6.000000e+00
   endloop
 endfacet
 facet normal  0.000000e+00  0.000000e+00  1.000000e+00
   outer loop
     vertex  4.000000e+01  0.000000e+00  6.000000e+00
     vertex  2.316364e+01  1.255228e+01  6.000000e+00
     vertex  2.309530e+01  1.246641e+01  6.000000e+00
   endloop
 endfacet
 facet normal  0.000000e+00  0.000000e+00  1.000000e+00
   outer loop
     vertex  4.000000e+01  0.000000e+00  6.000000e+00
     vertex  2.309530e+01  1.246641e+01  6.000000e+00
     vertex  2.302463e+01  1.238244e+01  6.000000e+00
   endloop
 endfacet
 facet normal  0.000000e+00  0.000000e+00  1.000000e+00
   outer loop
     vertex  4.000000e+01  0.000000e+00  6.000000e+00
     vertex  2.302463e+01  1.238244e+01  6.000000e+00
     vertex  2.295168e+01  1.230045e+01  6.000000e+00
   endloop
 endfacet
 facet normal  0.000000e+00  0.000000e+00  1.000000e+00
   outer loop
     vertex  4.000000e+01  0.000000e+00  6.000000e+00
     vertex  2.295168e+01  1.230045e+01  6.000000e+00
     vertex  2.287651e+01  1.222049e+01  6.000000e+00
   endloop
 endfacet
 facet normal  0.000000e+00  0.000000e+00  1.000000e+00
   outer loop
     vertex  4.000000e+01  0.000000e+00  6.000000e+00
     vertex  2.287651e+01  1.222049e+01  6.000000e+00
     vertex  2.279918e+01  1.214262e+01  6.000000e+00
   endloop
 endfacet
 facet normal  0.000000e+00  0.000000e+00  1.000000e+00
   outer loop
     vertex  4.000000e+01  0.000000e+00  6.000000e+00
     vertex  2.279918e+01  1.214262e+01  6.000000e+00
     vertex  2.271973e+01  1.206690e+01  6.000000e+00
   endloop
 endfacet
 facet normal  0.000000e+00  0.000000e+00  1.000000e+00
   outer loop
     vertex  4.000000e+01  0.000000e+00  6.000000e+00
     vertex  2.271973e+01  1.206690e+01  6.000000e+00
     vertex  2.263824e+01  1.199339e+01  6.000000e+00
   endloop
 endfacet
 facet normal  0.000000e+00  0.000000e+00  1.000000e+00
   outer loop
     vertex  4.000000e+01  0.000000e+00  6.000000e+00
     vertex  2.263824e+01  1.199339e+01  6.000000e+00
     vertex  2.255477e+01  1.192215e+01  6.000000e+00
   endloop
 endfacet
 facet normal  0.000000e+00  0.000000e+00  1.000000e+00
   outer loop
     vertex  4.000000e+01  0.000000e+00  6.000000e+00
     vertex  2.255477e+01  1.192215e+01  6.000000e+00
     vertex  2.246937e+01  1.185322e+01  6.000000e+00
   endloop
 endfacet
 facet normal  0.000000e+00  0.000000e+00  1.000000e+00
   outer loop
     vertex  4.000000e+01  0.000000e+00  6.000000e+00
     vertex  2.246937e+01  1.185322e+01  6.000000e+00
     vertex  2.238211e+01  1.178666e+01  6.000000e+00
   endloop
 endfacet
 facet normal  0.000000e+00  0.000000e+00  1.000000e+00
   outer loop
     vertex  4.000000e+01  0.000000e+00  6.000000e+00
     vertex  2.238211e+01  1.178666e+01  6.000000e+00
     vertex  2.229306e+01  1.172252e+01  6.000000e+00
   endloop
 endfacet
 facet normal  0.000000e+00  0.000000e+00  1.000000e+00
   outer loop
     vertex  4.000000e+01  0.000000e+00  6.000000e+00
     vertex  2.229306e+01  1.172252e+01  6.000000e+00
     vertex  2.220228e+01  1.166084e+01  6.000000e+00
   endloop
 endfacet
 facet normal  0.000000e+00  0.000000e+00  1.000000e+00
   outer loop
     vertex  4.000000e+01  0.000000e+00  6.000000e+00
     vertex  2.220228e+01  1.166084e+01  6.000000e+00
     vertex  2.210984e+01  1.160168e+01  6.000000e+00
   endloop
 endfacet
 facet normal  0.000000e+00  0.000000e+00  1.000000e+00
   outer loop
     vertex  4.000000e+01  0.000000e+00  6.000000e+00
     vertex  2.210984e+01  1.160168e+01  6.000000e+00
     vertex  2.201582e+01  1.154508e+01  6.000000e+00
   endloop
 endfacet
 facet normal  0.000000e+00  0.000000e+00  1.000000e+00
   outer loop
     vertex  4.000000e+01  0.000000e+00  6.000000e+00
     vertex  2.201582e+01  1.154508e+01  6.000000e+00
     vertex  2.192028e+01  1.149108e+01  6.000000e+00
   endloop
 endfacet
 facet normal  0.000000e+00  0.000000e+00  1.000000e+00
   outer loop
     vertex  4.000000e+01  0.000000e+00  6.000000e+00
     vertex  2.192028e+01  1.149108e+01  6.000000e+00
     vertex  2.182329e+01  1.143972e+01  6.000000e+00
   endloop
 endfacet
 facet normal  0.000000e+00  0.000000e+00  1.000000e+00
   outer loop
     vertex  4.000000e+01  0.000000e+00  6.000000e+00
     vertex  2.182329e+01  1.143972e+01  6.000000e+00
     vertex  2.172493e+01  1.139104e+01  6.000000e+00
   endloop
 endfacet
 facet normal  0.000000e+00  0.000000e+00  1.000000e+00
   outer loop
     vertex  4.000000e+01  0.000000e+00  6.000000e+00
     vertex  2.172493e+01  1.139104e+01  6.000000e+00
     vertex  2.162528e+01  1.134507e+01  6.000000e+00
   endloop
 endfacet
 facet normal  0.000000e+00  0.000000e+00  1.000000e+00
   outer loop
     vertex  4.000000e+01  0.000000e+00  6.000000e+00
     vertex  2.162528e+01  1.134507e+01  6.000000e+00
     vertex  2.152439e+01  1.130186e+01  6.000000e+00
   endloop
 endfacet
 facet normal  0.000000e+00  0.000000e+00  1.000000e+00
   outer loop
     vertex  4.000000e+01  0.000000e+00  6.000000e+00
     vertex  2.152439e+01  1.130186e+01  6.000000e+00
     vertex  2.142237e+01  1.126143e+01  6.000000e+00
   endloop
 endfacet
 facet normal  0.000000e+00  0.000000e+00  1.000000e+00
   outer loop
     vertex  4.000000e+01  0.000000e+00  6.000000e+00
     vertex  2.002744e+01  1.100009e+01  6.000000e+00
     vertex  0.000000e+00  0.000000e+00  6.000000e+00
   endloop
 endfacet
 facet normal  0.000000e+00  0.000000e+00  1.000000e+00
   outer loop
     vertex  4.000000e+01  0.000000e+00  6.000000e+00
     vertex  2.142237e+01  1.126143e+01  6.000000e+00
     vertex  2.131927e+01  1.122382e+01  6.000000e+00
   endloop
 endfacet
 facet normal  0.000000e+00  0.000000e+00  1.000000e+00
   outer loop
     vertex  4.000000e+01  0.000000e+00  6.000000e+00
     vertex  2.131927e+01  1.122382e+01  6.000000e+00
     vertex  2.121517e+01  1.118905e+01  6.000000e+00
   endloop
 endfacet
 facet normal  0.000000e+00  0.000000e+00  1.000000e+00
   outer loop
     vertex  4.000000e+01  0.000000e+00  6.000000e+00
     vertex  2.121517e+01  1.118905e+01  6.000000e+00
     vertex  2.111017e+01  1.115715e+01  6.000000e+00
   endloop
 endfacet
 facet normal  0.000000e+00  0.000000e+00  1.000000e+00
   outer loop
     vertex  4.000000e+01  0.000000e+00  6.000000e+00
     vertex  2.111017e+01  1.115715e+01  6.000000e+00
     vertex  2.100432e+01  1.112814e+01  6.000000e+00
   endloop
 endfacet
 facet normal  0.000000e+00  0.000000e+00  1.000000e+00
   outer loop
     vertex  4.000000e+01  0.000000e+00  6.000000e+00
     vertex  2.100432e+01  1.112814e+01  6.000000e+00
     vertex  2.089772e+01  1.110204e+01  6.000000e+00
   endloop
 endfacet
 facet normal  0.000000e+00  0.000000e+00  1.000000e+00
   outer loop
     vertex  4.000000e+01  0.000000e+00  6.000000e+00
     vertex  2.089772e+01  1.110204e+01  6.000000e+00
     vertex  2.079045e+01  1.107888e+01  6.000000e+00
   endloop
 endfacet
 facet normal  0.000000e+00  0.000000e+00  1.000000e+00
   outer loop
     vertex  4.000000e+01  0.000000e+00  6.000000e+00
     vertex  2.079045e+01  1.107888e+01  6.000000e+00
     vertex  2.068258e+01  1.105867e+01  6.000000e+00
   endloop
 endfacet
 facet normal  0.000000e+00  0.000000e+00  1.000000e+00
   outer loop
     vertex  4.000000e+01  0.000000e+00  6.000000e+00
     vertex  2.068258e+01  1.105867e+01  6.000000e+00
     vertex  2.057420e+01  1.104143e+01  6.000000e+00
   endloop
 endfacet
 facet normal  0.000000e+00  0.000000e+00  1.000000e+00
   outer loop
     vertex  4.000000e+01  0.000000e+00  6.000000e+00
     vertex  2.057420e+01  1.104143e+01  6.000000e+00
     vertex  2.046538e+01  1.102716e+01  6.000000e+00
   endloop
 endfacet
 facet normal  0.000000e+00  0.000000e+00  1.000000e+00
   outer loop
     vertex  4.000000e+01  0.000000e+00  6.000000e+00
     vertex  2.046538e+01  1.102716e+01  6.000000e+00
     vertex  2.035621e+01  1.101589e+01  6.000000e+00
   endloop
 endfacet
 facet normal  0.000000e+00  0.000000e+00  1.000000e+00
   outer loop
     vertex  4.000000e+01  0.000000e+00  6.000000e+00
     vertex  2.035621e+01  1.101589e+01  6.000000e+00
     vertex  2.024678e+01  1.100762e+01  6.000000e+00
   endloop
 endfacet
 facet normal  0.000000e+00  0.000000e+00  1.000000e+00
   outer loop
     vertex  4.000000e+01  0.000000e+00  6.000000e+00
     vertex  2.024678e+01  1.100762e+01  6.000000e+00
     vertex  2.013716e+01  1.100235e+01  6.000000e+00
   endloop
 endfacet
 facet normal  0.000000e+00  0.000000e+00  1.000000e+00
   outer loop
     vertex  4.000000e+01  0.000000e+00  6.000000e+00
     vertex  2.013716e+01  1.100235e+01  6.000000e+00
     vertex  2.002744e+01  1.100009e+01  6.000000e+00
   endloop
 endfacet
 facet normal  0.000000e+00  0.000000e+00  1.000000e+00
   outer loop
     vertex  4.000000e+01  3.000000e+01  6.000000e+00
     vertex  2.255477e+01  1.807785e+01  6.000000e+00
     vertex  2.263824e+01  1.800661e+01  6.000000e+00
   endloop
 endfacet
 facet normal  0.000000e+00  0.000000e+00  1.000000e+00
   outer loop
     vertex  4.000000e+01  3.000000e+01  6.000000e+00
     vertex  2.263824e+01  1.800661e+01  6.000000e+00
     vertex  2.271973e+01  1.793310e+01  6.000000e+00
   endloop
 endfacet
 facet normal  0.000000e+00  0.000000e+00  1.000000e+00
   outer loop
     vertex  4.000000e+01  3.000000e+01  6.000000e+00
     vertex  2.271973e+01  1.793310e+01  6.000000e+00
     vertex  2.279918e+01  1.785738e+01  6.000000e+00
   endloop
 endfacet
 facet normal  0.000000e+00  0.000000e+00  1.000000e+00
   outer loop
     vertex  4.000000e+01  3.000000e+01  6.000000e+00
     vertex  2.279918e+01  1.785738e+01  6.000000e+00
     vertex  2.287651e+01  1.777951e+01  6.000000e+00
   endloop
 endfacet
 facet normal  0.000000e+00  0.000000e+00  1.000000e+00
   outer loop
     vertex  4.000000e+01  3.000000e+01  6.000000e+00
     vertex  2.287651e+01  1.777951e+01  6.000000e+00
     vertex  2.295168e+01  1.769955e+01  6.000000e+00
   endloop
 endfacet
 facet normal  0.000000e+00  0.000000e+00  1.000000e+00
   outer loop
     vertex  4.000000e+01  3.000000e+01  6.000000e+00
     vertex  2.295168e+01  1.769955e+01  6.000000e+00
     vertex  2.302463e+01  1.761756e+01  6.000000e+00
   endloop
 endfacet
 facet normal  0.000000e+00  0.000000e+00  1.000000e+00
   outer loop
     vertex  4.000000e+01  3.000000e+01  6.000000e+00
     vertex  2.302463e+01  1.761756e+01  6.000000e+00
     vertex  2.309530e+01  1.753359e+01  6.000000e+00
   endloop
 endfacet
 facet normal  0.000000e+00  0.000000e+00  1.000000e+00
   outer loop
     vertex  4.000000e+01  3.000000e+01  6.000000e+00
     vertex  2.309530e+01  1.753359e+01  6.000000e+00
     vertex  2.316364e+01  1.744772e+01  6.000000e+00
   endloop
 endfacet
 facet normal  0.000000e+00  0.000000e+00  1.000000e+00
   outer loop
     vertex  4.000000e+01  3.000000e+01  6.000000e+00
     vertex  2.316364e+01  1.744772e+01  6.000000e+00
     vertex  2.322960e+01  1.736001e+01  6.000000e+00
   endloop
 endfacet
 facet normal  0.000000e+00  0.000000e+00  1.000000e+00
   outer loop
     vertex  4.000000e+01  3.000000e+01  6.000000e+00
     vertex  2.322960e+01  1.736001e+01  6.000000e+00
     vertex  2.329313e+01  1.727052e+01  6.000000e+00
   endloop
 endfacet
 facet normal  0.000000e+00  0.000000e+00  1.000000e+00
   outer loop
     vertex  4.000000e+01  3.000000e+01  6.000000e+00
     vertex  2.329313e+01  1.727052e+01  6.000000e+00
     vertex  2.335418e+01  1.717932e+01  6.000000e+00
   endloop
 endfacet
 facet normal  0.000000e+00  0.000000e+00  1.000000e+00
   outer loop
     vertex  4.000000e+01  3.000000e+01  6.000000e+00
     vertex  2.335418e+01  1.717932e+01  6.000000e+00
     vertex  2.341271e+01  1.708648e+01  6.000000e+00
   endloop
 endfacet
 facet normal  0.000000e+00  0.000000e+00  1.000000e+00
   outer loop
     vertex  4.000000e+01  3.000000e+01  6.000000e+00
     vertex  2.341271e+01  1.708648e+01  6.000000e+00
     vertex  2.346867e+01  1.699207e+01  6.000000e+00
   endloop
 endfacet
 facet normal  0.000000e+00  0.000000e+00  1.000000e+00
   outer loop
     vertex  4.000000e+01  3.000000e+01  6.000000e+00
     vertex  2.346867e+01  1.699207e+01  6.000000e+00
     vertex  2.352201e+01  1.689616e+01  6.000000e+00
   endloop
 endfacet
 facet normal  0.000000e+00  0.000000e+00  1.000000e+00
   outer loop
     vertex  4.000000e+01  3.000000e+01  6.000000e+00
     vertex  2.352201e+01  1.689616e+01  6.000000e+00
     vertex  2.357270e+01  1.679883e+01  6.000000e+00
   endloop
 endfacet
 facet normal  0.000000e+00  0.000000e+00  1.000000e+00
   outer loop
     vertex  4.000000e+01  3.000000e+01  6.000000e+00
     vertex  2.357270e+01  1.679883e+01  6.000000e+00
     vertex  2.362071e+01  1.670014e+01  6.000000e+00
   endloop
 endfacet
 facet normal  0.000000e+00  0.000000e+00  1.000000e+00
   outer loop
     vertex  4.000000e+01  3.000000e+01  6.000000e+00
     vertex  2.362071e+01  1.670014e+01  6.000000e+00
     vertex  2.366599e+01  1.660017e+01  6.000000e+00
   endloop
 endfacet
 facet normal  0.000000e+00  0.000000e+00  1.000000e+00
   outer loop
     vertex  4.000000e+01  3.000000e+01  6.000000e+00
     vertex  2.366599e+01  1.660017e+01  6.000000e+00
     vertex  2.370851e+01  1.649899e+01  6.000000e+00
   endloop
 endfacet
 facet normal  0.000000e+00  0.000000e+00  1.000000e+00
   outer loop
     vertex  4.000000e+01  3.000000e+01  6.000000e+00
     vertex  2.370851e+01  1.649899e+01  6.000000e+00
     vertex  2.374823e+01  1.639669e+01  6.000000e+00
   endloop
 endfacet
 facet normal  0.000000e+00  0.000000e+00  1.000000e+00
   outer loop
     vertex  4.000000e+01  3.000000e+01  6.000000e+00
     vertex  2.374823e+01  1.639669e+01  6.000000e+00
     vertex  2.378514e+01  1.629333e+01  6.000000e+00
   endloop
 endfacet
 facet normal  0.000000e+00  0.000000e+00  1.000000e+00
   outer loop
     vertex  4.000000e+01  3.000000e+01  6.000000e+00
     vertex  2.378514e+01  1.629333e+01  6.000000e+00
     vertex  2.381920e+01  1.618900e+01  6.000000e+00
   endloop
 endfacet
 facet normal  0.000000e+00  0.000000e+00  1.000000e+00
   outer loop
     vertex  4.000000e+01  3.000000e+01  6.000000e+00
     vertex  2.381920e+01  1.618900e+01  6.000000e+00
     vertex  2.385038e+01  1.608378e+01  6.000000e+00
   endloop
 endfacet
 facet normal  0.000000e+00  0.000000e+00  1.000000e+00
   outer loop
     vertex  4.000000e+01  3.000000e+01  6.000000e+00
     vertex  2.385038e+01  1.608378e+01  6.000000e+00
     vertex  2.387866e+01  1.597774e+01  6.000000e+00
   endloop
 endfacet
 facet normal  0.000000e+00  0.000000e+00  1.000000e+00
   outer loop
     vertex  4.000000e+01  3.000000e+01  6.000000e+00
     vertex  2.387866e+01  1.597774e+01  6.000000e+00
     vertex  2.390403e+01  1.587097e+01  6.000000e+00
   endloop
 endfacet
 facet normal  0.000000e+00  0.000000e+00  1.000000e+00
   outer loop
     vertex  4.000000e+01  3.000000e+01  6.000000e+00
     vertex  2.390403e+01  1.587097e+01  6.000000e+00
     vertex  2.392645e+01  1.576354e+01  6.000000e+00
   endloop
 endfacet
 facet normal  0.000000e+00  0.000000e+00  1.000000e+00
   outer loop
     vertex  4.000000e+01  3.000000e+01  6.000000e+00
     vertex  2.392645e+01  1.576354e+01  6.000000e+00
     vertex  2.394592e+01  1.565553e+01  6.000000e+00
   endloop
 endfacet
 facet normal  0.000000e+00  0.000000e+00  1.000000e+00
   outer loop
     vertex  4.000000e+01  3.000000e+01  6.000000e+00
     vertex  2.394592e+01  1.565553e+01  6.000000e+00
     vertex  2.396242e+01  1.554703e+01  6.000000e+00
   endloop
 endfacet
 facet normal  0.000000e+00  0.000000e+00  1.000000e+00
   outer loop
     vertex  4.000000e+01  3.000000e+01  6.000000e+00
     vertex  2.396242e+01  1.554703e+01  6.000000e+00
     vertex  2.397593e+01  1.543812e+01  6.000000e+00
   endloop
 endfacet
 facet normal  0.000000e+00  0.000000e+00  1.000000e+00
   outer loop
     vertex  4.000000e+01  3.000000e+01  6.000000e+00
     vertex  2.397593e+01  1.543812e+01  6.000000e+00
     vertex  2.398646e+01  1.532888e+01  6.000000e+00
   endloop
 endfacet
 facet normal  0.000000e+00  0.000000e+00  1.000000e+00
   outer loop
     vertex  4.000000e+01  3.000000e+01  6.000000e+00
     vertex  2.398646e+01  1.532888e+01  6.000000e+00
     vertex  2.399398e+01  1.521939e+01  6.000000e+00
   endloop
 endfacet
 facet normal  0.000000e+00  0.000000e+00  1.000000e+00
   outer loop
     vertex  4.000000e+01  3.000000e+01  6.000000e+00
     vertex  2.399398e+01  1.521939e+01  6.000000e+00
     vertex  2.399849e+01  1.510974e+01  6.000000e+00
   endloop
 endfacet
 facet normal  0.000000e+00  0.000000e+00  1.000000e+00
   outer loop
     vertex  4.000000e+01  3.000000e+01  6.000000e+00
     vertex  2.399849e+01  1.510974e+01  6.000000e+00
     vertex  2.400000e+01  1.500000e+01  6.000000e+00
   endloop
 endfacet
 facet normal  0.000000e+00  0.000000e+00  1.000000e+00
   outer loop
     vertex  4.000000e+01  3.000000e+01  6.000000e+00
     vertex  2.002744e+01  1.899991e+01  6.000000e+00
     vertex  2.013716e+01  1.899765e+01  6.000000e+00
   endloop
 endfacet
 facet normal  0.000000e+00  0.000000e+00  1.000000e+00
   outer loop
     vertex  4.000000e+01  3.000000e+01  6.000000e+00
     vertex  2.013716e+01  1.899765e+01  6.000000e+00
     vertex  2.024678e+01  1.899238e+01  6.000000e+00
   endloop
 endfacet
 facet normal  0.000000e+00  0.000000e+00  1.000000e+00
   outer loop
     vertex  4.000000e+01  3.000000e+01  6.000000e+00
     vertex  2.024678e+01  1.899238e+01  6.000000e+00
     vertex  2.035621e+01  1.898411e+01  6.000000e+00
   endloop
 endfacet
 facet normal  0.000000e+00  0.000000e+00  1.000000e+00
   outer loop
     vertex  4.000000e+01  3.000000e+01  6.000000e+00
     vertex  2.035621e+01  1.898411e+01  6.000000e+00
     vertex  2.046538e+01  1.897284e+01  6.000000e+00
   endloop
 endfacet
 facet normal  0.000000e+00  0.000000e+00  1.000000e+00
   outer loop
     vertex  4.000000e+01  3.000000e+01  6.000000e+00
     vertex  2.046538e+01  1.897284e+01  6.000000e+00
     vertex  2.057420e+01  1.895857e+01  6.000000e+00
   endloop
 endfacet
 facet normal  0.000000e+00  0.000000e+00  1.000000e+00
   outer loop
     vertex  4.000000e+01  3.000000e+01  6.000000e+00
     vertex  2.057420e+01  1.895857e+01  6.000000e+00
     vertex  2.068258e+01  1.894133e+01  6.000000e+00
   endloop
 endfacet
 facet normal  0.000000e+00  0.000000e+00  1.000000e+00
   outer loop
     vertex  4.000000e+01  3.000000e+01  6.000000e+00
     vertex  0.000000e+00  3.000000e+01  6.000000e+00
     vertex  2.002744e+01  1.899991e+01  6.000000e+00
   endloop
 endfacet
 facet normal  0.000000e+00  0.000000e+00  1.000000e+00
   outer loop
     vertex  4.000000e+01  3.000000e+01  6.000000e+00
     vertex  2.068258e+01  1.894133e+01  6.000000e+00
     vertex  2.079045e+01  1.892112e+01  6.000000e+00
   endloop
 endfacet
 facet normal  0.000000e+00  0.000000e+00  1.000000e+00
   outer loop
     vertex  4.000000e+01  3.000000e+01  6.000000e+00
     vertex  2.079045e+01  1.892112e+01  6.000000e+00
     vertex  2.089772e+01  1.889796e+01  6.000000e+00
   endloop
 endfacet
 facet normal  0.000000e+00  0.000000e+00  1.000000e+00
   outer loop
     vertex  4.000000e+01  3.000000e+01  6.000000e+00
     vertex  2.089772e+01  1.889796e+01  6.000000e+00
     vertex  2.100432e+01  1.887186e+01  6.000000e+00
   endloop
 endfacet
 facet normal  0.000000e+00  0.000000e+00  1.000000e+00
   outer loop
     vertex  4.000000e+01  3.000000e+01  6.000000e+00
     vertex  2.100432e+01  1.887186e+01  6.000000e+00
     vertex  2.111017e+01  1.884285e+01  6.000000e+00
   endloop
 endfacet
 facet normal  0.000000e+00  0.000000e+00  1.000000e+00
   outer loop
     vertex  4.000000e+01  3.000000e+01  6.000000e+00
     vertex  2.111017e+01  1.884285e+01  6.000000e+00
     vertex  2.121517e+01  1.881095e+01  6.000000e+00
   endloop
 endfacet
 facet normal  0.000000e+00  0.000000e+00  1.000000e+00
   outer loop
     vertex  4.000000e+01  3.000000e+01  6.000000e+00
     vertex  2.121517e+01  1.881095e+01  6.000000e+00
     vertex  2.131927e+01  1.877618e+01  6.000000e+00
   endloop
 endfacet
 facet normal  0.000000e+00  0.000000e+00  1.000000e+00
   outer loop
     vertex  4.000000e+01  3.000000e+01  6.000000e+00
     vertex  2.131927e+01  1.877618e+01  6.000000e+00
     vertex  2.142237e+01  1.873857e+01  6.000000e+00
   endloop
 endfacet
 facet normal  0.000000e+00  0.000000e+00  1.000000e+00
   outer loop
     vertex  4.000000e+01  3.000000e+01  6.000000e+00
     vertex  2.142237e+01  1.873857e+01  6.000000e+00
     vertex  2.152439e+01  1.869814e+01  6.000000e+00
   endloop
 endfacet
 facet normal  0.000000e+00  0.000000e+00  1.000000e+00
   outer loop
     vertex  4.000000e+01  3.000000e+01  6.000000e+00
     vertex  2.152439e+01  1.869814e+01  6.000000e+00
     vertex  2.162528e+01  1.865493e+01  6.000000e+00
   endloop
 endfacet
 facet normal  0.000000e+00  0.000000e+00  1.000000e+00
   outer loop
     vertex  4.000000e+01  3.000000e+01  6.000000e+00
     vertex  2.162528e+01  1.865493e+01  6.000000e+00
     vertex  2.172493e+01  1.860896e+01  6.000000e+00
   endloop
 endfacet
 facet normal  0.000000e+00  0.000000e+00  1.000000e+00
   outer loop
     vertex  4.000000e+01  3.000000e+01  6.000000e+00
     vertex  2.172493e+01  1.860896e+01  6.000000e+00
     vertex  2.182329e+01  1.856028e+01  6.000000e+00
   endloop
 endfacet
 facet normal  0.000000e+00  0.000000e+00  1.000000e+00
   outer loop
     vertex  4.000000e+01  3.000000e+01  6.000000e+00
     vertex  2.400000e+01  1.500000e+01  6.000000e+00
     vertex  4.000000e+01  0.000000e+00  6.000000e+00
   endloop
 endfacet
 facet normal  0.000000e+00  0.000000e+00  1.000000e+00
   outer loop
     vertex  4.000000e+01  3.000000e+01  6.000000e+00
     vertex  2.182329e+01  1.856028e+01  6.000000e+00
     vertex  2.192028e+01  1.850892e+01  6.000000e+00
   endloop
 endfacet
 facet normal  0.000000e+00  0.000000e+00  1.000000e+00
   outer loop
     vertex  4.000000e+01  3.000000e+01  6.000000e+00
     vertex  2.192028e+01  1.850892e+01  6.000000e+00
     vertex  2.201582e+01  1.845492e+01  6.000000e+00
   endloop
 endfacet
 facet normal  0.000000e+00  0.000000e+00  1.000000e+00
   outer loop
     vertex  4.000000e+01  3.000000e+01  6.000000e+00
     vertex  2.201582e+01  1.845492e+01  6.000000e+00
     vertex  2.210984e+01  1.839832e+01  6.000000e+00
   endloop
 endfacet
 facet normal  0.000000e+00  0.000000e+00  1.000000e+00
   outer loop
     vertex  4.000000e+01  3.000000e+01  6.000000e+00
     vertex  2.210984e+01  1.839832e+01  6.000000e+00
     vertex  2.220228e+01  1.833916e+01  6.000000e+00
   endloop
 endfacet
 facet normal  0.000000e+00  0.000000e+00  1.000000e+00
   outer loop
     vertex  4.000000e+01  3.000000e+01  6.000000e+00
     vertex  2.220228e+01  1.833916e+01  6.000000e+00
     vertex  2.229306e+01  1.827748e+01  6.000000e+00
   endloop
 endfacet
 facet normal  0.000000e+00  0.000000e+00  1.000000e+00
   outer loop
     vertex  4.000000e+01  3.000000e+01  6.000000e+00
     vertex  2.229306e+01  1.827748e+01  6.000000e+00
     vertex  2.238211e+01  1.821334e+01  6.000000e+00
   endloop
 endfacet
 facet normal  0.000000e+00  0.000000e+00  1.000000e+00
   outer loop
     vertex  4.000000e+01  3.000000e+01  6.000000e+00
     vertex  2.238211e+01  1.821334e+01  6.000000e+00
     vertex  2.246937e+01  1.814678e+01  6.000000e+00
   endloop
 endfacet
 facet normal  0.000000e+00  0.000000e+00  1.000000e+00
   outer loop
     vertex  4.000000e+01  3.000000e+01  6.000000e+00
     vertex  2.246937e+01  1.814678e+01  6.000000e+00
     vertex  2.255477e+01  1.807785e+01  6.000000e+00
   endloop
 endfacet
 facet normal  0.000000e+00  1.000000e+00  0.000000e+00
   outer loop
     vertex  0.000000e+00  3.000000e+01  0.000000e+00
     vertex  4.000000e+01  3.000000e+01  6.000000e+00
     vertex  4.000000e+01  3.000000e+01  0.000000e+00
   endloop
 endfacet
 facet normal  0.000000e+00  1.000000e+00  0.000000e+00
   outer loop
     vertex  0.000000e+00  3.000000e+01  0.000000e+00
     vertex  0.000000e+00  3.000000e+01  6.000000e+00
     vertex  4.000000e+01  3.000000e+01  6.000000e+00
   endloop
 endfacet
 facet normal -9.999059e-01 -1.371831e-02  0.000000e+00
   outer loop
     vertex  2.400000e+01  1.500000e+01  0.000000e+00
     vertex  2.400000e+01  1.500000e+01  6.000000e+00
     vertex  2.399849e+01  1.510974e+01  6.000000e+00
   endloop
 endfacet
 facet normal -9.991532e-01 -4.114462e-02 -2.314438e-16
   outer loop
     vertex  2.399849e+01  1.510974e+01  0.000000e+00
     vertex  2.399849e+01  1.510974e+01  6.000000e+00
     vertex  2.399398e+01  1.521939e+01  6.000000e+00
   endloop
 endfacet
 facet normal -9.999059e-01 -1.371831e-02 -7.716730e-17
   outer loop
     vertex  2.399849e+01  1.510974e+01  0.000000e+00
     vertex  2.400000e+01  1.500000e+01  0.000000e+00
     vertex  2.399849e+01  1.510974e+01  6.000000e+00
   endloop
 endfacet
 facet normal -9.976484e-01 -6.853995e-02 -3.855461e-16
   outer loop
     vertex  2.399398e+01  1.521939e+01  0.000000e+00
     vertex  2.399398e+01  1.521939e+01  6.000000e+00
     vertex  2.398646e+01  1.532888e+01  6.000000e+00
   endloop
 endfacet
 facet normal -9.991532e-01 -4.114462e-02 -2.314438e-16
   outer loop
     vertex  2.399398e+01  1.521939e+01  0.000000e+00
     vertex  2.399849e+01  1.510974e+01  0.000000e+00
     vertex  2.399398e+01  1.521939e+01  6.000000e+00
   endloop
 endfacet
 facet normal -9.953925e-01 -9.588368e-02  5.003260e-17
   outer loop
     vertex  2.398646e+01  1.532888e+01  0.000000e+00
     vertex  2.398646e+01  1.532888e+01  6.000000e+00
     vertex  2.397593e+01  1.543812e+01  6.000000e+00
   endloop
 endfacet
 facet normal -9.976484e-01 -6.853995e-02  2.051804e-16
   outer loop
     vertex  2.398646e+01  1.532888e+01  0.000000e+00
     vertex  2.399398e+01  1.521939e+01  0.000000e+00
     vertex  2.398646e+01  1.532888e+01  6.000000e+00
   endloop
 endfacet
 facet normal -9.923874e-01 -1.231552e-01 -1.051529e-16
   outer loop
     vertex  2.397593e+01  1.543812e+01  0.000000e+00
     vertex  2.397593e+01  1.543812e+01  6.000000e+00
     vertex  2.396242e+01  1.554703e+01  6.000000e+00
   endloop
 endfacet
 facet normal -9.953925e-01 -9.588368e-02  5.003260e-17
   outer loop
     vertex  2.397593e+01  1.543812e+01  0.000000e+00
     vertex  2.398646e+01  1.532888e+01  0.000000e+00
     vertex  2.397593e+01  1.543812e+01  6.000000e+00
   endloop
 endfacet
 facet normal -9.886353e-01 -1.503341e-01  3.251305e-16
   outer loop
     vertex  2.396242e+01  1.554703e+01  0.000000e+00
     vertex  2.396242e+01  1.554703e+01  6.000000e+00
     vertex  2.394592e+01  1.565553e+01  6.000000e+00
   endloop
 endfacet
 facet normal -9.923874e-01 -1.231552e-01  4.824585e-16
   outer loop
     vertex  2.396242e+01  1.554703e+01  0.000000e+00
     vertex  2.397593e+01  1.543812e+01  0.000000e+00
     vertex  2.396242e+01  1.554703e+01  6.000000e+00
   endloop
 endfacet
 facet normal -9.841389e-01 -1.773998e-01 -3.626486e-16
   outer loop
     vertex  2.394592e+01  1.565553e+01  0.000000e+00
     vertex  2.394592e+01  1.565553e+01  6.000000e+00
     vertex  2.392645e+01  1.576354e+01  6.000000e+00
   endloop
 endfacet
 facet normal -9.886353e-01 -1.503341e-01 -2.157513e-16
   outer loop
     vertex  2.394592e+01  1.565553e+01  0.000000e+00
     vertex  2.396242e+01  1.554703e+01  0.000000e+00
     vertex  2.394592e+01  1.565553e+01  6.000000e+00
   endloop
 endfacet
 facet normal -9.789017e-01 -2.043319e-01  9.858839e-18
   outer loop
     vertex  2.392645e+01  1.576354e+01  0.000000e+00
     vertex  2.392645e+01  1.576354e+01  6.000000e+00
     vertex  2.390403e+01  1.587097e+01  6.000000e+00
   endloop
 endfacet
 facet normal -9.841389e-01 -1.773998e-01  1.675577e-16
   outer loop
     vertex  2.392645e+01  1.576354e+01  0.000000e+00
     vertex  2.394592e+01  1.565553e+01  0.000000e+00
     vertex  2.392645e+01  1.576354e+01  6.000000e+00
   endloop
 endfacet
 facet normal -9.729276e-01 -2.311102e-01 -7.942511e-17
   outer loop
     vertex  2.390403e+01  1.587097e+01  0.000000e+00
     vertex  2.390403e+01  1.587097e+01  6.000000e+00
     vertex  2.387866e+01  1.597774e+01  6.000000e+00
   endloop
 endfacet
 facet normal -9.789017e-01 -2.043319e-01  7.035324e-17
   outer loop
     vertex  2.390403e+01  1.587097e+01  0.000000e+00
     vertex  2.392645e+01  1.576354e+01  0.000000e+00
     vertex  2.390403e+01  1.587097e+01  6.000000e+00
   endloop
 endfacet
 facet normal -9.662211e-01 -2.577146e-01 -2.291437e-16
   outer loop
     vertex  2.387866e+01  1.597774e+01  0.000000e+00
     vertex  2.387866e+01  1.597774e+01  6.000000e+00
     vertex  2.385038e+01  1.608378e+01  6.000000e+00
   endloop
 endfacet
 facet normal -9.729276e-01 -2.311102e-01 -7.942511e-17
   outer loop
     vertex  2.387866e+01  1.597774e+01  0.000000e+00
     vertex  2.390403e+01  1.587097e+01  0.000000e+00
     vertex  2.387866e+01  1.597774e+01  6.000000e+00
   endloop
 endfacet
 facet normal -9.662211e-01 -2.577146e-01  4.955718e-16
   outer loop
     vertex  2.385038e+01  1.608378e+01  0.000000e+00
     vertex  2.387866e+01  1.597774e+01  0.000000e+00
     vertex  2.385038e+01  1.608378e+01  6.000000e+00
   endloop
 endfacet
 facet normal -9.587873e-01 -2.841250e-01  3.572621e-16
   outer loop
     vertex  2.385038e+01  1.608378e+01  0.000000e+00
     vertex  2.385038e+01  1.608378e+01  6.000000e+00
     vertex  2.381920e+01  1.618900e+01  6.000000e+00
   endloop
 endfacet
 facet normal -9.587873e-01 -2.841250e-01 -3.786897e-16
   outer loop
     vertex  2.381920e+01  1.618900e+01  0.000000e+00
     vertex  2.385038e+01  1.608378e+01  0.000000e+00
     vertex  2.381920e+01  1.618900e+01  6.000000e+00
   endloop
 endfacet
 facet normal -9.506317e-01 -3.103214e-01 -5.279507e-16
   outer loop
     vertex  2.381920e+01  1.618900e+01  0.000000e+00
     vertex  2.381920e+01  1.618900e+01  6.000000e+00
     vertex  2.378514e+01  1.629333e+01  6.000000e+00
   endloop
 endfacet
 facet normal -9.506317e-01 -3.103214e-01  3.493630e-17
   outer loop
     vertex  2.378514e+01  1.629333e+01  0.000000e+00
     vertex  2.381920e+01  1.618900e+01  0.000000e+00
     vertex  2.378514e+01  1.629333e+01  6.000000e+00
   endloop
 endfacet
 facet normal -9.417605e-01 -3.362843e-01 -1.191801e-16
   outer loop
     vertex  2.378514e+01  1.629333e+01  0.000000e+00
     vertex  2.378514e+01  1.629333e+01  6.000000e+00
     vertex  2.374823e+01  1.639669e+01  6.000000e+00
   endloop
 endfacet
 facet normal -9.417605e-01 -3.362843e-01  7.994024e-17
   outer loop
     vertex  2.374823e+01  1.639669e+01  0.000000e+00
     vertex  2.378514e+01  1.629333e+01  0.000000e+00
     vertex  2.374823e+01  1.639669e+01  6.000000e+00
   endloop
 endfacet
 facet normal -9.321804e-01 -3.619940e-01 -5.886319e-17
   outer loop
     vertex  2.374823e+01  1.639669e+01  0.000000e+00
     vertex  2.374823e+01  1.639669e+01  6.000000e+00
     vertex  2.370851e+01  1.649899e+01  6.000000e+00
   endloop
 endfacet
 facet normal -9.321804e-01 -3.619940e-01 -5.886319e-17
   outer loop
     vertex  2.370851e+01  1.649899e+01  0.000000e+00
     vertex  2.374823e+01  1.639669e+01  0.000000e+00
     vertex  2.370851e+01  1.649899e+01  6.000000e+00
   endloop
 endfacet
 facet normal -9.218986e-01 -3.874313e-01 -1.976223e-16
   outer loop
     vertex  2.370851e+01  1.649899e+01  0.000000e+00
     vertex  2.370851e+01  1.649899e+01  6.000000e+00
     vertex  2.366599e+01  1.660017e+01  6.000000e+00
   endloop
 endfacet
 facet normal -9.218986e-01 -3.874313e-01 -1.976223e-16
   outer loop
     vertex  2.366599e+01  1.660017e+01  0.000000e+00
     vertex  2.370851e+01  1.649899e+01  0.000000e+00
     vertex  2.366599e+01  1.660017e+01  6.000000e+00
   endloop
 endfacet
 facet normal -9.109228e-01 -4.125769e-01 -3.362327e-16
   outer loop
     vertex  2.366599e+01  1.660017e+01  0.000000e+00
     vertex  2.366599e+01  1.660017e+01  6.000000e+00
     vertex  2.362071e+01  1.670014e+01  6.000000e+00
   endloop
 endfacet
 facet normal -9.109228e-01 -4.125769e-01  2.031420e-16
   outer loop
     vertex  2.362071e+01  1.670014e+01  0.000000e+00
     vertex  2.366599e+01  1.660017e+01  0.000000e+00
     vertex  2.362071e+01  1.670014e+01  6.000000e+00
   endloop
 endfacet
 facet normal -8.992613e-01 -4.374119e-01  5.787972e-17
   outer loop
     vertex  2.362071e+01  1.670014e+01  0.000000e+00
     vertex  2.362071e+01  1.670014e+01  6.000000e+00
     vertex  2.357270e+01  1.679883e+01  6.000000e+00
   endloop
 endfacet
 facet normal -8.992613e-01 -4.374119e-01  5.787972e-17
   outer loop
     vertex  2.357270e+01  1.679883e+01  0.000000e+00
     vertex  2.362071e+01  1.670014e+01  0.000000e+00
     vertex  2.357270e+01  1.679883e+01  6.000000e+00
   endloop
 endfacet
 facet normal -8.869228e-01 -4.619176e-01 -8.742611e-17
   outer loop
     vertex  2.357270e+01  1.679883e+01  0.000000e+00
     vertex  2.357270e+01  1.679883e+01  6.000000e+00
     vertex  2.352201e+01  1.689616e+01  6.000000e+00
   endloop
 endfacet
 facet normal -8.869228e-01 -4.619176e-01 -8.742611e-17
   outer loop
     vertex  2.352201e+01  1.689616e+01  0.000000e+00
     vertex  2.357270e+01  1.679883e+01  0.000000e+00
     vertex  2.352201e+01  1.689616e+01  6.000000e+00
   endloop
 endfacet
 facet normal -8.739167e-01 -4.860756e-01 -2.326661e-16
   outer loop
     vertex  2.352201e+01  1.689616e+01  0.000000e+00
     vertex  2.352201e+01  1.689616e+01  6.000000e+00
     vertex  2.346867e+01  1.699207e+01  6.000000e+00
   endloop
 endfacet
 facet normal -8.602528e-01 -5.098678e-01  1.316410e-16
   outer loop
     vertex  2.346867e+01  1.699207e+01  0.000000e+00
     vertex  2.346867e+01  1.699207e+01  6.000000e+00
     vertex  2.341271e+01  1.708648e+01  6.000000e+00
   endloop
 endfacet
 facet normal -8.739167e-01 -4.860756e-01  2.847965e-16
   outer loop
     vertex  2.346867e+01  1.699207e+01  0.000000e+00
     vertex  2.352201e+01  1.689616e+01  0.000000e+00
     vertex  2.346867e+01  1.699207e+01  6.000000e+00
   endloop
 endfacet
 facet normal -8.602528e-01 -5.098678e-01 -7.582863e-17
   outer loop
     vertex  2.341271e+01  1.708648e+01  0.000000e+00
     vertex  2.346867e+01  1.699207e+01  0.000000e+00
     vertex  2.341271e+01  1.708648e+01  6.000000e+00
   endloop
 endfacet
 facet normal -8.459413e-01 -5.332761e-01 -2.067486e-16
   outer loop
     vertex  2.341271e+01  1.708648e+01  0.000000e+00
     vertex  2.341271e+01  1.708648e+01  6.000000e+00
     vertex  2.335418e+01  1.717932e+01  6.000000e+00
   endloop
 endfacet
 facet normal -8.309929e-01 -5.562829e-01  1.545336e-16
   outer loop
     vertex  2.335418e+01  1.717932e+01  0.000000e+00
     vertex  2.335418e+01  1.717932e+01  6.000000e+00
     vertex  2.329313e+01  1.727052e+01  6.000000e+00
   endloop
 endfacet
 facet normal -8.459413e-01 -5.332761e-01  2.941492e-16
   outer loop
     vertex  2.335418e+01  1.717932e+01  0.000000e+00
     vertex  2.341271e+01  1.708648e+01  0.000000e+00
     vertex  2.335418e+01  1.717932e+01  6.000000e+00
   endloop
 endfacet
 facet normal -8.154191e-01 -5.788711e-01 -4.680234e-16
   outer loop
     vertex  2.329313e+01  1.727052e+01  0.000000e+00
     vertex  2.329313e+01  1.727052e+01  6.000000e+00
     vertex  2.322960e+01  1.736001e+01  6.000000e+00
   endloop
 endfacet
 facet normal -8.309929e-01 -5.562829e-01 -3.375130e-16
   outer loop
     vertex  2.329313e+01  1.727052e+01  0.000000e+00
     vertex  2.335418e+01  1.717932e+01  0.000000e+00
     vertex  2.329313e+01  1.727052e+01  6.000000e+00
   endloop
 endfacet
 facet normal -7.992314e-01 -6.010234e-01 -1.249413e-16
   outer loop
     vertex  2.322960e+01  1.736001e+01  0.000000e+00
     vertex  2.322960e+01  1.736001e+01  6.000000e+00
     vertex  2.316364e+01  1.744772e+01  6.000000e+00
   endloop
 endfacet
 facet normal -8.154191e-01 -5.788711e-01  1.480173e-17
   outer loop
     vertex  2.322960e+01  1.736001e+01  0.000000e+00
     vertex  2.329313e+01  1.727052e+01  0.000000e+00
     vertex  2.322960e+01  1.736001e+01  6.000000e+00
   endloop
 endfacet
 facet normal -7.824421e-01 -6.227234e-01  1.987085e-16
   outer loop
     vertex  2.316364e+01  1.744772e+01  0.000000e+00
     vertex  2.316364e+01  1.744772e+01  6.000000e+00
     vertex  2.309530e+01  1.753359e+01  6.000000e+00
   endloop
 endfacet
 facet normal -7.992314e-01 -6.010234e-01  3.482987e-16
   outer loop
     vertex  2.316364e+01  1.744772e+01  0.000000e+00
     vertex  2.322960e+01  1.736001e+01  0.000000e+00
     vertex  2.316364e+01  1.744772e+01  6.000000e+00
   endloop
 endfacet
 facet normal -7.650637e-01 -6.439545e-01 -4.040401e-16
   outer loop
     vertex  2.309530e+01  1.753359e+01  0.000000e+00
     vertex  2.309530e+01  1.753359e+01  6.000000e+00
     vertex  2.302463e+01  1.761756e+01  6.000000e+00
   endloop
 endfacet
 facet normal -7.824421e-01 -6.227234e-01 -2.645903e-16
   outer loop
     vertex  2.309530e+01  1.753359e+01  0.000000e+00
     vertex  2.316364e+01  1.744772e+01  0.000000e+00
     vertex  2.309530e+01  1.753359e+01  6.000000e+00
   endloop
 endfacet
 facet normal -7.471095e-01 -6.647010e-01  2.927740e-16
   outer loop
     vertex  2.302463e+01  1.761756e+01  0.000000e+00
     vertex  2.302463e+01  1.761756e+01  6.000000e+00
     vertex  2.295168e+01  1.769955e+01  6.000000e+00
   endloop
 endfacet
 facet normal -7.650637e-01 -6.439545e-01  4.302663e-16
   outer loop
     vertex  2.302463e+01  1.761756e+01  0.000000e+00
     vertex  2.309530e+01  1.753359e+01  0.000000e+00
     vertex  2.302463e+01  1.761756e+01  6.000000e+00
   endloop
 endfacet
 facet normal -7.285929e-01 -6.849470e-01 -2.763524e-16
   outer loop
     vertex  2.295168e+01  1.769955e+01  0.000000e+00
     vertex  2.295168e+01  1.769955e+01  6.000000e+00
     vertex  2.287651e+01  1.777951e+01  6.000000e+00
   endloop
 endfacet
 facet normal -7.471095e-01 -6.647010e-01 -1.496037e-16
   outer loop
     vertex  2.295168e+01  1.769955e+01  0.000000e+00
     vertex  2.302463e+01  1.761756e+01  0.000000e+00
     vertex  2.295168e+01  1.769955e+01  6.000000e+00
   endloop
 endfacet
 facet normal -7.095278e-01 -7.046775e-01  1.723172e-17
   outer loop
     vertex  2.287651e+01  1.777951e+01  0.000000e+00
     vertex  2.287651e+01  1.777951e+01  6.000000e+00
     vertex  2.279918e+01  1.785738e+01  6.000000e+00
   endloop
 endfacet
 facet normal -7.285929e-01 -6.849470e-01  1.550612e-16
   outer loop
     vertex  2.287651e+01  1.777951e+01  0.000000e+00
     vertex  2.295168e+01  1.769955e+01  0.000000e+00
     vertex  2.287651e+01  1.777951e+01  6.000000e+00
   endloop
 endfacet
 facet normal -6.899286e-01 -7.238775e-01 -1.206107e-16
   outer loop
     vertex  2.279918e+01  1.785738e+01  0.000000e+00
     vertex  2.279918e+01  1.785738e+01  6.000000e+00
     vertex  2.271973e+01  1.793310e+01  6.000000e+00
   endloop
 endfacet
 facet normal -7.095278e-01 -7.046775e-01  1.723172e-17
   outer loop
     vertex  2.279918e+01  1.785738e+01  0.000000e+00
     vertex  2.287651e+01  1.777951e+01  0.000000e+00
     vertex  2.279918e+01  1.785738e+01  6.000000e+00
   endloop
 endfacet
 facet normal -6.698100e-01 -7.425325e-01  5.779124e-16
   outer loop
     vertex  2.271973e+01  1.793310e+01  0.000000e+00
     vertex  2.271973e+01  1.793310e+01  6.000000e+00
     vertex  2.263824e+01  1.800661e+01  6.000000e+00
   endloop
 endfacet
 facet normal -6.899286e-01 -7.238775e-01  7.165306e-16
   outer loop
     vertex  2.271973e+01  1.793310e+01  0.000000e+00
     vertex  2.279918e+01  1.785738e+01  0.000000e+00
     vertex  2.271973e+01  1.793310e+01  6.000000e+00
   endloop
 endfacet
 facet normal -6.491872e-01 -7.606287e-01 -1.152350e-17
   outer loop
     vertex  2.263824e+01  1.800661e+01  0.000000e+00
     vertex  2.263824e+01  1.800661e+01  6.000000e+00
     vertex  2.255477e+01  1.807785e+01  6.000000e+00
   endloop
 endfacet
 facet normal -6.698100e-01 -7.425325e-01  1.382448e-16
   outer loop
     vertex  2.263824e+01  1.800661e+01  0.000000e+00
     vertex  2.271973e+01  1.793310e+01  0.000000e+00
     vertex  2.263824e+01  1.800661e+01  6.000000e+00
   endloop
 endfacet
 facet normal -6.280757e-01 -7.781522e-01  2.994755e-16
   outer loop
     vertex  2.255477e+01  1.807785e+01  0.000000e+00
     vertex  2.255477e+01  1.807785e+01  6.000000e+00
     vertex  2.246937e+01  1.814678e+01  6.000000e+00
   endloop
 endfacet
 facet normal -6.491872e-01 -7.606287e-01  4.388591e-16
   outer loop
     vertex  2.255477e+01  1.807785e+01  0.000000e+00
     vertex  2.263824e+01  1.800661e+01  0.000000e+00
     vertex  2.255477e+01  1.807785e+01  6.000000e+00
   endloop
 endfacet
 facet normal -6.064915e-01 -7.950900e-01  1.598665e-16
   outer loop
     vertex  2.246937e+01  1.814678e+01  0.000000e+00
     vertex  2.246937e+01  1.814678e+01  6.000000e+00
     vertex  2.238211e+01  1.821334e+01  6.000000e+00
   endloop
 endfacet
 facet normal -6.280757e-01 -7.781522e-01  2.994755e-16
   outer loop
     vertex  2.246937e+01  1.814678e+01  0.000000e+00
     vertex  2.255477e+01  1.807785e+01  0.000000e+00
     vertex  2.246937e+01  1.814678e+01  6.000000e+00
   endloop
 endfacet
 facet normal -5.844507e-01 -8.114292e-01  2.013709e-17
   outer loop
     vertex  2.238211e+01  1.821334e+01  0.000000e+00
     vertex  2.238211e+01  1.821334e+01  6.000000e+00
     vertex  2.229306e+01  1.827748e+01  6.000000e+00
   endloop
 endfacet
 facet normal -6.064915e-01 -7.950900e-01  1.598665e-16
   outer loop
     vertex  2.238211e+01  1.821334e+01  0.000000e+00
     vertex  2.246937e+01  1.814678e+01  0.000000e+00
     vertex  2.238211e+01  1.821334e+01  6.000000e+00
   endloop
 endfacet
 facet normal -5.844507e-01 -8.114292e-01  2.013709e-17
   outer loop
     vertex  2.229306e+01  1.827748e+01  0.000000e+00
     vertex  2.238211e+01  1.821334e+01  0.000000e+00
     vertex  2.229306e+01  1.827748e+01  6.000000e+00
   endloop
 endfacet
 facet normal -5.619699e-01 -8.271577e-01 -1.196075e-16
   outer loop
     vertex  2.229306e+01  1.827748e+01  0.000000e+00
     vertex  2.229306e+01  1.827748e+01  6.000000e+00
     vertex  2.220228e+01  1.833916e+01  6.000000e+00
   endloop
 endfacet
 facet normal -5.619699e-01 -8.271577e-01 -1.196075e-16
   outer loop
     vertex  2.220228e+01  1.833916e+01  0.000000e+00
     vertex  2.229306e+01  1.827748e+01  0.000000e+00
     vertex  2.220228e+01  1.833916e+01  6.000000e+00
   endloop
 endfacet
 facet normal -5.390661e-01 -8.422635e-01 -2.592620e-16
   outer loop
     vertex  2.220228e+01  1.833916e+01  0.000000e+00
     vertex  2.220228e+01  1.833916e+01  6.000000e+00
     vertex  2.210984e+01  1.839832e+01  6.000000e+00
   endloop
 endfacet
 facet normal -5.390661e-01 -8.422635e-01 -2.592620e-16
   outer loop
     vertex  2.210984e+01  1.839832e+01  0.000000e+00
     vertex  2.220228e+01  1.833916e+01  0.000000e+00
     vertex  2.210984e+01  1.839832e+01  6.000000e+00
   endloop
 endfacet
 facet normal -5.157565e-01 -8.567352e-01 -3.987213e-16
   outer loop
     vertex  2.210984e+01  1.839832e+01  0.000000e+00
     vertex  2.210984e+01  1.839832e+01  6.000000e+00
     vertex  2.201582e+01  1.845492e+01  6.000000e+00
   endloop
 endfacet
 facet normal -5.157565e-01 -8.567352e-01  4.139570e-16
   outer loop
     vertex  2.201582e+01  1.845492e+01  0.000000e+00
     vertex  2.210984e+01  1.839832e+01  0.000000e+00
     vertex  2.201582e+01  1.845492e+01  6.000000e+00
   endloop
 endfacet
 facet normal -4.920587e-01 -8.705620e-01  2.689530e-16
   outer loop
     vertex  2.201582e+01  1.845492e+01  0.000000e+00
     vertex  2.201582e+01  1.845492e+01  6.000000e+00
     vertex  2.192028e+01  1.850892e+01  6.000000e+00
   endloop
 endfacet
 facet normal -4.920587e-01 -8.705620e-01  2.689530e-16
   outer loop
     vertex  2.192028e+01  1.850892e+01  0.000000e+00
     vertex  2.201582e+01  1.845492e+01  0.000000e+00
     vertex  2.192028e+01  1.850892e+01  6.000000e+00
   endloop
 endfacet
 facet normal -4.679904e-01 -8.837335e-01  1.237466e-16
   outer loop
     vertex  2.192028e+01  1.850892e+01  0.000000e+00
     vertex  2.192028e+01  1.850892e+01  6.000000e+00
     vertex  2.182329e+01  1.856028e+01  6.000000e+00
   endloop
 endfacet
 facet normal -4.435699e-01 -8.962398e-01 -2.841992e-16
   outer loop
     vertex  2.182329e+01  1.856028e+01  0.000000e+00
     vertex  2.182329e+01  1.856028e+01  6.000000e+00
     vertex  2.172493e+01  1.860896e+01  6.000000e+00
   endloop
 endfacet
 facet normal -4.679904e-01 -8.837335e-01 -1.533595e-16
   outer loop
     vertex  2.182329e+01  1.856028e+01  0.000000e+00
     vertex  2.192028e+01  1.850892e+01  0.000000e+00
     vertex  2.182329e+01  1.856028e+01  6.000000e+00
   endloop
 endfacet
 facet normal -4.188155e-01 -9.080714e-01  1.228612e-16
   outer loop
     vertex  2.172493e+01  1.860896e+01  0.000000e+00
     vertex  2.172493e+01  1.860896e+01  6.000000e+00
     vertex  2.162528e+01  1.865493e+01  6.000000e+00
   endloop
 endfacet
 facet normal -4.435699e-01 -8.962398e-01  2.464813e-16
   outer loop
     vertex  2.172493e+01  1.860896e+01  0.000000e+00
     vertex  2.182329e+01  1.856028e+01  0.000000e+00
     vertex  2.172493e+01  1.860896e+01  6.000000e+00
   endloop
 endfacet
 facet normal -3.937458e-01 -9.192194e-01  2.322929e-16
   outer loop
     vertex  2.162528e+01  1.865493e+01  0.000000e+00
     vertex  2.162528e+01  1.865493e+01  6.000000e+00
     vertex  2.152439e+01  1.869814e+01  6.000000e+00
   endloop
 endfacet
 facet normal -4.188155e-01 -9.080714e-01  3.708498e-16
   outer loop
     vertex  2.162528e+01  1.865493e+01  0.000000e+00
     vertex  2.172493e+01  1.860896e+01  0.000000e+00
     vertex  2.162528e+01  1.865493e+01  6.000000e+00
   endloop
 endfacet
 facet normal -3.683796e-01 -9.296754e-01  9.356121e-17
   outer loop
     vertex  2.152439e+01  1.869814e+01  0.000000e+00
     vertex  2.152439e+01  1.869814e+01  6.000000e+00
     vertex  2.142237e+01  1.873857e+01  6.000000e+00
   endloop
 endfacet
 facet normal -3.937458e-01 -9.192194e-01  2.322929e-16
   outer loop
     vertex  2.152439e+01  1.869814e+01  0.000000e+00
     vertex  2.162528e+01  1.865493e+01  0.000000e+00
     vertex  2.152439e+01  1.869814e+01  6.000000e+00
   endloop
 endfacet
 facet normal -3.427362e-01 -9.394317e-01 -2.481816e-16
   outer loop
     vertex  2.142237e+01  1.873857e+01  0.000000e+00
     vertex  2.142237e+01  1.873857e+01  6.000000e+00
     vertex  2.131927e+01  1.877618e+01  6.000000e+00
   endloop
 endfacet
 facet normal -3.683796e-01 -9.296754e-01 -1.245634e-16
   outer loop
     vertex  2.142237e+01  1.873857e+01  0.000000e+00
     vertex  2.152439e+01  1.869814e+01  0.000000e+00
     vertex  2.142237e+01  1.873857e+01  6.000000e+00
   endloop
 endfacet
 facet normal -3.168348e-01 -9.484807e-01 -1.840090e-16
   outer loop
     vertex  2.131927e+01  1.877618e+01  0.000000e+00
     vertex  2.131927e+01  1.877618e+01  6.000000e+00
     vertex  2.121517e+01  1.881095e+01  6.000000e+00
   endloop
 endfacet
 facet normal -3.427362e-01 -9.394317e-01 -4.524095e-17
   outer loop
     vertex  2.131927e+01  1.877618e+01  0.000000e+00
     vertex  2.142237e+01  1.873857e+01  0.000000e+00
     vertex  2.131927e+01  1.877618e+01  6.000000e+00
   endloop
 endfacet
 facet normal -2.906949e-01 -9.568158e-01 -3.226386e-16
   outer loop
     vertex  2.121517e+01  1.881095e+01  0.000000e+00
     vertex  2.121517e+01  1.881095e+01  6.000000e+00
     vertex  2.111017e+01  1.884285e+01  6.000000e+00
   endloop
 endfacet
 facet normal -3.168348e-01 -9.484807e-01 -1.840090e-16
   outer loop
     vertex  2.121517e+01  1.881095e+01  0.000000e+00
     vertex  2.131927e+01  1.877618e+01  0.000000e+00
     vertex  2.121517e+01  1.881095e+01  6.000000e+00
   endloop
 endfacet
 facet normal -2.643362e-01 -9.644306e-01 -3.045069e-16
   outer loop
     vertex  2.111017e+01  1.884285e+01  0.000000e+00
     vertex  2.111017e+01  1.884285e+01  6.000000e+00
     vertex  2.100432e+01  1.887186e+01  6.000000e+00
   endloop
 endfacet
 facet normal -2.906949e-01 -9.568158e-01 -1.505127e-16
   outer loop
     vertex  2.111017e+01  1.884285e+01  0.000000e+00
     vertex  2.121517e+01  1.881095e+01  0.000000e+00
     vertex  2.111017e+01  1.884285e+01  6.000000e+00
   endloop
 endfacet
 facet normal -2.377784e-01 -9.713194e-01 -2.392836e-17
   outer loop
     vertex  2.100432e+01  1.887186e+01  0.000000e+00
     vertex  2.100432e+01  1.887186e+01  6.000000e+00
     vertex  2.089772e+01  1.889796e+01  6.000000e+00
   endloop
 endfacet
 facet normal -2.643362e-01 -9.644306e-01  1.100323e-16
   outer loop
     vertex  2.100432e+01  1.887186e+01  0.000000e+00
     vertex  2.111017e+01  1.884285e+01  0.000000e+00
     vertex  2.100432e+01  1.887186e+01  6.000000e+00
   endloop
 endfacet
 facet normal -2.110417e-01 -9.774771e-01 -1.578710e-16
   outer loop
     vertex  2.089772e+01  1.889796e+01  0.000000e+00
     vertex  2.089772e+01  1.889796e+01  6.000000e+00
     vertex  2.079045e+01  1.892112e+01  6.000000e+00
   endloop
 endfacet
 facet normal -2.377784e-01 -9.713194e-01 -2.392836e-17
   outer loop
     vertex  2.089772e+01  1.889796e+01  0.000000e+00
     vertex  2.100432e+01  1.887186e+01  0.000000e+00
     vertex  2.089772e+01  1.889796e+01  6.000000e+00
   endloop
 endfacet
 facet normal -1.841461e-01 -9.828989e-01  3.993346e-16
   outer loop
     vertex  2.079045e+01  1.892112e+01  0.000000e+00
     vertex  2.079045e+01  1.892112e+01  6.000000e+00
     vertex  2.068258e+01  1.894133e+01  6.000000e+00
   endloop
 endfacet
 facet normal -2.110417e-01 -9.774771e-01  5.458735e-16
   outer loop
     vertex  2.079045e+01  1.892112e+01  0.000000e+00
     vertex  2.089772e+01  1.889796e+01  0.000000e+00
     vertex  2.079045e+01  1.892112e+01  6.000000e+00
   endloop
 endfacet
 facet normal -1.571119e-01 -9.875808e-01 -4.252991e-16
   outer loop
     vertex  2.068258e+01  1.894133e+01  0.000000e+00
     vertex  2.068258e+01  1.894133e+01  6.000000e+00
     vertex  2.057420e+01  1.895857e+01  6.000000e+00
   endloop
 endfacet
 facet normal -1.841461e-01 -9.828989e-01 -2.916948e-16
   outer loop
     vertex  2.068258e+01  1.894133e+01  0.000000e+00
     vertex  2.079045e+01  1.892112e+01  0.000000e+00
     vertex  2.068258e+01  1.894133e+01  6.000000e+00
   endloop
 endfacet
 facet normal -1.299594e-01 -9.915193e-01  2.851424e-17
   outer loop
     vertex  2.057420e+01  1.895857e+01  0.000000e+00
     vertex  2.057420e+01  1.895857e+01  6.000000e+00
     vertex  2.046538e+01  1.897284e+01  6.000000e+00
   endloop
 endfacet
 facet normal -1.571119e-01 -9.875808e-01  1.594663e-16
   outer loop
     vertex  2.057420e+01  1.895857e+01  0.000000e+00
     vertex  2.068258e+01  1.894133e+01  0.000000e+00
     vertex  2.057420e+01  1.895857e+01  6.000000e+00
   endloop
 endfacet
 facet normal -1.027091e-01 -9.947114e-01 -1.024592e-16
   outer loop
     vertex  2.046538e+01  1.897284e+01  0.000000e+00
     vertex  2.046538e+01  1.897284e+01  6.000000e+00
     vertex  2.035621e+01  1.898411e+01  6.000000e+00
   endloop
 endfacet
 facet normal -1.299594e-01 -9.915193e-01  2.851424e-17
   outer loop
     vertex  2.046538e+01  1.897284e+01  0.000000e+00
     vertex  2.057420e+01  1.895857e+01  0.000000e+00
     vertex  2.046538e+01  1.897284e+01  6.000000e+00
   endloop
 endfacet
 facet normal -1.027091e-01 -9.947114e-01 -1.024592e-16
   outer loop
     vertex  2.035621e+01  1.898411e+01  0.000000e+00
     vertex  2.046538e+01  1.897284e+01  0.000000e+00
     vertex  2.035621e+01  1.898411e+01  6.000000e+00
   endloop
 endfacet
 facet normal -4.799716e-02 -9.988475e-01  2.557803e-16
   outer loop
     vertex  2.024678e+01  1.899238e+01  0.000000e+00
     vertex  2.024678e+01  1.899238e+01  6.000000e+00
     vertex  2.013716e+01  1.899765e+01  6.000000e+00
   endloop
 endfacet
 facet normal -7.538152e-02 -9.971548e-01  4.017135e-16
   outer loop
     vertex  2.024678e+01  1.899238e+01  0.000000e+00
     vertex  2.035621e+01  1.898411e+01  6.000000e+00
     vertex  2.024678e+01  1.899238e+01  6.000000e+00
   endloop
 endfacet
 facet normal -7.538152e-02 -9.971548e-01 -2.333608e-16
   outer loop
     vertex  2.024678e+01  1.899238e+01  0.000000e+00
     vertex  2.035621e+01  1.898411e+01  0.000000e+00
     vertex  2.035621e+01  1.898411e+01  6.000000e+00
   endloop
 endfacet
 facet normal -4.799716e-02 -9.988475e-01  2.273602e-16
   outer loop
     vertex  2.013716e+01  1.899765e+01  0.000000e+00
     vertex  2.024678e+01  1.899238e+01  0.000000e+00
     vertex  2.013716e+01  1.899765e+01  6.000000e+00
   endloop
 endfacet
 facet normal -2.057667e-02 -9.997883e-01  9.747067e-17
   outer loop
     vertex  2.013716e+01  1.899765e+01  0.000000e+00
     vertex  2.013716e+01  1.899765e+01  6.000000e+00
     vertex  2.002744e+01  1.899991e+01  6.000000e+00
   endloop
 endfacet
 facet normal -2.057667e-02 -9.997883e-01  9.747067e-17
   outer loop
     vertex  2.002744e+01  1.899991e+01  0.000000e+00
     vertex  2.013716e+01  1.899765e+01  0.000000e+00
     vertex  2.002744e+01  1.899991e+01  6.000000e+00
   endloop
 endfacet
 facet normal  6.859319e-03 -9.999765e-01 -3.249226e-17
   outer loop
     vertex  2.002744e+01  1.899991e+01  0.000000e+00
     vertex  2.002744e+01  1.899991e+01  6.000000e+00
     vertex  1.991769e+01  1.899915e+01  6.000000e+00
   endloop
 endfacet
 facet normal  6.859319e-03 -9.999765e-01  5.596128e-16
   outer loop
     vertex  1.991769e+01  1.899915e+01  0.000000e+00
     vertex  2.002744e+01  1.899991e+01  0.000000e+00
     vertex  1.991769e+01  1.899915e+01  6.000000e+00
   endloop
 endfacet
 facet normal  3.429014e-02 -9.994119e-01  4.293400e-16
   outer loop
     vertex  1.991769e+01  1.899915e+01  0.000000e+00
     vertex  1.991769e+01  1.899915e+01  6.000000e+00
     vertex  1.980801e+01  1.899539e+01  6.000000e+00
   endloop
 endfacet
 facet normal  6.169515e-02 -9.980950e-01  2.622132e-16
   outer loop
     vertex  1.980801e+01  1.899539e+01  0.000000e+00
     vertex  1.980801e+01  1.899539e+01  6.000000e+00
     vertex  1.969847e+01  1.898862e+01  6.000000e+00
   endloop
 endfacet
 facet normal  3.429014e-02 -9.994119e-01  4.090362e-16
   outer loop
     vertex  1.980801e+01  1.899539e+01  0.000000e+00
     vertex  1.991769e+01  1.899915e+01  0.000000e+00
     vertex  1.980801e+01  1.899539e+01  6.000000e+00
   endloop
 endfacet
 facet normal  6.169515e-02 -9.980950e-01  2.987441e-16
   outer loop
     vertex  1.969847e+01  1.898862e+01  0.000000e+00
     vertex  1.980801e+01  1.899539e+01  0.000000e+00
     vertex  1.969847e+01  1.898862e+01  6.000000e+00
   endloop
 endfacet
 facet normal  8.905371e-02 -9.960268e-01  1.677631e-16
   outer loop
     vertex  1.958916e+01  1.897885e+01  0.000000e+00
     vertex  1.969847e+01  1.898862e+01  0.000000e+00
     vertex  1.969847e+01  1.898862e+01  6.000000e+00
   endloop
 endfacet
 facet normal  8.905371e-02 -9.960268e-01 -4.745735e-16
   outer loop
     vertex  1.958916e+01  1.897885e+01  0.000000e+00
     vertex  1.969847e+01  1.898862e+01  6.000000e+00
     vertex  1.958916e+01  1.897885e+01  6.000000e+00
   endloop
 endfacet
 facet normal  1.163452e-01 -9.932088e-01 -6.199443e-16
   outer loop
     vertex  1.948016e+01  1.896608e+01  0.000000e+00
     vertex  1.958916e+01  1.897885e+01  0.000000e+00
     vertex  1.958916e+01  1.897885e+01  6.000000e+00
   endloop
 endfacet
 facet normal  1.435492e-01 -9.896432e-01 -9.399909e-17
   outer loop
     vertex  1.948016e+01  1.896608e+01  0.000000e+00
     vertex  1.948016e+01  1.896608e+01  6.000000e+00
     vertex  1.937155e+01  1.895032e+01  6.000000e+00
   endloop
 endfacet
 facet normal  1.163452e-01 -9.932088e-01  3.697598e-17
   outer loop
     vertex  1.948016e+01  1.896608e+01  0.000000e+00
     vertex  1.958916e+01  1.897885e+01  6.000000e+00
     vertex  1.948016e+01  1.896608e+01  6.000000e+00
   endloop
 endfacet
 facet normal  1.435492e-01 -9.896432e-01 -1.789973e-16
   outer loop
     vertex  1.937155e+01  1.895032e+01  0.000000e+00
     vertex  1.948016e+01  1.896608e+01  0.000000e+00
     vertex  1.937155e+01  1.895032e+01  6.000000e+00
   endloop
 endfacet
 facet normal  1.706451e-01 -9.853326e-01 -3.259539e-16
   outer loop
     vertex  1.926342e+01  1.893160e+01  0.000000e+00
     vertex  1.937155e+01  1.895032e+01  0.000000e+00
     vertex  1.937155e+01  1.895032e+01  6.000000e+00
   endloop
 endfacet
 facet normal  1.706451e-01 -9.853326e-01 -3.259456e-16
   outer loop
     vertex  1.926342e+01  1.893160e+01  0.000000e+00
     vertex  1.937155e+01  1.895032e+01  6.000000e+00
     vertex  1.926342e+01  1.893160e+01  6.000000e+00
   endloop
 endfacet
 facet normal  1.976125e-01 -9.802802e-01 -4.727734e-16
   outer loop
     vertex  1.915583e+01  1.890991e+01  0.000000e+00
     vertex  1.926342e+01  1.893160e+01  0.000000e+00
     vertex  1.926342e+01  1.893160e+01  6.000000e+00
   endloop
 endfacet
 facet normal  2.244312e-01 -9.744899e-01  9.090824e-17
   outer loop
     vertex  1.915583e+01  1.890991e+01  0.000000e+00
     vertex  1.915583e+01  1.890991e+01  6.000000e+00
     vertex  1.904889e+01  1.888528e+01  6.000000e+00
   endloop
 endfacet
 facet normal  1.976125e-01 -9.802802e-01  2.248041e-16
   outer loop
     vertex  1.915583e+01  1.890991e+01  0.000000e+00
     vertex  1.926342e+01  1.893160e+01  6.000000e+00
     vertex  1.915583e+01  1.890991e+01  6.000000e+00
   endloop
 endfacet
 facet normal  2.244312e-01 -9.744899e-01  9.090824e-17
   outer loop
     vertex  1.904889e+01  1.888528e+01  0.000000e+00
     vertex  1.915583e+01  1.890991e+01  0.000000e+00
     vertex  1.904889e+01  1.888528e+01  6.000000e+00
   endloop
 endfacet
 facet normal  2.510809e-01 -9.679661e-01 -4.277299e-17
   outer loop
     vertex  1.894266e+01  1.885772e+01  0.000000e+00
     vertex  1.904889e+01  1.888528e+01  0.000000e+00
     vertex  1.904889e+01  1.888528e+01  6.000000e+00
   endloop
 endfacet
 facet normal  2.775416e-01 -9.607136e-01 -3.413255e-16
   outer loop
     vertex  1.894266e+01  1.885772e+01  0.000000e+00
     vertex  1.894266e+01  1.885772e+01  6.000000e+00
     vertex  1.883722e+01  1.882726e+01  6.000000e+00
   endloop
 endfacet
 facet normal  2.510809e-01 -9.679661e-01 -1.917258e-16
   outer loop
     vertex  1.894266e+01  1.885772e+01  0.000000e+00
     vertex  1.904889e+01  1.888528e+01  6.000000e+00
     vertex  1.894266e+01  1.885772e+01  6.000000e+00
   endloop
 endfacet
 facet normal  2.775416e-01 -9.607136e-01 -1.769879e-16
   outer loop
     vertex  1.883722e+01  1.882726e+01  0.000000e+00
     vertex  1.894266e+01  1.885772e+01  0.000000e+00
     vertex  1.883722e+01  1.882726e+01  6.000000e+00
   endloop
 endfacet
 facet normal  3.037934e-01 -9.527379e-01 -3.107865e-16
   outer loop
     vertex  1.883722e+01  1.882726e+01  0.000000e+00
     vertex  1.883722e+01  1.882726e+01  6.000000e+00
     vertex  1.873266e+01  1.879392e+01  6.000000e+00
   endloop
 endfacet
 facet normal  3.037934e-01 -9.527379e-01 -3.107865e-16
   outer loop
     vertex  1.873266e+01  1.879392e+01  0.000000e+00
     vertex  1.883722e+01  1.882726e+01  0.000000e+00
     vertex  1.873266e+01  1.879392e+01  6.000000e+00
   endloop
 endfacet
 facet normal  3.298166e-01 -9.440450e-01 -4.446259e-16
   outer loop
     vertex  1.862906e+01  1.875773e+01  0.000000e+00
     vertex  1.873266e+01  1.879392e+01  0.000000e+00
     vertex  1.873266e+01  1.879392e+01  6.000000e+00
   endloop
 endfacet
 facet normal  3.298166e-01 -9.440450e-01  1.146358e-16
   outer loop
     vertex  1.862906e+01  1.875773e+01  0.000000e+00
     vertex  1.873266e+01  1.879392e+01  6.000000e+00
     vertex  1.862906e+01  1.875773e+01  6.000000e+00
   endloop
 endfacet
 facet normal  3.555914e-01 -9.346415e-01 -2.455842e-17
   outer loop
     vertex  1.852648e+01  1.871870e+01  0.000000e+00
     vertex  1.862906e+01  1.875773e+01  0.000000e+00
     vertex  1.862906e+01  1.875773e+01  6.000000e+00
   endloop
 endfacet
 facet normal  3.555914e-01 -9.346415e-01  5.292565e-16
   outer loop
     vertex  1.852648e+01  1.871870e+01  0.000000e+00
     vertex  1.862906e+01  1.875773e+01  6.000000e+00
     vertex  1.852648e+01  1.871870e+01  6.000000e+00
   endloop
 endfacet
 facet normal  3.810986e-01 -9.245344e-01  3.850677e-16
   outer loop
     vertex  1.842502e+01  1.867688e+01  0.000000e+00
     vertex  1.852648e+01  1.871870e+01  0.000000e+00
     vertex  1.852648e+01  1.871870e+01  6.000000e+00
   endloop
 endfacet
 facet normal  3.810986e-01 -9.245344e-01  3.844919e-16
   outer loop
     vertex  1.842502e+01  1.867688e+01  0.000000e+00
     vertex  1.852648e+01  1.871870e+01  6.000000e+00
     vertex  1.842502e+01  1.867688e+01  6.000000e+00
   endloop
 endfacet
 facet normal  4.063188e-01 -9.137314e-01  2.394864e-16
   outer loop
     vertex  1.832474e+01  1.863229e+01  0.000000e+00
     vertex  1.842502e+01  1.867688e+01  0.000000e+00
     vertex  1.842502e+01  1.867688e+01  6.000000e+00
   endloop
 endfacet
 facet normal  4.312333e-01 -9.022405e-01 -4.400300e-16
   outer loop
     vertex  1.832474e+01  1.863229e+01  0.000000e+00
     vertex  1.832474e+01  1.863229e+01  6.000000e+00
     vertex  1.822572e+01  1.858496e+01  6.000000e+00
   endloop
 endfacet
 facet normal  4.063188e-01 -9.137314e-01 -3.015997e-16
   outer loop
     vertex  1.832474e+01  1.863229e+01  0.000000e+00
     vertex  1.842502e+01  1.867688e+01  6.000000e+00
     vertex  1.832474e+01  1.863229e+01  6.000000e+00
   endloop
 endfacet
 facet normal  4.312333e-01 -9.022405e-01 -1.846887e-16
   outer loop
     vertex  1.822572e+01  1.858496e+01  0.000000e+00
     vertex  1.832474e+01  1.863229e+01  0.000000e+00
     vertex  1.822572e+01  1.858496e+01  6.000000e+00
   endloop
 endfacet
 facet normal  4.558231e-01 -8.900704e-01 -3.082276e-16
   outer loop
     vertex  1.822572e+01  1.858496e+01  0.000000e+00
     vertex  1.822572e+01  1.858496e+01  6.000000e+00
     vertex  1.812804e+01  1.853493e+01  6.000000e+00
   endloop
 endfacet
 facet normal  4.558231e-01 -8.900704e-01 -5.110155e-17
   outer loop
     vertex  1.812804e+01  1.853493e+01  0.000000e+00
     vertex  1.822572e+01  1.858496e+01  0.000000e+00
     vertex  1.812804e+01  1.853493e+01  6.000000e+00
   endloop
 endfacet
 facet normal  4.800697e-01 -8.772303e-01 -1.957174e-16
   outer loop
     vertex  1.803177e+01  1.848225e+01  0.000000e+00
     vertex  1.812804e+01  1.853493e+01  0.000000e+00
     vertex  1.812804e+01  1.853493e+01  6.000000e+00
   endloop
 endfacet
 facet normal  4.800697e-01 -8.772303e-01  8.789012e-17
   outer loop
     vertex  1.803177e+01  1.848225e+01  0.000000e+00
     vertex  1.812804e+01  1.853493e+01  6.000000e+00
     vertex  1.803177e+01  1.848225e+01  6.000000e+00
   endloop
 endfacet
 facet normal  5.039550e-01 -8.637299e-01 -4.306635e-17
   outer loop
     vertex  1.793697e+01  1.842694e+01  0.000000e+00
     vertex  1.803177e+01  1.848225e+01  0.000000e+00
     vertex  1.803177e+01  1.848225e+01  6.000000e+00
   endloop
 endfacet
 facet normal  5.274609e-01 -8.495793e-01 -1.740294e-16
   outer loop
     vertex  1.793697e+01  1.842694e+01  0.000000e+00
     vertex  1.793697e+01  1.842694e+01  6.000000e+00
     vertex  1.784374e+01  1.836905e+01  6.000000e+00
   endloop
 endfacet
 facet normal  5.039550e-01 -8.637299e-01 -4.308585e-17
   outer loop
     vertex  1.793697e+01  1.842694e+01  0.000000e+00
     vertex  1.803177e+01  1.848225e+01  6.000000e+00
     vertex  1.793697e+01  1.842694e+01  6.000000e+00
   endloop
 endfacet
 facet normal  5.274609e-01 -8.495793e-01  3.290226e-16
   outer loop
     vertex  1.784374e+01  1.836905e+01  0.000000e+00
     vertex  1.793697e+01  1.842694e+01  0.000000e+00
     vertex  1.784374e+01  1.836905e+01  6.000000e+00
   endloop
 endfacet
 facet normal  5.505698e-01 -8.347891e-01  1.894525e-16
   outer loop
     vertex  1.784374e+01  1.836905e+01  0.000000e+00
     vertex  1.784374e+01  1.836905e+01  6.000000e+00
     vertex  1.775212e+01  1.830863e+01  6.000000e+00
   endloop
 endfacet
 facet normal  5.505698e-01 -8.347891e-01 -3.048419e-16
   outer loop
     vertex  1.775212e+01  1.830863e+01  0.000000e+00
     vertex  1.784374e+01  1.836905e+01  0.000000e+00
     vertex  1.775212e+01  1.830863e+01  6.000000e+00
   endloop
 endfacet
 facet normal  5.732642e-01 -8.193706e-01  4.973986e-17
   outer loop
     vertex  1.766220e+01  1.824572e+01  0.000000e+00
     vertex  1.775212e+01  1.830863e+01  6.000000e+00
     vertex  1.766220e+01  1.824572e+01  6.000000e+00
   endloop
 endfacet
 facet normal  5.732642e-01 -8.193706e-01 -4.356094e-16
   outer loop
     vertex  1.766220e+01  1.824572e+01  0.000000e+00
     vertex  1.775212e+01  1.830863e+01  0.000000e+00
     vertex  1.775212e+01  1.830863e+01  6.000000e+00
   endloop
 endfacet
 facet normal  5.955271e-01 -8.033352e-01  2.626126e-16
   outer loop
     vertex  1.757403e+01  1.818036e+01  0.000000e+00
     vertex  1.766220e+01  1.824572e+01  6.000000e+00
     vertex  1.757403e+01  1.818036e+01  6.000000e+00
   endloop
 endfacet
 facet normal  5.955271e-01 -8.033352e-01 -8.945045e-17
   outer loop
     vertex  1.757403e+01  1.818036e+01  0.000000e+00
     vertex  1.766220e+01  1.824572e+01  0.000000e+00
     vertex  1.766220e+01  1.824572e+01  6.000000e+00
   endloop
 endfacet
 facet normal  6.386916e-01 -7.694628e-01 -3.692021e-16
   outer loop
     vertex  1.748770e+01  1.811261e+01  0.000000e+00
     vertex  1.748770e+01  1.811261e+01  6.000000e+00
     vertex  1.740325e+01  1.804251e+01  6.000000e+00
   endloop
 endfacet
 facet normal  6.173417e-01 -7.866951e-01 -2.296926e-16
   outer loop
     vertex  1.748770e+01  1.811261e+01  0.000000e+00
     vertex  1.757403e+01  1.818036e+01  6.000000e+00
     vertex  1.748770e+01  1.811261e+01  6.000000e+00
   endloop
 endfacet
 facet normal  6.173417e-01 -7.866951e-01  1.357729e-16
   outer loop
     vertex  1.748770e+01  1.811261e+01  0.000000e+00
     vertex  1.757403e+01  1.818036e+01  0.000000e+00
     vertex  1.757403e+01  1.818036e+01  6.000000e+00
   endloop
 endfacet
 facet normal  6.595607e-01 -7.516513e-01 -1.178952e-16
   outer loop
     vertex  1.740325e+01  1.804251e+01  0.000000e+00
     vertex  1.740325e+01  1.804251e+01  6.000000e+00
     vertex  1.732076e+01  1.797013e+01  6.000000e+00
   endloop
 endfacet
 facet normal  6.386916e-01 -7.694628e-01  8.979310e-18
   outer loop
     vertex  1.740325e+01  1.804251e+01  0.000000e+00
     vertex  1.748770e+01  1.811261e+01  0.000000e+00
     vertex  1.740325e+01  1.804251e+01  6.000000e+00
   endloop
 endfacet
 facet normal  6.799333e-01 -7.332740e-01 -2.130970e-16
   outer loop
     vertex  1.732076e+01  1.797013e+01  0.000000e+00
     vertex  1.732076e+01  1.797013e+01  6.000000e+00
     vertex  1.724029e+01  1.789551e+01  6.000000e+00
   endloop
 endfacet
 facet normal  6.595607e-01 -7.516513e-01 -6.336662e-17
   outer loop
     vertex  1.732076e+01  1.797013e+01  0.000000e+00
     vertex  1.740325e+01  1.804251e+01  0.000000e+00
     vertex  1.732076e+01  1.797013e+01  6.000000e+00
   endloop
 endfacet
 facet normal  6.799333e-01 -7.332740e-01  1.895044e-16
   outer loop
     vertex  1.724029e+01  1.789551e+01  0.000000e+00
     vertex  1.732076e+01  1.797013e+01  0.000000e+00
     vertex  1.724029e+01  1.789551e+01  6.000000e+00
   endloop
 endfacet
 facet normal  6.997940e-01 -7.143447e-01  5.214188e-17
   outer loop
     vertex  1.716189e+01  1.781871e+01  0.000000e+00
     vertex  1.724029e+01  1.789551e+01  0.000000e+00
     vertex  1.724029e+01  1.789551e+01  6.000000e+00
   endloop
 endfacet
 facet normal  7.191280e-01 -6.948776e-01 -8.615457e-17
   outer loop
     vertex  1.716189e+01  1.781871e+01  0.000000e+00
     vertex  1.716189e+01  1.781871e+01  6.000000e+00
     vertex  1.708563e+01  1.773979e+01  6.000000e+00
   endloop
 endfacet
 facet normal  6.997940e-01 -7.143447e-01  5.169436e-17
   outer loop
     vertex  1.716189e+01  1.781871e+01  0.000000e+00
     vertex  1.724029e+01  1.789551e+01  6.000000e+00
     vertex  1.716189e+01  1.781871e+01  6.000000e+00
   endloop
 endfacet
 facet normal  7.191280e-01 -6.948776e-01 -8.615457e-17
   outer loop
     vertex  1.708563e+01  1.773979e+01  0.000000e+00
     vertex  1.716189e+01  1.781871e+01  0.000000e+00
     vertex  1.708563e+01  1.773979e+01  6.000000e+00
   endloop
 endfacet
 facet normal  7.379206e-01 -6.748875e-01 -2.234443e-16
   outer loop
     vertex  1.701156e+01  1.765880e+01  0.000000e+00
     vertex  1.708563e+01  1.773979e+01  0.000000e+00
     vertex  1.708563e+01  1.773979e+01  6.000000e+00
   endloop
 endfacet
 facet normal  7.561578e-01 -6.543893e-01 -3.615542e-16
   outer loop
     vertex  1.701156e+01  1.765880e+01  0.000000e+00
     vertex  1.701156e+01  1.765880e+01  6.000000e+00
     vertex  1.693975e+01  1.757582e+01  6.000000e+00
   endloop
 endfacet
 facet normal  7.379206e-01 -6.748875e-01 -2.239387e-16
   outer loop
     vertex  1.701156e+01  1.765880e+01  0.000000e+00
     vertex  1.708563e+01  1.773979e+01  6.000000e+00
     vertex  1.701156e+01  1.765880e+01  6.000000e+00
   endloop
 endfacet
 facet normal  7.561578e-01 -6.543893e-01  2.592217e-17
   outer loop
     vertex  1.693975e+01  1.757582e+01  0.000000e+00
     vertex  1.701156e+01  1.765880e+01  0.000000e+00
     vertex  1.693975e+01  1.757582e+01  6.000000e+00
   endloop
 endfacet
 facet normal  7.738257e-01 -6.333986e-01 -1.238502e-16
   outer loop
     vertex  1.693975e+01  1.757582e+01  0.000000e+00
     vertex  1.693975e+01  1.757582e+01  6.000000e+00
     vertex  1.687023e+01  1.749089e+01  6.000000e+00
   endloop
 endfacet
 facet normal  7.738257e-01 -6.333986e-01  3.343467e-16
   outer loop
     vertex  1.687023e+01  1.749089e+01  0.000000e+00
     vertex  1.693975e+01  1.757582e+01  0.000000e+00
     vertex  1.687023e+01  1.749089e+01  6.000000e+00
   endloop
 endfacet
 facet normal  7.909112e-01 -6.119310e-01  1.954406e-16
   outer loop
     vertex  1.680307e+01  1.740409e+01  0.000000e+00
     vertex  1.687023e+01  1.749089e+01  0.000000e+00
     vertex  1.687023e+01  1.749089e+01  6.000000e+00
   endloop
 endfacet
 facet normal  7.909112e-01 -6.119310e-01  1.947841e-16
   outer loop
     vertex  1.680307e+01  1.740409e+01  0.000000e+00
     vertex  1.687023e+01  1.749089e+01  6.000000e+00
     vertex  1.680307e+01  1.740409e+01  6.000000e+00
   endloop
 endfacet
 facet normal  8.074012e-01 -5.900028e-01  5.514003e-17
   outer loop
     vertex  1.673832e+01  1.731548e+01  0.000000e+00
     vertex  1.680307e+01  1.740409e+01  0.000000e+00
     vertex  1.680307e+01  1.740409e+01  6.000000e+00
   endloop
 endfacet
 facet normal  8.232835e-01 -5.676304e-01  2.514291e-16
   outer loop
     vertex  1.673832e+01  1.731548e+01  0.000000e+00
     vertex  1.673832e+01  1.731548e+01  6.000000e+00
     vertex  1.667603e+01  1.722513e+01  6.000000e+00
   endloop
 endfacet
 facet normal  8.074012e-01 -5.900028e-01  4.044268e-16
   outer loop
     vertex  1.673832e+01  1.731548e+01  0.000000e+00
     vertex  1.680307e+01  1.740409e+01  6.000000e+00
     vertex  1.673832e+01  1.731548e+01  6.000000e+00
   endloop
 endfacet
 facet normal  8.232835e-01 -5.676304e-01 -8.467565e-17
   outer loop
     vertex  1.667603e+01  1.722513e+01  0.000000e+00
     vertex  1.673832e+01  1.731548e+01  0.000000e+00
     vertex  1.667603e+01  1.722513e+01  6.000000e+00
   endloop
 endfacet
 facet normal  8.385460e-01 -5.448308e-01 -2.243596e-16
   outer loop
     vertex  1.661623e+01  1.713310e+01  0.000000e+00
     vertex  1.667603e+01  1.722513e+01  0.000000e+00
     vertex  1.667603e+01  1.722513e+01  6.000000e+00
   endloop
 endfacet
 facet normal  8.385460e-01 -5.448308e-01 -2.243625e-16
   outer loop
     vertex  1.661623e+01  1.713310e+01  0.000000e+00
     vertex  1.667603e+01  1.722513e+01  6.000000e+00
     vertex  1.661623e+01  1.713310e+01  6.000000e+00
   endloop
 endfacet
 facet normal  8.531773e-01 -5.216210e-01 -3.633497e-16
   outer loop
     vertex  1.655899e+01  1.703947e+01  0.000000e+00
     vertex  1.661623e+01  1.713310e+01  0.000000e+00
     vertex  1.661623e+01  1.713310e+01  6.000000e+00
   endloop
 endfacet
 facet normal  8.531773e-01 -5.216210e-01  1.413019e-16
   outer loop
     vertex  1.655899e+01  1.703947e+01  0.000000e+00
     vertex  1.661623e+01  1.713310e+01  6.000000e+00
     vertex  1.655899e+01  1.703947e+01  6.000000e+00
   endloop
 endfacet
 facet normal  8.671664e-01 -4.980186e-01  1.064700e-17
   outer loop
     vertex  1.650433e+01  1.694430e+01  0.000000e+00
     vertex  1.655899e+01  1.703947e+01  0.000000e+00
     vertex  1.655899e+01  1.703947e+01  6.000000e+00
   endloop
 endfacet
 facet normal  8.805026e-01 -4.740412e-01 -6.419899e-16
   outer loop
     vertex  1.650433e+01  1.694430e+01  0.000000e+00
     vertex  1.650433e+01  1.694430e+01  6.000000e+00
     vertex  1.645231e+01  1.684767e+01  6.000000e+00
   endloop
 endfacet
 facet normal  8.671664e-01 -4.980186e-01 -5.031246e-16
   outer loop
     vertex  1.650433e+01  1.694430e+01  0.000000e+00
     vertex  1.655899e+01  1.703947e+01  6.000000e+00
     vertex  1.650433e+01  1.694430e+01  6.000000e+00
   endloop
 endfacet
 facet normal  8.805026e-01 -4.740412e-01 -1.206276e-16
   outer loop
     vertex  1.645231e+01  1.684767e+01  0.000000e+00
     vertex  1.650433e+01  1.694430e+01  0.000000e+00
     vertex  1.645231e+01  1.684767e+01  6.000000e+00
   endloop
 endfacet
 facet normal  8.931761e-01 -4.497071e-01 -2.515055e-16
   outer loop
     vertex  1.645231e+01  1.684767e+01  0.000000e+00
     vertex  1.645231e+01  1.684767e+01  6.000000e+00
     vertex  1.640295e+01  1.674965e+01  6.000000e+00
   endloop
 endfacet
 facet normal  8.931761e-01 -4.497071e-01  1.477458e-17
   outer loop
     vertex  1.640295e+01  1.674965e+01  0.000000e+00
     vertex  1.645231e+01  1.684767e+01  0.000000e+00
     vertex  1.640295e+01  1.674965e+01  6.000000e+00
   endloop
 endfacet
 facet normal  9.051772e-01 -4.250344e-01 -1.305231e-16
   outer loop
     vertex  1.640295e+01  1.674965e+01  0.000000e+00
     vertex  1.640295e+01  1.674965e+01  6.000000e+00
     vertex  1.635631e+01  1.665031e+01  6.000000e+00
   endloop
 endfacet
 facet normal  9.051772e-01 -4.250344e-01 -1.305231e-16
   outer loop
     vertex  1.635631e+01  1.665031e+01  0.000000e+00
     vertex  1.640295e+01  1.674965e+01  0.000000e+00
     vertex  1.635631e+01  1.665031e+01  6.000000e+00
   endloop
 endfacet
 facet normal  9.164969e-01 -4.000417e-01  2.669526e-16
   outer loop
     vertex  1.631241e+01  1.654973e+01  0.000000e+00
     vertex  1.635631e+01  1.665031e+01  6.000000e+00
     vertex  1.631241e+01  1.654973e+01  6.000000e+00
   endloop
 endfacet
 facet normal  9.164969e-01 -4.000417e-01 -2.757119e-16
   outer loop
     vertex  1.631241e+01  1.654973e+01  0.000000e+00
     vertex  1.635631e+01  1.665031e+01  0.000000e+00
     vertex  1.635631e+01  1.665031e+01  6.000000e+00
   endloop
 endfacet
 facet normal  9.271267e-01 -3.747479e-01 -1.988191e-16
   outer loop
     vertex  1.627128e+01  1.644798e+01  0.000000e+00
     vertex  1.631241e+01  1.654973e+01  6.000000e+00
     vertex  1.627128e+01  1.644798e+01  6.000000e+00
   endloop
 endfacet
 facet normal  9.271267e-01 -3.747479e-01  1.288617e-16
   outer loop
     vertex  1.627128e+01  1.644798e+01  0.000000e+00
     vertex  1.631241e+01  1.654973e+01  0.000000e+00
     vertex  1.631241e+01  1.654973e+01  6.000000e+00
   endloop
 endfacet
 facet normal  9.462851e-01 -3.233333e-01 -1.493259e-16
   outer loop
     vertex  1.623296e+01  1.634514e+01  0.000000e+00
     vertex  1.623296e+01  1.634514e+01  6.000000e+00
     vertex  1.619747e+01  1.624129e+01  6.000000e+00
   endloop
 endfacet
 facet normal  9.370586e-01 -3.491720e-01 -1.053952e-17
   outer loop
     vertex  1.623296e+01  1.634514e+01  0.000000e+00
     vertex  1.627128e+01  1.644798e+01  6.000000e+00
     vertex  1.623296e+01  1.634514e+01  6.000000e+00
   endloop
 endfacet
 facet normal  9.370586e-01 -3.491720e-01 -3.583023e-16
   outer loop
     vertex  1.623296e+01  1.634514e+01  0.000000e+00
     vertex  1.627128e+01  1.644798e+01  0.000000e+00
     vertex  1.627128e+01  1.644798e+01  6.000000e+00
   endloop
 endfacet
 facet normal  9.462851e-01 -3.233333e-01 -1.493259e-16
   outer loop
     vertex  1.619747e+01  1.624129e+01  0.000000e+00
     vertex  1.623296e+01  1.634514e+01  0.000000e+00
     vertex  1.619747e+01  1.624129e+01  6.000000e+00
   endloop
 endfacet
 facet normal  9.625948e-01 -2.709453e-01  1.435135e-16
   outer loop
     vertex  1.616485e+01  1.613650e+01  0.000000e+00
     vertex  1.616485e+01  1.613650e+01  6.000000e+00
     vertex  1.613512e+01  1.603086e+01  6.000000e+00
   endloop
 endfacet
 facet normal  9.547993e-01 -2.972512e-01  2.773548e-16
   outer loop
     vertex  1.616485e+01  1.613650e+01  0.000000e+00
     vertex  1.619747e+01  1.624129e+01  6.000000e+00
     vertex  1.616485e+01  1.613650e+01  6.000000e+00
   endloop
 endfacet
 facet normal  9.547993e-01 -2.972512e-01 -2.881125e-16
   outer loop
     vertex  1.616485e+01  1.613650e+01  0.000000e+00
     vertex  1.619747e+01  1.624129e+01  0.000000e+00
     vertex  1.619747e+01  1.624129e+01  6.000000e+00
   endloop
 endfacet
 facet normal  9.625948e-01 -2.709453e-01  3.039453e-16
   outer loop
     vertex  1.613512e+01  1.603086e+01  0.000000e+00
     vertex  1.616485e+01  1.613650e+01  0.000000e+00
     vertex  1.613512e+01  1.603086e+01  6.000000e+00
   endloop
 endfacet
 facet normal  9.760065e-01 -2.177416e-01 -5.992809e-17
   outer loop
     vertex  1.610829e+01  1.592444e+01  0.000000e+00
     vertex  1.610829e+01  1.592444e+01  6.000000e+00
     vertex  1.608439e+01  1.581733e+01  6.000000e+00
   endloop
 endfacet
 facet normal  9.696656e-01 -2.444354e-01  8.193148e-17
   outer loop
     vertex  1.610829e+01  1.592444e+01  0.000000e+00
     vertex  1.613512e+01  1.603086e+01  6.000000e+00
     vertex  1.610829e+01  1.592444e+01  6.000000e+00
   endloop
 endfacet
 facet normal  9.696656e-01 -2.444354e-01  1.543917e-16
   outer loop
     vertex  1.610829e+01  1.592444e+01  0.000000e+00
     vertex  1.613512e+01  1.603086e+01  0.000000e+00
     vertex  1.613512e+01  1.603086e+01  6.000000e+00
   endloop
 endfacet
 facet normal  9.816126e-01 -1.908838e-01 -2.017426e-16
   outer loop
     vertex  1.608439e+01  1.581733e+01  0.000000e+00
     vertex  1.608439e+01  1.581733e+01  6.000000e+00
     vertex  1.606344e+01  1.570960e+01  6.000000e+00
   endloop
 endfacet
 facet normal  9.760065e-01 -2.177416e-01 -5.992809e-17
   outer loop
     vertex  1.608439e+01  1.581733e+01  0.000000e+00
     vertex  1.610829e+01  1.592444e+01  0.000000e+00
     vertex  1.608439e+01  1.581733e+01  6.000000e+00
   endloop
 endfacet
 facet normal  9.816126e-01 -1.908838e-01 -2.017426e-16
   outer loop
     vertex  1.606344e+01  1.570960e+01  0.000000e+00
     vertex  1.608439e+01  1.581733e+01  0.000000e+00
     vertex  1.606344e+01  1.570960e+01  6.000000e+00
   endloop
 endfacet
 facet normal  9.906046e-01 -1.367575e-01  1.017465e-16
   outer loop
     vertex  1.604546e+01  1.560134e+01  0.000000e+00
     vertex  1.604546e+01  1.560134e+01  6.000000e+00
     vertex  1.603045e+01  1.549262e+01  6.000000e+00
   endloop
 endfacet
 facet normal  9.864799e-01 -1.638824e-01  2.407083e-16
   outer loop
     vertex  1.604546e+01  1.560134e+01  0.000000e+00
     vertex  1.606344e+01  1.570960e+01  6.000000e+00
     vertex  1.604546e+01  1.560134e+01  6.000000e+00
   endloop
 endfacet
 facet normal  9.864799e-01 -1.638824e-01 -3.432918e-16
   outer loop
     vertex  1.604546e+01  1.560134e+01  0.000000e+00
     vertex  1.606344e+01  1.570960e+01  0.000000e+00
     vertex  1.606344e+01  1.570960e+01  6.000000e+00
   endloop
 endfacet
 facet normal  9.939835e-01 -1.095298e-01 -3.729193e-17
   outer loop
     vertex  1.603045e+01  1.549262e+01  0.000000e+00
     vertex  1.603045e+01  1.549262e+01  6.000000e+00
     vertex  1.601843e+01  1.538353e+01  6.000000e+00
   endloop
 endfacet
 facet normal  9.906046e-01 -1.367575e-01  1.017465e-16
   outer loop
     vertex  1.603045e+01  1.549262e+01  0.000000e+00
     vertex  1.604546e+01  1.560134e+01  0.000000e+00
     vertex  1.603045e+01  1.549262e+01  6.000000e+00
   endloop
 endfacet
 facet normal  9.939835e-01 -1.095298e-01 -3.729193e-17
   outer loop
     vertex  1.601843e+01  1.538353e+01  0.000000e+00
     vertex  1.603045e+01  1.549262e+01  0.000000e+00
     vertex  1.601843e+01  1.538353e+01  6.000000e+00
   endloop
 endfacet
 facet normal  9.966142e-01 -8.221955e-02 -1.763617e-16
   outer loop
     vertex  1.600941e+01  1.527416e+01  0.000000e+00
     vertex  1.601843e+01  1.538353e+01  0.000000e+00
     vertex  1.601843e+01  1.538353e+01  6.000000e+00
   endloop
 endfacet
 facet normal  9.984947e-01 -5.484744e-02 -2.989418e-16
   outer loop
     vertex  1.600941e+01  1.527416e+01  0.000000e+00
     vertex  1.600941e+01  1.527416e+01  6.000000e+00
     vertex  1.600339e+01  1.516458e+01  6.000000e+00
   endloop
 endfacet
 facet normal  9.966142e-01 -8.221955e-02 -1.519604e-16
   outer loop
     vertex  1.600941e+01  1.527416e+01  0.000000e+00
     vertex  1.601843e+01  1.538353e+01  6.000000e+00
     vertex  1.600941e+01  1.527416e+01  6.000000e+00
   endloop
 endfacet
 facet normal  9.984947e-01 -5.484744e-02  2.760478e-16
   outer loop
     vertex  1.600339e+01  1.516458e+01  0.000000e+00
     vertex  1.600941e+01  1.527416e+01  0.000000e+00
     vertex  1.600339e+01  1.516458e+01  6.000000e+00
   endloop
 endfacet
 facet normal  9.996236e-01 -2.743405e-02  1.380759e-16
   outer loop
     vertex  1.600339e+01  1.516458e+01  0.000000e+00
     vertex  1.600339e+01  1.516458e+01  6.000000e+00
     vertex  1.600038e+01  1.505487e+01  6.000000e+00
   endloop
 endfacet
 facet normal  9.996236e-01 -2.743405e-02  1.380759e-16
   outer loop
     vertex  1.600038e+01  1.505487e+01  0.000000e+00
     vertex  1.600339e+01  1.516458e+01  0.000000e+00
     vertex  1.600038e+01  1.505487e+01  6.000000e+00
   endloop
 endfacet
 facet normal  1.000000e+00  0.000000e+00 -0.000000e+00
   outer loop
     vertex  1.600038e+01  1.505487e+01  0.000000e+00
     vertex  1.600038e+01  1.505487e+01  6.000000e+00
     vertex  1.600038e+01  1.494513e+01  6.000000e+00
   endloop
 endfacet
 facet normal  1.000000e+00  0.000000e+00  0.000000e+00
   outer loop
     vertex  1.600038e+01  1.494513e+01  0.000000e+00
     vertex  1.600038e+01  1.505487e+01  0.000000e+00
     vertex  1.600038e+01  1.494513e+01  6.000000e+00
   endloop
 endfacet
 facet normal  9.996236e-01  2.743405e-02 -1.380464e-16
   outer loop
     vertex  1.600339e+01  1.483542e+01  0.000000e+00
     vertex  1.600038e+01  1.494513e+01  0.000000e+00
     vertex  1.600038e+01  1.494513e+01  6.000000e+00
   endloop
 endfacet
 facet normal  9.984947e-01  5.484744e-02 -2.760478e-16
   outer loop
     vertex  1.600339e+01  1.483542e+01  0.000000e+00
     vertex  1.600339e+01  1.483542e+01  6.000000e+00
     vertex  1.600941e+01  1.472584e+01  6.000000e+00
   endloop
 endfacet
 facet normal  9.996236e-01  2.743405e-02 -1.380759e-16
   outer loop
     vertex  1.600339e+01  1.483542e+01  0.000000e+00
     vertex  1.600038e+01  1.494513e+01  6.000000e+00
     vertex  1.600339e+01  1.483542e+01  6.000000e+00
   endloop
 endfacet
 facet normal  9.984947e-01  5.484744e-02  2.989418e-16
   outer loop
     vertex  1.600941e+01  1.472584e+01  0.000000e+00
     vertex  1.600339e+01  1.483542e+01  0.000000e+00
     vertex  1.600941e+01  1.472584e+01  6.000000e+00
   endloop
 endfacet
 facet normal  9.966142e-01  8.221955e-02  1.519604e-16
   outer loop
     vertex  1.600941e+01  1.472584e+01  0.000000e+00
     vertex  1.600941e+01  1.472584e+01  6.000000e+00
     vertex  1.601843e+01  1.461647e+01  6.000000e+00
   endloop
 endfacet
 facet normal  9.966142e-01  8.221955e-02  1.763023e-16
   outer loop
     vertex  1.601843e+01  1.461647e+01  0.000000e+00
     vertex  1.600941e+01  1.472584e+01  0.000000e+00
     vertex  1.601843e+01  1.461647e+01  6.000000e+00
   endloop
 endfacet
 facet normal  9.939835e-01  1.095298e-01  3.737943e-17
   outer loop
     vertex  1.603045e+01  1.450738e+01  0.000000e+00
     vertex  1.601843e+01  1.461647e+01  0.000000e+00
     vertex  1.601843e+01  1.461647e+01  6.000000e+00
   endloop
 endfacet
 facet normal  9.906046e-01  1.367575e-01 -1.017465e-16
   outer loop
     vertex  1.603045e+01  1.450738e+01  0.000000e+00
     vertex  1.603045e+01  1.450738e+01  6.000000e+00
     vertex  1.604546e+01  1.439866e+01  6.000000e+00
   endloop
 endfacet
 facet normal  9.939835e-01  1.095298e-01  3.729193e-17
   outer loop
     vertex  1.603045e+01  1.450738e+01  0.000000e+00
     vertex  1.601843e+01  1.461647e+01  6.000000e+00
     vertex  1.603045e+01  1.450738e+01  6.000000e+00
   endloop
 endfacet
 facet normal  9.906046e-01  1.367575e-01 -1.017465e-16
   outer loop
     vertex  1.604546e+01  1.439866e+01  0.000000e+00
     vertex  1.603045e+01  1.450738e+01  0.000000e+00
     vertex  1.604546e+01  1.439866e+01  6.000000e+00
   endloop
 endfacet
 facet normal  9.864799e-01  1.638824e-01  3.434052e-16
   outer loop
     vertex  1.606344e+01  1.429040e+01  0.000000e+00
     vertex  1.604546e+01  1.439866e+01  6.000000e+00
     vertex  1.606344e+01  1.429040e+01  6.000000e+00
   endloop
 endfacet
 facet normal  9.864799e-01  1.638824e-01 -2.408216e-16
   outer loop
     vertex  1.606344e+01  1.429040e+01  0.000000e+00
     vertex  1.604546e+01  1.439866e+01  0.000000e+00
     vertex  1.604546e+01  1.439866e+01  6.000000e+00
   endloop
 endfacet
 facet normal  9.816126e-01  1.908838e-01  2.017426e-16
   outer loop
     vertex  1.608439e+01  1.418267e+01  0.000000e+00
     vertex  1.606344e+01  1.429040e+01  6.000000e+00
     vertex  1.608439e+01  1.418267e+01  6.000000e+00
   endloop
 endfacet
 facet normal  9.816126e-01  1.908838e-01  2.016604e-16
   outer loop
     vertex  1.608439e+01  1.418267e+01  0.000000e+00
     vertex  1.606344e+01  1.429040e+01  0.000000e+00
     vertex  1.606344e+01  1.429040e+01  6.000000e+00
   endloop
 endfacet
 facet normal  9.760065e-01  2.177416e-01  5.992809e-17
   outer loop
     vertex  1.610829e+01  1.407556e+01  0.000000e+00
     vertex  1.608439e+01  1.418267e+01  6.000000e+00
     vertex  1.610829e+01  1.407556e+01  6.000000e+00
   endloop
 endfacet
 facet normal  9.760065e-01  2.177416e-01  5.974645e-17
   outer loop
     vertex  1.610829e+01  1.407556e+01  0.000000e+00
     vertex  1.608439e+01  1.418267e+01  0.000000e+00
     vertex  1.608439e+01  1.418267e+01  6.000000e+00
   endloop
 endfacet
 facet normal  9.625948e-01  2.709453e-01 -2.237294e-16
   outer loop
     vertex  1.613512e+01  1.396914e+01  0.000000e+00
     vertex  1.613512e+01  1.396914e+01  6.000000e+00
     vertex  1.616485e+01  1.386350e+01  6.000000e+00
   endloop
 endfacet
 facet normal  9.696656e-01  2.444354e-01 -8.193148e-17
   outer loop
     vertex  1.613512e+01  1.396914e+01  0.000000e+00
     vertex  1.610829e+01  1.407556e+01  6.000000e+00
     vertex  1.613512e+01  1.396914e+01  6.000000e+00
   endloop
 endfacet
 facet normal  9.696656e-01  2.444354e-01 -8.202426e-17
   outer loop
     vertex  1.613512e+01  1.396914e+01  0.000000e+00
     vertex  1.610829e+01  1.407556e+01  0.000000e+00
     vertex  1.610829e+01  1.407556e+01  6.000000e+00
   endloop
 endfacet
 facet normal  9.625948e-01  2.709453e-01 -2.237294e-16
   outer loop
     vertex  1.616485e+01  1.386350e+01  0.000000e+00
     vertex  1.613512e+01  1.396914e+01  0.000000e+00
     vertex  1.616485e+01  1.386350e+01  6.000000e+00
   endloop
 endfacet
 facet normal  9.547993e-01  2.972512e-01  2.879999e-16
   outer loop
     vertex  1.619747e+01  1.375871e+01  0.000000e+00
     vertex  1.616485e+01  1.386350e+01  6.000000e+00
     vertex  1.619747e+01  1.375871e+01  6.000000e+00
   endloop
 endfacet
 facet normal  9.547993e-01  2.972512e-01 -3.654960e-16
   outer loop
     vertex  1.619747e+01  1.375871e+01  0.000000e+00
     vertex  1.616485e+01  1.386350e+01  0.000000e+00
     vertex  1.616485e+01  1.386350e+01  6.000000e+00
   endloop
 endfacet
 facet normal  9.370586e-01  3.491720e-01 -9.283617e-17
   outer loop
     vertex  1.623296e+01  1.365486e+01  0.000000e+00
     vertex  1.623296e+01  1.365486e+01  6.000000e+00
     vertex  1.627128e+01  1.355202e+01  6.000000e+00
   endloop
 endfacet
 facet normal  9.462851e-01  3.233333e-01  5.360004e-17
   outer loop
     vertex  1.623296e+01  1.365486e+01  0.000000e+00
     vertex  1.619747e+01  1.375871e+01  6.000000e+00
     vertex  1.623296e+01  1.365486e+01  6.000000e+00
   endloop
 endfacet
 facet normal  9.462851e-01  3.233333e-01  1.495141e-16
   outer loop
     vertex  1.623296e+01  1.365486e+01  0.000000e+00
     vertex  1.619747e+01  1.375871e+01  0.000000e+00
     vertex  1.619747e+01  1.375871e+01  6.000000e+00
   endloop
 endfacet
 facet normal  9.370586e-01  3.491720e-01  5.653897e-16
   outer loop
     vertex  1.627128e+01  1.355202e+01  0.000000e+00
     vertex  1.623296e+01  1.365486e+01  0.000000e+00
     vertex  1.627128e+01  1.355202e+01  6.000000e+00
   endloop
 endfacet
 facet normal  9.164969e-01  4.000417e-01 -2.669526e-16
   outer loop
     vertex  1.631241e+01  1.345027e+01  0.000000e+00
     vertex  1.631241e+01  1.345027e+01  6.000000e+00
     vertex  1.635631e+01  1.334969e+01  6.000000e+00
   endloop
 endfacet
 facet normal  9.271267e-01  3.747479e-01 -1.282548e-16
   outer loop
     vertex  1.631241e+01  1.345027e+01  0.000000e+00
     vertex  1.627128e+01  1.355202e+01  6.000000e+00
     vertex  1.631241e+01  1.345027e+01  6.000000e+00
   endloop
 endfacet
 facet normal  9.271267e-01  3.747479e-01  4.201076e-16
   outer loop
     vertex  1.631241e+01  1.345027e+01  0.000000e+00
     vertex  1.627128e+01  1.355202e+01  0.000000e+00
     vertex  1.627128e+01  1.355202e+01  6.000000e+00
   endloop
 endfacet
 facet normal  9.051772e-01  4.250344e-01  1.305231e-16
   outer loop
     vertex  1.635631e+01  1.334969e+01  0.000000e+00
     vertex  1.635631e+01  1.334969e+01  6.000000e+00
     vertex  1.640295e+01  1.325035e+01  6.000000e+00
   endloop
 endfacet
 facet normal  9.164969e-01  4.000417e-01  2.757226e-16
   outer loop
     vertex  1.635631e+01  1.334969e+01  0.000000e+00
     vertex  1.631241e+01  1.345027e+01  0.000000e+00
     vertex  1.635631e+01  1.334969e+01  6.000000e+00
   endloop
 endfacet
 facet normal  8.931761e-01  4.497071e-01  1.183655e-16
   outer loop
     vertex  1.640295e+01  1.325035e+01  0.000000e+00
     vertex  1.640295e+01  1.325035e+01  6.000000e+00
     vertex  1.645231e+01  1.315233e+01  6.000000e+00
   endloop
 endfacet
 facet normal  9.051772e-01  4.250344e-01  2.563586e-16
   outer loop
     vertex  1.640295e+01  1.325035e+01  0.000000e+00
     vertex  1.635631e+01  1.334969e+01  0.000000e+00
     vertex  1.640295e+01  1.325035e+01  6.000000e+00
   endloop
 endfacet
 facet normal  8.931761e-01  4.497071e-01  1.183655e-16
   outer loop
     vertex  1.645231e+01  1.315233e+01  0.000000e+00
     vertex  1.640295e+01  1.325035e+01  0.000000e+00
     vertex  1.645231e+01  1.315233e+01  6.000000e+00
   endloop
 endfacet
 facet normal  8.671664e-01  4.980186e-01  3.556815e-16
   outer loop
     vertex  1.650433e+01  1.305570e+01  0.000000e+00
     vertex  1.650433e+01  1.305570e+01  6.000000e+00
     vertex  1.655899e+01  1.296053e+01  6.000000e+00
   endloop
 endfacet
 facet normal  8.805026e-01  4.740412e-01  5.016455e-16
   outer loop
     vertex  1.650433e+01  1.305570e+01  0.000000e+00
     vertex  1.645231e+01  1.315233e+01  6.000000e+00
     vertex  1.650433e+01  1.305570e+01  6.000000e+00
   endloop
 endfacet
 facet normal  8.805026e-01  4.740412e-01 -1.936390e-17
   outer loop
     vertex  1.650433e+01  1.305570e+01  0.000000e+00
     vertex  1.645231e+01  1.315233e+01  0.000000e+00
     vertex  1.645231e+01  1.315233e+01  6.000000e+00
   endloop
 endfacet
 facet normal  8.671664e-01  4.980186e-01 -1.577842e-16
   outer loop
     vertex  1.655899e+01  1.296053e+01  0.000000e+00
     vertex  1.650433e+01  1.305570e+01  0.000000e+00
     vertex  1.655899e+01  1.296053e+01  6.000000e+00
   endloop
 endfacet
 facet normal  8.385460e-01  5.448308e-01  6.306022e-17
   outer loop
     vertex  1.661623e+01  1.286690e+01  0.000000e+00
     vertex  1.661623e+01  1.286690e+01  6.000000e+00
     vertex  1.667603e+01  1.277487e+01  6.000000e+00
   endloop
 endfacet
 facet normal  8.531773e-01  5.216210e-01  2.094497e-16
   outer loop
     vertex  1.661623e+01  1.286690e+01  0.000000e+00
     vertex  1.655899e+01  1.296053e+01  6.000000e+00
     vertex  1.661623e+01  1.286690e+01  6.000000e+00
   endloop
 endfacet
 facet normal  8.531773e-01  5.216210e-01 -2.962636e-16
   outer loop
     vertex  1.661623e+01  1.286690e+01  0.000000e+00
     vertex  1.655899e+01  1.296053e+01  0.000000e+00
     vertex  1.655899e+01  1.296053e+01  6.000000e+00
   endloop
 endfacet
 facet normal  8.385460e-01  5.448308e-01  2.243625e-16
   outer loop
     vertex  1.667603e+01  1.277487e+01  0.000000e+00
     vertex  1.661623e+01  1.286690e+01  0.000000e+00
     vertex  1.667603e+01  1.277487e+01  6.000000e+00
   endloop
 endfacet
 facet normal  8.232835e-01  5.676304e-01  8.484539e-17
   outer loop
     vertex  1.673832e+01  1.268452e+01  0.000000e+00
     vertex  1.667603e+01  1.277487e+01  0.000000e+00
     vertex  1.667603e+01  1.277487e+01  6.000000e+00
   endloop
 endfacet
 facet normal  8.232835e-01  5.676304e-01  8.467565e-17
   outer loop
     vertex  1.673832e+01  1.268452e+01  0.000000e+00
     vertex  1.667603e+01  1.277487e+01  6.000000e+00
     vertex  1.673832e+01  1.268452e+01  6.000000e+00
   endloop
 endfacet
 facet normal  8.074012e-01  5.900028e-01 -5.514003e-17
   outer loop
     vertex  1.680307e+01  1.259591e+01  0.000000e+00
     vertex  1.673832e+01  1.268452e+01  0.000000e+00
     vertex  1.673832e+01  1.268452e+01  6.000000e+00
   endloop
 endfacet
 facet normal  8.074012e-01  5.900028e-01 -5.507497e-17
   outer loop
     vertex  1.680307e+01  1.259591e+01  0.000000e+00
     vertex  1.673832e+01  1.268452e+01  6.000000e+00
     vertex  1.680307e+01  1.259591e+01  6.000000e+00
   endloop
 endfacet
 facet normal  7.909112e-01  6.119310e-01 -1.947318e-16
   outer loop
     vertex  1.687023e+01  1.250911e+01  0.000000e+00
     vertex  1.680307e+01  1.259591e+01  0.000000e+00
     vertex  1.680307e+01  1.259591e+01  6.000000e+00
   endloop
 endfacet
 facet normal  7.909112e-01  6.119310e-01 -1.947841e-16
   outer loop
     vertex  1.687023e+01  1.250911e+01  0.000000e+00
     vertex  1.680307e+01  1.259591e+01  6.000000e+00
     vertex  1.687023e+01  1.250911e+01  6.000000e+00
   endloop
 endfacet
 facet normal  7.561578e-01  6.543893e-01  1.678160e-16
   outer loop
     vertex  1.693975e+01  1.242418e+01  0.000000e+00
     vertex  1.693975e+01  1.242418e+01  6.000000e+00
     vertex  1.701156e+01  1.234120e+01  6.000000e+00
   endloop
 endfacet
 facet normal  7.738257e-01  6.333986e-01  3.113739e-16
   outer loop
     vertex  1.693975e+01  1.242418e+01  0.000000e+00
     vertex  1.687023e+01  1.250911e+01  6.000000e+00
     vertex  1.693975e+01  1.242418e+01  6.000000e+00
   endloop
 endfacet
 facet normal  7.738257e-01  6.333986e-01 -3.342056e-16
   outer loop
     vertex  1.693975e+01  1.242418e+01  0.000000e+00
     vertex  1.687023e+01  1.250911e+01  0.000000e+00
     vertex  1.687023e+01  1.250911e+01  6.000000e+00
   endloop
 endfacet
 facet normal  7.561578e-01  6.543893e-01  1.678160e-16
   outer loop
     vertex  1.701156e+01  1.234120e+01  0.000000e+00
     vertex  1.693975e+01  1.242418e+01  0.000000e+00
     vertex  1.701156e+01  1.234120e+01  6.000000e+00
   endloop
 endfacet
 facet normal  7.191280e-01  6.948776e-01  8.615457e-17
   outer loop
     vertex  1.708563e+01  1.226021e+01  0.000000e+00
     vertex  1.708563e+01  1.226021e+01  6.000000e+00
     vertex  1.716189e+01  1.218129e+01  6.000000e+00
   endloop
 endfacet
 facet normal  7.379206e-01  6.748875e-01  2.239387e-16
   outer loop
     vertex  1.708563e+01  1.226021e+01  0.000000e+00
     vertex  1.701156e+01  1.234120e+01  6.000000e+00
     vertex  1.708563e+01  1.226021e+01  6.000000e+00
   endloop
 endfacet
 facet normal  7.379206e-01  6.748875e-01  2.454416e-17
   outer loop
     vertex  1.708563e+01  1.226021e+01  0.000000e+00
     vertex  1.701156e+01  1.234120e+01  0.000000e+00
     vertex  1.701156e+01  1.234120e+01  6.000000e+00
   endloop
 endfacet
 facet normal  7.191280e-01  6.948776e-01  8.615457e-17
   outer loop
     vertex  1.716189e+01  1.218129e+01  0.000000e+00
     vertex  1.708563e+01  1.226021e+01  0.000000e+00
     vertex  1.716189e+01  1.218129e+01  6.000000e+00
   endloop
 endfacet
 facet normal  6.997940e-01  7.143447e-01 -5.169436e-17
   outer loop
     vertex  1.724029e+01  1.210449e+01  0.000000e+00
     vertex  1.716189e+01  1.218129e+01  6.000000e+00
     vertex  1.724029e+01  1.210449e+01  6.000000e+00
   endloop
 endfacet
 facet normal  6.997940e-01  7.143447e-01 -5.214188e-17
   outer loop
     vertex  1.724029e+01  1.210449e+01  0.000000e+00
     vertex  1.716189e+01  1.218129e+01  0.000000e+00
     vertex  1.716189e+01  1.218129e+01  6.000000e+00
   endloop
 endfacet
 facet normal  6.799333e-01  7.332740e-01  2.130970e-16
   outer loop
     vertex  1.732076e+01  1.202987e+01  0.000000e+00
     vertex  1.724029e+01  1.210449e+01  6.000000e+00
     vertex  1.732076e+01  1.202987e+01  6.000000e+00
   endloop
 endfacet
 facet normal  6.799333e-01  7.332740e-01 -1.894128e-16
   outer loop
     vertex  1.732076e+01  1.202987e+01  0.000000e+00
     vertex  1.724029e+01  1.210449e+01  0.000000e+00
     vertex  1.724029e+01  1.210449e+01  6.000000e+00
   endloop
 endfacet
 facet normal  6.595607e-01  7.516513e-01  1.178952e-16
   outer loop
     vertex  1.740325e+01  1.195749e+01  0.000000e+00
     vertex  1.732076e+01  1.202987e+01  6.000000e+00
     vertex  1.740325e+01  1.195749e+01  6.000000e+00
   endloop
 endfacet
 facet normal  6.595607e-01  7.516513e-01  6.354097e-17
   outer loop
     vertex  1.740325e+01  1.195749e+01  0.000000e+00
     vertex  1.732076e+01  1.202987e+01  0.000000e+00
     vertex  1.732076e+01  1.202987e+01  6.000000e+00
   endloop
 endfacet
 facet normal  6.386916e-01  7.694628e-01  3.692021e-16
   outer loop
     vertex  1.748770e+01  1.188739e+01  0.000000e+00
     vertex  1.740325e+01  1.195749e+01  6.000000e+00
     vertex  1.748770e+01  1.188739e+01  6.000000e+00
   endloop
 endfacet
 facet normal  6.386916e-01  7.694628e-01 -8.744919e-18
   outer loop
     vertex  1.748770e+01  1.188739e+01  0.000000e+00
     vertex  1.740325e+01  1.195749e+01  0.000000e+00
     vertex  1.740325e+01  1.195749e+01  6.000000e+00
   endloop
 endfacet
 facet normal  6.173417e-01  7.866951e-01 -1.358471e-16
   outer loop
     vertex  1.757403e+01  1.181964e+01  0.000000e+00
     vertex  1.748770e+01  1.188739e+01  6.000000e+00
     vertex  1.757403e+01  1.181964e+01  6.000000e+00
   endloop
 endfacet
 facet normal  6.173417e-01  7.866951e-01  2.297668e-16
   outer loop
     vertex  1.757403e+01  1.181964e+01  0.000000e+00
     vertex  1.748770e+01  1.188739e+01  0.000000e+00
     vertex  1.748770e+01  1.188739e+01  6.000000e+00
   endloop
 endfacet
 facet normal  5.955271e-01  8.033352e-01  9.001026e-17
   outer loop
     vertex  1.766220e+01  1.175428e+01  0.000000e+00
     vertex  1.757403e+01  1.181964e+01  6.000000e+00
     vertex  1.766220e+01  1.175428e+01  6.000000e+00
   endloop
 endfacet
 facet normal  5.955271e-01  8.033352e-01 -2.631724e-16
   outer loop
     vertex  1.766220e+01  1.175428e+01  0.000000e+00
     vertex  1.757403e+01  1.181964e+01  0.000000e+00
     vertex  1.757403e+01  1.181964e+01  6.000000e+00
   endloop
 endfacet
 facet normal  5.732642e-01  8.193706e-01  1.928426e-16
   outer loop
     vertex  1.775212e+01  1.169137e+01  0.000000e+00
     vertex  1.766220e+01  1.175428e+01  6.000000e+00
     vertex  1.775212e+01  1.169137e+01  6.000000e+00
   endloop
 endfacet
 facet normal  5.732642e-01  8.193706e-01 -4.934149e-17
   outer loop
     vertex  1.775212e+01  1.169137e+01  0.000000e+00
     vertex  1.766220e+01  1.175428e+01  0.000000e+00
     vertex  1.766220e+01  1.175428e+01  6.000000e+00
   endloop
 endfacet
 facet normal  5.505698e-01  8.347891e-01  5.769469e-17
   outer loop
     vertex  1.784374e+01  1.163095e+01  0.000000e+00
     vertex  1.775212e+01  1.169137e+01  6.000000e+00
     vertex  1.784374e+01  1.163095e+01  6.000000e+00
   endloop
 endfacet
 facet normal  5.505698e-01  8.347891e-01  5.796032e-17
   outer loop
     vertex  1.784374e+01  1.163095e+01  0.000000e+00
     vertex  1.775212e+01  1.169137e+01  0.000000e+00
     vertex  1.775212e+01  1.169137e+01  6.000000e+00
   endloop
 endfacet
 facet normal  5.039550e-01  8.637299e-01  4.308585e-17
   outer loop
     vertex  1.793697e+01  1.157306e+01  0.000000e+00
     vertex  1.793697e+01  1.157306e+01  6.000000e+00
     vertex  1.803177e+01  1.151775e+01  6.000000e+00
   endloop
 endfacet
 facet normal  5.274609e-01  8.495793e-01  1.740294e-16
   outer loop
     vertex  1.793697e+01  1.157306e+01  0.000000e+00
     vertex  1.784374e+01  1.163095e+01  6.000000e+00
     vertex  1.793697e+01  1.157306e+01  6.000000e+00
   endloop
 endfacet
 facet normal  5.274609e-01  8.495793e-01 -7.704979e-17
   outer loop
     vertex  1.793697e+01  1.157306e+01  0.000000e+00
     vertex  1.784374e+01  1.163095e+01  0.000000e+00
     vertex  1.784374e+01  1.163095e+01  6.000000e+00
   endloop
 endfacet
 facet normal  4.800697e-01  8.772303e-01 -8.789012e-17
   outer loop
     vertex  1.803177e+01  1.151775e+01  0.000000e+00
     vertex  1.803177e+01  1.151775e+01  6.000000e+00
     vertex  1.812804e+01  1.146507e+01  6.000000e+00
   endloop
 endfacet
 facet normal  5.039550e-01  8.637299e-01  4.308585e-17
   outer loop
     vertex  1.803177e+01  1.151775e+01  0.000000e+00
     vertex  1.793697e+01  1.157306e+01  0.000000e+00
     vertex  1.803177e+01  1.151775e+01  6.000000e+00
   endloop
 endfacet
 facet normal  4.800697e-01  8.772303e-01  1.963683e-16
   outer loop
     vertex  1.812804e+01  1.146507e+01  0.000000e+00
     vertex  1.803177e+01  1.151775e+01  0.000000e+00
     vertex  1.812804e+01  1.146507e+01  6.000000e+00
   endloop
 endfacet
 facet normal  4.558231e-01  8.900704e-01  4.471385e-17
   outer loop
     vertex  1.822572e+01  1.141504e+01  0.000000e+00
     vertex  1.812804e+01  1.146507e+01  6.000000e+00
     vertex  1.822572e+01  1.141504e+01  6.000000e+00
   endloop
 endfacet
 facet normal  4.558231e-01  8.900704e-01  5.071239e-17
   outer loop
     vertex  1.822572e+01  1.141504e+01  0.000000e+00
     vertex  1.812804e+01  1.146507e+01  0.000000e+00
     vertex  1.812804e+01  1.146507e+01  6.000000e+00
   endloop
 endfacet
 facet normal  4.312333e-01  9.022405e-01  1.729132e-16
   outer loop
     vertex  1.832474e+01  1.136771e+01  0.000000e+00
     vertex  1.822572e+01  1.141504e+01  6.000000e+00
     vertex  1.832474e+01  1.136771e+01  6.000000e+00
   endloop
 endfacet
 facet normal  4.312333e-01  9.022405e-01 -8.202873e-17
   outer loop
     vertex  1.832474e+01  1.136771e+01  0.000000e+00
     vertex  1.822572e+01  1.141504e+01  0.000000e+00
     vertex  1.822572e+01  1.141504e+01  6.000000e+00
   endloop
 endfacet
 facet normal  4.063188e-01  9.137314e-01  3.108091e-17
   outer loop
     vertex  1.842502e+01  1.132312e+01  0.000000e+00
     vertex  1.832474e+01  1.136771e+01  6.000000e+00
     vertex  1.842502e+01  1.132312e+01  6.000000e+00
   endloop
 endfacet
 facet normal  4.063188e-01  9.137314e-01  3.103245e-17
   outer loop
     vertex  1.842502e+01  1.132312e+01  0.000000e+00
     vertex  1.832474e+01  1.136771e+01  0.000000e+00
     vertex  1.832474e+01  1.136771e+01  6.000000e+00
   endloop
 endfacet
 facet normal  3.810986e-01  9.245344e-01 -1.107748e-16
   outer loop
     vertex  1.842502e+01  1.132312e+01  0.000000e+00
     vertex  1.842502e+01  1.132312e+01  6.000000e+00
     vertex  1.852648e+01  1.128130e+01  6.000000e+00
   endloop
 endfacet
 facet normal  3.810986e-01  9.245344e-01  1.629424e-16
   outer loop
     vertex  1.852648e+01  1.128130e+01  0.000000e+00
     vertex  1.842502e+01  1.132312e+01  0.000000e+00
     vertex  1.852648e+01  1.128130e+01  6.000000e+00
   endloop
 endfacet
 facet normal  3.555914e-01  9.346415e-01  2.416240e-17
   outer loop
     vertex  1.852648e+01  1.128130e+01  0.000000e+00
     vertex  1.852648e+01  1.128130e+01  6.000000e+00
     vertex  1.862906e+01  1.124227e+01  6.000000e+00
   endloop
 endfacet
 facet normal  3.555914e-01  9.346415e-01  3.008719e-16
   outer loop
     vertex  1.862906e+01  1.124227e+01  0.000000e+00
     vertex  1.852648e+01  1.128130e+01  0.000000e+00
     vertex  1.862906e+01  1.124227e+01  6.000000e+00
   endloop
 endfacet
 facet normal  3.298166e-01  9.440450e-01  1.648577e-16
   outer loop
     vertex  1.862906e+01  1.124227e+01  0.000000e+00
     vertex  1.862906e+01  1.124227e+01  6.000000e+00
     vertex  1.873266e+01  1.120608e+01  6.000000e+00
   endloop
 endfacet
 facet normal  3.298166e-01  9.440450e-01  1.648577e-16
   outer loop
     vertex  1.873266e+01  1.120608e+01  0.000000e+00
     vertex  1.862906e+01  1.124227e+01  0.000000e+00
     vertex  1.873266e+01  1.120608e+01  6.000000e+00
   endloop
 endfacet
 facet normal  3.037934e-01  9.527379e-01  2.877245e-17
   outer loop
     vertex  1.883722e+01  1.117274e+01  0.000000e+00
     vertex  1.873266e+01  1.120608e+01  0.000000e+00
     vertex  1.873266e+01  1.120608e+01  6.000000e+00
   endloop
 endfacet
 facet normal  3.037934e-01  9.527379e-01  2.871942e-17
   outer loop
     vertex  1.883722e+01  1.117274e+01  0.000000e+00
     vertex  1.873266e+01  1.120608e+01  6.000000e+00
     vertex  1.883722e+01  1.117274e+01  6.000000e+00
   endloop
 endfacet
 facet normal  2.775416e-01  9.607136e-01 -1.072544e-16
   outer loop
     vertex  1.894266e+01  1.114228e+01  0.000000e+00
     vertex  1.883722e+01  1.117274e+01  0.000000e+00
     vertex  1.883722e+01  1.117274e+01  6.000000e+00
   endloop
 endfacet
 facet normal  2.775416e-01  9.607136e-01  3.413255e-16
   outer loop
     vertex  1.894266e+01  1.114228e+01  0.000000e+00
     vertex  1.883722e+01  1.117274e+01  6.000000e+00
     vertex  1.894266e+01  1.114228e+01  6.000000e+00
   endloop
 endfacet
 facet normal  2.510809e-01  9.679661e-01  1.914428e-16
   outer loop
     vertex  1.904889e+01  1.111472e+01  0.000000e+00
     vertex  1.894266e+01  1.114228e+01  0.000000e+00
     vertex  1.894266e+01  1.114228e+01  6.000000e+00
   endloop
 endfacet
 facet normal  2.244312e-01  9.744899e-01 -9.090824e-17
   outer loop
     vertex  1.904889e+01  1.111472e+01  0.000000e+00
     vertex  1.904889e+01  1.111472e+01  6.000000e+00
     vertex  1.915583e+01  1.109009e+01  6.000000e+00
   endloop
 endfacet
 facet normal  2.510809e-01  9.679661e-01  4.305603e-17
   outer loop
     vertex  1.904889e+01  1.111472e+01  0.000000e+00
     vertex  1.894266e+01  1.114228e+01  6.000000e+00
     vertex  1.904889e+01  1.111472e+01  6.000000e+00
   endloop
 endfacet
 facet normal  2.244312e-01  9.744899e-01  1.975987e-16
   outer loop
     vertex  1.915583e+01  1.109009e+01  0.000000e+00
     vertex  1.904889e+01  1.111472e+01  0.000000e+00
     vertex  1.915583e+01  1.109009e+01  6.000000e+00
   endloop
 endfacet
 facet normal  1.976125e-01  9.802802e-01  6.531636e-17
   outer loop
     vertex  1.926342e+01  1.106840e+01  0.000000e+00
     vertex  1.915583e+01  1.109009e+01  0.000000e+00
     vertex  1.915583e+01  1.109009e+01  6.000000e+00
   endloop
 endfacet
 facet normal  1.706451e-01  9.853326e-01  3.422855e-17
   outer loop
     vertex  1.926342e+01  1.106840e+01  0.000000e+00
     vertex  1.926342e+01  1.106840e+01  6.000000e+00
     vertex  1.937155e+01  1.104968e+01  6.000000e+00
   endloop
 endfacet
 facet normal  1.976125e-01  9.802802e-01  1.824273e-16
   outer loop
     vertex  1.926342e+01  1.106840e+01  0.000000e+00
     vertex  1.915583e+01  1.109009e+01  6.000000e+00
     vertex  1.926342e+01  1.106840e+01  6.000000e+00
   endloop
 endfacet
 facet normal  1.706451e-01  9.853326e-01  3.259456e-16
   outer loop
     vertex  1.937155e+01  1.104968e+01  0.000000e+00
     vertex  1.926342e+01  1.106840e+01  0.000000e+00
     vertex  1.937155e+01  1.104968e+01  6.000000e+00
   endloop
 endfacet
 facet normal  1.435492e-01  9.896432e-01  1.789674e-16
   outer loop
     vertex  1.948016e+01  1.103392e+01  0.000000e+00
     vertex  1.937155e+01  1.104968e+01  0.000000e+00
     vertex  1.937155e+01  1.104968e+01  6.000000e+00
   endloop
 endfacet
 facet normal  1.435492e-01  9.896432e-01 -1.989941e-16
   outer loop
     vertex  1.948016e+01  1.103392e+01  0.000000e+00
     vertex  1.937155e+01  1.104968e+01  6.000000e+00
     vertex  1.948016e+01  1.103392e+01  6.000000e+00
   endloop
 endfacet
 facet normal  1.163452e-01  9.932088e-01 -3.311130e-16
   outer loop
     vertex  1.958916e+01  1.102115e+01  0.000000e+00
     vertex  1.948016e+01  1.103392e+01  0.000000e+00
     vertex  1.948016e+01  1.103392e+01  6.000000e+00
   endloop
 endfacet
 facet normal  1.163452e-01  9.932088e-01  3.191424e-17
   outer loop
     vertex  1.958916e+01  1.102115e+01  0.000000e+00
     vertex  1.948016e+01  1.103392e+01  6.000000e+00
     vertex  1.958916e+01  1.102115e+01  6.000000e+00
   endloop
 endfacet
 facet normal  8.905371e-02  9.960268e-01 -1.150327e-16
   outer loop
     vertex  1.969847e+01  1.101138e+01  0.000000e+00
     vertex  1.958916e+01  1.102115e+01  0.000000e+00
     vertex  1.958916e+01  1.102115e+01  6.000000e+00
   endloop
 endfacet
 facet normal  6.169515e-02  9.980950e-01 -3.248564e-18
   outer loop
     vertex  1.969847e+01  1.101138e+01  0.000000e+00
     vertex  1.969847e+01  1.101138e+01  6.000000e+00
     vertex  1.980801e+01  1.100461e+01  6.000000e+00
   endloop
 endfacet
 facet normal  8.905371e-02  9.960268e-01  1.269600e-16
   outer loop
     vertex  1.969847e+01  1.101138e+01  0.000000e+00
     vertex  1.958916e+01  1.102115e+01  6.000000e+00
     vertex  1.969847e+01  1.101138e+01  6.000000e+00
   endloop
 endfacet
 facet normal  6.169515e-02  9.980950e-01  3.328230e-17
   outer loop
     vertex  1.980801e+01  1.100461e+01  0.000000e+00
     vertex  1.969847e+01  1.101138e+01  0.000000e+00
     vertex  1.980801e+01  1.100461e+01  6.000000e+00
   endloop
 endfacet
 facet normal  3.429014e-02  9.994119e-01 -1.131617e-16
   outer loop
     vertex  1.991769e+01  1.100085e+01  0.000000e+00
     vertex  1.980801e+01  1.100461e+01  0.000000e+00
     vertex  1.980801e+01  1.100461e+01  6.000000e+00
   endloop
 endfacet
 facet normal  6.859319e-03  9.999765e-01 -2.635602e-16
   outer loop
     vertex  1.991769e+01  1.100085e+01  0.000000e+00
     vertex  1.991769e+01  1.100085e+01  6.000000e+00
     vertex  2.002744e+01  1.100009e+01  6.000000e+00
   endloop
 endfacet
 facet normal  3.429014e-02  9.994119e-01 -1.334546e-16
   outer loop
     vertex  1.991769e+01  1.100085e+01  0.000000e+00
     vertex  1.980801e+01  1.100461e+01  6.000000e+00
     vertex  1.991769e+01  1.100085e+01  6.000000e+00
   endloop
 endfacet
 facet normal  6.859319e-03  9.999765e-01  3.249226e-17
   outer loop
     vertex  2.002744e+01  1.100009e+01  0.000000e+00
     vertex  1.991769e+01  1.100085e+01  0.000000e+00
     vertex  2.002744e+01  1.100009e+01  6.000000e+00
   endloop
 endfacet
 facet normal -2.057667e-02  9.997883e-01 -9.750535e-17
   outer loop
     vertex  2.013716e+01  1.100235e+01  0.000000e+00
     vertex  2.002744e+01  1.100009e+01  0.000000e+00
     vertex  2.002744e+01  1.100009e+01  6.000000e+00
   endloop
 endfacet
 facet normal -2.057667e-02  9.997883e-01  1.985261e-16
   outer loop
     vertex  2.013716e+01  1.100235e+01  0.000000e+00
     vertex  2.002744e+01  1.100009e+01  6.000000e+00
     vertex  2.013716e+01  1.100235e+01  6.000000e+00
   endloop
 endfacet
 facet normal -4.799716e-02  9.988475e-01  6.834445e-17
   outer loop
     vertex  2.024678e+01  1.100762e+01  0.000000e+00
     vertex  2.013716e+01  1.100235e+01  0.000000e+00
     vertex  2.013716e+01  1.100235e+01  6.000000e+00
   endloop
 endfacet
 facet normal -4.799716e-02  9.988475e-01  3.993800e-17
   outer loop
     vertex  2.024678e+01  1.100762e+01  0.000000e+00
     vertex  2.013716e+01  1.100235e+01  6.000000e+00
     vertex  2.024678e+01  1.100762e+01  6.000000e+00
   endloop
 endfacet
 facet normal -7.538152e-02  9.971548e-01 -1.065007e-16
   outer loop
     vertex  2.035621e+01  1.101589e+01  0.000000e+00
     vertex  2.024678e+01  1.100762e+01  0.000000e+00
     vertex  2.024678e+01  1.100762e+01  6.000000e+00
   endloop
 endfacet
 facet normal -1.027091e-01  9.947114e-01  1.024592e-16
   outer loop
     vertex  2.035621e+01  1.101589e+01  0.000000e+00
     vertex  2.035621e+01  1.101589e+01  6.000000e+00
     vertex  2.046538e+01  1.102716e+01  6.000000e+00
   endloop
 endfacet
 facet normal -7.538152e-02  9.971548e-01  2.333556e-16
   outer loop
     vertex  2.035621e+01  1.101589e+01  0.000000e+00
     vertex  2.024678e+01  1.100762e+01  6.000000e+00
     vertex  2.035621e+01  1.101589e+01  6.000000e+00
   endloop
 endfacet
 facet normal -1.027091e-01  9.947114e-01  1.024592e-16
   outer loop
     vertex  2.046538e+01  1.102716e+01  0.000000e+00
     vertex  2.035621e+01  1.101589e+01  0.000000e+00
     vertex  2.046538e+01  1.102716e+01  6.000000e+00
   endloop
 endfacet
 facet normal -1.299594e-01  9.915193e-01 -2.839100e-17
   outer loop
     vertex  2.057420e+01  1.104143e+01  0.000000e+00
     vertex  2.046538e+01  1.102716e+01  0.000000e+00
     vertex  2.046538e+01  1.102716e+01  6.000000e+00
   endloop
 endfacet
 facet normal -1.571119e-01  9.875808e-01  1.329164e-16
   outer loop
     vertex  2.057420e+01  1.104143e+01  0.000000e+00
     vertex  2.057420e+01  1.104143e+01  6.000000e+00
     vertex  2.068258e+01  1.105867e+01  6.000000e+00
   endloop
 endfacet
 facet normal -1.299594e-01  9.915193e-01  2.650344e-16
   outer loop
     vertex  2.057420e+01  1.104143e+01  0.000000e+00
     vertex  2.046538e+01  1.102716e+01  6.000000e+00
     vertex  2.057420e+01  1.104143e+01  6.000000e+00
   endloop
 endfacet
 facet normal -1.571119e-01  9.875808e-01  1.329164e-16
   outer loop
     vertex  2.068258e+01  1.105867e+01  0.000000e+00
     vertex  2.057420e+01  1.104143e+01  0.000000e+00
     vertex  2.068258e+01  1.105867e+01  6.000000e+00
   endloop
 endfacet
 facet normal -1.841461e-01  9.828989e-01  8.061667e-19
   outer loop
     vertex  2.079045e+01  1.107888e+01  0.000000e+00
     vertex  2.068258e+01  1.105867e+01  0.000000e+00
     vertex  2.068258e+01  1.105867e+01  6.000000e+00
   endloop
 endfacet
 facet normal -1.841461e-01  9.828989e-01 -1.083381e-16
   outer loop
     vertex  2.079045e+01  1.107888e+01  0.000000e+00
     vertex  2.068258e+01  1.105867e+01  6.000000e+00
     vertex  2.079045e+01  1.107888e+01  6.000000e+00
   endloop
 endfacet
 facet normal -2.110417e-01  9.774771e-01 -2.564322e-16
   outer loop
     vertex  2.089772e+01  1.110204e+01  0.000000e+00
     vertex  2.079045e+01  1.107888e+01  0.000000e+00
     vertex  2.079045e+01  1.107888e+01  6.000000e+00
   endloop
 endfacet
 facet normal -2.110417e-01  9.774771e-01 -1.315203e-16
   outer loop
     vertex  2.089772e+01  1.110204e+01  0.000000e+00
     vertex  2.079045e+01  1.107888e+01  6.000000e+00
     vertex  2.089772e+01  1.110204e+01  6.000000e+00
   endloop
 endfacet
 facet normal -2.643362e-01  9.644306e-01 -1.100323e-16
   outer loop
     vertex  2.100432e+01  1.112814e+01  0.000000e+00
     vertex  2.100432e+01  1.112814e+01  6.000000e+00
     vertex  2.111017e+01  1.115715e+01  6.000000e+00
   endloop
 endfacet
 facet normal -2.377784e-01  9.713194e-01  2.392836e-17
   outer loop
     vertex  2.100432e+01  1.112814e+01  0.000000e+00
     vertex  2.089772e+01  1.110204e+01  6.000000e+00
     vertex  2.100432e+01  1.112814e+01  6.000000e+00
   endloop
 endfacet
 facet normal -2.377784e-01  9.713194e-01 -2.638395e-16
   outer loop
     vertex  2.100432e+01  1.112814e+01  0.000000e+00
     vertex  2.089772e+01  1.110204e+01  0.000000e+00
     vertex  2.089772e+01  1.110204e+01  6.000000e+00
   endloop
 endfacet
 facet normal -2.643362e-01  9.644306e-01  1.897806e-17
   outer loop
     vertex  2.111017e+01  1.115715e+01  0.000000e+00
     vertex  2.100432e+01  1.112814e+01  0.000000e+00
     vertex  2.111017e+01  1.115715e+01  6.000000e+00
   endloop
 endfacet
 facet normal -2.906949e-01  9.568158e-01 -1.327617e-16
   outer loop
     vertex  2.111017e+01  1.115715e+01  0.000000e+00
     vertex  2.111017e+01  1.115715e+01  6.000000e+00
     vertex  2.121517e+01  1.118905e+01  6.000000e+00
   endloop
 endfacet
 facet normal -2.906949e-01  9.568158e-01  3.936424e-17
   outer loop
     vertex  2.121517e+01  1.118905e+01  0.000000e+00
     vertex  2.111017e+01  1.115715e+01  0.000000e+00
     vertex  2.121517e+01  1.118905e+01  6.000000e+00
   endloop
 endfacet
 facet normal -3.427362e-01  9.394317e-01  4.524095e-17
   outer loop
     vertex  2.131927e+01  1.122382e+01  0.000000e+00
     vertex  2.131927e+01  1.122382e+01  6.000000e+00
     vertex  2.142237e+01  1.126143e+01  6.000000e+00
   endloop
 endfacet
 facet normal -3.168348e-01  9.484807e-01  1.840090e-16
   outer loop
     vertex  2.131927e+01  1.122382e+01  0.000000e+00
     vertex  2.121517e+01  1.118905e+01  6.000000e+00
     vertex  2.131927e+01  1.122382e+01  6.000000e+00
   endloop
 endfacet
 facet normal -3.168348e-01  9.484807e-01 -9.688108e-17
   outer loop
     vertex  2.131927e+01  1.122382e+01  0.000000e+00
     vertex  2.121517e+01  1.118905e+01  0.000000e+00
     vertex  2.121517e+01  1.118905e+01  6.000000e+00
   endloop
 endfacet
 facet normal -3.427362e-01  9.394317e-01  2.481816e-16
   outer loop
     vertex  2.142237e+01  1.126143e+01  0.000000e+00
     vertex  2.131927e+01  1.122382e+01  0.000000e+00
     vertex  2.142237e+01  1.126143e+01  6.000000e+00
   endloop
 endfacet
 facet normal -3.683796e-01  9.296754e-01  1.246998e-16
   outer loop
     vertex  2.152439e+01  1.130186e+01  0.000000e+00
     vertex  2.142237e+01  1.126143e+01  0.000000e+00
     vertex  2.142237e+01  1.126143e+01  6.000000e+00
   endloop
 endfacet
 facet normal -3.937458e-01  9.192194e-01 -2.322929e-16
   outer loop
     vertex  2.152439e+01  1.130186e+01  0.000000e+00
     vertex  2.152439e+01  1.130186e+01  6.000000e+00
     vertex  2.162528e+01  1.134507e+01  6.000000e+00
   endloop
 endfacet
 facet normal -3.683796e-01  9.296754e-01 -9.356121e-17
   outer loop
     vertex  2.152439e+01  1.130186e+01  0.000000e+00
     vertex  2.142237e+01  1.126143e+01  6.000000e+00
     vertex  2.152439e+01  1.130186e+01  6.000000e+00
   endloop
 endfacet
 facet normal -3.937458e-01  9.192194e-01 -2.322929e-16
   outer loop
     vertex  2.162528e+01  1.134507e+01  0.000000e+00
     vertex  2.152439e+01  1.130186e+01  0.000000e+00
     vertex  2.162528e+01  1.134507e+01  6.000000e+00
   endloop
 endfacet
 facet normal -4.188155e-01  9.080714e-01 -3.712920e-16
   outer loop
     vertex  2.172493e+01  1.139104e+01  0.000000e+00
     vertex  2.162528e+01  1.134507e+01  0.000000e+00
     vertex  2.162528e+01  1.134507e+01  6.000000e+00
   endloop
 endfacet
 facet normal -4.435699e-01  8.962398e-01  1.885894e-17
   outer loop
     vertex  2.172493e+01  1.139104e+01  0.000000e+00
     vertex  2.172493e+01  1.139104e+01  6.000000e+00
     vertex  2.182329e+01  1.143972e+01  6.000000e+00
   endloop
 endfacet
 facet normal -4.188155e-01  9.080714e-01  1.459819e-16
   outer loop
     vertex  2.172493e+01  1.139104e+01  0.000000e+00
     vertex  2.162528e+01  1.134507e+01  6.000000e+00
     vertex  2.172493e+01  1.139104e+01  6.000000e+00
   endloop
 endfacet
 facet normal -4.435699e-01  8.962398e-01  2.841992e-16
   outer loop
     vertex  2.182329e+01  1.143972e+01  0.000000e+00
     vertex  2.172493e+01  1.139104e+01  0.000000e+00
     vertex  2.182329e+01  1.143972e+01  6.000000e+00
   endloop
 endfacet
 facet normal -4.679904e-01  8.837335e-01  1.533595e-16
   outer loop
     vertex  2.182329e+01  1.143972e+01  0.000000e+00
     vertex  2.182329e+01  1.143972e+01  6.000000e+00
     vertex  2.192028e+01  1.149108e+01  6.000000e+00
   endloop
 endfacet
 facet normal -4.679904e-01  8.837335e-01  1.378911e-16
   outer loop
     vertex  2.192028e+01  1.149108e+01  0.000000e+00
     vertex  2.182329e+01  1.143972e+01  0.000000e+00
     vertex  2.192028e+01  1.149108e+01  6.000000e+00
   endloop
 endfacet
 facet normal -4.920587e-01  8.705620e-01 -1.105252e-17
   outer loop
     vertex  2.201582e+01  1.154508e+01  0.000000e+00
     vertex  2.192028e+01  1.149108e+01  0.000000e+00
     vertex  2.192028e+01  1.149108e+01  6.000000e+00
   endloop
 endfacet
 facet normal -4.920587e-01  8.705620e-01 -1.121489e-17
   outer loop
     vertex  2.201582e+01  1.154508e+01  0.000000e+00
     vertex  2.192028e+01  1.149108e+01  6.000000e+00
     vertex  2.201582e+01  1.154508e+01  6.000000e+00
   endloop
 endfacet
 facet normal -5.157565e-01  8.567352e-01 -1.608295e-16
   outer loop
     vertex  2.210984e+01  1.160168e+01  0.000000e+00
     vertex  2.201582e+01  1.154508e+01  0.000000e+00
     vertex  2.201582e+01  1.154508e+01  6.000000e+00
   endloop
 endfacet
 facet normal -5.157565e-01  8.567352e-01  1.450767e-16
   outer loop
     vertex  2.210984e+01  1.160168e+01  0.000000e+00
     vertex  2.201582e+01  1.154508e+01  6.000000e+00
     vertex  2.210984e+01  1.160168e+01  6.000000e+00
   endloop
 endfacet
 facet normal -5.390661e-01  8.422635e-01  9.647683e-18
   outer loop
     vertex  2.220228e+01  1.166084e+01  0.000000e+00
     vertex  2.210984e+01  1.160168e+01  0.000000e+00
     vertex  2.210984e+01  1.160168e+01  6.000000e+00
   endloop
 endfacet
 facet normal -5.390661e-01  8.422635e-01  9.901891e-18
   outer loop
     vertex  2.220228e+01  1.166084e+01  0.000000e+00
     vertex  2.210984e+01  1.160168e+01  6.000000e+00
     vertex  2.220228e+01  1.166084e+01  6.000000e+00
   endloop
 endfacet
 facet normal -5.619699e-01  8.271577e-01 -1.257263e-16
   outer loop
     vertex  2.229306e+01  1.172252e+01  0.000000e+00
     vertex  2.220228e+01  1.166084e+01  0.000000e+00
     vertex  2.220228e+01  1.166084e+01  6.000000e+00
   endloop
 endfacet
 facet normal -5.844507e-01  8.114292e-01 -2.013709e-17
   outer loop
     vertex  2.229306e+01  1.172252e+01  0.000000e+00
     vertex  2.229306e+01  1.172252e+01  6.000000e+00
     vertex  2.238211e+01  1.178666e+01  6.000000e+00
   endloop
 endfacet
 facet normal -5.619699e-01  8.271577e-01  1.196075e-16
   outer loop
     vertex  2.229306e+01  1.172252e+01  0.000000e+00
     vertex  2.220228e+01  1.166084e+01  6.000000e+00
     vertex  2.229306e+01  1.172252e+01  6.000000e+00
   endloop
 endfacet
 facet normal -5.844507e-01  8.114292e-01 -2.013709e-17
   outer loop
     vertex  2.238211e+01  1.178666e+01  0.000000e+00
     vertex  2.229306e+01  1.172252e+01  0.000000e+00
     vertex  2.238211e+01  1.178666e+01  6.000000e+00
   endloop
 endfacet
 facet normal -6.064915e-01  7.950900e-01 -1.598665e-16
   outer loop
     vertex  2.238211e+01  1.178666e+01  0.000000e+00
     vertex  2.238211e+01  1.178666e+01  6.000000e+00
     vertex  2.246937e+01  1.185322e+01  6.000000e+00
   endloop
 endfacet
 facet normal -6.064915e-01  7.950900e-01  7.552744e-17
   outer loop
     vertex  2.246937e+01  1.185322e+01  0.000000e+00
     vertex  2.238211e+01  1.178666e+01  0.000000e+00
     vertex  2.246937e+01  1.185322e+01  6.000000e+00
   endloop
 endfacet
 facet normal -6.280757e-01  7.781522e-01 -6.878759e-17
   outer loop
     vertex  2.255477e+01  1.192215e+01  0.000000e+00
     vertex  2.246937e+01  1.185322e+01  0.000000e+00
     vertex  2.246937e+01  1.185322e+01  6.000000e+00
   endloop
 endfacet
 facet normal -6.280757e-01  7.781522e-01 -6.909620e-17
   outer loop
     vertex  2.255477e+01  1.192215e+01  0.000000e+00
     vertex  2.246937e+01  1.185322e+01  6.000000e+00
     vertex  2.255477e+01  1.192215e+01  6.000000e+00
   endloop
 endfacet
 facet normal -6.491872e-01  7.606287e-01 -2.139091e-16
   outer loop
     vertex  2.263824e+01  1.199339e+01  0.000000e+00
     vertex  2.255477e+01  1.192215e+01  0.000000e+00
     vertex  2.255477e+01  1.192215e+01  6.000000e+00
   endloop
 endfacet
 facet normal -6.491872e-01  7.606287e-01 -2.136678e-16
   outer loop
     vertex  2.263824e+01  1.199339e+01  0.000000e+00
     vertex  2.255477e+01  1.192215e+01  6.000000e+00
     vertex  2.263824e+01  1.199339e+01  6.000000e+00
   endloop
 endfacet
 facet normal -6.698100e-01  7.425325e-01 -3.581557e-16
   outer loop
     vertex  2.271973e+01  1.206690e+01  0.000000e+00
     vertex  2.263824e+01  1.199339e+01  0.000000e+00
     vertex  2.263824e+01  1.199339e+01  6.000000e+00
   endloop
 endfacet
 facet normal -6.698100e-01  7.425325e-01 -1.382448e-16
   outer loop
     vertex  2.271973e+01  1.206690e+01  0.000000e+00
     vertex  2.263824e+01  1.199339e+01  6.000000e+00
     vertex  2.271973e+01  1.206690e+01  6.000000e+00
   endloop
 endfacet
 facet normal -6.899286e-01  7.238775e-01 -2.882955e-16
   outer loop
     vertex  2.279918e+01  1.214262e+01  0.000000e+00
     vertex  2.271973e+01  1.206690e+01  0.000000e+00
     vertex  2.271973e+01  1.206690e+01  6.000000e+00
   endloop
 endfacet
 facet normal -7.095278e-01  7.046775e-01 -1.723172e-17
   outer loop
     vertex  2.279918e+01  1.214262e+01  0.000000e+00
     vertex  2.279918e+01  1.214262e+01  6.000000e+00
     vertex  2.287651e+01  1.222049e+01  6.000000e+00
   endloop
 endfacet
 facet normal -6.899286e-01  7.238775e-01  1.206107e-16
   outer loop
     vertex  2.279918e+01  1.214262e+01  0.000000e+00
     vertex  2.271973e+01  1.206690e+01  6.000000e+00
     vertex  2.279918e+01  1.214262e+01  6.000000e+00
   endloop
 endfacet
 facet normal -7.095278e-01  7.046775e-01  1.913947e-16
   outer loop
     vertex  2.287651e+01  1.222049e+01  0.000000e+00
     vertex  2.279918e+01  1.214262e+01  0.000000e+00
     vertex  2.287651e+01  1.222049e+01  6.000000e+00
   endloop
 endfacet
 facet normal -7.285929e-01  6.849470e-01  2.763524e-16
   outer loop
     vertex  2.295168e+01  1.230045e+01  0.000000e+00
     vertex  2.287651e+01  1.222049e+01  6.000000e+00
     vertex  2.295168e+01  1.230045e+01  6.000000e+00
   endloop
 endfacet
 facet normal -7.285929e-01  6.849470e-01  4.777519e-17
   outer loop
     vertex  2.295168e+01  1.230045e+01  0.000000e+00
     vertex  2.287651e+01  1.222049e+01  0.000000e+00
     vertex  2.287651e+01  1.222049e+01  6.000000e+00
   endloop
 endfacet
 facet normal -7.471095e-01  6.647010e-01 -9.598294e-17
   outer loop
     vertex  2.302463e+01  1.238244e+01  0.000000e+00
     vertex  2.295168e+01  1.230045e+01  6.000000e+00
     vertex  2.302463e+01  1.238244e+01  6.000000e+00
   endloop
 endfacet
 facet normal -7.471095e-01  6.647010e-01  1.499783e-16
   outer loop
     vertex  2.302463e+01  1.238244e+01  0.000000e+00
     vertex  2.295168e+01  1.230045e+01  0.000000e+00
     vertex  2.295168e+01  1.230045e+01  6.000000e+00
   endloop
 endfacet
 facet normal -7.650637e-01  6.439545e-01  2.133913e-16
   outer loop
     vertex  2.309530e+01  1.246641e+01  0.000000e+00
     vertex  2.302463e+01  1.238244e+01  6.000000e+00
     vertex  2.309530e+01  1.246641e+01  6.000000e+00
   endloop
 endfacet
 facet normal -7.650637e-01  6.439545e-01 -2.392746e-16
   outer loop
     vertex  2.309530e+01  1.246641e+01  0.000000e+00
     vertex  2.302463e+01  1.238244e+01  0.000000e+00
     vertex  2.302463e+01  1.238244e+01  6.000000e+00
   endloop
 endfacet
 facet normal -7.992314e-01  6.010234e-01 -3.482987e-16
   outer loop
     vertex  2.316364e+01  1.255228e+01  0.000000e+00
     vertex  2.316364e+01  1.255228e+01  6.000000e+00
     vertex  2.322960e+01  1.263999e+01  6.000000e+00
   endloop
 endfacet
 facet normal -7.824421e-01  6.227234e-01 -1.987085e-16
   outer loop
     vertex  2.316364e+01  1.255228e+01  0.000000e+00
     vertex  2.309530e+01  1.246641e+01  6.000000e+00
     vertex  2.316364e+01  1.255228e+01  6.000000e+00
   endloop
 endfacet
 facet normal -7.824421e-01  6.227234e-01  7.957741e-17
   outer loop
     vertex  2.316364e+01  1.255228e+01  0.000000e+00
     vertex  2.309530e+01  1.246641e+01  0.000000e+00
     vertex  2.309530e+01  1.246641e+01  6.000000e+00
   endloop
 endfacet
 facet normal -8.154191e-01  5.788711e-01 -1.480173e-17
   outer loop
     vertex  2.322960e+01  1.263999e+01  0.000000e+00
     vertex  2.322960e+01  1.263999e+01  6.000000e+00
     vertex  2.329313e+01  1.272948e+01  6.000000e+00
   endloop
 endfacet
 facet normal -7.992314e-01  6.010234e-01  1.249413e-16
   outer loop
     vertex  2.322960e+01  1.263999e+01  0.000000e+00
     vertex  2.316364e+01  1.255228e+01  0.000000e+00
     vertex  2.322960e+01  1.263999e+01  6.000000e+00
   endloop
 endfacet
 facet normal -8.154191e-01  5.788711e-01  6.394036e-16
   outer loop
     vertex  2.329313e+01  1.272948e+01  0.000000e+00
     vertex  2.322960e+01  1.263999e+01  0.000000e+00
     vertex  2.329313e+01  1.272948e+01  6.000000e+00
   endloop
 endfacet
 facet normal -8.309929e-01  5.562829e-01 -1.545336e-16
   outer loop
     vertex  2.335418e+01  1.282068e+01  0.000000e+00
     vertex  2.329313e+01  1.272948e+01  6.000000e+00
     vertex  2.335418e+01  1.282068e+01  6.000000e+00
   endloop
 endfacet
 facet normal -8.309929e-01  5.562829e-01  5.026446e-16
   outer loop
     vertex  2.335418e+01  1.282068e+01  0.000000e+00
     vertex  2.329313e+01  1.272948e+01  0.000000e+00
     vertex  2.329313e+01  1.272948e+01  6.000000e+00
   endloop
 endfacet
 facet normal -8.602528e-01  5.098678e-01  2.267798e-16
   outer loop
     vertex  2.341271e+01  1.291352e+01  0.000000e+00
     vertex  2.341271e+01  1.291352e+01  6.000000e+00
     vertex  2.346867e+01  1.300793e+01  6.000000e+00
   endloop
 endfacet
 facet normal -8.459413e-01  5.332761e-01  3.646301e-16
   outer loop
     vertex  2.341271e+01  1.291352e+01  0.000000e+00
     vertex  2.335418e+01  1.282068e+01  6.000000e+00
     vertex  2.341271e+01  1.291352e+01  6.000000e+00
   endloop
 endfacet
 facet normal -8.459413e-01  5.332761e-01 -2.939001e-16
   outer loop
     vertex  2.341271e+01  1.291352e+01  0.000000e+00
     vertex  2.335418e+01  1.282068e+01  0.000000e+00
     vertex  2.335418e+01  1.282068e+01  6.000000e+00
   endloop
 endfacet
 facet normal -8.602528e-01  5.098678e-01 -2.825922e-16
   outer loop
     vertex  2.346867e+01  1.300793e+01  0.000000e+00
     vertex  2.341271e+01  1.291352e+01  0.000000e+00
     vertex  2.346867e+01  1.300793e+01  6.000000e+00
   endloop
 endfacet
 facet normal -8.739167e-01  4.860756e-01  8.875882e-17
   outer loop
     vertex  2.352201e+01  1.310384e+01  0.000000e+00
     vertex  2.346867e+01  1.300793e+01  6.000000e+00
     vertex  2.352201e+01  1.310384e+01  6.000000e+00
   endloop
 endfacet
 facet normal -8.739167e-01  4.860756e-01 -4.285612e-16
   outer loop
     vertex  2.352201e+01  1.310384e+01  0.000000e+00
     vertex  2.346867e+01  1.300793e+01  0.000000e+00
     vertex  2.346867e+01  1.300793e+01  6.000000e+00
   endloop
 endfacet
 facet normal -8.992613e-01  4.374119e-01 -5.787972e-17
   outer loop
     vertex  2.357270e+01  1.320117e+01  0.000000e+00
     vertex  2.357270e+01  1.320117e+01  6.000000e+00
     vertex  2.362071e+01  1.329986e+01  6.000000e+00
   endloop
 endfacet
 facet normal -8.869228e-01  4.619176e-01  8.742611e-17
   outer loop
     vertex  2.357270e+01  1.320117e+01  0.000000e+00
     vertex  2.352201e+01  1.310384e+01  6.000000e+00
     vertex  2.357270e+01  1.320117e+01  6.000000e+00
   endloop
 endfacet
 facet normal -8.869228e-01  4.619176e-01 -4.955464e-17
   outer loop
     vertex  2.357270e+01  1.320117e+01  0.000000e+00
     vertex  2.352201e+01  1.310384e+01  0.000000e+00
     vertex  2.352201e+01  1.310384e+01  6.000000e+00
   endloop
 endfacet
 facet normal -8.992613e-01  4.374119e-01 -5.787972e-17
   outer loop
     vertex  2.362071e+01  1.329986e+01  0.000000e+00
     vertex  2.357270e+01  1.320117e+01  0.000000e+00
     vertex  2.362071e+01  1.329986e+01  6.000000e+00
   endloop
 endfacet
 facet normal -9.109228e-01  4.125769e-01 -2.031420e-16
   outer loop
     vertex  2.362071e+01  1.329986e+01  0.000000e+00
     vertex  2.362071e+01  1.329986e+01  6.000000e+00
     vertex  2.366599e+01  1.339983e+01  6.000000e+00
   endloop
 endfacet
 facet normal -9.109228e-01  4.125769e-01  3.362327e-16
   outer loop
     vertex  2.366599e+01  1.339983e+01  0.000000e+00
     vertex  2.362071e+01  1.329986e+01  0.000000e+00
     vertex  2.366599e+01  1.339983e+01  6.000000e+00
   endloop
 endfacet
 facet normal -9.218986e-01  3.874313e-01  1.977718e-16
   outer loop
     vertex  2.370851e+01  1.350101e+01  0.000000e+00
     vertex  2.366599e+01  1.339983e+01  0.000000e+00
     vertex  2.366599e+01  1.339983e+01  6.000000e+00
   endloop
 endfacet
 facet normal -9.218986e-01  3.874313e-01  3.123250e-16
   outer loop
     vertex  2.370851e+01  1.350101e+01  0.000000e+00
     vertex  2.366599e+01  1.339983e+01  6.000000e+00
     vertex  2.370851e+01  1.350101e+01  6.000000e+00
   endloop
 endfacet
 facet normal -9.321804e-01  3.619940e-01  1.662025e-16
   outer loop
     vertex  2.374823e+01  1.360331e+01  0.000000e+00
     vertex  2.370851e+01  1.350101e+01  0.000000e+00
     vertex  2.370851e+01  1.350101e+01  6.000000e+00
   endloop
 endfacet
 facet normal -9.321804e-01  3.619940e-01  5.886319e-17
   outer loop
     vertex  2.374823e+01  1.360331e+01  0.000000e+00
     vertex  2.370851e+01  1.350101e+01  6.000000e+00
     vertex  2.374823e+01  1.360331e+01  6.000000e+00
   endloop
 endfacet
 facet normal -9.417605e-01  3.362843e-01 -7.965255e-17
   outer loop
     vertex  2.378514e+01  1.370667e+01  0.000000e+00
     vertex  2.374823e+01  1.360331e+01  0.000000e+00
     vertex  2.374823e+01  1.360331e+01  6.000000e+00
   endloop
 endfacet
 facet normal -9.417605e-01  3.362843e-01  1.191801e-16
   outer loop
     vertex  2.378514e+01  1.370667e+01  0.000000e+00
     vertex  2.374823e+01  1.360331e+01  6.000000e+00
     vertex  2.378514e+01  1.370667e+01  6.000000e+00
   endloop
 endfacet
 facet normal -9.506317e-01  3.103214e-01 -3.511504e-17
   outer loop
     vertex  2.381920e+01  1.381100e+01  0.000000e+00
     vertex  2.378514e+01  1.370667e+01  0.000000e+00
     vertex  2.378514e+01  1.370667e+01  6.000000e+00
   endloop
 endfacet
 facet normal -9.587873e-01  2.841250e-01  3.786897e-16
   outer loop
     vertex  2.381920e+01  1.381100e+01  0.000000e+00
     vertex  2.381920e+01  1.381100e+01  6.000000e+00
     vertex  2.385038e+01  1.391622e+01  6.000000e+00
   endloop
 endfacet
 facet normal -9.506317e-01  3.103214e-01  5.279507e-16
   outer loop
     vertex  2.381920e+01  1.381100e+01  0.000000e+00
     vertex  2.378514e+01  1.370667e+01  6.000000e+00
     vertex  2.381920e+01  1.381100e+01  6.000000e+00
   endloop
 endfacet
 facet normal -9.587873e-01  2.841250e-01 -1.890264e-16
   outer loop
     vertex  2.385038e+01  1.391622e+01  0.000000e+00
     vertex  2.381920e+01  1.381100e+01  0.000000e+00
     vertex  2.385038e+01  1.391622e+01  6.000000e+00
   endloop
 endfacet
 facet normal -9.662211e-01  2.577146e-01 -3.429741e-16
   outer loop
     vertex  2.385038e+01  1.391622e+01  0.000000e+00
     vertex  2.385038e+01  1.391622e+01  6.000000e+00
     vertex  2.387866e+01  1.402226e+01  6.000000e+00
   endloop
 endfacet
 facet normal -9.662211e-01  2.577146e-01  2.291437e-16
   outer loop
     vertex  2.387866e+01  1.402226e+01  0.000000e+00
     vertex  2.385038e+01  1.391622e+01  0.000000e+00
     vertex  2.387866e+01  1.402226e+01  6.000000e+00
   endloop
 endfacet
 facet normal -9.729276e-01  2.311102e-01  7.949146e-17
   outer loop
     vertex  2.390403e+01  1.412903e+01  0.000000e+00
     vertex  2.387866e+01  1.402226e+01  0.000000e+00
     vertex  2.387866e+01  1.402226e+01  6.000000e+00
   endloop
 endfacet
 facet normal -9.729276e-01  2.311102e-01  7.942511e-17
   outer loop
     vertex  2.390403e+01  1.412903e+01  0.000000e+00
     vertex  2.387866e+01  1.402226e+01  6.000000e+00
     vertex  2.390403e+01  1.412903e+01  6.000000e+00
   endloop
 endfacet
 facet normal -9.789017e-01  2.043319e-01 -9.858839e-18
   outer loop
     vertex  2.392645e+01  1.423646e+01  0.000000e+00
     vertex  2.390403e+01  1.412903e+01  6.000000e+00
     vertex  2.392645e+01  1.423646e+01  6.000000e+00
   endloop
 endfacet
 facet normal -9.789017e-01  2.043319e-01 -7.007111e-17
   outer loop
     vertex  2.392645e+01  1.423646e+01  0.000000e+00
     vertex  2.390403e+01  1.412903e+01  0.000000e+00
     vertex  2.390403e+01  1.412903e+01  6.000000e+00
   endloop
 endfacet
 facet normal -9.841389e-01  1.773998e-01  3.626486e-16
   outer loop
     vertex  2.394592e+01  1.434447e+01  0.000000e+00
     vertex  2.392645e+01  1.423646e+01  6.000000e+00
     vertex  2.394592e+01  1.434447e+01  6.000000e+00
   endloop
 endfacet
 facet normal -9.841389e-01  1.773998e-01 -1.677239e-16
   outer loop
     vertex  2.394592e+01  1.434447e+01  0.000000e+00
     vertex  2.392645e+01  1.423646e+01  0.000000e+00
     vertex  2.392645e+01  1.423646e+01  6.000000e+00
   endloop
 endfacet
 facet normal -9.886353e-01  1.503341e-01 -3.251305e-16
   outer loop
     vertex  2.396242e+01  1.445297e+01  0.000000e+00
     vertex  2.394592e+01  1.434447e+01  6.000000e+00
     vertex  2.396242e+01  1.445297e+01  6.000000e+00
   endloop
 endfacet
 facet normal -9.886353e-01  1.503341e-01  2.159121e-16
   outer loop
     vertex  2.396242e+01  1.445297e+01  0.000000e+00
     vertex  2.394592e+01  1.434447e+01  0.000000e+00
     vertex  2.394592e+01  1.434447e+01  6.000000e+00
   endloop
 endfacet
 facet normal -9.953925e-01  9.588368e-02 -5.003260e-17
   outer loop
     vertex  2.397593e+01  1.456188e+01  0.000000e+00
     vertex  2.397593e+01  1.456188e+01  6.000000e+00
     vertex  2.398646e+01  1.467112e+01  6.000000e+00
   endloop
 endfacet
 facet normal -9.923874e-01  1.231552e-01  1.051529e-16
   outer loop
     vertex  2.397593e+01  1.456188e+01  0.000000e+00
     vertex  2.396242e+01  1.445297e+01  6.000000e+00
     vertex  2.397593e+01  1.456188e+01  6.000000e+00
   endloop
 endfacet
 facet normal -9.923874e-01  1.231552e-01 -4.825869e-16
   outer loop
     vertex  2.397593e+01  1.456188e+01  0.000000e+00
     vertex  2.396242e+01  1.445297e+01  0.000000e+00
     vertex  2.396242e+01  1.445297e+01  6.000000e+00
   endloop
 endfacet
 facet normal -9.976484e-01  6.853995e-02 -2.051804e-16
   outer loop
     vertex  2.398646e+01  1.467112e+01  0.000000e+00
     vertex  2.398646e+01  1.467112e+01  6.000000e+00
     vertex  2.399398e+01  1.478061e+01  6.000000e+00
   endloop
 endfacet
 facet normal -9.953925e-01  9.588368e-02 -5.003260e-17
   outer loop
     vertex  2.398646e+01  1.467112e+01  0.000000e+00
     vertex  2.397593e+01  1.456188e+01  0.000000e+00
     vertex  2.398646e+01  1.467112e+01  6.000000e+00
   endloop
 endfacet
 facet normal -9.976484e-01  6.853995e-02  3.855461e-16
   outer loop
     vertex  2.399398e+01  1.478061e+01  0.000000e+00
     vertex  2.398646e+01  1.467112e+01  0.000000e+00
     vertex  2.399398e+01  1.478061e+01  6.000000e+00
   endloop
 endfacet
 facet normal -9.991532e-01  4.114462e-02  2.314438e-16
   outer loop
     vertex  2.399849e+01  1.489026e+01  0.000000e+00
     vertex  2.399398e+01  1.478061e+01  6.000000e+00
     vertex  2.399849e+01  1.489026e+01  6.000000e+00
   endloop
 endfacet
 facet normal -9.991532e-01  4.114462e-02  2.314799e-16
   outer loop
     vertex  2.399849e+01  1.489026e+01  0.000000e+00
     vertex  2.399398e+01  1.478061e+01  0.000000e+00
     vertex  2.399398e+01  1.478061e+01  6.000000e+00
   endloop
 endfacet
 facet normal -9.999059e-01  1.371831e-02  0.000000e+00
   outer loop
     vertex  2.400000e+01  1.500000e+01  0.000000e+00
     vertex  2.399849e+01  1.489026e+01  6.000000e+00
     vertex  2.400000e+01  1.500000e+01  6.000000e+00
   endloop
 endfacet
 facet normal -9.999059e-01  1.371831e-02  7.716528e-17
   outer loop
     vertex  2.400000e+01  1.500000e+01  0.000000e+00
     vertex  2.399849e+01  1.489026e+01  0.000000e+00
     vertex  2.399849e+01  1.489026e+01  6.000000e+00
   endloop
 endfacet
endsolid
